Company_name,layoff_size,date,source,Ticker,ticker_mapping_status,ticker_mapping_reason
CLOUDFLARE,1100.0,2026-05-07,fyi_layoffs.csv,NET,kept,ok
BILL.COM,709.0,2026-05-07,fyi_layoffs.csv,0M5.HA,kept,ok
DEEPL,250.0,2026-05-07,fyi_layoffs.csv,DLC36116-USD,kept,ok
UPWORK,151.0,2026-05-07,fyi_layoffs.csv,UPWK,kept,ok
TRUECALLER,70.0,2026-05-07,fyi_layoffs.csv,TRUEBS.XC,kept,ok
ARCTIC WOLF,250.0,2026-05-06,fyi_layoffs.csv,ARCIZZX,kept,ok
PAYPAL,4760.0,2026-05-05,fyi_layoffs.csv,PYPL,kept,ok
COINBASE,700.0,2026-05-05,fyi_layoffs.csv,COIN,kept,ok
FRESHWORKS,500.0,2026-05-05,fyi_layoffs.csv,FRSH,kept,ok
0G,,2026-05-05,fyi_layoffs.csv,0GJ.F,kept,ok
SHOPIFY,30.0,2026-05-04,fyi_layoffs.csv,SHOP,kept,ok
ACKO,60.0,2026-04-20,fyi_layoffs.csv,ACKOQXX,kept,ok
META,8000.0,2026-04-17,fyi_layoffs.csv,META,kept,ok
QUORA,,2026-04-16,fyi_layoffs.csv,QUORZZX,kept,ok
SNAP,1000.0,2026-04-15,fyi_layoffs.csv,SNAP,kept,ok
UKG,950.0,2026-04-15,fyi_layoffs.csv,UKGBBZ.XC,kept,ok
TABOOLA,100.0,2026-04-15,fyi_layoffs.csv,TBLA,kept,ok
NAYAX,32.0,2026-04-15,fyi_layoffs.csv,NAYAX,kept,ok
LIFE360,,2026-04-10,fyi_layoffs.csv,LIF,kept,ok
CARS.COM,,2026-04-09,fyi_layoffs.csv,CARS,kept,ok
IAC,77.0,2026-04-08,fyi_layoffs.csv,0P00013MJG,kept,ok
GOPRO,145.0,2026-04-07,fyi_layoffs.csv,GPRO,kept,ok
BOLT,,2026-04-05,fyi_layoffs.csv,BOLT,kept,ok
WELLTECH,225.0,2026-04-03,fyi_layoffs.csv,002058.SZ,kept,ok
META,200.0,2026-04-02,fyi_layoffs.csv,META,kept,ok
SONOS,,2026-04-01,fyi_layoffs.csv,SONO,kept,ok
MONTE CARLO,,2026-03-26,fyi_layoffs.csv,MONTECARLO.NS,kept,ok
EPIC GAMES,1000.0,2026-03-24,fyi_layoffs.csv,EPIGZZX,kept,ok
SPOTIFY,15.0,2026-03-23,fyi_layoffs.csv,SPOT,kept,ok
GEMINI,,2026-03-20,fyi_layoffs.csv,GEMI,kept,ok
CRYPTO.COM,,2026-03-19,fyi_layoffs.csv,CDCETH-USD,kept,ok
SNOWFLAKE,,2026-03-19,fyi_layoffs.csv,SNOW,kept,ok
DELL,11000.0,2026-03-16,fyi_layoffs.csv,DELL,kept,ok
STONE,400.0,2026-03-13,fyi_layoffs.csv,SNEX,kept,ok
DIGG,,2026-03-13,fyi_layoffs.csv,DIGGX,kept,ok
ATLASSIAN,1600.0,2026-03-11,fyi_layoffs.csv,TEAM,kept,ok
AMAZON,100.0,2026-03-04,fyi_layoffs.csv,AMZN,kept,ok
MICROVISION,49.0,2026-03-03,fyi_layoffs.csv,MVIS,kept,ok
OCADO,1000.0,2026-02-26,fyi_layoffs.csv,OCDO.L,kept,ok
EBAY,800.0,2026-02-26,fyi_layoffs.csv,EBAY,kept,ok
C3.AI,280.0,2026-02-25,fyi_layoffs.csv,AI,kept,ok
WISETECH,2000.0,2026-02-24,fyi_layoffs.csv,17W0.F,kept,ok
DRAFTKINGS,,2026-02-24,fyi_layoffs.csv,DKNG,kept,ok
HUAWEI,50.0,2026-02-15,fyi_layoffs.csv,180605.SZ,kept,ok
CLARI,76.0,2026-02-12,fyi_layoffs.csv,CLVT,kept,ok
SALESFORCE,,2026-02-09,fyi_layoffs.csv,CRM,kept,ok
WORKDAY,400.0,2026-02-04,fyi_layoffs.csv,WDAY,kept,ok
ZILLOW,200.0,2026-02-02,fyi_layoffs.csv,Z,kept,ok
EXPEDIA,100.0,2026-02-01,fyi_layoffs.csv,EXPE,kept,ok
PELOTON,,2026-01-30,fyi_layoffs.csv,PTON,kept,ok
GLOO,,2026-01-29,fyi_layoffs.csv,GLOO,kept,ok
ASML,1700.0,2026-01-28,fyi_layoffs.csv,ASML,kept,ok
PINTEREST,700.0,2026-01-27,fyi_layoffs.csv,PINS,kept,ok
EXPEDIA,,2026-01-26,fyi_layoffs.csv,EXPE,kept,ok
ENTROPY,,2026-01-25,fyi_layoffs.csv,TYPTF,kept,ok
AUTODESK,1000.0,2026-01-22,fyi_layoffs.csv,ADSK,kept,ok
SHOPIFY,,2026-01-22,fyi_layoffs.csv,SHOP,kept,ok
POLYGON,60.0,2026-01-16,fyi_layoffs.csv,MMF21370-USD,kept,ok
ERICSSON,1600.0,2026-01-15,fyi_layoffs.csv,ERIC,kept,ok
PLAYTIKA,500.0,2026-01-14,fyi_layoffs.csv,PLTK,kept,ok
META,1500.0,2026-01-13,fyi_layoffs.csv,META,kept,ok
ETORO,105.0,2026-01-13,fyi_layoffs.csv,ETOR,kept,ok
MERCADOLIBRE,116.0,2026-01-12,fyi_layoffs.csv,MELI,kept,ok
FORMFACTOR,220.0,2026-01-09,fyi_layoffs.csv,FORM,kept,ok
ANGI,350.0,2026-01-07,fyi_layoffs.csv,ANGI,kept,ok
MULTIVERSE,55.0,2026-01-05,fyi_layoffs.csv,SKYA-USD,kept,ok
THE TRADE DESK,,2025-12-17,fyi_layoffs.csv,TTD,kept,ok
AMAZON,84.0,2025-12-15,fyi_layoffs.csv,AMZN,kept,ok
ZEBRA TECHNOLOGIES,,2025-12-12,fyi_layoffs.csv,ZBRA,kept,ok
LUSHA,24.0,2025-12-10,fyi_layoffs.csv,600223.SS,kept,ok
VSCO,24.0,2025-12-09,fyi_layoffs.csv,VSCOX,kept,ok
MOBILEYE,200.0,2025-12-08,fyi_layoffs.csv,MBLY,kept,ok
PAYONEER,60.0,2025-12-08,fyi_layoffs.csv,PAYO,kept,ok
TEADS,180.0,2025-12-04,fyi_layoffs.csv,852.MU,kept,ok
CELLEBRITE,20.0,2025-12-03,fyi_layoffs.csv,CLBT,kept,ok
SHOPIFY,,2025-11-26,fyi_layoffs.csv,SHOP,kept,ok
HP,4000.0,2025-11-25,fyi_layoffs.csv,HP,kept,ok
UKG,300.0,2025-11-18,fyi_layoffs.csv,UKGBBZ.XC,kept,ok
PLAYTIKA,700.0,2025-11-17,fyi_layoffs.csv,PLTK,kept,ok
PIPE,200.0,2025-11-16,fyi_layoffs.csv,PIPE,kept,ok
BHARATAGRI,37.0,2025-11-13,fyi_layoffs.csv,BHARATAGRI.BO,kept,ok
SYNOPSYS,2000.0,2025-11-12,fyi_layoffs.csv,SNPS,kept,ok
SONDER,,2025-11-10,fyi_layoffs.csv,SOND.SW,kept,ok
HEWLETT PACKARD E...,52.0,2025-11-05,fyi_layoffs.csv,HPE,kept,ok
TRIPADVISOR,,2025-11-05,fyi_layoffs.csv,TRIP,kept,ok
PORTER,350.0,2025-11-04,fyi_layoffs.csv,PCPP,kept,ok
AMAZON,14000.0,2025-10-27,fyi_layoffs.csv,AMZN,kept,ok
CHEGG,388.0,2025-10-27,fyi_layoffs.csv,CHGG,kept,ok
MEDTRONIC,60.0,2025-10-27,fyi_layoffs.csv,MDT,kept,ok
APPLIED MATERIAL,1400.0,2025-10-23,fyi_layoffs.csv,AMAT,kept,ok
RIVIAN,600.0,2025-10-23,fyi_layoffs.csv,RIVN,kept,ok
ALTRUIST,50.0,2025-10-23,fyi_layoffs.csv,ALTRZZX,kept,ok
META,600.0,2025-10-22,fyi_layoffs.csv,META,kept,ok
BROADCOM,247.0,2025-10-17,fyi_layoffs.csv,AVGO,kept,ok
TIA,,2025-10-17,fyi_layoffs.csv,TSMEX,kept,ok
BILL.COM,,2025-10-15,fyi_layoffs.csv,0M5.HA,kept,ok
HANDSHAKE,100.0,2025-10-14,fyi_layoffs.csv,HNS-USD,kept,ok
GOOGLE,50.0,2025-10-02,fyi_layoffs.csv,GOOG,kept,ok
PAYCOM,500.0,2025-10-01,fyi_layoffs.csv,PAYC,kept,ok
GOOGLE,100.0,2025-10-01,fyi_layoffs.csv,GOOG,kept,ok
SIMPL,80.0,2025-10-01,fyi_layoffs.csv,PFIX,kept,ok
JUST EAT,450.0,2025-09-25,fyi_layoffs.csv,JTKWY,kept,ok
ZIPRECRUITER,80.0,2025-09-16,fyi_layoffs.csv,ZIP,kept,ok
FIVERR,250.0,2025-09-15,fyi_layoffs.csv,FVRR,kept,ok
XAI,500.0,2025-09-12,fyi_layoffs.csv,XAI=F,kept,ok
ATLASSIAN,200.0,2025-09-10,fyi_layoffs.csv,TEAM,kept,ok
VERBIT,22.0,2025-09-10,fyi_layoffs.csv,VERBZZX,kept,ok
RIVIAN,200.0,2025-09-05,fyi_layoffs.csv,RIVN,kept,ok
SALESFORCE,262.0,2025-09-04,fyi_layoffs.csv,CRM,kept,ok
ORACLE,254.0,2025-09-04,fyi_layoffs.csv,ORCL,kept,ok
GUPSHUP,100.0,2025-09-04,fyi_layoffs.csv,GUPHZZX,kept,ok
ORACLE,101.0,2025-09-03,fyi_layoffs.csv,ORCL,kept,ok
SALESFORCE,93.0,2025-09-03,fyi_layoffs.csv,CRM,kept,ok
SALESFORCE,30.0,2025-09-03,fyi_layoffs.csv,CRM,kept,ok
ORACLE,,2025-09-02,fyi_layoffs.csv,ORCL,kept,ok
SALESFORCE,4000.0,2025-08-31,fyi_layoffs.csv,CRM,kept,ok
FLIP,,2025-08-29,fyi_layoffs.csv,0P0001LFXI.SA,kept,ok
KLAVIYO,,2025-08-25,fyi_layoffs.csv,KVYO,kept,ok
TIKTOK,,2025-08-22,fyi_layoffs.csv,PEANUT33916-USD,kept,ok
CISCO,221.0,2025-08-19,fyi_layoffs.csv,CSCO,kept,ok
ORACLE,101.0,2025-08-19,fyi_layoffs.csv,ORCL,kept,ok
ORACLE,289.0,2025-08-13,fyi_layoffs.csv,ORCL,kept,ok
ORACLE,188.0,2025-08-13,fyi_layoffs.csv,ORCL,kept,ok
ORACLE,161.0,2025-08-13,fyi_layoffs.csv,ORCL,kept,ok
F5,106.0,2025-08-13,fyi_layoffs.csv,FFIV,kept,ok
MICRON,300.0,2025-08-12,fyi_layoffs.csv,MU,kept,ok
AMDOCS,,2025-08-12,fyi_layoffs.csv,DOX,kept,ok
KALTURA,70.0,2025-08-07,fyi_layoffs.csv,KLTR,kept,ok
NEXTDOOR,67.0,2025-08-07,fyi_layoffs.csv,NXDR,kept,ok
PELOTON,,2025-08-07,fyi_layoffs.csv,PTON,kept,ok
CLEAR,145.0,2025-08-01,fyi_layoffs.csv,CLFD,kept,ok
ATLASSIAN,150.0,2025-07-30,fyi_layoffs.csv,TEAM,kept,ok
ASTRA,106.0,2025-07-28,fyi_layoffs.csv,AZN,kept,ok
WISETECH,,2025-07-23,fyi_layoffs.csv,17W0.F,kept,ok
ZEEN,,2025-07-21,fyi_layoffs.csv,ZEENAX,kept,ok
ROCKET COMPANIES,,2025-07-18,fyi_layoffs.csv,RKT,kept,ok
AMAZON,,2025-07-17,fyi_layoffs.csv,AMZN,kept,ok
SCALE AI,200.0,2025-07-16,fyi_layoffs.csv,SCALZZX,kept,ok
LENOVO,100.0,2025-07-16,fyi_layoffs.csv,0992.HK,kept,ok
JAMF,166.0,2025-07-15,fyi_layoffs.csv,JAMFX,kept,ok
INTEL,5000.0,2025-07-11,fyi_layoffs.csv,INTC,kept,ok
NAYAX,70.0,2025-07-07,fyi_layoffs.csv,NAYAX,kept,ok
OKRA,,2025-07-02,fyi_layoffs.csv,ORT16252-USD,kept,ok
TIKTOK,,2025-07-02,fyi_layoffs.csv,PEANUT33916-USD,kept,ok
TOMTOM,300.0,2025-06-30,fyi_layoffs.csv,OEMA.F,kept,ok
RIVIAN,140.0,2025-06-26,fyi_layoffs.csv,RIVN,kept,ok
BUMBLE,240.0,2025-06-25,fyi_layoffs.csv,BMBL,kept,ok
KLUE,85.0,2025-06-25,fyi_layoffs.csv,4527.TWO,kept,ok
GOOGLE,75.0,2025-06-24,fyi_layoffs.csv,GOOG,kept,ok
INTEL,,2025-06-24,fyi_layoffs.csv,INTC,kept,ok
MICROSOFT,,2025-06-24,fyi_layoffs.csv,MSFT,kept,ok
SABI,50.0,2025-06-19,fyi_layoffs.csv,SBR,kept,ok
INTEL,,2025-06-17,fyi_layoffs.csv,INTC,kept,ok
SALTO,30.0,2025-06-10,fyi_layoffs.csv,0P000198AK.SA,kept,ok
ZOOMINFO,150.0,2025-06-09,fyi_layoffs.csv,GTM,kept,ok
PLAYTIKA,90.0,2025-06-05,fyi_layoffs.csv,PLTK,kept,ok
AIRTIME,25.0,2025-06-04,fyi_layoffs.csv,600560.SS,kept,ok
HIMS & HERS,68.0,2025-05-30,fyi_layoffs.csv,HIMS,kept,ok
EBAY,200.0,2025-05-28,fyi_layoffs.csv,EBAY,kept,ok
NCINO,,2025-05-27,fyi_layoffs.csv,NCNO,kept,ok
LEDDARTECH,138.0,2025-05-22,fyi_layoffs.csv,LDTCF,kept,ok
LUMINAR,,2025-05-20,fyi_layoffs.csv,LRGR,kept,ok
BLINK CHARGING,,2025-05-19,fyi_layoffs.csv,BLNK,kept,ok
AMAZON,100.0,2025-05-14,fyi_layoffs.csv,AMZN,kept,ok
CHEGG,248.0,2025-05-12,fyi_layoffs.csv,CHGG,kept,ok
MATCH GROUP,325.0,2025-05-08,fyi_layoffs.csv,MTCH,kept,ok
CROWDSTRIKE,500.0,2025-05-07,fyi_layoffs.csv,CRWD,kept,ok
BEAM,200.0,2025-05-01,fyi_layoffs.csv,BEAM,kept,ok
BENCH,,2025-05-01,fyi_layoffs.csv,BHE,kept,ok
NETAPP,700.0,2025-04-30,fyi_layoffs.csv,NTAP,kept,ok
ELECTRONIC ARTS,300.0,2025-04-29,fyi_layoffs.csv,EA,kept,ok
STEM,,2025-04-29,fyi_layoffs.csv,STEM,kept,ok
EXPEDIA,,2025-04-28,fyi_layoffs.csv,EXPE,kept,ok
TOMORROW,,2025-04-28,fyi_layoffs.csv,VWSKX,kept,ok
SAMBANOVA,77.0,2025-04-25,fyi_layoffs.csv,SAMNZZX,kept,ok
META,100.0,2025-04-24,fyi_layoffs.csv,META,kept,ok
INTEL,22000.0,2025-04-23,fyi_layoffs.csv,INTC,kept,ok
TURO,150.0,2025-04-16,fyi_layoffs.csv,TUROZZX,kept,ok
APPLOVIN,97.0,2025-04-16,fyi_layoffs.csv,APP,kept,ok
GUPSHUP,200.0,2025-04-15,fyi_layoffs.csv,GUPHZZX,kept,ok
SONDER,,2025-04-14,fyi_layoffs.csv,SOND.SW,kept,ok
FORTO,200.0,2025-04-12,fyi_layoffs.csv,FRT39164-USD,kept,ok
GOOGLE,,2025-04-11,fyi_layoffs.csv,GOOG,kept,ok
FIVE9,123.0,2025-04-03,fyi_layoffs.csv,FIVN,kept,ok
TRACT,,2025-04-03,fyi_layoffs.csv,TSCO,kept,ok
AUTOMATTIC,281.0,2025-04-02,fyi_layoffs.csv,AUTAZZX,kept,ok
CANVA,10.0,2025-04-02,fyi_layoffs.csv,210120.KQ,kept,ok
2U,,2025-03-31,fyi_layoffs.csv,2UH0.F,kept,ok
PALANTIR,120.0,2025-03-27,fyi_layoffs.csv,PLTR,kept,ok
BLOCK,931.0,2025-03-25,fyi_layoffs.csv,XYZ,kept,ok
HELLOFRESH,273.0,2025-03-17,fyi_layoffs.csv,HFG.F,kept,ok
D-ID,22.0,2025-03-10,fyi_layoffs.csv,DKKIDR=X,kept,ok
ARRIVAL,,2025-03-10,fyi_layoffs.csv,ARVLF,kept,ok
WAYFAIR,340.0,2025-03-07,fyi_layoffs.csv,W,kept,ok
WELLTECH,80.0,2025-03-07,fyi_layoffs.csv,002058.SZ,kept,ok
HEWLETT PACKARD E...,2500.0,2025-03-06,fyi_layoffs.csv,HPE,kept,ok
TIKTOK,300.0,2025-03-06,fyi_layoffs.csv,PEANUT33916-USD,kept,ok
LIVERAMP,65.0,2025-03-05,fyi_layoffs.csv,RAMP,kept,ok
OLA ELECTRIC,1000.0,2025-03-03,fyi_layoffs.csv,OLAELEC.NS,kept,ok
HP,4000.0,2025-02-28,fyi_layoffs.csv,HP,kept,ok
AUTODESK,1350.0,2025-02-27,fyi_layoffs.csv,ADSK,kept,ok
DIGIMARC,90.0,2025-02-27,fyi_layoffs.csv,DMRC,kept,ok
FLYWIRE,125.0,2025-02-26,fyi_layoffs.csv,FLYW,kept,ok
EBAY,20.0,2025-02-26,fyi_layoffs.csv,EBAY,kept,ok
EXPEDIA,,2025-02-26,fyi_layoffs.csv,EXPE,kept,ok
IBOTTA,70.0,2025-02-22,fyi_layoffs.csv,OE6.F,kept,ok
NETEASE,,2025-02-22,fyi_layoffs.csv,NTES,kept,ok
SEATGEEK,150.0,2025-02-20,fyi_layoffs.csv,SEATZZX,kept,ok
RISKIFIED,,2025-02-19,fyi_layoffs.csv,RSKD,kept,ok
GETAROUND,,2025-02-12,fyi_layoffs.csv,GETR,kept,ok
UNITY,,2025-02-11,fyi_layoffs.csv,U,kept,ok
META,3600.0,2025-02-10,fyi_layoffs.csv,META,kept,ok
WISE,300.0,2025-02-10,fyi_layoffs.csv,WISE,kept,ok
SPRINKLR,500.0,2025-02-06,fyi_layoffs.csv,CXM,kept,ok
WORKDAY,1750.0,2025-02-05,fyi_layoffs.csv,WDAY,kept,ok
GEMINI,200.0,2025-02-05,fyi_layoffs.csv,GEMI,kept,ok
OUTBRAIN,200.0,2025-02-05,fyi_layoffs.csv,852.SG,kept,ok
SONOS,200.0,2025-02-05,fyi_layoffs.csv,SONO,kept,ok
HUGGING FACE,10.0,2025-02-05,fyi_layoffs.csv,HUGGZZX,kept,ok
CRUISE,1000.0,2025-02-04,fyi_layoffs.csv,RCL,kept,ok
OKTA,180.0,2025-02-04,fyi_layoffs.csv,OKTA,kept,ok
ASANA,100.0,2025-02-04,fyi_layoffs.csv,ASAN,kept,ok
TRIPADVISOR,75.0,2025-02-04,fyi_layoffs.csv,TRIP,kept,ok
INTEL,58.0,2025-02-04,fyi_layoffs.csv,INTC,kept,ok
INNOVIZ,40.0,2025-02-04,fyi_layoffs.csv,INVZ,kept,ok
SALESFORCE,1000.0,2025-02-03,fyi_layoffs.csv,CRM,kept,ok
SURE,70.0,2025-02-03,fyi_layoffs.csv,SURE,kept,ok
CUSHION,,2025-01-30,fyi_layoffs.csv,ROYALCU.BO,kept,ok
PLACER.AI,150.0,2025-01-29,fyi_layoffs.csv,PLARZZX,kept,ok
AMAZON,,2025-01-29,fyi_layoffs.csv,AMZN,kept,ok
AURORA LABS,45.0,2025-01-27,fyi_layoffs.csv,A3D.XA,kept,ok
STRIPE,300.0,2025-01-21,fyi_layoffs.csv,0P0000X8PD.F,kept,ok
AURORA SOLAR,58.0,2025-01-16,fyi_layoffs.csv,A82.F,kept,ok
APPLOVIN,89.0,2025-01-15,fyi_layoffs.csv,APP,kept,ok
MICROSOFT,,2025-01-14,fyi_layoffs.csv,MSFT,kept,ok
ALZA,,2025-01-13,fyi_layoffs.csv,0P0000SDDZ.F,kept,ok
BOOZT,,2025-01-13,fyi_layoffs.csv,BOK.F,kept,ok
WAYFAIR,730.0,2025-01-10,fyi_layoffs.csv,W,kept,ok
ZILLOW,,2025-01-10,fyi_layoffs.csv,Z,kept,ok
ICON,114.0,2025-01-09,fyi_layoffs.csv,ICON,kept,ok
ALTRUIST,37.0,2025-01-07,fyi_layoffs.csv,ALTRZZX,kept,ok
MICROSOFT,,2025-01-07,fyi_layoffs.csv,MSFT,kept,ok
SOLAREDGE,400.0,2025-01-06,fyi_layoffs.csv,SEDG,kept,ok
LEVEL,,2025-01-02,fyi_layoffs.csv,SPACZZX,kept,ok
GUPSHUP,300.0,2024-12-31,fyi_layoffs.csv,GUPHZZX,kept,ok
BENCH,450.0,2024-12-27,fyi_layoffs.csv,BHE,kept,ok
LILIUM,1000.0,2024-12-23,fyi_layoffs.csv,5KD.HM,kept,ok
THRIVE,,2024-12-14,fyi_layoffs.csv,7889.KL,kept,ok
CINT,,2024-12-12,fyi_layoffs.csv,CINT,kept,ok
YAHOO,,2024-12-12,fyi_layoffs.csv,YOJ.SG,kept,ok
FOUNDRY,74.0,2024-12-11,fyi_layoffs.csv,6NU0.F,kept,ok
CIRCLE,50.0,2024-12-05,fyi_layoffs.csv,CRCL,kept,ok
STASH,88.0,2024-12-04,fyi_layoffs.csv,STASH31420-USD,kept,ok
BOOKING HOLDINGS,60.0,2024-12-04,fyi_layoffs.csv,BKNG,kept,ok
2U,,2024-12-04,fyi_layoffs.csv,2UH0.F,kept,ok
SKAI,80.0,2024-12-03,fyi_layoffs.csv,SKAI-USD,kept,ok
LIGHTSPEED COM...,200.0,2024-12-02,fyi_layoffs.csv,LSPD,kept,ok
SOLAREDGE,500.0,2024-11-27,fyi_layoffs.csv,SEDG,kept,ok
SPROUT SOCIAL,,2024-11-25,fyi_layoffs.csv,SPT,kept,ok
APPLE,,2024-11-24,fyi_layoffs.csv,AAPL,kept,ok
OLA ELECTRIC,500.0,2024-11-22,fyi_layoffs.csv,OLAELEC.NS,kept,ok
ADJUST,304.0,2024-11-22,fyi_layoffs.csv,AST=F,kept,ok
HEADSPACE,,2024-11-20,fyi_layoffs.csv,HEAAZZX,kept,ok
OWN,,2024-11-19,fyi_layoffs.csv,OWN,kept,ok
BETTER COLLECTIVE,300.0,2024-11-14,fyi_layoffs.csv,BETCO.ST,kept,ok
AMD,1000.0,2024-11-13,fyi_layoffs.csv,AMD,kept,ok
APPLOVIN,120.0,2024-11-13,fyi_layoffs.csv,APP,kept,ok
CHEGG,319.0,2024-11-12,fyi_layoffs.csv,CHGG,kept,ok
FORWARD,200.0,2024-11-12,fyi_layoffs.csv,OMFREIGHT.BO,kept,ok
ENPHASE ENERGY,500.0,2024-11-11,fyi_layoffs.csv,ENPH,kept,ok
SWORD HEALTH,13.0,2024-11-11,fyi_layoffs.csv,SWORZZX,kept,ok
BIGCOMMERCE,,2024-11-08,fyi_layoffs.csv,BI1.DU,kept,ok
FRESHWORKS,660.0,2024-11-07,fyi_layoffs.csv,FRSH,kept,ok
JUST EAT,300.0,2024-11-07,fyi_layoffs.csv,JTKWY,kept,ok
OPENDOOR,300.0,2024-11-07,fyi_layoffs.csv,OPEN,kept,ok
AKAMAI,250.0,2024-11-07,fyi_layoffs.csv,AKAM,kept,ok
OUTREACH,67.0,2024-11-06,fyi_layoffs.csv,OUTHZZX,kept,ok
TIDAL,,2024-10-31,fyi_layoffs.csv,SPCL,kept,ok
DROPBOX,527.0,2024-10-30,fyi_layoffs.csv,DBX,kept,ok
KRAKEN,400.0,2024-10-30,fyi_layoffs.csv,PNG.V,kept,ok
MIRO,275.0,2024-10-30,fyi_layoffs.csv,0P0001JBXF.F,kept,ok
F5,100.0,2024-10-29,fyi_layoffs.csv,FFIV,kept,ok
DOCKER,,2024-10-29,fyi_layoffs.csv,DOCEZZX,kept,ok
DYDX,,2024-10-29,fyi_layoffs.csv,DYDX-USD,kept,ok
COURSERA,150.0,2024-10-25,fyi_layoffs.csv,COUR,kept,ok
TWELVE,,2024-10-25,fyi_layoffs.csv,0P0001K581.F,kept,ok
CATENA MEDIA,29.0,2024-10-23,fyi_layoffs.csv,CTM.ST,kept,ok
UPWORK,,2024-10-23,fyi_layoffs.csv,UPWK,kept,ok
CHIEF,,2024-10-20,fyi_layoffs.csv,1597.TW,kept,ok
META,,2024-10-16,fyi_layoffs.csv,META,kept,ok
APPLOVIN,58.0,2024-10-15,fyi_layoffs.csv,APP,kept,ok
FABLE,,2024-10-15,fyi_layoffs.csv,6L50.F,kept,ok
NIKOLA,130.0,2024-10-11,fyi_layoffs.csv,NIKO-USD,kept,ok
ZAPP,,2024-10-08,fyi_layoffs.csv,ZAPPF,kept,ok
PUBMATIC,12.0,2024-10-07,fyi_layoffs.csv,PUBM,kept,ok
APPLOVIN,65.0,2024-10-03,fyi_layoffs.csv,APP,kept,ok
TOME,12.0,2024-10-02,fyi_layoffs.csv,7230.KL,kept,ok
ALMA,,2024-10-02,fyi_layoffs.csv,002623.SZ,kept,ok
FLEXPORT,,2024-10-02,fyi_layoffs.csv,FLEPZZX,kept,ok
DRATA,40.0,2024-09-26,fyi_layoffs.csv,DRATZZX,kept,ok
MOOV,50.0,2024-09-25,fyi_layoffs.csv,MOOVE-USD,kept,ok
F5,,2024-09-24,fyi_layoffs.csv,FFIV,kept,ok
OLO,,2024-09-23,fyi_layoffs.csv,B353.BR,kept,ok
LUMINAR,,2024-09-20,fyi_layoffs.csv,LRGR,kept,ok
NOTABLE LABS,,2024-09-20,fyi_layoffs.csv,NTBLQ,kept,ok
AAKASH,80.0,2024-09-18,fyi_layoffs.csv,AAKASH.NS,kept,ok
IBM,,2024-09-18,fyi_layoffs.csv,IBM,kept,ok
MICROSOFT,650.0,2024-09-12,fyi_layoffs.csv,MSFT,kept,ok
UDEMY,280.0,2024-09-11,fyi_layoffs.csv,7WH.DU,kept,ok
MOBILEYE,100.0,2024-09-09,fyi_layoffs.csv,MBLY,kept,ok
NORI,,2024-09-09,fyi_layoffs.csv,000065.SZ,kept,ok
CENTER,8.0,2024-09-07,fyi_layoffs.csv,CSR,kept,ok
GOOP,39.0,2024-09-06,fyi_layoffs.csv,GOOP,kept,ok
CHARGEPOINT,250.0,2024-09-04,fyi_layoffs.csv,CHPT,kept,ok
LYFT,30.0,2024-09-04,fyi_layoffs.csv,LYFT,kept,ok
ABL,,2024-09-03,fyi_layoffs.csv,NABL,kept,ok
BRAVE,27.0,2024-08-28,fyi_layoffs.csv,BBSN.L,kept,ok
APPLE,100.0,2024-08-27,fyi_layoffs.csv,AAPL,kept,ok
IBM,1000.0,2024-08-26,fyi_layoffs.csv,IBM,kept,ok
VELO3D,42.0,2024-08-26,fyi_layoffs.csv,VELO,kept,ok
FIVE9,190.0,2024-08-20,fyi_layoffs.csv,FIVN,kept,ok
GOPRO,139.0,2024-08-19,fyi_layoffs.csv,GPRO,kept,ok
PAPER,81.0,2024-08-16,fyi_layoffs.csv,IP,kept,ok
LOOP,,2024-08-16,fyi_layoffs.csv,LOOP,kept,ok
APPLOVIN,61.0,2024-08-15,fyi_layoffs.csv,APP,kept,ok
MISTER SPEX,,2024-08-15,fyi_layoffs.csv,MRX.F,kept,ok
SONOS,100.0,2024-08-14,fyi_layoffs.csv,SONO,kept,ok
GRAIL,350.0,2024-08-13,fyi_layoffs.csv,GOGY,kept,ok
CISCO,5600.0,2024-08-09,fyi_layoffs.csv,CSCO,kept,ok
FASTLY,,2024-08-08,fyi_layoffs.csv,FSLY,kept,ok
LEGALZOOM,,2024-08-07,fyi_layoffs.csv,LZ,kept,ok
TERADATA,,2024-08-06,fyi_layoffs.csv,TDC,kept,ok
INFINEON,1400.0,2024-08-05,fyi_layoffs.csv,IFX.DE,kept,ok
DELL,,2024-08-05,fyi_layoffs.csv,DELL,kept,ok
INTEL,15000.0,2024-08-01,fyi_layoffs.csv,INTC,kept,ok
RAD POWER BIKES,,2024-08-01,fyi_layoffs.csv,RADWZZX,kept,ok
DELIVERY HERO,200.0,2024-07-31,fyi_layoffs.csv,DELHY,kept,ok
MATCH GROUP,,2024-07-31,fyi_layoffs.csv,MTCH,kept,ok
NERDWALLET,,2024-07-30,fyi_layoffs.csv,NRDS,kept,ok
WEBFLOW,,2024-07-25,fyi_layoffs.csv,WEBWZZX,kept,ok
COHERE,20.0,2024-07-23,fyi_layoffs.csv,COHR,kept,ok
MAGIC LEAP,75.0,2024-07-19,fyi_layoffs.csv,MGIEZZX,kept,ok
EVERC,16.0,2024-07-17,fyi_layoffs.csv,EVR,kept,ok
LEX,,2024-07-17,fyi_layoffs.csv,LXRX,kept,ok
ON,60.0,2024-07-16,fyi_layoffs.csv,ON,kept,ok
SOLAREDGE,400.0,2024-07-15,fyi_layoffs.csv,SEDG,kept,ok
SALESFORCE,300.0,2024-07-15,fyi_layoffs.csv,CRM,kept,ok
SPOTIFY,40.0,2024-07-15,fyi_layoffs.csv,SPOT,kept,ok
UIPATH,420.0,2024-07-09,fyi_layoffs.csv,PATH,kept,ok
UKG,2200.0,2024-07-03,fyi_layoffs.csv,UKGBBZ.XC,kept,ok
MICROSOFT,,2024-07-03,fyi_layoffs.csv,MSFT,kept,ok
KOO,,2024-07-02,fyi_layoffs.csv,KTN.V,kept,ok
CINT,,2024-07-01,fyi_layoffs.csv,CINT,kept,ok
PRICELINE,103.0,2024-06-28,fyi_layoffs.csv,BKNG,kept,ok
PLANET,180.0,2024-06-26,fyi_layoffs.csv,PL,kept,ok
EBAY,,2024-06-26,fyi_layoffs.csv,EBAY,kept,ok
PERION,35.0,2024-06-25,fyi_layoffs.csv,PERI,kept,ok
FLUTTERWAVE,30.0,2024-06-24,fyi_layoffs.csv,FLUTZZX,kept,ok
GINKGO BIOWORKS,,2024-06-24,fyi_layoffs.csv,DNA,kept,ok
TRADE REPUBLIC,,2024-06-23,fyi_layoffs.csv,DE000SL0G1J6.SG,kept,ok
GINKGO BIOWORKS,400.0,2024-06-20,fyi_layoffs.csv,DNA,kept,ok
WEX,375.0,2024-06-18,fyi_layoffs.csv,WEX,kept,ok
PAYPAL,85.0,2024-06-18,fyi_layoffs.csv,PYPL,kept,ok
RAPYD,30.0,2024-06-18,fyi_layoffs.csv,RAPYZZX,kept,ok
C2FO,16.0,2024-06-18,fyi_layoffs.csv,CBFOZZX,kept,ok
CHEGG,441.0,2024-06-17,fyi_layoffs.csv,CHGG,kept,ok
UNIT,,2024-06-17,fyi_layoffs.csv,UNIT,kept,ok
LOOP,23.0,2024-06-16,fyi_layoffs.csv,LOOP,kept,ok
SATELLOGIC,70.0,2024-06-14,fyi_layoffs.csv,SATL,kept,ok
MEDTRONIC,,2024-06-13,fyi_layoffs.csv,MDT,kept,ok
PAYTM,3500.0,2024-06-10,fyi_layoffs.csv,PAYTM.NS,kept,ok
REVEL,1000.0,2024-06-06,fyi_layoffs.csv,REVB,kept,ok
SIMPL,30.0,2024-06-06,fyi_layoffs.csv,PFIX,kept,ok
ODA,150.0,2024-06-05,fyi_layoffs.csv,7314.T,kept,ok
PAGAYA,100.0,2024-06-05,fyi_layoffs.csv,PGY,kept,ok
MOONPAY,30.0,2024-06-05,fyi_layoffs.csv,MOONZZX,kept,ok
YEXT,,2024-06-05,fyi_layoffs.csv,YEXT,kept,ok
MICROSOFT,1000.0,2024-06-03,fyi_layoffs.csv,MSFT,kept,ok
GOOGLE,100.0,2024-05-31,fyi_layoffs.csv,GOOG,kept,ok
TROPIC,40.0,2024-05-31,fyi_layoffs.csv,5401.KL,kept,ok
WALNUT,15.0,2024-05-29,fyi_layoffs.csv,0905.HK,kept,ok
FUNDING CIRCLE,,2024-05-29,fyi_layoffs.csv,FCH.L,kept,ok
SATELLOGIC,34.0,2024-05-24,fyi_layoffs.csv,SATL,kept,ok
GUILD,300.0,2024-05-22,fyi_layoffs.csv,GOG-USD,kept,ok
CUE HEALTH,180.0,2024-05-22,fyi_layoffs.csv,HLTHQ,kept,ok
SILO,,2024-05-22,fyi_layoffs.csv,SILO,kept,ok
TIKTOK,1000.0,2024-05-21,fyi_layoffs.csv,PEANUT33916-USD,kept,ok
TOSHIBA,4000.0,2024-05-16,fyi_layoffs.csv,6588.T,kept,ok
REPLIT,30.0,2024-05-16,fyi_layoffs.csv,REPLZZX,kept,ok
GOPUFF,,2024-05-16,fyi_layoffs.csv,GOBRZZX,kept,ok
RIVIAN,120.0,2024-05-10,fyi_layoffs.csv,RIVN,kept,ok
GOOGLE,57.0,2024-05-10,fyi_layoffs.csv,GOOG,kept,ok
SIMPL,100.0,2024-05-08,fyi_layoffs.csv,PFIX,kept,ok
BRILLIANT,,2024-05-08,fyi_layoffs.csv,BRLT,kept,ok
KINAXIS,,2024-05-08,fyi_layoffs.csv,KXS.TO,kept,ok
ENOVIX,170.0,2024-05-06,fyi_layoffs.csv,ENVX,kept,ok
CUE HEALTH,230.0,2024-05-03,fyi_layoffs.csv,HLTHQ,kept,ok
RIVIAN,150.0,2024-05-03,fyi_layoffs.csv,RIVN,kept,ok
LUMINAR,140.0,2024-05-03,fyi_layoffs.csv,LRGR,kept,ok
SPRINKLR,116.0,2024-05-03,fyi_layoffs.csv,CXM,kept,ok
BAKKT,28.0,2024-05-03,fyi_layoffs.csv,BKKT,kept,ok
PELOTON,400.0,2024-05-02,fyi_layoffs.csv,PTON,kept,ok
GOOGLE,200.0,2024-05-01,fyi_layoffs.csv,GOOG,kept,ok
ASSURANCE,112.0,2024-05-01,fyi_layoffs.csv,NIACL.NS,kept,ok
TESLA,500.0,2024-04-30,fyi_layoffs.csv,TSLA,kept,ok
GOOGLE,,2024-04-30,fyi_layoffs.csv,GOOG,kept,ok
GETIR,3300.0,2024-04-29,fyi_layoffs.csv,XUSIN_CFNNTLTL.IS,kept,ok
OLA,180.0,2024-04-29,fyi_layoffs.csv,OLA.TO,kept,ok
GRIN,,2024-04-25,fyi_layoffs.csv,GRIN,kept,ok
EXPEDIA,,2024-04-24,fyi_layoffs.csv,EXPE,kept,ok
FREENOME,100.0,2024-04-23,fyi_layoffs.csv,FREEZZX,kept,ok
GOOGLE,,2024-04-17,fyi_layoffs.csv,GOOG,kept,ok
RIVIAN,,2024-04-17,fyi_layoffs.csv,RIVN,kept,ok
TAKE-TWO,579.0,2024-04-16,fyi_layoffs.csv,TTWO,kept,ok
TOME,12.0,2024-04-16,fyi_layoffs.csv,7230.KL,kept,ok
TESLA,14000.0,2024-04-15,fyi_layoffs.csv,TSLA,kept,ok
CRITEO,140.0,2024-04-12,fyi_layoffs.csv,CRTO,kept,ok
TIKTOK,250.0,2024-04-11,fyi_layoffs.csv,PEANUT33916-USD,kept,ok
FABRIC,30.0,2024-04-11,fyi_layoffs.csv,FABC,kept,ok
HINGE HEALTH,,2024-04-11,fyi_layoffs.csv,HNGE,kept,ok
ZOE,,2024-04-11,fyi_layoffs.csv,ZTS,kept,ok
INTEL,62.0,2024-04-09,fyi_layoffs.csv,INTC,kept,ok
APPLE,614.0,2024-04-04,fyi_layoffs.csv,AAPL,kept,ok
AGILITY ROBOTICS,,2024-04-04,fyi_layoffs.csv,AGIBZZX,kept,ok
LIGHTSPEED COM...,280.0,2024-04-03,fyi_layoffs.csv,LSPD,kept,ok
AMAZON,,2024-04-03,fyi_layoffs.csv,AMZN,kept,ok
REZI,,2024-04-01,fyi_layoffs.csv,REZI,kept,ok
GOPRO,,2024-03-26,fyi_layoffs.csv,GPRO,kept,ok
DELL,6000.0,2024-03-25,fyi_layoffs.csv,DELL,kept,ok
LONGI,,2024-03-18,fyi_layoffs.csv,601012.SS,kept,ok
STASH,80.0,2024-03-13,fyi_layoffs.csv,STASH31420-USD,kept,ok
IBM,,2024-03-12,fyi_layoffs.csv,IBM,kept,ok
NICHE,24.0,2024-03-08,fyi_layoffs.csv,7139.KL,kept,ok
META,,2024-03-06,fyi_layoffs.csv,META,kept,ok
VERBIT,,2024-03-05,fyi_layoffs.csv,VERBZZX,kept,ok
MELIO,40.0,2024-03-04,fyi_layoffs.csv,MELION-USD,kept,ok
ELECTRONIC ARTS,670.0,2024-02-28,fyi_layoffs.csv,EA,kept,ok
BUMBLE,350.0,2024-02-27,fyi_layoffs.csv,BMBL,kept,ok
APPLE,,2024-02-27,fyi_layoffs.csv,AAPL,kept,ok
EXPEDIA,1500.0,2024-02-26,fyi_layoffs.csv,EXPE,kept,ok
CARBON HEALTH,56.0,2024-02-23,fyi_layoffs.csv,CARHZZX,kept,ok
AFFIRM,60.0,2024-02-21,fyi_layoffs.csv,AFRM,kept,ok
FINDER,60.0,2024-02-21,fyi_layoffs.csv,6NR.F,kept,ok
BUZZFEED,,2024-02-21,fyi_layoffs.csv,BZFDW,kept,ok
RIVIAN,,2024-02-21,fyi_layoffs.csv,RIVN,kept,ok
APTIV,250.0,2024-02-20,fyi_layoffs.csv,APTV,kept,ok
FARFETCH,2000.0,2024-02-16,fyi_layoffs.csv,FTCHQ,kept,ok
VOI,120.0,2024-02-16,fyi_layoffs.csv,2495.HK,kept,ok
TOAST,550.0,2024-02-15,fyi_layoffs.csv,TOST,kept,ok
SONDER,106.0,2024-02-15,fyi_layoffs.csv,SOND.SW,kept,ok
STORYTEL,80.0,2024-02-15,fyi_layoffs.csv,STORY-B.ST,kept,ok
CISCO,4250.0,2024-02-14,fyi_layoffs.csv,CSCO,kept,ok
AWAY,,2024-02-14,fyi_layoffs.csv,AWAY,kept,ok
IMPINJ,50.0,2024-02-13,fyi_layoffs.csv,PI,kept,ok
RISKIFIED,40.0,2024-02-13,fyi_layoffs.csv,RSKD,kept,ok
SIRIUSXM,160.0,2024-02-12,fyi_layoffs.csv,SIRI,kept,ok
KANDJI,,2024-02-09,fyi_layoffs.csv,KANDZZX,kept,ok
PURE STORAGE,275.0,2024-02-08,fyi_layoffs.csv,6PU.DU,kept,ok
OTOVO,65.0,2024-02-08,fyi_layoffs.csv,OTOVO.OL,kept,ok
GETAROUND,,2024-02-08,fyi_layoffs.csv,GETR,kept,ok
GRAMMARLY,230.0,2024-02-07,fyi_layoffs.csv,GRAMZZX,kept,ok
TENABLE,,2024-02-07,fyi_layoffs.csv,TENB,kept,ok
DOCUSIGN,440.0,2024-02-06,fyi_layoffs.csv,DOCU,kept,ok
AMAZON,400.0,2024-02-06,fyi_layoffs.csv,AMZN,kept,ok
SNAP,500.0,2024-02-05,fyi_layoffs.csv,SNAP,kept,ok
CUE HEALTH,245.0,2024-02-02,fyi_layoffs.csv,HLTHQ,kept,ok
TOP HAT,35.0,2024-02-02,fyi_layoffs.csv,HAT35075-USD,kept,ok
TWIG,,2024-02-02,fyi_layoffs.csv,TWIGGY35562-USD,kept,ok
OKTA,400.0,2024-02-01,fyi_layoffs.csv,OKTA,kept,ok
ZOOM,150.0,2024-02-01,fyi_layoffs.csv,ZM,kept,ok
ILLUMINA,111.0,2024-02-01,fyi_layoffs.csv,ILMN,kept,ok
POLYGON,60.0,2024-02-01,fyi_layoffs.csv,MMF21370-USD,kept,ok
INDIGO,,2024-02-01,fyi_layoffs.csv,IUSD22989-USD,kept,ok
CIRCLECI,100.0,2024-01-31,fyi_layoffs.csv,CIRLZZX,kept,ok
INNOVIZ,60.0,2024-01-31,fyi_layoffs.csv,INVZ,kept,ok
PAYPAL,2500.0,2024-01-30,fyi_layoffs.csv,PYPL,kept,ok
BLOCK,1000.0,2024-01-30,fyi_layoffs.csv,XYZ,kept,ok
AURORA SOLAR,111.0,2024-01-30,fyi_layoffs.csv,A82.F,kept,ok
NOOM,,2024-01-30,fyi_layoffs.csv,NOOMZZX,kept,ok
PROCORE,,2024-01-30,fyi_layoffs.csv,PCOR,kept,ok
SALESFORCE,700.0,2024-01-26,fyi_layoffs.csv,CRM,kept,ok
FLEXPORT,,2024-01-26,fyi_layoffs.csv,FLEPZZX,kept,ok
MICROSOFT,1900.0,2024-01-25,fyi_layoffs.csv,MSFT,kept,ok
SWIGGY,400.0,2024-01-25,fyi_layoffs.csv,SWIGGY.NS,kept,ok
VEHO,65.0,2024-01-25,fyi_layoffs.csv,VEHOZZX,kept,ok
COVA,,2024-01-25,fyi_layoffs.csv,CVALF,kept,ok
JAMF,,2024-01-25,fyi_layoffs.csv,JAMFX,kept,ok
STORYTEL,80.0,2024-01-24,fyi_layoffs.csv,STORY-B.ST,kept,ok
AURORA,,2024-01-24,fyi_layoffs.csv,ACB,kept,ok
HUBSPOT,,2024-01-24,fyi_layoffs.csv,HUBS,kept,ok
SAP,8000.0,2024-01-23,fyi_layoffs.csv,SAP,kept,ok
EBAY,1000.0,2024-01-23,fyi_layoffs.csv,EBAY,kept,ok
VROOM,800.0,2024-01-23,fyi_layoffs.csv,VRM,kept,ok
BREX,282.0,2024-01-23,fyi_layoffs.csv,^BUKHI50P,kept,ok
GOTO,29.0,2024-01-23,fyi_layoffs.csv,GOTO.JK,kept,ok
TIKTOK,60.0,2024-01-22,fyi_layoffs.csv,PEANUT33916-USD,kept,ok
2U,,2024-01-22,fyi_layoffs.csv,2UH0.F,kept,ok
GOOGLE,,2024-01-22,fyi_layoffs.csv,GOOG,kept,ok
SOLAREDGE,900.0,2024-01-21,fyi_layoffs.csv,SEDG,kept,ok
WAYFAIR,1650.0,2024-01-19,fyi_layoffs.csv,W,kept,ok
AMAZON,30.0,2024-01-18,fyi_layoffs.csv,AMZN,kept,ok
STITCH FIX,,2024-01-18,fyi_layoffs.csv,SFIX,kept,ok
YOUTUBE,100.0,2024-01-17,fyi_layoffs.csv,PAJAMAS-USD,kept,ok
GOOGLE,,2024-01-16,fyi_layoffs.csv,GOOG,kept,ok
HOLOGRAM,,2024-01-12,fyi_layoffs.csv,WIMI,kept,ok
PLAYTIKA,300.0,2024-01-11,fyi_layoffs.csv,PLTK,kept,ok
DISCORD,170.0,2024-01-11,fyi_layoffs.csv,DSCRZZX,kept,ok
INMOBI,125.0,2024-01-11,fyi_layoffs.csv,CFINRENTAS.SN,kept,ok
CLOUDFLARE,40.0,2024-01-11,fyi_layoffs.csv,NET,kept,ok
888,,2024-01-11,fyi_layoffs.csv,8885.KL,kept,ok
CHIEF,,2024-01-11,fyi_layoffs.csv,1597.TW,kept,ok
GOOGLE,1000.0,2024-01-10,fyi_layoffs.csv,GOOG,kept,ok
IAC,330.0,2024-01-10,fyi_layoffs.csv,0P00013MJG,kept,ok
AMAZON,,2024-01-10,fyi_layoffs.csv,AMZN,kept,ok
CHARGEPOINT,,2024-01-10,fyi_layoffs.csv,CHPT,kept,ok
SOFI,,2024-01-10,fyi_layoffs.csv,SOFI,kept,ok
BRANCH,85.0,2024-01-09,fyi_layoffs.csv,BOF,kept,ok
RENT THE RUNWAY,37.0,2024-01-09,fyi_layoffs.csv,RENT,kept,ok
TREND MICRO,,2024-01-09,fyi_layoffs.csv,TMI.F,kept,ok
UNITY,1800.0,2024-01-08,fyi_layoffs.csv,U,kept,ok
NUSCALE POWER,154.0,2024-01-08,fyi_layoffs.csv,SMR,kept,ok
FLEXE,99.0,2024-01-08,fyi_layoffs.csv,FLEXZZX,kept,ok
PITCH,80.0,2024-01-08,fyi_layoffs.csv,PITCH-USD,kept,ok
HERE,,2024-01-08,fyi_layoffs.csv,HERE,kept,ok
CUE HEALTH,94.0,2024-01-05,fyi_layoffs.csv,HLTHQ,kept,ok
LEVER,,2024-01-05,fyi_layoffs.csv,GDXU,kept,ok
TRIGO,30.0,2024-01-04,fyi_layoffs.csv,3709.TWO,kept,ok
XEROX,3000.0,2024-01-03,fyi_layoffs.csv,XRX,kept,ok
OCADO,1000.0,2023-12-31,fyi_layoffs.csv,OCDO.L,kept,ok
STRAKE,,2023-12-28,fyi_layoffs.csv,STG.AX,kept,ok
PAYTM,1000.0,2023-12-25,fyi_layoffs.csv,PAYTM.NS,kept,ok
INTEL,311.0,2023-12-21,fyi_layoffs.csv,INTC,kept,ok
ENPHASE ENERGY,350.0,2023-12-18,fyi_layoffs.csv,ENPH,kept,ok
ARM HOLDINGS,70.0,2023-12-18,fyi_layoffs.csv,ARM,kept,ok
DELIVERY HERO,,2023-12-18,fyi_layoffs.csv,DELHY,kept,ok
EBAY,20.0,2023-12-17,fyi_layoffs.csv,EBAY,kept,ok
CRUISE,900.0,2023-12-14,fyi_layoffs.csv,RCL,kept,ok
BOLT,,2023-12-14,fyi_layoffs.csv,BOLT,kept,ok
ETSY,225.0,2023-12-13,fyi_layoffs.csv,ETSY,kept,ok
ANALOG DEVICES,111.0,2023-12-13,fyi_layoffs.csv,ADI,kept,ok
FLEX,31.0,2023-12-13,fyi_layoffs.csv,FLEX,kept,ok
FOURKITES,,2023-12-13,fyi_layoffs.csv,FOURZZX,kept,ok
TOMTOM,45.0,2023-12-12,fyi_layoffs.csv,OEMA.F,kept,ok
SMILEDIRECTCLUB,,2023-12-09,fyi_layoffs.csv,SDCCQ,kept,ok
RIVIAN,20.0,2023-12-07,fyi_layoffs.csv,RIVN,kept,ok
NAVAN,145.0,2023-12-06,fyi_layoffs.csv,NAVN,kept,ok
TIDAL,40.0,2023-12-06,fyi_layoffs.csv,SPCL,kept,ok
NAVAN,145.0,2023-12-05,fyi_layoffs.csv,NAVN,kept,ok
BILL.COM,,2023-12-05,fyi_layoffs.csv,0M5.HA,kept,ok
PIVO,,2023-12-05,fyi_layoffs.csv,93P0.F,kept,ok
YAHOO,,2023-12-05,fyi_layoffs.csv,YOJ.SG,kept,ok
SPOTIFY,1500.0,2023-12-04,fyi_layoffs.csv,SPOT,kept,ok
TWILIO,,2023-12-04,fyi_layoffs.csv,TWLO,kept,ok
LOCO,40.0,2023-11-30,fyi_layoffs.csv,LOCO,kept,ok
DOMO,,2023-11-30,fyi_layoffs.csv,DOMO,kept,ok
MOJO,,2023-11-30,fyi_layoffs.csv,MOJO,kept,ok
UNITY,265.0,2023-11-28,fyi_layoffs.csv,U,kept,ok
DATAMINR,150.0,2023-11-28,fyi_layoffs.csv,DATMZZX,kept,ok
MULTIVERSE,,2023-11-28,fyi_layoffs.csv,SKYA-USD,kept,ok
VEEV,,2023-11-26,fyi_layoffs.csv,VEEV,kept,ok
ANAR,,2023-11-25,fyi_layoffs.csv,S2194.MC,kept,ok
C3.AI,,2023-11-20,fyi_layoffs.csv,AI,kept,ok
PRESTO,,2023-11-20,fyi_layoffs.csv,SPACEX-USD,kept,ok
AMAZON,,2023-11-17,fyi_layoffs.csv,AMZN,kept,ok
JANE,,2023-11-17,fyi_layoffs.csv,JANEX,kept,ok
SONOS,,2023-11-16,fyi_layoffs.csv,SONO,kept,ok
CHEWY,200.0,2023-11-14,fyi_layoffs.csv,CHWY,kept,ok
AMAZON,180.0,2023-11-13,fyi_layoffs.csv,AMZN,kept,ok
TRIPADVISOR,125.0,2023-11-12,fyi_layoffs.csv,TRIP,kept,ok
CARTA,,2023-11-09,fyi_layoffs.csv,0P0001A1SR,kept,ok
SNAP,20.0,2023-11-08,fyi_layoffs.csv,SNAP,kept,ok
AMAZON,,2023-11-08,fyi_layoffs.csv,AMZN,kept,ok
BIGCOMMERCE,,2023-11-08,fyi_layoffs.csv,BI1.DU,kept,ok
GOOGLE,,2023-11-08,fyi_layoffs.csv,GOOG,kept,ok
OPORTUN,185.0,2023-11-07,fyi_layoffs.csv,OPRT,kept,ok
ZILLOW,23.0,2023-11-07,fyi_layoffs.csv,Z,kept,ok
NEXTDOOR,,2023-11-07,fyi_layoffs.csv,NXDR,kept,ok
AVA LABS,,2023-11-06,fyi_layoffs.csv,USDA35368-USD,kept,ok
MOORE THREADS,,2023-11-06,fyi_layoffs.csv,688795.SS,kept,ok
F5,120.0,2023-11-03,fyi_layoffs.csv,FFIV,kept,ok
NIO,,2023-11-03,fyi_layoffs.csv,NIO,kept,ok
OPENSEA,,2023-11-03,fyi_layoffs.csv,OPESZZX,kept,ok
VIASAT,800.0,2023-11-02,fyi_layoffs.csv,VSAT,kept,ok
BEYOND MEAT,65.0,2023-11-02,fyi_layoffs.csv,BYND,kept,ok
OPENSPACE,,2023-11-02,fyi_layoffs.csv,OPEPZZX,kept,ok
ORCHARD,,2023-11-02,fyi_layoffs.csv,BKV.SI,kept,ok
SPORTRADAR,,2023-11-02,fyi_layoffs.csv,SRAD,kept,ok
OLIVE,,2023-10-31,fyi_layoffs.csv,36S.F,kept,ok
STEPSTONE,215.0,2023-10-30,fyi_layoffs.csv,STEP,kept,ok
GRAPHY,50.0,2023-10-26,fyi_layoffs.csv,318060.KQ,kept,ok
SALSIFY,110.0,2023-10-25,fyi_layoffs.csv,SLSFZZX,kept,ok
F-SECURE,70.0,2023-10-25,fyi_layoffs.csv,FSECURE.HE,kept,ok
EXABEAM,,2023-10-25,fyi_layoffs.csv,EXAEZZX,kept,ok
MULTIVERSE,,2023-10-25,fyi_layoffs.csv,SKYA-USD,kept,ok
SIFIVE,130.0,2023-10-24,fyi_layoffs.csv,SIFIZZX,kept,ok
PEBBLE,,2023-10-24,fyi_layoffs.csv,PEB,kept,ok
TROPIC,26.0,2023-10-20,fyi_layoffs.csv,5401.KL,kept,ok
LEGALZOOM,100.0,2023-10-19,fyi_layoffs.csv,LZ,kept,ok
GOOGLE,40.0,2023-10-18,fyi_layoffs.csv,GOOG,kept,ok
PLUME,24.0,2023-10-18,fyi_layoffs.csv,PLUME-USD,kept,ok
EXPEDIA,100.0,2023-10-17,fyi_layoffs.csv,EXPE,kept,ok
C2FO,80.0,2023-10-16,fyi_layoffs.csv,CBFOZZX,kept,ok
FLEXPORT,,2023-10-13,fyi_layoffs.csv,FLEPZZX,kept,ok
QUALCOMM,1258.0,2023-10-12,fyi_layoffs.csv,QCOM,kept,ok
NEON,180.0,2023-10-10,fyi_layoffs.csv,NEON,kept,ok
STITCH FIX,558.0,2023-10-09,fyi_layoffs.csv,SFIX,kept,ok
CARBON HEALTH,114.0,2023-10-09,fyi_layoffs.csv,CARHZZX,kept,ok
BRAVE,,2023-10-06,fyi_layoffs.csv,BBSN.L,kept,ok
DASH,,2023-10-06,fyi_layoffs.csv,DASH,kept,ok
SHIFT,,2023-10-06,fyi_layoffs.csv,FOUR,kept,ok
ENOVIX,185.0,2023-10-05,fyi_layoffs.csv,ENVX,kept,ok
ARRIVAL,,2023-10-05,fyi_layoffs.csv,ARVLF,kept,ok
LEDGER,,2023-10-05,fyi_layoffs.csv,DE000SL0FNN9.SG,kept,ok
BIRD,,2023-10-04,fyi_layoffs.csv,BIRD,kept,ok
BLOCK,,2023-10-04,fyi_layoffs.csv,XYZ,kept,ok
META,,2023-10-04,fyi_layoffs.csv,META,kept,ok
DARE,,2023-10-03,fyi_layoffs.csv,DARE,kept,ok
CHAINALYSIS,150.0,2023-10-02,fyi_layoffs.csv,CHAAZZX,kept,ok
SYNAPSE,86.0,2023-10-02,fyi_layoffs.csv,SYN12147-USD,kept,ok
N26,14.0,2023-09-29,fyi_layoffs.csv,N269H.NX,kept,ok
EPIC GAMES,870.0,2023-09-28,fyi_layoffs.csv,EPIGZZX,kept,ok
2U,,2023-09-28,fyi_layoffs.csv,2UH0.F,kept,ok
SNAP,170.0,2023-09-27,fyi_layoffs.csv,SNAP,kept,ok
FLEXE,131.0,2023-09-26,fyi_layoffs.csv,FLEXZZX,kept,ok
TALKDESK,,2023-09-26,fyi_layoffs.csv,TALKZZX,kept,ok
EAT JUST,40.0,2023-09-22,fyi_layoffs.csv,EATJZZX,kept,ok
ROBLOX,30.0,2023-09-22,fyi_layoffs.csv,RBLX,kept,ok
ROBINHOOD,,2023-09-21,fyi_layoffs.csv,HOOD,kept,ok
OUTREACH,,2023-09-20,fyi_layoffs.csv,OUTHZZX,kept,ok
CISCO,350.0,2023-09-17,fyi_layoffs.csv,CSCO,kept,ok
VELOCITY,,2023-09-15,fyi_layoffs.csv,7165.KL,kept,ok
AIRTABLE,237.0,2023-09-14,fyi_layoffs.csv,AIRTZZX,kept,ok
PROJECT44,116.0,2023-09-14,fyi_layoffs.csv,PROJZZX,kept,ok
R3,,2023-09-14,fyi_layoffs.csv,R32G.VI,kept,ok
GOOGLE,75.0,2023-09-13,fyi_layoffs.csv,GOOG,kept,ok
EVOLVE,175.0,2023-09-12,fyi_layoffs.csv,BIGY.TO,kept,ok
PAPER,87.0,2023-09-12,fyi_layoffs.csv,IP,kept,ok
BONTERRA,,2023-09-11,fyi_layoffs.csv,BNE.TO,kept,ok
OYSTER,,2023-09-11,fyi_layoffs.csv,3224.T,kept,ok
CHARGEPOINT,,2023-09-08,fyi_layoffs.csv,CHPT,kept,ok
DRIFT,100.0,2023-09-07,fyi_layoffs.csv,DRIFT31278-USD,kept,ok
HIJRA,,2023-09-07,fyi_layoffs.csv,FBMHS.FGI,kept,ok
ROKU,360.0,2023-09-06,fyi_layoffs.csv,ROKU,kept,ok
ISPECIMEN,,2023-09-06,fyi_layoffs.csv,ISPC,kept,ok
ABSCI,30.0,2023-09-05,fyi_layoffs.csv,ABSI,kept,ok
PEGASYSTEMS,240.0,2023-08-31,fyi_layoffs.csv,PEGA,kept,ok
MALWAREBYTES,100.0,2023-08-31,fyi_layoffs.csv,MALWZZX,kept,ok
EXPEDIA,,2023-08-31,fyi_layoffs.csv,EXPE,kept,ok
HUMA,45.0,2023-08-30,fyi_layoffs.csv,HUMA,kept,ok
ZEBRA TECHNOLOGIES,700.0,2023-08-28,fyi_layoffs.csv,ZBRA,kept,ok
SENSETIME,,2023-08-28,fyi_layoffs.csv,0020.HK,kept,ok
FORTINET,,2023-08-25,fyi_layoffs.csv,FTNT,kept,ok
ATLAS,150.0,2023-08-23,fyi_layoffs.csv,TEAM,kept,ok
BLACKLINE,95.0,2023-08-23,fyi_layoffs.csv,BL,kept,ok
JOIN,,2023-08-23,fyi_layoffs.csv,HSBK.IL,kept,ok
GETIR,2500.0,2023-08-22,fyi_layoffs.csv,XUSIN_CFNNTLTL.IS,kept,ok
TEMPO AUTOMATION,,2023-08-22,fyi_layoffs.csv,TMPOQ,kept,ok
RECUR,,2023-08-21,fyi_layoffs.csv,RXRX,kept,ok
UNITE US,,2023-08-21,fyi_layoffs.csv,UNITS-USD,kept,ok
EMBRACE,,2023-08-18,fyi_layoffs.csv,TH93.F,kept,ok
ZYLO,,2023-08-18,fyi_layoffs.csv,818.F,kept,ok
ILLUMINA,151.0,2023-08-17,fyi_layoffs.csv,ILMN,kept,ok
APPFOLIO,149.0,2023-08-17,fyi_layoffs.csv,APPF,kept,ok
INTEL,140.0,2023-08-17,fyi_layoffs.csv,INTC,kept,ok
CIRCLECI,,2023-08-17,fyi_layoffs.csv,CIRLZZX,kept,ok
NOICE,,2023-08-15,fyi_layoffs.csv,NOICE-USD,kept,ok
COINDESK,,2023-08-14,fyi_layoffs.csv,KRYP,kept,ok
NCC GROUP,,2023-08-10,fyi_layoffs.csv,NZB.F,kept,ok
BLEND,150.0,2023-08-09,fyi_layoffs.csv,BLND,kept,ok
BUKALAPAK,,2023-08-09,fyi_layoffs.csv,BKLPF,kept,ok
PODIUM,,2023-08-09,fyi_layoffs.csv,55D.F,kept,ok
RAPID7,470.0,2023-08-08,fyi_layoffs.csv,RPD,kept,ok
MPL,350.0,2023-08-08,fyi_layoffs.csv,MPL,kept,ok
DOXIMITY,100.0,2023-08-08,fyi_layoffs.csv,DOCS,kept,ok
DELL,,2023-08-07,fyi_layoffs.csv,DELL,kept,ok
VERSE,,2023-08-07,fyi_layoffs.csv,M130.F,kept,ok
TOP HAT,42.0,2023-08-04,fyi_layoffs.csv,HAT35075-USD,kept,ok
ASTRA,,2023-08-04,fyi_layoffs.csv,AZN,kept,ok
DISCORD,37.0,2023-08-03,fyi_layoffs.csv,DSCRZZX,kept,ok
AWARE,,2023-08-03,fyi_layoffs.csv,ESGE,kept,ok
TEKION,300.0,2023-08-02,fyi_layoffs.csv,TEKIZZX,kept,ok
BETTERUP,100.0,2023-08-02,fyi_layoffs.csv,BETEZZX,kept,ok
GEM,70.0,2023-08-02,fyi_layoffs.csv,GEM,kept,ok
SALESFORCE,50.0,2023-08-02,fyi_layoffs.csv,CRM,kept,ok
DICE,,2023-08-02,fyi_layoffs.csv,DC4.VN,kept,ok
HACKERONE,,2023-08-02,fyi_layoffs.csv,HACKZZX,kept,ok
TRIPADVISOR,,2023-08-02,fyi_layoffs.csv,TRIP,kept,ok
PLANET,117.0,2023-08-01,fyi_layoffs.csv,PL,kept,ok
PAPER,106.0,2023-08-01,fyi_layoffs.csv,IP,kept,ok
ARCHIPELAGO,40.0,2023-08-01,fyi_layoffs.csv,A33.SI,kept,ok
INDIGO,,2023-08-01,fyi_layoffs.csv,IUSD22989-USD,kept,ok
OUTREACH,,2023-08-01,fyi_layoffs.csv,OUTHZZX,kept,ok
FABLE,13.0,2023-07-31,fyi_layoffs.csv,6L50.F,kept,ok
CAMBRICON,,2023-07-31,fyi_layoffs.csv,688256.SS,kept,ok
EROAD,200.0,2023-07-28,fyi_layoffs.csv,ERD.NZ,kept,ok
WISH,255.0,2023-07-27,fyi_layoffs.csv,WISH.V,kept,ok
POINT,61.0,2023-07-27,fyi_layoffs.csv,CHKP,kept,ok
VERBIT,60.0,2023-07-27,fyi_layoffs.csv,VERBZZX,kept,ok
FIGURE,90.0,2023-07-26,fyi_layoffs.csv,FIGR,kept,ok
RIPL,,2023-07-26,fyi_layoffs.csv,RIPLEY.SN,kept,ok
VIAPLAY,450.0,2023-07-20,fyi_layoffs.csv,VPLAY-B.ST,kept,ok
MIQ,,2023-07-20,fyi_layoffs.csv,MIQPX,kept,ok
PHUNWARE,,2023-07-20,fyi_layoffs.csv,PHUN,kept,ok
MICROSOFT,1000.0,2023-07-18,fyi_layoffs.csv,MSFT,kept,ok
CAMEO,80.0,2023-07-18,fyi_layoffs.csv,Z88.F,kept,ok
IBM,,2023-07-17,fyi_layoffs.csv,IBM,kept,ok
BINANCE,1000.0,2023-07-14,fyi_layoffs.csv,BNSOL-USD,kept,ok
AMAZON,80.0,2023-07-13,fyi_layoffs.csv,AMZN,kept,ok
AUDIOCODES,80.0,2023-07-13,fyi_layoffs.csv,AUDC,kept,ok
TEMPO AUTOMATION,62.0,2023-07-13,fyi_layoffs.csv,TMPOQ,kept,ok
CENTR,22.0,2023-07-13,fyi_layoffs.csv,LEU,kept,ok
FACTORIAL,20.0,2023-07-13,fyi_layoffs.csv,FAC,kept,ok
PELOTON,11.0,2023-07-13,fyi_layoffs.csv,PTON,kept,ok
BARK,,2023-07-13,fyi_layoffs.csv,BARK,kept,ok
SAS,,2023-07-13,fyi_layoffs.csv,SSL,kept,ok
STITCH FIX,400.0,2023-07-12,fyi_layoffs.csv,SFIX,kept,ok
FREIGHTOS,50.0,2023-07-12,fyi_layoffs.csv,CRGOW,kept,ok
CIRCLE,,2023-07-12,fyi_layoffs.csv,CRCL,kept,ok
EXPEDIA,,2023-07-12,fyi_layoffs.csv,EXPE,kept,ok
EVERQUOTE,100.0,2023-07-11,fyi_layoffs.csv,EVER,kept,ok
BUTTERFLY NETWORK...,,2023-07-11,fyi_layoffs.csv,BFLY,kept,ok
JASPER,,2023-07-11,fyi_layoffs.csv,JSPR,kept,ok
SHIFT,,2023-07-11,fyi_layoffs.csv,FOUR,kept,ok
RAD POWER BIKES,40.0,2023-07-10,fyi_layoffs.csv,RADWZZX,kept,ok
LATCH,,2023-07-10,fyi_layoffs.csv,LTCH,kept,ok
MOTIVE,,2023-07-10,fyi_layoffs.csv,463480.KQ,kept,ok
AMDOCS,2000.0,2023-07-06,fyi_layoffs.csv,DOX,kept,ok
FNZ,1000.0,2023-07-06,fyi_layoffs.csv,FNZ.NZ,kept,ok
VISTA GROUP,,2023-07-05,fyi_layoffs.csv,VGL.NZ,kept,ok
ZIP,300.0,2023-07-02,fyi_layoffs.csv,ZIP,kept,ok
HEADSPACE,181.0,2023-06-29,fyi_layoffs.csv,HEAAZZX,kept,ok
STRIPE,,2023-06-29,fyi_layoffs.csv,0P0000X8PD.F,kept,ok
KARAT,47.0,2023-06-28,fyi_layoffs.csv,KRT,kept,ok
PLEX,37.0,2023-06-28,fyi_layoffs.csv,PLXS,kept,ok
STARBURST,,2023-06-28,fyi_layoffs.csv,STABZZX,kept,ok
ZAPIER,,2023-06-28,fyi_layoffs.csv,ZAPIZZX,kept,ok
SELINA,350.0,2023-06-27,fyi_layoffs.csv,SLNAF,kept,ok
HONOR,,2023-06-27,fyi_layoffs.csv,8186.HK,kept,ok
PAYONEER,200.0,2023-06-26,fyi_layoffs.csv,PAYO,kept,ok
ROBINHOOD,150.0,2023-06-26,fyi_layoffs.csv,HOOD,kept,ok
IRL,,2023-06-23,fyi_layoffs.csv,6IRA.F,kept,ok
UBER,200.0,2023-06-21,fyi_layoffs.csv,UBER,kept,ok
ILLUMINA,,2023-06-21,fyi_layoffs.csv,ILMN,kept,ok
GRAB,1000.0,2023-06-20,fyi_layoffs.csv,GRAB,kept,ok
PANTHER,,2023-06-19,fyi_layoffs.csv,PAT.L,kept,ok
NIKOLA,270.0,2023-06-16,fyi_layoffs.csv,NIKO-USD,kept,ok
QUALCOMM,84.0,2023-06-16,fyi_layoffs.csv,QCOM,kept,ok
PILOT,45.0,2023-06-16,fyi_layoffs.csv,7846.T,kept,ok
TADA,45.0,2023-06-15,fyi_layoffs.csv,^TASI.SR,kept,ok
BITWISE,900.0,2023-06-14,fyi_layoffs.csv,BITQ,kept,ok
SONOS,130.0,2023-06-14,fyi_layoffs.csv,SONO,kept,ok
OLO,81.0,2023-06-14,fyi_layoffs.csv,B353.BR,kept,ok
SYNAPSE,,2023-06-14,fyi_layoffs.csv,SYN12147-USD,kept,ok
WESTERN DIGITAL,211.0,2023-06-13,fyi_layoffs.csv,WDC,kept,ok
ZALANDO,,2023-06-13,fyi_layoffs.csv,ZAL.DE,kept,ok
CHEGG,80.0,2023-06-12,fyi_layoffs.csv,CHGG,kept,ok
TIKI,,2023-06-11,fyi_layoffs.csv,SKIKON.CO,kept,ok
BRANCH,186.0,2023-06-08,fyi_layoffs.csv,BOF,kept,ok
HIGHSPOT,140.0,2023-06-08,fyi_layoffs.csv,HIGHZZX,kept,ok
COHESITY,,2023-06-08,fyi_layoffs.csv,COHSZZX,kept,ok
FRESHWORKS,,2023-06-08,fyi_layoffs.csv,FRSH,kept,ok
COHERENT,196.0,2023-06-06,fyi_layoffs.csv,COHR,kept,ok
REDDIT,90.0,2023-06-06,fyi_layoffs.csv,RDDT,kept,ok
DRAGOS,50.0,2023-06-06,fyi_layoffs.csv,DRAGZZX,kept,ok
UNITY,50.0,2023-06-06,fyi_layoffs.csv,U,kept,ok
MARA,6.0,2023-06-06,fyi_layoffs.csv,MARA,kept,ok
SPOTIFY,200.0,2023-06-05,fyi_layoffs.csv,SPOT,kept,ok
ZOOMINFO,120.0,2023-06-02,fyi_layoffs.csv,GTM,kept,ok
OUTBRAIN,90.0,2023-06-01,fyi_layoffs.csv,852.SG,kept,ok
SENTINELONE,,2023-06-01,fyi_layoffs.csv,S,kept,ok
ZIPRECRUITER,270.0,2023-05-31,fyi_layoffs.csv,ZIP,kept,ok
MUX,40.0,2023-05-31,fyi_layoffs.csv,MUX,kept,ok
AWAY,22.0,2023-05-31,fyi_layoffs.csv,AWAY,kept,ok
COUPA,,2023-05-30,fyi_layoffs.csv,CPNG,kept,ok
EVOLVE,164.0,2023-05-29,fyi_layoffs.csv,BIGY.TO,kept,ok
PROJECT44,130.0,2023-05-26,fyi_layoffs.csv,PROJZZX,kept,ok
DHI GROUP,53.0,2023-05-26,fyi_layoffs.csv,TIPH.BK,kept,ok
GUILD,172.0,2023-05-24,fyi_layoffs.csv,GOG-USD,kept,ok
WESTERN DIGITAL,60.0,2023-05-24,fyi_layoffs.csv,WDC,kept,ok
QUALCOMM,30.0,2023-05-23,fyi_layoffs.csv,QCOM,kept,ok
APPFOLIO,62.0,2023-05-22,fyi_layoffs.csv,APPF,kept,ok
MOSS,30.0,2023-05-19,fyi_layoffs.csv,F73.F,kept,ok
DBT LABS,,2023-05-18,fyi_layoffs.csv,DBTLZZX,kept,ok
STASH,40.0,2023-05-17,fyi_layoffs.csv,STASH31420-USD,kept,ok
LEMONADE,45.0,2023-05-16,fyi_layoffs.csv,LMND,kept,ok
QUANTO,,2023-05-16,fyi_layoffs.csv,YQ7G.Z,kept,ok
CANA,,2023-05-13,fyi_layoffs.csv,CJY=F,kept,ok
NURO,340.0,2023-05-12,fyi_layoffs.csv,NUGYO.IS,kept,ok
TESSERA,,2023-05-12,fyi_layoffs.csv,TSPACEX-USD,kept,ok
VARO,97.0,2023-05-11,fyi_layoffs.csv,VRNS,kept,ok
CS DISCO,,2023-05-11,fyi_layoffs.csv,LAW,kept,ok
MICROSOFT,158.0,2023-05-10,fyi_layoffs.csv,MSFT,kept,ok
SIMILARWEB,60.0,2023-05-10,fyi_layoffs.csv,SMWB,kept,ok
AKAMAI,290.0,2023-05-09,fyi_layoffs.csv,AKAM,kept,ok
AUDIOCODES,80.0,2023-05-09,fyi_layoffs.csv,AUDC,kept,ok
MARQETA,,2023-05-09,fyi_layoffs.csv,MQ,kept,ok
TWIST BIOSCIENCE,270.0,2023-05-05,fyi_layoffs.csv,TWST,kept,ok
MEESHO,251.0,2023-05-05,fyi_layoffs.csv,MEESHO.NS,kept,ok
SHOPIFY,2300.0,2023-05-04,fyi_layoffs.csv,SHOP,kept,ok
SABRE,1100.0,2023-05-04,fyi_layoffs.csv,SABR,kept,ok
KARMA,20.0,2023-05-04,fyi_layoffs.csv,KRMN,kept,ok
UNITY,600.0,2023-05-03,fyi_layoffs.csv,U,kept,ok
UPWORK,137.0,2023-05-03,fyi_layoffs.csv,UPWK,kept,ok
SAS,250.0,2023-05-01,fyi_layoffs.csv,SSL,kept,ok
LEV,34.0,2023-05-01,fyi_layoffs.csv,GDXU,kept,ok
COGITO,177.0,2023-04-29,fyi_layoffs.csv,CGV-USD,kept,ok
CUE HEALTH,326.0,2023-04-28,fyi_layoffs.csv,HLTHQ,kept,ok
N26,71.0,2023-04-28,fyi_layoffs.csv,N269H.NX,kept,ok
DROPBOX,500.0,2023-04-27,fyi_layoffs.csv,DBX,kept,ok
VROOM,120.0,2023-04-27,fyi_layoffs.csv,VRM,kept,ok
GREENHOUSE,100.0,2023-04-27,fyi_layoffs.csv,GWAYF,kept,ok
MEGAPORT,50.0,2023-04-27,fyi_layoffs.csv,92J.F,kept,ok
AIRTASKER,45.0,2023-04-27,fyi_layoffs.csv,9B5.F,kept,ok
CHIEF,43.0,2023-04-27,fyi_layoffs.csv,1597.TW,kept,ok
CLUBHOUSE,,2023-04-27,fyi_layoffs.csv,CMGR,kept,ok
RAD POWER BIKES,,2023-04-27,fyi_layoffs.csv,RADWZZX,kept,ok
RAPID,115.0,2023-04-25,fyi_layoffs.csv,RPD,kept,ok
RAPID,70.0,2023-04-25,fyi_layoffs.csv,RPD,kept,ok
LYFT,1072.0,2023-04-21,fyi_layoffs.csv,LYFT,kept,ok
BENCHLING,74.0,2023-04-21,fyi_layoffs.csv,BENCZZX,kept,ok
BUZZFEED,180.0,2023-04-20,fyi_layoffs.csv,BZFDW,kept,ok
KOO,78.0,2023-04-20,fyi_layoffs.csv,KTN.V,kept,ok
OPEN,47.0,2023-04-20,fyi_layoffs.csv,OPEN,kept,ok
INSIDER,,2023-04-20,fyi_layoffs.csv,^COPY-IV,kept,ok
IRESS,,2023-04-20,fyi_layoffs.csv,BRF.F,kept,ok
LENOVO,,2023-04-20,fyi_layoffs.csv,0992.HK,kept,ok
F5,623.0,2023-04-19,fyi_layoffs.csv,FFIV,kept,ok
OPENDOOR,560.0,2023-04-18,fyi_layoffs.csv,OPEN,kept,ok
NOON,340.0,2023-04-18,fyi_layoffs.csv,SEJ.SI,kept,ok
COLAB,,2023-04-18,fyi_layoffs.csv,COLAB.BO,kept,ok
TEN SQUARE GAMES,120.0,2023-04-17,fyi_layoffs.csv,1HQ.F,kept,ok
PAPER,81.0,2023-04-17,fyi_layoffs.csv,IP,kept,ok
KUMU,,2023-04-17,fyi_layoffs.csv,ALVAP.PA,kept,ok
CALIBRATE,,2023-04-14,fyi_layoffs.csv,0P0001VQHM.F,kept,ok
SNYK,128.0,2023-04-13,fyi_layoffs.csv,SNYKZZX,kept,ok
ASTRONOMER,100.0,2023-04-13,fyi_layoffs.csv,ASTNZZX,kept,ok
VIASAT,300.0,2023-04-12,fyi_layoffs.csv,VSAT,kept,ok
MEDTRONIC,59.0,2023-04-12,fyi_layoffs.csv,MDT,kept,ok
NORI,10.0,2023-04-10,fyi_layoffs.csv,000065.SZ,kept,ok
SIMPL,150.0,2023-04-09,fyi_layoffs.csv,PFIX,kept,ok
AMPLITUDE,99.0,2023-04-05,fyi_layoffs.csv,AMPL,kept,ok
FINDER,40.0,2023-04-04,fyi_layoffs.csv,6NR.F,kept,ok
BOOST,15.0,2023-04-04,fyi_layoffs.csv,BRUN,kept,ok
VIEW,170.0,2023-04-03,fyi_layoffs.csv,VRAYQ,kept,ok
GUIDELINE,48.0,2023-04-03,fyi_layoffs.csv,GGEO.ST,kept,ok
APPLE,,2023-04-03,fyi_layoffs.csv,AAPL,kept,ok
AIRBYTE,,2023-03-31,fyi_layoffs.csv,ARBYZZX,kept,ok
HULU,200.0,2023-03-30,fyi_layoffs.csv,000751.SZ,kept,ok
ROKU,200.0,2023-03-30,fyi_layoffs.csv,ROKU,kept,ok
LENDINGTREE,150.0,2023-03-30,fyi_layoffs.csv,TREE,kept,ok
LOOP,19.0,2023-03-30,fyi_layoffs.csv,LOOP,kept,ok
SPOTIFY,15.0,2023-03-30,fyi_layoffs.csv,SPOT,kept,ok
KYNDRYL,,2023-03-30,fyi_layoffs.csv,KD,kept,ok
ELECTRONIC ARTS,780.0,2023-03-29,fyi_layoffs.csv,EA,kept,ok
SEAGATE,480.0,2023-03-29,fyi_layoffs.csv,STX,kept,ok
ICAD,23.0,2023-03-29,fyi_layoffs.csv,ICADP.XC,kept,ok
SHIFT,,2023-03-29,fyi_layoffs.csv,FOUR,kept,ok
AEYE,46.0,2023-03-28,fyi_layoffs.csv,AEYE,kept,ok
RACKSPACE,275.0,2023-03-27,fyi_layoffs.csv,RXT,kept,ok
BETTER THERAPEUTICS,,2023-03-27,fyi_layoffs.csv,BTTX,kept,ok
CIMPRESS,500.0,2023-03-23,fyi_layoffs.csv,CMPR,kept,ok
LOGITECH,300.0,2023-03-22,fyi_layoffs.csv,LOGI,kept,ok
WEJO,40.0,2023-03-22,fyi_layoffs.csv,WEJOF,kept,ok
COPPER,,2023-03-22,fyi_layoffs.csv,HG=F,kept,ok
REWIND,,2023-03-22,fyi_layoffs.csv,FWD-USD,kept,ok
ROOFSTOCK,,2023-03-22,fyi_layoffs.csv,ROOFZZX,kept,ok
JUST EAT,1700.0,2023-03-21,fyi_layoffs.csv,JTKWY,kept,ok
MARVELL,320.0,2023-03-21,fyi_layoffs.csv,MRVL,kept,ok
XING,68.0,2023-03-21,fyi_layoffs.csv,000598.SZ,kept,ok
EXPEDIA,,2023-03-21,fyi_layoffs.csv,EXPE,kept,ok
GRIN,,2023-03-21,fyi_layoffs.csv,GRIN,kept,ok
AMAZON,9000.0,2023-03-20,fyi_layoffs.csv,AMZN,kept,ok
FRESHWORKS,114.0,2023-03-16,fyi_layoffs.csv,FRSH,kept,ok
COHERENT,108.0,2023-03-16,fyi_layoffs.csv,COHR,kept,ok
KLAVIYO,140.0,2023-03-15,fyi_layoffs.csv,KVYO,kept,ok
META,10000.0,2023-03-14,fyi_layoffs.csv,META,kept,ok
ANCHORAGE DIGITAL,75.0,2023-03-14,fyi_layoffs.csv,AHOAZZX,kept,ok
SAMSUNG,30.0,2023-03-14,fyi_layoffs.csv,005930.KS,kept,ok
COOKPAD,80.0,2023-03-10,fyi_layoffs.csv,2193.T,kept,ok
XERO,800.0,2023-03-09,fyi_layoffs.csv,XRX,kept,ok
GOPUFF,100.0,2023-03-09,fyi_layoffs.csv,GOBRZZX,kept,ok
TOUCAN,,2023-03-09,fyi_layoffs.csv,0P0001MYKM.F,kept,ok
CATCH,,2023-03-07,fyi_layoffs.csv,0173.KL,kept,ok
TAKE-TWO INTERACT...,,2023-03-07,fyi_layoffs.csv,TTWO,kept,ok
ATLASSIAN,500.0,2023-03-06,fyi_layoffs.csv,TEAM,kept,ok
SIRIUSXM,475.0,2023-03-06,fyi_layoffs.csv,SIRI,kept,ok
UKG,265.0,2023-03-06,fyi_layoffs.csv,UKGBBZ.XC,kept,ok
UPGRAD,120.0,2023-03-06,fyi_layoffs.csv,160919.SZ,kept,ok
LOFT,340.0,2023-03-03,fyi_layoffs.csv,DE000SL0BJN6.SG,kept,ok
LENDI,100.0,2023-03-03,fyi_layoffs.csv,LC,kept,ok
AIRBNB,30.0,2023-03-03,fyi_layoffs.csv,ABNB,kept,ok
INDIGO,,2023-03-03,fyi_layoffs.csv,IUSD22989-USD,kept,ok
ZSCALER,177.0,2023-03-02,fyi_layoffs.csv,ZS,kept,ok
MASTERCLASS,79.0,2023-03-02,fyi_layoffs.csv,MASEZZX,kept,ok
CNET,12.0,2023-03-02,fyi_layoffs.csv,CNET,kept,ok
ORCHARD,,2023-03-02,fyi_layoffs.csv,BKV.SI,kept,ok
SONDER,100.0,2023-03-01,fyi_layoffs.csv,SOND.SW,kept,ok
ELECTRONIC ARTS,200.0,2023-02-28,fyi_layoffs.csv,EA,kept,ok
PALANTIR,75.0,2023-02-27,fyi_layoffs.csv,PLTR,kept,ok
OUTREACH,70.0,2023-02-27,fyi_layoffs.csv,OUTHZZX,kept,ok
BITSIGHT,40.0,2023-02-26,fyi_layoffs.csv,DE000SL0BQN1.SG,kept,ok
ERICSSON,8500.0,2023-02-24,fyi_layoffs.csv,ERIC,kept,ok
EAT JUST,40.0,2023-02-24,fyi_layoffs.csv,EATJZZX,kept,ok
STAX,24.0,2023-02-24,fyi_layoffs.csv,STAX,kept,ok
ONEFOOTBALL,150.0,2023-02-23,fyi_layoffs.csv,OFC39851-USD,kept,ok
EVGO,40.0,2023-02-23,fyi_layoffs.csv,EVGO,kept,ok
TASKUS,186.0,2023-02-22,fyi_layoffs.csv,TASK,kept,ok
IMMUTABLE,,2023-02-22,fyi_layoffs.csv,B8X0.F,kept,ok
POLYGON,100.0,2023-02-21,fyi_layoffs.csv,MMF21370-USD,kept,ok
BOLT,17.0,2023-02-21,fyi_layoffs.csv,BOLT,kept,ok
CRITEO,,2023-02-21,fyi_layoffs.csv,CRTO,kept,ok
ZALANDO,,2023-02-21,fyi_layoffs.csv,ZAL.DE,kept,ok
KINDE,8.0,2023-02-20,fyi_layoffs.csv,KMI,kept,ok
HP,100.0,2023-02-19,fyi_layoffs.csv,HP,kept,ok
MICRON,2400.0,2023-02-17,fyi_layoffs.csv,MU,kept,ok
TENCENT,300.0,2023-02-17,fyi_layoffs.csv,0700.HK,kept,ok
DIGIMARC,,2023-02-17,fyi_layoffs.csv,DMRC,kept,ok
RESERVE,,2023-02-17,fyi_layoffs.csv,GRZ.V,kept,ok
DOCUSIGN,680.0,2023-02-16,fyi_layoffs.csv,DOCU,kept,ok
THE REALREAL,230.0,2023-02-16,fyi_layoffs.csv,REAL,kept,ok
SERVICETITAN,221.0,2023-02-15,fyi_layoffs.csv,TTAN,kept,ok
NEON,210.0,2023-02-15,fyi_layoffs.csv,NEON,kept,ok
DIGITALOCEAN,200.0,2023-02-15,fyi_layoffs.csv,DOCN,kept,ok
SPRINKLR,100.0,2023-02-15,fyi_layoffs.csv,CXM,kept,ok
BETTERMENT,28.0,2023-02-15,fyi_layoffs.csv,BETNZZX,kept,ok
VICARIOUS SURGICAL,,2023-02-15,fyi_layoffs.csv,RBOTW,kept,ok
BLACKBAUD,500.0,2023-02-14,fyi_layoffs.csv,BLKB,kept,ok
UDEMY,,2023-02-14,fyi_layoffs.csv,7WH.DU,kept,ok
TWILIO,1500.0,2023-02-13,fyi_layoffs.csv,TWLO,kept,ok
ELECTRIC,141.0,2023-02-13,fyi_layoffs.csv,EMR,kept,ok
COLLECTIVE HEALTH,54.0,2023-02-13,fyi_layoffs.csv,CECVZZX,kept,ok
MAGIC EDEN,22.0,2023-02-13,fyi_layoffs.csv,ME32197-USD,kept,ok
GETIR,,2023-02-13,fyi_layoffs.csv,XUSIN_CFNNTLTL.IS,kept,ok
OPEN CO,,2023-02-10,fyi_layoffs.csv,440320.KQ,kept,ok
RIGETTI COMPUTING,,2023-02-10,fyi_layoffs.csv,RGTI,kept,ok
YAHOO,1600.0,2023-02-09,fyi_layoffs.csv,YOJ.SG,kept,ok
OPORTUN,155.0,2023-02-09,fyi_layoffs.csv,OPRT,kept,ok
GITLAB,130.0,2023-02-09,fyi_layoffs.csv,GTLB,kept,ok
BARK,126.0,2023-02-09,fyi_layoffs.csv,BARK,kept,ok
REE AUTOMOTIVE,100.0,2023-02-09,fyi_layoffs.csv,REE,kept,ok
REE AUTOMOTIVE,31.0,2023-02-09,fyi_layoffs.csv,REE,kept,ok
GODADDY,530.0,2023-02-08,fyi_layoffs.csv,GDDY,kept,ok
AFFIRM,500.0,2023-02-08,fyi_layoffs.csv,AFRM,kept,ok
GUSTO,126.0,2023-02-08,fyi_layoffs.csv,GUSTZZX,kept,ok
GONG,80.0,2023-02-08,fyi_layoffs.csv,301197.SZ,kept,ok
KOHO,,2023-02-08,fyi_layoffs.csv,6524.T,kept,ok
ZOOM,1300.0,2023-02-07,fyi_layoffs.csv,ZM,kept,ok
EBAY,500.0,2023-02-07,fyi_layoffs.csv,EBAY,kept,ok
DELL,6650.0,2023-02-06,fyi_layoffs.csv,DELL,kept,ok
DRIFT,59.0,2023-02-06,fyi_layoffs.csv,DRIFT31278-USD,kept,ok
CLARI,20.0,2023-02-06,fyi_layoffs.csv,CLVT,kept,ok
EIGHTFOLD AI,90.0,2023-02-03,fyi_layoffs.csv,EIGTZZX,kept,ok
FINDER,,2023-02-03,fyi_layoffs.csv,6NR.F,kept,ok
OKTA,300.0,2023-02-02,fyi_layoffs.csv,OKTA,kept,ok
AUTODESK,250.0,2023-02-02,fyi_layoffs.csv,ADSK,kept,ok
NCC GROUP,125.0,2023-02-02,fyi_layoffs.csv,NZB.F,kept,ok
MIRO,119.0,2023-02-02,fyi_layoffs.csv,0P0001JBXF.F,kept,ok
GETIR,100.0,2023-02-02,fyi_layoffs.csv,XUSIN_CFNNTLTL.IS,kept,ok
HIGHSPOT,100.0,2023-02-02,fyi_layoffs.csv,HIGHZZX,kept,ok
GETAROUND,,2023-02-02,fyi_layoffs.csv,GETR,kept,ok
TALKDESK,,2023-02-02,fyi_layoffs.csv,TALKZZX,kept,ok
PINTEREST,150.0,2023-02-01,fyi_layoffs.csv,PINS,kept,ok
DRAFTKINGS,140.0,2023-02-01,fyi_layoffs.csv,DKNG,kept,ok
CYREN,121.0,2023-02-01,fyi_layoffs.csv,CYRNQ,kept,ok
WORKATO,90.0,2023-02-01,fyi_layoffs.csv,WKATZZX,kept,ok
VERTICALSCOPE,60.0,2023-02-01,fyi_layoffs.csv,7E9.SG,kept,ok
WHEEL,56.0,2023-02-01,fyi_layoffs.csv,001560.KS,kept,ok
CHAINALYSIS,44.0,2023-02-01,fyi_layoffs.csv,CHAAZZX,kept,ok
ADA,,2023-02-01,fyi_layoffs.csv,ADA-USD,kept,ok
MATCH GROUP,,2023-02-01,fyi_layoffs.csv,MTCH,kept,ok
RIVIAN,,2023-02-01,fyi_layoffs.csv,RIVN,kept,ok
PAYPAL,2000.0,2023-01-31,fyi_layoffs.csv,PYPL,kept,ok
NETAPP,960.0,2023-01-31,fyi_layoffs.csv,NTAP,kept,ok
WORKDAY,525.0,2023-01-31,fyi_layoffs.csv,WDAY,kept,ok
HUBSPOT,500.0,2023-01-31,fyi_layoffs.csv,HUBS,kept,ok
UPSTART,365.0,2023-01-31,fyi_layoffs.csv,UPST,kept,ok
SOFTWARE AG,200.0,2023-01-31,fyi_layoffs.csv,INW.F,kept,ok
WISH,150.0,2023-01-31,fyi_layoffs.csv,WISH.V,kept,ok
PHILIPS,6000.0,2023-01-30,fyi_layoffs.csv,PHIA.AS,kept,ok
ARRIVAL,800.0,2023-01-30,fyi_layoffs.csv,ARVLF,kept,ok
GROUPON,500.0,2023-01-30,fyi_layoffs.csv,GRPN,kept,ok
INTEL,343.0,2023-01-30,fyi_layoffs.csv,INTC,kept,ok
DELIVERY HERO,156.0,2023-01-30,fyi_layoffs.csv,DELHY,kept,ok
IMPOSSIBLE FOODS...,140.0,2023-01-30,fyi_layoffs.csv,IMPSZZX,kept,ok
OYSTER,,2023-01-30,fyi_layoffs.csv,3224.T,kept,ok
PRIME TRUST,,2023-01-30,fyi_layoffs.csv,ZAFMBX,kept,ok
QUANTUM SI,,2023-01-30,fyi_layoffs.csv,QSI,kept,ok
SOFI,,2023-01-30,fyi_layoffs.csv,SOFI,kept,ok
SYNOPSYS,100.0,2023-01-27,fyi_layoffs.csv,SNPS,kept,ok
#PAID,19.0,2023-01-27,fyi_layoffs.csv,PAYD,kept,ok
DECENT,,2023-01-27,fyi_layoffs.csv,DE000SL0FNN9.SG,kept,ok
NATE,,2023-01-27,fyi_layoffs.csv,NTRA,kept,ok
SAP,3000.0,2023-01-26,fyi_layoffs.csv,SAP,kept,ok
DRIVEWEALTH,,2023-01-26,fyi_layoffs.csv,^IDW100T,kept,ok
QUORA,,2023-01-26,fyi_layoffs.csv,QUORZZX,kept,ok
IBM,3900.0,2023-01-25,fyi_layoffs.csv,IBM,kept,ok
LAM RESEARCH,1300.0,2023-01-25,fyi_layoffs.csv,LRCX,kept,ok
LUNO,330.0,2023-01-25,fyi_layoffs.csv,UNO8875-USD,kept,ok
GUARDANT HEALTH,130.0,2023-01-25,fyi_layoffs.csv,GH,kept,ok
NOOM,,2023-01-25,fyi_layoffs.csv,NOOMZZX,kept,ok
PAGSEGURO,,2023-01-25,fyi_layoffs.csv,PAGS,kept,ok
PROSUS,,2023-01-25,fyi_layoffs.csv,PRX.AS,kept,ok
INNOVACCER,245.0,2023-01-24,fyi_layoffs.csv,IOVCZZX,kept,ok
BOLT,50.0,2023-01-24,fyi_layoffs.csv,BOLT,kept,ok
ICON,,2023-01-24,fyi_layoffs.csv,ICON,kept,ok
PAGERDUTY,,2023-01-24,fyi_layoffs.csv,PD,kept,ok
SPOTIFY,600.0,2023-01-23,fyi_layoffs.csv,SPOT,kept,ok
INMOBI,50.0,2023-01-23,fyi_layoffs.csv,CFINRENTAS.SN,kept,ok
GEMINI,,2023-01-23,fyi_layoffs.csv,GEMI,kept,ok
YEXT,,2023-01-23,fyi_layoffs.csv,YEXT,kept,ok
BUX,,2023-01-22,fyi_layoffs.csv,FHUBE.DE,kept,ok
GOOGLE,12000.0,2023-01-20,fyi_layoffs.csv,GOOG,kept,ok
WAYFAIR,1750.0,2023-01-20,fyi_layoffs.csv,W,kept,ok
SWIGGY,380.0,2023-01-20,fyi_layoffs.csv,SWIGGY.NS,kept,ok
BITTORRENT,92.0,2023-01-20,fyi_layoffs.csv,BTTOLD-EUR,kept,ok
KARAT,47.0,2023-01-20,fyi_layoffs.csv,KRT,kept,ok
ENJOEI,31.0,2023-01-20,fyi_layoffs.csv,ENJU3F.SA,kept,ok
TIKTOK,,2023-01-20,fyi_layoffs.csv,PEANUT33916-USD,kept,ok
CAPITAL ONE,1100.0,2023-01-19,fyi_layoffs.csv,COF,kept,ok
WEWORK,300.0,2023-01-19,fyi_layoffs.csv,WEWORK.BO,kept,ok
CS DISCO,62.0,2023-01-19,fyi_layoffs.csv,LAW,kept,ok
ICERTIS,,2023-01-19,fyi_layoffs.csv,ICETZZX,kept,ok
MAGNITE,,2023-01-19,fyi_layoffs.csv,MGNI,kept,ok
PERSONALIS,,2023-01-19,fyi_layoffs.csv,PSNL,kept,ok
PRISMA,,2023-01-19,fyi_layoffs.csv,V7D.F,kept,ok
WALLBOX,,2023-01-19,fyi_layoffs.csv,WBX,kept,ok
TELADOC HEALTH,300.0,2023-01-18,fyi_layoffs.csv,TDOC,kept,ok
VROOM,275.0,2023-01-18,fyi_layoffs.csv,VRM,kept,ok
8X8,155.0,2023-01-18,fyi_layoffs.csv,EGHT,kept,ok
PAGAYA,140.0,2023-01-18,fyi_layoffs.csv,PGY,kept,ok
JUMPCLOUD,100.0,2023-01-18,fyi_layoffs.csv,JUMPZZX,kept,ok
NCINO,100.0,2023-01-18,fyi_layoffs.csv,NCNO,kept,ok
STARRY,100.0,2023-01-18,fyi_layoffs.csv,603520.SS,kept,ok
CLUE,31.0,2023-01-18,fyi_layoffs.csv,CLU.XA,kept,ok
ADDEPAR,20.0,2023-01-18,fyi_layoffs.csv,ADDPZZX,kept,ok
CAZOO,,2023-01-18,fyi_layoffs.csv,CZOOF,kept,ok
CODA,,2023-01-18,fyi_layoffs.csv,CODA,kept,ok
LUCID DIAGNOSTICS,,2023-01-18,fyi_layoffs.csv,LUCD,kept,ok
LIGHTSPEED COM...,300.0,2023-01-17,fyi_layoffs.csv,LSPD,kept,ok
UNITY,284.0,2023-01-17,fyi_layoffs.csv,U,kept,ok
CLUTCH,150.0,2023-01-17,fyi_layoffs.csv,603926.SS,kept,ok
UNICO,110.0,2023-01-17,fyi_layoffs.csv,407A.T,kept,ok
TUL,100.0,2023-01-17,fyi_layoffs.csv,TLW.L,kept,ok
RINGCENTRAL,30.0,2023-01-17,fyi_layoffs.csv,RNG,kept,ok
ORACLE,,2023-01-17,fyi_layoffs.csv,ORCL,kept,ok
RAPPI,,2023-01-17,fyi_layoffs.csv,RAPPID-SM.NS,kept,ok
XP,,2023-01-17,fyi_layoffs.csv,XP,kept,ok
BHARATAGRI,40.0,2023-01-15,fyi_layoffs.csv,BHARATAGRI.BO,kept,ok
OLA,200.0,2023-01-13,fyi_layoffs.csv,OLA.TO,kept,ok
BONTERRA,140.0,2023-01-13,fyi_layoffs.csv,BNE.TO,kept,ok
VIAL,40.0,2023-01-13,fyi_layoffs.csv,0P0000ZRNQ,kept,ok
CARVANA,,2023-01-13,fyi_layoffs.csv,CVNA,kept,ok
PIER,111.0,2023-01-12,fyi_layoffs.csv,959.F,kept,ok
LATTICE,105.0,2023-01-12,fyi_layoffs.csv,LSCC,kept,ok
GREENLIGHT,104.0,2023-01-12,fyi_layoffs.csv,G8L.F,kept,ok
MAPBOX,64.0,2023-01-12,fyi_layoffs.csv,MAPBZZX,kept,ok
DEFINITIVE HEALTHC...,55.0,2023-01-12,fyi_layoffs.csv,DH,kept,ok
CRYPTO.COM,,2023-01-12,fyi_layoffs.csv,CDCETH-USD,kept,ok
LIFE360,,2023-01-12,fyi_layoffs.csv,LIF,kept,ok
INTRINSIC,40.0,2023-01-11,fyi_layoffs.csv,0P0001MHNW,kept,ok
CITIZEN,33.0,2023-01-11,fyi_layoffs.csv,CFG,kept,ok
CARTA,,2023-01-11,fyi_layoffs.csv,0P0001A1SR,kept,ok
OYSTER,,2023-01-11,fyi_layoffs.csv,3224.T,kept,ok
COINBASE,950.0,2023-01-10,fyi_layoffs.csv,COIN,kept,ok
BLEND,340.0,2023-01-10,fyi_layoffs.csv,BLND,kept,ok
THINKIFIC,76.0,2023-01-10,fyi_layoffs.csv,THNC.TO,kept,ok
LEAD,60.0,2023-01-10,fyi_layoffs.csv,LEAD,kept,ok
CART.COM,25.0,2023-01-10,fyi_layoffs.csv,CARMZZX,kept,ok
CART.COM,,2023-01-10,fyi_layoffs.csv,CARMZZX,kept,ok
ESPER,,2023-01-10,fyi_layoffs.csv,ESPR,kept,ok
WHOOP,,2023-01-10,fyi_layoffs.csv,WHOOZZX,kept,ok
FATE THERAPEUTICS,315.0,2023-01-09,fyi_layoffs.csv,FATE,kept,ok
CENTURY THERAPEU...,,2023-01-09,fyi_layoffs.csv,IPSC,kept,ok
EDITAS MEDICINE,,2023-01-09,fyi_layoffs.csv,EDIT,kept,ok
SCALE AI,,2023-01-09,fyi_layoffs.csv,SCALZZX,kept,ok
INTEGRATE,,2023-01-07,fyi_layoffs.csv,ZIM,kept,ok
HUOBI,275.0,2023-01-06,fyi_layoffs.csv,HT-USD,kept,ok
CARBON HEALTH,200.0,2023-01-06,fyi_layoffs.csv,CARHZZX,kept,ok
BOUNCE,40.0,2023-01-06,fyi_layoffs.csv,WBB31497-USD,kept,ok
AWARE,,2023-01-06,fyi_layoffs.csv,ESGE,kept,ok
LANTERN,,2023-01-06,fyi_layoffs.csv,LTRN,kept,ok
SUPERRARE,,2023-01-06,fyi_layoffs.csv,RARE11294-USD,kept,ok
CUE,388.0,2023-01-05,fyi_layoffs.csv,CUE,kept,ok
SOUNDHOUND,200.0,2023-01-05,fyi_layoffs.csv,SOUN,kept,ok
SOCURE,104.0,2023-01-05,fyi_layoffs.csv,SOCUZZX,kept,ok
GENESIS,60.0,2023-01-05,fyi_layoffs.csv,GEL,kept,ok
ATTENTIVE,,2023-01-05,fyi_layoffs.csv,AENVZZX,kept,ok
COMPASS,,2023-01-05,fyi_layoffs.csv,CMPS,kept,ok
MEGAPORT,,2023-01-05,fyi_layoffs.csv,92J.F,kept,ok
STITCH FIX,,2023-01-05,fyi_layoffs.csv,SFIX,kept,ok
AMAZON,8000.0,2023-01-04,fyi_layoffs.csv,AMZN,kept,ok
SALESFORCE,8000.0,2023-01-04,fyi_layoffs.csv,CRM,kept,ok
ASTRONOMER,76.0,2023-01-04,fyi_layoffs.csv,ASTNZZX,kept,ok
KALTURA,75.0,2023-01-04,fyi_layoffs.csv,KLTR,kept,ok
BUTTERFLY NETWORK,,2023-01-04,fyi_layoffs.csv,BFLY,kept,ok
PEGASYSTEMS,245.0,2023-01-03,fyi_layoffs.csv,PEGA,kept,ok
AMDOCS,700.0,2023-01-02,fyi_layoffs.csv,DOX,kept,ok
MICRON,4800.0,2023-01-01,fyi_layoffs.csv,MU,kept,ok
MARA,,2022-12-31,fyi_layoffs.csv,MARA,kept,ok
BILIBILI,,2022-12-27,fyi_layoffs.csv,BILI,kept,ok
PAYU,150.0,2022-12-26,fyi_layoffs.csv,PAYU-USD,kept,ok
ELEMENT,,2022-12-25,fyi_layoffs.csv,ESI,kept,ok
WILLOW,99.0,2022-12-23,fyi_layoffs.csv,0008.KL,kept,ok
QUALCOMM,153.0,2022-12-22,fyi_layoffs.csv,QCOM,kept,ok
BRIZA,26.0,2022-12-20,fyi_layoffs.csv,MBWSP.XD,kept,ok
ZHIHU,,2022-12-20,fyi_layoffs.csv,ZH,kept,ok
XIAOMI,,2022-12-19,fyi_layoffs.csv,1810.HK,kept,ok
TOMORROW,30.0,2022-12-16,fyi_layoffs.csv,VWSKX,kept,ok
E INC.,,2022-12-16,fyi_layoffs.csv,FCEL,kept,ok
REACH,,2022-12-16,fyi_layoffs.csv,5332.KL,kept,ok
BIGCOMMERCE,180.0,2022-12-15,fyi_layoffs.csv,BI1.DU,kept,ok
FRESHWORKS,90.0,2022-12-15,fyi_layoffs.csv,FRSH,kept,ok
APOLLO,,2022-12-15,fyi_layoffs.csv,APO,kept,ok
HEADSPACE,50.0,2022-12-14,fyi_layoffs.csv,HEAAZZX,kept,ok
THUMBTACK,160.0,2022-12-13,fyi_layoffs.csv,THUBZZX,kept,ok
VIANT,46.0,2022-12-13,fyi_layoffs.csv,DSP,kept,ok
BALTO,35.0,2022-12-12,fyi_layoffs.csv,BALTO34044-USD,kept,ok
CARIBOU,,2022-12-12,fyi_layoffs.csv,CRBU,kept,ok
PLAYTIKA,600.0,2022-12-09,fyi_layoffs.csv,PLTK,kept,ok
ALICE,113.0,2022-12-09,fyi_layoffs.csv,2305.T,kept,ok
PRIMER,85.0,2022-12-09,fyi_layoffs.csv,PRI,kept,ok
ONEFOOTBALL,62.0,2022-12-09,fyi_layoffs.csv,OFC39851-USD,kept,ok
C2FO,20.0,2022-12-09,fyi_layoffs.csv,CBFOZZX,kept,ok
AIRTABLE,254.0,2022-12-08,fyi_layoffs.csv,AIRTZZX,kept,ok
SWIGGY,250.0,2022-12-08,fyi_layoffs.csv,SWIGGY.NS,kept,ok
BUSER,160.0,2022-12-08,fyi_layoffs.csv,BUSER.ST,kept,ok
BLACKLINE,95.0,2022-12-08,fyi_layoffs.csv,BL,kept,ok
TECHTARGET,60.0,2022-12-08,fyi_layoffs.csv,TTGT,kept,ok
INSCRIPTA,43.0,2022-12-08,fyi_layoffs.csv,INSCZZX,kept,ok
BAKKT,,2022-12-08,fyi_layoffs.csv,BKKT,kept,ok
LENOVO,,2022-12-08,fyi_layoffs.csv,0992.HK,kept,ok
NERDY,,2022-12-08,fyi_layoffs.csv,NRDY,kept,ok
VANTA,,2022-12-08,fyi_layoffs.csv,0220.KL,kept,ok
LOFT,312.0,2022-12-07,fyi_layoffs.csv,DE000SL0BJN6.SG,kept,ok
PLAID,260.0,2022-12-07,fyi_layoffs.csv,STIF.CN,kept,ok
MOTIVE,237.0,2022-12-07,fyi_layoffs.csv,463480.KQ,kept,ok
RELATIVITY,150.0,2022-12-07,fyi_layoffs.csv,ACQC,kept,ok
VOI,130.0,2022-12-07,fyi_layoffs.csv,2495.HK,kept,ok
GROVER,40.0,2022-12-07,fyi_layoffs.csv,GJL-SM.NS,kept,ok
LEV,30.0,2022-12-07,fyi_layoffs.csv,GDXU,kept,ok
CIRCLECI,,2022-12-07,fyi_layoffs.csv,CIRLZZX,kept,ok
DOMA,515.0,2022-12-06,fyi_layoffs.csv,DBM.TO,kept,ok
INTEL,201.0,2022-12-06,fyi_layoffs.csv,INTC,kept,ok
BUZZFEED,180.0,2022-12-06,fyi_layoffs.csv,BZFDW,kept,ok
ADOBE,100.0,2022-12-06,fyi_layoffs.csv,ADBE,kept,ok
STASH,32.0,2022-12-06,fyi_layoffs.csv,STASH31420-USD,kept,ok
FILEVINE,,2022-12-06,fyi_layoffs.csv,FILVZZX,kept,ok
MOOVE,,2022-12-06,fyi_layoffs.csv,MOOVE-USD,kept,ok
ROUTE,,2022-12-05,fyi_layoffs.csv,3R6N.F,kept,ok
THINKIFIC,,2022-12-05,fyi_layoffs.csv,THNC.TO,kept,ok
OYO,600.0,2022-12-03,fyi_layoffs.csv,OYOCF,kept,ok
BYBIT,,2022-12-03,fyi_layoffs.csv,BBSOL-USD,kept,ok
COGNYTE,100.0,2022-12-02,fyi_layoffs.csv,CGNT,kept,ok
POLLY,47.0,2022-12-02,fyi_layoffs.csv,POLLY35695-USD,kept,ok
SPRINGBIG,37.0,2022-12-01,fyi_layoffs.csv,SBIG,kept,ok
PODIUM,,2022-12-01,fyi_layoffs.csv,55D.F,kept,ok
STRAVA,,2022-12-01,fyi_layoffs.csv,STRAZZX,kept,ok
SYNLOGIC,,2022-12-01,fyi_layoffs.csv,SYBX,kept,ok
DOORDASH,1250.0,2022-11-30,fyi_layoffs.csv,DASH,kept,ok
KRAKEN,1100.0,2022-11-30,fyi_layoffs.csv,PNG.V,kept,ok
ULA,134.0,2022-11-30,fyi_layoffs.csv,BINBN.IS,kept,ok
WONDER,130.0,2022-11-30,fyi_layoffs.csv,LNWO,kept,ok
GRIN,60.0,2022-11-30,fyi_layoffs.csv,GRIN,kept,ok
UALÁ,53.0,2022-11-30,fyi_layoffs.csv,UAL,kept,ok
THREAD,30.0,2022-11-30,fyi_layoffs.csv,MODTHREAD.NS,kept,ok
ELASTIC,,2022-11-30,fyi_layoffs.csv,ESTC,kept,ok
PINTEREST,,2022-11-30,fyi_layoffs.csv,PINS,kept,ok
SANA,,2022-11-30,fyi_layoffs.csv,SANA,kept,ok
BITSO,100.0,2022-11-29,fyi_layoffs.csv,BTSG-USD,kept,ok
BITFRONT,,2022-11-29,fyi_layoffs.csv,BFCH,kept,ok
CODEXIS,,2022-11-29,fyi_layoffs.csv,CDXS,kept,ok
HIRECT,200.0,2022-11-28,fyi_layoffs.csv,HIRECT.BO,kept,ok
BLOCKFI,,2022-11-28,fyi_layoffs.csv,0888.HK,kept,ok
NCX,,2022-11-28,fyi_layoffs.csv,NCX.V,kept,ok
CHANGE INVEST,,2022-11-27,fyi_layoffs.csv,0P0001EDGB,kept,ok
ZILCH,,2022-11-26,fyi_layoffs.csv,ZILCHX,kept,ok
LEMON,100.0,2022-11-24,fyi_layoffs.csv,LMND,kept,ok
QUIDAX,20.0,2022-11-24,fyi_layoffs.csv,QDX-USD,kept,ok
ASSURE,,2022-11-23,fyi_layoffs.csv,AGO,kept,ok
SWVL,,2022-11-23,fyi_layoffs.csv,SWVL,kept,ok
WESTERN DIGITAL,251.0,2022-11-22,fyi_layoffs.csv,WDC,kept,ok
TRAX,80.0,2022-11-22,fyi_layoffs.csv,TRAX,kept,ok
NATERA,,2022-11-22,fyi_layoffs.csv,NTRA,kept,ok
RAPYD,,2022-11-22,fyi_layoffs.csv,RAPYZZX,kept,ok
JUMIA,900.0,2022-11-21,fyi_layoffs.csv,JMIA,kept,ok
DEVO,,2022-11-21,fyi_layoffs.csv,DVN,kept,ok
CARVANA,1500.0,2022-11-18,fyi_layoffs.csv,CVNA,kept,ok
NURO,300.0,2022-11-18,fyi_layoffs.csv,NUGYO.IS,kept,ok
KAVAK,,2022-11-18,fyi_layoffs.csv,0P0001P8AO.SA,kept,ok
METAPLEX,,2022-11-18,fyi_layoffs.csv,MPLX-USD,kept,ok
ROKU,200.0,2022-11-17,fyi_layoffs.csv,ROKU,kept,ok
ORCHARD,180.0,2022-11-17,fyi_layoffs.csv,BKV.SI,kept,ok
JUNI,72.0,2022-11-17,fyi_layoffs.csv,JNUG,kept,ok
KOHO,15.0,2022-11-17,fyi_layoffs.csv,6524.T,kept,ok
&OPEN,9.0,2022-11-17,fyi_layoffs.csv,OPEN,kept,ok
KANDJI,,2022-11-17,fyi_layoffs.csv,KANDZZX,kept,ok
AMAZON,10000.0,2022-11-16,fyi_layoffs.csv,AMZN,kept,ok
CISCO,4100.0,2022-11-16,fyi_layoffs.csv,CSCO,kept,ok
SIMILARWEB,120.0,2022-11-16,fyi_layoffs.csv,SMWB,kept,ok
SALSIFY,90.0,2022-11-16,fyi_layoffs.csv,SLSFZZX,kept,ok
D2L,,2022-11-16,fyi_layoffs.csv,DTOL.TO,kept,ok
KITE,,2022-11-16,fyi_layoffs.csv,KRG,kept,ok
UIPATH,241.0,2022-11-15,fyi_layoffs.csv,PATH,kept,ok
ASANA,180.0,2022-11-15,fyi_layoffs.csv,ASAN,kept,ok
PROTOCOL,60.0,2022-11-15,fyi_layoffs.csv,HOOK-USD,kept,ok
OATLY,,2022-11-15,fyi_layoffs.csv,OTLY,kept,ok
RUBICON TECHNOLO...,,2022-11-15,fyi_layoffs.csv,RBCN,kept,ok
TENCENT,,2022-11-15,fyi_layoffs.csv,0700.HK,kept,ok
ILLUMINA,500.0,2022-11-14,fyi_layoffs.csv,ILMN,kept,ok
RIBBON,170.0,2022-11-14,fyi_layoffs.csv,RBBN,kept,ok
INTERCOM,124.0,2022-11-14,fyi_layoffs.csv,INTRZZX,kept,ok
CARDLYTICS,51.0,2022-11-14,fyi_layoffs.csv,CDLX,kept,ok
VEEV,100.0,2022-11-11,fyi_layoffs.csv,VEEV,kept,ok
FORTO,60.0,2022-11-11,fyi_layoffs.csv,FRT39164-USD,kept,ok
JUNIPER,,2022-11-11,fyi_layoffs.csv,JUNIPER.BO,kept,ok
OFFERPAD,,2022-11-11,fyi_layoffs.csv,OPAD,kept,ok
BLEND,100.0,2022-11-10,fyi_layoffs.csv,BLND,kept,ok
COINBASE,60.0,2022-11-10,fyi_layoffs.csv,COIN,kept,ok
SOUNDHOUND,45.0,2022-11-10,fyi_layoffs.csv,SOUN,kept,ok
AVAST,,2022-11-10,fyi_layoffs.csv,0P0000SAHE.L,kept,ok
META,11000.0,2022-11-09,fyi_layoffs.csv,META,kept,ok
LIFTOFF,130.0,2022-11-09,fyi_layoffs.csv,LFTO,kept,ok
CAMEO,80.0,2022-11-09,fyi_layoffs.csv,Z88.F,kept,ok
PLUM,36.0,2022-11-09,fyi_layoffs.csv,PLUME-USD,kept,ok
COURSERA,,2022-11-09,fyi_layoffs.csv,COUR,kept,ok
RINGCENTRAL,,2022-11-09,fyi_layoffs.csv,RNG,kept,ok
SPOTIFY,,2022-11-09,fyi_layoffs.csv,SPOT,kept,ok
ASTRA,,2022-11-08,fyi_layoffs.csv,AZN,kept,ok
BEAT,,2022-11-08,fyi_layoffs.csv,BEAT,kept,ok
SADA,,2022-11-08,fyi_layoffs.csv,K9B.F,kept,ok
SALESFORCE,1000.0,2022-11-07,fyi_layoffs.csv,CRM,kept,ok
DOCK,190.0,2022-11-07,fyi_layoffs.csv,DOCK,kept,ok
VARONIS,110.0,2022-11-06,fyi_layoffs.csv,VRNS,kept,ok
EXODUS,59.0,2022-11-04,fyi_layoffs.csv,EXOD,kept,ok
STRIPE,1000.0,2022-11-03,fyi_layoffs.csv,0P0000X8PD.F,kept,ok
LYFT,700.0,2022-11-03,fyi_layoffs.csv,LYFT,kept,ok
LENDINGTREE,200.0,2022-11-03,fyi_layoffs.csv,TREE,kept,ok
DELIVERY HERO,100.0,2022-11-03,fyi_layoffs.csv,DELHY,kept,ok
AFFIRM,,2022-11-03,fyi_layoffs.csv,AFRM,kept,ok
LIVERAMP,,2022-11-03,fyi_layoffs.csv,RAMP,kept,ok
PROVI,,2022-11-03,fyi_layoffs.csv,PFS,kept,ok
STUDIO,,2022-11-03,fyi_layoffs.csv,TOON,kept,ok
OPENDOOR,550.0,2022-11-02,fyi_layoffs.csv,OPEN,kept,ok
CHIME,156.0,2022-11-02,fyi_layoffs.csv,CIM,kept,ok
DIGITAL CURRENCY ...,10.0,2022-11-02,fyi_layoffs.csv,DCX,kept,ok
BITMEX,,2022-11-02,fyi_layoffs.csv,BMEX-USD,kept,ok
ORACLE,200.0,2022-11-01,fyi_layoffs.csv,ORCL,kept,ok
UPSTART,140.0,2022-11-01,fyi_layoffs.csv,UPST,kept,ok
GEM,100.0,2022-11-01,fyi_layoffs.csv,GEM,kept,ok
ODA,70.0,2022-11-01,fyi_layoffs.csv,7314.T,kept,ok
ODA,70.0,2022-11-01,fyi_layoffs.csv,7314.T,kept,ok
ODA,70.0,2022-11-01,fyi_layoffs.csv,7314.T,kept,ok
DROP,24.0,2022-11-01,fyi_layoffs.csv,DROP,kept,ok
KRY,300.0,2022-10-31,fyi_layoffs.csv,KMON-USD,kept,ok
AMAZON,150.0,2022-10-28,fyi_layoffs.csv,AMZN,kept,ok
RECHARGE,84.0,2022-10-27,fyi_layoffs.csv,429980.KS,kept,ok
LATTICE,13.0,2022-10-27,fyi_layoffs.csv,LSCC,kept,ok
SEAGATE,3000.0,2022-10-26,fyi_layoffs.csv,STX,kept,ok
ZILLOW,300.0,2022-10-26,fyi_layoffs.csv,Z,kept,ok
CARBON,,2022-10-26,fyi_layoffs.csv,ESG.SI,kept,ok
VEE,17.0,2022-10-25,fyi_layoffs.csv,VEEV,kept,ok
PHILIPS,4000.0,2022-10-24,fyi_layoffs.csv,PHIA.AS,kept,ok
SNYK,198.0,2022-10-24,fyi_layoffs.csv,SNYKZZX,kept,ok
UNICO,50.0,2022-10-24,fyi_layoffs.csv,407A.T,kept,ok
F5,100.0,2022-10-21,fyi_layoffs.csv,FFIV,kept,ok
VOLTA,,2022-10-21,fyi_layoffs.csv,VLTSAP.XC,kept,ok
LOOM,23.0,2022-10-20,fyi_layoffs.csv,LSGRX,kept,ok
ARRIVAL,,2022-10-20,fyi_layoffs.csv,ARVLF,kept,ok
ROOFSTOCK,,2022-10-20,fyi_layoffs.csv,ROOFZZX,kept,ok
STARRY,,2022-10-20,fyi_layoffs.csv,603520.SS,kept,ok
GOPUFF,250.0,2022-10-19,fyi_layoffs.csv,GOBRZZX,kept,ok
ATOB,32.0,2022-10-19,fyi_layoffs.csv,ATOBX,kept,ok
SIDE,,2022-10-19,fyi_layoffs.csv,SID,kept,ok
MICROSOFT,,2022-10-17,fyi_layoffs.csv,MSFT,kept,ok
NURI,,2022-10-17,fyi_layoffs.csv,NRIX,kept,ok
HUAWEI,,2022-10-16,fyi_layoffs.csv,180605.SZ,kept,ok
BEYOND MEAT,200.0,2022-10-14,fyi_layoffs.csv,BYND,kept,ok
BEYOND MEAT,200.0,2022-10-14,fyi_layoffs.csv,BYND,kept,ok
SALESFORCE,90.0,2022-10-13,fyi_layoffs.csv,CRM,kept,ok
6SENSE,150.0,2022-10-12,fyi_layoffs.csv,FSENZZX,kept,ok
SINCH,150.0,2022-10-12,fyi_layoffs.csv,SINCH.ST,kept,ok
NOOM,500.0,2022-10-11,fyi_layoffs.csv,NOOMZZX,kept,ok
MX,200.0,2022-10-11,fyi_layoffs.csv,MX,kept,ok
BREX,136.0,2022-10-11,fyi_layoffs.csv,^BUKHI50P,kept,ok
SKETCH,80.0,2022-10-11,fyi_layoffs.csv,SKETCH-USD,kept,ok
GSR,,2022-10-11,fyi_layoffs.csv,GSRQX,kept,ok
HELLOFRESH,611.0,2022-10-10,fyi_layoffs.csv,HFG.F,kept,ok
BIOMARIN,120.0,2022-10-07,fyi_layoffs.csv,BMRN,kept,ok
CRYPTO.COM,2000.0,2022-10-06,fyi_layoffs.csv,CDCETH-USD,kept,ok
PELOTON,500.0,2022-10-06,fyi_layoffs.csv,PTON,kept,ok
IMPOSSIBLE FOODS,50.0,2022-10-06,fyi_layoffs.csv,IMPSZZX,kept,ok
ATOME,,2022-10-06,fyi_layoffs.csv,ATOM,kept,ok
SPOTIFY,,2022-10-06,fyi_layoffs.csv,SPOT,kept,ok
8X8,200.0,2022-10-04,fyi_layoffs.csv,EGHT,kept,ok
TEMPO,,2022-10-03,fyi_layoffs.csv,0P00011SSA.F,kept,ok
WAZIRX,60.0,2022-10-02,fyi_layoffs.csv,WRX-USD,kept,ok
SPIN,78.0,2022-09-30,fyi_layoffs.csv,SPIN,kept,ok
WESTWING,125.0,2022-09-29,fyi_layoffs.csv,WEW.F,kept,ok
MUX,40.0,2022-09-29,fyi_layoffs.csv,MUX,kept,ok
DOCUSIGN,671.0,2022-09-28,fyi_layoffs.csv,DOCU,kept,ok
FRONT,,2022-09-28,fyi_layoffs.csv,FRO,kept,ok
VOLTA,,2022-09-28,fyi_layoffs.csv,VLTSAP.XC,kept,ok
MOSS,70.0,2022-09-23,fyi_layoffs.csv,F73.F,kept,ok
FOXTROT,26.0,2022-09-23,fyi_layoffs.csv,0P0001HZSM.SA,kept,ok
PESTO,,2022-09-23,fyi_layoffs.csv,PESTO-USD,kept,ok
KLARNA,100.0,2022-09-22,fyi_layoffs.csv,KLAR,kept,ok
COMPASS,271.0,2022-09-20,fyi_layoffs.csv,CMPS,kept,ok
CURATIVE,109.0,2022-09-20,fyi_layoffs.csv,CBDX,kept,ok
ADA,78.0,2022-09-20,fyi_layoffs.csv,ADA-USD,kept,ok
99,75.0,2022-09-20,fyi_layoffs.csv,9988.HK,kept,ok
OUSTER,,2022-09-20,fyi_layoffs.csv,OUST,kept,ok
OLA,200.0,2022-09-19,fyi_layoffs.csv,OLA.TO,kept,ok
CLEAR,190.0,2022-09-16,fyi_layoffs.csv,CLFD,kept,ok
LIVEPERSON,193.0,2022-09-15,fyi_layoffs.csv,LPSN,kept,ok
ACAST,70.0,2022-09-15,fyi_layoffs.csv,ACAST.ST,kept,ok
TWILIO,800.0,2022-09-14,fyi_layoffs.csv,TWLO,kept,ok
PITCH,59.0,2022-09-14,fyi_layoffs.csv,PITCH-USD,kept,ok
NETFLIX,30.0,2022-09-14,fyi_layoffs.csv,NFLX,kept,ok
TABOOLA,100.0,2022-09-13,fyi_layoffs.csv,TBLA,kept,ok
PATREON,80.0,2022-09-13,fyi_layoffs.csv,PTREZZX,kept,ok
COMPETE,11.0,2022-09-12,fyi_layoffs.csv,COMPEAU.BO,kept,ok
KARBON,,2022-09-12,fyi_layoffs.csv,KARBON.BO,kept,ok
RENT THE RUNWAY,,2022-09-12,fyi_layoffs.csv,RENT,kept,ok
SAMA,,2022-09-12,fyi_layoffs.csv,AGII.JK,kept,ok
BRIGHTE,58.0,2022-09-09,fyi_layoffs.csv,5244.TW,kept,ok
PATREON,5.0,2022-09-09,fyi_layoffs.csv,PTREZZX,kept,ok
BIGBEAR.AI,,2022-09-08,fyi_layoffs.csv,BBAI,kept,ok
UBER,60.0,2022-09-07,fyi_layoffs.csv,UBER,kept,ok
INTERCOM,49.0,2022-09-07,fyi_layoffs.csv,INTRZZX,kept,ok
MEDIUM,,2022-09-06,fyi_layoffs.csv,0P00015BYQ.BO,kept,ok
KUDA,23.0,2022-09-02,fyi_layoffs.csv,4425.T,kept,ok
SEA,,2022-09-02,fyi_layoffs.csv,SEA,kept,ok
INNOVACCER,90.0,2022-09-01,fyi_layoffs.csv,IOVCZZX,kept,ok
SHOPIFY,70.0,2022-09-01,fyi_layoffs.csv,SHOP,kept,ok
SNAP,1280.0,2022-08-31,fyi_layoffs.csv,SNAP,kept,ok
GOODRX,140.0,2022-08-31,fyi_layoffs.csv,GDRX,kept,ok
CLARI,45.0,2022-08-31,fyi_layoffs.csv,CLVT,kept,ok
KOO,40.0,2022-08-31,fyi_layoffs.csv,KTN.V,kept,ok
ELECTRIC,81.0,2022-08-30,fyi_layoffs.csv,EMR,kept,ok
NATE,30.0,2022-08-30,fyi_layoffs.csv,NTRA,kept,ok
MEESHO,300.0,2022-08-29,fyi_layoffs.csv,MEESHO.NS,kept,ok
SKILLZ,,2022-08-29,fyi_layoffs.csv,SKLZ,kept,ok
OKTA,24.0,2022-08-26,fyi_layoffs.csv,OKTA,kept,ok
ARGYLE,20.0,2022-08-26,fyi_layoffs.csv,ARGL.CN,kept,ok
SHIPBOB,,2022-08-25,fyi_layoffs.csv,SHIBZZX,kept,ok
REALI,140.0,2022-08-24,fyi_layoffs.csv,^KVR,kept,ok
LOOP,15.0,2022-08-24,fyi_layoffs.csv,LOOP,kept,ok
PIX,,2022-08-24,fyi_layoffs.csv,PXLW,kept,ok
Q4,50.0,2022-08-23,fyi_layoffs.csv,Q4KW.Z,kept,ok
PLATO,29.0,2022-08-23,fyi_layoffs.csv,0P0001NX5W.F,kept,ok
DATAROBOT,,2022-08-23,fyi_layoffs.csv,DATRZZX,kept,ok
KOGAN,,2022-08-23,fyi_layoffs.csv,UZQ.MU,kept,ok
NSO,100.0,2022-08-21,fyi_layoffs.csv,2038.KL,kept,ok
WAYFAIR,870.0,2022-08-19,fyi_layoffs.csv,W,kept,ok
STRIPE,50.0,2022-08-19,fyi_layoffs.csv,0P0000X8PD.F,kept,ok
WHEEL,35.0,2022-08-18,fyi_layoffs.csv,001560.KS,kept,ok
TEMPO AUTOMATION,54.0,2022-08-17,fyi_layoffs.csv,TMPOQ,kept,ok
GENESIS,52.0,2022-08-17,fyi_layoffs.csv,GEL,kept,ok
WARREN,50.0,2022-08-17,fyi_layoffs.csv,PWR.XA,kept,ok
CRYPTO.COM,,2022-08-16,fyi_layoffs.csv,CDCETH-USD,kept,ok
UPDATER,,2022-08-16,fyi_layoffs.csv,UDS.NS,kept,ok
BLEND,220.0,2022-08-15,fyi_layoffs.csv,BLND,kept,ok
CONTRAFECT,16.0,2022-08-15,fyi_layoffs.csv,CFRXQ,kept,ok
THREDUP,,2022-08-15,fyi_layoffs.csv,TDUP,kept,ok
PELOTON,784.0,2022-08-12,fyi_layoffs.csv,PTON,kept,ok
CORE SCIENTIFIC,,2022-08-12,fyi_layoffs.csv,CORZ,kept,ok
ORBIT,,2022-08-12,fyi_layoffs.csv,ORBT,kept,ok
CALM,90.0,2022-08-11,fyi_layoffs.csv,CALM,kept,ok
FOURKITES,60.0,2022-08-11,fyi_layoffs.csv,FOURZZX,kept,ok
GUIDEWIRE,,2022-08-11,fyi_layoffs.csv,GWRE,kept,ok
POLLEN,,2022-08-10,fyi_layoffs.csv,POLNL.XC,kept,ok
GOHEALTH,800.0,2022-08-09,fyi_layoffs.csv,GOCO,kept,ok
NUTANIX,270.0,2022-08-09,fyi_layoffs.csv,NTNX,kept,ok
QUANTERIX,130.0,2022-08-09,fyi_layoffs.csv,QTRX,kept,ok
WIX,100.0,2022-08-09,fyi_layoffs.csv,WIX,kept,ok
MELIO,60.0,2022-08-09,fyi_layoffs.csv,MELION-USD,kept,ok
SHOGUN,48.0,2022-08-09,fyi_layoffs.csv,0P0001VSKR.SA,kept,ok
ABSCI,40.0,2022-08-09,fyi_layoffs.csv,ABSI,kept,ok
DAILYPAY,,2022-08-09,fyi_layoffs.csv,DAIYZZX,kept,ok
HAUS,,2022-08-09,fyi_layoffs.csv,HAUS,kept,ok
KALTURA,,2022-08-09,fyi_layoffs.csv,KLTR,kept,ok
SHIFT,,2022-08-09,fyi_layoffs.csv,FOUR,kept,ok
SWEETGREEN,,2022-08-09,fyi_layoffs.csv,SG,kept,ok
GROUPON,500.0,2022-08-08,fyi_layoffs.csv,GRPN,kept,ok
VROOM,337.0,2022-08-08,fyi_layoffs.csv,VRM,kept,ok
WARBY PARKER,63.0,2022-08-08,fyi_layoffs.csv,WRBY,kept,ok
PERION,20.0,2022-08-08,fyi_layoffs.csv,PERI,kept,ok
DATAROBOT,,2022-08-08,fyi_layoffs.csv,DATRZZX,kept,ok
TALKDESK,,2022-08-05,fyi_layoffs.csv,TALKZZX,kept,ok
DOMA,250.0,2022-08-04,fyi_layoffs.csv,DBM.TO,kept,ok
ARTICLE,216.0,2022-08-04,fyi_layoffs.csv,002762.SZ,kept,ok
10X GENOMICS,100.0,2022-08-04,fyi_layoffs.csv,TXG,kept,ok
LEAD,80.0,2022-08-04,fyi_layoffs.csv,LEAD,kept,ok
RINGCENTRAL,50.0,2022-08-04,fyi_layoffs.csv,RNG,kept,ok
NOMAD,,2022-08-04,fyi_layoffs.csv,NOMD,kept,ok
STUBHUB,,2022-08-04,fyi_layoffs.csv,STUB,kept,ok
BEYOND MEAT,40.0,2022-08-03,fyi_layoffs.csv,BYND,kept,ok
PUPPET,,2022-08-03,fyi_layoffs.csv,PUPPETH-USD,kept,ok
ROBINHOOD,713.0,2022-08-02,fyi_layoffs.csv,HOOD,kept,ok
LATCH,115.0,2022-08-02,fyi_layoffs.csv,LTCH,kept,ok
OUTREACH,60.0,2022-08-02,fyi_layoffs.csv,OUTHZZX,kept,ok
STEDI,23.0,2022-08-02,fyi_layoffs.csv,DIM.PA,kept,ok
BUTTERFLY NETWORK,,2022-08-02,fyi_layoffs.csv,BFLY,kept,ok
FUBOTV,,2022-08-02,fyi_layoffs.csv,FUBO,kept,ok
HASH,58.0,2022-08-01,fyi_layoffs.csv,HASH11.SA,kept,ok
ORACLE,,2022-08-01,fyi_layoffs.csv,ORCL,kept,ok
VEE,16.0,2022-07-31,fyi_layoffs.csv,VEEV,kept,ok
OLA,1000.0,2022-07-29,fyi_layoffs.csv,OLA.TO,kept,ok
SHERPA,22.0,2022-07-29,fyi_layoffs.csv,0P0001CJXJ.F,kept,ok
MISSFRESH,,2022-07-29,fyi_layoffs.csv,MFLTY,kept,ok
RIBBON,136.0,2022-07-28,fyi_layoffs.csv,RBBN,kept,ok
ALLBIRDS,23.0,2022-07-28,fyi_layoffs.csv,8W80.F,kept,ok
2U,,2022-07-28,fyi_layoffs.csv,2UH0.F,kept,ok
RIVIAN,840.0,2022-07-27,fyi_layoffs.csv,RIVN,kept,ok
SKAI,30.0,2022-07-27,fyi_layoffs.csv,SKAI-USD,kept,ok
SHOPIFY,1000.0,2022-07-26,fyi_layoffs.csv,SHOP,kept,ok
FIVERR,60.0,2022-07-26,fyi_layoffs.csv,FVRR,kept,ok
OUTBRAIN,38.0,2022-07-26,fyi_layoffs.csv,852.SG,kept,ok
DOVER,23.0,2022-07-26,fyi_layoffs.csv,DOV,kept,ok
IMMUTABLE,20.0,2022-07-26,fyi_layoffs.csv,B8X0.F,kept,ok
INCLUDED HEALTH,,2022-07-25,fyi_layoffs.csv,INCHZZX,kept,ok
QUANTO,28.0,2022-07-22,fyi_layoffs.csv,YQ7G.Z,kept,ok
ARETE,,2022-07-22,fyi_layoffs.csv,G4NA.HM,kept,ok
OWLET,,2022-07-22,fyi_layoffs.csv,OWLT,kept,ok
WHOOP,95.0,2022-07-21,fyi_layoffs.csv,WHOOZZX,kept,ok
RAD POWER BIKES,63.0,2022-07-21,fyi_layoffs.csv,RADWZZX,kept,ok
CATALYST,,2022-07-21,fyi_layoffs.csv,CPRX,kept,ok
JUST EAT TAKEAWAY,390.0,2022-07-20,fyi_layoffs.csv,JTKWY,kept,ok
VARO,75.0,2022-07-20,fyi_layoffs.csv,VRNS,kept,ok
LYFT,60.0,2022-07-20,fyi_layoffs.csv,LYFT,kept,ok
ARC,13.0,2022-07-20,fyi_layoffs.csv,ACHR,kept,ok
OLIVE,450.0,2022-07-19,fyi_layoffs.csv,36S.F,kept,ok
M1,38.0,2022-07-19,fyi_layoffs.csv,M14.SI,kept,ok
CAPSULE,,2022-07-19,fyi_layoffs.csv,NATCAPSUQ.NS,kept,ok
GEMINI,68.0,2022-07-18,fyi_layoffs.csv,GEMI,kept,ok
LUSHA,30.0,2022-07-18,fyi_layoffs.csv,600223.SS,kept,ok
TIKTOK,,2022-07-18,fyi_layoffs.csv,PEANUT33916-USD,kept,ok
PROJECT44,63.0,2022-07-15,fyi_layoffs.csv,PROJZZX,kept,ok
HEROES,24.0,2022-07-15,fyi_layoffs.csv,459790.KS,kept,ok
ASPIRE,23.0,2022-07-15,fyi_layoffs.csv,ASBP,kept,ok
ZEGO,85.0,2022-07-14,fyi_layoffs.csv,ZEGLF,kept,ok
OPENSEA,,2022-07-14,fyi_layoffs.csv,OPESZZX,kept,ok
WAVE,300.0,2022-07-13,fyi_layoffs.csv,WAVE,kept,ok
TONAL,262.0,2022-07-13,fyi_layoffs.csv,TONALD-USD,kept,ok
FABRIC,120.0,2022-07-13,fyi_layoffs.csv,FABC,kept,ok
NURO,7.0,2022-07-13,fyi_layoffs.csv,NUGYO.IS,kept,ok
ARRIVAL,,2022-07-13,fyi_layoffs.csv,ARVLF,kept,ok
PAPA,,2022-07-13,fyi_layoffs.csv,PZZA,kept,ok
GOPUFF,1500.0,2022-07-12,fyi_layoffs.csv,GOBRZZX,kept,ok
BABYLON,100.0,2022-07-12,fyi_layoffs.csv,BABI-USD,kept,ok
MICROSOFT,,2022-07-12,fyi_layoffs.csv,MSFT,kept,ok
SPRING,,2022-07-12,fyi_layoffs.csv,0216.KL,kept,ok
ALICE,63.0,2022-07-11,fyi_layoffs.csv,2305.T,kept,ok
FORWARD,,2022-07-11,fyi_layoffs.csv,OMFREIGHT.BO,kept,ok
IGNITE,,2022-07-11,fyi_layoffs.csv,IGN.AX,kept,ok
CALIBRATE,156.0,2022-07-08,fyi_layoffs.csv,0P0001VQHM.F,kept,ok
CEDAR,,2022-07-07,fyi_layoffs.csv,002485.SZ,kept,ok
REMOTE,100.0,2022-07-06,fyi_layoffs.csv,DE000SL0AZ11.SG,kept,ok
SHOPIFY,50.0,2022-07-06,fyi_layoffs.csv,SHOP,kept,ok
LOFT,384.0,2022-07-05,fyi_layoffs.csv,DE000SL0BJN6.SG,kept,ok
ETORO,100.0,2022-07-05,fyi_layoffs.csv,ETOR,kept,ok
VERBIT,80.0,2022-07-05,fyi_layoffs.csv,VERBZZX,kept,ok
BULLISH,30.0,2022-07-05,fyi_layoffs.csv,BLSH,kept,ok
AIRTASKER,,2022-07-04,fyi_layoffs.csv,9B5.F,kept,ok
CELSIUS,150.0,2022-07-03,fyi_layoffs.csv,CELH,kept,ok
BAMBOO HEALTH,52.0,2022-07-01,fyi_layoffs.csv,2293.HK,kept,ok
TELEPORT,15.0,2022-07-01,fyi_layoffs.csv,TST31934-USD,kept,ok
ENJOY,400.0,2022-06-30,fyi_layoffs.csv,300020.SZ,kept,ok
NATE,30.0,2022-06-30,fyi_layoffs.csv,NTRA,kept,ok
SNYK,30.0,2022-06-30,fyi_layoffs.csv,SNYKZZX,kept,ok
STREAM,20.0,2022-06-30,fyi_layoffs.csv,MTA.V,kept,ok
ABRA,12.0,2022-06-30,fyi_layoffs.csv,ABRFL.BO,kept,ok
SUNDAE,,2022-06-30,fyi_layoffs.csv,L2Y.F,kept,ok
UNITY,200.0,2022-06-29,fyi_layoffs.csv,U,kept,ok
QUMULO,80.0,2022-06-29,fyi_layoffs.csv,QUMUZZX,kept,ok
CLUTCH,76.0,2022-06-29,fyi_layoffs.csv,603926.SS,kept,ok
BATON,16.0,2022-06-29,fyi_layoffs.csv,554A.T,kept,ok
SUBSTACK,13.0,2022-06-29,fyi_layoffs.csv,SUBSZZX,kept,ok
HOMELIGHT,,2022-06-29,fyi_layoffs.csv,HMEIZZX,kept,ok
HUOBI,300.0,2022-06-28,fyi_layoffs.csv,HT-USD,kept,ok
STOCKX,120.0,2022-06-28,fyi_layoffs.csv,STOCZZX,kept,ok
STOCKX,80.0,2022-06-28,fyi_layoffs.csv,STOCZZX,kept,ok
BRIGHT MACHINES,30.0,2022-06-28,fyi_layoffs.csv,BRIMZZX,kept,ok
APPLOVIN,300.0,2022-06-27,fyi_layoffs.csv,APP,kept,ok
UIPATH,210.0,2022-06-27,fyi_layoffs.csv,PATH,kept,ok
CUE,170.0,2022-06-27,fyi_layoffs.csv,CUE,kept,ok
SUNDAY,90.0,2022-06-24,fyi_layoffs.csv,300515.SZ,kept,ok
FEATHER,,2022-06-24,fyi_layoffs.csv,001390.SZ,kept,ok
NETFLIX,300.0,2022-06-23,fyi_layoffs.csv,NFLX,kept,ok
AURA,70.0,2022-06-23,fyi_layoffs.csv,AURA,kept,ok
VOUCH,15.0,2022-06-23,fyi_layoffs.csv,DIVA.JK,kept,ok
ESPER,,2022-06-23,fyi_layoffs.csv,ESPR,kept,ok
KUNE,,2022-06-23,fyi_layoffs.csv,KNKT,kept,ok
MARK43,,2022-06-23,fyi_layoffs.csv,MARKZZX,kept,ok
ORCHARD,,2022-06-23,fyi_layoffs.csv,BKV.SI,kept,ok
RO,,2022-06-23,fyi_layoffs.csv,HRC=F,kept,ok
MASTERCLASS,120.0,2022-06-22,fyi_layoffs.csv,MASEZZX,kept,ok
SPRINKLR,50.0,2022-06-22,fyi_layoffs.csv,CXM,kept,ok
VOI,35.0,2022-06-22,fyi_layoffs.csv,2495.HK,kept,ok
BALTO,30.0,2022-06-22,fyi_layoffs.csv,BALTO34044-USD,kept,ok
TASKUS,52.0,2022-06-21,fyi_layoffs.csv,TASK,kept,ok
COMMUNITY,40.0,2022-06-21,fyi_layoffs.csv,^ABQX,kept,ok
BYBIT,600.0,2022-06-20,fyi_layoffs.csv,BBSOL-USD,kept,ok
TRAX,100.0,2022-06-20,fyi_layoffs.csv,TRAX,kept,ok
BONSAI,30.0,2022-06-20,fyi_layoffs.csv,0P00017QOM.SA,kept,ok
BRIGHTE,30.0,2022-06-20,fyi_layoffs.csv,5244.TW,kept,ok
BYBIT,,2022-06-20,fyi_layoffs.csv,BBSOL-USD,kept,ok
SOCURE,69.0,2022-06-17,fyi_layoffs.csv,SOCUZZX,kept,ok
WEALTHSIMPLE,159.0,2022-06-15,fyi_layoffs.csv,WSRD.TO,kept,ok
COINBASE,1100.0,2022-06-14,fyi_layoffs.csv,COIN,kept,ok
COMPASS,450.0,2022-06-14,fyi_layoffs.csv,CMPS,kept,ok
SAMI,75.0,2022-06-14,fyi_layoffs.csv,002450.KS,kept,ok
ADDI,,2022-06-14,fyi_layoffs.csv,ZYE1.F,kept,ok
BLOCKFI,250.0,2022-06-13,fyi_layoffs.csv,0888.HK,kept,ok
STUDIO,33.0,2022-06-13,fyi_layoffs.csv,TOON,kept,ok
CRYPTO.COM,260.0,2022-06-10,fyi_layoffs.csv,CDCETH-USD,kept,ok
SANAR,60.0,2022-06-10,fyi_layoffs.csv,SMTI,kept,ok
FREETRADE,45.0,2022-06-10,fyi_layoffs.csv,600794.SS,kept,ok
ALBERT,20.0,2022-06-10,fyi_layoffs.csv,ACI,kept,ok
KEEPE,,2022-06-10,fyi_layoffs.csv,6036.T,kept,ok
STITCH FIX,330.0,2022-06-09,fyi_layoffs.csv,SFIX,kept,ok
HOLOGRAM,80.0,2022-06-09,fyi_layoffs.csv,WIMI,kept,ok
BOOZT,70.0,2022-06-09,fyi_layoffs.csv,BOK.F,kept,ok
PREPLY,26.0,2022-06-09,fyi_layoffs.csv,PREPZZX,kept,ok
STARSHIP,,2022-06-09,fyi_layoffs.csv,STARSHIP24470-USD,kept,ok
TRADE REPUBLIC,,2022-06-09,fyi_layoffs.csv,DE000SL0G1J6.SG,kept,ok
SONDER,250.0,2022-06-08,fyi_layoffs.csv,SOND.SW,kept,ok
KAVAK,150.0,2022-06-08,fyi_layoffs.csv,0P0001P8AO.SA,kept,ok
CAZOO,750.0,2022-06-07,fyi_layoffs.csv,CZOOF,kept,ok
CAZOO,750.0,2022-06-07,fyi_layoffs.csv,CZOOF,kept,ok
BIRD,138.0,2022-06-07,fyi_layoffs.csv,BIRD,kept,ok
ID.ME,130.0,2022-06-07,fyi_layoffs.csv,IDMEZZX,kept,ok
BOND,,2022-06-07,fyi_layoffs.csv,BOND,kept,ok
CLUBHOUSE,,2022-06-03,fyi_layoffs.csv,CMGR,kept,ok
TESLA,,2022-06-03,fyi_layoffs.csv,TSLA,kept,ok
CARBON HEALTH,250.0,2022-06-02,fyi_layoffs.csv,CARHZZX,kept,ok
FAVO,170.0,2022-06-02,fyi_layoffs.csv,688371.SS,kept,ok
GEMINI,100.0,2022-06-02,fyi_layoffs.csv,GEMI,kept,ok
STORD,59.0,2022-06-02,fyi_layoffs.csv,STORZZX,kept,ok
GATHER,30.0,2022-06-02,fyi_layoffs.csv,GAT31575-USD,kept,ok
SHEF,29.0,2022-06-02,fyi_layoffs.csv,SFX.AX,kept,ok
IRL,25.0,2022-06-02,fyi_layoffs.csv,6IRA.F,kept,ok
RAIN,,2022-06-02,fyi_layoffs.csv,RAIN,kept,ok
TOMTOM,500.0,2022-06-01,fyi_layoffs.csv,OEMA.F,kept,ok
CURVE,65.0,2022-06-01,fyi_layoffs.csv,^SGC3MILT,kept,ok
LOOM,34.0,2022-06-01,fyi_layoffs.csv,LSGRX,kept,ok
IMPALA,30.0,2022-06-01,fyi_layoffs.csv,IMPUY,kept,ok
SIDE,,2022-06-01,fyi_layoffs.csv,SID,kept,ok
PLAYTIKA,250.0,2022-05-31,fyi_layoffs.csv,PLTK,kept,ok
TOMO,44.0,2022-05-31,fyi_layoffs.csv,1921.T,kept,ok
SWVL,400.0,2022-05-30,fyi_layoffs.csv,SWVL,kept,ok
UNCAPPED,29.0,2022-05-27,fyi_layoffs.csv,CDAQ.DE,kept,ok
TERMINUS,,2022-05-27,fyi_layoffs.csv,TMGY,kept,ok
TERMINUS,,2022-05-27,fyi_layoffs.csv,TMGY,kept,ok
VTEX,200.0,2022-05-26,fyi_layoffs.csv,VTEX,kept,ok
BITSO,80.0,2022-05-26,fyi_layoffs.csv,BTSG-USD,kept,ok
DAZN,50.0,2022-05-26,fyi_layoffs.csv,DAZNX,kept,ok
BOLT,240.0,2022-05-25,fyi_layoffs.csv,BOLT,kept,ok
NURI,45.0,2022-05-25,fyi_layoffs.csv,NRIX,kept,ok
GETIR,,2022-05-25,fyi_layoffs.csv,XUSIN_CFNNTLTL.IS,kept,ok
ZAPP,,2022-05-25,fyi_layoffs.csv,ZAPPF,kept,ok
KLARNA,700.0,2022-05-23,fyi_layoffs.csv,KLAR,kept,ok
PAYPAL,83.0,2022-05-23,fyi_layoffs.csv,PYPL,kept,ok
AIRTIME,30.0,2022-05-23,fyi_layoffs.csv,600560.SS,kept,ok
LATCH,130.0,2022-05-20,fyi_layoffs.csv,LTCH,kept,ok
SKILLZ,70.0,2022-05-20,fyi_layoffs.csv,SKLZ,kept,ok
NETFLIX,150.0,2022-05-17,fyi_layoffs.csv,NFLX,kept,ok
KRY,100.0,2022-05-17,fyi_layoffs.csv,KMON-USD,kept,ok
ZAK,100.0,2022-05-16,fyi_layoffs.csv,7078.KL,kept,ok
DATAROBOT,70.0,2022-05-11,fyi_layoffs.csv,DATRZZX,kept,ok
CARVANA,2500.0,2022-05-10,fyi_layoffs.csv,CVNA,kept,ok
DOMA,310.0,2022-05-10,fyi_layoffs.csv,DBM.TO,kept,ok
POLLEN,200.0,2022-05-10,fyi_layoffs.csv,POLNL.XC,kept,ok
LATCH,30.0,2022-05-10,fyi_layoffs.csv,LTCH,kept,ok
VROOM,270.0,2022-05-09,fyi_layoffs.csv,VRM,kept,ok
REEF,750.0,2022-05-06,fyi_layoffs.csv,7YR.F,kept,ok
SEND,300.0,2022-05-04,fyi_layoffs.csv,5205.KL,kept,ok
COLOSSUS,97.0,2022-05-04,fyi_layoffs.csv,CLUS.V,kept,ok
CAMEO,87.0,2022-05-04,fyi_layoffs.csv,Z88.F,kept,ok
MAINSTREET,45.0,2022-05-04,fyi_layoffs.csv,9V4.F,kept,ok
VISE,25.0,2022-05-04,fyi_layoffs.csv,T06.F,kept,ok
AVO,500.0,2022-05-01,fyi_layoffs.csv,AVO,kept,ok
NOOM,495.0,2022-04-29,fyi_layoffs.csv,NOOMZZX,kept,ok
NETFLIX,25.0,2022-04-28,fyi_layoffs.csv,NFLX,kept,ok
ROBINHOOD,340.0,2022-04-26,fyi_layoffs.csv,HOOD,kept,ok
BONSAI,29.0,2022-04-26,fyi_layoffs.csv,0P00017QOM.SA,kept,ok
CLYDE,22.0,2022-04-25,fyi_layoffs.csv,AAC.ST,kept,ok
LEMONADE,52.0,2022-04-20,fyi_layoffs.csv,LMND,kept,ok
BLEND,200.0,2022-04-19,fyi_layoffs.csv,BLND,kept,ok
LOFT,159.0,2022-04-19,fyi_layoffs.csv,DE000SL0BJN6.SG,kept,ok
HUMBLE,10.0,2022-04-15,fyi_layoffs.csv,B39.F,kept,ok
AHEAD,44.0,2022-04-14,fyi_layoffs.csv,DE000SL0CG95.SG,kept,ok
RAD POWER BIKES,100.0,2022-04-12,fyi_layoffs.csv,RADWZZX,kept,ok
MEESHO,150.0,2022-04-11,fyi_layoffs.csv,MEESHO.NS,kept,ok
GOODFOOD,70.0,2022-04-07,fyi_layoffs.csv,76O.F,kept,ok
WORKRISE,450.0,2022-04-05,fyi_layoffs.csv,WRKEZZX,kept,ok
FAST,,2022-04-05,fyi_layoffs.csv,FAST,kept,ok
BITMEX,75.0,2022-04-04,fyi_layoffs.csv,BMEX-USD,kept,ok
LEGIBLE,23.0,2022-04-04,fyi_layoffs.csv,LEBGF,kept,ok
SEA,350.0,2022-03-30,fyi_layoffs.csv,SEA,kept,ok
RASA,59.0,2022-03-30,fyi_layoffs.csv,8313.SR,kept,ok
GOPUFF,450.0,2022-03-29,fyi_layoffs.csv,GOBRZZX,kept,ok
THINKIFIC,100.0,2022-03-29,fyi_layoffs.csv,THNC.TO,kept,ok
GROVE COLLABORATI...,,2022-03-19,fyi_layoffs.csv,GROV,kept,ok
STORYTEL,100.0,2022-03-17,fyi_layoffs.csv,STORY-B.ST,kept,ok
CUROLOGY,150.0,2022-03-16,fyi_layoffs.csv,CUROZZX,kept,ok
TRELL,300.0,2022-03-15,fyi_layoffs.csv,TREL-B.ST,kept,ok
KNOCK,115.0,2022-03-15,fyi_layoffs.csv,ABMDSXX,kept,ok
SEZZLE,,2022-03-10,fyi_layoffs.csv,SEZL,kept,ok
ADAPTIVE BIOTECH...,100.0,2022-03-08,fyi_layoffs.csv,ADPT,kept,ok
WISH,190.0,2022-03-01,fyi_layoffs.csv,WISH.V,kept,ok
LIDO,150.0,2022-02-21,fyi_layoffs.csv,LIDO-USD.AS,kept,ok
RHINO,57.0,2022-02-03,fyi_layoffs.csv,RHNO,kept,ok
GOPUFF,100.0,2022-01-26,fyi_layoffs.csv,GOBRZZX,kept,ok
SPIN,,2022-01-08,fyi_layoffs.csv,SPIN,kept,ok
DELIVERY HERO,300.0,2021-12-22,fyi_layoffs.csv,DELHY,kept,ok
ZILLOW,2000.0,2021-11-02,fyi_layoffs.csv,Z,kept,ok
GENIUS,,2021-09-15,fyi_layoffs.csv,GNS,kept,ok
TREEHOUSE,41.0,2021-09-14,fyi_layoffs.csv,TREE37495-USD,kept,ok
CASPER,,2021-09-14,fyi_layoffs.csv,CSPR-USD,kept,ok
TANIUM,30.0,2021-08-30,fyi_layoffs.csv,TANIZZX,kept,ok
PATREON,36.0,2021-04-26,fyi_layoffs.csv,PTREZZX,kept,ok
MEDIUM,,2021-03-24,fyi_layoffs.csv,0P00015BYQ.BO,kept,ok
DJI,,2021-02-24,fyi_layoffs.csv,^DJI,kept,ok
BOUNCE,200.0,2021-02-22,fyi_layoffs.csv,WBB31497-USD,kept,ok
THREDUP,243.0,2021-02-09,fyi_layoffs.csv,TDUP,kept,ok
INDIGO,80.0,2021-02-09,fyi_layoffs.csv,IUSD22989-USD,kept,ok
DROPBOX,315.0,2021-01-13,fyi_layoffs.csv,DBX,kept,ok
SIMPLE,,2021-01-07,fyi_layoffs.csv,2080.T,kept,ok
OYO,600.0,2020-12-08,fyi_layoffs.csv,OYOCF,kept,ok
AYA,5.0,2020-11-19,fyi_layoffs.csv,AYA,kept,ok
SCOOP,,2020-11-17,fyi_layoffs.csv,XS246958254.MU,kept,ok
LIVEPERSON,30.0,2020-11-01,fyi_layoffs.csv,LPSN,kept,ok
REMEDY,82.0,2020-10-29,fyi_layoffs.csv,REMEDY.HE,kept,ok
CHEETAH,,2020-10-25,fyi_layoffs.csv,7209.KL,kept,ok
CHEF,,2020-10-08,fyi_layoffs.csv,CHEF,kept,ok
WEWORK,,2020-09-23,fyi_layoffs.csv,WEWORK.BO,kept,ok
AIR,,2020-09-16,fyi_layoffs.csv,AIR,kept,ok
NS8,240.0,2020-09-11,fyi_layoffs.csv,NS8U.SI,kept,ok
OUSTER,,2020-09-08,fyi_layoffs.csv,OUST,kept,ok
MAKEMYTRIP,350.0,2020-08-31,fyi_layoffs.csv,MMYT,kept,ok
SALESFORCE,1000.0,2020-08-26,fyi_layoffs.csv,CRM,kept,ok
SUPERLOOP,30.0,2020-08-24,fyi_layoffs.csv,9SL.F,kept,ok
SPACES,,2020-08-24,fyi_layoffs.csv,INDIQUBE.NS,kept,ok
DJI,,2020-08-17,fyi_layoffs.csv,^DJI,kept,ok
SHOPIFY,30.0,2020-08-14,fyi_layoffs.csv,SHOP,kept,ok
VESTA,56.0,2020-08-05,fyi_layoffs.csv,VWS.CO,kept,ok
TZERO,,2020-07-30,fyi_layoffs.csv,TZROP,kept,ok
PROCORE,180.0,2020-07-28,fyi_layoffs.csv,PCOR,kept,ok
SWIGGY,350.0,2020-07-27,fyi_layoffs.csv,SWIGGY.NS,kept,ok
CHECKR,64.0,2020-07-23,fyi_layoffs.csv,CHEKZZX,kept,ok
YELP,63.0,2020-07-13,fyi_layoffs.csv,YELP,kept,ok
FUNDING CIRCLE,85.0,2020-07-08,fyi_layoffs.csv,FCH.L,kept,ok
ONDECK,,2020-07-08,fyi_layoffs.csv,7360.T,kept,ok
G2,17.0,2020-06-30,fyi_layoffs.csv,G2Y.F,kept,ok
BOUNCE,130.0,2020-06-29,fyi_layoffs.csv,WBB31497-USD,kept,ok
SPRINKLR,,2020-06-25,fyi_layoffs.csv,CXM,kept,ok
GODADDY,451.0,2020-06-24,fyi_layoffs.csv,GDDY,kept,ok
SONOS,174.0,2020-06-24,fyi_layoffs.csv,SONO,kept,ok
OYO,,2020-06-24,fyi_layoffs.csv,OYOCF,kept,ok
GOJEK,430.0,2020-06-23,fyi_layoffs.csv,GOTO.JK,kept,ok
DARK,6.0,2020-06-23,fyi_layoffs.csv,DPLS,kept,ok
INTUIT,715.0,2020-06-22,fyi_layoffs.csv,ISRG,kept,ok
WEWORK,200.0,2020-06-19,fyi_layoffs.csv,WEWORK.BO,kept,ok
NAVI,40.0,2020-06-17,fyi_layoffs.csv,NAVI,kept,ok
GRAB,360.0,2020-06-16,fyi_layoffs.csv,GRAB,kept,ok
REDOX,44.0,2020-06-16,fyi_layoffs.csv,REDOX,kept,ok
CONGA,,2020-06-15,fyi_layoffs.csv,0P0001L7UO.SA,kept,ok
UBER,225.0,2020-06-12,fyi_layoffs.csv,UBER,kept,ok
BRANCH,3.0,2020-06-11,fyi_layoffs.csv,BOF,kept,ok
BUILDER,39.0,2020-06-04,fyi_layoffs.csv,CAIBX,kept,ok
CREDIT SESAME,22.0,2020-06-03,fyi_layoffs.csv,CEDIZZX,kept,ok
CIRC,100.0,2020-06-02,fyi_layoffs.csv,CRCL,kept,ok
RIVIAN,40.0,2020-06-02,fyi_layoffs.csv,RIVN,kept,ok
STITCH FIX,1400.0,2020-06-01,fyi_layoffs.csv,SFIX,kept,ok
MAKEMYTRIP,350.0,2020-06-01,fyi_layoffs.csv,MMYT,kept,ok
BREX,62.0,2020-05-29,fyi_layoffs.csv,^BUKHI50P,kept,ok
STUBHUB,200.0,2020-05-28,fyi_layoffs.csv,STUB,kept,ok
UBER,600.0,2020-05-26,fyi_layoffs.csv,UBER,kept,ok
ACORNS,50.0,2020-05-26,fyi_layoffs.csv,0P00006OE7.SI,kept,ok
TEAMWORK,21.0,2020-05-22,fyi_layoffs.csv,TAMWZZX,kept,ok
GLITCH,18.0,2020-05-21,fyi_layoffs.csv,GLCH-USD,kept,ok
OLA,1400.0,2020-05-20,fyi_layoffs.csv,OLA.TO,kept,ok
SAMSARA,300.0,2020-05-20,fyi_layoffs.csv,IOT,kept,ok
SOFI,112.0,2020-05-20,fyi_layoffs.csv,SOFI,kept,ok
INTERCOM,39.0,2020-05-20,fyi_layoffs.csv,INTRZZX,kept,ok
POLLEN,69.0,2020-05-19,fyi_layoffs.csv,POLNL.XC,kept,ok
UBER,3000.0,2020-05-18,fyi_layoffs.csv,UBER,kept,ok
SWIGGY,1100.0,2020-05-18,fyi_layoffs.csv,SWIGGY.NS,kept,ok
WEWORK,100.0,2020-05-18,fyi_layoffs.csv,WEWORK.BO,kept,ok
RUBRIK,57.0,2020-05-18,fyi_layoffs.csv,RBRK,kept,ok
INTAPP,45.0,2020-05-18,fyi_layoffs.csv,INTA,kept,ok
LATTICE,16.0,2020-05-15,fyi_layoffs.csv,LSCC,kept,ok
MASSE,,2020-05-15,fyi_layoffs.csv,0P0001OR2Z.F,kept,ok
CRUISE,150.0,2020-05-14,fyi_layoffs.csv,RCL,kept,ok
QUARTZ,80.0,2020-05-14,fyi_layoffs.csv,002273.SZ,kept,ok
VEEM,30.0,2020-05-14,fyi_layoffs.csv,VEV.F,kept,ok
SIFT,,2020-05-14,fyi_layoffs.csv,0P00002A83.F,kept,ok
DELIV,669.0,2020-05-13,fyi_layoffs.csv,DELHY,kept,ok
STONE,1300.0,2020-05-12,fyi_layoffs.csv,SNEX,kept,ok
TOP HAT,16.0,2020-05-12,fyi_layoffs.csv,HAT35075-USD,kept,ok
REVOLUT,60.0,2020-05-11,fyi_layoffs.csv,RVMD,kept,ok
CADRE,28.0,2020-05-11,fyi_layoffs.csv,1CD.F,kept,ok
N26,9.0,2020-05-08,fyi_layoffs.csv,N269H.NX,kept,ok
JUMP,500.0,2020-05-07,fyi_layoffs.csv,0P0001DERO.F,kept,ok
FLYWIRE,60.0,2020-05-07,fyi_layoffs.csv,FLYW,kept,ok
UBER,3700.0,2020-05-06,fyi_layoffs.csv,UBER,kept,ok
VALIDITY,130.0,2020-05-06,fyi_layoffs.csv,VAL-KRW,kept,ok
RUBICON PROJECT,50.0,2020-05-06,fyi_layoffs.csv,RUBI,kept,ok
OPAY,,2020-05-06,fyi_layoffs.csv,6878.TWO,kept,ok
THOUGHTSPOT,,2020-05-06,fyi_layoffs.csv,THOPZZX,kept,ok
AIRBNB,1900.0,2020-05-05,fyi_layoffs.csv,ABNB,kept,ok
HANDSHAKE,,2020-05-05,fyi_layoffs.csv,HNS-USD,kept,ok
LEAGUE,,2020-05-05,fyi_layoffs.csv,SLE,kept,ok
ORIENTE,400.0,2020-05-04,fyi_layoffs.csv,ORIENTELEC.NS,kept,ok
TRIVAGO,,2020-05-04,fyi_layoffs.csv,TRVG,kept,ok
TRAX,120.0,2020-05-03,fyi_layoffs.csv,TRAX,kept,ok
OYO,150.0,2020-05-01,fyi_layoffs.csv,OYOCF,kept,ok
AUTOMATIC,,2020-05-01,fyi_layoffs.csv,ADP,kept,ok
COHESITY,,2020-04-30,fyi_layoffs.csv,COHSZZX,kept,ok
LYFT,982.0,2020-04-29,fyi_layoffs.csv,LYFT,kept,ok
WEWORK,300.0,2020-04-29,fyi_layoffs.csv,WEWORK.BO,kept,ok
LIME,80.0,2020-04-29,fyi_layoffs.csv,USLM,kept,ok
YOCO,,2020-04-29,fyi_layoffs.csv,YOCO-USD,kept,ok
OPENX,35.0,2020-04-28,fyi_layoffs.csv,OPENX-USD,kept,ok
MIGO,,2020-04-28,fyi_layoffs.csv,MIGO,kept,ok
AUTOMATION ANY...,260.0,2020-04-27,fyi_layoffs.csv,ATOHZZX,kept,ok
OYO,500.0,2020-04-25,fyi_layoffs.csv,OYOCF,kept,ok
STOCKX,100.0,2020-04-23,fyi_layoffs.csv,STOCZZX,kept,ok
OSCAR HEALTH,70.0,2020-04-23,fyi_layoffs.csv,OSCR,kept,ok
SINGULAR,,2020-04-23,fyi_layoffs.csv,0P0001K7CC.SA,kept,ok
MAGIC LEAP,1000.0,2020-04-22,fyi_layoffs.csv,MGIEZZX,kept,ok
IKE,10.0,2020-04-22,fyi_layoffs.csv,IKE.AX,kept,ok
SWIGGY,800.0,2020-04-21,fyi_layoffs.csv,SWIGGY.NS,kept,ok
PAYTM,500.0,2020-04-21,fyi_layoffs.csv,PAYTM.NS,kept,ok
CASPER,78.0,2020-04-21,fyi_layoffs.csv,CSPR-USD,kept,ok
PATREON,30.0,2020-04-21,fyi_layoffs.csv,PTREZZX,kept,ok
ZUM,28.0,2020-04-20,fyi_layoffs.csv,ZUMZ,kept,ok
FORWARD,10.0,2020-04-20,fyi_layoffs.csv,OMFREIGHT.BO,kept,ok
BLACKBUCK,200.0,2020-04-17,fyi_layoffs.csv,BLACKBUCK.NS,kept,ok
GREENHOUSE,120.0,2020-04-17,fyi_layoffs.csv,GWAYF,kept,ok
LOFT,47.0,2020-04-17,fyi_layoffs.csv,DE000SL0BJN6.SG,kept,ok
SWEETGREEN,35.0,2020-04-17,fyi_layoffs.csv,SG,kept,ok
TOR,13.0,2020-04-17,fyi_layoffs.csv,TD.TO,kept,ok
BITGO,,2020-04-17,fyi_layoffs.csv,BTGO,kept,ok
DISPATCH,,2020-04-17,fyi_layoffs.csv,HA9.F,kept,ok
CARGURUS,130.0,2020-04-16,fyi_layoffs.csv,CARG,kept,ok
OPENDOOR,600.0,2020-04-15,fyi_layoffs.csv,OPEN,kept,ok
GOPRO,200.0,2020-04-15,fyi_layoffs.csv,GPRO,kept,ok
CARTA,161.0,2020-04-15,fyi_layoffs.csv,0P0001A1SR,kept,ok
KODIAK ROBOTICS,15.0,2020-04-15,fyi_layoffs.csv,KODAZZX,kept,ok
VIEW,,2020-04-15,fyi_layoffs.csv,VRAYQ,kept,ok
THE REALREAL,235.0,2020-04-14,fyi_layoffs.csv,REAL,kept,ok
ENVOY,58.0,2020-04-14,fyi_layoffs.csv,COCHW,kept,ok
VSCO,45.0,2020-04-14,fyi_layoffs.csv,VSCOX,kept,ok
SKILLZ,21.0,2020-04-14,fyi_layoffs.csv,SKLZ,kept,ok
GROUPON,2800.0,2020-04-13,fyi_layoffs.csv,GRPN,kept,ok
NEON,70.0,2020-04-13,fyi_layoffs.csv,NEON,kept,ok
EASYPOST,50.0,2020-04-13,fyi_layoffs.csv,EASPZZX,kept,ok
BEETECH,30.0,2020-04-10,fyi_layoffs.csv,300667.SZ,kept,ok
ATSU,6.0,2020-04-10,fyi_layoffs.csv,3529.T,kept,ok
FLOQAST,,2020-04-10,fyi_layoffs.csv,FOQAZZX,kept,ok
DOMO,90.0,2020-04-09,fyi_layoffs.csv,DOMO,kept,ok
CLINC,40.0,2020-04-09,fyi_layoffs.csv,CLCH.TO,kept,ok
ELLIPTIC,,2020-04-09,fyi_layoffs.csv,ELABS.OL,kept,ok
MEESHO,200.0,2020-04-08,fyi_layoffs.csv,MEESHO.NS,kept,ok
SCOOP,92.0,2020-04-08,fyi_layoffs.csv,XS246958254.MU,kept,ok
UNISON,89.0,2020-04-08,fyi_layoffs.csv,603418.SS,kept,ok
LEVER,86.0,2020-04-08,fyi_layoffs.csv,GDXU,kept,ok
CONNECTED,17.0,2020-04-08,fyi_layoffs.csv,CML.XA,kept,ok
CREDITAS,,2020-04-08,fyi_layoffs.csv,KCRE11.SA,kept,ok
TOAST,1300.0,2020-04-07,fyi_layoffs.csv,TOST,kept,ok
IBOTTA,87.0,2020-04-07,fyi_layoffs.csv,OE6.F,kept,ok
AWAY,60.0,2020-04-07,fyi_layoffs.csv,AWAY,kept,ok
NAV,30.0,2020-04-07,fyi_layoffs.csv,NMM,kept,ok
COGITO,24.0,2020-04-06,fyi_layoffs.csv,CGV-USD,kept,ok
MAPBOX,,2020-04-06,fyi_layoffs.csv,MAPBZZX,kept,ok
ASTRA,40.0,2020-04-05,fyi_layoffs.csv,AZN,kept,ok
MINTED,147.0,2020-04-03,fyi_layoffs.csv,MTD21418-USD,kept,ok
SALSIFY,60.0,2020-04-03,fyi_layoffs.csv,SLSFZZX,kept,ok
DSCO,12.0,2020-04-03,fyi_layoffs.csv,DSCO,kept,ok
MEWS,,2020-04-03,fyi_layoffs.csv,MEWSX,kept,ok
VOI,100.0,2020-04-02,fyi_layoffs.csv,2495.HK,kept,ok
1STDIBS,70.0,2020-04-02,fyi_layoffs.csv,DIBS,kept,ok
LATCH,60.0,2020-04-02,fyi_layoffs.csv,LTCH,kept,ok
SHUTTL,40.0,2020-04-02,fyi_layoffs.csv,NAS.OL,kept,ok
COPPER,35.0,2020-04-02,fyi_layoffs.csv,HG=F,kept,ok
FISCALNOTE,30.0,2020-04-02,fyi_layoffs.csv,NOTE,kept,ok
SAUCE LABS,30.0,2020-04-02,fyi_layoffs.csv,SAUEZZX,kept,ok
CAPILLARY,,2020-04-02,fyi_layoffs.csv,CAPILLARY.NS,kept,ok
WONDER,,2020-04-02,fyi_layoffs.csv,LNWO,kept,ok
EARNIN,50.0,2020-04-01,fyi_layoffs.csv,EPI,kept,ok
ACKO,45.0,2020-04-01,fyi_layoffs.csv,ACKOQXX,kept,ok
CRAYON,20.0,2020-04-01,fyi_layoffs.csv,CRAYONS-SM.NS,kept,ok
PANA,18.0,2020-04-01,fyi_layoffs.csv,ICP.SG,kept,ok
CURRENCY,,2020-04-01,fyi_layoffs.csv,FXY,kept,ok
ROVER,194.0,2020-03-31,fyi_layoffs.csv,ROVMF,kept,ok
TURO,108.0,2020-03-31,fyi_layoffs.csv,TUROZZX,kept,ok
ADARA,,2020-03-31,fyi_layoffs.csv,0P0000HN4R.F,kept,ok
THUMBTACK,250.0,2020-03-30,fyi_layoffs.csv,THUBZZX,kept,ok
MAVEN,31.0,2020-03-30,fyi_layoffs.csv,TRLFF,kept,ok
CUYANA,,2020-03-30,fyi_layoffs.csv,DGCU2.BA,kept,ok
ZIPRECRUITER,400.0,2020-03-29,fyi_layoffs.csv,ZIP,kept,ok
WEWORK,250.0,2020-03-28,fyi_layoffs.csv,WEWORK.BO,kept,ok
RENT THE RUNWAY,,2020-03-28,fyi_layoffs.csv,RENT,kept,ok
BIRD,406.0,2020-03-27,fyi_layoffs.csv,BIRD,kept,ok
DATAROBOT,200.0,2020-03-27,fyi_layoffs.csv,DATRZZX,kept,ok
GETAROUND,100.0,2020-03-27,fyi_layoffs.csv,GETR,kept,ok
MOGO,78.0,2020-03-27,fyi_layoffs.csv,OY4.F,kept,ok
DISCO,75.0,2020-03-27,fyi_layoffs.csv,WBD,kept,ok
BENCH,47.0,2020-03-27,fyi_layoffs.csv,BHE,kept,ok
LOFT,47.0,2020-03-27,fyi_layoffs.csv,DE000SL0BJN6.SG,kept,ok
BEVI,30.0,2020-03-27,fyi_layoffs.csv,BLRB.F,kept,ok
OPAL,20.0,2020-03-27,fyi_layoffs.csv,OPAL,kept,ok
PUPPET,50.0,2020-03-26,fyi_layoffs.csv,PUPPETH-USD,kept,ok
PASSPORT,44.0,2020-03-26,fyi_layoffs.csv,0P0001I34D,kept,ok
NATIVO,,2020-03-26,fyi_layoffs.csv,A3Z.F,kept,ok
LYRIC,100.0,2020-03-25,fyi_layoffs.csv,0P00016I3I,kept,ok
OVERTIME,30.0,2020-03-25,fyi_layoffs.csv,OVER36272-USD,kept,ok
JAMA,12.0,2020-03-25,fyi_layoffs.csv,JAMAX,kept,ok
SONDER,400.0,2020-03-24,fyi_layoffs.csv,SOND.SW,kept,ok
TAKL,130.0,2020-03-24,fyi_layoffs.csv,TAKLX,kept,ok
FLOWR,,2020-03-24,fyi_layoffs.csv,FLWPF,kept,ok
COMPASS,375.0,2020-03-23,fyi_layoffs.csv,CMPS,kept,ok
DRIP,20.0,2020-03-23,fyi_layoffs.csv,DRIP,kept,ok
CABIN,,2020-03-23,fyi_layoffs.csv,2657.HK,kept,ok
EIGHT SLEEP,,2020-03-23,fyi_layoffs.csv,EIGHZZX,kept,ok
SERVICE,,2020-03-20,fyi_layoffs.csv,XAZ=F,kept,ok
BOUNCE,120.0,2020-03-19,fyi_layoffs.csv,WBB31497-USD,kept,ok
LOLA,34.0,2020-03-19,fyi_layoffs.csv,0P0001QJYP.F,kept,ok
SERVICE,,2020-03-16,fyi_layoffs.csv,XAZ=F,kept,ok
EASYPOST,75.0,2020-03-11,fyi_layoffs.csv,EASPZZX,kept,ok
DOMETIC,89.0,2026-05-01,WARNDatabase2026.csv,DOMS.XC,kept,ok
STARBUCKS,61.0,2026-05-08,WARNDatabase2026.csv,SBUX,kept,ok
VERIZON,121.0,2026-05-01,WARNDatabase2026.csv,VZ,kept,ok
JP MORGAN CHASE,51.0,2026-05-01,WARNDatabase2026.csv,JPM,kept,ok
BARCLAYS,64.0,2026-05-01,WARNDatabase2026.csv,BARC.L,kept,ok
"GILEAD SCIENCES, INC.",108.0,2026-05-01,WARNDatabase2026.csv,GILD,kept,ok
"CUMMINS, INC.",59.0,2026-05-01,WARNDatabase2026.csv,CMI,kept,ok
MAERSK,44.0,2026-05-01,WARNDatabase2026.csv,AMKBY,kept,ok
MAERSK,5.0,2026-05-01,WARNDatabase2026.csv,AMKBY,kept,ok
"GILEAD SCIENCES, INC.",84.0,2026-04-30,WARNDatabase2026.csv,GILD,kept,ok
ACCEL,246.0,2026-04-30,WARNDatabase2026.csv,ACEL,kept,ok
BENCHMARK,75.0,2026-04-29,WARNDatabase2026.csv,BHE,kept,ok
"RAYTHEON, AN RTX BUSINESS",1.0,2026-04-29,WARNDatabase2026.csv,^RTX,kept,ok
WELLS FARGO,10.0,2026-04-28,WARNDatabase2026.csv,WFC,kept,ok
PERRIGO COMPANY,162.0,2026-04-28,WARNDatabase2026.csv,PRGO,kept,ok
APPLE INC.,57.0,2026-04-27,WARNDatabase2026.csv,AAPL,kept,ok
GXO,66.0,2026-04-27,WARNDatabase2026.csv,GXO,kept,ok
JACK IN THE BOX,14.0,2026-04-27,WARNDatabase2026.csv,JACK,kept,ok
"CONSTELLATION BRANDS, INC.",7.0,2026-04-24,WARNDatabase2026.csv,STZ,kept,ok
APPLE INC.,78.0,2026-04-23,WARNDatabase2026.csv,AAPL,kept,ok
PARAMOUNT SKYDANCE CORPORATION,2.0,2026-04-22,WARNDatabase2026.csv,PSKY,kept,ok
ADIENT,210.0,2026-04-21,WARNDatabase2026.csv,ADNT,kept,ok
POLARIS INC.,189.0,2026-04-21,WARNDatabase2026.csv,PII,kept,ok
AMAZON,616.0,2026-04-17,WARNDatabase2026.csv,AMZN,kept,ok
"REPLIMUNE, INC.",81.0,2026-04-17,WARNDatabase2026.csv,REPL,kept,ok
"REPLIMUNE, INC.",80.0,2026-04-17,WARNDatabase2026.csv,REPL,kept,ok
PARAMOUNT SKYDANCE CORPORATION,2.0,2026-04-16,WARNDatabase2026.csv,PSKY,kept,ok
PARAMOUNT SKYDANCE CORPORATION,5.0,2026-04-16,WARNDatabase2026.csv,PSKY,kept,ok
SNAP INC.,73.0,2026-04-16,WARNDatabase2026.csv,SNAP,kept,ok
SNAP INC.,247.0,2026-04-15,WARNDatabase2026.csv,SNAP,kept,ok
SNAP INC.,95.0,2026-04-15,WARNDatabase2026.csv,SNAP,kept,ok
WELLS FARGO,25.0,2026-04-14,WARNDatabase2026.csv,WFC,kept,ok
CENTRAL GARDEN & PET,94.0,2026-04-14,WARNDatabase2026.csv,CENTA,kept,ok
BOEING COMPANY,13.0,2026-04-13,WARNDatabase2026.csv,BA,kept,ok
"REPLIMUNE, INC.",63.0,2026-04-13,WARNDatabase2026.csv,REPL,kept,ok
DANA INCORPORATED,81.0,2026-04-10,WARNDatabase2026.csv,DAN,kept,ok
EBAY INC.,198.0,2026-04-10,WARNDatabase2026.csv,EBAY,kept,ok
PHILLIPS 66,10.0,2026-04-10,WARNDatabase2026.csv,PSX,kept,ok
PHILLIPS 66,6.0,2026-04-10,WARNDatabase2026.csv,PSX,kept,ok
T-MOBILE,51.0,2026-04-10,WARNDatabase2026.csv,TMUS,kept,ok
"GOSSAMER BIO, INC.",65.0,2026-04-08,WARNDatabase2026.csv,GOSS,kept,ok
JPMORGAN CHASE,53.0,2026-04-07,WARNDatabase2026.csv,JPM,kept,ok
LEIDOS,156.0,2026-04-06,WARNDatabase2026.csv,LDOS,kept,ok
LEIDOS,71.0,2026-04-02,WARNDatabase2026.csv,LDOS,kept,ok
EXPERIAN,3.0,2026-04-01,WARNDatabase2026.csv,EXPN.L,kept,ok
"META PLATFORMS, INC.",124.0,2026-04-01,WARNDatabase2026.csv,META,kept,ok
"META PLATFORMS, INC.",74.0,2026-04-01,WARNDatabase2026.csv,META,kept,ok
BRISTOL MYERS SQUIBB,206.0,2026-04-01,WARNDatabase2026.csv,BMY,kept,ok
NOVARTIS,60.0,2026-04-01,WARNDatabase2026.csv,NVS,kept,ok
"ADVANTEST, INC.",55.0,2026-04-01,WARNDatabase2026.csv,ATEYY,kept,ok
"CHURCH & DWIGHT COMPANY, INC.",195.0,2026-04-01,WARNDatabase2026.csv,CHD,kept,ok
REGAL REXNORD CORPORATION,70.0,2026-04-01,WARNDatabase2026.csv,RRX,kept,ok
ACCENTURE,54.0,2026-03-31,WARNDatabase2026.csv,ACN,kept,ok
WELLS FARGO,62.0,2026-03-31,WARNDatabase2026.csv,WFC,kept,ok
ORACLE,539.0,2026-03-31,WARNDatabase2026.csv,ORCL,kept,ok
"ALLIED GROUP, LLC",154.0,2026-03-31,WARNDatabase2026.csv,0373.HK,kept,ok
"META PLATFORMS, INC",168.0,2026-03-31,WARNDatabase2026.csv,META,kept,ok
WELLS FARGO & COMPANY,77.0,2026-03-30,WARNDatabase2026.csv,WFC,kept,ok
WALMART,90.0,2026-03-29,WARNDatabase2026.csv,WMT,kept,ok
WALMART,111.0,2026-03-27,WARNDatabase2026.csv,WMT,kept,ok
HORIZON AIR,78.0,2026-03-27,WARNDatabase2026.csv,HOVRW,kept,ok
STARBUCKS,69.0,2026-03-27,WARNDatabase2026.csv,SBUX,kept,ok
"GILEAD SCIENCES, INC.",51.0,2026-03-26,WARNDatabase2026.csv,GILD,kept,ok
EXPERIAN,35.0,2026-03-25,WARNDatabase2026.csv,EXPN.L,kept,ok
CHARLES RIVER LABORATORIES,71.0,2026-03-25,WARNDatabase2026.csv,CRL,kept,ok
"MATTEL, INC.",65.0,2026-03-24,WARNDatabase2026.csv,MAT,kept,ok
"REVVITY, INC.",29.0,2026-03-24,WARNDatabase2026.csv,RVTY,kept,ok
"EPIC GAMES, INC.",211.0,2026-03-24,WARNDatabase2026.csv,EPIGZZX,kept,ok
TITAN INTERNATIONAL,153.0,2026-03-24,WARNDatabase2026.csv,TWI,kept,ok
"EPIC GAMES, INC.",82.0,2026-03-24,WARNDatabase2026.csv,EPIGZZX,kept,ok
"SYNOPSYS, INC.",55.0,2026-03-23,WARNDatabase2026.csv,SNPS,kept,ok
"PRIMO BRANDS, INC.",23.0,2026-03-20,WARNDatabase2026.csv,PRMB,kept,ok
BAE SYSTEMS,119.0,2026-03-19,WARNDatabase2026.csv,BA.L,kept,ok
"CHARTER COMMUNICATIONS, INC.",313.0,2026-03-18,WARNDatabase2026.csv,CHTR,kept,ok
"BLUE BIRD, INC.",82.0,2026-03-17,WARNDatabase2026.csv,4RB.DU,kept,ok
"UNITED NATURAL FOODS, INC.",443.0,2026-03-16,WARNDatabase2026.csv,UNFI,kept,ok
EXPERIAN,28.0,2026-03-11,WARNDatabase2026.csv,EXPN.L,kept,ok
AMENTUM,9.0,2026-03-09,WARNDatabase2026.csv,AMTM,kept,ok
AMENTUM,27.0,2026-03-09,WARNDatabase2026.csv,AMTM,kept,ok
WELLS FARGO,6.0,2026-03-04,WARNDatabase2026.csv,WFC,kept,ok
"SALESFORCE, INC.",51.0,2026-03-03,WARNDatabase2026.csv,CRM,kept,ok
WELLS FARGO,7.0,2026-03-03,WARNDatabase2026.csv,WFC,kept,ok
"TRULIEVE, INC.",58.0,2026-03-02,WARNDatabase2026.csv,TCNNF,kept,ok
"MICROVISION, INC.",49.0,2026-03-02,WARNDatabase2026.csv,MVIS,kept,ok
JP MORGAN CHASE,134.0,2026-03-01,WARNDatabase2026.csv,JPM,kept,ok
NOVARTIS,114.0,2026-03-01,WARNDatabase2026.csv,NVS,kept,ok
PRUDENTIAL,54.0,2026-03-01,WARNDatabase2026.csv,PRU,kept,ok
RECKITT BENCKISER,62.0,2026-03-01,WARNDatabase2026.csv,RKT.L,kept,ok
UBS,103.0,2026-03-01,WARNDatabase2026.csv,UBS,kept,ok
RAYTHEON,55.0,2026-02-27,WARNDatabase2026.csv,^RTX,kept,ok
L3HARRIS,63.0,2026-02-27,WARNDatabase2026.csv,LHX,kept,ok
"BLOCK, INC.",83.0,2026-02-26,WARNDatabase2026.csv,XYZ,kept,ok
BLOCK,61.0,2026-02-26,WARNDatabase2026.csv,XYZ,kept,ok
EBAY INC.,243.0,2026-02-25,WARNDatabase2026.csv,EBAY,kept,ok
"C3.AI, INC.",71.0,2026-02-23,WARNDatabase2026.csv,AI,kept,ok
"LUCID GROUP, INC.",319.0,2026-02-20,WARNDatabase2026.csv,LCID,kept,ok
WELLS FARGO,21.0,2026-02-20,WARNDatabase2026.csv,WFC,kept,ok
LOUIS VUITTON,10.0,2026-02-19,WARNDatabase2026.csv,MC.PA,kept,ok
CHARLES RIVER LABORATORIES,71.0,2026-02-19,WARNDatabase2026.csv,CRL,kept,ok
CORNING INCORPORATED,123.0,2026-02-19,WARNDatabase2026.csv,GLW,kept,ok
GXO,185.0,2026-02-19,WARNDatabase2026.csv,GXO,kept,ok
INTERNATIONAL PAPER COMPANY,126.0,2026-02-18,WARNDatabase2026.csv,IP,kept,ok
"RED O LA JOLLA, LCC",91.0,2026-02-17,WARNDatabase2026.csv,LCCINFOTEC.BO,kept,ok
HCL,98.0,2026-02-17,WARNDatabase2026.csv,HCLN.TO,kept,ok
WELLS FARGO,2.0,2026-02-17,WARNDatabase2026.csv,WFC,kept,ok
WHIRLPOOL CORPORATION,341.0,2026-02-17,WARNDatabase2026.csv,WHR,kept,ok
"LOWE’S COMPANIES, INC.",5.0,2026-02-17,WARNDatabase2026.csv,LOW,kept,ok
LOWE'S COMPANIES,3.0,2026-02-17,WARNDatabase2026.csv,LOW,kept,ok
AOL,108.0,2026-02-17,WARNDatabase2026.csv,300585.SZ,kept,ok
"LOWE'S COMPANIES, INC.",12.0,2026-02-16,WARNDatabase2026.csv,LOW,kept,ok
LOWE'S COMPANIES,17.0,2026-02-16,WARNDatabase2026.csv,LOW,kept,ok
TTEC,57.0,2026-02-13,WARNDatabase2026.csv,TTEC,kept,ok
LOWE'S,3.0,2026-02-13,WARNDatabase2026.csv,LOW,kept,ok
"LOWE'S COMPANIES, INC.",49.0,2026-02-13,WARNDatabase2026.csv,LOW,kept,ok
"LOWE'S COMPANIES, INC.",178.0,2026-02-13,WARNDatabase2026.csv,LOW,kept,ok
T. ROWE PRICE,54.0,2026-02-12,WARNDatabase2026.csv,TROW,kept,ok
"MEDTRONIC, INC.",81.0,2026-02-05,WARNDatabase2026.csv,MDT,kept,ok
WORKDAY INC.,154.0,2026-02-05,WARNDatabase2026.csv,WDAY,kept,ok
"TESSERA THERAPEUTICS, INC",1.0,2026-02-05,WARNDatabase2026.csv,TESHZZX,kept,ok
JANUS INTERNATIONAL GROUP,113.0,2026-02-04,WARNDatabase2026.csv,JBI,kept,ok
"CONSTELLATION BRANDS, INC.",212.0,2026-02-03,WARNDatabase2026.csv,STZ,kept,ok
"META PLATFORMS, INC.",52.0,2026-02-03,WARNDatabase2026.csv,META,kept,ok
"META PLATFORMS, INC. - 1 HACKER",6.0,2026-02-03,WARNDatabase2026.csv,META,kept,ok
"META PLATFORMS, INC. - 180 JEFFERSON",2.0,2026-02-03,WARNDatabase2026.csv,META,kept,ok
"META PLATFORMS, INC. - 190 JEFFERSON",1.0,2026-02-03,WARNDatabase2026.csv,META,kept,ok
"META PLATFORMS, INC. - 220 JEFFERSON",2.0,2026-02-03,WARNDatabase2026.csv,META,kept,ok
"META PLATFORMS, INC. - 305 CONSTITUTION",39.0,2026-02-03,WARNDatabase2026.csv,META,kept,ok
WELLS FARGO,41.0,2026-02-03,WARNDatabase2026.csv,WFC,kept,ok
WELLS FARGO,49.0,2026-02-03,WARNDatabase2026.csv,WFC,kept,ok
PARSONS CORPORATION,8.0,2026-02-03,WARNDatabase2026.csv,PSN,kept,ok
WELLS FARGO,112.0,2026-02-03,WARNDatabase2026.csv,WFC,kept,ok
"AMERICAN EAGLE OUTFITTERS, INC.",108.0,2026-02-02,WARNDatabase2026.csv,AEO,kept,ok
PHILLIPS 66,82.0,2026-02-02,WARNDatabase2026.csv,PSX,kept,ok
PHILLIPS 66,40.0,2026-02-02,WARNDatabase2026.csv,PSX,kept,ok
REGAL REXNORD,3.0,2026-02-02,WARNDatabase2026.csv,RRX,kept,ok
"CHARLES RIVER LABORATORIES, INC.",20.0,2026-02-02,WARNDatabase2026.csv,CRL,kept,ok
FIRST FINANCIAL BANCORP,56.0,2026-02-02,WARNDatabase2026.csv,FFBC,kept,ok
T-MOBILE,393.0,2026-02-02,WARNDatabase2026.csv,TMUS,kept,ok
MDI,102.0,2026-02-01,WARNDatabase2026.csv,MDIV,kept,ok
CITIBANK,141.0,2026-02-01,WARNDatabase2026.csv,C,kept,ok
COMPASS INC.,110.0,2026-02-01,WARNDatabase2026.csv,COMP,kept,ok
JP MORGAN CHASE,120.0,2026-02-01,WARNDatabase2026.csv,JPM,kept,ok
MACY'S,79.0,2026-02-01,WARNDatabase2026.csv,M,kept,ok
TARGET,107.0,2026-02-01,WARNDatabase2026.csv,TGT,kept,ok
WALMART,100.0,2026-02-01,WARNDatabase2026.csv,WMT,kept,ok
AMAZON,72.0,2026-01-30,WARNDatabase2026.csv,AMZN,kept,ok
AMAZON,32.0,2026-01-30,WARNDatabase2026.csv,AMZN,kept,ok
AMAZON,3.0,2026-01-30,WARNDatabase2026.csv,AMZN,kept,ok
AMAZON,11.0,2026-01-30,WARNDatabase2026.csv,AMZN,kept,ok
AMAZON,58.0,2026-01-30,WARNDatabase2026.csv,AMZN,kept,ok
AMAZON,87.0,2026-01-30,WARNDatabase2026.csv,AMZN,kept,ok
AMAZON,81.0,2026-01-30,WARNDatabase2026.csv,AMZN,kept,ok
AMAZON,89.0,2026-01-30,WARNDatabase2026.csv,AMZN,kept,ok
"MERCURY SYSTEMS, INC.",18.0,2026-01-30,WARNDatabase2026.csv,MRCY,kept,ok
GOODYEAR TIRE & RUBBER COMPANY,85.0,2026-01-30,WARNDatabase2026.csv,GT,kept,ok
AMAZON,,2026-01-30,WARNDatabase2026.csv,AMZN,kept,ok
INTERNATIONAL PAPER COMPANY,102.0,2026-01-30,WARNDatabase2026.csv,IP,kept,ok
KUEHNE-NAGEL,153.0,2026-01-28,WARNDatabase2026.csv,KNIN.SW,kept,ok
AMAZON,691.0,2026-01-28,WARNDatabase2026.csv,AMZN,kept,ok
AMAZON,401.0,2026-01-28,WARNDatabase2026.csv,AMZN,kept,ok
"EXPEDIA, INC.",162.0,2026-01-28,WARNDatabase2026.csv,EXPE,kept,ok
BENCHMARK,65.0,2026-01-27,WARNDatabase2026.csv,BHE,kept,ok
JBT MAREL CORPORATION,59.0,2026-01-27,WARNDatabase2026.csv,JBT.F,kept,ok
THERMO FISHER SCIENTIFIC,173.0,2026-01-27,WARNDatabase2026.csv,TMO,kept,ok
"BANK FIRST, N.A.",47.0,2026-01-27,WARNDatabase2026.csv,42H.F,kept,ok
PHILLIPS 66,44.0,2026-01-26,WARNDatabase2026.csv,PSX,kept,ok
"TYSON FOODS, INC (AMARILLO B-SHIFT OPERATIONS) UPDATED",,2026-01-26,WARNDatabase2026.csv,TSN,kept,ok
AUTODESK,104.0,2026-01-23,WARNDatabase2026.csv,ADSK,kept,ok
"ILLUMINA, INC WORLDWIDE HEADQUARTERS",1.0,2026-01-23,WARNDatabase2026.csv,ILMN,kept,ok
"ILLUMINA, INC. WORLDWIDE HEADQUARTERS",4.0,2026-01-23,WARNDatabase2026.csv,ILMN,kept,ok
THERMO FISHER SCIENTIFIC,103.0,2026-01-23,WARNDatabase2026.csv,TMO,kept,ok
"GILEAD SCIENCES, INC.",34.0,2026-01-22,WARNDatabase2026.csv,GILD,kept,ok
"META PLATFORMS, INC.",53.0,2026-01-21,WARNDatabase2026.csv,META,kept,ok
"META PLATFORMS, INC.",219.0,2026-01-21,WARNDatabase2026.csv,META,kept,ok
"PRIMO BRANDS, INC.",19.0,2026-01-21,WARNDatabase2026.csv,PRMB,kept,ok
LEIDOS,93.0,2026-01-21,WARNDatabase2026.csv,LDOS,kept,ok
WELLS FARGO,33.0,2026-01-20,WARNDatabase2026.csv,WFC,kept,ok
"META PLATFORMS, INC",331.0,2026-01-19,WARNDatabase2026.csv,META,kept,ok
BEST BUY,46.0,2026-01-16,WARNDatabase2026.csv,BBY,kept,ok
BEST BUY,60.0,2026-01-16,WARNDatabase2026.csv,BBY,kept,ok
MACY'S,77.0,2026-01-12,WARNDatabase2026.csv,M,kept,ok
PARSONS CORPORATION,42.0,2026-01-12,WARNDatabase2026.csv,PSN,kept,ok
"TESSERA THERAPEUTICS, INC",1.0,2026-01-12,WARNDatabase2026.csv,TESHZZX,kept,ok
CHEMOURS,19.0,2026-01-08,WARNDatabase2026.csv,CC,kept,ok
CHEMOURS,12.0,2026-01-08,WARNDatabase2026.csv,CC,kept,ok
CHEMOURS,44.0,2026-01-08,WARNDatabase2026.csv,CC,kept,ok
THERMO FISHER SCIENTIFIC,421.0,2026-01-08,WARNDatabase2026.csv,TMO,kept,ok
"TESSERA THERAPEUTICS, INC.",82.0,2026-01-07,WARNDatabase2026.csv,TESHZZX,kept,ok
TESSERA THERAPEUTICS,2.0,2026-01-07,WARNDatabase2026.csv,TESHZZX,kept,ok
"FORMFACTOR, INC.",113.0,2026-01-06,WARNDatabase2026.csv,FORM,kept,ok
"FORMFACTOR, INC.",107.0,2026-01-06,WARNDatabase2026.csv,FORM,kept,ok
TESSERA THERAPEUTICS,1.0,2026-01-06,WARNDatabase2026.csv,TESHZZX,kept,ok
"TESSERA THERAPEUTICS, INC",1.0,2026-01-06,WARNDatabase2026.csv,TESHZZX,kept,ok
GXO LOGISTICS,220.0,2026-01-06,WARNDatabase2026.csv,GXO,kept,ok
TESSERA,1.0,2026-01-06,WARNDatabase2026.csv,TSPACEX-USD,kept,ok
CHEMOURS,54.0,2026-01-05,WARNDatabase2026.csv,CC,kept,ok
WABASH,144.0,2026-01-05,WARNDatabase2026.csv,WNC,kept,ok
TIAA,101.0,2026-01-02,WARNDatabase2026.csv,TSMEX,kept,ok
"BAE SYSTEMS, INC.",55.0,2026-01-02,WARNDatabase2026.csv,BA.L,kept,ok
GAMESTOP,1.0,2026-01-01,WARNDatabase2026.csv,GME,kept,ok
GAMESTOP,1.0,2026-01-01,WARNDatabase2026.csv,GME,kept,ok
GAMESTOP,1.0,2026-01-01,WARNDatabase2026.csv,GME,kept,ok
GAMESTOP,1.0,2026-01-01,WARNDatabase2026.csv,GME,kept,ok
HOMI,1.0,2026-01-01,WARNDatabase2026.csv,HOMI.BR,kept,ok
AMAZON,871.0,2026-01-01,WARNDatabase2026.csv,AMZN,kept,ok
LIFETIME BRANDS,140.0,2026-01-01,WARNDatabase2026.csv,LH1.F,kept,ok
THE COCA-COLA COMPANY,75.0,2025-12-30,WARNDatabaseMasterExcluding2026.csv,KO,kept,ok
"ILLUMINA, INC.",1.0,2025-12-23,WARNDatabaseMasterExcluding2026.csv,ILMN,kept,ok
"THRIFT STORES OF WASHINGTON, D. C.",41.0,2025-12-19,WARNDatabaseMasterExcluding2026.csv,DKKCAD=X,kept,ok
ARCHER DANIELS MIDLAND COMPANY,95.0,2025-12-19,WARNDatabaseMasterExcluding2026.csv,ADM,kept,ok
WESTLAKE CHEMICAL,99.0,2025-12-16,WARNDatabaseMasterExcluding2026.csv,WLK,kept,ok
"QUAD/GRAPHICS, INC.",241.0,2025-12-16,WARNDatabaseMasterExcluding2026.csv,QUAD,kept,ok
"CHARLES RIVER LABORATORIES, INC.",71.0,2025-12-16,WARNDatabaseMasterExcluding2026.csv,CRL,kept,ok
WESTLAKE CORPORATION,121.0,2025-12-15,WARNDatabaseMasterExcluding2026.csv,WLK,kept,ok
PARSONS CORPORATION,32.0,2025-12-15,WARNDatabaseMasterExcluding2026.csv,PSN,kept,ok
THYSSENKRUPP,77.0,2025-12-15,WARNDatabaseMasterExcluding2026.csv,TKA.DE,kept,ok
COOPER STANDARD,228.0,2025-12-15,WARNDatabaseMasterExcluding2026.csv,CPS,kept,ok
"PRIMO BRANDS, INC.",2.0,2025-12-15,WARNDatabaseMasterExcluding2026.csv,PRMB,kept,ok
"PRIMO BRANDS, INC.",1.0,2025-12-15,WARNDatabaseMasterExcluding2026.csv,PRMB,kept,ok
RAYTHEON,1.0,2025-12-15,WARNDatabaseMasterExcluding2026.csv,^RTX,kept,ok
"PRIMO BRANDS, INC.",1.0,2025-12-15,WARNDatabaseMasterExcluding2026.csv,PRMB,kept,ok
AMAZON,84.0,2025-12-13,WARNDatabaseMasterExcluding2026.csv,AMZN,kept,ok
"ILLUMINA, INC.",7.0,2025-12-12,WARNDatabaseMasterExcluding2026.csv,ILMN,kept,ok
PACKAGING CORPORATION OF AMERICA,200.0,2025-12-11,WARNDatabaseMasterExcluding2026.csv,PKG,kept,ok
"BIOMERIEUX, INC.",121.0,2025-12-11,WARNDatabaseMasterExcluding2026.csv,BIMP.XD,kept,ok
ZEBRA TECHNOLOGIES CORPORATION,75.0,2025-12-11,WARNDatabaseMasterExcluding2026.csv,ZBRA,kept,ok
"MEDTEC, LLC DBA CQ MEDICAL",33.0,2025-12-10,WARNDatabaseMasterExcluding2026.csv,0P0001J1F5.F,kept,ok
"MEDTEC, LLC DBA CQ MEDICAL",33.0,2025-12-10,WARNDatabaseMasterExcluding2026.csv,0P0001J1F5.F,kept,ok
CHARTER COMMUNICATIONS,176.0,2025-12-10,WARNDatabaseMasterExcluding2026.csv,CHTR,kept,ok
WELLS FARGO,114.0,2025-12-10,WARNDatabaseMasterExcluding2026.csv,WFC,kept,ok
AARP,18.0,2025-12-10,WARNDatabaseMasterExcluding2026.csv,AARPLXX,kept,ok
WELLS FARGO,25.0,2025-12-09,WARNDatabaseMasterExcluding2026.csv,WFC,kept,ok
WELLS FARGO,3.0,2025-12-09,WARNDatabaseMasterExcluding2026.csv,WFC,kept,ok
WELLS FARGO,25.0,2025-12-09,WARNDatabaseMasterExcluding2026.csv,WFC,kept,ok
"IMMUNITYBIO, INC.",1.0,2025-12-08,WARNDatabaseMasterExcluding2026.csv,IBRX,kept,ok
EASTERN BANK,75.0,2025-12-08,WARNDatabaseMasterExcluding2026.csv,EBC,kept,ok
"JABIL, INC.",21.0,2025-12-08,WARNDatabaseMasterExcluding2026.csv,JBL,kept,ok
"ILLUMINA, INC.",3.0,2025-12-04,WARNDatabaseMasterExcluding2026.csv,ILMN,kept,ok
"APL LOGISTICS, LTD.",100.0,2025-12-02,WARNDatabaseMasterExcluding2026.csv,W8R.F,kept,ok
"APL LOGISTICS, LTD.",130.0,2025-12-01,WARNDatabaseMasterExcluding2026.csv,W8R.F,kept,ok
EVEREST GROUP,110.0,2025-12-01,WARNDatabaseMasterExcluding2026.csv,EG,kept,ok
"DRT, LLC",26.0,2025-12-01,WARNDatabaseMasterExcluding2026.csv,0P00019IOT,kept,ok
"DRT, LLC",26.0,2025-12-01,WARNDatabaseMasterExcluding2026.csv,0P00019IOT,kept,ok
RYDER,91.0,2025-12-01,WARNDatabaseMasterExcluding2026.csv,R,kept,ok
"REVVITY, INC.",52.0,2025-12-01,WARNDatabaseMasterExcluding2026.csv,RVTY,kept,ok
"GREAT DANE, LLC",164.0,2025-12-01,WARNDatabaseMasterExcluding2026.csv,0P0001NPJO.CO,kept,ok
"TYSON FOODS, INC. (AMARILLO B-SHIFT OPERATIONS)",,2025-11-26,WARNDatabaseMasterExcluding2026.csv,TSN,kept,ok
WELLS FARGO,14.0,2025-11-25,WARNDatabaseMasterExcluding2026.csv,WFC,kept,ok
WELLS FARGO,14.0,2025-11-25,WARNDatabaseMasterExcluding2026.csv,WFC,kept,ok
"SODEXO, INC. AND AFFILIATES MIAMI JEWISH HEALTH",163.0,2025-11-22,WARNDatabaseMasterExcluding2026.csv,SW.PA,kept,ok
VERIZON,165.0,2025-11-21,WARNDatabaseMasterExcluding2026.csv,VZ,kept,ok
VERIZON,54.0,2025-11-21,WARNDatabaseMasterExcluding2026.csv,VZ,kept,ok
VERIZON,139.0,2025-11-21,WARNDatabaseMasterExcluding2026.csv,VZ,kept,ok
"ILLUMINA, INC.",7.0,2025-11-21,WARNDatabaseMasterExcluding2026.csv,ILMN,kept,ok
CNO FINANCIAL GROUP,247.0,2025-11-18,WARNDatabaseMasterExcluding2026.csv,CNO,kept,ok
HUDSON,44.0,2025-11-18,WARNDatabaseMasterExcluding2026.csv,HDSN,kept,ok
INTERNATIONAL PAPER,93.0,2025-11-14,WARNDatabaseMasterExcluding2026.csv,IP,kept,ok
EDGEWELL PERSONAL CARE,132.0,2025-11-14,WARNDatabaseMasterExcluding2026.csv,EPC,kept,ok
"FANATICS, LLC",286.0,2025-11-14,WARNDatabaseMasterExcluding2026.csv,FANAZZX,kept,ok
INTERNATIONAL PAPER,128.0,2025-11-14,WARNDatabaseMasterExcluding2026.csv,IP,kept,ok
"ILLUMINA, INC. WORLDWIDE HEADQUARTERS",8.0,2025-11-14,WARNDatabaseMasterExcluding2026.csv,ILMN,kept,ok
INTEL CORPORATION,669.0,2025-11-13,WARNDatabaseMasterExcluding2026.csv,INTC,kept,ok
ABBVIE,48.0,2025-11-13,WARNDatabaseMasterExcluding2026.csv,ABBV,kept,ok
ABBVIE,9.0,2025-11-13,WARNDatabaseMasterExcluding2026.csv,ABBV,kept,ok
ABBVIE,2.0,2025-11-13,WARNDatabaseMasterExcluding2026.csv,ABBV,kept,ok
"NBCUNIVERSAL (BLDGS. 1280, 1320, 1360, AND 4250)",32.0,2025-11-13,WARNDatabaseMasterExcluding2026.csv,ZALNPX,kept,ok
"MATTEL, INC.",89.0,2025-11-13,WARNDatabaseMasterExcluding2026.csv,MAT,kept,ok
"SYNOPSYS, INC.",172.0,2025-11-12,WARNDatabaseMasterExcluding2026.csv,SNPS,kept,ok
"SYNOPSYS, INC.",1.0,2025-11-12,WARNDatabaseMasterExcluding2026.csv,SNPS,kept,ok
"SYNOPSYS, INC.",1.0,2025-11-12,WARNDatabaseMasterExcluding2026.csv,SNPS,kept,ok
"SYNOPSYS, INC.",1.0,2025-11-12,WARNDatabaseMasterExcluding2026.csv,SNPS,kept,ok
"GILEAD SCIENCES, INC.",17.0,2025-11-12,WARNDatabaseMasterExcluding2026.csv,GILD,kept,ok
COSTAR GROUP,3.0,2025-11-11,WARNDatabaseMasterExcluding2026.csv,CSGP,kept,ok
SMURFIT WESTROCK,55.0,2025-11-10,WARNDatabaseMasterExcluding2026.csv,SW,kept,ok
"RAD POWER BIKES, INC.",64.0,2025-11-07,WARNDatabaseMasterExcluding2026.csv,RADWZZX,kept,ok
"CHARLES RIVER LABORATORIES, INC.",68.0,2025-11-07,WARNDatabaseMasterExcluding2026.csv,CRL,kept,ok
"ILLUMINA, INC.",28.0,2025-11-07,WARNDatabaseMasterExcluding2026.csv,ILMN,kept,ok
COCA-COLA COMPANY,45.0,2025-11-07,WARNDatabaseMasterExcluding2026.csv,KO,kept,ok
WINNEBAGO INDUSTRIES,0.0,2025-11-06,WARNDatabaseMasterExcluding2026.csv,WGO,kept,ok
"WEST FRASER, INC.",130.0,2025-11-06,WARNDatabaseMasterExcluding2026.csv,WFG,kept,ok
WINNEBAGO INDUSTRIES,0.0,2025-11-06,WARNDatabaseMasterExcluding2026.csv,WGO,kept,ok
"ILLUMINA, INC. WORLDWIDE HEADQUARTERS",4.0,2025-11-06,WARNDatabaseMasterExcluding2026.csv,ILMN,kept,ok
SAFEWAY,76.0,2025-11-05,WARNDatabaseMasterExcluding2026.csv,301559.SZ,kept,ok
RTX,3.0,2025-11-04,WARNDatabaseMasterExcluding2026.csv,RTX,kept,ok
WELLS FARGO,26.0,2025-11-04,WARNDatabaseMasterExcluding2026.csv,WFC,kept,ok
RTX,3.0,2025-11-04,WARNDatabaseMasterExcluding2026.csv,RTX,kept,ok
WELLS FARGO,26.0,2025-11-04,WARNDatabaseMasterExcluding2026.csv,WFC,kept,ok
"BECTON, DICKINSON AND COMPANY (BD) (3750 TORREY VIEW COURT)",59.0,2025-11-04,WARNDatabaseMasterExcluding2026.csv,BDX,kept,ok
"BECTON, DICKINSON AND COMPANY (BD) (10020 PACIFIC MESA BOULEVARD)",7.0,2025-11-04,WARNDatabaseMasterExcluding2026.csv,BDX,kept,ok
INTERNATIONAL BUSINESS MACHINES CORPORATION,75.0,2025-11-04,WARNDatabaseMasterExcluding2026.csv,IBM,kept,ok
INFINEON,15.0,2025-11-04,WARNDatabaseMasterExcluding2026.csv,IFX.DE,kept,ok
INFINEON,1.0,2025-11-04,WARNDatabaseMasterExcluding2026.csv,IFX.DE,kept,ok
INFINEON,7.0,2025-11-04,WARNDatabaseMasterExcluding2026.csv,IFX.DE,kept,ok
INFINEON,3.0,2025-11-04,WARNDatabaseMasterExcluding2026.csv,IFX.DE,kept,ok
INFINEON,46.0,2025-11-04,WARNDatabaseMasterExcluding2026.csv,IFX.DE,kept,ok
"ELIOR, INC.",155.0,2025-11-03,WARNDatabaseMasterExcluding2026.csv,21E.F,kept,ok
"FRESNO ECONOMIC OPPORTUNITIES COMMISSION (1101 E. ANNANDALE, 101)",6.0,2025-11-03,WARNDatabaseMasterExcluding2026.csv,DGE.L,kept,ok
"FRESNO ECONOMIC OPPORTUNITIES COMMISSION (4273 W. RICHERT, AVE, 107)",15.0,2025-11-03,WARNDatabaseMasterExcluding2026.csv,^DJI,kept,ok
MERCK,204.0,2025-11-01,WARNDatabaseMasterExcluding2026.csv,MRK,kept,ok
VERIZON,,2025-11-01,WARNDatabaseMasterExcluding2026.csv,VZ,kept,ok
PRUDENTIAL,63.0,2025-11-01,WARNDatabaseMasterExcluding2026.csv,PRU,kept,ok
CVS,57.0,2025-11-01,WARNDatabaseMasterExcluding2026.csv,CVS,kept,ok
ACME,71.0,2025-11-01,WARNDatabaseMasterExcluding2026.csv,7131.KL,kept,ok
UBS,58.0,2025-11-01,WARNDatabaseMasterExcluding2026.csv,UBS,kept,ok
BAGS,56.0,2025-11-01,WARNDatabaseMasterExcluding2026.csv,COMSYN.NS,kept,ok
"TASTE, INC.",10.0,2025-11-01,WARNDatabaseMasterExcluding2026.csv,8371.HK,kept,ok
"PRYSMIAN CABLES AND SYSTEMS, USA",151.0,2025-11-01,WARNDatabaseMasterExcluding2026.csv,USA,kept,ok
TESSERA,85.0,2025-10-31,WARNDatabaseMasterExcluding2026.csv,TSPACEX-USD,kept,ok
"SPIRIT AIRLINES, BWI",28.0,2025-10-31,WARNDatabaseMasterExcluding2026.csv,2339.HK,kept,ok
J & J SNACK FOODS,129.0,2025-10-31,WARNDatabaseMasterExcluding2026.csv,JJSF,kept,ok
TRANSALTA,72.0,2025-10-30,WARNDatabaseMasterExcluding2026.csv,TAC,kept,ok
NTT DATA,108.0,2025-10-30,WARNDatabaseMasterExcluding2026.csv,3850.T,kept,ok
MICROCHIP,63.0,2025-10-29,WARNDatabaseMasterExcluding2026.csv,MCHP,kept,ok
"COLONIAL SAVINGS, F.A.",130.0,2025-10-29,WARNDatabaseMasterExcluding2026.csv,UEFZ.DU,kept,ok
SMURFIT WESTROCK,141.0,2025-10-29,WARNDatabaseMasterExcluding2026.csv,SW,kept,ok
WIS INTERNATIONAL,10.0,2025-10-29,WARNDatabaseMasterExcluding2026.csv,WKEY,kept,ok
AMAZON,,2025-10-28,WARNDatabaseMasterExcluding2026.csv,AMZN,kept,ok
WELLS FARGO,63.0,2025-10-28,WARNDatabaseMasterExcluding2026.csv,WFC,kept,ok
WELLS FARGO,63.0,2025-10-28,WARNDatabaseMasterExcluding2026.csv,WFC,kept,ok
OWENS CORNING,67.0,2025-10-27,WARNDatabaseMasterExcluding2026.csv,OC,kept,ok
HUDSON,14.0,2025-10-24,WARNDatabaseMasterExcluding2026.csv,HDSN,kept,ok
"APPLIED MATERIALS, INC.",38.0,2025-10-24,WARNDatabaseMasterExcluding2026.csv,AMAT,kept,ok
"APPLIED MATERIALS, INC.",21.0,2025-10-24,WARNDatabaseMasterExcluding2026.csv,AMAT,kept,ok
"APPLIED MATERIALS, INC.",20.0,2025-10-24,WARNDatabaseMasterExcluding2026.csv,AMAT,kept,ok
"APPLIED MATERIALS, INC.",16.0,2025-10-24,WARNDatabaseMasterExcluding2026.csv,AMAT,kept,ok
"APPLIED MATERIALS, INC.",36.0,2025-10-24,WARNDatabaseMasterExcluding2026.csv,AMAT,kept,ok
"APPLIED MATERIALS, INC.",52.0,2025-10-24,WARNDatabaseMasterExcluding2026.csv,AMAT,kept,ok
"APPLIED MATERIALS, INC.",6.0,2025-10-24,WARNDatabaseMasterExcluding2026.csv,AMAT,kept,ok
"APPLIED MATERIALS, INC.",73.0,2025-10-24,WARNDatabaseMasterExcluding2026.csv,AMAT,kept,ok
"APPLIED MATERIALS, INC.",26.0,2025-10-24,WARNDatabaseMasterExcluding2026.csv,AMAT,kept,ok
"APPLIED MATERIALS, INC.",7.0,2025-10-24,WARNDatabaseMasterExcluding2026.csv,AMAT,kept,ok
"APPLIED MATERIALS, INC.",4.0,2025-10-24,WARNDatabaseMasterExcluding2026.csv,AMAT,kept,ok
"APPLIED MATERIALS, INC.",1.0,2025-10-24,WARNDatabaseMasterExcluding2026.csv,AMAT,kept,ok
"APPLIED MATERIALS, INC.",41.0,2025-10-24,WARNDatabaseMasterExcluding2026.csv,AMAT,kept,ok
"APPLIED MATERIALS, INC.",7.0,2025-10-24,WARNDatabaseMasterExcluding2026.csv,AMAT,kept,ok
"APPLIED MATERIALS, INC.",15.0,2025-10-24,WARNDatabaseMasterExcluding2026.csv,AMAT,kept,ok
"META PLATFORMS, INC",101.0,2025-10-23,WARNDatabaseMasterExcluding2026.csv,META,kept,ok
"META PLATFORMS, INC.",22.0,2025-10-23,WARNDatabaseMasterExcluding2026.csv,META,kept,ok
"META PLATFORMS, INC.",261.0,2025-10-23,WARNDatabaseMasterExcluding2026.csv,META,kept,ok
"META PLATFORMS, INC.",1.0,2025-10-23,WARNDatabaseMasterExcluding2026.csv,META,kept,ok
"META PLATFORMS, INC.",21.0,2025-10-23,WARNDatabaseMasterExcluding2026.csv,META,kept,ok
"META PLATFORMS, INC.",3.0,2025-10-23,WARNDatabaseMasterExcluding2026.csv,META,kept,ok
RAND CORPORATION,73.0,2025-10-22,WARNDatabaseMasterExcluding2026.csv,RANDER.BO,kept,ok
"L3HARRIS TECHNOLOGIES, INC.",32.0,2025-10-21,WARNDatabaseMasterExcluding2026.csv,LHX,kept,ok
PARSONS CORPORATION,15.0,2025-10-20,WARNDatabaseMasterExcluding2026.csv,PSN,kept,ok
STARBUCKS CORPORATION,,2025-10-20,WARNDatabaseMasterExcluding2026.csv,SBUX,kept,ok
LAS VEGAS SANDS CORP,,2025-10-20,WARNDatabaseMasterExcluding2026.csv,LVS,kept,ok
BROADCOM INC.,247.0,2025-10-20,WARNDatabaseMasterExcluding2026.csv,AVGO,kept,ok
CVS HEALTH,72.0,2025-10-17,WARNDatabaseMasterExcluding2026.csv,CVS,kept,ok
"REPUBLIC SERVICES, INC",72.0,2025-10-16,WARNDatabaseMasterExcluding2026.csv,RSG,kept,ok
RTX,1.0,2025-10-16,WARNDatabaseMasterExcluding2026.csv,RTX,kept,ok
COMCAST,240.0,2025-10-15,WARNDatabaseMasterExcluding2026.csv,CMCSA,kept,ok
COMCAST,302.0,2025-10-15,WARNDatabaseMasterExcluding2026.csv,CMCSA,kept,ok
RAYTHEON,2.0,2025-10-15,WARNDatabaseMasterExcluding2026.csv,^RTX,kept,ok
WELLS FARGO,1.0,2025-10-14,WARNDatabaseMasterExcluding2026.csv,WFC,kept,ok
"JOHNSON CONTROLS, INC.",61.0,2025-10-14,WARNDatabaseMasterExcluding2026.csv,JCI,kept,ok
WELLS FARGO,1.0,2025-10-14,WARNDatabaseMasterExcluding2026.csv,WFC,kept,ok
"ONX, INC.",30.0,2025-10-14,WARNDatabaseMasterExcluding2026.csv,ONX,kept,ok
"ONX, INC.",107.0,2025-10-14,WARNDatabaseMasterExcluding2026.csv,ONX,kept,ok
CHEVRON,68.0,2025-10-14,WARNDatabaseMasterExcluding2026.csv,CVX,kept,ok
CHEVRON,52.0,2025-10-14,WARNDatabaseMasterExcluding2026.csv,CVX,kept,ok
PARSONS CORPORATION,14.0,2025-10-13,WARNDatabaseMasterExcluding2026.csv,PSN,kept,ok
"BAGS, A METROPOLIS COMPANY (ALASKA AIRLINES CONTRACT)",157.0,2025-10-13,WARNDatabaseMasterExcluding2026.csv,COMSYN.NS,kept,ok
"XYLEM, INC.",40.0,2025-10-13,WARNDatabaseMasterExcluding2026.csv,XYL,kept,ok
"BLUE SHIELD OF CALIFORNIA, BUILDING B",24.0,2025-10-13,WARNDatabaseMasterExcluding2026.csv,PBOG,kept,ok
INGERSOLL RAND,70.0,2025-10-10,WARNDatabaseMasterExcluding2026.csv,IR,kept,ok
STARBUCKS,974.0,2025-10-09,WARNDatabaseMasterExcluding2026.csv,SBUX,kept,ok
"REVVITY, INC.",51.0,2025-10-08,WARNDatabaseMasterExcluding2026.csv,RVTY,kept,ok
UMB,2.0,2025-10-07,WARNDatabaseMasterExcluding2026.csv,UMBF,kept,ok
UMB,2.0,2025-10-07,WARNDatabaseMasterExcluding2026.csv,UMBF,kept,ok
STARBUCKS,338.0,2025-10-03,WARNDatabaseMasterExcluding2026.csv,SBUX,kept,ok
"REVVITY, INC.",76.0,2025-10-03,WARNDatabaseMasterExcluding2026.csv,RVTY,kept,ok
AMAZON,107.0,2025-10-03,WARNDatabaseMasterExcluding2026.csv,AMZN,kept,ok
AMAZON,126.0,2025-10-03,WARNDatabaseMasterExcluding2026.csv,AMZN,kept,ok
AMAZON,173.0,2025-10-03,WARNDatabaseMasterExcluding2026.csv,AMZN,kept,ok
TIAA,31.0,2025-10-02,WARNDatabaseMasterExcluding2026.csv,TSMEX,kept,ok
ID LOGISTICS,55.0,2025-10-02,WARNDatabaseMasterExcluding2026.csv,1ID.SG,kept,ok
ID LOGISTICS,119.0,2025-10-02,WARNDatabaseMasterExcluding2026.csv,1ID.SG,kept,ok
AMAZON,149.0,2025-10-02,WARNDatabaseMasterExcluding2026.csv,AMZN,kept,ok
UMB,38.0,2025-10-01,WARNDatabaseMasterExcluding2026.csv,UMBF,kept,ok
MAYO,,2025-10-01,WARNDatabaseMasterExcluding2026.csv,6738.TWO,kept,ok
AMAZON,72.0,2025-10-01,WARNDatabaseMasterExcluding2026.csv,AMZN,kept,ok
BECTON DICKINSON AND COMPANY,86.0,2025-10-01,WARNDatabaseMasterExcluding2026.csv,BDX,kept,ok
AMENTUM,10.0,2025-10-01,WARNDatabaseMasterExcluding2026.csv,AMTM,kept,ok
NEWMONT,23.0,2025-10-01,WARNDatabaseMasterExcluding2026.csv,NEM,kept,ok
UMB,38.0,2025-10-01,WARNDatabaseMasterExcluding2026.csv,UMBF,kept,ok
STARBUCKS,,2025-10-01,WARNDatabaseMasterExcluding2026.csv,SBUX,kept,ok
PACKAGING CORPORATION OF AMERICA,60.0,2025-10-01,WARNDatabaseMasterExcluding2026.csv,PKG,kept,ok
WELLS FARGO,23.0,2025-09-30,WARNDatabaseMasterExcluding2026.csv,WFC,kept,ok
RTX,2.0,2025-09-30,WARNDatabaseMasterExcluding2026.csv,RTX,kept,ok
WELLS FARGO,23.0,2025-09-30,WARNDatabaseMasterExcluding2026.csv,WFC,kept,ok
RTX,2.0,2025-09-30,WARNDatabaseMasterExcluding2026.csv,RTX,kept,ok
"SUTRO BIOPHARMA, INC.",45.0,2025-09-30,WARNDatabaseMasterExcluding2026.csv,STRO,kept,ok
"SUTRO BIOPHARMA, INC.",8.0,2025-09-30,WARNDatabaseMasterExcluding2026.csv,STRO,kept,ok
"SUTRO BIOPHARMA, INC.",1.0,2025-09-30,WARNDatabaseMasterExcluding2026.csv,STRO,kept,ok
WALMART,253.0,2025-09-29,WARNDatabaseMasterExcluding2026.csv,WMT,kept,ok
"GT INDUSTRIES, INC.",95.0,2025-09-29,WARNDatabaseMasterExcluding2026.csv,GTNINDS.BO,kept,ok
"GT INDUSTRIES, INC.",95.0,2025-09-29,WARNDatabaseMasterExcluding2026.csv,GTNINDS.BO,kept,ok
GSK PLC.,8.0,2025-09-29,WARNDatabaseMasterExcluding2026.csv,GSK,kept,ok
"MAXCYTE, INC. (MAXCYTE HEADQUARTERS)",20.0,2025-09-23,WARNDatabaseMasterExcluding2026.csv,MXCT,kept,ok
"TJX COMPANIES, INC.",117.0,2025-09-22,WARNDatabaseMasterExcluding2026.csv,TJX,kept,ok
"IMMUNITYBIO, INC.",1.0,2025-09-18,WARNDatabaseMasterExcluding2026.csv,IBRX,kept,ok
"CARBON, INC.",78.0,2025-09-17,WARNDatabaseMasterExcluding2026.csv,LCU.SI,kept,ok
WELLS FARGO,12.0,2025-09-16,WARNDatabaseMasterExcluding2026.csv,WFC,kept,ok
"LEGGETT & PLATT, INC.",100.0,2025-09-16,WARNDatabaseMasterExcluding2026.csv,LEG,kept,ok
WELLS FARGO,12.0,2025-09-16,WARNDatabaseMasterExcluding2026.csv,WFC,kept,ok
UNFI,2.0,2025-09-10,WARNDatabaseMasterExcluding2026.csv,UNFI,kept,ok
"HILL & SMITH, INC.",46.0,2025-09-10,WARNDatabaseMasterExcluding2026.csv,HILS.L,kept,ok
"REVVITY, INC.",74.0,2025-09-10,WARNDatabaseMasterExcluding2026.csv,RVTY,kept,ok
WINNEBAGO INDUSTRIES,3.0,2025-09-09,WARNDatabaseMasterExcluding2026.csv,WGO,kept,ok
WINNEBAGO INDUSTRIES,3.0,2025-09-09,WARNDatabaseMasterExcluding2026.csv,WGO,kept,ok
MICROSOFT,42.0,2025-09-08,WARNDatabaseMasterExcluding2026.csv,MSFT,kept,ok
WALMART,87.0,2025-09-08,WARNDatabaseMasterExcluding2026.csv,WMT,kept,ok
WALMART,106.0,2025-09-08,WARNDatabaseMasterExcluding2026.csv,WMT,kept,ok
ALBERTSON'S COMPANIES,150.0,2025-09-05,WARNDatabaseMasterExcluding2026.csv,ACI,kept,ok
TENNECO,82.0,2025-09-05,WARNDatabaseMasterExcluding2026.csv,TENNIND.NS,kept,ok
"RIVIAN, LLC",19.0,2025-09-05,WARNDatabaseMasterExcluding2026.csv,RIVN,kept,ok
RAYTHEON,4.0,2025-09-05,WARNDatabaseMasterExcluding2026.csv,^RTX,kept,ok
SIX FLAGS ENTERTAINMENT CORPORATION,184.0,2025-09-04,WARNDatabaseMasterExcluding2026.csv,FUN,kept,ok
"SALESFORCE, INC.",93.0,2025-09-02,WARNDatabaseMasterExcluding2026.csv,CRM,kept,ok
ECHOSTAR CORPORATION,17.0,2025-09-02,WARNDatabaseMasterExcluding2026.csv,SATS,kept,ok
"EXELIXIS, INC.",74.0,2025-09-02,WARNDatabaseMasterExcluding2026.csv,EXEL,kept,ok
"SALESFORCE, INC.",262.0,2025-09-02,WARNDatabaseMasterExcluding2026.csv,CRM,kept,ok
MAYO,25.0,2025-09-01,WARNDatabaseMasterExcluding2026.csv,6738.TWO,kept,ok
STARBUCKS,65.0,2025-09-01,WARNDatabaseMasterExcluding2026.csv,SBUX,kept,ok
CITIBANK,67.0,2025-09-01,WARNDatabaseMasterExcluding2026.csv,C,kept,ok
BASF,66.0,2025-09-01,WARNDatabaseMasterExcluding2026.csv,BAS.DE,kept,ok
NOVO NORDISK,263.0,2025-09-01,WARNDatabaseMasterExcluding2026.csv,NVO,kept,ok
PRUDENTIAL,63.0,2025-09-01,WARNDatabaseMasterExcluding2026.csv,PRU,kept,ok
NOVARTIS,58.0,2025-09-01,WARNDatabaseMasterExcluding2026.csv,NVS,kept,ok
JP MORGAN CHASE,58.0,2025-09-01,WARNDatabaseMasterExcluding2026.csv,JPM,kept,ok
"AIR PRODUCTS AND CHEMICALS, INC.",14.0,2025-09-01,WARNDatabaseMasterExcluding2026.csv,APD,kept,ok
NEWMONT,19.0,2025-08-28,WARNDatabaseMasterExcluding2026.csv,NEM,kept,ok
"DEXCOM, INC.",319.0,2025-08-28,WARNDatabaseMasterExcluding2026.csv,DXCM,kept,ok
WINNEBAGO INDUSTRIES,1.0,2025-08-27,WARNDatabaseMasterExcluding2026.csv,WGO,kept,ok
"JBT MAREL, PRIME EQUIPMENT GROUP",50.0,2025-08-27,WARNDatabaseMasterExcluding2026.csv,JBT.MU,kept,ok
TARGET,44.0,2025-08-27,WARNDatabaseMasterExcluding2026.csv,TGT,kept,ok
WINNEBAGO INDUSTRIES,1.0,2025-08-27,WARNDatabaseMasterExcluding2026.csv,WGO,kept,ok
JPMORGAN CHASE,99.0,2025-08-27,WARNDatabaseMasterExcluding2026.csv,JPM,kept,ok
"EXELIXIS, INC.",71.0,2025-08-26,WARNDatabaseMasterExcluding2026.csv,EXEL,kept,ok
"PLANNED PARENTHOOD MAR MONTE, INC. - 29",1.0,2025-08-26,WARNDatabaseMasterExcluding2026.csv,0P0001SJ28.F,kept,ok
INTEL CORPORATION,83.0,2025-08-26,WARNDatabaseMasterExcluding2026.csv,INTC,kept,ok
INTEL CORPORATION,97.0,2025-08-25,WARNDatabaseMasterExcluding2026.csv,INTC,kept,ok
PFIZER,100.0,2025-08-25,WARNDatabaseMasterExcluding2026.csv,PFE,kept,ok
HORMEL FOODS CORPORATION,135.0,2025-08-25,WARNDatabaseMasterExcluding2026.csv,HRL,kept,ok
AMENTUM,60.0,2025-08-25,WARNDatabaseMasterExcluding2026.csv,AMTM,kept,ok
"INTUITIVE SURGICAL, INC.",331.0,2025-08-22,WARNDatabaseMasterExcluding2026.csv,ISRG,kept,ok
INTERNATIONAL PAPER,101.0,2025-08-21,WARNDatabaseMasterExcluding2026.csv,IP,kept,ok
"AIRBORN, A MOLEX COMPANY",86.0,2025-08-20,WARNDatabaseMasterExcluding2026.csv,BHARATROHAN.BO,kept,ok
NORTHROP GRUMMAN,78.0,2025-08-20,WARNDatabaseMasterExcluding2026.csv,NOC,kept,ok
WELLS FARGO,10.0,2025-08-19,WARNDatabaseMasterExcluding2026.csv,WFC,kept,ok
WELLS FARGO,10.0,2025-08-19,WARNDatabaseMasterExcluding2026.csv,WFC,kept,ok
"TATA CONSULTANCY SERVICES, LTD",58.0,2025-08-19,WARNDatabaseMasterExcluding2026.csv,TCS.NS,kept,ok
T-MOBILE,121.0,2025-08-15,WARNDatabaseMasterExcluding2026.csv,TMUS,kept,ok
CAPITAL ONE FINANCIAL,215.0,2025-08-15,WARNDatabaseMasterExcluding2026.csv,COF,kept,ok
"CISCO SYSTEMS, INC.",157.0,2025-08-15,WARNDatabaseMasterExcluding2026.csv,CSCO,kept,ok
"CISCO SYSTEMS, INC.",64.0,2025-08-15,WARNDatabaseMasterExcluding2026.csv,CSCO,kept,ok
"J.B. HUNT TRANSPORT, INC. (FACILITY MAINTAINED AT BOB’S DISCOUNT FURNITURE)",5.0,2025-08-14,WARNDatabaseMasterExcluding2026.csv,JBHT,kept,ok
"KINDER MORGAN, INC.",42.0,2025-08-14,WARNDatabaseMasterExcluding2026.csv,KMI,kept,ok
BLOCK,5.0,2025-08-13,WARNDatabaseMasterExcluding2026.csv,XYZ,kept,ok
"F5, INC.",106.0,2025-08-12,WARNDatabaseMasterExcluding2026.csv,FFIV,kept,ok
"BLOCK, INC.",4.0,2025-08-12,WARNDatabaseMasterExcluding2026.csv,XYZ,kept,ok
"BLOCK, INC.",23.0,2025-08-12,WARNDatabaseMasterExcluding2026.csv,XYZ,kept,ok
"BLOCK, INC.",23.0,2025-08-12,WARNDatabaseMasterExcluding2026.csv,XYZ,kept,ok
BLOCK INC.,2.0,2025-08-12,WARNDatabaseMasterExcluding2026.csv,XYZ,kept,ok
"BLOCK, INC.",1.0,2025-08-12,WARNDatabaseMasterExcluding2026.csv,XYZ,kept,ok
"SAF-HOLLAND, INC.",7.0,2025-08-11,WARNDatabaseMasterExcluding2026.csv,SFQ.F,kept,ok
MARRIOTT VACATIONS WORLDWIDE,136.0,2025-08-08,WARNDatabaseMasterExcluding2026.csv,VAC,kept,ok
SA AUTOMOTIVE,154.0,2025-08-07,WARNDatabaseMasterExcluding2026.csv,075180.KS,kept,ok
"JABIL, INC.",21.0,2025-08-07,WARNDatabaseMasterExcluding2026.csv,JBL,kept,ok
"MAVERIK, INC",100.0,2025-08-06,WARNDatabaseMasterExcluding2026.csv,0P0001LIG6.F,kept,ok
"MAVERIK, INC",100.0,2025-08-06,WARNDatabaseMasterExcluding2026.csv,0P0001LIG6.F,kept,ok
"GILEAD SCIENCES, INC.",5.0,2025-08-06,WARNDatabaseMasterExcluding2026.csv,GILD,kept,ok
WELLS FARGO,10.0,2025-08-05,WARNDatabaseMasterExcluding2026.csv,WFC,kept,ok
WELLS FARGO,10.0,2025-08-05,WARNDatabaseMasterExcluding2026.csv,WFC,kept,ok
MICROSOFT,40.0,2025-08-04,WARNDatabaseMasterExcluding2026.csv,MSFT,kept,ok
JACK IN THE BOX,13.0,2025-08-04,WARNDatabaseMasterExcluding2026.csv,JACK,kept,ok
MERCK & CO.,58.0,2025-08-01,WARNDatabaseMasterExcluding2026.csv,MRK,kept,ok
AMENTUM,55.0,2025-07-30,WARNDatabaseMasterExcluding2026.csv,AMTM,kept,ok
"COMMUNITY DEVELOPMENT INSTITUTE HEAD START/CDI HS SERVING ST. CLAIR COUNTY, MI",60.0,2025-07-30,WARNDatabaseMasterExcluding2026.csv,MI,kept,ok
"WARNER BROS. DISCOVERY, INC. (100)",11.0,2025-07-30,WARNDatabaseMasterExcluding2026.csv,WBD,kept,ok
"WARNER BROS. DISCOVERY, INC. (200)",38.0,2025-07-30,WARNDatabaseMasterExcluding2026.csv,WBD,kept,ok
"WARNER BROS. DISCOVERY, INC. (4000)",3.0,2025-07-30,WARNDatabaseMasterExcluding2026.csv,WBD,kept,ok
ECS,140.0,2025-07-24,WARNDatabaseMasterExcluding2026.csv,067010.KQ,kept,ok
INTERNATIONAL FLAVORS & FRAGRANCES,36.0,2025-07-23,WARNDatabaseMasterExcluding2026.csv,IFF,kept,ok
WELLS FARGO,44.0,2025-07-22,WARNDatabaseMasterExcluding2026.csv,WFC,kept,ok
WELLS FARGO,44.0,2025-07-22,WARNDatabaseMasterExcluding2026.csv,WFC,kept,ok
"US FOODS, INC.",48.0,2025-07-22,WARNDatabaseMasterExcluding2026.csv,USFD,kept,ok
"PEPSICO, INC.",84.0,2025-07-21,WARNDatabaseMasterExcluding2026.csv,PEP,kept,ok
"PRIMO BRANDS, INC.",3.0,2025-07-18,WARNDatabaseMasterExcluding2026.csv,PRMB,kept,ok
"PRIMO BRANDS, INC.",3.0,2025-07-18,WARNDatabaseMasterExcluding2026.csv,PRMB,kept,ok
"PRIMO BRANDS, INC.",1.0,2025-07-18,WARNDatabaseMasterExcluding2026.csv,PRMB,kept,ok
"L3HARRIS TECHNOLOGIES, INC.",149.0,2025-07-18,WARNDatabaseMasterExcluding2026.csv,LHX,kept,ok
"PRIMO BRANDS, INC.",3.0,2025-07-18,WARNDatabaseMasterExcluding2026.csv,PRMB,kept,ok
"PRIMO BRANDS, INC.",1.0,2025-07-18,WARNDatabaseMasterExcluding2026.csv,PRMB,kept,ok
"PRIMO BRANDS, INC.",4.0,2025-07-18,WARNDatabaseMasterExcluding2026.csv,PRMB,kept,ok
"PRIMO BRANDS, INC.",4.0,2025-07-18,WARNDatabaseMasterExcluding2026.csv,PRMB,kept,ok
"PRIMO BRANDS, INC.",4.0,2025-07-18,WARNDatabaseMasterExcluding2026.csv,PRMB,kept,ok
"PRIMO BRANDS, INC.",1.0,2025-07-18,WARNDatabaseMasterExcluding2026.csv,PRMB,kept,ok
"PRIMO BRANDS, INC.",1.0,2025-07-18,WARNDatabaseMasterExcluding2026.csv,PRMB,kept,ok
"PRIMO BRANDS, INC.",4.0,2025-07-18,WARNDatabaseMasterExcluding2026.csv,PRMB,kept,ok
"PRIMO BRANDS, INC.",1.0,2025-07-18,WARNDatabaseMasterExcluding2026.csv,PRMB,kept,ok
"PRIMO BRANDS, INC.",3.0,2025-07-18,WARNDatabaseMasterExcluding2026.csv,PRMB,kept,ok
"PRIMO BRANDS, INC.",1.0,2025-07-18,WARNDatabaseMasterExcluding2026.csv,PRMB,kept,ok
"PRIMO BRANDS, INC.",1.0,2025-07-18,WARNDatabaseMasterExcluding2026.csv,PRMB,kept,ok
"PRIMO BRANDS, INC.",3.0,2025-07-18,WARNDatabaseMasterExcluding2026.csv,PRMB,kept,ok
HOME DEPOT,61.0,2025-07-17,WARNDatabaseMasterExcluding2026.csv,HD,kept,ok
"SAREPTA THERAPEUTICS, INC.",21.0,2025-07-17,WARNDatabaseMasterExcluding2026.csv,SRPT,kept,ok
"SAREPTA THERAPEUTICS, INC.",493.0,2025-07-17,WARNDatabaseMasterExcluding2026.csv,SRPT,kept,ok
LEVI STRAUSS & CO.,44.0,2025-07-17,WARNDatabaseMasterExcluding2026.csv,LEVI,kept,ok
"SAREPTA THERAPEUTICS, INC.",493.0,2025-07-16,WARNDatabaseMasterExcluding2026.csv,SRPT,kept,ok
"AMERICA, INC. DNA LIXIL",65.0,2025-07-16,WARNDatabaseMasterExcluding2026.csv,BAC,kept,ok
GSK PLC.,150.0,2025-07-16,WARNDatabaseMasterExcluding2026.csv,GSK,kept,ok
INTEL,227.0,2025-07-16,WARNDatabaseMasterExcluding2026.csv,INTC,kept,ok
INTERNATIONAL PAPER COMPANY,71.0,2025-07-16,WARNDatabaseMasterExcluding2026.csv,IP,kept,ok
"BLUE SHIELD OF CALIFORNIA - TOWN CENTER, BUILDING C",6.0,2025-07-15,WARNDatabaseMasterExcluding2026.csv,PTBL.TA,kept,ok
"BLUE SHIELD OF CALIFORNIA - TOWN CENTER, BUILDING B",32.0,2025-07-15,WARNDatabaseMasterExcluding2026.csv,PBOG,kept,ok
JACK IN THE BOX,12.0,2025-07-14,WARNDatabaseMasterExcluding2026.csv,JACK,kept,ok
JACK IN THE BOX,14.0,2025-07-14,WARNDatabaseMasterExcluding2026.csv,JACK,kept,ok
COMPASS GROUP,27.0,2025-07-14,WARNDatabaseMasterExcluding2026.csv,XGR.F,kept,ok
FIS,133.0,2025-07-11,WARNDatabaseMasterExcluding2026.csv,FIS,kept,ok
FASTENAL,2.0,2025-07-11,WARNDatabaseMasterExcluding2026.csv,FAST,kept,ok
INTEL CORPORATION,344.0,2025-07-11,WARNDatabaseMasterExcluding2026.csv,INTC,kept,ok
"OMNIPLEX WORLD SERVICES, CORP",9.0,2025-07-10,WARNDatabaseMasterExcluding2026.csv,CORP,kept,ok
"OMNIPLEX WORLD SERVICES, CORP",41.0,2025-07-10,WARNDatabaseMasterExcluding2026.csv,CORP,kept,ok
"OMNIPLEX WORLD SERVICES, CORP",22.0,2025-07-10,WARNDatabaseMasterExcluding2026.csv,CORP,kept,ok
CHS INC,25.0,2025-07-10,WARNDatabaseMasterExcluding2026.csv,CHSCP,kept,ok
EATON CORPORATION,219.0,2025-07-10,WARNDatabaseMasterExcluding2026.csv,ETN,kept,ok
"SODEXO, INC. AND AFFILIATES (TEXAS SOUTHERN UNIVERSITY)",81.0,2025-07-10,WARNDatabaseMasterExcluding2026.csv,SJ7.DU,kept,ok
WESTERN FOREST PRODUCTS INC.,112.0,2025-07-09,WARNDatabaseMasterExcluding2026.csv,NWF0.F,kept,ok
WINNEBAGO INDUSTRIES,77.0,2025-07-09,WARNDatabaseMasterExcluding2026.csv,WGO,kept,ok
WINNEBAGO INDUSTRIES,18.0,2025-07-09,WARNDatabaseMasterExcluding2026.csv,WGO,kept,ok
WINNEBAGO INDUSTRIES,26.0,2025-07-09,WARNDatabaseMasterExcluding2026.csv,WGO,kept,ok
INTEL CORPORATION,110.0,2025-07-09,WARNDatabaseMasterExcluding2026.csv,INTC,kept,ok
WINNEBAGO INDUSTRIES,77.0,2025-07-09,WARNDatabaseMasterExcluding2026.csv,WGO,kept,ok
WINNEBAGO INDUSTRIES,18.0,2025-07-09,WARNDatabaseMasterExcluding2026.csv,WGO,kept,ok
WINNEBAGO INDUSTRIES,26.0,2025-07-09,WARNDatabaseMasterExcluding2026.csv,WGO,kept,ok
LEVY,276.0,2025-07-09,WARNDatabaseMasterExcluding2026.csv,RLRE.TA,kept,ok
"PACIRA BIOSCIENCES, INC.",71.0,2025-07-09,WARNDatabaseMasterExcluding2026.csv,PCRX,kept,ok
WHIRLPOOL CORPORATION,250.0,2025-07-08,WARNDatabaseMasterExcluding2026.csv,WHR,kept,ok
WELLS FARGO,11.0,2025-07-08,WARNDatabaseMasterExcluding2026.csv,WFC,kept,ok
WHIRLPOOL CORPORATION,250.0,2025-07-08,WARNDatabaseMasterExcluding2026.csv,WHR,kept,ok
WELLS FARGO,11.0,2025-07-08,WARNDatabaseMasterExcluding2026.csv,WFC,kept,ok
T. MARZETTI,77.0,2025-07-08,WARNDatabaseMasterExcluding2026.csv,MZTI,kept,ok
INTEL CORPORATION,174.0,2025-07-08,WARNDatabaseMasterExcluding2026.csv,INTC,kept,ok
INTEL CORPORATION,172.0,2025-07-07,WARNDatabaseMasterExcluding2026.csv,INTC,kept,ok
"TIKTOK, INC.",38.0,2025-07-07,WARNDatabaseMasterExcluding2026.csv,PEANUT33916-USD,kept,ok
INTEL CORPORATION,,2025-07-07,WARNDatabaseMasterExcluding2026.csv,INTC,kept,ok
"L3HARRIS TECHNOLOGIES, INC.",31.0,2025-07-03,WARNDatabaseMasterExcluding2026.csv,LHX,kept,ok
"CRUISE, LLC - 640 CESAR CHAVEZ",2.0,2025-07-03,WARNDatabaseMasterExcluding2026.csv,RCL,kept,ok
"CRUISE, LLC - 1201 BRYANT",85.0,2025-07-03,WARNDatabaseMasterExcluding2026.csv,RCL,kept,ok
"CRUISE, LLC - 840 W",14.0,2025-07-03,WARNDatabaseMasterExcluding2026.csv,RCL,kept,ok
"SODEXO, INC AND AFFILIATES",72.0,2025-07-02,WARNDatabaseMasterExcluding2026.csv,SJ7.DU,kept,ok
MICROSOFT,830.0,2025-07-02,WARNDatabaseMasterExcluding2026.csv,MSFT,kept,ok
"AMENTUM, OPERATIONS AND MAINTENANCE SERVICES",56.0,2025-07-02,WARNDatabaseMasterExcluding2026.csv,AMTM,kept,ok
S&C CORP,63.0,2025-07-02,WARNDatabaseMasterExcluding2026.csv,SCCO,kept,ok
PARSONS CORPORATION,21.0,2025-07-01,WARNDatabaseMasterExcluding2026.csv,PSN,kept,ok
ROCKET PHARMACEUTICALS,80.0,2025-07-01,WARNDatabaseMasterExcluding2026.csv,RCKT,kept,ok
CITIBANK,52.0,2025-07-01,WARNDatabaseMasterExcluding2026.csv,C,kept,ok
PRUDENTIAL,57.0,2025-07-01,WARNDatabaseMasterExcluding2026.csv,PRU,kept,ok
ASHLAND INC.,55.0,2025-07-01,WARNDatabaseMasterExcluding2026.csv,ASH,kept,ok
SODEXO,152.0,2025-07-01,WARNDatabaseMasterExcluding2026.csv,SW.PA,kept,ok
"GULF COAST OPTOMETRY, P.A., DBA GLOBAL CARE OPTOMETRY",116.0,2025-07-01,WARNDatabaseMasterExcluding2026.csv,7225.KL,kept,ok
"SUPPLY CHAIN SOLUTIONS, LLC",101.0,2025-07-01,WARNDatabaseMasterExcluding2026.csv,TVSSCS.BO,kept,ok
"CENTURY THERAPEUTICS, LLC",54.0,2025-07-01,WARNDatabaseMasterExcluding2026.csv,IPSC,kept,ok
KELLY SERVICES,973.0,2025-06-30,WARNDatabaseMasterExcluding2026.csv,KELYA,kept,ok
INTEL CORPORATION,45.0,2025-06-30,WARNDatabaseMasterExcluding2026.csv,INTC,kept,ok
INTEL CORPORATION,54.0,2025-06-30,WARNDatabaseMasterExcluding2026.csv,INTC,kept,ok
"BEACHBODY, LLC",70.0,2025-06-27,WARNDatabaseMasterExcluding2026.csv,6K5.F,kept,ok
INTERNATIONAL PAPER,107.0,2025-06-26,WARNDatabaseMasterExcluding2026.csv,IP,kept,ok
WELLS FARGO,194.0,2025-06-26,WARNDatabaseMasterExcluding2026.csv,WFC,kept,ok
CUSHMAN & WAKEFIELD,6.0,2025-06-26,WARNDatabaseMasterExcluding2026.csv,CWK,kept,ok
WELLS FARGO,35.0,2025-06-24,WARNDatabaseMasterExcluding2026.csv,WFC,kept,ok
OWENS CORNING,184.0,2025-06-24,WARNDatabaseMasterExcluding2026.csv,OC,kept,ok
AMENTUM,135.0,2025-06-24,WARNDatabaseMasterExcluding2026.csv,AMTM,kept,ok
"COMPASS GROUP, INC.D.B.A.CHARTWELLS (LANCASTER ISD)",83.0,2025-06-24,WARNDatabaseMasterExcluding2026.csv,XGR.F,kept,ok
WELLS FARGO,35.0,2025-06-24,WARNDatabaseMasterExcluding2026.csv,WFC,kept,ok
KROGER,81.0,2025-06-20,WARNDatabaseMasterExcluding2026.csv,KR,kept,ok
"ADVANCED DRAINAGE SYSTEMS, INC.",71.0,2025-06-18,WARNDatabaseMasterExcluding2026.csv,WMS,kept,ok
"ADVANCED DRAINAGE SYSTEMS, INC.",71.0,2025-06-18,WARNDatabaseMasterExcluding2026.csv,WMS,kept,ok
LEVI STRAUSS & CO,346.0,2025-06-16,WARNDatabaseMasterExcluding2026.csv,LEVI,kept,ok
TARGET CORPORATION,62.0,2025-06-12,WARNDatabaseMasterExcluding2026.csv,TGT,kept,ok
LEIDOS,7.0,2025-06-11,WARNDatabaseMasterExcluding2026.csv,LDOS,kept,ok
"DISCOVERY ENERGY, LLC D/B/A REHLKO",66.0,2025-06-11,WARNDatabaseMasterExcluding2026.csv,Q3Q.F,kept,ok
"IMMUNITYBIO, INC.",3.0,2025-06-11,WARNDatabaseMasterExcluding2026.csv,IBRX,kept,ok
"GILEAD SCIENCES, INC.",36.0,2025-06-11,WARNDatabaseMasterExcluding2026.csv,GILD,kept,ok
CVS HEALTH,6.0,2025-06-11,WARNDatabaseMasterExcluding2026.csv,CVS,kept,ok
WELLS FARGO,35.0,2025-06-10,WARNDatabaseMasterExcluding2026.csv,WFC,kept,ok
WELLS FARGO,35.0,2025-06-10,WARNDatabaseMasterExcluding2026.csv,WFC,kept,ok
BOSTON SCIENTIFIC CORPORATION,23.0,2025-06-10,WARNDatabaseMasterExcluding2026.csv,BSX,kept,ok
CARPARTS.COM,104.0,2025-06-09,WARNDatabaseMasterExcluding2026.csv,PRTS,kept,ok
"WOLFSPEED, INC.",73.0,2025-06-09,WARNDatabaseMasterExcluding2026.csv,WOLF,kept,ok
SODEXO,308.0,2025-06-06,WARNDatabaseMasterExcluding2026.csv,SW.PA,kept,ok
VERTEX PHARMACEUTICALS,125.0,2025-06-06,WARNDatabaseMasterExcluding2026.csv,VRTX,kept,ok
KOHL'S,768.0,2025-06-05,WARNDatabaseMasterExcluding2026.csv,KSS,kept,ok
AMENTUM,92.0,2025-06-05,WARNDatabaseMasterExcluding2026.csv,AMTM,kept,ok
"CIVIL, LLC - BECKLEY MECHANIC SHOP",15.0,2025-06-04,WARNDatabaseMasterExcluding2026.csv,GLOBECIVIL.NS,kept,ok
"CIVIL, LLC - CV2 FACILITY",155.0,2025-06-04,WARNDatabaseMasterExcluding2026.csv,GLOBECIVIL.NS,kept,ok
"CIVIL, LLC - CV2 PREP PLANT",20.0,2025-06-04,WARNDatabaseMasterExcluding2026.csv,GLOBECIVIL.NS,kept,ok
"CIVIL, LLC - DELBARTON PREP PLANT",44.0,2025-06-04,WARNDatabaseMasterExcluding2026.csv,GLOBECIVIL.NS,kept,ok
"CIVIL, LLC - EAGLE ENERGY",33.0,2025-06-04,WARNDatabaseMasterExcluding2026.csv,GLOBECIVIL.NS,kept,ok
"CIVIL, LLC - FALCON FACILITY",7.0,2025-06-04,WARNDatabaseMasterExcluding2026.csv,GLOBECIVIL.NS,kept,ok
"CIVIL, LLC - PAGE LOADOUT FACILITY",2.0,2025-06-04,WARNDatabaseMasterExcluding2026.csv,GLOBECIVIL.NS,kept,ok
"ESS TECH, INC.",195.0,2025-06-03,WARNDatabaseMasterExcluding2026.csv,GWH,kept,ok
MICROSOFT,305.0,2025-06-02,WARNDatabaseMasterExcluding2026.csv,MSFT,kept,ok
"DAI GLOBAL, LLC",62.0,2025-06-02,WARNDatabaseMasterExcluding2026.csv,0P000198RO.T,kept,ok
"CACI, INC.",109.0,2025-06-02,WARNDatabaseMasterExcluding2026.csv,CACI,kept,ok
AMAZON,325.0,2025-06-02,WARNDatabaseMasterExcluding2026.csv,AMZN,kept,ok
AT HOME,10.0,2025-06-01,WARNDatabaseMasterExcluding2026.csv,BAH.VI,kept,ok
AT HOME,77.0,2025-06-01,WARNDatabaseMasterExcluding2026.csv,BAH.VI,kept,ok
KENVUE,69.0,2025-06-01,WARNDatabaseMasterExcluding2026.csv,KVUE,kept,ok
PVH CORP.,51.0,2025-06-01,WARNDatabaseMasterExcluding2026.csv,PVH,kept,ok
"PPG INDUSTRIES, INC.",82.0,2025-06-01,WARNDatabaseMasterExcluding2026.csv,PPG,kept,ok
"NATURAL FOODS, INC.",716.0,2025-06-01,WARNDatabaseMasterExcluding2026.csv,UNFI,kept,ok
"INTERNATION TIMBER AND VENEER, L.C.",81.0,2025-06-01,WARNDatabaseMasterExcluding2026.csv,LM5G.MU,kept,ok
WALMART,106.0,2025-05-30,WARNDatabaseMasterExcluding2026.csv,WMT,kept,ok
"VOR BIOPHARMA, INC.",155.0,2025-05-28,WARNDatabaseMasterExcluding2026.csv,VOR,kept,ok
LACROIX,7.0,2025-05-27,WARNDatabaseMasterExcluding2026.csv,LACR.PA,kept,ok
WELLS FARGO,1.0,2025-05-27,WARNDatabaseMasterExcluding2026.csv,WFC,kept,ok
"NBCUNIVERSAL MEDIA (BLDGS. 1280, 1320, 1360, AND 4250)",41.0,2025-05-22,WARNDatabaseMasterExcluding2026.csv,ZALNPX,kept,ok
SIX FLAGS ENTERTAINMENT CORPORATION,56.0,2025-05-22,WARNDatabaseMasterExcluding2026.csv,FUN,kept,ok
SIX FLAGS ENTERTAINMENT CORPORATION,65.0,2025-05-22,WARNDatabaseMasterExcluding2026.csv,FUN,kept,ok
SIX FLAGS ENTERTAINMENT CORPORATION,19.0,2025-05-22,WARNDatabaseMasterExcluding2026.csv,FUN,kept,ok
YUM! BRANDS INC,91.0,2025-05-21,WARNDatabaseMasterExcluding2026.csv,YUM,kept,ok
SODEXO,210.0,2025-05-21,WARNDatabaseMasterExcluding2026.csv,SW.PA,kept,ok
EIKON THERAPEUTICS INC.,55.0,2025-05-21,WARNDatabaseMasterExcluding2026.csv,EIKN,kept,ok
CHEGG,88.0,2025-05-20,WARNDatabaseMasterExcluding2026.csv,CHGG,kept,ok
SODEXO,881.0,2025-05-16,WARNDatabaseMasterExcluding2026.csv,SW.PA,kept,ok
WINNEBAGO INDUSTRIES,128.0,2025-05-15,WARNDatabaseMasterExcluding2026.csv,WGO,kept,ok
WINNEBAGO INDUSTRIES,30.0,2025-05-15,WARNDatabaseMasterExcluding2026.csv,WGO,kept,ok
WINNEBAGO INDUSTRIES,20.0,2025-05-15,WARNDatabaseMasterExcluding2026.csv,WGO,kept,ok
WINNEBAGO INDUSTRIES,18.0,2025-05-15,WARNDatabaseMasterExcluding2026.csv,WGO,kept,ok
WINNEBAGO INDUSTRIES,128.0,2025-05-15,WARNDatabaseMasterExcluding2026.csv,WGO,kept,ok
WINNEBAGO INDUSTRIES,30.0,2025-05-15,WARNDatabaseMasterExcluding2026.csv,WGO,kept,ok
WINNEBAGO INDUSTRIES,20.0,2025-05-15,WARNDatabaseMasterExcluding2026.csv,WGO,kept,ok
WINNEBAGO INDUSTRIES,18.0,2025-05-15,WARNDatabaseMasterExcluding2026.csv,WGO,kept,ok
UPS,355.0,2025-05-15,WARNDatabaseMasterExcluding2026.csv,UPS,kept,ok
ACCENTURE,85.0,2025-05-14,WARNDatabaseMasterExcluding2026.csv,ACN,kept,ok
MICROSOFT,,2025-05-13,WARNDatabaseMasterExcluding2026.csv,MSFT,kept,ok
WELLS FARGO,24.0,2025-05-13,WARNDatabaseMasterExcluding2026.csv,WFC,kept,ok
PACT,72.0,2025-05-13,WARNDatabaseMasterExcluding2026.csv,CFIBTGPLAI.SN,kept,ok
WELLS FARGO,24.0,2025-05-13,WARNDatabaseMasterExcluding2026.csv,WFC,kept,ok
SODEXO,469.0,2025-05-12,WARNDatabaseMasterExcluding2026.csv,SW.PA,kept,ok
"LANZATECH GLOBAL, INC.",44.0,2025-05-12,WARNDatabaseMasterExcluding2026.csv,LNZA,kept,ok
"INSITRO, INC.",63.0,2025-05-09,WARNDatabaseMasterExcluding2026.csv,IITRZZX,kept,ok
RTX,1.0,2025-05-09,WARNDatabaseMasterExcluding2026.csv,RTX,kept,ok
"10X GENOMICS, INC. (5500)",3.0,2025-05-08,WARNDatabaseMasterExcluding2026.csv,TXG,kept,ok
"10X GENOMICS, INC. (6210)",2.0,2025-05-08,WARNDatabaseMasterExcluding2026.csv,TXG,kept,ok
"10X GENOMICS, INC. (6230)",88.0,2025-05-08,WARNDatabaseMasterExcluding2026.csv,TXG,kept,ok
CHEVRON,14.0,2025-05-08,WARNDatabaseMasterExcluding2026.csv,CVX,kept,ok
CHEVRON,20.0,2025-05-08,WARNDatabaseMasterExcluding2026.csv,CVX,kept,ok
NATIONAL OILWELL VARCO,127.0,2025-05-07,WARNDatabaseMasterExcluding2026.csv,NOV,kept,ok
"RON GROUP, LLC DBA BLUE SKY SPECIALTY PHARMACY",125.0,2025-05-06,WARNDatabaseMasterExcluding2026.csv,301231.SZ,kept,ok
STARBUCKS,8.0,2025-05-05,WARNDatabaseMasterExcluding2026.csv,SBUX,kept,ok
PLIANT THERAPEUTICS,69.0,2025-05-05,WARNDatabaseMasterExcluding2026.csv,9PT.F,kept,ok
"FORD, WALKER, HAGGERTY & BEHAR, LLP (FWHB)",2.0,2025-05-05,WARNDatabaseMasterExcluding2026.csv,F,kept,ok
"FORD, WALKER, HAGGERTY & BEHAR, LLP (FWHB)",131.0,2025-05-05,WARNDatabaseMasterExcluding2026.csv,F,kept,ok
"FORD, WALKER, HAGGERTY & BEHAR, LLP (FWHB)",81.0,2025-05-05,WARNDatabaseMasterExcluding2026.csv,F,kept,ok
"FORD, WALKER, HAGGERTY & BEHAR, LLP (FWHB)",9.0,2025-05-05,WARNDatabaseMasterExcluding2026.csv,F,kept,ok
"FORD, WALKER, HAGGERTY & BEHAR, LLP (FWHB)",3.0,2025-05-05,WARNDatabaseMasterExcluding2026.csv,F,kept,ok
"FORD, WALKER, HAGGERTY & BEHAR, LLP (FWHB)",6.0,2025-05-05,WARNDatabaseMasterExcluding2026.csv,F,kept,ok
"FORD, WALKER, HAGGERTY & BEHAR, LLP (FWHB)",11.0,2025-05-05,WARNDatabaseMasterExcluding2026.csv,F,kept,ok
"LOCKHEED MARTIN, ROTARY MISSION SYSTEMS BUSINESS AREA",64.0,2025-05-02,WARNDatabaseMasterExcluding2026.csv,LMT,kept,ok
CHEVRON,125.0,2025-05-02,WARNDatabaseMasterExcluding2026.csv,CVX,kept,ok
BRISTOL MYERS SQUIBB,133.0,2025-05-02,WARNDatabaseMasterExcluding2026.csv,BMY,kept,ok
"FCR, LLC",70.0,2025-05-02,WARNDatabaseMasterExcluding2026.csv,CAPRI.MC,kept,ok
PRIMO BRANDS,11.0,2025-05-02,WARNDatabaseMasterExcluding2026.csv,PRMB,kept,ok
PRIMO BRANDS,8.0,2025-05-02,WARNDatabaseMasterExcluding2026.csv,PRMB,kept,ok
PRIMO BRANDS,6.0,2025-05-02,WARNDatabaseMasterExcluding2026.csv,PRMB,kept,ok
PRIMO BRANDS,6.0,2025-05-02,WARNDatabaseMasterExcluding2026.csv,PRMB,kept,ok
JELD-WEN,128.0,2025-05-01,WARNDatabaseMasterExcluding2026.csv,JELD,kept,ok
SMURFIT WESTROCK,189.0,2025-05-01,WARNDatabaseMasterExcluding2026.csv,SW,kept,ok
WALMART,187.0,2025-05-01,WARNDatabaseMasterExcluding2026.csv,WMT,kept,ok
ACCENTURE,71.0,2025-05-01,WARNDatabaseMasterExcluding2026.csv,ACN,kept,ok
"CLEVELAND-CLIFFS, INC.",559.0,2025-05-01,WARNDatabaseMasterExcluding2026.csv,CLF,kept,ok
"THE GEO GROUP, INC.",203.0,2025-05-01,WARNDatabaseMasterExcluding2026.csv,GEO,kept,ok
SONOCO,46.0,2025-05-01,WARNDatabaseMasterExcluding2026.csv,SON,kept,ok
LEIDOS,19.0,2025-04-30,WARNDatabaseMasterExcluding2026.csv,LDOS,kept,ok
DANA,295.0,2025-04-30,WARNDatabaseMasterExcluding2026.csv,DANA,kept,ok
"ARVINAS, INC.",92.0,2025-04-30,WARNDatabaseMasterExcluding2026.csv,ARVN,kept,ok
"FLAGSTAR BANK, N.A.",12.0,2025-04-30,WARNDatabaseMasterExcluding2026.csv,FLG,kept,ok
ABM INDUSTRIES,175.0,2025-04-30,WARNDatabaseMasterExcluding2026.csv,ABM,kept,ok
DFC,33.0,2025-04-29,WARNDatabaseMasterExcluding2026.csv,5165.KL,kept,ok
WELLS FARGO,41.0,2025-04-29,WARNDatabaseMasterExcluding2026.csv,WFC,kept,ok
"SP PLUS, LLA, A METROPOLIS COMPANY",130.0,2025-04-29,WARNDatabaseMasterExcluding2026.csv,0P0000JQJE.SW,kept,ok
TIAA,84.0,2025-04-29,WARNDatabaseMasterExcluding2026.csv,TSMEX,kept,ok
WELLS FARGO,41.0,2025-04-29,WARNDatabaseMasterExcluding2026.csv,WFC,kept,ok
THERMO FISHER SCIENTIFIC,59.0,2025-04-29,WARNDatabaseMasterExcluding2026.csv,TMO,kept,ok
"NETAPP, INC.",56.0,2025-04-29,WARNDatabaseMasterExcluding2026.csv,NTAP,kept,ok
THERMO FISHER SCIENTIFIC,11.0,2025-04-29,WARNDatabaseMasterExcluding2026.csv,TMO,kept,ok
T. MARZETTI,78.0,2025-04-28,WARNDatabaseMasterExcluding2026.csv,MZTI,kept,ok
"PRIMO BRANDS, INC.",38.0,2025-04-28,WARNDatabaseMasterExcluding2026.csv,PRMB,kept,ok
CARDINAL,45.0,2025-04-28,WARNDatabaseMasterExcluding2026.csv,CAH,kept,ok
"CONAGRA BRANDS, INC.",75.0,2025-04-25,WARNDatabaseMasterExcluding2026.csv,CAG,kept,ok
HUBBELL INCORPORATED,110.0,2025-04-24,WARNDatabaseMasterExcluding2026.csv,HUBB,kept,ok
CVS HEALTH,1.0,2025-04-24,WARNDatabaseMasterExcluding2026.csv,CVS,kept,ok
"PRIMO BRANDS, INC. - 4500",33.0,2025-04-24,WARNDatabaseMasterExcluding2026.csv,PRMB,kept,ok
"PRIMO BRANDS, INC. - 1449",11.0,2025-04-24,WARNDatabaseMasterExcluding2026.csv,PRMB,kept,ok
RAYTHEON,97.0,2025-04-24,WARNDatabaseMasterExcluding2026.csv,^RTX,kept,ok
ADIENT,320.0,2025-04-23,WARNDatabaseMasterExcluding2026.csv,ADNT,kept,ok
SAMBANOVA,2.0,2025-04-23,WARNDatabaseMasterExcluding2026.csv,SAMNZZX,kept,ok
RTX,1.0,2025-04-23,WARNDatabaseMasterExcluding2026.csv,RTX,kept,ok
RTX,2.0,2025-04-23,WARNDatabaseMasterExcluding2026.csv,RTX,kept,ok
RTX,1.0,2025-04-23,WARNDatabaseMasterExcluding2026.csv,RTX,kept,ok
ADIENT PLC,95.0,2025-04-22,WARNDatabaseMasterExcluding2026.csv,ADNT,kept,ok
BROADRIDGE FINANCIAL SOLUTIONS,72.0,2025-04-22,WARNDatabaseMasterExcluding2026.csv,BR,kept,ok
"INTERNATIONAL FLAVORS & FRAGRANCES, INC.",49.0,2025-04-22,WARNDatabaseMasterExcluding2026.csv,IFF,kept,ok
PARSONS CORPORATION,18.0,2025-04-21,WARNDatabaseMasterExcluding2026.csv,PSN,kept,ok
"DRV, LLC",51.0,2025-04-21,WARNDatabaseMasterExcluding2026.csv,DRV,kept,ok
"DRV, LLC",51.0,2025-04-21,WARNDatabaseMasterExcluding2026.csv,DRV,kept,ok
BOSTON SCIENTIFIC CORPORATION,63.0,2025-04-21,WARNDatabaseMasterExcluding2026.csv,BSX,kept,ok
"PRIMO BRANDS, INC.",7.0,2025-04-18,WARNDatabaseMasterExcluding2026.csv,PRMB,kept,ok
"PRIMO BRANDS, INC.",7.0,2025-04-18,WARNDatabaseMasterExcluding2026.csv,PRMB,kept,ok
"PRIMO BRANDS, INC.",3.0,2025-04-18,WARNDatabaseMasterExcluding2026.csv,PRMB,kept,ok
"PRIMO BRANDS, INC.",4.0,2025-04-18,WARNDatabaseMasterExcluding2026.csv,PRMB,kept,ok
"PRIMO BRANDS, INC.",13.0,2025-04-18,WARNDatabaseMasterExcluding2026.csv,PRMB,kept,ok
"PRIMO BRANDS, INC.",4.0,2025-04-18,WARNDatabaseMasterExcluding2026.csv,PRMB,kept,ok
"ILLUMINA, INC. WORLDWIDE HEADQUARTERS",172.0,2025-04-17,WARNDatabaseMasterExcluding2026.csv,ILMN,kept,ok
"STEM, INC.",4.0,2025-04-17,WARNDatabaseMasterExcluding2026.csv,STEM,kept,ok
THE COCA-COLA COMPANY,135.0,2025-04-17,WARNDatabaseMasterExcluding2026.csv,KO,kept,ok
WELLS FARGO,46.0,2025-04-15,WARNDatabaseMasterExcluding2026.csv,WFC,kept,ok
WELLS FARGO,46.0,2025-04-15,WARNDatabaseMasterExcluding2026.csv,WFC,kept,ok
"STEM, INC.",48.0,2025-04-14,WARNDatabaseMasterExcluding2026.csv,STEM,kept,ok
RTX,4.0,2025-04-10,WARNDatabaseMasterExcluding2026.csv,RTX,kept,ok
RTX,4.0,2025-04-10,WARNDatabaseMasterExcluding2026.csv,RTX,kept,ok
"PACIFIC BIOSCIENCES OF CALIFORNIA, INC.",70.0,2025-04-10,WARNDatabaseMasterExcluding2026.csv,PACB,kept,ok
"FLAGSTAR BANK, N.A.",40.0,2025-04-09,WARNDatabaseMasterExcluding2026.csv,FLG,kept,ok
TELEFLEX,101.0,2025-04-08,WARNDatabaseMasterExcluding2026.csv,TFX,kept,ok
"AIR PRODUCTS AND CHEMICALS, INC.",37.0,2025-04-08,WARNDatabaseMasterExcluding2026.csv,APD,kept,ok
UPS,42.0,2025-04-04,WARNDatabaseMasterExcluding2026.csv,UPS,kept,ok
PFIZER,56.0,2025-04-04,WARNDatabaseMasterExcluding2026.csv,PFE,kept,ok
SODEXO,39.0,2025-04-03,WARNDatabaseMasterExcluding2026.csv,SW.PA,kept,ok
LEIDOS,16.0,2025-04-02,WARNDatabaseMasterExcluding2026.csv,LDOS,kept,ok
"CHARLES RIVER LABORATORIES, INC.",13.0,2025-04-02,WARNDatabaseMasterExcluding2026.csv,CRL,kept,ok
DENALI,28.0,2025-04-02,WARNDatabaseMasterExcluding2026.csv,DNLI,kept,ok
CHEVRON,600.0,2025-04-02,WARNDatabaseMasterExcluding2026.csv,CVX,kept,ok
WHIRLPOOL CORPORATION,651.0,2025-04-01,WARNDatabaseMasterExcluding2026.csv,WHR,kept,ok
WELLS FARGO,14.0,2025-04-01,WARNDatabaseMasterExcluding2026.csv,WFC,kept,ok
WHIRLPOOL CORPORATION,651.0,2025-04-01,WARNDatabaseMasterExcluding2026.csv,WHR,kept,ok
WELLS FARGO,14.0,2025-04-01,WARNDatabaseMasterExcluding2026.csv,WFC,kept,ok
WAWA,,2025-04-01,WARNDatabaseMasterExcluding2026.csv,0347.KL,kept,ok
"BLOCK, INC.",240.0,2025-04-01,WARNDatabaseMasterExcluding2026.csv,XYZ,kept,ok
FEDEX,217.0,2025-03-31,WARNDatabaseMasterExcluding2026.csv,FDX,kept,ok
LEIDOS,29.0,2025-03-31,WARNDatabaseMasterExcluding2026.csv,LDOS,kept,ok
UPS,244.0,2025-03-28,WARNDatabaseMasterExcluding2026.csv,UPS,kept,ok
"BLOCK, INC",1.0,2025-03-27,WARNDatabaseMasterExcluding2026.csv,XYZ,kept,ok
"ADOBE, INC.",2.0,2025-03-27,WARNDatabaseMasterExcluding2026.csv,ADBE,kept,ok
"BLOCK, INC.",67.0,2025-03-27,WARNDatabaseMasterExcluding2026.csv,XYZ,kept,ok
"BLOCK, INC",1.0,2025-03-27,WARNDatabaseMasterExcluding2026.csv,XYZ,kept,ok
"NKARTA, INC.",52.0,2025-03-27,WARNDatabaseMasterExcluding2026.csv,NKTX,kept,ok
"NKARTA, INC.",1.0,2025-03-27,WARNDatabaseMasterExcluding2026.csv,NKTX,kept,ok
"GILEAD SCIENCES, INC.",149.0,2025-03-27,WARNDatabaseMasterExcluding2026.csv,GILD,kept,ok
"ICF INTERNATIONAL, INC., THROUGH ITS SUBSIDIARIES ICF INCORPORATED, LLC, ICF MACRO, INC.",14.0,2025-03-26,WARNDatabaseMasterExcluding2026.csv,ICFI,kept,ok
"PRIMO BRANDS, INC.",10.0,2025-03-26,WARNDatabaseMasterExcluding2026.csv,PRMB,kept,ok
"BLOCK, INC (DBA BLOCK)",3.0,2025-03-26,WARNDatabaseMasterExcluding2026.csv,XYZ,kept,ok
CHARTER COMMUNICATIONS,174.0,2025-03-26,WARNDatabaseMasterExcluding2026.csv,CHTR,kept,ok
"PRIMO BRANDS, INC.",1.0,2025-03-26,WARNDatabaseMasterExcluding2026.csv,PRMB,kept,ok
"PRIMO BRANDS, INC.",1.0,2025-03-26,WARNDatabaseMasterExcluding2026.csv,PRMB,kept,ok
"PRIMO BRANDS, INC.",2.0,2025-03-26,WARNDatabaseMasterExcluding2026.csv,PRMB,kept,ok
"PRIMO BRANDS, INC.",1.0,2025-03-26,WARNDatabaseMasterExcluding2026.csv,PRMB,kept,ok
"BLOCK, INC.",29.0,2025-03-25,WARNDatabaseMasterExcluding2026.csv,XYZ,kept,ok
"BLOCK, INC.",49.0,2025-03-25,WARNDatabaseMasterExcluding2026.csv,XYZ,kept,ok
BLOCK INC.,21.0,2025-03-25,WARNDatabaseMasterExcluding2026.csv,XYZ,kept,ok
"BLOCK, INC.",25.0,2025-03-25,WARNDatabaseMasterExcluding2026.csv,XYZ,kept,ok
"BLOCK, INC.",2.0,2025-03-25,WARNDatabaseMasterExcluding2026.csv,XYZ,kept,ok
BLOCK INC.,5.0,2025-03-25,WARNDatabaseMasterExcluding2026.csv,XYZ,kept,ok
"CSG SYSTEMS, INC",99.0,2025-03-25,WARNDatabaseMasterExcluding2026.csv,CSN.SG,kept,ok
"KEY ENERGY SERVICES, LLC",14.0,2025-03-25,WARNDatabaseMasterExcluding2026.csv,KEGX,kept,ok
SODEXO,50.0,2025-03-25,WARNDatabaseMasterExcluding2026.csv,SW.PA,kept,ok
SODEXO,63.0,2025-03-24,WARNDatabaseMasterExcluding2026.csv,SW.PA,kept,ok
AMENTUM,93.0,2025-03-24,WARNDatabaseMasterExcluding2026.csv,AMTM,kept,ok
APPLOVIN CORPORATION,97.0,2025-03-21,WARNDatabaseMasterExcluding2026.csv,APP,kept,ok
UNFI,20.0,2025-03-20,WARNDatabaseMasterExcluding2026.csv,UNFI,kept,ok
"CVS - DOUGLAS, AZ",6.0,2025-03-19,WARNDatabaseMasterExcluding2026.csv,AZ,kept,ok
WELLS FARGO,4.0,2025-03-19,WARNDatabaseMasterExcluding2026.csv,WFC,kept,ok
CVS,4.0,2025-03-19,WARNDatabaseMasterExcluding2026.csv,CVS,kept,ok
WELLS FARGO,34.0,2025-03-18,WARNDatabaseMasterExcluding2026.csv,WFC,kept,ok
WELLS FARGO,34.0,2025-03-18,WARNDatabaseMasterExcluding2026.csv,WFC,kept,ok
ATARA BIOTHERAPEUTICS,31.0,2025-03-18,WARNDatabaseMasterExcluding2026.csv,ATRA,kept,ok
"SODEXO, INC AND AFFILIATES",156.0,2025-03-17,WARNDatabaseMasterExcluding2026.csv,SJ7.DU,kept,ok
"MATTEL, INC.",120.0,2025-03-17,WARNDatabaseMasterExcluding2026.csv,MAT,kept,ok
"ICS, LLC., D/B/A MAUSER PACKAGING SOLUTIONS",22.0,2025-03-14,WARNDatabaseMasterExcluding2026.csv,0P0001R2KT.L,kept,ok
AMAZON,76.0,2025-03-14,WARNDatabaseMasterExcluding2026.csv,AMZN,kept,ok
"SODEXO, INC.",130.0,2025-03-13,WARNDatabaseMasterExcluding2026.csv,SW.PA,kept,ok
"SODEXO, INC.",130.0,2025-03-13,WARNDatabaseMasterExcluding2026.csv,SW.PA,kept,ok
SONOCO,67.0,2025-03-13,WARNDatabaseMasterExcluding2026.csv,SON,kept,ok
"SUTRO BIOPHARMA, INC.",3.0,2025-03-13,WARNDatabaseMasterExcluding2026.csv,STRO,kept,ok
"SUTRO BIOPHARMA, INC.",62.0,2025-03-13,WARNDatabaseMasterExcluding2026.csv,STRO,kept,ok
PITNEY BOWES,168.0,2025-03-12,WARNDatabaseMasterExcluding2026.csv,PBI,kept,ok
"ICF INTERNATIONAL, INC., THROUGH ITS SUBSIDIARIES ICF INCORPORATED, LLC, ICF MACRO, INC.",41.0,2025-03-12,WARNDatabaseMasterExcluding2026.csv,ICFI,kept,ok
PITNEY BOWES,168.0,2025-03-12,WARNDatabaseMasterExcluding2026.csv,PBI,kept,ok
GREIF INC,61.0,2025-03-11,WARNDatabaseMasterExcluding2026.csv,GEF,kept,ok
IREX,130.0,2025-03-11,WARNDatabaseMasterExcluding2026.csv,IREX,kept,ok
SOSI,25.0,2025-03-10,WARNDatabaseMasterExcluding2026.csv,SOSI1.HE,kept,ok
"CENTERRA, A SUBSIDIARY OF CONSTELLIS, LLC",31.0,2025-03-07,WARNDatabaseMasterExcluding2026.csv,CG.TO,kept,ok
"CENTERRA, A SUBSIDIARY OF CONSTELLIS, LLC",55.0,2025-03-07,WARNDatabaseMasterExcluding2026.csv,CG.TO,kept,ok
THE CHEESECAKE FACTORY,119.0,2025-03-06,WARNDatabaseMasterExcluding2026.csv,CAKE,kept,ok
"SP+, A METROPOLIS COMPANY",110.0,2025-03-06,WARNDatabaseMasterExcluding2026.csv,SPCX,kept,ok
"PRIMO BRANDS, INC.",16.0,2025-03-06,WARNDatabaseMasterExcluding2026.csv,PRMB,kept,ok
UPS,69.0,2025-03-05,WARNDatabaseMasterExcluding2026.csv,UPS,kept,ok
"PRIMO BRANDS, INC.",22.0,2025-03-05,WARNDatabaseMasterExcluding2026.csv,PRMB,kept,ok
"PRIMO BRANDS, INC.",39.0,2025-03-05,WARNDatabaseMasterExcluding2026.csv,PRMB,kept,ok
WELLS FARGO,90.0,2025-03-05,WARNDatabaseMasterExcluding2026.csv,WFC,kept,ok
"PRIMO BRANDS, INC.",9.0,2025-03-05,WARNDatabaseMasterExcluding2026.csv,PRMB,kept,ok
CENTRAL GARDEN & PET,5.0,2025-03-05,WARNDatabaseMasterExcluding2026.csv,CENTA,kept,ok
"PRIMO BRANDS, INC.",13.0,2025-03-05,WARNDatabaseMasterExcluding2026.csv,PRMB,kept,ok
WELLS FARGO,33.0,2025-03-04,WARNDatabaseMasterExcluding2026.csv,WFC,kept,ok
LEIDOS,20.0,2025-03-04,WARNDatabaseMasterExcluding2026.csv,LDOS,kept,ok
MICROCHIP,238.0,2025-03-04,WARNDatabaseMasterExcluding2026.csv,MCHP,kept,ok
WELLS FARGO,33.0,2025-03-04,WARNDatabaseMasterExcluding2026.csv,WFC,kept,ok
UPS,99.0,2025-03-04,WARNDatabaseMasterExcluding2026.csv,UPS,kept,ok
WELLS FARGO,56.0,2025-03-04,WARNDatabaseMasterExcluding2026.csv,WFC,kept,ok
MICROCHIP,330.0,2025-03-03,WARNDatabaseMasterExcluding2026.csv,MCHP,kept,ok
PARSONS CORPORATION,22.0,2025-03-03,WARNDatabaseMasterExcluding2026.csv,PSN,kept,ok
UPS,144.0,2025-03-03,WARNDatabaseMasterExcluding2026.csv,UPS,kept,ok
UPS,144.0,2025-03-03,WARNDatabaseMasterExcluding2026.csv,UPS,kept,ok
DOLLAR GENERAL,5.0,2025-03-01,WARNDatabaseMasterExcluding2026.csv,DG,kept,ok
UBS,50.0,2025-03-01,WARNDatabaseMasterExcluding2026.csv,UBS,kept,ok
ORGANON,93.0,2025-03-01,WARNDatabaseMasterExcluding2026.csv,OGN,kept,ok
NOVARTIS,427.0,2025-03-01,WARNDatabaseMasterExcluding2026.csv,NVS,kept,ok
"TORRID, LLC",8.0,2025-03-01,WARNDatabaseMasterExcluding2026.csv,CURV,kept,ok
"MERCK & CO., INC.",163.0,2025-03-01,WARNDatabaseMasterExcluding2026.csv,MRK,kept,ok
ABM,77.0,2025-02-28,WARNDatabaseMasterExcluding2026.csv,ABM,kept,ok
ABM,77.0,2025-02-28,WARNDatabaseMasterExcluding2026.csv,ABM,kept,ok
CVS HEALTH,183.0,2025-02-28,WARNDatabaseMasterExcluding2026.csv,CVS,kept,ok
CHARTER COMMUNICATIONS,171.0,2025-02-28,WARNDatabaseMasterExcluding2026.csv,CHTR,kept,ok
"AUTODESK, INC.",289.0,2025-02-28,WARNDatabaseMasterExcluding2026.csv,ADSK,kept,ok
"CBRE, INC.",78.0,2025-02-28,WARNDatabaseMasterExcluding2026.csv,CBRE,kept,ok
"CBRE, INC.",8.0,2025-02-28,WARNDatabaseMasterExcluding2026.csv,CBRE,kept,ok
"CBRE, INC.",14.0,2025-02-28,WARNDatabaseMasterExcluding2026.csv,CBRE,kept,ok
"CBRE, INC.",20.0,2025-02-28,WARNDatabaseMasterExcluding2026.csv,CBRE,kept,ok
BRISTOL MYERS SQUIBB,57.0,2025-02-27,WARNDatabaseMasterExcluding2026.csv,BMY,kept,ok
GOOGLE,10.0,2025-02-27,WARNDatabaseMasterExcluding2026.csv,GOOG,kept,ok
GOOGLE,42.0,2025-02-27,WARNDatabaseMasterExcluding2026.csv,GOOG,kept,ok
STARBUCKS,612.0,2025-02-26,WARNDatabaseMasterExcluding2026.csv,SBUX,kept,ok
MVM,247.0,2025-02-26,WARNDatabaseMasterExcluding2026.csv,MVMD.CN,kept,ok
"MVM, INC. (MCALLEN)",132.0,2025-02-26,WARNDatabaseMasterExcluding2026.csv,MVM7PTR.VI,kept,ok
"WARNER BROS. DISCOVERY, INC.",131.0,2025-02-25,WARNDatabaseMasterExcluding2026.csv,WBD,kept,ok
UPS,65.0,2025-02-25,WARNDatabaseMasterExcluding2026.csv,UPS,kept,ok
TIMKEN,58.0,2025-02-24,WARNDatabaseMasterExcluding2026.csv,TKR,kept,ok
SODEXO,170.0,2025-02-24,WARNDatabaseMasterExcluding2026.csv,SW.PA,kept,ok
"FLAGSTAR BANK, N.A.",424.0,2025-02-21,WARNDatabaseMasterExcluding2026.csv,FLG,kept,ok
UPS,81.0,2025-02-20,WARNDatabaseMasterExcluding2026.csv,UPS,kept,ok
NIKOLA,1.0,2025-02-19,WARNDatabaseMasterExcluding2026.csv,NIKO-USD,kept,ok
THE BOEING COMPANY,71.0,2025-02-18,WARNDatabaseMasterExcluding2026.csv,BA,kept,ok
STAAR SURGICAL COMPANY,110.0,2025-02-18,WARNDatabaseMasterExcluding2026.csv,STAA,kept,ok
STAAR SURGICAL COMPANY,5.0,2025-02-18,WARNDatabaseMasterExcluding2026.csv,STAA,kept,ok
"DAI GLOBAL, LLC",124.0,2025-02-17,WARNDatabaseMasterExcluding2026.csv,0P000198RO.T,kept,ok
BOEING COMPANY,89.0,2025-02-15,WARNDatabaseMasterExcluding2026.csv,BA,kept,ok
THE BOEING COMPANY,8.0,2025-02-15,WARNDatabaseMasterExcluding2026.csv,BA,kept,ok
INTERNATIONAL PAPER COMPANY,481.0,2025-02-13,WARNDatabaseMasterExcluding2026.csv,IP,kept,ok
INTERNATIONAL PAPER COMPANY,72.0,2025-02-13,WARNDatabaseMasterExcluding2026.csv,IP,kept,ok
"ILLUMINA, INC.",96.0,2025-02-13,WARNDatabaseMasterExcluding2026.csv,ILMN,kept,ok
"KENNAMETAL, INC.",54.0,2025-02-12,WARNDatabaseMasterExcluding2026.csv,KMT,kept,ok
SAFEWAY,95.0,2025-02-12,WARNDatabaseMasterExcluding2026.csv,301559.SZ,kept,ok
CVS HEALTH,4.0,2025-02-11,WARNDatabaseMasterExcluding2026.csv,CVS,kept,ok
"DARLING INGREDIENTS, INC.",51.0,2025-02-11,WARNDatabaseMasterExcluding2026.csv,DAR,kept,ok
"BIO-RAD LABORATORIES, INC.",16.0,2025-02-11,WARNDatabaseMasterExcluding2026.csv,BIO,kept,ok
"BIO-RAD LABORATORIES, INC.",1.0,2025-02-11,WARNDatabaseMasterExcluding2026.csv,BIO,kept,ok
"BIO-RAD LABORATORIES, INC.",113.0,2025-02-11,WARNDatabaseMasterExcluding2026.csv,BIO,kept,ok
"BIO-RAD LABORATORIES, INC.",1.0,2025-02-11,WARNDatabaseMasterExcluding2026.csv,BIO,kept,ok
CNH,175.0,2025-02-07,WARNDatabaseMasterExcluding2026.csv,CNH,kept,ok
CVS,38.0,2025-02-06,WARNDatabaseMasterExcluding2026.csv,CVS,kept,ok
"ACUTUS MEDICAL, INC.",24.0,2025-02-06,WARNDatabaseMasterExcluding2026.csv,AFIB,kept,ok
MODINE MANUFACTURING,162.0,2025-02-05,WARNDatabaseMasterExcluding2026.csv,MOD,kept,ok
WALMART,267.0,2025-02-05,WARNDatabaseMasterExcluding2026.csv,WMT,kept,ok
"WORKDAY, INC.",617.0,2025-02-05,WARNDatabaseMasterExcluding2026.csv,WDAY,kept,ok
WALMART,77.0,2025-02-05,WARNDatabaseMasterExcluding2026.csv,WMT,kept,ok
"SALESFORCE, INC.",153.0,2025-02-05,WARNDatabaseMasterExcluding2026.csv,CRM,kept,ok
"RADIAL, INC.",164.0,2025-02-04,WARNDatabaseMasterExcluding2026.csv,RAD.CN,kept,ok
CVS HEALTH,22.0,2025-02-04,WARNDatabaseMasterExcluding2026.csv,CVS,kept,ok
SAFEWAY,69.0,2025-02-04,WARNDatabaseMasterExcluding2026.csv,301559.SZ,kept,ok
"ASANA, INC.",77.0,2025-02-04,WARNDatabaseMasterExcluding2026.csv,ASAN,kept,ok
"OKTA, INC.",56.0,2025-02-04,WARNDatabaseMasterExcluding2026.csv,OKTA,kept,ok
RENESAS ELECTRONICS CORPORATION,3.0,2025-02-04,WARNDatabaseMasterExcluding2026.csv,6723.T,kept,ok
"US FOODS, INC.",118.0,2025-02-04,WARNDatabaseMasterExcluding2026.csv,USFD,kept,ok
"DAI GLOBAL, LLC",382.0,2025-02-03,WARNDatabaseMasterExcluding2026.csv,0P000198RO.T,kept,ok
"EXEL, INC.",614.0,2025-02-03,WARNDatabaseMasterExcluding2026.csv,EXEL,kept,ok
NOODLES & CO,1.0,2025-02-01,WARNDatabaseMasterExcluding2026.csv,NO30.F,kept,ok
TRUE VALUE,41.0,2025-02-01,WARNDatabaseMasterExcluding2026.csv,0P0001NSL4.F,kept,ok
EISAI,57.0,2025-02-01,WARNDatabaseMasterExcluding2026.csv,ESAIY,kept,ok
WALMART,481.0,2025-02-01,WARNDatabaseMasterExcluding2026.csv,WMT,kept,ok
"KYOWA KIRIN, INC.",52.0,2025-02-01,WARNDatabaseMasterExcluding2026.csv,KY4.F,kept,ok
INTERNATIONAL PAPER,107.0,2025-02-01,WARNDatabaseMasterExcluding2026.csv,IP,kept,ok
GOODYEAR,815.0,2025-01-31,WARNDatabaseMasterExcluding2026.csv,GT,kept,ok
THERMO FISHER SCIENTIFIC,300.0,2025-01-31,WARNDatabaseMasterExcluding2026.csv,TMO,kept,ok
INTEL CORPORATION,58.0,2025-01-30,WARNDatabaseMasterExcluding2026.csv,INTC,kept,ok
SENSATA TECHNOLOGIES,57.0,2025-01-30,WARNDatabaseMasterExcluding2026.csv,ST,kept,ok
BARNES & NOBLE,107.0,2025-01-29,WARNDatabaseMasterExcluding2026.csv,2BN0.F,kept,ok
"ADVANCED DRAINAGE SYSTEMS, INC.",54.0,2025-01-28,WARNDatabaseMasterExcluding2026.csv,WMS,kept,ok
AMENTUM,40.0,2025-01-28,WARNDatabaseMasterExcluding2026.csv,AMTM,kept,ok
SMURFIT WESTROCK,88.0,2025-01-28,WARNDatabaseMasterExcluding2026.csv,SW,kept,ok
"CHARLES RIVER LABORATORIES, INC.",31.0,2025-01-28,WARNDatabaseMasterExcluding2026.csv,CRL,kept,ok
"IMMUNITYBIO, INC.",1.0,2025-01-28,WARNDatabaseMasterExcluding2026.csv,IBRX,kept,ok
"IMMUNITYBIO, INC.",9.0,2025-01-28,WARNDatabaseMasterExcluding2026.csv,IBRX,kept,ok
AMENTUM,62.0,2025-01-27,WARNDatabaseMasterExcluding2026.csv,AMTM,kept,ok
AMENTUM,90.0,2025-01-27,WARNDatabaseMasterExcluding2026.csv,AMTM,kept,ok
PVH CORP.,317.0,2025-01-23,WARNDatabaseMasterExcluding2026.csv,PVH,kept,ok
PARSONS CORPORATION,55.0,2025-01-22,WARNDatabaseMasterExcluding2026.csv,PSN,kept,ok
CHARTER COMMUNICATIONS,259.0,2025-01-22,WARNDatabaseMasterExcluding2026.csv,CHTR,kept,ok
"BAGS, A METROPOLIS COMPANY",25.0,2025-01-22,WARNDatabaseMasterExcluding2026.csv,COMSYN.NS,kept,ok
"BAGS, A METROPOLIS COMPANY",23.0,2025-01-22,WARNDatabaseMasterExcluding2026.csv,COMSYN.NS,kept,ok
"BAGS, A METROPOLIS COMPANY",40.0,2025-01-22,WARNDatabaseMasterExcluding2026.csv,COMSYN.NS,kept,ok
"BAGS, A METROPOLIS COMPANY",32.0,2025-01-22,WARNDatabaseMasterExcluding2026.csv,COMSYN.NS,kept,ok
"BAGS, A METROPOLIS COMPANY",20.0,2025-01-22,WARNDatabaseMasterExcluding2026.csv,COMSYN.NS,kept,ok
CVS HEALTH,13.0,2025-01-17,WARNDatabaseMasterExcluding2026.csv,CVS,kept,ok
RENESAS ELECTRONICS CORPORATION,47.0,2025-01-16,WARNDatabaseMasterExcluding2026.csv,6723.T,kept,ok
RENESAS ELECTRONICS CORPORATION,21.0,2025-01-16,WARNDatabaseMasterExcluding2026.csv,6723.T,kept,ok
MACY'S INC,79.0,2025-01-16,WARNDatabaseMasterExcluding2026.csv,M,kept,ok
AMAZON,10.0,2025-01-15,WARNDatabaseMasterExcluding2026.csv,AMZN,kept,ok
APPLOVIN CORPORATION,89.0,2025-01-15,WARNDatabaseMasterExcluding2026.csv,APP,kept,ok
"SAFEWAY, INC.",225.0,2025-01-14,WARNDatabaseMasterExcluding2026.csv,301559.SZ,kept,ok
"COSMAX NBT USA, INC #1",80.0,2025-01-14,WARNDatabaseMasterExcluding2026.csv,0P0001FG58.TO,kept,ok
EATON,76.0,2025-01-13,WARNDatabaseMasterExcluding2026.csv,ETN,kept,ok
MACY'S,66.0,2025-01-10,WARNDatabaseMasterExcluding2026.csv,M,kept,ok
MACY'S INC,94.0,2025-01-10,WARNDatabaseMasterExcluding2026.csv,M,kept,ok
MACY'S INC,98.0,2025-01-10,WARNDatabaseMasterExcluding2026.csv,M,kept,ok
MACY'S INC,93.0,2025-01-10,WARNDatabaseMasterExcluding2026.csv,M,kept,ok
MACY'S INC,71.0,2025-01-10,WARNDatabaseMasterExcluding2026.csv,M,kept,ok
MACY'S INC,61.0,2025-01-10,WARNDatabaseMasterExcluding2026.csv,M,kept,ok
MACY'S INC,53.0,2025-01-10,WARNDatabaseMasterExcluding2026.csv,M,kept,ok
PACKAGING CORPORATION OF AMERICA,103.0,2025-01-09,WARNDatabaseMasterExcluding2026.csv,PKG,kept,ok
MACY'S INC,56.0,2025-01-09,WARNDatabaseMasterExcluding2026.csv,M,kept,ok
MACY'S,117.0,2025-01-09,WARNDatabaseMasterExcluding2026.csv,M,kept,ok
MACY'S,92.0,2025-01-09,WARNDatabaseMasterExcluding2026.csv,M,kept,ok
"NITTO, INC.",147.0,2025-01-08,WARNDatabaseMasterExcluding2026.csv,1929.T,kept,ok
"NITTO, INC",86.0,2025-01-08,WARNDatabaseMasterExcluding2026.csv,1929.T,kept,ok
"KOHL'S, INC.",60.0,2025-01-08,WARNDatabaseMasterExcluding2026.csv,KSS,kept,ok
"KOHL'S, INC.",58.0,2025-01-08,WARNDatabaseMasterExcluding2026.csv,KSS,kept,ok
"KOHL'S, INC.",62.0,2025-01-08,WARNDatabaseMasterExcluding2026.csv,KSS,kept,ok
"KOHL'S, INC.",59.0,2025-01-08,WARNDatabaseMasterExcluding2026.csv,KSS,kept,ok
"KOHL'S, INC.",690.0,2025-01-08,WARNDatabaseMasterExcluding2026.csv,KSS,kept,ok
AGCO CORPORATION,3.0,2025-01-07,WARNDatabaseMasterExcluding2026.csv,AGCO,kept,ok
THE TIMKEN COMPANY,97.0,2025-01-07,WARNDatabaseMasterExcluding2026.csv,TKR,kept,ok
AMERICAN WOODMARK CORPORATION,131.0,2025-01-07,WARNDatabaseMasterExcluding2026.csv,AHQ.F,kept,ok
"REC SILICON, INC.",224.0,2025-01-06,WARNDatabaseMasterExcluding2026.csv,RECSI.OL,kept,ok
"ALICO, INC",72.0,2025-01-06,WARNDatabaseMasterExcluding2026.csv,ALCO,kept,ok
"CYTOMX THERAPEUTICS, INC.",46.0,2025-01-06,WARNDatabaseMasterExcluding2026.csv,CTMX,kept,ok
LINEAGE,37.0,2025-01-03,WARNDatabaseMasterExcluding2026.csv,LCTX,kept,ok
MOTHER'S,1.0,2025-01-01,WARNDatabaseMasterExcluding2026.csv,MSUMI.NS,kept,ok
MACY'S,40.0,2025-01-01,WARNDatabaseMasterExcluding2026.csv,M,kept,ok
STAPLES,10.0,2025-01-01,WARNDatabaseMasterExcluding2026.csv,XAP=F,kept,ok
GREEN PLAINS,55.0,2025-01-01,WARNDatabaseMasterExcluding2026.csv,GPRE,kept,ok
AMAZON,432.0,2025-01-01,WARNDatabaseMasterExcluding2026.csv,AMZN,kept,ok
MACY'S INC.,128.0,2025-01-01,WARNDatabaseMasterExcluding2026.csv,M,kept,ok
"TENNECO, INC.",140.0,2024-12-27,WARNDatabaseMasterExcluding2026.csv,TENNIND.NS,kept,ok
CVS HEALTH,164.0,2024-12-20,WARNDatabaseMasterExcluding2026.csv,CVS,kept,ok
PFIZER,62.0,2024-12-20,WARNDatabaseMasterExcluding2026.csv,PFE,kept,ok
CVS,7.0,2024-12-18,WARNDatabaseMasterExcluding2026.csv,CVS,kept,ok
CVS HEALTH,48.0,2024-12-16,WARNDatabaseMasterExcluding2026.csv,CVS,kept,ok
CVS HEALTH,48.0,2024-12-16,WARNDatabaseMasterExcluding2026.csv,CVS,kept,ok
"DIVERGENT TECHNOLOGIES, INC.",84.0,2024-12-13,WARNDatabaseMasterExcluding2026.csv,DIVHZZX,kept,ok
INTUITIVE SURGICAL,157.0,2024-12-11,WARNDatabaseMasterExcluding2026.csv,ISRG,kept,ok
WELLS FARGO,21.0,2024-12-10,WARNDatabaseMasterExcluding2026.csv,WFC,kept,ok
WELLS FARGO,21.0,2024-12-10,WARNDatabaseMasterExcluding2026.csv,WFC,kept,ok
"TVI, INC. DBA SAVERS",52.0,2024-12-10,WARNDatabaseMasterExcluding2026.csv,TVI.V,kept,ok
DMSI,9.0,2024-12-10,WARNDatabaseMasterExcluding2026.csv,DMSI,kept,ok
DMSI,528.0,2024-12-10,WARNDatabaseMasterExcluding2026.csv,DMSI,kept,ok
DMSI,4.0,2024-12-10,WARNDatabaseMasterExcluding2026.csv,DMSI,kept,ok
DMSI,493.0,2024-12-10,WARNDatabaseMasterExcluding2026.csv,DMSI,kept,ok
DMSI,581.0,2024-12-10,WARNDatabaseMasterExcluding2026.csv,DMSI,kept,ok
DMSI,28.0,2024-12-10,WARNDatabaseMasterExcluding2026.csv,DMSI,kept,ok
SAFEWAY,112.0,2024-12-10,WARNDatabaseMasterExcluding2026.csv,301559.SZ,kept,ok
BOEING,396.0,2024-12-09,WARNDatabaseMasterExcluding2026.csv,BA,kept,ok
"BAVARIAN NORDIC, INC.",48.0,2024-12-09,WARNDatabaseMasterExcluding2026.csv,BAVA.CO,kept,ok
THE BOEING COMPANY,67.0,2024-12-06,WARNDatabaseMasterExcluding2026.csv,BA,kept,ok
WALMART,80.0,2024-12-05,WARNDatabaseMasterExcluding2026.csv,WMT,kept,ok
"LULUS FASHION LOUNGE, LLC",83.0,2024-12-05,WARNDatabaseMasterExcluding2026.csv,LVLU,kept,ok
WELLS FARGO BANK N.A.,500.0,2024-12-04,WARNDatabaseMasterExcluding2026.csv,ACPRHXX,kept,ok
WELLS FARGO BANK N.A.,221.0,2024-12-04,WARNDatabaseMasterExcluding2026.csv,ACPRHXX,kept,ok
"KOHL'S, INC.",77.0,2024-12-04,WARNDatabaseMasterExcluding2026.csv,KSS,kept,ok
JABIL INC.,55.0,2024-12-04,WARNDatabaseMasterExcluding2026.csv,JBL,kept,ok
UBISOFT,152.0,2024-12-04,WARNDatabaseMasterExcluding2026.csv,UBI.PA,kept,ok
AGCO CORPORATION,2.0,2024-12-03,WARNDatabaseMasterExcluding2026.csv,AGCO,kept,ok
"ACUTUS MEDICAL, INC.",57.0,2024-12-03,WARNDatabaseMasterExcluding2026.csv,AFIB,kept,ok
TYSON FOODS INC.,809.0,2024-12-02,WARNDatabaseMasterExcluding2026.csv,TSN,kept,ok
BIG LOTS,385.0,2024-12-01,WARNDatabaseMasterExcluding2026.csv,0HN5.L,kept,ok
"BIG LOTS, INC.",505.0,2024-12-01,WARNDatabaseMasterExcluding2026.csv,0HN5.L,kept,ok
WELLS FARGO,2.0,2024-11-26,WARNDatabaseMasterExcluding2026.csv,WFC,kept,ok
CATERPILLAR,60.0,2024-11-26,WARNDatabaseMasterExcluding2026.csv,CAT,kept,ok
WELLS FARGO,2.0,2024-11-26,WARNDatabaseMasterExcluding2026.csv,WFC,kept,ok
CVS HEALTH,53.0,2024-11-26,WARNDatabaseMasterExcluding2026.csv,CVS,kept,ok
CVS HEALTH,42.0,2024-11-25,WARNDatabaseMasterExcluding2026.csv,CVS,kept,ok
CVS,796.0,2024-11-25,WARNDatabaseMasterExcluding2026.csv,CVS,kept,ok
"MAXIMUS, INC.",34.0,2024-11-22,WARNDatabaseMasterExcluding2026.csv,MMS,kept,ok
"MAXIMUS, INC.",34.0,2024-11-22,WARNDatabaseMasterExcluding2026.csv,MMS,kept,ok
UNFI,121.0,2024-11-21,WARNDatabaseMasterExcluding2026.csv,UNFI,kept,ok
VISA,10.0,2024-11-21,WARNDatabaseMasterExcluding2026.csv,V,kept,ok
VISA,192.0,2024-11-21,WARNDatabaseMasterExcluding2026.csv,V,kept,ok
THE BOEING COMPANY,692.0,2024-11-20,WARNDatabaseMasterExcluding2026.csv,BA,kept,ok
JPMORGAN CHASE,80.0,2024-11-19,WARNDatabaseMasterExcluding2026.csv,JPM,kept,ok
JPMORGAN CHASE,255.0,2024-11-19,WARNDatabaseMasterExcluding2026.csv,JPM,kept,ok
THE BOEING COMPANY,184.0,2024-11-18,WARNDatabaseMasterExcluding2026.csv,BA,kept,ok
"SODEXO, INC. AND AFFILIATES",14.0,2024-11-18,WARNDatabaseMasterExcluding2026.csv,SW.PA,kept,ok
MARTINREA,144.0,2024-11-18,WARNDatabaseMasterExcluding2026.csv,MRE.TO,kept,ok
BOEING,141.0,2024-11-18,WARNDatabaseMasterExcluding2026.csv,BA,kept,ok
UPS,286.0,2024-11-18,WARNDatabaseMasterExcluding2026.csv,UPS,kept,ok
THE BOEING COMPANY,158.0,2024-11-15,WARNDatabaseMasterExcluding2026.csv,BA,kept,ok
BOEING,7.0,2024-11-15,WARNDatabaseMasterExcluding2026.csv,BA,kept,ok
BOEING,,2024-11-15,WARNDatabaseMasterExcluding2026.csv,BA,kept,ok
DILLARD'S,75.0,2024-11-15,WARNDatabaseMasterExcluding2026.csv,DDS,kept,ok
THE BOEING COMPANY,50.0,2024-11-15,WARNDatabaseMasterExcluding2026.csv,BA,kept,ok
BOEING,63.0,2024-11-15,WARNDatabaseMasterExcluding2026.csv,BA,kept,ok
ADVANCE AUTO PARTS,125.0,2024-11-15,WARNDatabaseMasterExcluding2026.csv,AAP,kept,ok
THE BOEING COMPANY,220.0,2024-11-15,WARNDatabaseMasterExcluding2026.csv,BA,kept,ok
BOEING,68.0,2024-11-15,WARNDatabaseMasterExcluding2026.csv,BA,kept,ok
THE BOEING COMPANY,101.0,2024-11-15,WARNDatabaseMasterExcluding2026.csv,BA,kept,ok
"MARRIOTT INTERNATIONAL, INC.",833.0,2024-11-14,WARNDatabaseMasterExcluding2026.csv,MAR,kept,ok
UPS,404.0,2024-11-14,WARNDatabaseMasterExcluding2026.csv,UPS,kept,ok
UPS,445.0,2024-11-14,WARNDatabaseMasterExcluding2026.csv,UPS,kept,ok
MASIMO CORPORATION,72.0,2024-11-14,WARNDatabaseMasterExcluding2026.csv,MASI,kept,ok
MASIMO CORPORATION,1.0,2024-11-14,WARNDatabaseMasterExcluding2026.csv,MASI,kept,ok
MASIMO CORPORATION,1.0,2024-11-14,WARNDatabaseMasterExcluding2026.csv,MASI,kept,ok
MASIMO CORPORATION,1.0,2024-11-14,WARNDatabaseMasterExcluding2026.csv,MASI,kept,ok
THE TORO COMPANY,122.0,2024-11-14,WARNDatabaseMasterExcluding2026.csv,TTC,kept,ok
"GILEAD SCIENCES, INC.",72.0,2024-11-13,WARNDatabaseMasterExcluding2026.csv,GILD,kept,ok
"CUMMINS, INC.",46.0,2024-11-13,WARNDatabaseMasterExcluding2026.csv,CMI,kept,ok
INTERNATIONAL PAPER COMPANY,297.0,2024-11-13,WARNDatabaseMasterExcluding2026.csv,IP,kept,ok
"GILEAD SCIENCES, INC.",104.0,2024-11-13,WARNDatabaseMasterExcluding2026.csv,GILD,kept,ok
APPLOVIN CORPORATION,120.0,2024-11-13,WARNDatabaseMasterExcluding2026.csv,APP,kept,ok
WELLS FARGO,2.0,2024-11-12,WARNDatabaseMasterExcluding2026.csv,WFC,kept,ok
WELLS FARGO,2.0,2024-11-12,WARNDatabaseMasterExcluding2026.csv,WFC,kept,ok
EQUINIX,87.0,2024-11-12,WARNDatabaseMasterExcluding2026.csv,EQIX,kept,ok
"AMD, INC.",57.0,2024-11-12,WARNDatabaseMasterExcluding2026.csv,AMD,kept,ok
AMENTUM,20.0,2024-11-11,WARNDatabaseMasterExcluding2026.csv,AMTM,kept,ok
THERMO FISHER SCIENTIFIC,160.0,2024-11-07,WARNDatabaseMasterExcluding2026.csv,TMO,kept,ok
MOLSON COORS BEVERAGE COMPANY,34.0,2024-11-06,WARNDatabaseMasterExcluding2026.csv,TAP,kept,ok
MOLSON COORS BEVERAGE COMPANY,56.0,2024-11-06,WARNDatabaseMasterExcluding2026.csv,TAP,kept,ok
"CHARLES RIVER LABORATORIES, INC.",94.0,2024-11-06,WARNDatabaseMasterExcluding2026.csv,CRL,kept,ok
HAEMONETICS CORPORATION,75.0,2024-11-06,WARNDatabaseMasterExcluding2026.csv,HAE,kept,ok
"COURSERA, INC.",61.0,2024-11-06,WARNDatabaseMasterExcluding2026.csv,COUR,kept,ok
PROGRESS SOFTWARE CORPORATION,99.0,2024-11-05,WARNDatabaseMasterExcluding2026.csv,PRGS,kept,ok
PARSONS CORPORATION,11.0,2024-11-04,WARNDatabaseMasterExcluding2026.csv,PSN,kept,ok
CHORD ENERGY,73.0,2024-11-04,WARNDatabaseMasterExcluding2026.csv,CHRD,kept,ok
KIMBALL ELECTRONICS,250.0,2024-11-04,WARNDatabaseMasterExcluding2026.csv,KE,kept,ok
UNILEVER,149.0,2024-11-01,WARNDatabaseMasterExcluding2026.csv,UL,kept,ok
PRUDENTIAL FINANCIAL INC.,108.0,2024-11-01,WARNDatabaseMasterExcluding2026.csv,PRU,kept,ok
BRISTOL MYERS SQUIBB,195.0,2024-11-01,WARNDatabaseMasterExcluding2026.csv,BMY,kept,ok
WALMART,113.0,2024-11-01,WARNDatabaseMasterExcluding2026.csv,WMT,kept,ok
INTERNATIONAL PAPER,675.0,2024-11-01,WARNDatabaseMasterExcluding2026.csv,IP,kept,ok
TYSON FOODS,219.0,2024-11-01,WARNDatabaseMasterExcluding2026.csv,TSN,kept,ok
CITIZENS BANK,,2024-11-01,WARNDatabaseMasterExcluding2026.csv,FC6A.SG,kept,ok
VISA,65.0,2024-11-01,WARNDatabaseMasterExcluding2026.csv,V,kept,ok
VISA,26.0,2024-11-01,WARNDatabaseMasterExcluding2026.csv,V,kept,ok
"GOPRO, INC.",73.0,2024-10-30,WARNDatabaseMasterExcluding2026.csv,GPRO,kept,ok
"DROPBOX, INC.",174.0,2024-10-30,WARNDatabaseMasterExcluding2026.csv,DBX,kept,ok
"CABI, LLC",70.0,2024-10-30,WARNDatabaseMasterExcluding2026.csv,CABI,kept,ok
SODEXO,59.0,2024-10-30,WARNDatabaseMasterExcluding2026.csv,SW.PA,kept,ok
WELLS FARGO,32.0,2024-10-29,WARNDatabaseMasterExcluding2026.csv,WFC,kept,ok
PEPSICO,136.0,2024-10-29,WARNDatabaseMasterExcluding2026.csv,PEP,kept,ok
WELLS FARGO,2.0,2024-10-29,WARNDatabaseMasterExcluding2026.csv,WFC,kept,ok
WELLS FARGO,32.0,2024-10-29,WARNDatabaseMasterExcluding2026.csv,WFC,kept,ok
AMAZON,57.0,2024-10-29,WARNDatabaseMasterExcluding2026.csv,AMZN,kept,ok
"PEPSICO, INC.",131.0,2024-10-28,WARNDatabaseMasterExcluding2026.csv,PEP,kept,ok
"WAYFAIR LLC, FLORENCE OUTLET",218.0,2024-10-24,WARNDatabaseMasterExcluding2026.csv,W,kept,ok
"UPWORK, INC.",54.0,2024-10-23,WARNDatabaseMasterExcluding2026.csv,UPWK,kept,ok
WOLFSPEED,73.0,2024-10-23,WARNDatabaseMasterExcluding2026.csv,WOLF,kept,ok
UPWORK INC.,67.0,2024-10-23,WARNDatabaseMasterExcluding2026.csv,UPWK,kept,ok
BOSTON SCIENTIFIC CORPORATION,138.0,2024-10-23,WARNDatabaseMasterExcluding2026.csv,BSX,kept,ok
PURPLE INNOVATION,328.0,2024-10-22,WARNDatabaseMasterExcluding2026.csv,PRPL,kept,ok
WINNEBAGO INDUSTRIES,33.0,2024-10-22,WARNDatabaseMasterExcluding2026.csv,WGO,kept,ok
WINNEBAGO INDUSTRIES,33.0,2024-10-22,WARNDatabaseMasterExcluding2026.csv,WGO,kept,ok
"OCULAR THERAPEUTIX, INC.",3.0,2024-10-22,WARNDatabaseMasterExcluding2026.csv,OCUL,kept,ok
"D & D GEAR, INC. DBA ABSOLUTE TECHNOLOGIES, INC.",263.0,2024-10-22,WARNDatabaseMasterExcluding2026.csv,ACNFMXX,kept,ok
INTERNATIONAL PAPER COMPANY,115.0,2024-10-21,WARNDatabaseMasterExcluding2026.csv,IP,kept,ok
TRUE VALUE,89.0,2024-10-21,WARNDatabaseMasterExcluding2026.csv,0P0001NSL4.F,kept,ok
"TRUE VALUE, KANSAS CITY",69.0,2024-10-21,WARNDatabaseMasterExcluding2026.csv,0P0000GBES.F,kept,ok
INTERNATIONAL PAPER,132.0,2024-10-21,WARNDatabaseMasterExcluding2026.csv,IP,kept,ok
INTERNATIONAL PAPER COMPANY,104.0,2024-10-18,WARNDatabaseMasterExcluding2026.csv,IP,kept,ok
INTERNATIONAL PAPER COMPANY,74.0,2024-10-18,WARNDatabaseMasterExcluding2026.csv,IP,kept,ok
LEVI STRAUSS & CO,267.0,2024-10-17,WARNDatabaseMasterExcluding2026.csv,LEVI,kept,ok
INTEL CORPORATION,11.0,2024-10-17,WARNDatabaseMasterExcluding2026.csv,INTC,kept,ok
INTEL CORPORATION,233.0,2024-10-17,WARNDatabaseMasterExcluding2026.csv,INTC,kept,ok
INTEL CORPORATION,28.0,2024-10-17,WARNDatabaseMasterExcluding2026.csv,INTC,kept,ok
INTEL CORPORATION,216.0,2024-10-17,WARNDatabaseMasterExcluding2026.csv,INTC,kept,ok
INTEL CORPORATION,28.0,2024-10-17,WARNDatabaseMasterExcluding2026.csv,INTC,kept,ok
INTEL CORPORATION,251.0,2024-10-16,WARNDatabaseMasterExcluding2026.csv,INTC,kept,ok
INTEL CORPORATION,385.0,2024-10-15,WARNDatabaseMasterExcluding2026.csv,INTC,kept,ok
INTEL CORPORATION,,2024-10-15,WARNDatabaseMasterExcluding2026.csv,INTC,kept,ok
APPLOVIN CORPORATION,58.0,2024-10-15,WARNDatabaseMasterExcluding2026.csv,APP,kept,ok
INTEL CORPORATION,272.0,2024-10-15,WARNDatabaseMasterExcluding2026.csv,INTC,kept,ok
INTEL CORPORATION,47.0,2024-10-15,WARNDatabaseMasterExcluding2026.csv,INTC,kept,ok
"ELEVANCE HEALTH, INC.",59.0,2024-10-15,WARNDatabaseMasterExcluding2026.csv,ELV,kept,ok
"ELEVANCE HEALTH, INC.",64.0,2024-10-15,WARNDatabaseMasterExcluding2026.csv,ELV,kept,ok
OWENS & MINOR,67.0,2024-10-11,WARNDatabaseMasterExcluding2026.csv,6OM.SG,kept,ok
AMENTUM,11.0,2024-10-10,WARNDatabaseMasterExcluding2026.csv,AMTM,kept,ok
"JABIL, INC.",136.0,2024-10-10,WARNDatabaseMasterExcluding2026.csv,JBL,kept,ok
"VELO3D, INC.",29.0,2024-10-09,WARNDatabaseMasterExcluding2026.csv,VELO,kept,ok
"MEDTRONIC, INC.",237.0,2024-10-08,WARNDatabaseMasterExcluding2026.csv,MDT,kept,ok
NORDSON,114.0,2024-10-07,WARNDatabaseMasterExcluding2026.csv,NDSN,kept,ok
CVS,632.0,2024-10-07,WARNDatabaseMasterExcluding2026.csv,CVS,kept,ok
"L3HARRIS TECHNOLOGIES, SONOMA EO",49.0,2024-10-07,WARNDatabaseMasterExcluding2026.csv,LHX,kept,ok
CVS HEALTH,416.0,2024-10-06,WARNDatabaseMasterExcluding2026.csv,CVS,kept,ok
"ZURN WATER, LLC",25.0,2024-10-04,WARNDatabaseMasterExcluding2026.csv,4RX0.SG,kept,ok
APPLOVIN CORPORATION,65.0,2024-10-03,WARNDatabaseMasterExcluding2026.csv,APP,kept,ok
KALEO,2.0,2024-10-02,WARNDatabaseMasterExcluding2026.csv,KLN.MI,kept,ok
KALEO,1.0,2024-10-02,WARNDatabaseMasterExcluding2026.csv,KLN.MI,kept,ok
"KEY ENERGY SERVICES, LLC",63.0,2024-10-02,WARNDatabaseMasterExcluding2026.csv,KEGX,kept,ok
"KEY ENERGY SERVICES, LLC",9.0,2024-10-02,WARNDatabaseMasterExcluding2026.csv,KEGX,kept,ok
"KEY ENERGY SERVICES, LLC",21.0,2024-10-02,WARNDatabaseMasterExcluding2026.csv,KEGX,kept,ok
STUBHUB,297.0,2024-10-01,WARNDatabaseMasterExcluding2026.csv,STUB,kept,ok
"LAMB WESTON, INC",379.0,2024-10-01,WARNDatabaseMasterExcluding2026.csv,LW,kept,ok
WELLS FARGO,8.0,2024-10-01,WARNDatabaseMasterExcluding2026.csv,WFC,kept,ok
PETCO,18.0,2024-10-01,WARNDatabaseMasterExcluding2026.csv,WOOF,kept,ok
DRAFTKINGS INC.,101.0,2024-10-01,WARNDatabaseMasterExcluding2026.csv,DKNG,kept,ok
WELLS FARGO,8.0,2024-10-01,WARNDatabaseMasterExcluding2026.csv,WFC,kept,ok
"KALEO, INC.",2.0,2024-10-01,WARNDatabaseMasterExcluding2026.csv,KLN.MI,kept,ok
"PEPSICO, INC.",127.0,2024-10-01,WARNDatabaseMasterExcluding2026.csv,PEP,kept,ok
TRUE VALUE,269.0,2024-10-01,WARNDatabaseMasterExcluding2026.csv,0P0001NSL4.F,kept,ok
INTEL CORPORATION,56.0,2024-10-01,WARNDatabaseMasterExcluding2026.csv,INTC,kept,ok
SODEXO,83.0,2024-10-01,WARNDatabaseMasterExcluding2026.csv,SW.PA,kept,ok
"BEACHBODY, LLC",160.0,2024-10-01,WARNDatabaseMasterExcluding2026.csv,6K5.F,kept,ok
KALEO,1.0,2024-09-30,WARNDatabaseMasterExcluding2026.csv,KLN.MI,kept,ok
JABIL INC,108.0,2024-09-30,WARNDatabaseMasterExcluding2026.csv,JBL,kept,ok
"KALEO, INC.",1.0,2024-09-30,WARNDatabaseMasterExcluding2026.csv,KLN.MI,kept,ok
KALEO,1.0,2024-09-30,WARNDatabaseMasterExcluding2026.csv,KLN.MI,kept,ok
KALEO,8.0,2024-09-30,WARNDatabaseMasterExcluding2026.csv,KLN.MI,kept,ok
"KALEO, INC.",1.0,2024-09-30,WARNDatabaseMasterExcluding2026.csv,KLN.MI,kept,ok
"KALEO, INC.",1.0,2024-09-30,WARNDatabaseMasterExcluding2026.csv,KLN.MI,kept,ok
"KALEO, INC.",1.0,2024-09-30,WARNDatabaseMasterExcluding2026.csv,KLN.MI,kept,ok
"KALEO, INC.",1.0,2024-09-30,WARNDatabaseMasterExcluding2026.csv,KLN.MI,kept,ok
"KALEO, INC.",2.0,2024-09-30,WARNDatabaseMasterExcluding2026.csv,KLN.MI,kept,ok
"SALESFORCE, INC.",150.0,2024-09-26,WARNDatabaseMasterExcluding2026.csv,CRM,kept,ok
"IMMUNITYBIO, INC.",1.0,2024-09-26,WARNDatabaseMasterExcluding2026.csv,IBRX,kept,ok
"IMMUNITYBIO, INC.",3.0,2024-09-26,WARNDatabaseMasterExcluding2026.csv,IBRX,kept,ok
"IMMUNITYBIO, INC.",2.0,2024-09-26,WARNDatabaseMasterExcluding2026.csv,IBRX,kept,ok
"IMMUNITYBIO, INC.",3.0,2024-09-26,WARNDatabaseMasterExcluding2026.csv,IBRX,kept,ok
"IMMUNITYBIO, INC.",4.0,2024-09-26,WARNDatabaseMasterExcluding2026.csv,IBRX,kept,ok
"IMMUNITYBIO, INC.",3.0,2024-09-26,WARNDatabaseMasterExcluding2026.csv,IBRX,kept,ok
GENUINE PARTS COMPANY,69.0,2024-09-24,WARNDatabaseMasterExcluding2026.csv,GPC,kept,ok
JABIL INC.,156.0,2024-09-23,WARNDatabaseMasterExcluding2026.csv,JBL,kept,ok
JABIL INC.,59.0,2024-09-20,WARNDatabaseMasterExcluding2026.csv,JBL,kept,ok
"MAYVILLE ENGINEERING COMPANY, INC.",43.0,2024-09-19,WARNDatabaseMasterExcluding2026.csv,MEC,kept,ok
"WEST FRASER, INC",131.0,2024-09-19,WARNDatabaseMasterExcluding2026.csv,WFG,kept,ok
WELLS FARGO,47.0,2024-09-18,WARNDatabaseMasterExcluding2026.csv,WFC,kept,ok
OPMOBILITY,72.0,2024-09-18,WARNDatabaseMasterExcluding2026.csv,EZM.F,kept,ok
WELLS FARGO,47.0,2024-09-18,WARNDatabaseMasterExcluding2026.csv,WFC,kept,ok
"CISCO SYSTEMS, INC.",134.0,2024-09-17,WARNDatabaseMasterExcluding2026.csv,CSCO,kept,ok
"CISCO SYSTEMS, INC.",563.0,2024-09-17,WARNDatabaseMasterExcluding2026.csv,CSCO,kept,ok
"CISCO SYSTEMS, INC.",145.0,2024-09-17,WARNDatabaseMasterExcluding2026.csv,CSCO,kept,ok
AMAZON,211.0,2024-09-16,WARNDatabaseMasterExcluding2026.csv,AMZN,kept,ok
LABCORP,65.0,2024-09-16,WARNDatabaseMasterExcluding2026.csv,LH,kept,ok
"ADVANTEST, INC.",88.0,2024-09-16,WARNDatabaseMasterExcluding2026.csv,ATEYY,kept,ok
ADIENT,172.0,2024-09-13,WARNDatabaseMasterExcluding2026.csv,ADNT,kept,ok
J & J SNACK FOODS CORP,33.0,2024-09-10,WARNDatabaseMasterExcluding2026.csv,JJSF,kept,ok
"STRATASYS, INC.",5.0,2024-09-10,WARNDatabaseMasterExcluding2026.csv,SSYS,kept,ok
"TYSON FOODS, INC",19.0,2024-09-09,WARNDatabaseMasterExcluding2026.csv,TSN,kept,ok
"TYSON FOODS, INC",19.0,2024-09-09,WARNDatabaseMasterExcluding2026.csv,TSN,kept,ok
AMAZON,162.0,2024-09-09,WARNDatabaseMasterExcluding2026.csv,AMZN,kept,ok
AMAZON,159.0,2024-09-09,WARNDatabaseMasterExcluding2026.csv,AMZN,kept,ok
"BIG LOTS, INC.",349.0,2024-09-05,WARNDatabaseMasterExcluding2026.csv,0HN5.L,kept,ok
"ILLUMINA, INC.",3.0,2024-09-05,WARNDatabaseMasterExcluding2026.csv,ILMN,kept,ok
PLANET LABS PBC,1.0,2024-09-04,WARNDatabaseMasterExcluding2026.csv,PL,kept,ok
"CHARGEPOINT, INC.",64.0,2024-09-04,WARNDatabaseMasterExcluding2026.csv,CHPT,kept,ok
BIOMARIN PHARMACEUTICAL INC.,94.0,2024-09-03,WARNDatabaseMasterExcluding2026.csv,BMRN,kept,ok
BIOMARIN PHARMACEUTICAL INC.,52.0,2024-09-03,WARNDatabaseMasterExcluding2026.csv,BMRN,kept,ok
BIOMARIN PHARMACEUTICAL INC.,1.0,2024-09-03,WARNDatabaseMasterExcluding2026.csv,BMRN,kept,ok
B SOCIAL,1.0,2024-09-01,WARNDatabaseMasterExcluding2026.csv,783.F,kept,ok
AXELS,1.0,2024-09-01,WARNDatabaseMasterExcluding2026.csv,402A.T,kept,ok
MCDONALD'S,40.0,2024-09-01,WARNDatabaseMasterExcluding2026.csv,MCD,kept,ok
BRISTOL MYERS SQUIBB,79.0,2024-09-01,WARNDatabaseMasterExcluding2026.csv,BMY,kept,ok
GETINGE,85.0,2024-09-01,WARNDatabaseMasterExcluding2026.csv,GETIBS.XC,kept,ok
PRUDENTIAL,238.0,2024-09-01,WARNDatabaseMasterExcluding2026.csv,PRU,kept,ok
BAYER,57.0,2024-09-01,WARNDatabaseMasterExcluding2026.csv,BAYN.DE,kept,ok
VERIZON,50.0,2024-09-01,WARNDatabaseMasterExcluding2026.csv,VZ,kept,ok
CVS HEALTH,111.0,2024-09-01,WARNDatabaseMasterExcluding2026.csv,CVS,kept,ok
JP MORGAN CHASE,56.0,2024-09-01,WARNDatabaseMasterExcluding2026.csv,JPM,kept,ok
"ABM AVIATION, INC. AND ABM INDUSTRY GROUPS, LLC (COLLECTIVELY, “ABM”)",353.0,2024-08-30,WARNDatabaseMasterExcluding2026.csv,ABM,kept,ok
IMMUNITYBIO INC.,5.0,2024-08-30,WARNDatabaseMasterExcluding2026.csv,IBRX,kept,ok
"FLAGSTAR BANK, N.A.",113.0,2024-08-30,WARNDatabaseMasterExcluding2026.csv,FLG,kept,ok
INTEL CORPORATION,12.0,2024-08-30,WARNDatabaseMasterExcluding2026.csv,INTC,kept,ok
INTEL CORPORATION,4.0,2024-08-30,WARNDatabaseMasterExcluding2026.csv,INTC,kept,ok
INTEL CORPORATION,15.0,2024-08-30,WARNDatabaseMasterExcluding2026.csv,INTC,kept,ok
INTEL CORPORATION,23.0,2024-08-30,WARNDatabaseMasterExcluding2026.csv,INTC,kept,ok
"IMMUNITYBIO, INC.",6.0,2024-08-30,WARNDatabaseMasterExcluding2026.csv,IBRX,kept,ok
"IMMUNITYBIO, INC.",1.0,2024-08-30,WARNDatabaseMasterExcluding2026.csv,IBRX,kept,ok
"IMMUNITYBIO, INC.",3.0,2024-08-30,WARNDatabaseMasterExcluding2026.csv,IBRX,kept,ok
"IMMUNITYBIO, INC.",1.0,2024-08-30,WARNDatabaseMasterExcluding2026.csv,IBRX,kept,ok
"IMMUNITYBIO, INC.",5.0,2024-08-30,WARNDatabaseMasterExcluding2026.csv,IBRX,kept,ok
"CHARTER COMMUNICATIONS, LLC",32.0,2024-08-28,WARNDatabaseMasterExcluding2026.csv,CHTR,kept,ok
JABIL INC.,472.0,2024-08-27,WARNDatabaseMasterExcluding2026.csv,JBL,kept,ok
"GENPACT, LLC",158.0,2024-08-26,WARNDatabaseMasterExcluding2026.csv,G,kept,ok
"EMERGENT BIOSOLUTIONS, INC.",68.0,2024-08-25,WARNDatabaseMasterExcluding2026.csv,EBS,kept,ok
EASTMAN CHEMICAL COMPANY,60.0,2024-08-22,WARNDatabaseMasterExcluding2026.csv,EMN,kept,ok
LEGGETT & PLATT,78.0,2024-08-22,WARNDatabaseMasterExcluding2026.csv,LEG,kept,ok
CALIFORNIA RESOURCES CORPORATION,69.0,2024-08-22,WARNDatabaseMasterExcluding2026.csv,CRC,kept,ok
"UNIVERSAL DEDICATED OF DETROIT, MI LLC",30.0,2024-08-21,WARNDatabaseMasterExcluding2026.csv,EMP,kept,ok
"CISCO SYSTEMS, INC.",53.0,2024-08-21,WARNDatabaseMasterExcluding2026.csv,CSCO,kept,ok
WELLS FARGO,16.0,2024-08-20,WARNDatabaseMasterExcluding2026.csv,WFC,kept,ok
WELLS FARGO,70.0,2024-08-20,WARNDatabaseMasterExcluding2026.csv,WFC,kept,ok
WELLS FARGO,16.0,2024-08-20,WARNDatabaseMasterExcluding2026.csv,WFC,kept,ok
"PENUMBRA, INC.",71.0,2024-08-20,WARNDatabaseMasterExcluding2026.csv,PEN,kept,ok
NORDSON CORPORATION,11.0,2024-08-20,WARNDatabaseMasterExcluding2026.csv,NDSN,kept,ok
"FIVE9, INC.",30.0,2024-08-20,WARNDatabaseMasterExcluding2026.csv,FIVN,kept,ok
"FIVE9, INC.",3.0,2024-08-20,WARNDatabaseMasterExcluding2026.csv,FIVN,kept,ok
"SODEXO, INC AND AFFILIATES - ST. FRANCIS ES",99.0,2024-08-19,WARNDatabaseMasterExcluding2026.csv,0J3F.IL,kept,ok
INTERFOR,93.0,2024-08-19,WARNDatabaseMasterExcluding2026.csv,IFSPF,kept,ok
INTERFOR,88.0,2024-08-19,WARNDatabaseMasterExcluding2026.csv,IFSPF,kept,ok
ANHEUSER-BUSCH,63.0,2024-08-15,WARNDatabaseMasterExcluding2026.csv,BUD,kept,ok
"PITNEY BOWES, INC.",278.0,2024-08-14,WARNDatabaseMasterExcluding2026.csv,PBI,kept,ok
"GRAIL, INC.",179.0,2024-08-14,WARNDatabaseMasterExcluding2026.csv,GOGY,kept,ok
APPLOVIN CORPORATION,61.0,2024-08-14,WARNDatabaseMasterExcluding2026.csv,APP,kept,ok
PITNEY BOWES INC.,11.0,2024-08-14,WARNDatabaseMasterExcluding2026.csv,PBI,kept,ok
NORTHROP GRUMMAN,430.0,2024-08-13,WARNDatabaseMasterExcluding2026.csv,NOC,kept,ok
PITNEY BOWES INC.,236.0,2024-08-12,WARNDatabaseMasterExcluding2026.csv,PBI,kept,ok
PITNEY BOWES INC.,112.0,2024-08-12,WARNDatabaseMasterExcluding2026.csv,PBI,kept,ok
"FASTLY, INC.",52.0,2024-08-12,WARNDatabaseMasterExcluding2026.csv,FSLY,kept,ok
PITNEY BOWES,50.0,2024-08-10,WARNDatabaseMasterExcluding2026.csv,PBI,kept,ok
PITNEY BOWES,163.0,2024-08-10,WARNDatabaseMasterExcluding2026.csv,PBI,kept,ok
"VELO3D, INC.",42.0,2024-08-09,WARNDatabaseMasterExcluding2026.csv,VELO,kept,ok
TRUE VALUE,49.0,2024-08-08,WARNDatabaseMasterExcluding2026.csv,0P0001NSL4.F,kept,ok
WELLS FARGO,3.0,2024-08-06,WARNDatabaseMasterExcluding2026.csv,WFC,kept,ok
WELLS FARGO,3.0,2024-08-06,WARNDatabaseMasterExcluding2026.csv,WFC,kept,ok
TATA CONSULTANCY SERVICES,23.0,2024-08-05,WARNDatabaseMasterExcluding2026.csv,TCS.NS,kept,ok
OMEGA HEALTHCARE,2.0,2024-08-05,WARNDatabaseMasterExcluding2026.csv,OHI,kept,ok
TATA CONSULTANCY SERVICES,23.0,2024-08-05,WARNDatabaseMasterExcluding2026.csv,TCS.NS,kept,ok
CHARLES RIVER LABORATORIES,13.0,2024-08-02,WARNDatabaseMasterExcluding2026.csv,CRL,kept,ok
"FIBROGEN, INC.",127.0,2024-08-02,WARNDatabaseMasterExcluding2026.csv,1FG0.SG,kept,ok
NOODLES & COMPANY,1.0,2024-08-01,WARNDatabaseMasterExcluding2026.csv,NDLS,kept,ok
PITNEY BOWES,413.0,2024-08-01,WARNDatabaseMasterExcluding2026.csv,PBI,kept,ok
"ILLUMINA, INC.",49.0,2024-08-01,WARNDatabaseMasterExcluding2026.csv,ILMN,kept,ok
"VIR BIOTECHNOLOGY, INC.",141.0,2024-08-01,WARNDatabaseMasterExcluding2026.csv,VIR,kept,ok
AMENTUM,108.0,2024-07-31,WARNDatabaseMasterExcluding2026.csv,AMTM,kept,ok
MYERS INDUSTRIES,60.0,2024-07-31,WARNDatabaseMasterExcluding2026.csv,MYE,kept,ok
AMENTUM,102.0,2024-07-31,WARNDatabaseMasterExcluding2026.csv,AMTM,kept,ok
AMENTUM,62.0,2024-07-31,WARNDatabaseMasterExcluding2026.csv,AMTM,kept,ok
MYERS INDUSTRIES,60.0,2024-07-31,WARNDatabaseMasterExcluding2026.csv,MYE,kept,ok
AMENTUM,20.0,2024-07-31,WARNDatabaseMasterExcluding2026.csv,AMTM,kept,ok
TARGET CORPORATION,85.0,2024-07-31,WARNDatabaseMasterExcluding2026.csv,TGT,kept,ok
BIG LOTS,74.0,2024-07-30,WARNDatabaseMasterExcluding2026.csv,0HN5.L,kept,ok
RADIAL,79.0,2024-07-30,WARNDatabaseMasterExcluding2026.csv,RAD.CN,kept,ok
COLUMBUS MCKINNON CORPORATION,73.0,2024-07-30,WARNDatabaseMasterExcluding2026.csv,CMCO,kept,ok
NUCERA,93.0,2024-07-30,WARNDatabaseMasterExcluding2026.csv,NCH2.F,kept,ok
BIG LOTS,299.0,2024-07-29,WARNDatabaseMasterExcluding2026.csv,0HN5.L,kept,ok
SUNPOWER CORPORATION,90.0,2024-07-29,WARNDatabaseMasterExcluding2026.csv,SPWR,kept,ok
AMENTUM,72.0,2024-07-29,WARNDatabaseMasterExcluding2026.csv,AMTM,kept,ok
SUNPOWER CORPORATION,6.0,2024-07-29,WARNDatabaseMasterExcluding2026.csv,SPWR,kept,ok
SUNPOWER CORPORATION,20.0,2024-07-29,WARNDatabaseMasterExcluding2026.csv,SPWR,kept,ok
SUNPOWER CORPORATION,182.0,2024-07-29,WARNDatabaseMasterExcluding2026.csv,SPWR,kept,ok
SUNPOWER CORPORATION,19.0,2024-07-29,WARNDatabaseMasterExcluding2026.csv,SPWR,kept,ok
SUNPOWER CORPORATION,11.0,2024-07-29,WARNDatabaseMasterExcluding2026.csv,SPWR,kept,ok
SUNPOWER CORPORATION,16.0,2024-07-29,WARNDatabaseMasterExcluding2026.csv,SPWR,kept,ok
SUNPOWER CORPORATION,18.0,2024-07-29,WARNDatabaseMasterExcluding2026.csv,SPWR,kept,ok
SUNPOWER CORPORATION,13.0,2024-07-29,WARNDatabaseMasterExcluding2026.csv,SPWR,kept,ok
SUNPOWER CORPORATION,11.0,2024-07-29,WARNDatabaseMasterExcluding2026.csv,SPWR,kept,ok
AMENTUM,53.0,2024-07-26,WARNDatabaseMasterExcluding2026.csv,AMTM,kept,ok
PFIZER,150.0,2024-07-25,WARNDatabaseMasterExcluding2026.csv,PFE,kept,ok
PFIZER,60.0,2024-07-25,WARNDatabaseMasterExcluding2026.csv,PFE,kept,ok
"SCHOOL SPECIALTY, LLC",40.0,2024-07-24,WARNDatabaseMasterExcluding2026.csv,SCOO,kept,ok
WELLS FARGO,12.0,2024-07-23,WARNDatabaseMasterExcluding2026.csv,WFC,kept,ok
WELLS FARGO BANK N.A.,95.0,2024-07-23,WARNDatabaseMasterExcluding2026.csv,ACPRHXX,kept,ok
PITNEY BOWES INC.,12.0,2024-07-23,WARNDatabaseMasterExcluding2026.csv,PBI,kept,ok
PITNEY BOWES INC.,2.0,2024-07-23,WARNDatabaseMasterExcluding2026.csv,PBI,kept,ok
WELLS FARGO,12.0,2024-07-23,WARNDatabaseMasterExcluding2026.csv,WFC,kept,ok
WELLS FARGO,74.0,2024-07-23,WARNDatabaseMasterExcluding2026.csv,WFC,kept,ok
PITNEY BOWES,3.0,2024-07-18,WARNDatabaseMasterExcluding2026.csv,PBI,kept,ok
"STG INTERNATIONAL, INC.",107.0,2024-07-18,WARNDatabaseMasterExcluding2026.csv,STG.TA,kept,ok
WEYERHAEUSER,73.0,2024-07-18,WARNDatabaseMasterExcluding2026.csv,WY,kept,ok
"ELIOR, INC",59.0,2024-07-18,WARNDatabaseMasterExcluding2026.csv,ELIOR.PA,kept,ok
PIXAR,4.0,2024-07-18,WARNDatabaseMasterExcluding2026.csv,3227.TWO,kept,ok
PITNEY BOWES INC.,2.0,2024-07-18,WARNDatabaseMasterExcluding2026.csv,PBI,kept,ok
PITNEY BOWES INC.,1.0,2024-07-18,WARNDatabaseMasterExcluding2026.csv,PBI,kept,ok
RAYTHEON,137.0,2024-07-18,WARNDatabaseMasterExcluding2026.csv,^RTX,kept,ok
PITNEY BOWES,1.0,2024-07-17,WARNDatabaseMasterExcluding2026.csv,PBI,kept,ok
PITNEY BOWES INC,1.0,2024-07-17,WARNDatabaseMasterExcluding2026.csv,PBI,kept,ok
"EXABEAM, INC.",43.0,2024-07-17,WARNDatabaseMasterExcluding2026.csv,EXAEZZX,kept,ok
WARNER BROS. DISCOVERY INC.,270.0,2024-07-17,WARNDatabaseMasterExcluding2026.csv,WBD,kept,ok
JABIL INC.,130.0,2024-07-15,WARNDatabaseMasterExcluding2026.csv,JBL,kept,ok
EQ,55.0,2024-07-12,WARNDatabaseMasterExcluding2026.csv,EQ,kept,ok
"US FOODS, INC.",97.0,2024-07-11,WARNDatabaseMasterExcluding2026.csv,USFD,kept,ok
INTUIT,157.0,2024-07-10,WARNDatabaseMasterExcluding2026.csv,ISRG,kept,ok
INTUIT INC.,384.0,2024-07-10,WARNDatabaseMasterExcluding2026.csv,INTU,kept,ok
INTUIT INC.,215.0,2024-07-10,WARNDatabaseMasterExcluding2026.csv,INTU,kept,ok
WINNEBAGO INDUSTRIES,36.0,2024-07-09,WARNDatabaseMasterExcluding2026.csv,WGO,kept,ok
WELLS FARGO,24.0,2024-07-09,WARNDatabaseMasterExcluding2026.csv,WFC,kept,ok
WINNEBAGO INDUSTRIES,36.0,2024-07-09,WARNDatabaseMasterExcluding2026.csv,WGO,kept,ok
WELLS FARGO,24.0,2024-07-09,WARNDatabaseMasterExcluding2026.csv,WFC,kept,ok
PARKER HANNIFIN CORPORATION,114.0,2024-07-08,WARNDatabaseMasterExcluding2026.csv,PH,kept,ok
WESTROCK,10.0,2024-07-05,WARNDatabaseMasterExcluding2026.csv,SW,kept,ok
"MOTORCAR PARTS OF AMERICA, INC.",94.0,2024-07-03,WARNDatabaseMasterExcluding2026.csv,MPAA,kept,ok
DELTA APPAREL INC,3.0,2024-07-02,WARNDatabaseMasterExcluding2026.csv,DLAPQ,kept,ok
"DELTA APPAREL, INC.",19.0,2024-07-02,WARNDatabaseMasterExcluding2026.csv,DLAPQ,kept,ok
WELLS FARGO,130.0,2024-07-02,WARNDatabaseMasterExcluding2026.csv,WFC,kept,ok
"CONSTELLATION BRANDS, INC.",6.0,2024-07-02,WARNDatabaseMasterExcluding2026.csv,STZ,kept,ok
"DELTA APPAREL, INC",38.0,2024-07-01,WARNDatabaseMasterExcluding2026.csv,DLAPQ,kept,ok
DELTA APPAREL,14.0,2024-07-01,WARNDatabaseMasterExcluding2026.csv,DLAPQ,kept,ok
AT HOME,1.0,2024-07-01,WARNDatabaseMasterExcluding2026.csv,BAH.VI,kept,ok
BIG LOTS,23.0,2024-07-01,WARNDatabaseMasterExcluding2026.csv,0HN5.L,kept,ok
BRISTOL MYERS SQUIBB,117.0,2024-07-01,WARNDatabaseMasterExcluding2026.csv,BMY,kept,ok
BAYER,70.0,2024-07-01,WARNDatabaseMasterExcluding2026.csv,BAYN.DE,kept,ok
TD SYNNEX,116.0,2024-07-01,WARNDatabaseMasterExcluding2026.csv,SNX,kept,ok
"DELTA APPAREL, LLC",5.0,2024-07-01,WARNDatabaseMasterExcluding2026.csv,DLAPQ,kept,ok
"DELTA APPAREL, LLC",9.0,2024-07-01,WARNDatabaseMasterExcluding2026.csv,DLAPQ,kept,ok
"DELTA APPAREL, LLC",7.0,2024-07-01,WARNDatabaseMasterExcluding2026.csv,DLAPQ,kept,ok
"DELTA APPAREL, LLC",5.0,2024-07-01,WARNDatabaseMasterExcluding2026.csv,DLAPQ,kept,ok
"UNIQURE, INC.",32.0,2024-07-01,WARNDatabaseMasterExcluding2026.csv,QURE,kept,ok
"RADIAN GROUP, INC.",70.0,2024-07-01,WARNDatabaseMasterExcluding2026.csv,RDN,kept,ok
LOCKHEED MARTIN,57.0,2024-07-01,WARNDatabaseMasterExcluding2026.csv,LMT,kept,ok
"DELTA APPAREL, INC.",5.0,2024-07-01,WARNDatabaseMasterExcluding2026.csv,DLAPQ,kept,ok
"DELTA APPAREL, INC.",55.0,2024-06-30,WARNDatabaseMasterExcluding2026.csv,DLAPQ,kept,ok
"DELTA APPAREL, INC.",46.0,2024-06-30,WARNDatabaseMasterExcluding2026.csv,DLAPQ,kept,ok
"DELTA APPAREL, INC.",22.0,2024-06-30,WARNDatabaseMasterExcluding2026.csv,DLAPQ,kept,ok
"DELTA APPAREL, INC.",101.0,2024-06-30,WARNDatabaseMasterExcluding2026.csv,DLAPQ,kept,ok
"DELTA APPAREL, INC.",4.0,2024-06-30,WARNDatabaseMasterExcluding2026.csv,DLAPQ,kept,ok
"DELTA APPAREL, INC.",6.0,2024-06-30,WARNDatabaseMasterExcluding2026.csv,DLAPQ,kept,ok
"DELTA APPAREL, INC.",3.0,2024-06-30,WARNDatabaseMasterExcluding2026.csv,DLAPQ,kept,ok
"DELTA APPAREL, INC.",5.0,2024-06-30,WARNDatabaseMasterExcluding2026.csv,DLAPQ,kept,ok
"DELTA APPAREL, INC.",9.0,2024-06-30,WARNDatabaseMasterExcluding2026.csv,DLAPQ,kept,ok
"DELTA APPAREL, INC.",6.0,2024-06-30,WARNDatabaseMasterExcluding2026.csv,DLAPQ,kept,ok
"DELTA APPAREL, INC.",8.0,2024-06-30,WARNDatabaseMasterExcluding2026.csv,DLAPQ,kept,ok
"DELTA APPAREL, INC.",6.0,2024-06-30,WARNDatabaseMasterExcluding2026.csv,DLAPQ,kept,ok
"DELTA APPAREL, INC.",5.0,2024-06-30,WARNDatabaseMasterExcluding2026.csv,DLAPQ,kept,ok
"DELTA APPAREL, INC.",4.0,2024-06-30,WARNDatabaseMasterExcluding2026.csv,DLAPQ,kept,ok
"DELTA APPAREL, INC.",8.0,2024-06-30,WARNDatabaseMasterExcluding2026.csv,DLAPQ,kept,ok
"DELTA APPAREL, INC.",4.0,2024-06-30,WARNDatabaseMasterExcluding2026.csv,DLAPQ,kept,ok
"DELTA APPAREL, INC.",5.0,2024-06-30,WARNDatabaseMasterExcluding2026.csv,DLAPQ,kept,ok
"DELTA APPAREL, INC.",7.0,2024-06-30,WARNDatabaseMasterExcluding2026.csv,DLAPQ,kept,ok
"DELTA APPAREL, INC.",12.0,2024-06-30,WARNDatabaseMasterExcluding2026.csv,DLAPQ,kept,ok
"DELTA APPAREL, INC.",6.0,2024-06-30,WARNDatabaseMasterExcluding2026.csv,DLAPQ,kept,ok
CHICAGO RIVET & MACHINE CO,19.0,2024-06-28,WARNDatabaseMasterExcluding2026.csv,CVR,kept,ok
CHICAGO RIVET & MACHINE CO,19.0,2024-06-28,WARNDatabaseMasterExcluding2026.csv,CVR,kept,ok
"SI GROUP, INC.",74.0,2024-06-26,WARNDatabaseMasterExcluding2026.csv,SVCO,kept,ok
"DEXCOM, INC.",535.0,2024-06-26,WARNDatabaseMasterExcluding2026.csv,DXCM,kept,ok
PLANET LABS PBC,98.0,2024-06-26,WARNDatabaseMasterExcluding2026.csv,PL,kept,ok
WELLS FARGO,25.0,2024-06-25,WARNDatabaseMasterExcluding2026.csv,WFC,kept,ok
THE CHEESECAKE FACTORY,101.0,2024-06-25,WARNDatabaseMasterExcluding2026.csv,CAKE,kept,ok
"SHIPBOB, INC.",91.0,2024-06-25,WARNDatabaseMasterExcluding2026.csv,SHIBZZX,kept,ok
WELLS FARGO,254.0,2024-06-25,WARNDatabaseMasterExcluding2026.csv,WFC,kept,ok
WELLS FARGO,25.0,2024-06-25,WARNDatabaseMasterExcluding2026.csv,WFC,kept,ok
"GINKGO BIOWORKS, INC. - SUITE 401",10.0,2024-06-25,WARNDatabaseMasterExcluding2026.csv,DNA,kept,ok
"GINKGO BIOWORKS, INC.",3.0,2024-06-25,WARNDatabaseMasterExcluding2026.csv,DNA,kept,ok
"AVEANNA HEALTHCARE, LLC",1.0,2024-06-25,WARNDatabaseMasterExcluding2026.csv,AVAH,kept,ok
"SODEXO, INC., AND AFFILIATES",62.0,2024-06-24,WARNDatabaseMasterExcluding2026.csv,0J3F.IL,kept,ok
"UNITED PARCEL SERVICE, INC.",540.0,2024-06-20,WARNDatabaseMasterExcluding2026.csv,UPS,kept,ok
WALMART,155.0,2024-06-20,WARNDatabaseMasterExcluding2026.csv,WMT,kept,ok
WESTROCK,77.0,2024-06-19,WARNDatabaseMasterExcluding2026.csv,SW,kept,ok
WELLS FARGO,80.0,2024-06-18,WARNDatabaseMasterExcluding2026.csv,WFC,kept,ok
"GINKGO BIOWORKS, INC.",34.0,2024-06-18,WARNDatabaseMasterExcluding2026.csv,DNA,kept,ok
"GINKGO BIOWORKS, INC.",1.0,2024-06-18,WARNDatabaseMasterExcluding2026.csv,DNA,kept,ok
"GINKGO BIOWORKS, INC.",158.0,2024-06-17,WARNDatabaseMasterExcluding2026.csv,DNA,kept,ok
"STANLEY BLACK & DECKER, INC.",84.0,2024-06-14,WARNDatabaseMasterExcluding2026.csv,SWK,kept,ok
WALMART,92.0,2024-06-14,WARNDatabaseMasterExcluding2026.csv,WMT,kept,ok
WALMART,295.0,2024-06-14,WARNDatabaseMasterExcluding2026.csv,WMT,kept,ok
WILLSCOT MOBILE MINI,30.0,2024-06-13,WARNDatabaseMasterExcluding2026.csv,WS11.MU,kept,ok
CHARTER COMMUNICATIONS,175.0,2024-06-13,WARNDatabaseMasterExcluding2026.csv,CHTR,kept,ok
UPS,153.0,2024-06-13,WARNDatabaseMasterExcluding2026.csv,UPS,kept,ok
"FLAGSTAR BANK, N.A.",60.0,2024-06-12,WARNDatabaseMasterExcluding2026.csv,FLG,kept,ok
"ZONES, LLC",3.0,2024-06-12,WARNDatabaseMasterExcluding2026.csv,417A.T,kept,ok
TYSON FOODS,32.0,2024-06-11,WARNDatabaseMasterExcluding2026.csv,TSN,kept,ok
TYSON FOODS,32.0,2024-06-11,WARNDatabaseMasterExcluding2026.csv,TSN,kept,ok
TYSON FOODS,5.0,2024-06-11,WARNDatabaseMasterExcluding2026.csv,TSN,kept,ok
WELLS FARGO,26.0,2024-06-11,WARNDatabaseMasterExcluding2026.csv,WFC,kept,ok
TYSON FOODS,32.0,2024-06-11,WARNDatabaseMasterExcluding2026.csv,TSN,kept,ok
TYSON FOODS,32.0,2024-06-11,WARNDatabaseMasterExcluding2026.csv,TSN,kept,ok
TYSON FOODS,5.0,2024-06-11,WARNDatabaseMasterExcluding2026.csv,TSN,kept,ok
WELLS FARGO,26.0,2024-06-11,WARNDatabaseMasterExcluding2026.csv,WFC,kept,ok
RYDER,10.0,2024-06-11,WARNDatabaseMasterExcluding2026.csv,R,kept,ok
"LEGGETT & PLATT, INCORPORATED",158.0,2024-06-10,WARNDatabaseMasterExcluding2026.csv,LEG,kept,ok
NORTHROP GRUMMAN,543.0,2024-06-07,WARNDatabaseMasterExcluding2026.csv,NOC,kept,ok
CATERPILLAR,109.0,2024-06-07,WARNDatabaseMasterExcluding2026.csv,CAT,kept,ok
"STANLEY BLACK & DECKER, INC.",224.0,2024-06-07,WARNDatabaseMasterExcluding2026.csv,SWK,kept,ok
AMAZON,54.0,2024-06-07,WARNDatabaseMasterExcluding2026.csv,AMZN,kept,ok
"AGILENT TECHNOLOGIES, INC.",4.0,2024-06-07,WARNDatabaseMasterExcluding2026.csv,A,kept,ok
"AGILENT TECHNOLOGIES, INC.",11.0,2024-06-07,WARNDatabaseMasterExcluding2026.csv,A,kept,ok
"AGILENT TECHNOLOGIES, INC.",6.0,2024-06-07,WARNDatabaseMasterExcluding2026.csv,A,kept,ok
"AGILENT TECHNOLOGIES, INC.",4.0,2024-06-07,WARNDatabaseMasterExcluding2026.csv,A,kept,ok
"AGILENT TECHNOLOGIES, INC.",3.0,2024-06-07,WARNDatabaseMasterExcluding2026.csv,A,kept,ok
"AGILENT TECHNOLOGIES, INC.",156.0,2024-06-07,WARNDatabaseMasterExcluding2026.csv,A,kept,ok
"GLOBAL INDUSTRIES, INC.",100.0,2024-06-04,WARNDatabaseMasterExcluding2026.csv,PGIL.NS,kept,ok
"OCULAR THERAPEUTIX, INC.",37.0,2024-06-03,WARNDatabaseMasterExcluding2026.csv,OCUL,kept,ok
CHARTER COMMUNICATIONS,330.0,2024-06-01,WARNDatabaseMasterExcluding2026.csv,CHTR,kept,ok
AUTOMATIC DATA PROCESSING,79.0,2024-06-01,WARNDatabaseMasterExcluding2026.csv,ADP,kept,ok
PRUDENTIAL FINANCIAL,146.0,2024-06-01,WARNDatabaseMasterExcluding2026.csv,PRU,kept,ok
STAPLES,124.0,2024-06-01,WARNDatabaseMasterExcluding2026.csv,XAP=F,kept,ok
BARCLAYS,70.0,2024-06-01,WARNDatabaseMasterExcluding2026.csv,BARC.L,kept,ok
"QUEST DIAGNOSTICS, INC.",121.0,2024-06-01,WARNDatabaseMasterExcluding2026.csv,DGX,kept,ok
THE BOEING COMPANY,69.0,2024-06-01,WARNDatabaseMasterExcluding2026.csv,BA,kept,ok
"PITTSBURGH NURSING AND REHAB CENTER, PA",124.0,2024-06-01,WARNDatabaseMasterExcluding2026.csv,PA=F,kept,ok
AMAZON,172.0,2024-05-31,WARNDatabaseMasterExcluding2026.csv,AMZN,kept,ok
ADT,73.0,2024-05-31,WARNDatabaseMasterExcluding2026.csv,ADT,kept,ok
UNION PACIFIC,15.0,2024-05-30,WARNDatabaseMasterExcluding2026.csv,UNP,kept,ok
"EXPEDIA, INC.",36.0,2024-05-29,WARNDatabaseMasterExcluding2026.csv,EXPE,kept,ok
"SODEXO, INC AND AFFILIATES",56.0,2024-05-29,WARNDatabaseMasterExcluding2026.csv,SJ7.DU,kept,ok
"BEN GROUP, INC.",75.0,2024-05-29,WARNDatabaseMasterExcluding2026.csv,MBG.DE,kept,ok
"BEN GROUP, INC.",1.0,2024-05-29,WARNDatabaseMasterExcluding2026.csv,MBG.DE,kept,ok
AMAZON,390.0,2024-05-28,WARNDatabaseMasterExcluding2026.csv,AMZN,kept,ok
"MAXIMUS, INC.",14.0,2024-05-24,WARNDatabaseMasterExcluding2026.csv,MMS,kept,ok
WHIRLPOOL CORPORATION,50.0,2024-05-23,WARNDatabaseMasterExcluding2026.csv,WHR,kept,ok
PIXAR,181.0,2024-05-23,WARNDatabaseMasterExcluding2026.csv,3227.TWO,kept,ok
BARCLAYS,252.0,2024-05-21,WARNDatabaseMasterExcluding2026.csv,BARC.L,kept,ok
"SODEXO, INC AND AFFILIATES",51.0,2024-05-21,WARNDatabaseMasterExcluding2026.csv,SJ7.DU,kept,ok
AMENTUM,11.0,2024-05-21,WARNDatabaseMasterExcluding2026.csv,AMTM,kept,ok
CUE HEALTH INC.,26.0,2024-05-21,WARNDatabaseMasterExcluding2026.csv,HLTHQ,kept,ok
CUE HEALTH INC.,10.0,2024-05-21,WARNDatabaseMasterExcluding2026.csv,HLTHQ,kept,ok
CUE HEALTH INC.,15.0,2024-05-21,WARNDatabaseMasterExcluding2026.csv,HLTHQ,kept,ok
CUE HEALTH INC.,11.0,2024-05-21,WARNDatabaseMasterExcluding2026.csv,HLTHQ,kept,ok
CUE HEALTH INC.,10.0,2024-05-21,WARNDatabaseMasterExcluding2026.csv,HLTHQ,kept,ok
CUE HEALTH INC.,101.0,2024-05-21,WARNDatabaseMasterExcluding2026.csv,HLTHQ,kept,ok
CUE HEALTH INC.,25.0,2024-05-21,WARNDatabaseMasterExcluding2026.csv,HLTHQ,kept,ok
CUE HEALTH INC.,2.0,2024-05-21,WARNDatabaseMasterExcluding2026.csv,HLTHQ,kept,ok
WALMART,388.0,2024-05-20,WARNDatabaseMasterExcluding2026.csv,WMT,kept,ok
WALMART,179.0,2024-05-20,WARNDatabaseMasterExcluding2026.csv,WMT,kept,ok
WALMART,1.0,2024-05-20,WARNDatabaseMasterExcluding2026.csv,WMT,kept,ok
WALMART,318.0,2024-05-17,WARNDatabaseMasterExcluding2026.csv,WMT,kept,ok
"STILL, LLC",40.0,2024-05-17,WARNDatabaseMasterExcluding2026.csv,SBSW,kept,ok
"BOLT BIOTHERAPEUTICS, INC.",38.0,2024-05-17,WARNDatabaseMasterExcluding2026.csv,BOLT,kept,ok
"EMERGENT BIOSOLUTIONS, INC.",86.0,2024-05-16,WARNDatabaseMasterExcluding2026.csv,EBS,kept,ok
NORTECH SYSTEMS,59.0,2024-05-16,WARNDatabaseMasterExcluding2026.csv,NSYS,kept,ok
TARGET CORPORATION,59.0,2024-05-15,WARNDatabaseMasterExcluding2026.csv,TGT,kept,ok
"SODEXO, INC. AND AFFILIATES - ASSUMPTION COLLEGE",8.0,2024-05-15,WARNDatabaseMasterExcluding2026.csv,SJ7.SG,kept,ok
WELLS FARGO,24.0,2024-05-14,WARNDatabaseMasterExcluding2026.csv,WFC,kept,ok
WELLS FARGO,24.0,2024-05-14,WARNDatabaseMasterExcluding2026.csv,WFC,kept,ok
BIOMARIN PHARMACEUTICAL INC.,57.0,2024-05-14,WARNDatabaseMasterExcluding2026.csv,BMRN,kept,ok
BIOMARIN PHARMACEUTICAL INC.,71.0,2024-05-14,WARNDatabaseMasterExcluding2026.csv,BMRN,kept,ok
BIOMARIN PHARMACEUTICAL INC.,3.0,2024-05-14,WARNDatabaseMasterExcluding2026.csv,BMRN,kept,ok
BIOMARIN PHARMACEUTICAL INC.,1.0,2024-05-14,WARNDatabaseMasterExcluding2026.csv,BMRN,kept,ok
"TESLA, INC.",164.0,2024-05-13,WARNDatabaseMasterExcluding2026.csv,TSLA,kept,ok
"TESLA, INC.",65.0,2024-05-13,WARNDatabaseMasterExcluding2026.csv,TSLA,kept,ok
"TESLA, INC.",53.0,2024-05-13,WARNDatabaseMasterExcluding2026.csv,TSLA,kept,ok
"TESLA, INC.",52.0,2024-05-13,WARNDatabaseMasterExcluding2026.csv,TSLA,kept,ok
"TESLA, INC.",149.0,2024-05-13,WARNDatabaseMasterExcluding2026.csv,TSLA,kept,ok
"TESLA, INC.",118.0,2024-05-13,WARNDatabaseMasterExcluding2026.csv,TSLA,kept,ok
"AMERICAN EAGLE OUTFITTERS, INC.",52.0,2024-05-13,WARNDatabaseMasterExcluding2026.csv,AEO,kept,ok
THE HAIN CELESTIAL GROUP,60.0,2024-05-10,WARNDatabaseMasterExcluding2026.csv,HAIN,kept,ok
COHERENT CORP.,70.0,2024-05-10,WARNDatabaseMasterExcluding2026.csv,COHR,kept,ok
BRISTOL MYERS SQUIBB,114.0,2024-05-08,WARNDatabaseMasterExcluding2026.csv,BMY,kept,ok
"PACIFIC BIOSCIENCES OF CALIFORNIA, INC.",71.0,2024-05-08,WARNDatabaseMasterExcluding2026.csv,PACB,kept,ok
"PACIFIC BIOSCIENCES OF CALIFORNIA, INC.",108.0,2024-05-08,WARNDatabaseMasterExcluding2026.csv,PACB,kept,ok
"RIVIAN AUTOMOTIVE, LLC",1.0,2024-05-07,WARNDatabaseMasterExcluding2026.csv,RIVN,kept,ok
"RIVIAN AUTOMOTIVE, LLC",5.0,2024-05-07,WARNDatabaseMasterExcluding2026.csv,RIVN,kept,ok
"RIVIAN AUTOMOTIVE, LLC",33.0,2024-05-07,WARNDatabaseMasterExcluding2026.csv,RIVN,kept,ok
"RIVIAN AUTOMOTIVE, LLC",5.0,2024-05-07,WARNDatabaseMasterExcluding2026.csv,RIVN,kept,ok
"RIVIAN AUTOMOTIVE, LLC",46.0,2024-05-07,WARNDatabaseMasterExcluding2026.csv,RIVN,kept,ok
"RIVIAN AUTOMOTIVE, LLC",2.0,2024-05-07,WARNDatabaseMasterExcluding2026.csv,RIVN,kept,ok
"RIVIAN AUTOMOTIVE, LLC",1.0,2024-05-07,WARNDatabaseMasterExcluding2026.csv,RIVN,kept,ok
"RIVIAN AUTOMOTIVE, LLC",26.0,2024-05-07,WARNDatabaseMasterExcluding2026.csv,RIVN,kept,ok
"RIVIAN AUTOMOTIVE, LLC",2.0,2024-05-07,WARNDatabaseMasterExcluding2026.csv,RIVN,kept,ok
T-ROC,162.0,2024-05-06,WARNDatabaseMasterExcluding2026.csv,0P00013DWM.F,kept,ok
SODEXO,116.0,2024-05-06,WARNDatabaseMasterExcluding2026.csv,SW.PA,kept,ok
"RADIAL, INC.",95.0,2024-05-06,WARNDatabaseMasterExcluding2026.csv,RAD.CN,kept,ok
"SODEXO, INC. (LANSING SCHOOL DISTRICT)",122.0,2024-05-03,WARNDatabaseMasterExcluding2026.csv,0J3F.IL,kept,ok
TROC,100.0,2024-05-03,WARNDatabaseMasterExcluding2026.csv,TROCX,kept,ok
T-ROC,302.0,2024-05-03,WARNDatabaseMasterExcluding2026.csv,0P00013DWM.F,kept,ok
SAVERS,42.0,2024-05-02,WARNDatabaseMasterExcluding2026.csv,SVV,kept,ok
"EMERGENT BIOSOLUTIONS, INC.",154.0,2024-05-02,WARNDatabaseMasterExcluding2026.csv,EBS,kept,ok
AMCOR,41.0,2024-05-01,WARNDatabaseMasterExcluding2026.csv,AMCR,kept,ok
COPELAND,91.0,2024-05-01,WARNDatabaseMasterExcluding2026.csv,CSMDX,kept,ok
UBS,51.0,2024-05-01,WARNDatabaseMasterExcluding2026.csv,UBS,kept,ok
COHERENT CORP,16.0,2024-05-01,WARNDatabaseMasterExcluding2026.csv,COHR,kept,ok
WALMART INC,237.0,2024-05-01,WARNDatabaseMasterExcluding2026.csv,WMT,kept,ok
BAYER,35.0,2024-05-01,WARNDatabaseMasterExcluding2026.csv,BAYN.DE,kept,ok
"RECKITT BENCKISER, MEAD JOHNSON, AND RB HEALTH",100.0,2024-05-01,WARNDatabaseMasterExcluding2026.csv,RKT.L,kept,ok
ETS,7.0,2024-05-01,WARNDatabaseMasterExcluding2026.csv,ETS,kept,ok
BRISTOL MYERS SQUIBB,87.0,2024-05-01,WARNDatabaseMasterExcluding2026.csv,BMY,kept,ok
BRISTOL MYERS SQUIBB,776.0,2024-05-01,WARNDatabaseMasterExcluding2026.csv,BMY,kept,ok
WALMART INC,271.0,2024-05-01,WARNDatabaseMasterExcluding2026.csv,WMT,kept,ok
RADIAL,84.0,2024-05-01,WARNDatabaseMasterExcluding2026.csv,RAD.CN,kept,ok
AMCOR,41.0,2024-05-01,WARNDatabaseMasterExcluding2026.csv,AMCR,kept,ok
ES3,69.0,2024-05-01,WARNDatabaseMasterExcluding2026.csv,ES3.SI,kept,ok
"RADIAL, INC.",5.0,2024-05-01,WARNDatabaseMasterExcluding2026.csv,RAD.CN,kept,ok
AMAZON,85.0,2024-05-01,WARNDatabaseMasterExcluding2026.csv,AMZN,kept,ok
INTEL CORPORATION,75.0,2024-05-01,WARNDatabaseMasterExcluding2026.csv,INTC,kept,ok
THE BOEING COMPANY,128.0,2024-04-30,WARNDatabaseMasterExcluding2026.csv,BA,kept,ok
WELLS FARGO,40.0,2024-04-30,WARNDatabaseMasterExcluding2026.csv,WFC,kept,ok
WELLS FARGO,40.0,2024-04-30,WARNDatabaseMasterExcluding2026.csv,WFC,kept,ok
IRON MOUNTAIN,64.0,2024-04-30,WARNDatabaseMasterExcluding2026.csv,IRM,kept,ok
"TAKE-TWO INTERACTIVE SOFTWARE, INC.",70.0,2024-04-29,WARNDatabaseMasterExcluding2026.csv,TTWO,kept,ok
THE BOEING COMPANY,55.0,2024-04-29,WARNDatabaseMasterExcluding2026.csv,BA,kept,ok
INSIGHT,82.0,2024-04-29,WARNDatabaseMasterExcluding2026.csv,FNITX,kept,ok
"TESLA, INC.",,2024-04-25,WARNDatabaseMasterExcluding2026.csv,TSLA,kept,ok
"TESLA, INC.",25.0,2024-04-25,WARNDatabaseMasterExcluding2026.csv,TSLA,kept,ok
"TESLA, INC.",11.0,2024-04-25,WARNDatabaseMasterExcluding2026.csv,TSLA,kept,ok
"TESLA, INC.",8.0,2024-04-25,WARNDatabaseMasterExcluding2026.csv,TSLA,kept,ok
"TESLA, INC.",6.0,2024-04-25,WARNDatabaseMasterExcluding2026.csv,TSLA,kept,ok
"TESLA, INC.",6.0,2024-04-25,WARNDatabaseMasterExcluding2026.csv,TSLA,kept,ok
"TESLA, INC.",28.0,2024-04-25,WARNDatabaseMasterExcluding2026.csv,TSLA,kept,ok
"TESLA, INC.",30.0,2024-04-25,WARNDatabaseMasterExcluding2026.csv,TSLA,kept,ok
"TESLA, INC.",9.0,2024-04-25,WARNDatabaseMasterExcluding2026.csv,TSLA,kept,ok
"TESLA, INC.",77.0,2024-04-25,WARNDatabaseMasterExcluding2026.csv,TSLA,kept,ok
"TESLA, INC.",49.0,2024-04-25,WARNDatabaseMasterExcluding2026.csv,TSLA,kept,ok
"TESLA, INC.",23.0,2024-04-25,WARNDatabaseMasterExcluding2026.csv,TSLA,kept,ok
"TESLA, INC.",24.0,2024-04-25,WARNDatabaseMasterExcluding2026.csv,TSLA,kept,ok
"TESLA, INC.",17.0,2024-04-25,WARNDatabaseMasterExcluding2026.csv,TSLA,kept,ok
"TESLA, INC.",32.0,2024-04-25,WARNDatabaseMasterExcluding2026.csv,TSLA,kept,ok
"TESLA, INC.",284.0,2024-04-25,WARNDatabaseMasterExcluding2026.csv,TSLA,kept,ok
"TESLA, INC.",1.0,2024-04-25,WARNDatabaseMasterExcluding2026.csv,TSLA,kept,ok
"TESLA, INC.",3.0,2024-04-25,WARNDatabaseMasterExcluding2026.csv,TSLA,kept,ok
"TESLA, INC.",17.0,2024-04-25,WARNDatabaseMasterExcluding2026.csv,TSLA,kept,ok
"TESLA, INC.",19.0,2024-04-25,WARNDatabaseMasterExcluding2026.csv,TSLA,kept,ok
"TESLA, INC.",108.0,2024-04-25,WARNDatabaseMasterExcluding2026.csv,TSLA,kept,ok
"TESLA, INC.",214.0,2024-04-25,WARNDatabaseMasterExcluding2026.csv,TSLA,kept,ok
"TESLA, INC.",403.0,2024-04-25,WARNDatabaseMasterExcluding2026.csv,TSLA,kept,ok
"TESLA, INC.",155.0,2024-04-25,WARNDatabaseMasterExcluding2026.csv,TSLA,kept,ok
"TESLA, INC.",237.0,2024-04-25,WARNDatabaseMasterExcluding2026.csv,TSLA,kept,ok
"TESLA, INC.",81.0,2024-04-25,WARNDatabaseMasterExcluding2026.csv,TSLA,kept,ok
"TESLA, INC.",11.0,2024-04-25,WARNDatabaseMasterExcluding2026.csv,TSLA,kept,ok
"TESLA, INC.",2.0,2024-04-25,WARNDatabaseMasterExcluding2026.csv,TSLA,kept,ok
TESLA,,2024-04-23,WARNDatabaseMasterExcluding2026.csv,TSLA,kept,ok
"MOLINA HEALTHCARE, INC",52.0,2024-04-23,WARNDatabaseMasterExcluding2026.csv,MOH,kept,ok
KUEHNE+NAGEL,227.0,2024-04-22,WARNDatabaseMasterExcluding2026.csv,KNIN.SW,kept,ok
"EXPEDIA, INC.",2.0,2024-04-22,WARNDatabaseMasterExcluding2026.csv,EXPE,kept,ok
EXPRESS,615.0,2024-04-22,WARNDatabaseMasterExcluding2026.csv,AXP,kept,ok
PARKER HANNIFIN,48.0,2024-04-22,WARNDatabaseMasterExcluding2026.csv,PH,kept,ok
"NIKE, INC.",740.0,2024-04-19,WARNDatabaseMasterExcluding2026.csv,NKE,kept,ok
WALMART,105.0,2024-04-19,WARNDatabaseMasterExcluding2026.csv,WMT,kept,ok
"TESLA, INC.",693.0,2024-04-19,WARNDatabaseMasterExcluding2026.csv,TSLA,kept,ok
"UNITED NATURAL FOODS, INC. (“UNFI”), TRANSPORTATION DEPARTMENT",87.0,2024-04-19,WARNDatabaseMasterExcluding2026.csv,UNFI,kept,ok
WHEELS UP,40.0,2024-04-17,WARNDatabaseMasterExcluding2026.csv,UP,kept,ok
FEDEX,48.0,2024-04-17,WARNDatabaseMasterExcluding2026.csv,FDX,kept,ok
FEDEX,32.0,2024-04-17,WARNDatabaseMasterExcluding2026.csv,FDX,kept,ok
FEDEX,76.0,2024-04-17,WARNDatabaseMasterExcluding2026.csv,FDX,kept,ok
FEDEX,64.0,2024-04-17,WARNDatabaseMasterExcluding2026.csv,FDX,kept,ok
CRACKER BARREL,70.0,2024-04-17,WARNDatabaseMasterExcluding2026.csv,CBRL,kept,ok
CRACKER BARREL,81.0,2024-04-17,WARNDatabaseMasterExcluding2026.csv,CBRL,kept,ok
WELLS FARGO,7.0,2024-04-16,WARNDatabaseMasterExcluding2026.csv,WFC,kept,ok
WELLS FARGO,7.0,2024-04-16,WARNDatabaseMasterExcluding2026.csv,WFC,kept,ok
"MUSTANG BIO, INC.",47.0,2024-04-16,WARNDatabaseMasterExcluding2026.csv,MBIO,kept,ok
"CHECKR, INC.",260.0,2024-04-16,WARNDatabaseMasterExcluding2026.csv,CHEKZZX,kept,ok
EVO TRANSPORTATION & ENERGY SERVICES INC.,82.0,2024-04-15,WARNDatabaseMasterExcluding2026.csv,EVOA,kept,ok
"HINGE HEALTH, INC.",77.0,2024-04-15,WARNDatabaseMasterExcluding2026.csv,HNGE,kept,ok
"J.B. HUNT TRANSPORT, INC.",231.0,2024-04-12,WARNDatabaseMasterExcluding2026.csv,JBHT,kept,ok
COHERENT CORP.,61.0,2024-04-12,WARNDatabaseMasterExcluding2026.csv,COHR,kept,ok
"PLUG POWER, INC.",107.0,2024-04-11,WARNDatabaseMasterExcluding2026.csv,PLUG,kept,ok
QUANEX BUILDING PRODUCTS,140.0,2024-04-09,WARNDatabaseMasterExcluding2026.csv,NX,kept,ok
CHECKR,92.0,2024-04-09,WARNDatabaseMasterExcluding2026.csv,CHEKZZX,kept,ok
LOCKHEED MARTIN,150.0,2024-04-09,WARNDatabaseMasterExcluding2026.csv,LMT,kept,ok
VOLTA INC.,68.0,2024-04-09,WARNDatabaseMasterExcluding2026.csv,3639.T,kept,ok
"CONAGRA BRANDS, INC.",252.0,2024-04-08,WARNDatabaseMasterExcluding2026.csv,CAG,kept,ok
INTEL CORPORATION,57.0,2024-04-08,WARNDatabaseMasterExcluding2026.csv,INTC,kept,ok
INTEL CORPORATION,5.0,2024-04-08,WARNDatabaseMasterExcluding2026.csv,INTC,kept,ok
"SODEXO, INC. AND AFFILIATES - CLARK UNIVERSITY",154.0,2024-04-05,WARNDatabaseMasterExcluding2026.csv,SW.PA,kept,ok
SANOFI,100.0,2024-04-05,WARNDatabaseMasterExcluding2026.csv,SNY,kept,ok
"BIONANO GENOMICS, INC.",64.0,2024-04-05,WARNDatabaseMasterExcluding2026.csv,BNGO,kept,ok
"AMYLYX PHARMACEUTICALS, INC.",232.0,2024-04-04,WARNDatabaseMasterExcluding2026.csv,AMLX,kept,ok
PFIZER,119.0,2024-04-03,WARNDatabaseMasterExcluding2026.csv,PFE,kept,ok
"BLOCK, INC.",14.0,2024-04-03,WARNDatabaseMasterExcluding2026.csv,XYZ,kept,ok
UPS,153.0,2024-04-03,WARNDatabaseMasterExcluding2026.csv,UPS,kept,ok
BLOCK INC.,1.0,2024-04-03,WARNDatabaseMasterExcluding2026.csv,XYZ,kept,ok
UPS,68.0,2024-04-03,WARNDatabaseMasterExcluding2026.csv,UPS,kept,ok
THERMO FISHER SCIENTIFIC,74.0,2024-04-03,WARNDatabaseMasterExcluding2026.csv,TMO,kept,ok
"BLOCK, INC.",1.0,2024-04-02,WARNDatabaseMasterExcluding2026.csv,XYZ,kept,ok
WELLS FARGO,5.0,2024-04-02,WARNDatabaseMasterExcluding2026.csv,WFC,kept,ok
BLOCK INC.,1.0,2024-04-02,WARNDatabaseMasterExcluding2026.csv,XYZ,kept,ok
"BLOCK, INC.",20.0,2024-04-02,WARNDatabaseMasterExcluding2026.csv,XYZ,kept,ok
WELLS FARGO,5.0,2024-04-02,WARNDatabaseMasterExcluding2026.csv,WFC,kept,ok
APPLE INC.,371.0,2024-04-02,WARNDatabaseMasterExcluding2026.csv,AAPL,kept,ok
APPLE INC.,11.0,2024-04-02,WARNDatabaseMasterExcluding2026.csv,AAPL,kept,ok
APPLE INC.,23.0,2024-04-02,WARNDatabaseMasterExcluding2026.csv,AAPL,kept,ok
APPLE INC.,15.0,2024-04-02,WARNDatabaseMasterExcluding2026.csv,AAPL,kept,ok
APPLE INC.,58.0,2024-04-02,WARNDatabaseMasterExcluding2026.csv,AAPL,kept,ok
APPLE INC.,49.0,2024-04-02,WARNDatabaseMasterExcluding2026.csv,AAPL,kept,ok
APPLE INC.,35.0,2024-04-02,WARNDatabaseMasterExcluding2026.csv,AAPL,kept,ok
APPLE INC.,52.0,2024-04-02,WARNDatabaseMasterExcluding2026.csv,AAPL,kept,ok
PROPER,1.0,2024-04-01,WARNDatabaseMasterExcluding2026.csv,STWD,kept,ok
EXPRESS,1.0,2024-04-01,WARNDatabaseMasterExcluding2026.csv,AXP,kept,ok
ETS,62.0,2024-04-01,WARNDatabaseMasterExcluding2026.csv,ETS,kept,ok
"CITIBANK N/A, CITIGROUP GLOBAL MARKETS INC., CITIGROUP TECHNOLOGY INC., CITISHARE CORP.",187.0,2024-04-01,WARNDatabaseMasterExcluding2026.csv,AAKITXX,kept,ok
VOLTA INC.,1.0,2024-04-01,WARNDatabaseMasterExcluding2026.csv,3639.T,kept,ok
"UNITED NATURAL FOODS, INC.",87.0,2024-04-01,WARNDatabaseMasterExcluding2026.csv,UNFI,kept,ok
VOLTA,1.0,2024-03-29,WARNDatabaseMasterExcluding2026.csv,VLTSAP.XC,kept,ok
VOLTA,1.0,2024-03-29,WARNDatabaseMasterExcluding2026.csv,VLTSAP.XC,kept,ok
CHARTER COMMUNICATIONS,67.0,2024-03-28,WARNDatabaseMasterExcluding2026.csv,CHTR,kept,ok
PSSI,76.0,2024-03-27,WARNDatabaseMasterExcluding2026.csv,PSSIX,kept,ok
BIONANO GENOMICS INC,76.0,2024-03-27,WARNDatabaseMasterExcluding2026.csv,BNGO,kept,ok
PSSI,76.0,2024-03-27,WARNDatabaseMasterExcluding2026.csv,PSSIX,kept,ok
VARIS,75.0,2024-03-27,WARNDatabaseMasterExcluding2026.csv,VAR.AX,kept,ok
"MEDTRONIC, INC.",44.0,2024-03-27,WARNDatabaseMasterExcluding2026.csv,MDT,kept,ok
JABIL INC.,43.0,2024-03-27,WARNDatabaseMasterExcluding2026.csv,JBL,kept,ok
"THE REAL GOOD FOOD COMPANY, LLC",21.0,2024-03-26,WARNDatabaseMasterExcluding2026.csv,RGFC,kept,ok
"THE REAL GOOD FOOD COMPANY, LLC",7.0,2024-03-26,WARNDatabaseMasterExcluding2026.csv,RGFC,kept,ok
US FOODS,146.0,2024-03-25,WARNDatabaseMasterExcluding2026.csv,USFD,kept,ok
"BIONANO GENOMICS, INC.",76.0,2024-03-25,WARNDatabaseMasterExcluding2026.csv,BNGO,kept,ok
"BIONANO GENOMICS, INC,.",2.0,2024-03-25,WARNDatabaseMasterExcluding2026.csv,BNGO,kept,ok
"BIONANO GENOMICS, INC.",1.0,2024-03-25,WARNDatabaseMasterExcluding2026.csv,BNGO,kept,ok
"BIONANO GENOMICS, INC.",1.0,2024-03-22,WARNDatabaseMasterExcluding2026.csv,BNGO,kept,ok
"AES WARRIOR RUN, LIMITED PARTNERSHIP",40.0,2024-03-22,WARNDatabaseMasterExcluding2026.csv,NEN,kept,ok
BIONANO GENOMICS,2.0,2024-03-22,WARNDatabaseMasterExcluding2026.csv,BNGO,kept,ok
BIONANO GENOMICS INC.,76.0,2024-03-22,WARNDatabaseMasterExcluding2026.csv,BNGO,kept,ok
"UNIVERSAL DEDICATED OF DETROIT, MI LLC",230.0,2024-03-22,WARNDatabaseMasterExcluding2026.csv,EMP,kept,ok
UPS,82.0,2024-03-22,WARNDatabaseMasterExcluding2026.csv,UPS,kept,ok
UPS,37.0,2024-03-22,WARNDatabaseMasterExcluding2026.csv,UPS,kept,ok
UPS,219.0,2024-03-22,WARNDatabaseMasterExcluding2026.csv,UPS,kept,ok
"BIONANO GENOMICS, INC.",76.0,2024-03-21,WARNDatabaseMasterExcluding2026.csv,BNGO,kept,ok
ABBOTT LABORATORIES,195.0,2024-03-20,WARNDatabaseMasterExcluding2026.csv,ABT,kept,ok
NORTHROP GRUMMAN,731.0,2024-03-20,WARNDatabaseMasterExcluding2026.csv,NOC,kept,ok
NORTHROP GRUMMAN,227.0,2024-03-20,WARNDatabaseMasterExcluding2026.csv,NOC,kept,ok
NORTHROP GRUMMAN,3.0,2024-03-20,WARNDatabaseMasterExcluding2026.csv,NOC,kept,ok
NORTHROP GRUMMAN,2.0,2024-03-20,WARNDatabaseMasterExcluding2026.csv,NOC,kept,ok
NORTHROP GRUMMAN,1.0,2024-03-20,WARNDatabaseMasterExcluding2026.csv,NOC,kept,ok
NORTHROP GRUMMAN,105.0,2024-03-20,WARNDatabaseMasterExcluding2026.csv,NOC,kept,ok
WELLS FARGO,13.0,2024-03-19,WARNDatabaseMasterExcluding2026.csv,WFC,kept,ok
WELLS FARGO,13.0,2024-03-19,WARNDatabaseMasterExcluding2026.csv,WFC,kept,ok
SEAGATE,39.0,2024-03-18,WARNDatabaseMasterExcluding2026.csv,STX,kept,ok
SEAGATE,30.0,2024-03-18,WARNDatabaseMasterExcluding2026.csv,STX,kept,ok
WALMART,79.0,2024-03-18,WARNDatabaseMasterExcluding2026.csv,WMT,kept,ok
BRISTOL MYERS SQUIBB,252.0,2024-03-15,WARNDatabaseMasterExcluding2026.csv,BMY,kept,ok
CHARLES RIVER LABORATORIES,14.0,2024-03-14,WARNDatabaseMasterExcluding2026.csv,CRL,kept,ok
TYSON FOODS,1276.0,2024-03-11,WARNDatabaseMasterExcluding2026.csv,TSN,kept,ok
STANLEY BLACK & DECKER,192.0,2024-03-11,WARNDatabaseMasterExcluding2026.csv,SWK,kept,ok
TYSON FOODS,1276.0,2024-03-11,WARNDatabaseMasterExcluding2026.csv,TSN,kept,ok
WALMART,213.0,2024-03-08,WARNDatabaseMasterExcluding2026.csv,WMT,kept,ok
LOUISIANA-PACIFIC,31.0,2024-03-08,WARNDatabaseMasterExcluding2026.csv,LPX,kept,ok
"SODEXO, INC. AND AFFILIATES TULANE UNIVERSITY",434.0,2024-03-07,WARNDatabaseMasterExcluding2026.csv,0J3F.IL,kept,ok
EPIC GAMES,30.0,2024-03-07,WARNDatabaseMasterExcluding2026.csv,EPIGZZX,kept,ok
EPIC GAMES,34.0,2024-03-07,WARNDatabaseMasterExcluding2026.csv,EPIGZZX,kept,ok
EPIC GAMES,33.0,2024-03-07,WARNDatabaseMasterExcluding2026.csv,EPIGZZX,kept,ok
UPS,333.0,2024-03-06,WARNDatabaseMasterExcluding2026.csv,UPS,kept,ok
WELLS FARGO,22.0,2024-03-05,WARNDatabaseMasterExcluding2026.csv,WFC,kept,ok
WELLS FARGO,22.0,2024-03-05,WARNDatabaseMasterExcluding2026.csv,WFC,kept,ok
WALMART,233.0,2024-03-04,WARNDatabaseMasterExcluding2026.csv,WMT,kept,ok
"JABIL, INC.",120.0,2024-03-01,WARNDatabaseMasterExcluding2026.csv,JBL,kept,ok
BRISTOL MYERS SQUIBB,75.0,2024-03-01,WARNDatabaseMasterExcluding2026.csv,BMY,kept,ok
GENTHERM,124.0,2024-03-01,WARNDatabaseMasterExcluding2026.csv,QA4A.F,kept,ok
TE CONNECTIVITY,130.0,2024-03-01,WARNDatabaseMasterExcluding2026.csv,TEL,kept,ok
LEVI STRAUSS & CO.,146.0,2024-03-01,WARNDatabaseMasterExcluding2026.csv,LEVI,kept,ok
"EXPEDIA, INC.",208.0,2024-02-27,WARNDatabaseMasterExcluding2026.csv,EXPE,kept,ok
"ABS GLOBAL, GENUS INTELLIGEN TECHNOLOGIES (WINDSOR)",24.0,2024-02-27,WARNDatabaseMasterExcluding2026.csv,0P0001EBUF,kept,ok
"EXELIXIS, INC.",143.0,2024-02-27,WARNDatabaseMasterExcluding2026.csv,EXEL,kept,ok
JABIL INC.,9.0,2024-02-27,WARNDatabaseMasterExcluding2026.csv,JBL,kept,ok
THE HOME DEPOT,19.0,2024-02-26,WARNDatabaseMasterExcluding2026.csv,HD,kept,ok
THE HOME DEPOT,21.0,2024-02-26,WARNDatabaseMasterExcluding2026.csv,HD,kept,ok
"RIVIAN AUTOMOTIVE, LLC",30.0,2024-02-26,WARNDatabaseMasterExcluding2026.csv,RIVN,kept,ok
"RIVIAN AUTOMOTIVE, LLC",99.0,2024-02-26,WARNDatabaseMasterExcluding2026.csv,RIVN,kept,ok
"RIVIAN AUTOMOTIVE, LLC",5.0,2024-02-26,WARNDatabaseMasterExcluding2026.csv,RIVN,kept,ok
"RIVIAN AUTOMOTIVE, LLC",14.0,2024-02-26,WARNDatabaseMasterExcluding2026.csv,RIVN,kept,ok
"RIVIAN AUTOMOTIVE, LLC",35.0,2024-02-26,WARNDatabaseMasterExcluding2026.csv,RIVN,kept,ok
"RIVIAN AUTOMOTIVE, LLC",2.0,2024-02-26,WARNDatabaseMasterExcluding2026.csv,RIVN,kept,ok
"RIVIAN AUTOMOTIVE, LLC",6.0,2024-02-26,WARNDatabaseMasterExcluding2026.csv,RIVN,kept,ok
"RIVIAN AUTOMOTIVE, LLC",77.0,2024-02-26,WARNDatabaseMasterExcluding2026.csv,RIVN,kept,ok
"RIVIAN AUTOMOTIVE, LLC",45.0,2024-02-26,WARNDatabaseMasterExcluding2026.csv,RIVN,kept,ok
"RIVIAN AUTOMOTIVE, LLC",18.0,2024-02-26,WARNDatabaseMasterExcluding2026.csv,RIVN,kept,ok
"RIVIAN AUTOMOTIVE, LLC",9.0,2024-02-26,WARNDatabaseMasterExcluding2026.csv,RIVN,kept,ok
BROADCOM INC.,75.0,2024-02-22,WARNDatabaseMasterExcluding2026.csv,AVGO,kept,ok
"ANUVU OPERATIONS, LLC (MARITIME, ENERGY, AND GOVERNMENT BUSINESS)",135.0,2024-02-22,WARNDatabaseMasterExcluding2026.csv,XAE=F,kept,ok
DAIFUKU,100.0,2024-02-22,WARNDatabaseMasterExcluding2026.csv,891.F,kept,ok
"CISCO SYSTEMS, INC.",108.0,2024-02-22,WARNDatabaseMasterExcluding2026.csv,CSCO,kept,ok
"CISCO SYSTEMS, INC.",447.0,2024-02-22,WARNDatabaseMasterExcluding2026.csv,CSCO,kept,ok
"CISCO SYSTEMS, INC.",176.0,2024-02-22,WARNDatabaseMasterExcluding2026.csv,CSCO,kept,ok
UPS,331.0,2024-02-21,WARNDatabaseMasterExcluding2026.csv,UPS,kept,ok
"INGRAM MICRO, INC.",60.0,2024-02-21,WARNDatabaseMasterExcluding2026.csv,INGM,kept,ok
WELLS FARGO,6.0,2024-02-20,WARNDatabaseMasterExcluding2026.csv,WFC,kept,ok
WELLS FARGO,5.0,2024-02-20,WARNDatabaseMasterExcluding2026.csv,WFC,kept,ok
WELLS FARGO,25.0,2024-02-20,WARNDatabaseMasterExcluding2026.csv,WFC,kept,ok
"BLOCK, INC. (CASH APP AND FOUNDATIONAL BUSINESS UNITS)",5.0,2024-02-20,WARNDatabaseMasterExcluding2026.csv,XYZ,kept,ok
WELLS FARGO,6.0,2024-02-20,WARNDatabaseMasterExcluding2026.csv,WFC,kept,ok
WELLS FARGO,5.0,2024-02-20,WARNDatabaseMasterExcluding2026.csv,WFC,kept,ok
WELLS FARGO,25.0,2024-02-20,WARNDatabaseMasterExcluding2026.csv,WFC,kept,ok
ABS GLOBAL,36.0,2024-02-19,WARNDatabaseMasterExcluding2026.csv,0P0001EBUF,kept,ok
BAE SYSTEMS,54.0,2024-02-16,WARNDatabaseMasterExcluding2026.csv,BA.L,kept,ok
"CLEVELAND CLIFFS, INC.",885.0,2024-02-15,WARNDatabaseMasterExcluding2026.csv,CLF,kept,ok
"SORRENTO THERAPEUTICS, INC.",62.0,2024-02-15,WARNDatabaseMasterExcluding2026.csv,SRNE,kept,ok
"SORRENTO THERAPEUTICS, INC.",15.0,2024-02-15,WARNDatabaseMasterExcluding2026.csv,SRNE,kept,ok
"ROY FARMS, SPC",129.0,2024-02-14,WARNDatabaseMasterExcluding2026.csv,PARAS.NS,kept,ok
SODEXO,108.0,2024-02-14,WARNDatabaseMasterExcluding2026.csv,SWN.MX,kept,ok
NORDSON CORPORATION,69.0,2024-02-14,WARNDatabaseMasterExcluding2026.csv,NDSN,kept,ok
"BLOCK, INC.",7.0,2024-02-13,WARNDatabaseMasterExcluding2026.csv,XYZ,kept,ok
COMMERCIAL VEHICLE GROUP,79.0,2024-02-12,WARNDatabaseMasterExcluding2026.csv,CVGI,kept,ok
"FLEXSTEEL INDUSTRIES, INC.",154.0,2024-02-09,WARNDatabaseMasterExcluding2026.csv,FX3.F,kept,ok
"LEGGETT & PLATT, INCORPORATED",55.0,2024-02-09,WARNDatabaseMasterExcluding2026.csv,LEG,kept,ok
"GRAMMARLY, INC.",82.0,2024-02-08,WARNDatabaseMasterExcluding2026.csv,GRAMZZX,kept,ok
"APL LOGISTICS, LTD.",52.0,2024-02-07,WARNDatabaseMasterExcluding2026.csv,W8R.F,kept,ok
HENKEL,102.0,2024-02-07,WARNDatabaseMasterExcluding2026.csv,HEN3.DE,kept,ok
"KERRY, INC.",55.0,2024-02-07,WARNDatabaseMasterExcluding2026.csv,KRZ.DU,kept,ok
"PURE STORAGE, INC.",81.0,2024-02-07,WARNDatabaseMasterExcluding2026.csv,6PU.DU,kept,ok
WALMART,177.0,2024-02-06,WARNDatabaseMasterExcluding2026.csv,WMT,kept,ok
UPS,130.0,2024-02-06,WARNDatabaseMasterExcluding2026.csv,UPS,kept,ok
COCA COLA COMPANY,198.0,2024-02-06,WARNDatabaseMasterExcluding2026.csv,KO,kept,ok
SNAP INC.,122.0,2024-02-05,WARNDatabaseMasterExcluding2026.csv,SNAP,kept,ok
SNAP INC.,52.0,2024-02-05,WARNDatabaseMasterExcluding2026.csv,SNAP,kept,ok
"VIASAT, INC",4.0,2024-02-05,WARNDatabaseMasterExcluding2026.csv,VSAT,kept,ok
"SALESFORCE, INC.",51.0,2024-02-05,WARNDatabaseMasterExcluding2026.csv,CRM,kept,ok
"OKTA, INC.",83.0,2024-02-05,WARNDatabaseMasterExcluding2026.csv,OKTA,kept,ok
"FLEXPORT, INC.",99.0,2024-02-05,WARNDatabaseMasterExcluding2026.csv,FLEPZZX,kept,ok
PAYPAL,311.0,2024-02-05,WARNDatabaseMasterExcluding2026.csv,PYPL,kept,ok
PENNYMAC,1.0,2024-02-05,WARNDatabaseMasterExcluding2026.csv,PMT-PA,kept,ok
SONOCO PRODUCTS CO.,34.0,2024-02-02,WARNDatabaseMasterExcluding2026.csv,SON,kept,ok
ORACLE,124.0,2024-02-02,WARNDatabaseMasterExcluding2026.csv,ORCL,kept,ok
UPS,118.0,2024-02-02,WARNDatabaseMasterExcluding2026.csv,UPS,kept,ok
ELEVANCE HEALTH,90.0,2024-02-02,WARNDatabaseMasterExcluding2026.csv,ELV,kept,ok
TE CONNECTIVITY,58.0,2024-02-02,WARNDatabaseMasterExcluding2026.csv,TEL,kept,ok
"HOME EC, INC. DBA CONNECT HOMES",75.0,2024-02-02,WARNDatabaseMasterExcluding2026.csv,DE000SL0BNK4.SG,kept,ok
"CUE HEALTH, MODA NORTH",9.0,2024-02-02,WARNDatabaseMasterExcluding2026.csv,HLTHQ,kept,ok
"CUE HEALTH, MODA NORTH II",8.0,2024-02-02,WARNDatabaseMasterExcluding2026.csv,HLTHQ,kept,ok
"CUE HEALTH, MODA WEST",1.0,2024-02-02,WARNDatabaseMasterExcluding2026.csv,HLTHQ,kept,ok
"CUE HEALTH, WAPLES",12.0,2024-02-02,WARNDatabaseMasterExcluding2026.csv,HLTHQ,kept,ok
"CUE HEALTH, VISTA",70.0,2024-02-02,WARNDatabaseMasterExcluding2026.csv,HLTHQ,kept,ok
"APPFOLIO, INC.",16.0,2024-02-02,WARNDatabaseMasterExcluding2026.csv,APPF,kept,ok
APOY,20.0,2024-02-01,WARNDatabaseMasterExcluding2026.csv,APOYX,kept,ok
KENVUE INC.,51.0,2024-02-01,WARNDatabaseMasterExcluding2026.csv,KVUE,kept,ok
PRUDENTIAL FINANCIAL INC.,145.0,2024-02-01,WARNDatabaseMasterExcluding2026.csv,PRU,kept,ok
"CORSAIR GAMING, INC.",55.0,2024-02-01,WARNDatabaseMasterExcluding2026.csv,CRSR,kept,ok
"AFFIRM, INC.",60.0,2024-02-01,WARNDatabaseMasterExcluding2026.csv,AFRM,kept,ok
"UNITED PARCEL SERVICE, INC. (UPS)",206.0,2024-02-01,WARNDatabaseMasterExcluding2026.csv,UPS,kept,ok
"WAYFAIR, LLC",72.0,2024-02-01,WARNDatabaseMasterExcluding2026.csv,W,kept,ok
EBAY INC.,20.0,2024-02-01,WARNDatabaseMasterExcluding2026.csv,EBAY,kept,ok
EBAY INC.,261.0,2024-02-01,WARNDatabaseMasterExcluding2026.csv,EBAY,kept,ok
INTEGRA LIFESCIENCES,60.0,2024-01-31,WARNDatabaseMasterExcluding2026.csv,IART,kept,ok
SP+ CORPORATION,56.0,2024-01-31,WARNDatabaseMasterExcluding2026.csv,7466.T,kept,ok
INTEGRA LIFESCIENCES,60.0,2024-01-31,WARNDatabaseMasterExcluding2026.csv,IART,kept,ok
CTI,68.0,2024-01-31,WARNDatabaseMasterExcluding2026.csv,ALCBX.PA,kept,ok
"BLOCK, INC.",6.0,2024-01-30,WARNDatabaseMasterExcluding2026.csv,XYZ,kept,ok
"BLOCK, INC.",43.0,2024-01-30,WARNDatabaseMasterExcluding2026.csv,XYZ,kept,ok
SONOCO PRODUCTS COMPANY,62.0,2024-01-30,WARNDatabaseMasterExcluding2026.csv,SON,kept,ok
BLOCK INC,27.0,2024-01-30,WARNDatabaseMasterExcluding2026.csv,XYZ,kept,ok
BLOCK INC,2.0,2024-01-30,WARNDatabaseMasterExcluding2026.csv,XYZ,kept,ok
"BLOCK, INC.",46.0,2024-01-30,WARNDatabaseMasterExcluding2026.csv,XYZ,kept,ok
"BLOCK, INC.",1.0,2024-01-30,WARNDatabaseMasterExcluding2026.csv,XYZ,kept,ok
"BLOCK, INC.",32.0,2024-01-30,WARNDatabaseMasterExcluding2026.csv,XYZ,kept,ok
AMENTUM,45.0,2024-01-30,WARNDatabaseMasterExcluding2026.csv,AMTM,kept,ok
BLOCK INC.,13.0,2024-01-30,WARNDatabaseMasterExcluding2026.csv,XYZ,kept,ok
"BLOCK, INC.",3.0,2024-01-30,WARNDatabaseMasterExcluding2026.csv,XYZ,kept,ok
BLOCK INC,2.0,2024-01-30,WARNDatabaseMasterExcluding2026.csv,XYZ,kept,ok
"BLOCK, INC.",4.0,2024-01-30,WARNDatabaseMasterExcluding2026.csv,XYZ,kept,ok
"BLOCK, INC.",4.0,2024-01-30,WARNDatabaseMasterExcluding2026.csv,XYZ,kept,ok
"BLOCK, INC.",22.0,2024-01-30,WARNDatabaseMasterExcluding2026.csv,XYZ,kept,ok
TOWER SEMICONDUCTOR,699.0,2024-01-30,WARNDatabaseMasterExcluding2026.csv,TSEM,kept,ok
SAFEWAY,111.0,2024-01-30,WARNDatabaseMasterExcluding2026.csv,301559.SZ,kept,ok
"AMERICAN AIRLINES, INC.",335.0,2024-01-29,WARNDatabaseMasterExcluding2026.csv,AAL,kept,ok
CHARTER COMMUNICATIONS,173.0,2024-01-29,WARNDatabaseMasterExcluding2026.csv,CHTR,kept,ok
"WOLVERINE WORLD WIDE, INC.",71.0,2024-01-29,WARNDatabaseMasterExcluding2026.csv,WWW,kept,ok
UPS,87.0,2024-01-29,WARNDatabaseMasterExcluding2026.csv,UPS,kept,ok
AMAZON,98.0,2024-01-29,WARNDatabaseMasterExcluding2026.csv,AMZN,kept,ok
AMAZON,2.0,2024-01-29,WARNDatabaseMasterExcluding2026.csv,AMZN,kept,ok
AMAZON,13.0,2024-01-29,WARNDatabaseMasterExcluding2026.csv,AMZN,kept,ok
TE CONNECTIVITY,61.0,2024-01-29,WARNDatabaseMasterExcluding2026.csv,TEL,kept,ok
"ILLUMINA, INC.",111.0,2024-01-29,WARNDatabaseMasterExcluding2026.csv,ILMN,kept,ok
APPLE INC.,121.0,2024-01-29,WARNDatabaseMasterExcluding2026.csv,AAPL,kept,ok
WALMART,125.0,2024-01-29,WARNDatabaseMasterExcluding2026.csv,WMT,kept,ok
WALMART,232.0,2024-01-29,WARNDatabaseMasterExcluding2026.csv,WMT,kept,ok
ATARA BIOTHERAPEUTICS,1.0,2024-01-29,WARNDatabaseMasterExcluding2026.csv,ATRA,kept,ok
ATARA BIOTHERAPEUTICS,43.0,2024-01-29,WARNDatabaseMasterExcluding2026.csv,ATRA,kept,ok
UPS,118.0,2024-01-26,WARNDatabaseMasterExcluding2026.csv,UPS,kept,ok
NITTA GELATIN INC,68.0,2024-01-26,WARNDatabaseMasterExcluding2026.csv,4977.T,kept,ok
CUE HEALTH INC.,9.0,2024-01-26,WARNDatabaseMasterExcluding2026.csv,HLTHQ,kept,ok
CUE HEALTH INC,4.0,2024-01-26,WARNDatabaseMasterExcluding2026.csv,HLTHQ,kept,ok
CUE HEALTH INC.,7.0,2024-01-26,WARNDatabaseMasterExcluding2026.csv,HLTHQ,kept,ok
CUE HEALTH INC.,6.0,2024-01-26,WARNDatabaseMasterExcluding2026.csv,HLTHQ,kept,ok
CUE HEALTH INC.,1.0,2024-01-26,WARNDatabaseMasterExcluding2026.csv,HLTHQ,kept,ok
CUE HEALTH INC.,9.0,2024-01-26,WARNDatabaseMasterExcluding2026.csv,HLTHQ,kept,ok
CUE HEALTH INC.,11.0,2024-01-26,WARNDatabaseMasterExcluding2026.csv,HLTHQ,kept,ok
NEOTECH,76.0,2024-01-26,WARNDatabaseMasterExcluding2026.csv,NTMC.NE,kept,ok
"CHARGEPOINT, INC.",116.0,2024-01-26,WARNDatabaseMasterExcluding2026.csv,CHPT,kept,ok
"EBAY, INC",28.0,2024-01-23,WARNDatabaseMasterExcluding2026.csv,EBAY,kept,ok
PFIZER,52.0,2024-01-23,WARNDatabaseMasterExcluding2026.csv,PFE,kept,ok
ENERGIZER,64.0,2024-01-22,WARNDatabaseMasterExcluding2026.csv,ENR,kept,ok
ENERGIZER,64.0,2024-01-22,WARNDatabaseMasterExcluding2026.csv,ENR,kept,ok
"TIDAL, A SUBSIDARY OF BLOCK, INC.",1.0,2024-01-22,WARNDatabaseMasterExcluding2026.csv,SPCL,kept,ok
WALMART,62.0,2024-01-19,WARNDatabaseMasterExcluding2026.csv,WMT,kept,ok
"WAYFAIR, LLC",936.0,2024-01-19,WARNDatabaseMasterExcluding2026.csv,W,kept,ok
ABM,89.0,2024-01-19,WARNDatabaseMasterExcluding2026.csv,ABM,kept,ok
"CARBON, INC.",60.0,2024-01-18,WARNDatabaseMasterExcluding2026.csv,LCU.SI,kept,ok
"BECTON, DICKINSON AND COMPANY",111.0,2024-01-18,WARNDatabaseMasterExcluding2026.csv,BDX,kept,ok
"BECTON, DICKINSON AND COMPANY",111.0,2024-01-18,WARNDatabaseMasterExcluding2026.csv,BDX,kept,ok
WESTROCK,153.0,2024-01-17,WARNDatabaseMasterExcluding2026.csv,SW,kept,ok
GOOGLE,73.0,2024-01-17,WARNDatabaseMasterExcluding2026.csv,GOOG,kept,ok
GRAPHIC PACKAGING,111.0,2024-01-16,WARNDatabaseMasterExcluding2026.csv,GPK,kept,ok
"CACI, INC. - FEDERAL",61.0,2024-01-11,WARNDatabaseMasterExcluding2026.csv,CACI,kept,ok
"FANATICS, LLC",218.0,2024-01-11,WARNDatabaseMasterExcluding2026.csv,FANAZZX,kept,ok
CHART INC.,8.0,2024-01-11,WARNDatabaseMasterExcluding2026.csv,MCR,kept,ok
"PERSONALIS, INC.",62.0,2024-01-11,WARNDatabaseMasterExcluding2026.csv,PSNL,kept,ok
TYSON FOODS,3.0,2024-01-10,WARNDatabaseMasterExcluding2026.csv,TSN,kept,ok
"BLOCK, INC.",51.0,2024-01-10,WARNDatabaseMasterExcluding2026.csv,XYZ,kept,ok
"ABM INDUSTRIES, INC. FLOWERS BAKING COMPANY",176.0,2024-01-09,WARNDatabaseMasterExcluding2026.csv,ABM,kept,ok
"WEST FRASER, INC.",79.0,2024-01-09,WARNDatabaseMasterExcluding2026.csv,WFG,kept,ok
"FLEXE, INC.",99.0,2024-01-08,WARNDatabaseMasterExcluding2026.csv,FLEXZZX,kept,ok
PITNEY BOWES INC.,107.0,2024-01-08,WARNDatabaseMasterExcluding2026.csv,PBI,kept,ok
PITNEY BOWES INC.,107.0,2024-01-08,WARNDatabaseMasterExcluding2026.csv,PBI,kept,ok
HMI,16.0,2024-01-08,WARNDatabaseMasterExcluding2026.csv,HMI.DE,kept,ok
SUNRUN INC.,15.0,2024-01-08,WARNDatabaseMasterExcluding2026.csv,RUN,kept,ok
SUNRUN INC.,10.0,2024-01-08,WARNDatabaseMasterExcluding2026.csv,RUN,kept,ok
SUNRUN INC.,37.0,2024-01-08,WARNDatabaseMasterExcluding2026.csv,RUN,kept,ok
ENERGIZER HOLDINGS INC.,135.0,2024-01-05,WARNDatabaseMasterExcluding2026.csv,ENR,kept,ok
FISERV,80.0,2024-01-04,WARNDatabaseMasterExcluding2026.csv,FISV,kept,ok
BROADCOM INC.,,2024-01-03,WARNDatabaseMasterExcluding2026.csv,AVGO,kept,ok
TD BANK,54.0,2024-01-01,WARNDatabaseMasterExcluding2026.csv,TD-PFA.TO,kept,ok
THE BANK OF NEW YORK MELLON CORPORATION,62.0,2024-01-01,WARNDatabaseMasterExcluding2026.csv,BNY,kept,ok
"MERCK & CO., INC.",5.0,2024-01-01,WARNDatabaseMasterExcluding2026.csv,MRK,kept,ok
SCANDIA,20.0,2023-12-29,WARNDatabaseMasterExcluding2026.csv,SDNI,kept,ok
SLEEP NUMBER,92.0,2023-12-29,WARNDatabaseMasterExcluding2026.csv,SNBR,kept,ok
PENNYMAC,18.0,2023-12-29,WARNDatabaseMasterExcluding2026.csv,PMT-PA,kept,ok
PENNYMAC,2.0,2023-12-29,WARNDatabaseMasterExcluding2026.csv,PMT-PA,kept,ok
PENNYMAC,51.0,2023-12-29,WARNDatabaseMasterExcluding2026.csv,PMT-PA,kept,ok
PENNYMAC,3.0,2023-12-29,WARNDatabaseMasterExcluding2026.csv,PMT-PA,kept,ok
PENNYMAC,10.0,2023-12-29,WARNDatabaseMasterExcluding2026.csv,PMT-PA,kept,ok
SUNRUN INC.,26.0,2023-12-27,WARNDatabaseMasterExcluding2026.csv,RUN,kept,ok
THE BOEING COMPANY,68.0,2023-12-27,WARNDatabaseMasterExcluding2026.csv,BA,kept,ok
WESTERN DIGITAL,60.0,2023-12-27,WARNDatabaseMasterExcluding2026.csv,WDC,kept,ok
BOEING COMPANY,2.0,2023-12-27,WARNDatabaseMasterExcluding2026.csv,BA,kept,ok
BOEING COMPANY,1.0,2023-12-27,WARNDatabaseMasterExcluding2026.csv,BA,kept,ok
THE BOEING COMPANY,22.0,2023-12-27,WARNDatabaseMasterExcluding2026.csv,BA,kept,ok
THE BOEING COMPANY,1.0,2023-12-27,WARNDatabaseMasterExcluding2026.csv,BA,kept,ok
RENESAS ELECTRONICS CORPORATION,50.0,2023-12-22,WARNDatabaseMasterExcluding2026.csv,6723.T,kept,ok
RENESAS ELECTRONICS CORPORATION,15.0,2023-12-22,WARNDatabaseMasterExcluding2026.csv,6723.T,kept,ok
THERMO FISHER SCIENTIFIC,74.0,2023-12-22,WARNDatabaseMasterExcluding2026.csv,TMO,kept,ok
WESTERN DIGITAL,57.0,2023-12-21,WARNDatabaseMasterExcluding2026.csv,WDC,kept,ok
SCP,141.0,2023-12-18,WARNDatabaseMasterExcluding2026.csv,SCPX,kept,ok
"VIRGIN GALACTIC, LLC",75.0,2023-12-18,WARNDatabaseMasterExcluding2026.csv,SPCE,kept,ok
"VIRGIN GALACTIC, LLC",1.0,2023-12-18,WARNDatabaseMasterExcluding2026.csv,SPCE,kept,ok
"VIRGIN GALACTIC, LLC",1.0,2023-12-18,WARNDatabaseMasterExcluding2026.csv,SPCE,kept,ok
"VIRGIN GALACTIC, LLC",1.0,2023-12-18,WARNDatabaseMasterExcluding2026.csv,SPCE,kept,ok
INTEL CORPORATION,73.0,2023-12-18,WARNDatabaseMasterExcluding2026.csv,INTC,kept,ok
INTEL CORPORATION,1.0,2023-12-18,WARNDatabaseMasterExcluding2026.csv,INTC,kept,ok
INTEL CORPORATION,1.0,2023-12-18,WARNDatabaseMasterExcluding2026.csv,INTC,kept,ok
INTEL CORPORATION,1.0,2023-12-18,WARNDatabaseMasterExcluding2026.csv,INTC,kept,ok
"AGILENT TECHNOLOGIES, INC.",32.0,2023-12-18,WARNDatabaseMasterExcluding2026.csv,A,kept,ok
"AGILENT TECHNOLOGIES, INC.",1.0,2023-12-18,WARNDatabaseMasterExcluding2026.csv,A,kept,ok
"AGILENT TECHNOLOGIES, INC.",3.0,2023-12-18,WARNDatabaseMasterExcluding2026.csv,A,kept,ok
"NATIONAL VISION, INC. (OPERATING WALMART VISION CARE)",16.0,2023-12-15,WARNDatabaseMasterExcluding2026.csv,EYE,kept,ok
AMENTUM,92.0,2023-12-14,WARNDatabaseMasterExcluding2026.csv,AMTM,kept,ok
"TYSON FOODS, INC.",11.0,2023-12-13,WARNDatabaseMasterExcluding2026.csv,TSN,kept,ok
"ACUTUS MEDICAL, INC.",140.0,2023-12-13,WARNDatabaseMasterExcluding2026.csv,AFIB,kept,ok
"ACUTUS MEDICAL, INC.",7.0,2023-12-13,WARNDatabaseMasterExcluding2026.csv,AFIB,kept,ok
ACCENTURE,87.0,2023-12-13,WARNDatabaseMasterExcluding2026.csv,ACN,kept,ok
ATARA BIOTHERAPEUTICS,72.0,2023-12-13,WARNDatabaseMasterExcluding2026.csv,ATRA,kept,ok
ATARA BIOTHERAPEUTICS,1.0,2023-12-13,WARNDatabaseMasterExcluding2026.csv,ATRA,kept,ok
WELLS FARGO,1.0,2023-12-12,WARNDatabaseMasterExcluding2026.csv,WFC,kept,ok
WELLS FARGO,1.0,2023-12-12,WARNDatabaseMasterExcluding2026.csv,WFC,kept,ok
INTEL CORPORATION,235.0,2023-12-12,WARNDatabaseMasterExcluding2026.csv,INTC,kept,ok
"ANALOG DEVICES, INC.",109.0,2023-12-11,WARNDatabaseMasterExcluding2026.csv,ADI,kept,ok
"ANALOG DEVICES, INC.",1.0,2023-12-11,WARNDatabaseMasterExcluding2026.csv,ADI,kept,ok
"ANALOG DEVICES, INC.",1.0,2023-12-11,WARNDatabaseMasterExcluding2026.csv,ADI,kept,ok
"SQUARE, SUBSIDIARY OF BLOCK, INC.",9.0,2023-12-08,WARNDatabaseMasterExcluding2026.csv,VSQTF,kept,ok
GENERAL MOTORS CORPORATION,369.0,2023-12-07,WARNDatabaseMasterExcluding2026.csv,GM,kept,ok
FLEX LTD,31.0,2023-12-07,WARNDatabaseMasterExcluding2026.csv,FLEX,kept,ok
"NEXTDOOR, INC.",99.0,2023-12-07,WARNDatabaseMasterExcluding2026.csv,NXDR,kept,ok
"CHARLES SCHWAB & CO., INC.",155.0,2023-12-07,WARNDatabaseMasterExcluding2026.csv,SCHW,kept,ok
CHARTER COMMUNICATIONS,227.0,2023-12-06,WARNDatabaseMasterExcluding2026.csv,CHTR,kept,ok
"SANGAMO THERAPEUTICS, INC.",65.0,2023-12-06,WARNDatabaseMasterExcluding2026.csv,SGMO,kept,ok
"SANGAMO THERAPEUTICS, INC.",37.0,2023-12-06,WARNDatabaseMasterExcluding2026.csv,SGMO,kept,ok
PSSI,68.0,2023-12-05,WARNDatabaseMasterExcluding2026.csv,PSSIX,kept,ok
PARKER HANNIFIN CORPORATION,4.0,2023-12-05,WARNDatabaseMasterExcluding2026.csv,PH,kept,ok
"VIASAT, INC.",228.0,2023-12-05,WARNDatabaseMasterExcluding2026.csv,VSAT,kept,ok
AMAZON,57.0,2023-12-05,WARNDatabaseMasterExcluding2026.csv,AMZN,kept,ok
"VIASAT, INC.",11.0,2023-12-05,WARNDatabaseMasterExcluding2026.csv,VSAT,kept,ok
AMAZON,114.0,2023-12-05,WARNDatabaseMasterExcluding2026.csv,AMZN,kept,ok
SKF,108.0,2023-12-04,WARNDatabaseMasterExcluding2026.csv,SKF,kept,ok
"DICK'S SPORTING GOODS, INC.",146.0,2023-12-04,WARNDatabaseMasterExcluding2026.csv,DKS,kept,ok
BLOOM ENERGY CORPORATION,47.0,2023-12-04,WARNDatabaseMasterExcluding2026.csv,BE,kept,ok
BLOOM ENERGY CORPORATION,1.0,2023-12-04,WARNDatabaseMasterExcluding2026.csv,BE,kept,ok
BLOOM ENERGY CORPORATION,13.0,2023-12-04,WARNDatabaseMasterExcluding2026.csv,BE,kept,ok
PETCO,13.0,2023-12-01,WARNDatabaseMasterExcluding2026.csv,WOOF,kept,ok
"GROUP O, INC.",87.0,2023-12-01,WARNDatabaseMasterExcluding2026.csv,RGA,kept,ok
WABTEC CORPORATION,94.0,2023-12-01,WARNDatabaseMasterExcluding2026.csv,WAB,kept,ok
"BECTON, DICKINSON, AND COMPANY",38.0,2023-11-30,WARNDatabaseMasterExcluding2026.csv,BDX,kept,ok
"BECTON, DICKINSON, AND COMPANY - PACIFIC",27.0,2023-11-30,WARNDatabaseMasterExcluding2026.csv,BDX,kept,ok
"BECTON, DICKINSON, AND COMPANY",3.0,2023-11-30,WARNDatabaseMasterExcluding2026.csv,BDX,kept,ok
"BECTON, DICKINSON, AND COMPANY",1.0,2023-11-30,WARNDatabaseMasterExcluding2026.csv,BDX,kept,ok
"BECTON, DICKINSON, AND COMPANY",2.0,2023-11-30,WARNDatabaseMasterExcluding2026.csv,BDX,kept,ok
"BECTON, DICKINSON, AND COMPANY",26.0,2023-11-30,WARNDatabaseMasterExcluding2026.csv,BDX,kept,ok
"BECTON, DICKINSON, AND COMPANY",1.0,2023-11-30,WARNDatabaseMasterExcluding2026.csv,BDX,kept,ok
"BECTON, DICKINSON, AND COMPANY",1.0,2023-11-30,WARNDatabaseMasterExcluding2026.csv,BDX,kept,ok
"BECTON, DICKINSON, AND COMPANY",4.0,2023-11-30,WARNDatabaseMasterExcluding2026.csv,BDX,kept,ok
"BECTON, DICKINSON, AND COMPANY",1.0,2023-11-30,WARNDatabaseMasterExcluding2026.csv,BDX,kept,ok
"BECTON, DICKINSON, AND COMPANY",1.0,2023-11-30,WARNDatabaseMasterExcluding2026.csv,BDX,kept,ok
BOISE CASCADE COMPANY,72.0,2023-11-29,WARNDatabaseMasterExcluding2026.csv,BCC,kept,ok
XCEL ENERGY INC.,28.0,2023-11-29,WARNDatabaseMasterExcluding2026.csv,XEL,kept,ok
TRANSUNION,339.0,2023-11-29,WARNDatabaseMasterExcluding2026.csv,TRU,kept,ok
"ELEVANCE HEALTH, INC.",87.0,2023-11-29,WARNDatabaseMasterExcluding2026.csv,ELV,kept,ok
WELLS FARGO,8.0,2023-11-28,WARNDatabaseMasterExcluding2026.csv,WFC,kept,ok
ARDAGH METAL PACKAGING,110.0,2023-11-28,WARNDatabaseMasterExcluding2026.csv,AMBP,kept,ok
WELLS FARGO,8.0,2023-11-28,WARNDatabaseMasterExcluding2026.csv,WFC,kept,ok
BROADCOM INC.,158.0,2023-11-27,WARNDatabaseMasterExcluding2026.csv,AVGO,kept,ok
BROADCOM INC.,116.0,2023-11-27,WARNDatabaseMasterExcluding2026.csv,AVGO,kept,ok
"EXABEAM, INC.",94.0,2023-11-22,WARNDatabaseMasterExcluding2026.csv,EXAEZZX,kept,ok
AMENTUM,54.0,2023-11-21,WARNDatabaseMasterExcluding2026.csv,AMTM,kept,ok
CAPITAL ONE FINANCIAL,49.0,2023-11-17,WARNDatabaseMasterExcluding2026.csv,COF,kept,ok
"BECTON, DICKINSON AND COMPANY",48.0,2023-11-17,WARNDatabaseMasterExcluding2026.csv,BDX,kept,ok
"MEXI-GRILL, LLC DBA JAVIER'S NEWPORT BEACH",239.0,2023-11-16,WARNDatabaseMasterExcluding2026.csv,CMG,kept,ok
RESMED INC.,364.0,2023-11-16,WARNDatabaseMasterExcluding2026.csv,RMD,kept,ok
"FLEXPORT, INC.",134.0,2023-11-15,WARNDatabaseMasterExcluding2026.csv,FLEPZZX,kept,ok
WELLS FARGO,1.0,2023-11-14,WARNDatabaseMasterExcluding2026.csv,WFC,kept,ok
GXO LOGISTICS,192.0,2023-11-14,WARNDatabaseMasterExcluding2026.csv,GXO,kept,ok
WELLS FARGO,1.0,2023-11-14,WARNDatabaseMasterExcluding2026.csv,WFC,kept,ok
AGILENT TECHNOLOGIES,29.0,2023-11-14,WARNDatabaseMasterExcluding2026.csv,A,kept,ok
AGILENT TECHNOLOGIES,24.0,2023-11-14,WARNDatabaseMasterExcluding2026.csv,A,kept,ok
AGILENT TECHNOLOGIES,14.0,2023-11-14,WARNDatabaseMasterExcluding2026.csv,A,kept,ok
COGNIZANT TECHNOLOGY SOLUTIONS,88.0,2023-11-09,WARNDatabaseMasterExcluding2026.csv,CTSH,kept,ok
TARGET CORPORATION,106.0,2023-11-09,WARNDatabaseMasterExcluding2026.csv,TGT,kept,ok
TARGET CORPORATION,69.0,2023-11-09,WARNDatabaseMasterExcluding2026.csv,TGT,kept,ok
TARGET CORPORATION,63.0,2023-11-09,WARNDatabaseMasterExcluding2026.csv,TGT,kept,ok
ALPHA TECHNOLOGIES,77.0,2023-11-08,WARNDatabaseMasterExcluding2026.csv,AHAG,kept,ok
CHOICE HOTELS INTERNATIONAL,85.0,2023-11-08,WARNDatabaseMasterExcluding2026.csv,CHH,kept,ok
TYSON FOODS,241.0,2023-11-08,WARNDatabaseMasterExcluding2026.csv,TSN,kept,ok
"TYSON FOODS, INC.",219.0,2023-11-08,WARNDatabaseMasterExcluding2026.csv,TSN,kept,ok
"GALACTIC CO., LLC AND GALACTIC ENTERPRISES, LLC",73.0,2023-11-08,WARNDatabaseMasterExcluding2026.csv,2924.TWO,kept,ok
CDS GLOBAL,27.0,2023-11-07,WARNDatabaseMasterExcluding2026.csv,0P0000VUBO.TO,kept,ok
"Q.E.P. CO., INC.",3.0,2023-11-07,WARNDatabaseMasterExcluding2026.csv,QEPC,kept,ok
CDS GLOBAL,27.0,2023-11-07,WARNDatabaseMasterExcluding2026.csv,0P0000VUBO.TO,kept,ok
RAYTHEON TECHNOLOGIES,34.0,2023-11-06,WARNDatabaseMasterExcluding2026.csv,^RTX,kept,ok
THERMO FISHER SCIENTIFIC,97.0,2023-11-03,WARNDatabaseMasterExcluding2026.csv,TMO,kept,ok
ELEVANCE HEALTH,57.0,2023-11-03,WARNDatabaseMasterExcluding2026.csv,ELV,kept,ok
GILEAD SCIENCES,41.0,2023-11-03,WARNDatabaseMasterExcluding2026.csv,GILD,kept,ok
GILEAD SCIENCES,1.0,2023-11-03,WARNDatabaseMasterExcluding2026.csv,GILD,kept,ok
AMAZON,90.0,2023-11-02,WARNDatabaseMasterExcluding2026.csv,AMZN,kept,ok
BANK OF THE WEST,41.0,2023-11-02,WARNDatabaseMasterExcluding2026.csv,AATKRXX,kept,ok
INGEVITY CORPORATION,182.0,2023-11-01,WARNDatabaseMasterExcluding2026.csv,NGVT,kept,ok
LEIDOS,130.0,2023-11-01,WARNDatabaseMasterExcluding2026.csv,LDOS,kept,ok
MORGAN STANLEY,95.0,2023-11-01,WARNDatabaseMasterExcluding2026.csv,MS,kept,ok
NESTLE,77.0,2023-11-01,WARNDatabaseMasterExcluding2026.csv,NESN.SW,kept,ok
ADVANCE CORPORATION,42.0,2023-11-01,WARNDatabaseMasterExcluding2026.csv,ORBIA.MX,kept,ok
LABCORP,239.0,2023-11-01,WARNDatabaseMasterExcluding2026.csv,LH,kept,ok
JOHN WILEY & SONS,103.0,2023-11-01,WARNDatabaseMasterExcluding2026.csv,WLY,kept,ok
"MAXIMUS, INC.",75.0,2023-11-01,WARNDatabaseMasterExcluding2026.csv,MMS,kept,ok
"SERES THERAPEUTICS, INC.",50.0,2023-11-01,WARNDatabaseMasterExcluding2026.csv,1S90.F,kept,ok
"SERES THERAPEUTICS, INC.",112.0,2023-11-01,WARNDatabaseMasterExcluding2026.csv,1S90.F,kept,ok
"SAKS, LLC",90.0,2023-11-01,WARNDatabaseMasterExcluding2026.csv,SAK-R.BK,kept,ok
BLOOM ENERGY CORPORATION,6.0,2023-11-01,WARNDatabaseMasterExcluding2026.csv,BE,kept,ok
BLOOM ENERGY CORPORATION,1.0,2023-11-01,WARNDatabaseMasterExcluding2026.csv,BE,kept,ok
BLOOM ENERGY CORPORATION,8.0,2023-11-01,WARNDatabaseMasterExcluding2026.csv,BE,kept,ok
BLOOM ENERGY CORPORATION,3.0,2023-11-01,WARNDatabaseMasterExcluding2026.csv,BE,kept,ok
BLOOM ENERGY CORPORATION,54.0,2023-11-01,WARNDatabaseMasterExcluding2026.csv,BE,kept,ok
SLEEP NUMBER,24.0,2023-10-30,WARNDatabaseMasterExcluding2026.csv,SNBR,kept,ok
CARDINAL HEALTH,2.0,2023-10-30,WARNDatabaseMasterExcluding2026.csv,CAH,kept,ok
GOOGLE,41.0,2023-10-30,WARNDatabaseMasterExcluding2026.csv,GOOG,kept,ok
GOOGLE,34.0,2023-10-30,WARNDatabaseMasterExcluding2026.csv,GOOG,kept,ok
"RYMAN HOSPITALITY PROPERTIES, INC.",124.0,2023-10-26,WARNDatabaseMasterExcluding2026.csv,RHP,kept,ok
CVS HEALTH,70.0,2023-10-26,WARNDatabaseMasterExcluding2026.csv,CVS,kept,ok
CVS HEALTH,1.0,2023-10-26,WARNDatabaseMasterExcluding2026.csv,CVS,kept,ok
CVS,1.0,2023-10-26,WARNDatabaseMasterExcluding2026.csv,CVS,kept,ok
JABIL INC.,550.0,2023-10-25,WARNDatabaseMasterExcluding2026.csv,JBL,kept,ok
JABIL INC.,84.0,2023-10-25,WARNDatabaseMasterExcluding2026.csv,JBL,kept,ok
"QUAD/GRAPHICS, MARKETING LLC",200.0,2023-10-24,WARNDatabaseMasterExcluding2026.csv,QUAD,kept,ok
"QUAD/GRAPHICS, MARKETING LLC",145.0,2023-10-24,WARNDatabaseMasterExcluding2026.csv,QUAD,kept,ok
JABIL INC.,138.0,2023-10-24,WARNDatabaseMasterExcluding2026.csv,JBL,kept,ok
PELOTON INTERACTIVE INC.,6.0,2023-10-24,WARNDatabaseMasterExcluding2026.csv,PTON,kept,ok
"JABIL, INC.",69.0,2023-10-24,WARNDatabaseMasterExcluding2026.csv,JBL,kept,ok
"ROKU, INC.",135.0,2023-10-24,WARNDatabaseMasterExcluding2026.csv,ROKU,kept,ok
"ERICSSON, INC.",6.0,2023-10-23,WARNDatabaseMasterExcluding2026.csv,ERIC,kept,ok
BLOOM ENERGY CORPORATION,34.0,2023-10-23,WARNDatabaseMasterExcluding2026.csv,BE,kept,ok
BLOOM ENERGY CORPORATION,1.0,2023-10-23,WARNDatabaseMasterExcluding2026.csv,BE,kept,ok
BLOOM ENERGY CORPORATION,12.0,2023-10-23,WARNDatabaseMasterExcluding2026.csv,BE,kept,ok
SUNRUN INC.,1.0,2023-10-18,WARNDatabaseMasterExcluding2026.csv,RUN,kept,ok
SUNRUN INC.,3.0,2023-10-18,WARNDatabaseMasterExcluding2026.csv,RUN,kept,ok
SUNRUN INC.,24.0,2023-10-18,WARNDatabaseMasterExcluding2026.csv,RUN,kept,ok
SUNRUN INC.,39.0,2023-10-18,WARNDatabaseMasterExcluding2026.csv,RUN,kept,ok
SUNRUN INC.,31.0,2023-10-18,WARNDatabaseMasterExcluding2026.csv,RUN,kept,ok
CARBON HEALTH,3.0,2023-10-18,WARNDatabaseMasterExcluding2026.csv,CARHZZX,kept,ok
CARBON HEALTH,3.0,2023-10-18,WARNDatabaseMasterExcluding2026.csv,CARHZZX,kept,ok
CARBON HEALTH,3.0,2023-10-18,WARNDatabaseMasterExcluding2026.csv,CARHZZX,kept,ok
CARBON HEALTH,2.0,2023-10-18,WARNDatabaseMasterExcluding2026.csv,CARHZZX,kept,ok
CARBON HEALTH,8.0,2023-10-18,WARNDatabaseMasterExcluding2026.csv,CARHZZX,kept,ok
CARBON HEALTH,3.0,2023-10-18,WARNDatabaseMasterExcluding2026.csv,CARHZZX,kept,ok
CARBON HEALTH,4.0,2023-10-18,WARNDatabaseMasterExcluding2026.csv,CARHZZX,kept,ok
CARBON HEALTH,2.0,2023-10-18,WARNDatabaseMasterExcluding2026.csv,CARHZZX,kept,ok
CARBON HEALTH,12.0,2023-10-18,WARNDatabaseMasterExcluding2026.csv,CARHZZX,kept,ok
CARBON HEALTH,9.0,2023-10-18,WARNDatabaseMasterExcluding2026.csv,CARHZZX,kept,ok
CARBON HEALTH,9.0,2023-10-18,WARNDatabaseMasterExcluding2026.csv,CARHZZX,kept,ok
CARBON HEALTH,2.0,2023-10-18,WARNDatabaseMasterExcluding2026.csv,CARHZZX,kept,ok
CARBON HEALTH,2.0,2023-10-18,WARNDatabaseMasterExcluding2026.csv,CARHZZX,kept,ok
CARBON HEALTH,2.0,2023-10-18,WARNDatabaseMasterExcluding2026.csv,CARHZZX,kept,ok
CARBON HEALTH,2.0,2023-10-18,WARNDatabaseMasterExcluding2026.csv,CARHZZX,kept,ok
CARBON HEALTH,3.0,2023-10-18,WARNDatabaseMasterExcluding2026.csv,CARHZZX,kept,ok
CARBON HEALTH,1.0,2023-10-18,WARNDatabaseMasterExcluding2026.csv,CARHZZX,kept,ok
CARBON HEALTH,2.0,2023-10-18,WARNDatabaseMasterExcluding2026.csv,CARHZZX,kept,ok
CARBON HEALTH,1.0,2023-10-18,WARNDatabaseMasterExcluding2026.csv,CARHZZX,kept,ok
CARBON HEALTH,3.0,2023-10-18,WARNDatabaseMasterExcluding2026.csv,CARHZZX,kept,ok
CARBON HEALTH,5.0,2023-10-18,WARNDatabaseMasterExcluding2026.csv,CARHZZX,kept,ok
CARBON HEALTH,11.0,2023-10-18,WARNDatabaseMasterExcluding2026.csv,CARHZZX,kept,ok
CARBON HEALTH,6.0,2023-10-18,WARNDatabaseMasterExcluding2026.csv,CARHZZX,kept,ok
CARBON HEALTH,18.0,2023-10-18,WARNDatabaseMasterExcluding2026.csv,CARHZZX,kept,ok
CARBON HEALTH,2.0,2023-10-18,WARNDatabaseMasterExcluding2026.csv,CARHZZX,kept,ok
CARBON HEALTH,3.0,2023-10-18,WARNDatabaseMasterExcluding2026.csv,CARHZZX,kept,ok
CARBON HEALTH,12.0,2023-10-18,WARNDatabaseMasterExcluding2026.csv,CARHZZX,kept,ok
CARBON HEALTH,1.0,2023-10-18,WARNDatabaseMasterExcluding2026.csv,CARHZZX,kept,ok
CARBON HEALTH,10.0,2023-10-18,WARNDatabaseMasterExcluding2026.csv,CARHZZX,kept,ok
CARBON HEALTH,2.0,2023-10-18,WARNDatabaseMasterExcluding2026.csv,CARHZZX,kept,ok
CARBON HEALTH,3.0,2023-10-18,WARNDatabaseMasterExcluding2026.csv,CARHZZX,kept,ok
WELLS FARGO,4.0,2023-10-17,WARNDatabaseMasterExcluding2026.csv,WFC,kept,ok
WELLS FARGO,1.0,2023-10-17,WARNDatabaseMasterExcluding2026.csv,WFC,kept,ok
WELLS FARGO,6.0,2023-10-17,WARNDatabaseMasterExcluding2026.csv,WFC,kept,ok
NYX,100.0,2023-10-17,WARNDatabaseMasterExcluding2026.csv,NYXH,kept,ok
"BECTON, DICKINSON AND COMPANY",72.0,2023-10-17,WARNDatabaseMasterExcluding2026.csv,BDX,kept,ok
NYX,100.0,2023-10-17,WARNDatabaseMasterExcluding2026.csv,NYXH,kept,ok
WELLS FARGO,4.0,2023-10-17,WARNDatabaseMasterExcluding2026.csv,WFC,kept,ok
WELLS FARGO,1.0,2023-10-17,WARNDatabaseMasterExcluding2026.csv,WFC,kept,ok
WELLS FARGO,6.0,2023-10-17,WARNDatabaseMasterExcluding2026.csv,WFC,kept,ok
EXELA TECHNOLOGIES,44.0,2023-10-17,WARNDatabaseMasterExcluding2026.csv,XELAP,kept,ok
SUNRUN INC.,31.0,2023-10-17,WARNDatabaseMasterExcluding2026.csv,RUN,kept,ok
CARDINAL HEALTH,10.0,2023-10-16,WARNDatabaseMasterExcluding2026.csv,CAH,kept,ok
CARBON HEALTH,1.0,2023-10-16,WARNDatabaseMasterExcluding2026.csv,CARHZZX,kept,ok
CARBON HEALTH,1.0,2023-10-16,WARNDatabaseMasterExcluding2026.csv,CARHZZX,kept,ok
CARBON HEALTH,5.0,2023-10-16,WARNDatabaseMasterExcluding2026.csv,CARHZZX,kept,ok
CARBON HEALTH,1.0,2023-10-16,WARNDatabaseMasterExcluding2026.csv,CARHZZX,kept,ok
CARBON HEALTH,1.0,2023-10-16,WARNDatabaseMasterExcluding2026.csv,CARHZZX,kept,ok
CARBON HEALTH,1.0,2023-10-16,WARNDatabaseMasterExcluding2026.csv,CARHZZX,kept,ok
CARBON HEALTH,4.0,2023-10-16,WARNDatabaseMasterExcluding2026.csv,CARHZZX,kept,ok
CARBON HEALTH,1.0,2023-10-16,WARNDatabaseMasterExcluding2026.csv,CARHZZX,kept,ok
CARBON HEALTH,1.0,2023-10-16,WARNDatabaseMasterExcluding2026.csv,CARHZZX,kept,ok
CARBON HEALTH,4.0,2023-10-16,WARNDatabaseMasterExcluding2026.csv,CARHZZX,kept,ok
CARBON HEALTH,4.0,2023-10-16,WARNDatabaseMasterExcluding2026.csv,CARHZZX,kept,ok
CARBON HEALTH,2.0,2023-10-16,WARNDatabaseMasterExcluding2026.csv,CARHZZX,kept,ok
CARBON HEALTH,1.0,2023-10-16,WARNDatabaseMasterExcluding2026.csv,CARHZZX,kept,ok
CARBON HEALTH,2.0,2023-10-16,WARNDatabaseMasterExcluding2026.csv,CARHZZX,kept,ok
CARBON HEALTH,4.0,2023-10-16,WARNDatabaseMasterExcluding2026.csv,CARHZZX,kept,ok
CARBON HEALTH,2.0,2023-10-16,WARNDatabaseMasterExcluding2026.csv,CARHZZX,kept,ok
CARBON HEALTH,1.0,2023-10-16,WARNDatabaseMasterExcluding2026.csv,CARHZZX,kept,ok
CARBON HEALTH,3.0,2023-10-16,WARNDatabaseMasterExcluding2026.csv,CARHZZX,kept,ok
CARBON HEALTH,3.0,2023-10-16,WARNDatabaseMasterExcluding2026.csv,CARHZZX,kept,ok
CARBON HEALTH,3.0,2023-10-16,WARNDatabaseMasterExcluding2026.csv,CARHZZX,kept,ok
CARBON HEALTH,5.0,2023-10-16,WARNDatabaseMasterExcluding2026.csv,CARHZZX,kept,ok
"FLEXPORT, INC.",165.0,2023-10-13,WARNDatabaseMasterExcluding2026.csv,FLEPZZX,kept,ok
JABIL INC.,51.0,2023-10-13,WARNDatabaseMasterExcluding2026.csv,JBL,kept,ok
JABIL INC.,140.0,2023-10-13,WARNDatabaseMasterExcluding2026.csv,JBL,kept,ok
SAFEWAY,38.0,2023-10-13,WARNDatabaseMasterExcluding2026.csv,301559.SZ,kept,ok
EXO-S,56.0,2023-10-12,WARNDatabaseMasterExcluding2026.csv,PCX.WA,kept,ok
LEGALZOOM.COM,122.0,2023-10-12,WARNDatabaseMasterExcluding2026.csv,LZ,kept,ok
EXO-S,56.0,2023-10-12,WARNDatabaseMasterExcluding2026.csv,PCX.WA,kept,ok
"CHARGEPOINT, INC.",79.0,2023-10-11,WARNDatabaseMasterExcluding2026.csv,CHPT,kept,ok
"CUMMINS, INC.",72.0,2023-10-09,WARNDatabaseMasterExcluding2026.csv,CMI,kept,ok
L3HARRIS TECHNOLOGIES,268.0,2023-10-09,WARNDatabaseMasterExcluding2026.csv,LHX,kept,ok
RAYTHEON TECHNOLOGIES,38.0,2023-10-09,WARNDatabaseMasterExcluding2026.csv,^RTX,kept,ok
"EPIC GAMES, INC.",39.0,2023-10-05,WARNDatabaseMasterExcluding2026.csv,EPIGZZX,kept,ok
CALIFORNIA RESOURCES CORPORATION,26.0,2023-10-04,WARNDatabaseMasterExcluding2026.csv,CRC,kept,ok
CALIFORNIA RESOURCES CORPORATION,1.0,2023-10-04,WARNDatabaseMasterExcluding2026.csv,CRC,kept,ok
CALIFORNIA RESOURCES CORPORATION,4.0,2023-10-04,WARNDatabaseMasterExcluding2026.csv,CRC,kept,ok
CALIFORNIA RESOURCES CORPORATION,1.0,2023-10-04,WARNDatabaseMasterExcluding2026.csv,CRC,kept,ok
CALIFORNIA RESOURCES CORPORATION,25.0,2023-10-04,WARNDatabaseMasterExcluding2026.csv,CRC,kept,ok
CALIFORNIA RESOURCES CORPORATION,2.0,2023-10-04,WARNDatabaseMasterExcluding2026.csv,CRC,kept,ok
CALIFORNIA RESOURCES CORPORATION,1.0,2023-10-04,WARNDatabaseMasterExcluding2026.csv,CRC,kept,ok
CALIFORNIA RESOURCES CORPORATION,1.0,2023-10-04,WARNDatabaseMasterExcluding2026.csv,CRC,kept,ok
"APPFOLIO, INC.",13.0,2023-10-04,WARNDatabaseMasterExcluding2026.csv,APPF,kept,ok
"APPFOLIO, INC.",98.0,2023-10-04,WARNDatabaseMasterExcluding2026.csv,APPF,kept,ok
WELLS FARGO,1.0,2023-10-03,WARNDatabaseMasterExcluding2026.csv,WFC,kept,ok
WELLS FARGO,34.0,2023-10-03,WARNDatabaseMasterExcluding2026.csv,WFC,kept,ok
PFIZER,,2023-10-03,WARNDatabaseMasterExcluding2026.csv,PFE,kept,ok
WELLS FARGO,1.0,2023-10-03,WARNDatabaseMasterExcluding2026.csv,WFC,kept,ok
WELLS FARGO,34.0,2023-10-03,WARNDatabaseMasterExcluding2026.csv,WFC,kept,ok
GRACE,95.0,2023-10-02,WARNDatabaseMasterExcluding2026.csv,GRCE,kept,ok
STITCH FIX,558.0,2023-10-02,WARNDatabaseMasterExcluding2026.csv,SFIX,kept,ok
SONOCO,292.0,2023-10-02,WARNDatabaseMasterExcluding2026.csv,SON,kept,ok
PELOTON INTERACTIVE INC.,3.0,2023-10-02,WARNDatabaseMasterExcluding2026.csv,PTON,kept,ok
CAMPING WORLD,30.0,2023-10-01,WARNDatabaseMasterExcluding2026.csv,CWH,kept,ok
PFIZER INC,791.0,2023-10-01,WARNDatabaseMasterExcluding2026.csv,PFE,kept,ok
CVS HEALTH,90.0,2023-10-01,WARNDatabaseMasterExcluding2026.csv,CVS,kept,ok
ID LOGISTICS,108.0,2023-10-01,WARNDatabaseMasterExcluding2026.csv,1ID.SG,kept,ok
ASSURANT,442.0,2023-10-01,WARNDatabaseMasterExcluding2026.csv,AIZ,kept,ok
"SODEXO, INC. (AT LAKE FOREST ACADEMY)",43.0,2023-09-29,WARNDatabaseMasterExcluding2026.csv,SJ7.SG,kept,ok
TARGET,39.0,2023-09-28,WARNDatabaseMasterExcluding2026.csv,TGT,kept,ok
TARGET,51.0,2023-09-28,WARNDatabaseMasterExcluding2026.csv,TGT,kept,ok
TARGET CORPORATION,40.0,2023-09-28,WARNDatabaseMasterExcluding2026.csv,TGT,kept,ok
TARGET CORPORATION,56.0,2023-09-28,WARNDatabaseMasterExcluding2026.csv,TGT,kept,ok
TARGET CORPORATION,62.0,2023-09-28,WARNDatabaseMasterExcluding2026.csv,TGT,kept,ok
WELLS FARGO,525.0,2023-09-28,WARNDatabaseMasterExcluding2026.csv,WFC,kept,ok
INTEL CORPORATION,58.0,2023-09-28,WARNDatabaseMasterExcluding2026.csv,INTC,kept,ok
"ROBINHOOD MARKETS, INC.",1.0,2023-09-27,WARNDatabaseMasterExcluding2026.csv,HOOD,kept,ok
"ROBINHOOD MARKETS, INC.",2.0,2023-09-27,WARNDatabaseMasterExcluding2026.csv,HOOD,kept,ok
NATURAL ALTERNATIVES INTERNATIONAL,44.0,2023-09-27,WARNDatabaseMasterExcluding2026.csv,NAII,kept,ok
NATURAL ALTERNATIVES INTERNATIONAL,22.0,2023-09-27,WARNDatabaseMasterExcluding2026.csv,NAII,kept,ok
"FLEXE, INC.",131.0,2023-09-26,WARNDatabaseMasterExcluding2026.csv,FLEXZZX,kept,ok
U.S. BANK,34.0,2023-09-26,WARNDatabaseMasterExcluding2026.csv,^DJUSBK,kept,ok
U.S. BANK,11.0,2023-09-26,WARNDatabaseMasterExcluding2026.csv,^DJUSBK,kept,ok
U.S. BANK,1.0,2023-09-26,WARNDatabaseMasterExcluding2026.csv,^DJUSBK,kept,ok
U.S. BANK,8.0,2023-09-26,WARNDatabaseMasterExcluding2026.csv,^DJUSBK,kept,ok
"Q.E.P. CO., INC.",35.0,2023-09-25,WARNDatabaseMasterExcluding2026.csv,QEPC,kept,ok
CARDINAL HEALTH,14.0,2023-09-25,WARNDatabaseMasterExcluding2026.csv,CAH,kept,ok
"TTM TECHNOLOGIES, INC., SUBSIDIARY OF TTM TECHNOLOGIES NORTH AMERICA, LLC",240.0,2023-09-25,WARNDatabaseMasterExcluding2026.csv,TTMI,kept,ok
"WOLFSPEED, INC.",50.0,2023-09-21,WARNDatabaseMasterExcluding2026.csv,WOLF,kept,ok
U.S. BANK,30.0,2023-09-21,WARNDatabaseMasterExcluding2026.csv,^DJUSBK,kept,ok
U.S. BANK,4.0,2023-09-21,WARNDatabaseMasterExcluding2026.csv,^DJUSBK,kept,ok
U.S. BANK,23.0,2023-09-21,WARNDatabaseMasterExcluding2026.csv,^DJUSBK,kept,ok
U.S. BANK,68.0,2023-09-21,WARNDatabaseMasterExcluding2026.csv,^DJUSBK,kept,ok
U. S. BANK,1.0,2023-09-21,WARNDatabaseMasterExcluding2026.csv,^NQSSBAT,kept,ok
WELLS FARGO,1.0,2023-09-20,WARNDatabaseMasterExcluding2026.csv,WFC,kept,ok
BANK OF THE WEST,143.0,2023-09-19,WARNDatabaseMasterExcluding2026.csv,AATKRXX,kept,ok
"IMMUNITYBIO, INC.",48.0,2023-09-19,WARNDatabaseMasterExcluding2026.csv,IBRX,kept,ok
TD SYNNEX,71.0,2023-09-18,WARNDatabaseMasterExcluding2026.csv,SNX,kept,ok
AMENTUM,21.0,2023-09-15,WARNDatabaseMasterExcluding2026.csv,AMTM,kept,ok
"J.B. HUNT TRANSPORT, INC.",127.0,2023-09-15,WARNDatabaseMasterExcluding2026.csv,JBHT,kept,ok
PRIME TRUST,62.0,2023-09-14,WARNDatabaseMasterExcluding2026.csv,ZAFMBX,kept,ok
"L3 TECHNOLOGIES, INC., A WHOLLY OWNED SUBSIDIARY OF L3HARRIS TECHNOLOGIES",134.0,2023-09-14,WARNDatabaseMasterExcluding2026.csv,LHX,kept,ok
"ILLUMINA, INC.",1.0,2023-09-14,WARNDatabaseMasterExcluding2026.csv,ILMN,kept,ok
SUNRUN INC.,50.0,2023-09-14,WARNDatabaseMasterExcluding2026.csv,RUN,kept,ok
REGAL REXNORD CORPORATION,54.0,2023-09-13,WARNDatabaseMasterExcluding2026.csv,RRX,kept,ok
RAYTHEON TECHNOLOGIES,27.0,2023-09-12,WARNDatabaseMasterExcluding2026.csv,^RTX,kept,ok
SUNRUN INC.,53.0,2023-09-12,WARNDatabaseMasterExcluding2026.csv,RUN,kept,ok
"CISCO SYSTEMS, INC.",123.0,2023-09-12,WARNDatabaseMasterExcluding2026.csv,CSCO,kept,ok
"CISCO SYSTEMS, INC.",227.0,2023-09-12,WARNDatabaseMasterExcluding2026.csv,CSCO,kept,ok
PLANET LABS PBC,85.0,2023-09-08,WARNDatabaseMasterExcluding2026.csv,PL,kept,ok
WALMART,255.0,2023-09-05,WARNDatabaseMasterExcluding2026.csv,WMT,kept,ok
WELLS FARGO,1.0,2023-09-05,WARNDatabaseMasterExcluding2026.csv,WFC,kept,ok
PVH CORP.,56.0,2023-09-01,WARNDatabaseMasterExcluding2026.csv,PVH,kept,ok
PTC THERAPEUTICS INC.,308.0,2023-09-01,WARNDatabaseMasterExcluding2026.csv,PTCT,kept,ok
"BECTON, DICKINSON, AND COMPANY",57.0,2023-09-01,WARNDatabaseMasterExcluding2026.csv,BDX,kept,ok
COCA COLA,58.0,2023-09-01,WARNDatabaseMasterExcluding2026.csv,KO,kept,ok
APELLIS PHARMACEUTICALS,175.0,2023-08-30,WARNDatabaseMasterExcluding2026.csv,1JK.DU,kept,ok
"CODEXIS, INC.",28.0,2023-08-30,WARNDatabaseMasterExcluding2026.csv,CDXS,kept,ok
"CODEXIS, INC.",31.0,2023-08-30,WARNDatabaseMasterExcluding2026.csv,CDXS,kept,ok
FLEX LTD,50.0,2023-08-29,WARNDatabaseMasterExcluding2026.csv,FLEX,kept,ok
"KUEHNE + NAGEL, INC.",110.0,2023-08-29,WARNDatabaseMasterExcluding2026.csv,KNIN.SW,kept,ok
"AGILENT TECHNOLOGIES, INC.",64.0,2023-08-28,WARNDatabaseMasterExcluding2026.csv,A,kept,ok
ACCENTURE,100.0,2023-08-28,WARNDatabaseMasterExcluding2026.csv,ACN,kept,ok
ACCENTURE,140.0,2023-08-28,WARNDatabaseMasterExcluding2026.csv,ACN,kept,ok
"CHARLES RIVER LABORATORIES, INC.",55.0,2023-08-28,WARNDatabaseMasterExcluding2026.csv,CRL,kept,ok
BORGWARNER,82.0,2023-08-23,WARNDatabaseMasterExcluding2026.csv,BWA,kept,ok
CHARTER COMMUNICATIONS,66.0,2023-08-23,WARNDatabaseMasterExcluding2026.csv,CHTR,kept,ok
BORGWARNER,82.0,2023-08-23,WARNDatabaseMasterExcluding2026.csv,BWA,kept,ok
CHARTER COMMUNICATIONS,66.0,2023-08-23,WARNDatabaseMasterExcluding2026.csv,CHTR,kept,ok
"WEB INDUSTRIES, INC.",68.0,2023-08-23,WARNDatabaseMasterExcluding2026.csv,WEBC,kept,ok
"FIBROGEN, INC.",104.0,2023-08-23,WARNDatabaseMasterExcluding2026.csv,1FG0.SG,kept,ok
WELLS FARGO,1.0,2023-08-22,WARNDatabaseMasterExcluding2026.csv,WFC,kept,ok
HONEYWELL,66.0,2023-08-22,WARNDatabaseMasterExcluding2026.csv,HON,kept,ok
"TRIN, INC",155.0,2023-08-22,WARNDatabaseMasterExcluding2026.csv,TRIN,kept,ok
WELLS FARGO BANK N.A.,319.0,2023-08-22,WARNDatabaseMasterExcluding2026.csv,ACPRHXX,kept,ok
"TRIN, INC",155.0,2023-08-22,WARNDatabaseMasterExcluding2026.csv,TRIN,kept,ok
WELLS FARGO,1.0,2023-08-22,WARNDatabaseMasterExcluding2026.csv,WFC,kept,ok
"IMMUNITYBIO, INC.",1.0,2023-08-21,WARNDatabaseMasterExcluding2026.csv,IBRX,kept,ok
"IMMUNITYBIO, INC.",1.0,2023-08-21,WARNDatabaseMasterExcluding2026.csv,IBRX,kept,ok
"TEMPO AUTOMATION HOLDINGS, INC.",58.0,2023-08-21,WARNDatabaseMasterExcluding2026.csv,TMPOQ,kept,ok
PELOTON INTERACTIVE INC.,21.0,2023-08-21,WARNDatabaseMasterExcluding2026.csv,PTON,kept,ok
CVS HEALTH,134.0,2023-08-18,WARNDatabaseMasterExcluding2026.csv,CVS,kept,ok
TESLA,55.0,2023-08-18,WARNDatabaseMasterExcluding2026.csv,TSLA,kept,ok
OWENS CORNING,87.0,2023-08-18,WARNDatabaseMasterExcluding2026.csv,OC,kept,ok
CVS HEALTH,161.0,2023-08-18,WARNDatabaseMasterExcluding2026.csv,CVS,kept,ok
CVS HEALTH,68.0,2023-08-18,WARNDatabaseMasterExcluding2026.csv,CVS,kept,ok
CVS HEALTH,17.0,2023-08-18,WARNDatabaseMasterExcluding2026.csv,CVS,kept,ok
CVS HEALTH,65.0,2023-08-18,WARNDatabaseMasterExcluding2026.csv,CVS,kept,ok
CVS HEALTH,521.0,2023-08-18,WARNDatabaseMasterExcluding2026.csv,CVS,kept,ok
CVS HEALTH,198.0,2023-08-18,WARNDatabaseMasterExcluding2026.csv,CVS,kept,ok
"APPFOLIO, INC.",38.0,2023-08-18,WARNDatabaseMasterExcluding2026.csv,APPF,kept,ok
OWENS CORNING,87.0,2023-08-18,WARNDatabaseMasterExcluding2026.csv,OC,kept,ok
CVS HEALTH,43.0,2023-08-18,WARNDatabaseMasterExcluding2026.csv,CVS,kept,ok
CVS HEALTH,76.0,2023-08-18,WARNDatabaseMasterExcluding2026.csv,CVS,kept,ok
CVS HEALTH,64.0,2023-08-18,WARNDatabaseMasterExcluding2026.csv,CVS,kept,ok
"IMMUNITYBIO, INC.",2.0,2023-08-18,WARNDatabaseMasterExcluding2026.csv,IBRX,kept,ok
"IMMUNITYBIO, INC.",1.0,2023-08-18,WARNDatabaseMasterExcluding2026.csv,IBRX,kept,ok
CVS,288.0,2023-08-18,WARNDatabaseMasterExcluding2026.csv,CVS,kept,ok
YELLOW CORPORATION,99.0,2023-08-18,WARNDatabaseMasterExcluding2026.csv,YELLQ,kept,ok
YELLOW CORPORATION,66.0,2023-08-18,WARNDatabaseMasterExcluding2026.csv,YELLQ,kept,ok
YELLOW CORPORATION,4.0,2023-08-18,WARNDatabaseMasterExcluding2026.csv,YELLQ,kept,ok
YELLOW CORPORATION,15.0,2023-08-18,WARNDatabaseMasterExcluding2026.csv,YELLQ,kept,ok
YELLOW CORPORATION,27.0,2023-08-18,WARNDatabaseMasterExcluding2026.csv,YELLQ,kept,ok
YELLOW CORPORATION,102.0,2023-08-18,WARNDatabaseMasterExcluding2026.csv,YELLQ,kept,ok
YELLOW CORPORATION,2.0,2023-08-18,WARNDatabaseMasterExcluding2026.csv,YELLQ,kept,ok
YELLOW CORPORATION,169.0,2023-08-18,WARNDatabaseMasterExcluding2026.csv,YELLQ,kept,ok
YELLOW CORPORATION,70.0,2023-08-18,WARNDatabaseMasterExcluding2026.csv,YELLQ,kept,ok
YELLOW CORPORATION,22.0,2023-08-18,WARNDatabaseMasterExcluding2026.csv,YELLQ,kept,ok
YELLOW CORPORATION,4.0,2023-08-18,WARNDatabaseMasterExcluding2026.csv,YELLQ,kept,ok
YELLOW CORPORATION,29.0,2023-08-18,WARNDatabaseMasterExcluding2026.csv,YELLQ,kept,ok
YELLOW CORPORATION,23.0,2023-08-18,WARNDatabaseMasterExcluding2026.csv,YELLQ,kept,ok
YELLOW CORPORATION,23.0,2023-08-18,WARNDatabaseMasterExcluding2026.csv,YELLQ,kept,ok
YELLOW CORPORATION,58.0,2023-08-18,WARNDatabaseMasterExcluding2026.csv,YELLQ,kept,ok
DELUXE CORPORATION,71.0,2023-08-17,WARNDatabaseMasterExcluding2026.csv,DLX,kept,ok
YELLOW CORPORATION,257.0,2023-08-17,WARNDatabaseMasterExcluding2026.csv,YELLQ,kept,ok
YELLOW CORPORATION,1.0,2023-08-17,WARNDatabaseMasterExcluding2026.csv,YELLQ,kept,ok
YELLOW CORPORATION,120.0,2023-08-17,WARNDatabaseMasterExcluding2026.csv,YELLQ,kept,ok
YELLOW CORPORATION,1.0,2023-08-17,WARNDatabaseMasterExcluding2026.csv,YELLQ,kept,ok
YELLOW CORPORATION,58.0,2023-08-16,WARNDatabaseMasterExcluding2026.csv,YELLQ,kept,ok
YELLOW CORPORATION,43.0,2023-08-16,WARNDatabaseMasterExcluding2026.csv,YELLQ,kept,ok
YELLOW CORPORATION,2.0,2023-08-16,WARNDatabaseMasterExcluding2026.csv,YELLQ,kept,ok
INTEL CORPORATION,67.0,2023-08-16,WARNDatabaseMasterExcluding2026.csv,INTC,kept,ok
INTEL CORPORATION,5.0,2023-08-16,WARNDatabaseMasterExcluding2026.csv,INTC,kept,ok
INTEL CORPORATION,98.0,2023-08-16,WARNDatabaseMasterExcluding2026.csv,INTC,kept,ok
INTEL CORPORATION,5.0,2023-08-16,WARNDatabaseMasterExcluding2026.csv,INTC,kept,ok
WESTROCK,101.0,2023-08-15,WARNDatabaseMasterExcluding2026.csv,SW,kept,ok
YELLOW CORPORATION,10.0,2023-08-15,WARNDatabaseMasterExcluding2026.csv,YELLQ,kept,ok
YELLOW CORPORATION,9.0,2023-08-15,WARNDatabaseMasterExcluding2026.csv,YELLQ,kept,ok
YELLOW CORPORATION,24.0,2023-08-15,WARNDatabaseMasterExcluding2026.csv,YELLQ,kept,ok
YELLOW CORPORATION,86.0,2023-08-15,WARNDatabaseMasterExcluding2026.csv,YELLQ,kept,ok
YELLOW CORPORATION,85.0,2023-08-15,WARNDatabaseMasterExcluding2026.csv,YELLQ,kept,ok
YELLOW CORPORATION,1.0,2023-08-15,WARNDatabaseMasterExcluding2026.csv,YELLQ,kept,ok
YELLOW CORPORATION,45.0,2023-08-15,WARNDatabaseMasterExcluding2026.csv,YELLQ,kept,ok
YELLOW CORPORATION,1.0,2023-08-15,WARNDatabaseMasterExcluding2026.csv,YELLQ,kept,ok
BIOXCEL THERAPEUTICS,7.0,2023-08-15,WARNDatabaseMasterExcluding2026.csv,BTAI,kept,ok
"BECTON, DICKINSON AND COMPANY",107.0,2023-08-15,WARNDatabaseMasterExcluding2026.csv,BDX,kept,ok
TPI COMPOSITES INC,52.0,2023-08-15,WARNDatabaseMasterExcluding2026.csv,TPIC,kept,ok
WESTROCK,101.0,2023-08-15,WARNDatabaseMasterExcluding2026.csv,SW,kept,ok
YELLOW CORPORATION,48.0,2023-08-15,WARNDatabaseMasterExcluding2026.csv,YELLQ,kept,ok
YELLOW CORPORATION,2.0,2023-08-15,WARNDatabaseMasterExcluding2026.csv,YELLQ,kept,ok
YELLOW CORPORATION,30.0,2023-08-15,WARNDatabaseMasterExcluding2026.csv,YELLQ,kept,ok
YELLOW CORPORATION,39.0,2023-08-15,WARNDatabaseMasterExcluding2026.csv,YELLQ,kept,ok
YELLOW CORPORATION,60.0,2023-08-15,WARNDatabaseMasterExcluding2026.csv,YELLQ,kept,ok
YELLOW CORPORATION,15.0,2023-08-15,WARNDatabaseMasterExcluding2026.csv,YELLQ,kept,ok
YELLOW CORPORATION,709.0,2023-08-15,WARNDatabaseMasterExcluding2026.csv,YELLQ,kept,ok
YELLOW CORPORATION,240.0,2023-08-15,WARNDatabaseMasterExcluding2026.csv,YELLQ,kept,ok
YELLOW CORPORATION,11.0,2023-08-15,WARNDatabaseMasterExcluding2026.csv,YELLQ,kept,ok
YELLOW CORPORATION,145.0,2023-08-15,WARNDatabaseMasterExcluding2026.csv,YELLQ,kept,ok
"ILLUMINA, INC.",3.0,2023-08-15,WARNDatabaseMasterExcluding2026.csv,ILMN,kept,ok
"ILLUMINA, INC.",14.0,2023-08-15,WARNDatabaseMasterExcluding2026.csv,ILMN,kept,ok
"ILLUMINA, INC. WORLDWIDE HEADQUARTERS",75.0,2023-08-15,WARNDatabaseMasterExcluding2026.csv,ILMN,kept,ok
"ILLUMINA, INC.",76.0,2023-08-15,WARNDatabaseMasterExcluding2026.csv,ILMN,kept,ok
YELLOW CORPORATION,437.0,2023-08-14,WARNDatabaseMasterExcluding2026.csv,YELLQ,kept,ok
CENTERRA,57.0,2023-08-14,WARNDatabaseMasterExcluding2026.csv,CG.TO,kept,ok
INTEL CORPORATION,89.0,2023-08-14,WARNDatabaseMasterExcluding2026.csv,INTC,kept,ok
INTEL CORPORATION,51.0,2023-08-14,WARNDatabaseMasterExcluding2026.csv,INTC,kept,ok
CENTERRA,129.0,2023-08-11,WARNDatabaseMasterExcluding2026.csv,CG.TO,kept,ok
"CENTERRA, A CONSTELLIS COMPANY",92.0,2023-08-11,WARNDatabaseMasterExcluding2026.csv,CG.TO,kept,ok
CENTERRA,,2023-08-11,WARNDatabaseMasterExcluding2026.csv,CG.TO,kept,ok
AMENTUM,14.0,2023-08-11,WARNDatabaseMasterExcluding2026.csv,AMTM,kept,ok
CENTERRA,63.0,2023-08-11,WARNDatabaseMasterExcluding2026.csv,CG.TO,kept,ok
YELLOW CORPORATION,19.0,2023-08-11,WARNDatabaseMasterExcluding2026.csv,YELLQ,kept,ok
YELLOW CORPORATION,114.0,2023-08-11,WARNDatabaseMasterExcluding2026.csv,YELLQ,kept,ok
YELLOW CORPORATION,39.0,2023-08-11,WARNDatabaseMasterExcluding2026.csv,YELLQ,kept,ok
YELLOW CORPORATION,19.0,2023-08-11,WARNDatabaseMasterExcluding2026.csv,YELLQ,kept,ok
YELLOW CORPORATION,191.0,2023-08-11,WARNDatabaseMasterExcluding2026.csv,YELLQ,kept,ok
YELLOW CORPORATION,45.0,2023-08-11,WARNDatabaseMasterExcluding2026.csv,YELLQ,kept,ok
YELLOW CORPORATION,97.0,2023-08-11,WARNDatabaseMasterExcluding2026.csv,YELLQ,kept,ok
CENTERRA,27.0,2023-08-10,WARNDatabaseMasterExcluding2026.csv,CG.TO,kept,ok
CENTERRA,39.0,2023-08-10,WARNDatabaseMasterExcluding2026.csv,CG.TO,kept,ok
BANK OF THE WEST,203.0,2023-08-10,WARNDatabaseMasterExcluding2026.csv,AATKRXX,kept,ok
MICROSOFT,40.0,2023-08-10,WARNDatabaseMasterExcluding2026.csv,MSFT,kept,ok
BANK OF THE WEST,45.0,2023-08-10,WARNDatabaseMasterExcluding2026.csv,AATKRXX,kept,ok
"SAVOR, INC. (AT MCCORMICK PLACE)",951.0,2023-08-09,WARNDatabaseMasterExcluding2026.csv,SVRT-M.TA,kept,ok
ACCESSO,111.0,2023-08-09,WARNDatabaseMasterExcluding2026.csv,ACSO.L,kept,ok
WELLS FARGO,65.0,2023-08-08,WARNDatabaseMasterExcluding2026.csv,WFC,kept,ok
WELLS FARGO,7.0,2023-08-08,WARNDatabaseMasterExcluding2026.csv,WFC,kept,ok
WELLS FARGO,8.0,2023-08-08,WARNDatabaseMasterExcluding2026.csv,WFC,kept,ok
"EMERGENT BIOSOLUTIONS, INC.",211.0,2023-08-08,WARNDatabaseMasterExcluding2026.csv,EBS,kept,ok
"EMERGENT BIOSOLUTIONS, INC.",20.0,2023-08-08,WARNDatabaseMasterExcluding2026.csv,EBS,kept,ok
TYSON FOODS,,2023-08-08,WARNDatabaseMasterExcluding2026.csv,TSN,kept,ok
TYSON FOODS,683.0,2023-08-08,WARNDatabaseMasterExcluding2026.csv,TSN,kept,ok
"RADIAL, INC.",42.0,2023-08-08,WARNDatabaseMasterExcluding2026.csv,RAD.CN,kept,ok
"BABYLON, INC",94.0,2023-08-08,WARNDatabaseMasterExcluding2026.csv,BABI-USD,kept,ok
TATA CONSULTANCY SERVICES,85.0,2023-08-08,WARNDatabaseMasterExcluding2026.csv,TCS.NS,kept,ok
WELLS FARGO,65.0,2023-08-08,WARNDatabaseMasterExcluding2026.csv,WFC,kept,ok
WELLS FARGO,7.0,2023-08-08,WARNDatabaseMasterExcluding2026.csv,WFC,kept,ok
WELLS FARGO,8.0,2023-08-08,WARNDatabaseMasterExcluding2026.csv,WFC,kept,ok
"EMERGENT BIOSOLUTIONS, INC.",86.0,2023-08-08,WARNDatabaseMasterExcluding2026.csv,EBS,kept,ok
THERMO FISHER SCIENTIFIC,18.0,2023-08-08,WARNDatabaseMasterExcluding2026.csv,TMO,kept,ok
THERMO FISHER SCIENTIFIC,187.0,2023-08-08,WARNDatabaseMasterExcluding2026.csv,TMO,kept,ok
WELLS FARGO,1.0,2023-08-08,WARNDatabaseMasterExcluding2026.csv,WFC,kept,ok
TYSON FOODS,368.0,2023-08-07,WARNDatabaseMasterExcluding2026.csv,TSN,kept,ok
TYSON FOODS,368.0,2023-08-07,WARNDatabaseMasterExcluding2026.csv,TSN,kept,ok
SMITHFIELD FOODS,92.0,2023-08-04,WARNDatabaseMasterExcluding2026.csv,SFD,kept,ok
WALMART,12.0,2023-08-04,WARNDatabaseMasterExcluding2026.csv,WMT,kept,ok
REGAL REXNORD,78.0,2023-08-03,WARNDatabaseMasterExcluding2026.csv,RRX,kept,ok
COMPASS GROUP,153.0,2023-08-03,WARNDatabaseMasterExcluding2026.csv,XGR.F,kept,ok
YELLOW CORPORATION,,2023-08-02,WARNDatabaseMasterExcluding2026.csv,YELLQ,kept,ok
INTUITIVE SURGICAL INC,91.0,2023-08-02,WARNDatabaseMasterExcluding2026.csv,ISRG,kept,ok
THERMO FISHER SCIENTIFIC,66.0,2023-08-02,WARNDatabaseMasterExcluding2026.csv,TMO,kept,ok
THERMO FISHER SCIENTIFIC,5.0,2023-08-02,WARNDatabaseMasterExcluding2026.csv,TMO,kept,ok
THERMO FISHER SCIENTIFIC,27.0,2023-08-02,WARNDatabaseMasterExcluding2026.csv,TMO,kept,ok
THERMO FISHER SCIENTIFIC,6.0,2023-08-02,WARNDatabaseMasterExcluding2026.csv,TMO,kept,ok
THERMO FISHER SCIENTIFIC,2.0,2023-08-02,WARNDatabaseMasterExcluding2026.csv,TMO,kept,ok
YELLOW CORPORATION,0.0,2023-08-01,WARNDatabaseMasterExcluding2026.csv,YELLQ,kept,ok
YELLOW CORPORATION,200.0,2023-08-01,WARNDatabaseMasterExcluding2026.csv,YELLQ,kept,ok
YELLOW CORPORATION,92.0,2023-08-01,WARNDatabaseMasterExcluding2026.csv,YELLQ,kept,ok
YELLOW CORPORATION,49.0,2023-08-01,WARNDatabaseMasterExcluding2026.csv,YELLQ,kept,ok
YELLOW CORPORATION,7.0,2023-08-01,WARNDatabaseMasterExcluding2026.csv,YELLQ,kept,ok
YELLOW CORPORATION,4.0,2023-08-01,WARNDatabaseMasterExcluding2026.csv,YELLQ,kept,ok
YELLOW CORPORATION,1.0,2023-08-01,WARNDatabaseMasterExcluding2026.csv,YELLQ,kept,ok
YELLOW CORPORATION,30.0,2023-08-01,WARNDatabaseMasterExcluding2026.csv,YELLQ,kept,ok
YELLOW CORPORATION,1.0,2023-08-01,WARNDatabaseMasterExcluding2026.csv,YELLQ,kept,ok
YELLOW CORPORATION,,2023-08-01,WARNDatabaseMasterExcluding2026.csv,YELLQ,kept,ok
CVS HEALTH,207.0,2023-08-01,WARNDatabaseMasterExcluding2026.csv,CVS,kept,ok
BRISTOL MYERS SQUIBB,108.0,2023-08-01,WARNDatabaseMasterExcluding2026.csv,BMY,kept,ok
"ERICSSON, INC.",64.0,2023-08-01,WARNDatabaseMasterExcluding2026.csv,ERIC,kept,ok
YELLOW CORPORATION,92.0,2023-08-01,WARNDatabaseMasterExcluding2026.csv,YELLQ,kept,ok
YELLOW CORPORATION,49.0,2023-08-01,WARNDatabaseMasterExcluding2026.csv,YELLQ,kept,ok
YELLOW CORPORATION,7.0,2023-08-01,WARNDatabaseMasterExcluding2026.csv,YELLQ,kept,ok
YELLOW CORPORATION,4.0,2023-08-01,WARNDatabaseMasterExcluding2026.csv,YELLQ,kept,ok
YELLOW CORPORATION,1.0,2023-08-01,WARNDatabaseMasterExcluding2026.csv,YELLQ,kept,ok
YELLOW CORPORATION,30.0,2023-08-01,WARNDatabaseMasterExcluding2026.csv,YELLQ,kept,ok
YELLOW CORPORATION,1.0,2023-08-01,WARNDatabaseMasterExcluding2026.csv,YELLQ,kept,ok
YELLOW CORPORATION,654.0,2023-08-01,WARNDatabaseMasterExcluding2026.csv,YELLQ,kept,ok
YELLOW CORPORATION,518.0,2023-08-01,WARNDatabaseMasterExcluding2026.csv,YELLQ,kept,ok
YELLOW CORPORATION,13.0,2023-08-01,WARNDatabaseMasterExcluding2026.csv,YELLQ,kept,ok
YELLOW CORPORATION,6.0,2023-08-01,WARNDatabaseMasterExcluding2026.csv,YELLQ,kept,ok
YELLOW CORPORATION,3.0,2023-08-01,WARNDatabaseMasterExcluding2026.csv,YELLQ,kept,ok
YELLOW CORPORATION,3.0,2023-08-01,WARNDatabaseMasterExcluding2026.csv,YELLQ,kept,ok
YELLOW CORPORATION,118.0,2023-08-01,WARNDatabaseMasterExcluding2026.csv,YELLQ,kept,ok
YELLOW CORPORATION,24.0,2023-08-01,WARNDatabaseMasterExcluding2026.csv,YELLQ,kept,ok
YELLOW CORPORATION,145.0,2023-08-01,WARNDatabaseMasterExcluding2026.csv,YELLQ,kept,ok
YELLOW CORPORATION,55.0,2023-08-01,WARNDatabaseMasterExcluding2026.csv,YELLQ,kept,ok
"TRULIEVE, INC.",90.0,2023-08-01,WARNDatabaseMasterExcluding2026.csv,TCNNF,kept,ok
"SCHNADER, HARRISON, SEGAL & LEWIS, LLP",83.0,2023-08-01,WARNDatabaseMasterExcluding2026.csv,5008.KL,kept,ok
WESTROCK,70.0,2023-08-01,WARNDatabaseMasterExcluding2026.csv,SW,kept,ok
CVS HEALTH,157.0,2023-08-01,WARNDatabaseMasterExcluding2026.csv,CVS,kept,ok
CORECIVIC,274.0,2023-07-31,WARNDatabaseMasterExcluding2026.csv,CXW,kept,ok
THERMO FISHER SCIENTIFIC,38.0,2023-07-31,WARNDatabaseMasterExcluding2026.csv,TMO,kept,ok
THERMO FISHER SCIENTIFIC,64.0,2023-07-31,WARNDatabaseMasterExcluding2026.csv,TMO,kept,ok
YELLOW CORPORATION,,2023-07-30,WARNDatabaseMasterExcluding2026.csv,YELLQ,kept,ok
YELLOW CORP,4.0,2023-07-30,WARNDatabaseMasterExcluding2026.csv,YELLQ,kept,ok
YELLOW CORPORATION,,2023-07-30,WARNDatabaseMasterExcluding2026.csv,YELLQ,kept,ok
YELLOW CORPORATION,14.0,2023-07-30,WARNDatabaseMasterExcluding2026.csv,YELLQ,kept,ok
YELLOW CORPORATION,255.0,2023-07-30,WARNDatabaseMasterExcluding2026.csv,YELLQ,kept,ok
YELLOW CORPORATION,14.0,2023-07-30,WARNDatabaseMasterExcluding2026.csv,YELLQ,kept,ok
YELLOW CORPORATION,64.0,2023-07-30,WARNDatabaseMasterExcluding2026.csv,YELLQ,kept,ok
YELLOW CORPORATION,13.0,2023-07-30,WARNDatabaseMasterExcluding2026.csv,YELLQ,kept,ok
YELLOW CORPORATION,118.0,2023-07-30,WARNDatabaseMasterExcluding2026.csv,YELLQ,kept,ok
"HEADSPACE, INC.",158.0,2023-07-27,WARNDatabaseMasterExcluding2026.csv,HEAAZZX,kept,ok
"TTM TECHNOLOGIES, INC., SUBSIDIARY OF TTM TECHNOLOGIES NORTH AMERICA, LLC",102.0,2023-07-27,WARNDatabaseMasterExcluding2026.csv,TTMI,kept,ok
JABIL INC.,85.0,2023-07-26,WARNDatabaseMasterExcluding2026.csv,JBL,kept,ok
JABIL INC.,28.0,2023-07-26,WARNDatabaseMasterExcluding2026.csv,JBL,kept,ok
PFIZER,69.0,2023-07-25,WARNDatabaseMasterExcluding2026.csv,PFE,kept,ok
WELLS FARGO,1.0,2023-07-25,WARNDatabaseMasterExcluding2026.csv,WFC,kept,ok
WELLS FARGO,32.0,2023-07-24,WARNDatabaseMasterExcluding2026.csv,WFC,kept,ok
WELLS FARGO,10.0,2023-07-24,WARNDatabaseMasterExcluding2026.csv,WFC,kept,ok
WELLS FARGO,1.0,2023-07-24,WARNDatabaseMasterExcluding2026.csv,WFC,kept,ok
WELLS FARGO,8.0,2023-07-24,WARNDatabaseMasterExcluding2026.csv,WFC,kept,ok
"ANTHONY, INC.",136.0,2023-07-20,WARNDatabaseMasterExcluding2026.csv,MAJJ,kept,ok
OWENS CORNING,63.0,2023-07-19,WARNDatabaseMasterExcluding2026.csv,OC,kept,ok
"PORTFOLIO RECOVERY ASSOCIATES, LLC (PRA GROUP INC.)",123.0,2023-07-18,WARNDatabaseMasterExcluding2026.csv,PRAA,kept,ok
"METHODE ELECTRONICS, INC. DBA DABIR SURFACES, INC.",28.0,2023-07-17,WARNDatabaseMasterExcluding2026.csv,MEI,kept,ok
CAMPBELL SOUP COMPANY,55.0,2023-07-17,WARNDatabaseMasterExcluding2026.csv,CPB,kept,ok
AMGEN,4.0,2023-07-17,WARNDatabaseMasterExcluding2026.csv,AMGN,kept,ok
BOSTON SCIENTIFIC CORPORATION,52.0,2023-07-17,WARNDatabaseMasterExcluding2026.csv,BSX,kept,ok
"GAP, INC.",2.0,2023-07-17,WARNDatabaseMasterExcluding2026.csv,GAP,kept,ok
"GAP, INC.",31.0,2023-07-17,WARNDatabaseMasterExcluding2026.csv,GAP,kept,ok
"GAP, INC.",1.0,2023-07-17,WARNDatabaseMasterExcluding2026.csv,GAP,kept,ok
CAMPBELL SOUP COMPANY,76.0,2023-07-14,WARNDatabaseMasterExcluding2026.csv,CPB,kept,ok
"ROBINHOOD MARKETS, INC.",23.0,2023-07-13,WARNDatabaseMasterExcluding2026.csv,HOOD,kept,ok
"ILLUMINA, INC.",1.0,2023-07-13,WARNDatabaseMasterExcluding2026.csv,ILMN,kept,ok
"ILLUMINA, INC.",71.0,2023-07-13,WARNDatabaseMasterExcluding2026.csv,ILMN,kept,ok
"ILLUMINA, INC.",14.0,2023-07-13,WARNDatabaseMasterExcluding2026.csv,ILMN,kept,ok
JABIL INC.,53.0,2023-07-13,WARNDatabaseMasterExcluding2026.csv,JBL,kept,ok
WELLS FARGO,103.0,2023-07-12,WARNDatabaseMasterExcluding2026.csv,WFC,kept,ok
BANK OF THE WEST,56.0,2023-07-11,WARNDatabaseMasterExcluding2026.csv,AATKRXX,kept,ok
INTEL CORPORATION,78.0,2023-07-11,WARNDatabaseMasterExcluding2026.csv,INTC,kept,ok
BMO HARRIS BANK N.A.,81.0,2023-07-10,WARNDatabaseMasterExcluding2026.csv,AAQTXXX,kept,ok
MICROSOFT,276.0,2023-07-10,WARNDatabaseMasterExcluding2026.csv,MSFT,kept,ok
BANK OF THE WEST,100.0,2023-07-10,WARNDatabaseMasterExcluding2026.csv,AATKRXX,kept,ok
COMPUTERSHARE,9.0,2023-07-10,WARNDatabaseMasterExcluding2026.csv,CMSQY,kept,ok
MICROSOFT,2.0,2023-07-07,WARNDatabaseMasterExcluding2026.csv,MSFT,kept,ok
"AKI, INC. D/B/A ARCADE BEAUTY",84.0,2023-07-06,WARNDatabaseMasterExcluding2026.csv,1380.T,kept,ok
ZURN ELKAY WATER SOLUTIONS,100.0,2023-07-06,WARNDatabaseMasterExcluding2026.csv,ZWS,kept,ok
"SODEXO, INC. AND AFFILIATES AT BEVERLY HOSPITAL",68.0,2023-07-06,WARNDatabaseMasterExcluding2026.csv,SWN.MX,kept,ok
PRIMARY HEALTH,60.0,2023-07-06,WARNDatabaseMasterExcluding2026.csv,PHP.JO,kept,ok
AMENTUM,27.0,2023-07-03,WARNDatabaseMasterExcluding2026.csv,AMTM,kept,ok
CRESCENDO,1.0,2023-07-01,WARNDatabaseMasterExcluding2026.csv,6718.KL,kept,ok
YELLOW CORP,320.0,2023-07-01,WARNDatabaseMasterExcluding2026.csv,YELLQ,kept,ok
FEDEX FREIGHT,30.0,2023-07-01,WARNDatabaseMasterExcluding2026.csv,FDXF,kept,ok
PRUDENTIAL FINANCIAL INC.,46.0,2023-07-01,WARNDatabaseMasterExcluding2026.csv,PRU,kept,ok
TD BANK,88.0,2023-07-01,WARNDatabaseMasterExcluding2026.csv,TD-PFA.TO,kept,ok
PVH CORP,13.0,2023-07-01,WARNDatabaseMasterExcluding2026.csv,PVH,kept,ok
"STITCH FIX, INC.",393.0,2023-07-01,WARNDatabaseMasterExcluding2026.csv,SFIX,kept,ok
"EVERQUOTE, INC",98.0,2023-06-30,WARNDatabaseMasterExcluding2026.csv,EVER,kept,ok
"EVERQUOTE, INC",98.0,2023-06-30,WARNDatabaseMasterExcluding2026.csv,EVER,kept,ok
LAM RESEARCH CORPORATION,6.0,2023-06-30,WARNDatabaseMasterExcluding2026.csv,LRCX,kept,ok
LAM RESEARCH CORPORATION,155.0,2023-06-30,WARNDatabaseMasterExcluding2026.csv,LRCX,kept,ok
"ROBINHOOD MARKETS, INC.",61.0,2023-06-29,WARNDatabaseMasterExcluding2026.csv,HOOD,kept,ok
PITNEY BOWES INC.,240.0,2023-06-27,WARNDatabaseMasterExcluding2026.csv,PBI,kept,ok
"PACKERS SANITATION SERVICES, INC. (PSSI) CENTER, TEXAS",93.0,2023-06-27,WARNDatabaseMasterExcluding2026.csv,TXN,kept,ok
PITNEY BOWES INC.,240.0,2023-06-27,WARNDatabaseMasterExcluding2026.csv,PBI,kept,ok
"META PLATFORMS, INC.",15.0,2023-06-26,WARNDatabaseMasterExcluding2026.csv,META,kept,ok
"META PLATFORMS, INC.",47.0,2023-06-26,WARNDatabaseMasterExcluding2026.csv,META,kept,ok
"META PLATFORMS, INC.",5.0,2023-06-26,WARNDatabaseMasterExcluding2026.csv,META,kept,ok
"META PLATFORMS, INC.",3.0,2023-06-26,WARNDatabaseMasterExcluding2026.csv,META,kept,ok
"META PLATFORMS, INC.",58.0,2023-06-26,WARNDatabaseMasterExcluding2026.csv,META,kept,ok
"META PLATFORMS, INC.",8.0,2023-06-26,WARNDatabaseMasterExcluding2026.csv,META,kept,ok
"META PLATFORMS, INC.",1.0,2023-06-26,WARNDatabaseMasterExcluding2026.csv,META,kept,ok
"META PLATFORMS, INC.",58.0,2023-06-26,WARNDatabaseMasterExcluding2026.csv,META,kept,ok
"META PLATFORMS, INC.",68.0,2023-06-26,WARNDatabaseMasterExcluding2026.csv,META,kept,ok
"META PLATFORMS, INC.",40.0,2023-06-26,WARNDatabaseMasterExcluding2026.csv,META,kept,ok
"META PLATFORMS, INC.",7.0,2023-06-26,WARNDatabaseMasterExcluding2026.csv,META,kept,ok
"META PLATFORMS, INC.",4.0,2023-06-26,WARNDatabaseMasterExcluding2026.csv,META,kept,ok
"META PLATFORMS, INC.",14.0,2023-06-26,WARNDatabaseMasterExcluding2026.csv,META,kept,ok
"META PLATFORMS, INC.",89.0,2023-06-26,WARNDatabaseMasterExcluding2026.csv,META,kept,ok
"META PLATFORMS, INC.",5.0,2023-06-26,WARNDatabaseMasterExcluding2026.csv,META,kept,ok
"META PLATFORMS, INC.",4.0,2023-06-26,WARNDatabaseMasterExcluding2026.csv,META,kept,ok
"META PLATFORMS, INC.",17.0,2023-06-26,WARNDatabaseMasterExcluding2026.csv,META,kept,ok
"META PLATFORMS, INC.",40.0,2023-06-26,WARNDatabaseMasterExcluding2026.csv,META,kept,ok
"META PLATFORMS, INC.",45.0,2023-06-26,WARNDatabaseMasterExcluding2026.csv,META,kept,ok
COGNIZANT TECHNOLOGY SOLUTIONS,56.0,2023-06-23,WARNDatabaseMasterExcluding2026.csv,CTSH,kept,ok
"RADIAL, INC.",87.0,2023-06-23,WARNDatabaseMasterExcluding2026.csv,RAD.CN,kept,ok
"META PLATFORMS, INC.",19.0,2023-06-23,WARNDatabaseMasterExcluding2026.csv,META,kept,ok
"META PLATFORMS, INC.",44.0,2023-06-23,WARNDatabaseMasterExcluding2026.csv,META,kept,ok
"META PLATFORMS, INC.",8.0,2023-06-23,WARNDatabaseMasterExcluding2026.csv,META,kept,ok
"META PLATFORMS, INC.",1.0,2023-06-23,WARNDatabaseMasterExcluding2026.csv,META,kept,ok
"META PLATFORMS, INC.",2.0,2023-06-23,WARNDatabaseMasterExcluding2026.csv,META,kept,ok
"META PLATFORMS, INC.",13.0,2023-06-23,WARNDatabaseMasterExcluding2026.csv,META,kept,ok
"META PLATFORMS, INC.",2.0,2023-06-23,WARNDatabaseMasterExcluding2026.csv,META,kept,ok
"META PLATFORMS, INC.",15.0,2023-06-23,WARNDatabaseMasterExcluding2026.csv,META,kept,ok
"META PLATFORMS, INC.",7.0,2023-06-23,WARNDatabaseMasterExcluding2026.csv,META,kept,ok
"META PLATFORMS, INC.",2.0,2023-06-23,WARNDatabaseMasterExcluding2026.csv,META,kept,ok
"META PLATFORMS, INC.",4.0,2023-06-23,WARNDatabaseMasterExcluding2026.csv,META,kept,ok
"FEDEX FREIGHT, INC.",96.0,2023-06-22,WARNDatabaseMasterExcluding2026.csv,FDXF,kept,ok
"ROBINHOOD MARKETS, INC.",7.0,2023-06-22,WARNDatabaseMasterExcluding2026.csv,HOOD,kept,ok
"VIRTEX PPI/TIME ZERO, INC. (WAYNESBORO, VA PLANT)",76.0,2023-06-21,WARNDatabaseMasterExcluding2026.csv,VASUPRADA.BO,kept,ok
"META PLATFORMS, INC.",35.0,2023-06-21,WARNDatabaseMasterExcluding2026.csv,META,kept,ok
"META PLATFORMS, INC.",73.0,2023-06-21,WARNDatabaseMasterExcluding2026.csv,META,kept,ok
"META PLATFORMS, INC.",16.0,2023-06-21,WARNDatabaseMasterExcluding2026.csv,META,kept,ok
"META PLATFORMS, INC.",122.0,2023-06-21,WARNDatabaseMasterExcluding2026.csv,META,kept,ok
"META PLATFORMS, INC.",31.0,2023-06-21,WARNDatabaseMasterExcluding2026.csv,META,kept,ok
"META PLATFORMS, INC.",8.0,2023-06-21,WARNDatabaseMasterExcluding2026.csv,META,kept,ok
"META PLATFORMS, INC.",304.0,2023-06-21,WARNDatabaseMasterExcluding2026.csv,META,kept,ok
"MEDIFAST, INC.",83.0,2023-06-20,WARNDatabaseMasterExcluding2026.csv,MED,kept,ok
"GAP, INC. DBA OLD NAVY STORE #5934",112.0,2023-06-15,WARNDatabaseMasterExcluding2026.csv,GAP,kept,ok
TWIST BIOSCIENCE CORPORATION,197.0,2023-06-14,WARNDatabaseMasterExcluding2026.csv,TWST,kept,ok
TWIST BIOSCIENCE CORPORATION,10.0,2023-06-14,WARNDatabaseMasterExcluding2026.csv,TWST,kept,ok
TWIST BIOSCIENCE CORPORATION,5.0,2023-06-14,WARNDatabaseMasterExcluding2026.csv,TWST,kept,ok
"SODEXO, INC AND AFFILIATES",16.0,2023-06-13,WARNDatabaseMasterExcluding2026.csv,0J3F.IL,kept,ok
"SODEXO, INC AND AFFILIATES",17.0,2023-06-13,WARNDatabaseMasterExcluding2026.csv,0J3F.IL,kept,ok
"SODEXO, INC AND AFFILIATES",14.0,2023-06-13,WARNDatabaseMasterExcluding2026.csv,0J3F.IL,kept,ok
THERMO FISHER SCIENTIFIC,2.0,2023-06-13,WARNDatabaseMasterExcluding2026.csv,TMO,kept,ok
THERMO FISHER SCIENTIFIC,1.0,2023-06-13,WARNDatabaseMasterExcluding2026.csv,TMO,kept,ok
THERMO FISHER SCIENTIFIC,6.0,2023-06-13,WARNDatabaseMasterExcluding2026.csv,TMO,kept,ok
THERMO FISHER SCIENTIFIC,33.0,2023-06-13,WARNDatabaseMasterExcluding2026.csv,TMO,kept,ok
THERMO FISHER SCIENTIFIC,8.0,2023-06-13,WARNDatabaseMasterExcluding2026.csv,TMO,kept,ok
THERMO FISHER SCIENTIFIC,1.0,2023-06-13,WARNDatabaseMasterExcluding2026.csv,TMO,kept,ok
ROGERS CORPORATION,64.0,2023-06-12,WARNDatabaseMasterExcluding2026.csv,ROG,kept,ok
"HULU, LLC - 2450",5.0,2023-06-08,WARNDatabaseMasterExcluding2026.csv,000751.SZ,kept,ok
"HULU, LLC - 2450",22.0,2023-06-08,WARNDatabaseMasterExcluding2026.csv,000751.SZ,kept,ok
"HULU, LLC",29.0,2023-06-08,WARNDatabaseMasterExcluding2026.csv,000751.SZ,kept,ok
"HULU, LLC",6.0,2023-06-08,WARNDatabaseMasterExcluding2026.csv,000751.SZ,kept,ok
WESTERN DIGITAL,211.0,2023-06-08,WARNDatabaseMasterExcluding2026.csv,WDC,kept,ok
"Q.E.P. CO., INC.",87.0,2023-06-06,WARNDatabaseMasterExcluding2026.csv,QEPC,kept,ok
VSE CORPORATION,112.0,2023-06-06,WARNDatabaseMasterExcluding2026.csv,VSEC,kept,ok
"PELOTON INTERACTIVE, INC.",5.0,2023-06-06,WARNDatabaseMasterExcluding2026.csv,PTON,kept,ok
WESTERN DIGITAL,81.0,2023-06-06,WARNDatabaseMasterExcluding2026.csv,WDC,kept,ok
MICROSOFT,22.0,2023-06-05,WARNDatabaseMasterExcluding2026.csv,MSFT,kept,ok
COHERENT CORP.,196.0,2023-06-05,WARNDatabaseMasterExcluding2026.csv,COHR,kept,ok
MORGAN STANLEY,61.0,2023-06-01,WARNDatabaseMasterExcluding2026.csv,MS,kept,ok
UNITED NATURAL FOODS INC.,60.0,2023-06-01,WARNDatabaseMasterExcluding2026.csv,UNFI,kept,ok
TRULIEVE,90.0,2023-06-01,WARNDatabaseMasterExcluding2026.csv,TCNNF,kept,ok
FLEX LTD.,31.0,2023-06-01,WARNDatabaseMasterExcluding2026.csv,FLEX,kept,ok
AMENTUM,3.0,2023-05-31,WARNDatabaseMasterExcluding2026.csv,AMTM,kept,ok
EMERSON ELECTRIC COMPANY,235.0,2023-05-30,WARNDatabaseMasterExcluding2026.csv,EMR,kept,ok
"LYFT, INC.",133.0,2023-05-30,WARNDatabaseMasterExcluding2026.csv,LYFT,kept,ok
TYSON FOODS,262.0,2023-05-26,WARNDatabaseMasterExcluding2026.csv,TSN,kept,ok
AMENTUM,19.0,2023-05-26,WARNDatabaseMasterExcluding2026.csv,AMTM,kept,ok
TYSON FOODS,177.0,2023-05-26,WARNDatabaseMasterExcluding2026.csv,TSN,kept,ok
TYSON FOODS,51.0,2023-05-26,WARNDatabaseMasterExcluding2026.csv,TSN,kept,ok
SMITH & WESSON,129.0,2023-05-26,WARNDatabaseMasterExcluding2026.csv,SWBI,kept,ok
"PUMP, LLC DBA PUMP RESTAURANT",59.0,2023-05-25,WARNDatabaseMasterExcluding2026.csv,PUMP,kept,ok
"NURO, INC.",252.0,2023-05-25,WARNDatabaseMasterExcluding2026.csv,NUGYO.IS,kept,ok
ASPIRATION,27.0,2023-05-24,WARNDatabaseMasterExcluding2026.csv,REDWX,kept,ok
ASPIRATION,1.0,2023-05-24,WARNDatabaseMasterExcluding2026.csv,REDWX,kept,ok
"GAP, INC.",37.0,2023-05-24,WARNDatabaseMasterExcluding2026.csv,GAP,kept,ok
"GAP, INC.",1.0,2023-05-24,WARNDatabaseMasterExcluding2026.csv,GAP,kept,ok
"GAP, INC.",84.0,2023-05-24,WARNDatabaseMasterExcluding2026.csv,GAP,kept,ok
"GAP, INC.",569.0,2023-05-24,WARNDatabaseMasterExcluding2026.csv,GAP,kept,ok
"GAP, INC.",79.0,2023-05-24,WARNDatabaseMasterExcluding2026.csv,GAP,kept,ok
"GAP, INC.",15.0,2023-05-24,WARNDatabaseMasterExcluding2026.csv,GAP,kept,ok
"CLEVELAND-CLIFFS, INC.",300.0,2023-05-22,WARNDatabaseMasterExcluding2026.csv,CLF,kept,ok
PITNEY BOWES INC.,31.0,2023-05-22,WARNDatabaseMasterExcluding2026.csv,PBI,kept,ok
WELLS FARGO,8.0,2023-05-22,WARNDatabaseMasterExcluding2026.csv,WFC,kept,ok
WELLS FARGO,1.0,2023-05-22,WARNDatabaseMasterExcluding2026.csv,WFC,kept,ok
WELLS FARGO,1.0,2023-05-22,WARNDatabaseMasterExcluding2026.csv,WFC,kept,ok
"PITNEY BOWES, INC.",73.0,2023-05-18,WARNDatabaseMasterExcluding2026.csv,PBI,kept,ok
SODEXO,90.0,2023-05-18,WARNDatabaseMasterExcluding2026.csv,SWN.MX,kept,ok
WIPRO,64.0,2023-05-18,WARNDatabaseMasterExcluding2026.csv,WIT,kept,ok
BAKER HUGHES,183.0,2023-05-18,WARNDatabaseMasterExcluding2026.csv,BKR,kept,ok
"ACT, INC",106.0,2023-05-17,WARNDatabaseMasterExcluding2026.csv,ACT,kept,ok
"SODEXO, INC AND AFFILIATES",169.0,2023-05-17,WARNDatabaseMasterExcluding2026.csv,0J3F.IL,kept,ok
"ACT, INC",106.0,2023-05-17,WARNDatabaseMasterExcluding2026.csv,ACT,kept,ok
SCHNEIDER ELECTRIC,43.0,2023-05-17,WARNDatabaseMasterExcluding2026.csv,SU.PA,kept,ok
"COSTAR GROUP, INC.",4.0,2023-05-17,WARNDatabaseMasterExcluding2026.csv,CSGP,kept,ok
CUE HEALTH INC.,95.0,2023-05-17,WARNDatabaseMasterExcluding2026.csv,HLTHQ,kept,ok
CUE HEALTH INC.,10.0,2023-05-17,WARNDatabaseMasterExcluding2026.csv,HLTHQ,kept,ok
CUE HEALTH INC.,9.0,2023-05-17,WARNDatabaseMasterExcluding2026.csv,HLTHQ,kept,ok
CUE HEALTH INC.,4.0,2023-05-17,WARNDatabaseMasterExcluding2026.csv,HLTHQ,kept,ok
CUE HEALTH INC.,8.0,2023-05-17,WARNDatabaseMasterExcluding2026.csv,HLTHQ,kept,ok
CUE HEALTH INC.,6.0,2023-05-17,WARNDatabaseMasterExcluding2026.csv,HLTHQ,kept,ok
CUE HEALTH INC.,62.0,2023-05-17,WARNDatabaseMasterExcluding2026.csv,HLTHQ,kept,ok
CUE HEALTH INC.,133.0,2023-05-17,WARNDatabaseMasterExcluding2026.csv,HLTHQ,kept,ok
CUE HEALTH INC.,2.0,2023-05-17,WARNDatabaseMasterExcluding2026.csv,HLTHQ,kept,ok
"APPFOLIO, INC.",62.0,2023-05-17,WARNDatabaseMasterExcluding2026.csv,APPF,kept,ok
WELLS FARGO,25.0,2023-05-16,WARNDatabaseMasterExcluding2026.csv,WFC,kept,ok
WELLS FARGO,25.0,2023-05-16,WARNDatabaseMasterExcluding2026.csv,WFC,kept,ok
"TRULIEVE, INC.",155.0,2023-05-15,WARNDatabaseMasterExcluding2026.csv,TCNNF,kept,ok
DELUXE CORPORATION,57.0,2023-05-11,WARNDatabaseMasterExcluding2026.csv,DLX,kept,ok
VILLAGE FARMS,27.0,2023-05-10,WARNDatabaseMasterExcluding2026.csv,VFF,kept,ok
"DROPBOX, INC.",182.0,2023-05-10,WARNDatabaseMasterExcluding2026.csv,DBX,kept,ok
"LYFT, INC.",383.0,2023-05-10,WARNDatabaseMasterExcluding2026.csv,LYFT,kept,ok
MICROSOFT,158.0,2023-05-09,WARNDatabaseMasterExcluding2026.csv,MSFT,kept,ok
"CITYBLOCK HEALTH, INC AND CITYBLOCK MEDICAL PRACTICE, P.A.",60.0,2023-05-09,WARNDatabaseMasterExcluding2026.csv,7225.KL,kept,ok
"SANGAMO THERAPEUTICS, INC.",30.0,2023-05-09,WARNDatabaseMasterExcluding2026.csv,SGMO,kept,ok
SANGAMO THERAPEUTICS,25.0,2023-05-09,WARNDatabaseMasterExcluding2026.csv,SGMO,kept,ok
"META PLATFORMS, INC.",2.0,2023-05-08,WARNDatabaseMasterExcluding2026.csv,META,kept,ok
"META PLATFORMS, INC.",18.0,2023-05-08,WARNDatabaseMasterExcluding2026.csv,META,kept,ok
"META PLATFORMS, INC.",34.0,2023-05-08,WARNDatabaseMasterExcluding2026.csv,META,kept,ok
"META PLATFORMS, INC.",26.0,2023-05-08,WARNDatabaseMasterExcluding2026.csv,META,kept,ok
"META PLATFORMS, INC.",12.0,2023-05-08,WARNDatabaseMasterExcluding2026.csv,META,kept,ok
"META PLATFORMS, INC.",41.0,2023-05-08,WARNDatabaseMasterExcluding2026.csv,META,kept,ok
"META PLATFORMS, INC.",3.0,2023-05-08,WARNDatabaseMasterExcluding2026.csv,META,kept,ok
"META PLATFORMS, INC.",4.0,2023-05-08,WARNDatabaseMasterExcluding2026.csv,META,kept,ok
"META PLATFORMS, INC.",3.0,2023-05-08,WARNDatabaseMasterExcluding2026.csv,META,kept,ok
"META PLATFORMS, INC.",3.0,2023-05-08,WARNDatabaseMasterExcluding2026.csv,META,kept,ok
"META PLATFORMS, INC.",6.0,2023-05-08,WARNDatabaseMasterExcluding2026.csv,META,kept,ok
"META PLATFORMS, INC.",39.0,2023-05-08,WARNDatabaseMasterExcluding2026.csv,META,kept,ok
"META PLATFORMS, INC.",57.0,2023-05-08,WARNDatabaseMasterExcluding2026.csv,META,kept,ok
"META PLATFORMS, INC.",70.0,2023-05-08,WARNDatabaseMasterExcluding2026.csv,META,kept,ok
"META PLATFORMS, INC.",79.0,2023-05-08,WARNDatabaseMasterExcluding2026.csv,META,kept,ok
"META PLATFORMS, INC.",25.0,2023-05-08,WARNDatabaseMasterExcluding2026.csv,META,kept,ok
"META PLATFORMS, INC.",114.0,2023-05-08,WARNDatabaseMasterExcluding2026.csv,META,kept,ok
"META PLATFORMS, INC.",91.0,2023-05-08,WARNDatabaseMasterExcluding2026.csv,META,kept,ok
"META PLATFORMS, INC.",118.0,2023-05-08,WARNDatabaseMasterExcluding2026.csv,META,kept,ok
"META PLATFORMS, INC.",30.0,2023-05-08,WARNDatabaseMasterExcluding2026.csv,META,kept,ok
"META PLATFORMS, INC.",32.0,2023-05-08,WARNDatabaseMasterExcluding2026.csv,META,kept,ok
"META PLATFORMS, INC.",15.0,2023-05-08,WARNDatabaseMasterExcluding2026.csv,META,kept,ok
"META PLATFORMS, INC.",57.0,2023-05-08,WARNDatabaseMasterExcluding2026.csv,META,kept,ok
"META PLATFORMS, INC.",35.0,2023-05-08,WARNDatabaseMasterExcluding2026.csv,META,kept,ok
"META PLATFORMS, INC.",42.0,2023-05-08,WARNDatabaseMasterExcluding2026.csv,META,kept,ok
"META PLATFORMS, INC.",53.0,2023-05-08,WARNDatabaseMasterExcluding2026.csv,META,kept,ok
"META PLATFORMS, INC.",63.0,2023-05-08,WARNDatabaseMasterExcluding2026.csv,META,kept,ok
"META PLATFORMS, INC.",17.0,2023-05-08,WARNDatabaseMasterExcluding2026.csv,META,kept,ok
"META PLATFORMS, INC.",119.0,2023-05-08,WARNDatabaseMasterExcluding2026.csv,META,kept,ok
"META PLATFORMS, INC.",127.0,2023-05-08,WARNDatabaseMasterExcluding2026.csv,META,kept,ok
"META PLATFORMS, INC.",19.0,2023-05-08,WARNDatabaseMasterExcluding2026.csv,META,kept,ok
ACCENTURE,148.0,2023-05-05,WARNDatabaseMasterExcluding2026.csv,ACN,kept,ok
WASTE MANAGEMENT,78.0,2023-05-05,WARNDatabaseMasterExcluding2026.csv,WM,kept,ok
INTEL CORPORATION,57.0,2023-05-05,WARNDatabaseMasterExcluding2026.csv,INTC,kept,ok
"META PLATFORMS, INC.",44.0,2023-05-04,WARNDatabaseMasterExcluding2026.csv,META,kept,ok
"META PLATFORMS, INC.",27.0,2023-05-04,WARNDatabaseMasterExcluding2026.csv,META,kept,ok
"META PLATFORMS, INC.",40.0,2023-05-04,WARNDatabaseMasterExcluding2026.csv,META,kept,ok
"META PLATFORMS, INC.",41.0,2023-05-04,WARNDatabaseMasterExcluding2026.csv,META,kept,ok
WALMART,106.0,2023-05-03,WARNDatabaseMasterExcluding2026.csv,WMT,kept,ok
LEAR CORP,332.0,2023-05-03,WARNDatabaseMasterExcluding2026.csv,LEA,kept,ok
LEAR CORP,226.0,2023-05-03,WARNDatabaseMasterExcluding2026.csv,LEA,kept,ok
TUESDAY MORNING,13.0,2023-05-02,WARNDatabaseMasterExcluding2026.csv,TUEMQ,kept,ok
PITNEY BOWES INC.,83.0,2023-05-02,WARNDatabaseMasterExcluding2026.csv,PBI,kept,ok
CRICUT INC,52.0,2023-05-01,WARNDatabaseMasterExcluding2026.csv,CRCT,kept,ok
GODADDY,1.0,2023-05-01,WARNDatabaseMasterExcluding2026.csv,GDDY,kept,ok
PEARSON,37.0,2023-05-01,WARNDatabaseMasterExcluding2026.csv,PSON.L,kept,ok
SHOPPERS,49.0,2023-05-01,WARNDatabaseMasterExcluding2026.csv,SHOPERSTOP.NS,kept,ok
PTC THERAPEUTICS INC.,94.0,2023-05-01,WARNDatabaseMasterExcluding2026.csv,PTCT,kept,ok
UBS,51.0,2023-05-01,WARNDatabaseMasterExcluding2026.csv,UBS,kept,ok
GODADDY,1.0,2023-05-01,WARNDatabaseMasterExcluding2026.csv,GDDY,kept,ok
PEARSON,37.0,2023-05-01,WARNDatabaseMasterExcluding2026.csv,PSON.L,kept,ok
SHERWIN-WILLIAMS,51.0,2023-04-28,WARNDatabaseMasterExcluding2026.csv,SHW,kept,ok
ELECTRONIC ARTS INC.,65.0,2023-04-28,WARNDatabaseMasterExcluding2026.csv,EA,kept,ok
INTEL CORPORATION,62.0,2023-04-28,WARNDatabaseMasterExcluding2026.csv,INTC,kept,ok
WELLS FARGO,39.0,2023-04-28,WARNDatabaseMasterExcluding2026.csv,WFC,kept,ok
WELLS FARGO,8.0,2023-04-28,WARNDatabaseMasterExcluding2026.csv,WFC,kept,ok
WELLS FARGO,2.0,2023-04-28,WARNDatabaseMasterExcluding2026.csv,WFC,kept,ok
WELLS FARGO,3.0,2023-04-28,WARNDatabaseMasterExcluding2026.csv,WFC,kept,ok
NEKTAR THERAPEUTICS,72.0,2023-04-28,WARNDatabaseMasterExcluding2026.csv,NKTR,kept,ok
WALMART,14.0,2023-04-26,WARNDatabaseMasterExcluding2026.csv,WMT,kept,ok
THERMO FISHER SCIENTIFIC,29.0,2023-04-26,WARNDatabaseMasterExcluding2026.csv,TMO,kept,ok
THERMO FISHER SCIENTIFIC,52.0,2023-04-26,WARNDatabaseMasterExcluding2026.csv,TMO,kept,ok
THERMO FISHER SCIENTIFIC,137.0,2023-04-26,WARNDatabaseMasterExcluding2026.csv,TMO,kept,ok
SAFEWAY,65.0,2023-04-26,WARNDatabaseMasterExcluding2026.csv,301559.SZ,kept,ok
WESTROCK,75.0,2023-04-25,WARNDatabaseMasterExcluding2026.csv,SW,kept,ok
BED BATH & BEYOND INC,,2023-04-25,WARNDatabaseMasterExcluding2026.csv,BBBY,kept,ok
RAYTHEON TECHNOLOGIES,175.0,2023-04-24,WARNDatabaseMasterExcluding2026.csv,^RTX,kept,ok
ACCENTURE,75.0,2023-04-21,WARNDatabaseMasterExcluding2026.csv,ACN,kept,ok
"AMPLITUDE, INC.",83.0,2023-04-19,WARNDatabaseMasterExcluding2026.csv,AMPL,kept,ok
WELLS FARGO,69.0,2023-04-18,WARNDatabaseMasterExcluding2026.csv,WFC,kept,ok
WELLS FARGO,8.0,2023-04-18,WARNDatabaseMasterExcluding2026.csv,WFC,kept,ok
WELLS FARGO,1.0,2023-04-18,WARNDatabaseMasterExcluding2026.csv,WFC,kept,ok
"PACKERS SANITATION SERVICES- CACTUS, TEXAS",113.0,2023-04-18,WARNDatabaseMasterExcluding2026.csv,TXN,kept,ok
WELLS FARGO,69.0,2023-04-18,WARNDatabaseMasterExcluding2026.csv,WFC,kept,ok
WELLS FARGO,8.0,2023-04-18,WARNDatabaseMasterExcluding2026.csv,WFC,kept,ok
WELLS FARGO,1.0,2023-04-18,WARNDatabaseMasterExcluding2026.csv,WFC,kept,ok
"DAVID'S BRIDAL, STORE # 216, EUGENE",1.0,2023-04-14,WARNDatabaseMasterExcluding2026.csv,001200.KS,kept,ok
"NEWELL BRANDS, INC.",75.0,2023-04-14,WARNDatabaseMasterExcluding2026.csv,NWL,kept,ok
WALMART,83.0,2023-04-14,WARNDatabaseMasterExcluding2026.csv,WMT,kept,ok
WALMART,132.0,2023-04-14,WARNDatabaseMasterExcluding2026.csv,WMT,kept,ok
WALMART,439.0,2023-04-14,WARNDatabaseMasterExcluding2026.csv,WMT,kept,ok
WALMART,110.0,2023-04-14,WARNDatabaseMasterExcluding2026.csv,WMT,kept,ok
PEARSON,17.0,2023-04-13,WARNDatabaseMasterExcluding2026.csv,PSON.L,kept,ok
PEARSON,17.0,2023-04-13,WARNDatabaseMasterExcluding2026.csv,PSON.L,kept,ok
VALEO,20.0,2023-04-10,WARNDatabaseMasterExcluding2026.csv,FR.PA,kept,ok
"MEDTRONIC, INC.",59.0,2023-04-07,WARNDatabaseMasterExcluding2026.csv,MDT,kept,ok
WALMART,953.0,2023-04-07,WARNDatabaseMasterExcluding2026.csv,WMT,kept,ok
"VIASAT, INC",107.0,2023-04-07,WARNDatabaseMasterExcluding2026.csv,VSAT,kept,ok
"VIASAT, INC",4.0,2023-04-07,WARNDatabaseMasterExcluding2026.csv,VSAT,kept,ok
JABIL INC.,57.0,2023-04-06,WARNDatabaseMasterExcluding2026.csv,JBL,kept,ok
SCHNEIDER ELECTRIC,8.0,2023-04-06,WARNDatabaseMasterExcluding2026.csv,SU.PA,kept,ok
"STRATASYS, INC.",23.0,2023-04-06,WARNDatabaseMasterExcluding2026.csv,SSYS,kept,ok
"SALESFORCE, INC.",86.0,2023-04-05,WARNDatabaseMasterExcluding2026.csv,CRM,kept,ok
"ROKU, INC.",91.0,2023-04-05,WARNDatabaseMasterExcluding2026.csv,ROKU,kept,ok
MICROSOFT,19.0,2023-04-03,WARNDatabaseMasterExcluding2026.csv,MSFT,kept,ok
MICROSOFT,1.0,2023-04-03,WARNDatabaseMasterExcluding2026.csv,MSFT,kept,ok
SHARP,118.0,2023-04-03,WARNDatabaseMasterExcluding2026.csv,SBET,kept,ok
MICROSOFT,1.0,2023-04-03,WARNDatabaseMasterExcluding2026.csv,MSFT,kept,ok
COHERENT,127.0,2023-04-01,WARNDatabaseMasterExcluding2026.csv,COHR,kept,ok
BRISTOL MYERS SQUIBB,48.0,2023-04-01,WARNDatabaseMasterExcluding2026.csv,BMY,kept,ok
"HVL, LLC",312.0,2023-04-01,WARNDatabaseMasterExcluding2026.csv,HVLU.AX,kept,ok
MCKESSON CORPORATION,135.0,2023-04-01,WARNDatabaseMasterExcluding2026.csv,MCK,kept,ok
"NRG, HOMER CITY GENERATING STATION",129.0,2023-04-01,WARNDatabaseMasterExcluding2026.csv,NRG,kept,ok
"SANTANDER BANK, N.A.",77.0,2023-04-01,WARNDatabaseMasterExcluding2026.csv,BKZHF,kept,ok
HONEYWELL,6.0,2023-03-31,WARNDatabaseMasterExcluding2026.csv,HON,kept,ok
CARDINAL HEALTH,131.0,2023-03-31,WARNDatabaseMasterExcluding2026.csv,CAH,kept,ok
ASPIRATION,4.0,2023-03-31,WARNDatabaseMasterExcluding2026.csv,REDWX,kept,ok
MCKESSON CORPORATION,252.0,2023-03-29,WARNDatabaseMasterExcluding2026.csv,MCK,kept,ok
MILLERKNOLL INC.,161.0,2023-03-29,WARNDatabaseMasterExcluding2026.csv,MLKN,kept,ok
MICROSOFT,559.0,2023-03-27,WARNDatabaseMasterExcluding2026.csv,MSFT,kept,ok
MATTEL,13.0,2023-03-27,WARNDatabaseMasterExcluding2026.csv,MAT,kept,ok
MATTEL,1.0,2023-03-27,WARNDatabaseMasterExcluding2026.csv,MAT,kept,ok
MATTEL,91.0,2023-03-27,WARNDatabaseMasterExcluding2026.csv,MAT,kept,ok
S & A INDUSTRIES,6.0,2023-03-24,WARNDatabaseMasterExcluding2026.csv,KCPSUGIND.BO,kept,ok
ASPIRATION,1.0,2023-03-24,WARNDatabaseMasterExcluding2026.csv,REDWX,kept,ok
WALMART,124.0,2023-03-24,WARNDatabaseMasterExcluding2026.csv,WMT,kept,ok
ASPIRATION,184.0,2023-03-24,WARNDatabaseMasterExcluding2026.csv,REDWX,kept,ok
WALMART,400.0,2023-03-24,WARNDatabaseMasterExcluding2026.csv,WMT,kept,ok
WALMART,198.0,2023-03-23,WARNDatabaseMasterExcluding2026.csv,WMT,kept,ok
CHEWY INC.,306.0,2023-03-22,WARNDatabaseMasterExcluding2026.csv,CHWY,kept,ok
STANLEY BLACK & DECKER,179.0,2023-03-20,WARNDatabaseMasterExcluding2026.csv,SWK,kept,ok
WALMART,69.0,2023-03-20,WARNDatabaseMasterExcluding2026.csv,WMT,kept,ok
"NATERA, INC.",59.0,2023-03-20,WARNDatabaseMasterExcluding2026.csv,NTRA,kept,ok
MICROSOFT,54.0,2023-03-20,WARNDatabaseMasterExcluding2026.csv,MSFT,kept,ok
MICROSOFT,1.0,2023-03-20,WARNDatabaseMasterExcluding2026.csv,MSFT,kept,ok
MICROSOFT,1.0,2023-03-20,WARNDatabaseMasterExcluding2026.csv,MSFT,kept,ok
ND PAPER,90.0,2023-03-18,WARNDatabaseMasterExcluding2026.csv,2689.HK,kept,ok
AMGEN INC.,425.0,2023-03-17,WARNDatabaseMasterExcluding2026.csv,AMGN,kept,ok
YELLOW CORPORATION,189.0,2023-03-16,WARNDatabaseMasterExcluding2026.csv,YELLQ,kept,ok
GANNETT,44.0,2023-03-16,WARNDatabaseMasterExcluding2026.csv,US36472T1097.SG,kept,ok
YELLOW CORPORATION,105.0,2023-03-16,WARNDatabaseMasterExcluding2026.csv,YELLQ,kept,ok
CRESCO LABS,25.0,2023-03-16,WARNDatabaseMasterExcluding2026.csv,CRLBF,kept,ok
CRESCO LABS,44.0,2023-03-16,WARNDatabaseMasterExcluding2026.csv,CRLBF,kept,ok
TARGET,51.0,2023-03-14,WARNDatabaseMasterExcluding2026.csv,TGT,kept,ok
WIPRO LIMITED,120.0,2023-03-14,WARNDatabaseMasterExcluding2026.csv,WIT,kept,ok
COHERENT CORP.,108.0,2023-03-14,WARNDatabaseMasterExcluding2026.csv,COHR,kept,ok
ABM INDUSTRIES INCORPORATED,37.0,2023-03-13,WARNDatabaseMasterExcluding2026.csv,ABM,kept,ok
"TYSON FOODS, INC.",612.0,2023-03-13,WARNDatabaseMasterExcluding2026.csv,TSN,kept,ok
"TYSON FOODS, INC",60.0,2023-03-13,WARNDatabaseMasterExcluding2026.csv,TSN,kept,ok
KUEHNE & NAGEL,294.0,2023-03-10,WARNDatabaseMasterExcluding2026.csv,KNIN.SW,kept,ok
KUEHNE & NAGEL,294.0,2023-03-10,WARNDatabaseMasterExcluding2026.csv,KNIN.SW,kept,ok
"SALESFORCE, INC.",55.0,2023-03-10,WARNDatabaseMasterExcluding2026.csv,CRM,kept,ok
"LEGGETT & PLATT, INC.",6.0,2023-03-09,WARNDatabaseMasterExcluding2026.csv,LEG,kept,ok
"LEGGETT & PLATT, INC.",31.0,2023-03-09,WARNDatabaseMasterExcluding2026.csv,LEG,kept,ok
"COSTAR GROUP, INC.",62.0,2023-03-09,WARNDatabaseMasterExcluding2026.csv,CSGP,kept,ok
QUAD/GRAPHICS,58.0,2023-03-08,WARNDatabaseMasterExcluding2026.csv,QUAD,kept,ok
INGERSOLL RAND,69.0,2023-03-07,WARNDatabaseMasterExcluding2026.csv,IR,kept,ok
"COHERUS BIOSCIENCES, INC.",51.0,2023-03-07,WARNDatabaseMasterExcluding2026.csv,CHRS,kept,ok
FLEX LTD,10.0,2023-03-07,WARNDatabaseMasterExcluding2026.csv,FLEX,kept,ok
KLA CORPORATION,72.0,2023-03-07,WARNDatabaseMasterExcluding2026.csv,KLAC,kept,ok
BOOT BARN,59.0,2023-03-07,WARNDatabaseMasterExcluding2026.csv,BOOT,kept,ok
THERMO FISHER SCIENTIFIC,123.0,2023-03-07,WARNDatabaseMasterExcluding2026.csv,TMO,kept,ok
THERMO FISHER SCIENTIFIC,12.0,2023-03-07,WARNDatabaseMasterExcluding2026.csv,TMO,kept,ok
THERMO FISHER SCIENTIFIC,19.0,2023-03-07,WARNDatabaseMasterExcluding2026.csv,TMO,kept,ok
"AEROVIRONMENT, INC.",62.0,2023-03-07,WARNDatabaseMasterExcluding2026.csv,AVAV,kept,ok
STITCH FIX INC,144.0,2023-03-06,WARNDatabaseMasterExcluding2026.csv,SFIX,kept,ok
MICROSOFT,689.0,2023-03-06,WARNDatabaseMasterExcluding2026.csv,MSFT,kept,ok
IMMUNITYBIO INC,1.0,2023-03-06,WARNDatabaseMasterExcluding2026.csv,IBRX,kept,ok
FINANCE OF AMERICA,48.0,2023-03-06,WARNDatabaseMasterExcluding2026.csv,FOA,kept,ok
SONOCO PRODUCTS,116.0,2023-03-05,WARNDatabaseMasterExcluding2026.csv,SON,kept,ok
SONOCO,116.0,2023-03-03,WARNDatabaseMasterExcluding2026.csv,SON,kept,ok
WALMART,267.0,2023-03-02,WARNDatabaseMasterExcluding2026.csv,WMT,kept,ok
TASKUS,91.0,2023-03-01,WARNDatabaseMasterExcluding2026.csv,TASK,kept,ok
THERMO FISHER SCIENTIFIC,113.0,2023-03-01,WARNDatabaseMasterExcluding2026.csv,TMO,kept,ok
"CHEWY, INC.",522.0,2023-03-01,WARNDatabaseMasterExcluding2026.csv,CHWY,kept,ok
TARGET,47.0,2023-03-01,WARNDatabaseMasterExcluding2026.csv,TGT,kept,ok
"RIVIAN AUTOMOTIVE, LLC",150.0,2023-03-01,WARNDatabaseMasterExcluding2026.csv,RIVN,kept,ok
"RIVIAN AUTOMOTIVE, LLC",61.0,2023-03-01,WARNDatabaseMasterExcluding2026.csv,RIVN,kept,ok
"RIVIAN AUTOMOTIVE, LLC",29.0,2023-03-01,WARNDatabaseMasterExcluding2026.csv,RIVN,kept,ok
"RIVIAN AUTOMOTIVE, LLC",153.0,2023-03-01,WARNDatabaseMasterExcluding2026.csv,RIVN,kept,ok
"RIVIAN AUTOMOTIVE, LLC",35.0,2023-03-01,WARNDatabaseMasterExcluding2026.csv,RIVN,kept,ok
"RIVIAN AUTOMOTIVE, LLC",31.0,2023-03-01,WARNDatabaseMasterExcluding2026.csv,RIVN,kept,ok
"RIVIAN AUTOMOTIVE, LLC",8.0,2023-03-01,WARNDatabaseMasterExcluding2026.csv,RIVN,kept,ok
"RIVIAN AUTOMOTIVE, LLC",8.0,2023-03-01,WARNDatabaseMasterExcluding2026.csv,RIVN,kept,ok
"RIVIAN AUTOMOTIVE, LLC",4.0,2023-03-01,WARNDatabaseMasterExcluding2026.csv,RIVN,kept,ok
"ZOOM VIDEO COMMUNICATIONS, INC.",199.0,2023-03-01,WARNDatabaseMasterExcluding2026.csv,5ZM.HM,kept,ok
"IMPOSSIBLE FOODS, INC.",132.0,2023-02-28,WARNDatabaseMasterExcluding2026.csv,IMPSZZX,kept,ok
"AEROVIRONMENT, INC.",17.0,2023-02-28,WARNDatabaseMasterExcluding2026.csv,AVAV,kept,ok
WESTROCK,76.0,2023-02-27,WARNDatabaseMasterExcluding2026.csv,SW,kept,ok
"MINTED, LLC.",6.0,2023-02-27,WARNDatabaseMasterExcluding2026.csv,MTD21418-USD,kept,ok
"SUNRUN, INC. & SUNRUN INSTALLATION SERVICES, INC.",111.0,2023-02-24,WARNDatabaseMasterExcluding2026.csv,RUN,kept,ok
TWILIO INC,54.0,2023-02-23,WARNDatabaseMasterExcluding2026.csv,TWLO,kept,ok
BOSTON SCIENTIFIC CORPORATION,120.0,2023-02-23,WARNDatabaseMasterExcluding2026.csv,BSX,kept,ok
CENTURION,80.0,2023-02-23,WARNDatabaseMasterExcluding2026.csv,OU8.SI,kept,ok
"INSTIL BIO, INC.",39.0,2023-02-23,WARNDatabaseMasterExcluding2026.csv,TIL,kept,ok
"INSTIL BIO, INC.",1.0,2023-02-23,WARNDatabaseMasterExcluding2026.csv,TIL,kept,ok
"INSTIL BIO, INC.",42.0,2023-02-23,WARNDatabaseMasterExcluding2026.csv,TIL,kept,ok
BJ'S RESTAURANTS,90.0,2023-02-23,WARNDatabaseMasterExcluding2026.csv,ZCG.F,kept,ok
"WIX.COM, INC.",27.0,2023-02-23,WARNDatabaseMasterExcluding2026.csv,WIX,kept,ok
"WIPRO, LLC",114.0,2023-02-22,WARNDatabaseMasterExcluding2026.csv,WIT,kept,ok
INTEL CORPORATION,49.0,2023-02-22,WARNDatabaseMasterExcluding2026.csv,INTC,kept,ok
INTEL CORPORATION,1.0,2023-02-22,WARNDatabaseMasterExcluding2026.csv,INTC,kept,ok
INTEL CORPORATION,1.0,2023-02-22,WARNDatabaseMasterExcluding2026.csv,INTC,kept,ok
"SORRENTO THERAPEUTICS, INC.",538.0,2023-02-22,WARNDatabaseMasterExcluding2026.csv,SRNE,kept,ok
"UDEMY, INC.",74.0,2023-02-22,WARNDatabaseMasterExcluding2026.csv,7WH.DU,kept,ok
INTEL CORPORATION,61.0,2023-02-22,WARNDatabaseMasterExcluding2026.csv,INTC,kept,ok
"WIX.COM, INC.",100.0,2023-02-21,WARNDatabaseMasterExcluding2026.csv,WIX,kept,ok
AMAZON,41.0,2023-02-21,WARNDatabaseMasterExcluding2026.csv,AMZN,kept,ok
"EBAY, INC.",15.0,2023-02-21,WARNDatabaseMasterExcluding2026.csv,EBAY,kept,ok
TWILIO INC.,159.0,2023-02-21,WARNDatabaseMasterExcluding2026.csv,TWLO,kept,ok
"EBAY, INC.",169.0,2023-02-21,WARNDatabaseMasterExcluding2026.csv,EBAY,kept,ok
PFIZER INC,196.0,2023-02-17,WARNDatabaseMasterExcluding2026.csv,PFE,kept,ok
"AFFIRM, INC.",155.0,2023-02-17,WARNDatabaseMasterExcluding2026.csv,AFRM,kept,ok
"SKYWORKS SOLUTIONS, INC.",129.0,2023-02-16,WARNDatabaseMasterExcluding2026.csv,SWKS,kept,ok
WIX.COM,62.0,2023-02-15,WARNDatabaseMasterExcluding2026.csv,WIX,kept,ok
WIX,144.0,2023-02-15,WARNDatabaseMasterExcluding2026.csv,WIX,kept,ok
"WORKDAY, INC.",196.0,2023-02-15,WARNDatabaseMasterExcluding2026.csv,WDAY,kept,ok
"AUTODESK, INC.",61.0,2023-02-15,WARNDatabaseMasterExcluding2026.csv,ADSK,kept,ok
"SALESFORCE, INC.",247.0,2023-02-15,WARNDatabaseMasterExcluding2026.csv,CRM,kept,ok
"SALESFORCE, INC.",7.0,2023-02-15,WARNDatabaseMasterExcluding2026.csv,CRM,kept,ok
"SALESFORCE, INC.",4.0,2023-02-15,WARNDatabaseMasterExcluding2026.csv,CRM,kept,ok
"PLASTIQ, INC.",80.0,2023-02-15,WARNDatabaseMasterExcluding2026.csv,1R9.F,kept,ok
PINTEREST INC.,49.0,2023-02-15,WARNDatabaseMasterExcluding2026.csv,PINS,kept,ok
"NETAPP, INC.",148.0,2023-02-15,WARNDatabaseMasterExcluding2026.csv,NTAP,kept,ok
"BCH, INC. DBA WELLNESS WORK",63.0,2023-02-14,WARNDatabaseMasterExcluding2026.csv,BCH,kept,ok
LAM RESEARCH CORPORATION,200.0,2023-02-13,WARNDatabaseMasterExcluding2026.csv,LRCX,kept,ok
LAM RESEARCH CORPORATION,200.0,2023-02-13,WARNDatabaseMasterExcluding2026.csv,LRCX,kept,ok
MICROSOFT,7.0,2023-02-13,WARNDatabaseMasterExcluding2026.csv,MSFT,kept,ok
MICROSOFT,1.0,2023-02-13,WARNDatabaseMasterExcluding2026.csv,MSFT,kept,ok
MICROSOFT,1.0,2023-02-13,WARNDatabaseMasterExcluding2026.csv,MSFT,kept,ok
MICROSOFT,1.0,2023-02-13,WARNDatabaseMasterExcluding2026.csv,MSFT,kept,ok
MICROSOFT,2.0,2023-02-13,WARNDatabaseMasterExcluding2026.csv,MSFT,kept,ok
MICROSOFT,41.0,2023-02-13,WARNDatabaseMasterExcluding2026.csv,MSFT,kept,ok
MICROSOFT,9.0,2023-02-13,WARNDatabaseMasterExcluding2026.csv,MSFT,kept,ok
PAYPAL,319.0,2023-02-10,WARNDatabaseMasterExcluding2026.csv,PYPL,kept,ok
MICROSOFT,617.0,2023-02-09,WARNDatabaseMasterExcluding2026.csv,MSFT,kept,ok
GODADDY,35.0,2023-02-09,WARNDatabaseMasterExcluding2026.csv,GDDY,kept,ok
OLIVE,44.0,2023-02-09,WARNDatabaseMasterExcluding2026.csv,36S.F,kept,ok
GODADDY,35.0,2023-02-09,WARNDatabaseMasterExcluding2026.csv,GDDY,kept,ok
THYSSENKRUPP,156.0,2023-02-08,WARNDatabaseMasterExcluding2026.csv,TKA.DE,kept,ok
GANNETT,56.0,2023-02-08,WARNDatabaseMasterExcluding2026.csv,US36472T1097.SG,kept,ok
"SODEXO, INC. (SOUTHERN NH MILLYARD & SOUTHERN NH UNIVERISITY)",168.0,2023-02-08,WARNDatabaseMasterExcluding2026.csv,0J3F.IL,kept,ok
WALMART,294.0,2023-02-08,WARNDatabaseMasterExcluding2026.csv,WMT,kept,ok
MICROSOFT,41.0,2023-02-08,WARNDatabaseMasterExcluding2026.csv,MSFT,kept,ok
MICROSOFT,1.0,2023-02-08,WARNDatabaseMasterExcluding2026.csv,MSFT,kept,ok
MICROSOFT,3.0,2023-02-08,WARNDatabaseMasterExcluding2026.csv,MSFT,kept,ok
MICROSOFT,1.0,2023-02-08,WARNDatabaseMasterExcluding2026.csv,MSFT,kept,ok
SYNOPSYS INC.,37.0,2023-02-06,WARNDatabaseMasterExcluding2026.csv,SNPS,kept,ok
SYNOPSYS INC.,63.0,2023-02-06,WARNDatabaseMasterExcluding2026.csv,SNPS,kept,ok
THERMO FISHER SCIENTIFIC,32.0,2023-02-06,WARNDatabaseMasterExcluding2026.csv,TMO,kept,ok
THERMO FISHER SCIENTIFIC,183.0,2023-02-06,WARNDatabaseMasterExcluding2026.csv,TMO,kept,ok
THERMO FISHER SCIENTIFIC,15.0,2023-02-06,WARNDatabaseMasterExcluding2026.csv,TMO,kept,ok
BRIGHT HEALTH,42.0,2023-02-01,WARNDatabaseMasterExcluding2026.csv,BTSG,kept,ok
BED BATH & BEYOND,14.0,2023-02-01,WARNDatabaseMasterExcluding2026.csv,BBBY,kept,ok
BED BATH & BEYOND,12.0,2023-02-01,WARNDatabaseMasterExcluding2026.csv,BBBY,kept,ok
BED BATH & BEYOND,13.0,2023-02-01,WARNDatabaseMasterExcluding2026.csv,BBBY,kept,ok
WALMART,201.0,2023-02-01,WARNDatabaseMasterExcluding2026.csv,WMT,kept,ok
BED BATH & BEYOND,377.0,2023-02-01,WARNDatabaseMasterExcluding2026.csv,BBBY,kept,ok
BED BATH & BEYOND,84.0,2023-02-01,WARNDatabaseMasterExcluding2026.csv,BBBY,kept,ok
ADVANCED DRAINAGE SYSTEMS,59.0,2023-02-01,WARNDatabaseMasterExcluding2026.csv,WMS,kept,ok
"NRG ENERGY, INC.",70.0,2023-02-01,WARNDatabaseMasterExcluding2026.csv,NRG,kept,ok
"ILLUMINA, INC.",1.0,2023-02-01,WARNDatabaseMasterExcluding2026.csv,ILMN,kept,ok
AMGEN,305.0,2023-02-01,WARNDatabaseMasterExcluding2026.csv,AMGN,kept,ok
"TRANSDE,V INC,",83.0,2023-01-31,WARNDatabaseMasterExcluding2026.csv,V,kept,ok
TTEC,308.0,2023-01-30,WARNDatabaseMasterExcluding2026.csv,TTEC,kept,ok
"APTARGROUP, INC.",19.0,2023-01-26,WARNDatabaseMasterExcluding2026.csv,ATR,kept,ok
"JELD-WEN, INC.",82.0,2023-01-26,WARNDatabaseMasterExcluding2026.csv,JELD,kept,ok
CURALEAF,47.0,2023-01-26,WARNDatabaseMasterExcluding2026.csv,CURA.TO,kept,ok
ADVANCED DRAINAGE SYSTEMS INC.,59.0,2023-01-25,WARNDatabaseMasterExcluding2026.csv,WMS,kept,ok
"FATE THERAPEUTICS, INC.",21.0,2023-01-24,WARNDatabaseMasterExcluding2026.csv,FATE,kept,ok
GOOGLE,140.0,2023-01-24,WARNDatabaseMasterExcluding2026.csv,GOOG,kept,ok
GOOGLE,8.0,2023-01-24,WARNDatabaseMasterExcluding2026.csv,GOOG,kept,ok
GOOGLE,6.0,2023-01-24,WARNDatabaseMasterExcluding2026.csv,GOOG,kept,ok
GOOGLE,3.0,2023-01-24,WARNDatabaseMasterExcluding2026.csv,GOOG,kept,ok
GOOGLE,21.0,2023-01-24,WARNDatabaseMasterExcluding2026.csv,GOOG,kept,ok
GOOGLE,17.0,2023-01-24,WARNDatabaseMasterExcluding2026.csv,GOOG,kept,ok
GOOGLE,24.0,2023-01-24,WARNDatabaseMasterExcluding2026.csv,GOOG,kept,ok
GOOGLE,19.0,2023-01-24,WARNDatabaseMasterExcluding2026.csv,GOOG,kept,ok
INTEL CORPORATION,42.0,2023-01-24,WARNDatabaseMasterExcluding2026.csv,INTC,kept,ok
INTEL CORPORATION,9.0,2023-01-24,WARNDatabaseMasterExcluding2026.csv,INTC,kept,ok
INTEL CORPORATION,101.0,2023-01-24,WARNDatabaseMasterExcluding2026.csv,INTC,kept,ok
INTEL CORPORATION,25.0,2023-01-24,WARNDatabaseMasterExcluding2026.csv,INTC,kept,ok
GOOGLE,8.0,2023-01-24,WARNDatabaseMasterExcluding2026.csv,GOOG,kept,ok
GOOGLE,18.0,2023-01-24,WARNDatabaseMasterExcluding2026.csv,GOOG,kept,ok
GOOGLE,8.0,2023-01-24,WARNDatabaseMasterExcluding2026.csv,GOOG,kept,ok
GOOGLE,20.0,2023-01-24,WARNDatabaseMasterExcluding2026.csv,GOOG,kept,ok
GOOGLE,2.0,2023-01-24,WARNDatabaseMasterExcluding2026.csv,GOOG,kept,ok
GOOGLE,4.0,2023-01-24,WARNDatabaseMasterExcluding2026.csv,GOOG,kept,ok
GOOGLE,11.0,2023-01-24,WARNDatabaseMasterExcluding2026.csv,GOOG,kept,ok
GOOGLE,31.0,2023-01-24,WARNDatabaseMasterExcluding2026.csv,GOOG,kept,ok
"FATE THERAPEUTICS, INC.",43.0,2023-01-24,WARNDatabaseMasterExcluding2026.csv,FATE,kept,ok
"FATE THERAPEUTICS, INC.",34.0,2023-01-24,WARNDatabaseMasterExcluding2026.csv,FATE,kept,ok
"FATE THERAPEUTICS, INC.",217.0,2023-01-24,WARNDatabaseMasterExcluding2026.csv,FATE,kept,ok
CONCENTRIX CORPORATION,161.0,2023-01-23,WARNDatabaseMasterExcluding2026.csv,CNXC,kept,ok
GOOGLE,20.0,2023-01-23,WARNDatabaseMasterExcluding2026.csv,GOOG,kept,ok
GOOGLE,31.0,2023-01-23,WARNDatabaseMasterExcluding2026.csv,GOOG,kept,ok
GOOGLE,40.0,2023-01-23,WARNDatabaseMasterExcluding2026.csv,GOOG,kept,ok
GOOGLE,24.0,2023-01-23,WARNDatabaseMasterExcluding2026.csv,GOOG,kept,ok
GOOGLE,50.0,2023-01-23,WARNDatabaseMasterExcluding2026.csv,GOOG,kept,ok
GOOGLE,2.0,2023-01-23,WARNDatabaseMasterExcluding2026.csv,GOOG,kept,ok
GOOGLE,62.0,2023-01-23,WARNDatabaseMasterExcluding2026.csv,GOOG,kept,ok
GOOGLE,41.0,2023-01-23,WARNDatabaseMasterExcluding2026.csv,GOOG,kept,ok
GOOGLE,30.0,2023-01-23,WARNDatabaseMasterExcluding2026.csv,GOOG,kept,ok
GOOGLE,6.0,2023-01-23,WARNDatabaseMasterExcluding2026.csv,GOOG,kept,ok
GOOGLE,18.0,2023-01-23,WARNDatabaseMasterExcluding2026.csv,GOOG,kept,ok
GOOGLE,5.0,2023-01-23,WARNDatabaseMasterExcluding2026.csv,GOOG,kept,ok
GOOGLE,17.0,2023-01-23,WARNDatabaseMasterExcluding2026.csv,GOOG,kept,ok
GOOGLE,32.0,2023-01-23,WARNDatabaseMasterExcluding2026.csv,GOOG,kept,ok
ABM INDUSTRIES INCORPORATED,24.0,2023-01-20,WARNDatabaseMasterExcluding2026.csv,ABM,kept,ok
"WAYFAIR, LLC",932.0,2023-01-20,WARNDatabaseMasterExcluding2026.csv,W,kept,ok
AMAZON,16.0,2023-01-20,WARNDatabaseMasterExcluding2026.csv,AMZN,kept,ok
AMAZON,39.0,2023-01-20,WARNDatabaseMasterExcluding2026.csv,AMZN,kept,ok
AMAZON,2.0,2023-01-20,WARNDatabaseMasterExcluding2026.csv,AMZN,kept,ok
AMAZON,52.0,2023-01-20,WARNDatabaseMasterExcluding2026.csv,AMZN,kept,ok
AMAZON,33.0,2023-01-20,WARNDatabaseMasterExcluding2026.csv,AMZN,kept,ok
AMAZON,58.0,2023-01-20,WARNDatabaseMasterExcluding2026.csv,AMZN,kept,ok
AMAZON,7.0,2023-01-20,WARNDatabaseMasterExcluding2026.csv,AMZN,kept,ok
AMAZON,5.0,2023-01-20,WARNDatabaseMasterExcluding2026.csv,AMZN,kept,ok
AMAZON,2.0,2023-01-20,WARNDatabaseMasterExcluding2026.csv,AMZN,kept,ok
WAYFAIR LLC,74.0,2023-01-20,WARNDatabaseMasterExcluding2026.csv,W,kept,ok
AMAZON,10.0,2023-01-20,WARNDatabaseMasterExcluding2026.csv,AMZN,kept,ok
AMAZON,1.0,2023-01-20,WARNDatabaseMasterExcluding2026.csv,AMZN,kept,ok
AMAZON,17.0,2023-01-20,WARNDatabaseMasterExcluding2026.csv,AMZN,kept,ok
AMAZON,58.0,2023-01-20,WARNDatabaseMasterExcluding2026.csv,AMZN,kept,ok
AMAZON,98.0,2023-01-20,WARNDatabaseMasterExcluding2026.csv,AMZN,kept,ok
AMAZON,2.0,2023-01-20,WARNDatabaseMasterExcluding2026.csv,AMZN,kept,ok
AMAZON,1.0,2023-01-20,WARNDatabaseMasterExcluding2026.csv,AMZN,kept,ok
AMAZON,20.0,2023-01-20,WARNDatabaseMasterExcluding2026.csv,AMZN,kept,ok
AMAZON,63.0,2023-01-20,WARNDatabaseMasterExcluding2026.csv,AMZN,kept,ok
AMAZON,20.0,2023-01-20,WARNDatabaseMasterExcluding2026.csv,AMZN,kept,ok
"8X8, INC.",61.0,2023-01-20,WARNDatabaseMasterExcluding2026.csv,EGHT,kept,ok
AMAZON,,2023-01-18,WARNDatabaseMasterExcluding2026.csv,AMZN,kept,ok
MICROSOFT,878.0,2023-01-18,WARNDatabaseMasterExcluding2026.csv,MSFT,kept,ok
"STARRY, INC.",57.0,2023-01-18,WARNDatabaseMasterExcluding2026.csv,603520.SS,kept,ok
RADIAL,13.0,2023-01-18,WARNDatabaseMasterExcluding2026.csv,RAD.CN,kept,ok
INTEL CORPORATION,201.0,2023-01-18,WARNDatabaseMasterExcluding2026.csv,INTC,kept,ok
INTEL CORPORATION,167.0,2023-01-18,WARNDatabaseMasterExcluding2026.csv,INTC,kept,ok
INTEL CORPORATION,176.0,2023-01-18,WARNDatabaseMasterExcluding2026.csv,INTC,kept,ok
WELLS FARGO,140.0,2023-01-17,WARNDatabaseMasterExcluding2026.csv,WFC,kept,ok
"LENDINGCLUB BANK, N.A",68.0,2023-01-13,WARNDatabaseMasterExcluding2026.csv,ZION,kept,ok
"LENDINGCLUB BANK, N.A.",8.0,2023-01-13,WARNDatabaseMasterExcluding2026.csv,ZION,kept,ok
"LENDINGCLUB BANK, N.A.",4.0,2023-01-13,WARNDatabaseMasterExcluding2026.csv,ZION,kept,ok
EVOLENT HEALTH,155.0,2023-01-12,WARNDatabaseMasterExcluding2026.csv,EVH,kept,ok
ACCENTURE,1.0,2023-01-12,WARNDatabaseMasterExcluding2026.csv,ACN,kept,ok
ACCENTURE,1.0,2023-01-12,WARNDatabaseMasterExcluding2026.csv,ACN,kept,ok
"BEACHBODY, LLC",80.0,2023-01-12,WARNDatabaseMasterExcluding2026.csv,6K5.F,kept,ok
BRINK'S COMPANY (THE),2.0,2023-01-11,WARNDatabaseMasterExcluding2026.csv,BCO,kept,ok
FLEXPORT,43.0,2023-01-11,WARNDatabaseMasterExcluding2026.csv,FLEPZZX,kept,ok
"SCALE AI, INC.",1.0,2023-01-11,WARNDatabaseMasterExcluding2026.csv,SCALZZX,kept,ok
"SCALE AI, INC.",54.0,2023-01-11,WARNDatabaseMasterExcluding2026.csv,SCALZZX,kept,ok
"SCALE AI, INC.",2.0,2023-01-11,WARNDatabaseMasterExcluding2026.csv,SCALZZX,kept,ok
"SCALE AI, INC.",1.0,2023-01-11,WARNDatabaseMasterExcluding2026.csv,SCALZZX,kept,ok
"SCALE AI, INC.",8.0,2023-01-11,WARNDatabaseMasterExcluding2026.csv,SCALZZX,kept,ok
"SCALE AI, INC.",2.0,2023-01-11,WARNDatabaseMasterExcluding2026.csv,SCALZZX,kept,ok
FLEXPORT,120.0,2023-01-11,WARNDatabaseMasterExcluding2026.csv,FLEPZZX,kept,ok
PHILLIPS 66,45.0,2023-01-11,WARNDatabaseMasterExcluding2026.csv,PSX,kept,ok
"WEST FRASER, INC.",127.0,2023-01-10,WARNDatabaseMasterExcluding2026.csv,WFG,kept,ok
JABIL INC.,39.0,2023-01-10,WARNDatabaseMasterExcluding2026.csv,JBL,kept,ok
JABIL INC.,166.0,2023-01-10,WARNDatabaseMasterExcluding2026.csv,JBL,kept,ok
CUE HEALTH,17.0,2023-01-10,WARNDatabaseMasterExcluding2026.csv,HLTHQ,kept,ok
CUE HEALTH,12.0,2023-01-10,WARNDatabaseMasterExcluding2026.csv,HLTHQ,kept,ok
CUE HEALTH,8.0,2023-01-10,WARNDatabaseMasterExcluding2026.csv,HLTHQ,kept,ok
CUE HEALTH,7.0,2023-01-10,WARNDatabaseMasterExcluding2026.csv,HLTHQ,kept,ok
CUE HEALTH,39.0,2023-01-10,WARNDatabaseMasterExcluding2026.csv,HLTHQ,kept,ok
CUE HEALTH,10.0,2023-01-10,WARNDatabaseMasterExcluding2026.csv,HLTHQ,kept,ok
CUE HEALTH,161.0,2023-01-10,WARNDatabaseMasterExcluding2026.csv,HLTHQ,kept,ok
CUE HEALTH,4.0,2023-01-10,WARNDatabaseMasterExcluding2026.csv,HLTHQ,kept,ok
CUE HEALTH,63.0,2023-01-10,WARNDatabaseMasterExcluding2026.csv,HLTHQ,kept,ok
CUE HEALTH,3.0,2023-01-10,WARNDatabaseMasterExcluding2026.csv,HLTHQ,kept,ok
"STITCH FIX, INC.",97.0,2023-01-10,WARNDatabaseMasterExcluding2026.csv,SFIX,kept,ok
CARBON HEALTH,226.0,2023-01-10,WARNDatabaseMasterExcluding2026.csv,CARHZZX,kept,ok
TTEC,196.0,2023-01-09,WARNDatabaseMasterExcluding2026.csv,TTEC,kept,ok
MACYS,92.0,2023-01-06,WARNDatabaseMasterExcluding2026.csv,M,kept,ok
"SALESFORCE, INC.",650.0,2023-01-06,WARNDatabaseMasterExcluding2026.csv,CRM,kept,ok
"SALESFORCE, INC.",1.0,2023-01-06,WARNDatabaseMasterExcluding2026.csv,CRM,kept,ok
"SALESFORCE, INC.",52.0,2023-01-06,WARNDatabaseMasterExcluding2026.csv,CRM,kept,ok
"SALESFORCE, INC.",49.0,2023-01-06,WARNDatabaseMasterExcluding2026.csv,CRM,kept,ok
MACY'S,111.0,2023-01-05,WARNDatabaseMasterExcluding2026.csv,M,kept,ok
UNITED RENTALS,119.0,2023-01-05,WARNDatabaseMasterExcluding2026.csv,URI,kept,ok
"CISCO SYSTEMS, INC.",222.0,2023-01-04,WARNDatabaseMasterExcluding2026.csv,CSCO,kept,ok
"CISCO SYSTEMS, INC.",80.0,2023-01-04,WARNDatabaseMasterExcluding2026.csv,CSCO,kept,ok
"CISCO SYSTEMS, INC.",371.0,2023-01-04,WARNDatabaseMasterExcluding2026.csv,CSCO,kept,ok
GAP,1.0,2023-01-01,WARNDatabaseMasterExcluding2026.csv,GAP,kept,ok
ASHLAND INC,10.0,2023-01-01,WARNDatabaseMasterExcluding2026.csv,ASH,kept,ok
BED BATH & BEYOND,572.0,2023-01-01,WARNDatabaseMasterExcluding2026.csv,BBBY,kept,ok
CELULARITY INC,188.0,2023-01-01,WARNDatabaseMasterExcluding2026.csv,CELU,kept,ok
SCHNEIDER ELECTRIC,2.0,2022-12-23,WARNDatabaseMasterExcluding2026.csv,SU.PA,kept,ok
"ROKU, INC.",93.0,2022-12-22,WARNDatabaseMasterExcluding2026.csv,ROKU,kept,ok
GXO LOGISTICS,85.0,2022-12-20,WARNDatabaseMasterExcluding2026.csv,GXO,kept,ok
GXO LOGISTICS,85.0,2022-12-20,WARNDatabaseMasterExcluding2026.csv,GXO,kept,ok
PHILLIPS 66,45.0,2022-12-20,WARNDatabaseMasterExcluding2026.csv,PSX,kept,ok
OWENS & MINOR,61.0,2022-12-19,WARNDatabaseMasterExcluding2026.csv,6OM.SG,kept,ok
PEARSON,50.0,2022-12-16,WARNDatabaseMasterExcluding2026.csv,PSON.L,kept,ok
PEARSON,50.0,2022-12-16,WARNDatabaseMasterExcluding2026.csv,PSON.L,kept,ok
PENNYMAC,8.0,2022-12-15,WARNDatabaseMasterExcluding2026.csv,PMT-PA,kept,ok
PENNYMAC,3.0,2022-12-15,WARNDatabaseMasterExcluding2026.csv,PMT-PA,kept,ok
PENNYMAC,19.0,2022-12-15,WARNDatabaseMasterExcluding2026.csv,PMT-PA,kept,ok
PENNYMAC,1.0,2022-12-15,WARNDatabaseMasterExcluding2026.csv,PMT-PA,kept,ok
PENNYMAC,1.0,2022-12-15,WARNDatabaseMasterExcluding2026.csv,PMT-PA,kept,ok
PENNYMAC,1.0,2022-12-15,WARNDatabaseMasterExcluding2026.csv,PMT-PA,kept,ok
PENNYMAC,2.0,2022-12-15,WARNDatabaseMasterExcluding2026.csv,PMT-PA,kept,ok
COMPUTERSHARE,14.0,2022-12-14,WARNDatabaseMasterExcluding2026.csv,CMSQY,kept,ok
"DOORDASH, INC.",75.0,2022-12-13,WARNDatabaseMasterExcluding2026.csv,DASH,kept,ok
"INSTIL BIO, INC.",89.0,2022-12-13,WARNDatabaseMasterExcluding2026.csv,TIL,kept,ok
"DOORDASH, INC.",311.0,2022-12-13,WARNDatabaseMasterExcluding2026.csv,DASH,kept,ok
PLAID INC.,59.0,2022-12-13,WARNDatabaseMasterExcluding2026.csv,4165.T,kept,ok
"INSTIL BIO, INC.",63.0,2022-12-13,WARNDatabaseMasterExcluding2026.csv,TIL,kept,ok
THERMO FISHER,9.0,2022-12-12,WARNDatabaseMasterExcluding2026.csv,TMO,kept,ok
THERMO FISHER,1.0,2022-12-12,WARNDatabaseMasterExcluding2026.csv,TMO,kept,ok
"PELOTON INTERACTIVE, INC.",4.0,2022-12-08,WARNDatabaseMasterExcluding2026.csv,PTON,kept,ok
"INSCRIPTA, INC.",23.0,2022-12-08,WARNDatabaseMasterExcluding2026.csv,INSCZZX,kept,ok
BED BATH & BEYOND INC.,36.0,2022-12-08,WARNDatabaseMasterExcluding2026.csv,BBBY,kept,ok
"PELOTON INTERACTIVE, INC.",3.0,2022-12-08,WARNDatabaseMasterExcluding2026.csv,PTON,kept,ok
THERAPEUTICSMD,212.0,2022-12-07,WARNDatabaseMasterExcluding2026.csv,TXMD,kept,ok
"COSTAR GROUP, INC.",14.0,2022-12-07,WARNDatabaseMasterExcluding2026.csv,CSGP,kept,ok
MASTERBRAND,458.0,2022-12-05,WARNDatabaseMasterExcluding2026.csv,MBC,kept,ok
AMAZON,31.0,2022-12-05,WARNDatabaseMasterExcluding2026.csv,AMZN,kept,ok
AMAZON,73.0,2022-12-05,WARNDatabaseMasterExcluding2026.csv,AMZN,kept,ok
AMAZON,14.0,2022-12-05,WARNDatabaseMasterExcluding2026.csv,AMZN,kept,ok
AMAZON,55.0,2022-12-05,WARNDatabaseMasterExcluding2026.csv,AMZN,kept,ok
AMAZON,44.0,2022-12-05,WARNDatabaseMasterExcluding2026.csv,AMZN,kept,ok
AMAZON,46.0,2022-12-05,WARNDatabaseMasterExcluding2026.csv,AMZN,kept,ok
INSCRIPTA,43.0,2022-12-02,WARNDatabaseMasterExcluding2026.csv,INSCZZX,kept,ok
"META PLATFORMS, INC.",25.0,2022-12-02,WARNDatabaseMasterExcluding2026.csv,META,kept,ok
"META PLATFORMS, INC.",7.0,2022-12-02,WARNDatabaseMasterExcluding2026.csv,META,kept,ok
"META PLATFORMS, INC.",64.0,2022-12-02,WARNDatabaseMasterExcluding2026.csv,META,kept,ok
"META PLATFORMS, INC.",18.0,2022-12-02,WARNDatabaseMasterExcluding2026.csv,META,kept,ok
"META PLATFORMS, INC.",13.0,2022-12-02,WARNDatabaseMasterExcluding2026.csv,META,kept,ok
"META PLATFORMS, INC.",14.0,2022-12-02,WARNDatabaseMasterExcluding2026.csv,META,kept,ok
"META PLATFORMS, INC.",3.0,2022-12-02,WARNDatabaseMasterExcluding2026.csv,META,kept,ok
"META PLATFORMS, INC.",67.0,2022-12-02,WARNDatabaseMasterExcluding2026.csv,META,kept,ok
"META PLATFORMS, INC.",32.0,2022-12-02,WARNDatabaseMasterExcluding2026.csv,META,kept,ok
"META PLATFORMS, INC.",34.0,2022-12-02,WARNDatabaseMasterExcluding2026.csv,META,kept,ok
"META PLATFORMS, INC.",46.0,2022-12-02,WARNDatabaseMasterExcluding2026.csv,META,kept,ok
"META PLATFORMS, INC.",85.0,2022-12-02,WARNDatabaseMasterExcluding2026.csv,META,kept,ok
"META PLATFORMS, INC.",32.0,2022-12-02,WARNDatabaseMasterExcluding2026.csv,META,kept,ok
"META PLATFORMS, INC.",139.0,2022-12-02,WARNDatabaseMasterExcluding2026.csv,META,kept,ok
"META PLATFORMS, INC.",241.0,2022-12-02,WARNDatabaseMasterExcluding2026.csv,META,kept,ok
"META PLATFORMS, INC.",140.0,2022-12-02,WARNDatabaseMasterExcluding2026.csv,META,kept,ok
"META PLATFORMS, INC.",142.0,2022-12-02,WARNDatabaseMasterExcluding2026.csv,META,kept,ok
"META PLATFORMS, INC.",60.0,2022-12-02,WARNDatabaseMasterExcluding2026.csv,META,kept,ok
"META PLATFORMS, INC.",632.0,2022-12-02,WARNDatabaseMasterExcluding2026.csv,META,kept,ok
"META PLATFORMS, INC.",77.0,2022-12-02,WARNDatabaseMasterExcluding2026.csv,META,kept,ok
"META PLATFORMS, INC.",94.0,2022-12-02,WARNDatabaseMasterExcluding2026.csv,META,kept,ok
"META PLATFORMS, INC.",98.0,2022-12-02,WARNDatabaseMasterExcluding2026.csv,META,kept,ok
"META PLATFORMS, INC.",139.0,2022-12-02,WARNDatabaseMasterExcluding2026.csv,META,kept,ok
WELLS FARGO,5.0,2022-12-01,WARNDatabaseMasterExcluding2026.csv,WFC,kept,ok
WELLS FARGO,2.0,2022-12-01,WARNDatabaseMasterExcluding2026.csv,WFC,kept,ok
WELLS FARGO,1.0,2022-12-01,WARNDatabaseMasterExcluding2026.csv,WFC,kept,ok
WELLS FARGO,1.0,2022-12-01,WARNDatabaseMasterExcluding2026.csv,WFC,kept,ok
"APTAR GROUP, INC.",77.0,2022-12-01,WARNDatabaseMasterExcluding2026.csv,ATR,kept,ok
WELLS FARGO,5.0,2022-12-01,WARNDatabaseMasterExcluding2026.csv,WFC,kept,ok
WELLS FARGO,2.0,2022-12-01,WARNDatabaseMasterExcluding2026.csv,WFC,kept,ok
WELLS FARGO,1.0,2022-12-01,WARNDatabaseMasterExcluding2026.csv,WFC,kept,ok
FAURECIA,268.0,2022-12-01,WARNDatabaseMasterExcluding2026.csv,FAURY,kept,ok
"QUAD/GRAPHICS, INC.",108.0,2022-12-01,WARNDatabaseMasterExcluding2026.csv,QUAD,kept,ok
"ADAPTIMMUNE, LLC",50.0,2022-12-01,WARNDatabaseMasterExcluding2026.csv,473A.MU,kept,ok
HONEYWELL,89.0,2022-12-01,WARNDatabaseMasterExcluding2026.csv,HON,kept,ok
"PLASTIQ, INC.",19.0,2022-12-01,WARNDatabaseMasterExcluding2026.csv,1R9.F,kept,ok
"ILLUMINA, INC.",4.0,2022-11-30,WARNDatabaseMasterExcluding2026.csv,ILMN,kept,ok
"ILLUMINA, INC.",20.0,2022-11-30,WARNDatabaseMasterExcluding2026.csv,ILMN,kept,ok
"NURO, INC.",269.0,2022-11-30,WARNDatabaseMasterExcluding2026.csv,NUGYO.IS,kept,ok
"ILLUMINA, INC.",206.0,2022-11-30,WARNDatabaseMasterExcluding2026.csv,ILMN,kept,ok
"ILLUMINA, INC.",1.0,2022-11-30,WARNDatabaseMasterExcluding2026.csv,ILMN,kept,ok
"RINGCENTRAL, INC.",50.0,2022-11-29,WARNDatabaseMasterExcluding2026.csv,RNG,kept,ok
FLEX LTD.,155.0,2022-11-29,WARNDatabaseMasterExcluding2026.csv,FLEX,kept,ok
THERMO FISHER SCIENTIFIC,46.0,2022-11-23,WARNDatabaseMasterExcluding2026.csv,TMO,kept,ok
THERMO FISHER SCIENTIFIC,49.0,2022-11-23,WARNDatabaseMasterExcluding2026.csv,TMO,kept,ok
"INTERCOM, INC.",55.0,2022-11-22,WARNDatabaseMasterExcluding2026.csv,INTRZZX,kept,ok
"ASANA, INC.",97.0,2022-11-21,WARNDatabaseMasterExcluding2026.csv,ASAN,kept,ok
"COURSERA, INC.",77.0,2022-11-21,WARNDatabaseMasterExcluding2026.csv,COUR,kept,ok
WESTERN DIGITAL,86.0,2022-11-17,WARNDatabaseMasterExcluding2026.csv,WDC,kept,ok
WESTERN DIGITAL,62.0,2022-11-17,WARNDatabaseMasterExcluding2026.csv,WDC,kept,ok
WESTERN DIGITAL,103.0,2022-11-17,WARNDatabaseMasterExcluding2026.csv,WDC,kept,ok
JABIL INC.,93.0,2022-11-17,WARNDatabaseMasterExcluding2026.csv,JBL,kept,ok
"META PLATFORMS, INC. (WEST 3RD)",154.0,2022-11-16,WARNDatabaseMasterExcluding2026.csv,META,kept,ok
"META PLATFORMS, INC, (ALTERRA PKWY.)",7.0,2022-11-16,WARNDatabaseMasterExcluding2026.csv,META,kept,ok
"META PLATFORMS, INC. (MCALLEN PASS)",11.0,2022-11-16,WARNDatabaseMasterExcluding2026.csv,META,kept,ok
"META PLATFORMS, INC.(W,6TH)",50.0,2022-11-16,WARNDatabaseMasterExcluding2026.csv,META,kept,ok
"META PLATFORMS, INC.",162.0,2022-11-16,WARNDatabaseMasterExcluding2026.csv,META,kept,ok
"META PLATFORMS, INC.",362.0,2022-11-16,WARNDatabaseMasterExcluding2026.csv,META,kept,ok
"NEXIMMUNE, INC.",22.0,2022-11-15,WARNDatabaseMasterExcluding2026.csv,NEXI,kept,ok
"NATERA, INC.",58.0,2022-11-14,WARNDatabaseMasterExcluding2026.csv,NTRA,kept,ok
"META PLATFORMS, INC",307.0,2022-11-11,WARNDatabaseMasterExcluding2026.csv,META,kept,ok
"META PLATFORMS, INC",419.0,2022-11-11,WARNDatabaseMasterExcluding2026.csv,META,kept,ok
"ASAP, INC.",89.0,2022-11-11,WARNDatabaseMasterExcluding2026.csv,ASAP-R.BK,kept,ok
"COSMAX NBT USA, INC #1",36.0,2022-11-11,WARNDatabaseMasterExcluding2026.csv,0P0001FG58.TO,kept,ok
HALLMARK FINANCIAL SERVICES,83.0,2022-11-11,WARNDatabaseMasterExcluding2026.csv,HALL,kept,ok
AMAZON,53.0,2022-11-09,WARNDatabaseMasterExcluding2026.csv,AMZN,kept,ok
SCHNEIDER ELECTRIC,2.0,2022-11-09,WARNDatabaseMasterExcluding2026.csv,SU.PA,kept,ok
"LYFT, INC.",227.0,2022-11-09,WARNDatabaseMasterExcluding2026.csv,LYFT,kept,ok
CHIME FINANCIAL INC.,152.0,2022-11-08,WARNDatabaseMasterExcluding2026.csv,CHYM,kept,ok
PAYPAL,59.0,2022-11-07,WARNDatabaseMasterExcluding2026.csv,PYPL,kept,ok
PENNYMAC,10.0,2022-11-07,WARNDatabaseMasterExcluding2026.csv,PMT-PA,kept,ok
WELLS FARGO,31.0,2022-11-04,WARNDatabaseMasterExcluding2026.csv,WFC,kept,ok
WELLS FARGO,10.0,2022-11-03,WARNDatabaseMasterExcluding2026.csv,WFC,kept,ok
WELLS FARGO,3.0,2022-11-03,WARNDatabaseMasterExcluding2026.csv,WFC,kept,ok
WELLS FARGO,10.0,2022-11-03,WARNDatabaseMasterExcluding2026.csv,WFC,kept,ok
WELLS FARGO,3.0,2022-11-03,WARNDatabaseMasterExcluding2026.csv,WFC,kept,ok
"MALCO PRODUCTS, SBC, INC.",63.0,2022-11-02,WARNDatabaseMasterExcluding2026.csv,SBC,kept,ok
"AMERICAN AIRLINES, INC.",417.0,2022-11-02,WARNDatabaseMasterExcluding2026.csv,AAL,kept,ok
"STUBHUB, INC.",9.0,2022-11-02,WARNDatabaseMasterExcluding2026.csv,STUB,kept,ok
"RADIAN GROUP, INC.",166.0,2022-11-01,WARNDatabaseMasterExcluding2026.csv,RDN,kept,ok
AMENTUM,194.0,2022-10-31,WARNDatabaseMasterExcluding2026.csv,AMTM,kept,ok
"CURATIVE, INC.",66.0,2022-10-31,WARNDatabaseMasterExcluding2026.csv,CUBT,kept,ok
KROGER,57.0,2022-10-28,WARNDatabaseMasterExcluding2026.csv,KR,kept,ok
"CARDINAL HEALTH, INC. DBA CARDINAL HEALTH 200, LLC",236.0,2022-10-27,WARNDatabaseMasterExcluding2026.csv,CAH,kept,ok
PENNYMAC,12.0,2022-10-27,WARNDatabaseMasterExcluding2026.csv,PMT-PA,kept,ok
PENNYMAC,27.0,2022-10-27,WARNDatabaseMasterExcluding2026.csv,PMT-PA,kept,ok
PENNYMAC,10.0,2022-10-27,WARNDatabaseMasterExcluding2026.csv,PMT-PA,kept,ok
PENNYMAC,20.0,2022-10-26,WARNDatabaseMasterExcluding2026.csv,PMT-PA,kept,ok
PENNYMAC,1.0,2022-10-26,WARNDatabaseMasterExcluding2026.csv,PMT-PA,kept,ok
FORMFACTOR,52.0,2022-10-25,WARNDatabaseMasterExcluding2026.csv,FORM,kept,ok
"JABIL, INC.",549.0,2022-10-25,WARNDatabaseMasterExcluding2026.csv,JBL,kept,ok
"JABIL, INC.",123.0,2022-10-25,WARNDatabaseMasterExcluding2026.csv,JBL,kept,ok
JABIL INC.,51.0,2022-10-25,WARNDatabaseMasterExcluding2026.csv,JBL,kept,ok
JABIL INC.,83.0,2022-10-25,WARNDatabaseMasterExcluding2026.csv,JBL,kept,ok
DXP ENTERPRISES,4.0,2022-10-24,WARNDatabaseMasterExcluding2026.csv,DXPE,kept,ok
JACOB ENGINEERING,3.0,2022-10-24,WARNDatabaseMasterExcluding2026.csv,Z0Y.SG,kept,ok
WELLS FARGO,5.0,2022-10-21,WARNDatabaseMasterExcluding2026.csv,WFC,kept,ok
"STARRY, INC.",32.0,2022-10-21,WARNDatabaseMasterExcluding2026.csv,603520.SS,kept,ok
"STARRY, INC.",143.0,2022-10-21,WARNDatabaseMasterExcluding2026.csv,603520.SS,kept,ok
WELLS FARGO,1.0,2022-10-20,WARNDatabaseMasterExcluding2026.csv,WFC,kept,ok
WELLS FARGO,1.0,2022-10-20,WARNDatabaseMasterExcluding2026.csv,WFC,kept,ok
"STARRY, INC",53.0,2022-10-20,WARNDatabaseMasterExcluding2026.csv,603520.SS,kept,ok
"THE RITZ CARLTON, NAPLES",591.0,2022-10-20,WARNDatabaseMasterExcluding2026.csv,NASO,kept,ok
"STARRY, INC.",56.0,2022-10-20,WARNDatabaseMasterExcluding2026.csv,603520.SS,kept,ok
JABIL INC.,73.0,2022-10-20,WARNDatabaseMasterExcluding2026.csv,JBL,kept,ok
JABIL INC.,484.0,2022-10-20,WARNDatabaseMasterExcluding2026.csv,JBL,kept,ok
"COLONIAL SAVINGS, F.A.",27.0,2022-10-17,WARNDatabaseMasterExcluding2026.csv,UEFZ.DU,kept,ok
"COLONIAL SAVINGS, F.A.",27.0,2022-10-17,WARNDatabaseMasterExcluding2026.csv,UEFZ.DU,kept,ok
"LAIRD SUPERFOOD, INC",46.0,2022-10-12,WARNDatabaseMasterExcluding2026.csv,LSF,kept,ok
AMENTUM,188.0,2022-10-12,WARNDatabaseMasterExcluding2026.csv,AMTM,kept,ok
BIOMARIN PHARMACEUTICAL INC.,62.0,2022-10-10,WARNDatabaseMasterExcluding2026.csv,BMRN,kept,ok
BIOMARIN PHARMACEUTICAL INC.,32.0,2022-10-10,WARNDatabaseMasterExcluding2026.csv,BMRN,kept,ok
VSE CORPORATION,180.0,2022-10-04,WARNDatabaseMasterExcluding2026.csv,VSEC,kept,ok
"DZS, INC.",58.0,2022-10-04,WARNDatabaseMasterExcluding2026.csv,DZSIQ,kept,ok
PEARSON,107.0,2022-10-01,WARNDatabaseMasterExcluding2026.csv,PSON.L,kept,ok
"STITCH FIX, INC.",56.0,2022-10-01,WARNDatabaseMasterExcluding2026.csv,SFIX,kept,ok
WAL-MART,129.0,2022-10-01,WARNDatabaseMasterExcluding2026.csv,WMMVY,kept,ok
BAYFIRST FINANCIAL,20.0,2022-09-30,WARNDatabaseMasterExcluding2026.csv,BAFN,kept,ok
COMMERCIAL VEHICLE GROUP,45.0,2022-09-29,WARNDatabaseMasterExcluding2026.csv,CVGI,kept,ok
CHORD ENERGY,104.0,2022-09-29,WARNDatabaseMasterExcluding2026.csv,CHRD,kept,ok
COMMERCIAL VEHICLE GROUP,45.0,2022-09-29,WARNDatabaseMasterExcluding2026.csv,CVGI,kept,ok
PEARSON,152.0,2022-09-28,WARNDatabaseMasterExcluding2026.csv,PSON.L,kept,ok
AMENTUM,70.0,2022-09-28,WARNDatabaseMasterExcluding2026.csv,AMTM,kept,ok
BAYFIRST,1.0,2022-09-26,WARNDatabaseMasterExcluding2026.csv,BAFN,kept,ok
NETCARE,49.0,2022-09-23,WARNDatabaseMasterExcluding2026.csv,NTC.JO,kept,ok
BAYFIRST FINANCIAL,58.0,2022-09-23,WARNDatabaseMasterExcluding2026.csv,BAFN,kept,ok
BAYFIRST FINANCIAL,1.0,2022-09-23,WARNDatabaseMasterExcluding2026.csv,BAFN,kept,ok
BAYFIRST FINANCIAL,58.0,2022-09-23,WARNDatabaseMasterExcluding2026.csv,BAFN,kept,ok
WELLS FARGO,17.0,2022-09-22,WARNDatabaseMasterExcluding2026.csv,WFC,kept,ok
WELLS FARGO,13.0,2022-09-22,WARNDatabaseMasterExcluding2026.csv,WFC,kept,ok
WELLS FARGO,2.0,2022-09-22,WARNDatabaseMasterExcluding2026.csv,WFC,kept,ok
WELLS FARGO,1.0,2022-09-22,WARNDatabaseMasterExcluding2026.csv,WFC,kept,ok
WELLS FARGO,1.0,2022-09-22,WARNDatabaseMasterExcluding2026.csv,WFC,kept,ok
WELLS FARGO,1.0,2022-09-22,WARNDatabaseMasterExcluding2026.csv,WFC,kept,ok
WELLS FARGO,1.0,2022-09-22,WARNDatabaseMasterExcluding2026.csv,WFC,kept,ok
WELLS FARGO,1.0,2022-09-22,WARNDatabaseMasterExcluding2026.csv,WFC,kept,ok
WELLS FARGO,17.0,2022-09-22,WARNDatabaseMasterExcluding2026.csv,WFC,kept,ok
WELLS FARGO,13.0,2022-09-22,WARNDatabaseMasterExcluding2026.csv,WFC,kept,ok
WELLS FARGO,2.0,2022-09-22,WARNDatabaseMasterExcluding2026.csv,WFC,kept,ok
WELLS FARGO,1.0,2022-09-22,WARNDatabaseMasterExcluding2026.csv,WFC,kept,ok
WELLS FARGO,1.0,2022-09-22,WARNDatabaseMasterExcluding2026.csv,WFC,kept,ok
WELLS FARGO,1.0,2022-09-22,WARNDatabaseMasterExcluding2026.csv,WFC,kept,ok
WELLS FARGO,1.0,2022-09-22,WARNDatabaseMasterExcluding2026.csv,WFC,kept,ok
SCHNEIDER ELECTRIC,15.0,2022-09-22,WARNDatabaseMasterExcluding2026.csv,SU.PA,kept,ok
"COMPASS, INC",271.0,2022-09-21,WARNDatabaseMasterExcluding2026.csv,CMPS,kept,ok
"GAP, INC.",104.0,2022-09-21,WARNDatabaseMasterExcluding2026.csv,GAP,kept,ok
"GAP, INC.",7.0,2022-09-21,WARNDatabaseMasterExcluding2026.csv,GAP,kept,ok
AMENTUM,25.0,2022-09-20,WARNDatabaseMasterExcluding2026.csv,AMTM,kept,ok
BED BATH & BEYOND,30.0,2022-09-19,WARNDatabaseMasterExcluding2026.csv,BBBY,kept,ok
GXO,34.0,2022-09-15,WARNDatabaseMasterExcluding2026.csv,GXO,kept,ok
GXO,34.0,2022-09-15,WARNDatabaseMasterExcluding2026.csv,GXO,kept,ok
TWILIO,108.0,2022-09-15,WARNDatabaseMasterExcluding2026.csv,TWLO,kept,ok
"CURATIVE, INC.",109.0,2022-09-15,WARNDatabaseMasterExcluding2026.csv,CUBT,kept,ok
ABBVIE INC.,99.0,2022-09-14,WARNDatabaseMasterExcluding2026.csv,ABBV,kept,ok
BRISTOL-MYERS SQUIBB,92.0,2022-09-13,WARNDatabaseMasterExcluding2026.csv,BMY,kept,ok
BRISTOL-MYERS SQUIBB,169.0,2022-09-13,WARNDatabaseMasterExcluding2026.csv,BMY,kept,ok
WELLS FARGO,1.0,2022-09-09,WARNDatabaseMasterExcluding2026.csv,WFC,kept,ok
DELUXE CORPORATION,58.0,2022-09-08,WARNDatabaseMasterExcluding2026.csv,DLX,kept,ok
"GOODRX, INC.",69.0,2022-09-08,WARNDatabaseMasterExcluding2026.csv,GDRX,kept,ok
VALUE VILLAGE,16.0,2022-09-07,WARNDatabaseMasterExcluding2026.csv,SVV,kept,ok
VALUE VILLAGE,13.0,2022-09-07,WARNDatabaseMasterExcluding2026.csv,SVV,kept,ok
VALUE VILLAGE,12.0,2022-09-07,WARNDatabaseMasterExcluding2026.csv,SVV,kept,ok
"REALI, INC.",132.0,2022-09-07,WARNDatabaseMasterExcluding2026.csv,^KVR,kept,ok
"PURPLE INNOVATION, LLC",135.0,2022-09-02,WARNDatabaseMasterExcluding2026.csv,PRPL,kept,ok
"SNAP INC., SUBSIDIARY OF PSA RISK MANAGEMENT SERVICES",44.0,2022-09-02,WARNDatabaseMasterExcluding2026.csv,SNAP,kept,ok
"SNAP, INC. WHOLLY OWNED SUBSIDIARY OF PSA RISK MANAGEMENT SERVICES INC.",40.0,2022-09-02,WARNDatabaseMasterExcluding2026.csv,SNAP,kept,ok
HONEYWELL,89.0,2022-09-01,WARNDatabaseMasterExcluding2026.csv,HON,kept,ok
"SNAP, INC. WHOLLY OWNED SUBSIDIARY OF PSA RISK MANAGEMENT SERVICES INC.",401.0,2022-09-01,WARNDatabaseMasterExcluding2026.csv,SNAP,kept,ok
"HARDWICK TACTICAL CORPORATION AND PUERTO RICO INDUSTRIES FOR THE BLIND, CORP.",129.0,2022-08-29,WARNDatabaseMasterExcluding2026.csv,SPCX,kept,ok
"MERIT MEDICAL SYSTEMS, INC.",117.0,2022-08-29,WARNDatabaseMasterExcluding2026.csv,MMSI,kept,ok
"KETER, US, INC",68.0,2022-08-29,WARNDatabaseMasterExcluding2026.csv,EURUSD=X,kept,ok
ARCHER-DANIELS-MIDLAND CO,65.0,2022-08-26,WARNDatabaseMasterExcluding2026.csv,ADM,kept,ok
AMAZON,190.0,2022-08-26,WARNDatabaseMasterExcluding2026.csv,AMZN,kept,ok
AMAZON,163.0,2022-08-26,WARNDatabaseMasterExcluding2026.csv,AMZN,kept,ok
WELLS FARGO,10.0,2022-08-26,WARNDatabaseMasterExcluding2026.csv,WFC,kept,ok
ARCHER-DANIELS-MIDLAND CO,65.0,2022-08-26,WARNDatabaseMasterExcluding2026.csv,ADM,kept,ok
WELLS FARGO,59.0,2022-08-25,WARNDatabaseMasterExcluding2026.csv,WFC,kept,ok
WELLS FARGO,13.0,2022-08-25,WARNDatabaseMasterExcluding2026.csv,WFC,kept,ok
WELLS FARGO,1.0,2022-08-25,WARNDatabaseMasterExcluding2026.csv,WFC,kept,ok
WELLS FARGO,2.0,2022-08-25,WARNDatabaseMasterExcluding2026.csv,WFC,kept,ok
WELLS FARGO,59.0,2022-08-25,WARNDatabaseMasterExcluding2026.csv,WFC,kept,ok
WELLS FARGO,13.0,2022-08-25,WARNDatabaseMasterExcluding2026.csv,WFC,kept,ok
WELLS FARGO,1.0,2022-08-25,WARNDatabaseMasterExcluding2026.csv,WFC,kept,ok
WELLS FARGO,2.0,2022-08-25,WARNDatabaseMasterExcluding2026.csv,WFC,kept,ok
"WAYFAIR, LLC",540.0,2022-08-19,WARNDatabaseMasterExcluding2026.csv,W,kept,ok
EMILIA,90.0,2022-08-17,WARNDatabaseMasterExcluding2026.csv,EAO.F,kept,ok
AUTODESK,578.0,2022-08-17,WARNDatabaseMasterExcluding2026.csv,ADSK,kept,ok
MALWAREBYTES,47.0,2022-08-17,WARNDatabaseMasterExcluding2026.csv,MALWZZX,kept,ok
ATARA BIOTHERAPEUTICS,14.0,2022-08-17,WARNDatabaseMasterExcluding2026.csv,ATRA,kept,ok
ATARA BIOTHERAPEUTICS,55.0,2022-08-17,WARNDatabaseMasterExcluding2026.csv,ATRA,kept,ok
ATARA BIOTHERAPEUTICS,8.0,2022-08-17,WARNDatabaseMasterExcluding2026.csv,ATRA,kept,ok
TYSON FOODS,60.0,2022-08-16,WARNDatabaseMasterExcluding2026.csv,TSN,kept,ok
"TEMPO AUTOMATION, INC.",54.0,2022-08-15,WARNDatabaseMasterExcluding2026.csv,TMPOQ,kept,ok
"HCI, LLC",111.0,2022-08-11,WARNDatabaseMasterExcluding2026.csv,HCI,kept,ok
"HCI, LLC",30.0,2022-08-11,WARNDatabaseMasterExcluding2026.csv,HCI,kept,ok
"HCI, LLC",31.0,2022-08-11,WARNDatabaseMasterExcluding2026.csv,HCI,kept,ok
"HCI, LLC",109.0,2022-08-11,WARNDatabaseMasterExcluding2026.csv,HCI,kept,ok
"RIVIAN AUTOMOTIVE, LLC",111.0,2022-08-08,WARNDatabaseMasterExcluding2026.csv,RIVN,kept,ok
"RIVIAN AUTOMOTIVE, LLC",77.0,2022-08-08,WARNDatabaseMasterExcluding2026.csv,RIVN,kept,ok
"RIVIAN AUTOMOTIVE, LLC",20.0,2022-08-08,WARNDatabaseMasterExcluding2026.csv,RIVN,kept,ok
"RIVIAN AUTOMOTIVE, LLC",25.0,2022-08-08,WARNDatabaseMasterExcluding2026.csv,RIVN,kept,ok
"RIVIAN AUTOMOTIVE, LLC",21.0,2022-08-08,WARNDatabaseMasterExcluding2026.csv,RIVN,kept,ok
"RIVIAN AUTOMOTIVE, LLC",86.0,2022-08-08,WARNDatabaseMasterExcluding2026.csv,RIVN,kept,ok
"RIVIAN AUTOMOTIVE, LLC",9.0,2022-08-08,WARNDatabaseMasterExcluding2026.csv,RIVN,kept,ok
"RIVIAN AUTOMOTIVE, LLC",2.0,2022-08-08,WARNDatabaseMasterExcluding2026.csv,RIVN,kept,ok
"ROBINHOOD MARKETS, INC.",146.0,2022-08-05,WARNDatabaseMasterExcluding2026.csv,HOOD,kept,ok
BAE SYSTEMS,54.0,2022-08-04,WARNDatabaseMasterExcluding2026.csv,BA.L,kept,ok
BALL CORP.,120.0,2022-08-03,WARNDatabaseMasterExcluding2026.csv,BALL,kept,ok
"ROBINHOOD MARKETS, INC.",193.0,2022-08-03,WARNDatabaseMasterExcluding2026.csv,HOOD,kept,ok
"ROBINHOOD MARKETS, INC.",82.0,2022-08-03,WARNDatabaseMasterExcluding2026.csv,HOOD,kept,ok
"HEALTHCARE, INC.",149.0,2022-08-02,WARNDatabaseMasterExcluding2026.csv,GEHC,kept,ok
WELLS FARGO,9.0,2022-07-29,WARNDatabaseMasterExcluding2026.csv,WFC,kept,ok
WELLS FARGO,18.0,2022-07-28,WARNDatabaseMasterExcluding2026.csv,WFC,kept,ok
WELLS FARGO,13.0,2022-07-28,WARNDatabaseMasterExcluding2026.csv,WFC,kept,ok
WELLS FARGO,14.0,2022-07-28,WARNDatabaseMasterExcluding2026.csv,WFC,kept,ok
WELLS FARGO,6.0,2022-07-28,WARNDatabaseMasterExcluding2026.csv,WFC,kept,ok
WELLS FARGO,1.0,2022-07-28,WARNDatabaseMasterExcluding2026.csv,WFC,kept,ok
WELLS FARGO,1.0,2022-07-28,WARNDatabaseMasterExcluding2026.csv,WFC,kept,ok
WELLS FARGO,29.0,2022-07-28,WARNDatabaseMasterExcluding2026.csv,WFC,kept,ok
WELLS FARGO,18.0,2022-07-28,WARNDatabaseMasterExcluding2026.csv,WFC,kept,ok
WELLS FARGO,13.0,2022-07-28,WARNDatabaseMasterExcluding2026.csv,WFC,kept,ok
WELLS FARGO,14.0,2022-07-28,WARNDatabaseMasterExcluding2026.csv,WFC,kept,ok
WELLS FARGO,6.0,2022-07-28,WARNDatabaseMasterExcluding2026.csv,WFC,kept,ok
WELLS FARGO,1.0,2022-07-28,WARNDatabaseMasterExcluding2026.csv,WFC,kept,ok
WELLS FARGO,1.0,2022-07-28,WARNDatabaseMasterExcluding2026.csv,WFC,kept,ok
WELLS FARGO,29.0,2022-07-28,WARNDatabaseMasterExcluding2026.csv,WFC,kept,ok
OWENS CORNING,225.0,2022-07-28,WARNDatabaseMasterExcluding2026.csv,OC,kept,ok
"RINGCENTRAL, INC.",25.0,2022-07-28,WARNDatabaseMasterExcluding2026.csv,RNG,kept,ok
"RINGCENTRAL, INC.",25.0,2022-07-28,WARNDatabaseMasterExcluding2026.csv,RNG,kept,ok
TREX COMPANY,80.0,2022-07-26,WARNDatabaseMasterExcluding2026.csv,TREX,kept,ok
SCHNEIDER ELECTRIC,9.0,2022-07-26,WARNDatabaseMasterExcluding2026.csv,SU.PA,kept,ok
CYTOMX THERAPEUTICS INC.,66.0,2022-07-22,WARNDatabaseMasterExcluding2026.csv,CTMX,kept,ok
PENNYMAC,30.0,2022-07-21,WARNDatabaseMasterExcluding2026.csv,PMT-PA,kept,ok
PENNYMAC,2.0,2022-07-21,WARNDatabaseMasterExcluding2026.csv,PMT-PA,kept,ok
TROPICANA,27.0,2022-07-19,WARNDatabaseMasterExcluding2026.csv,5401.KL,kept,ok
"ADP, INC.",12.0,2022-07-19,WARNDatabaseMasterExcluding2026.csv,ADP,kept,ok
"ANHEUSER-BUSCH, LLC",142.0,2022-07-18,WARNDatabaseMasterExcluding2026.csv,BUD,kept,ok
WELLS FARGO,35.0,2022-07-15,WARNDatabaseMasterExcluding2026.csv,WFC,kept,ok
WELLS FARGO,9.0,2022-07-14,WARNDatabaseMasterExcluding2026.csv,WFC,kept,ok
WELLS FARGO,3.0,2022-07-14,WARNDatabaseMasterExcluding2026.csv,WFC,kept,ok
WELLS FARGO,9.0,2022-07-14,WARNDatabaseMasterExcluding2026.csv,WFC,kept,ok
WELLS FARGO,3.0,2022-07-14,WARNDatabaseMasterExcluding2026.csv,WFC,kept,ok
"TESLA, INC.",20.0,2022-07-12,WARNDatabaseMasterExcluding2026.csv,TSLA,kept,ok
"TESLA, INC.",5.0,2022-07-12,WARNDatabaseMasterExcluding2026.csv,TSLA,kept,ok
"TESLA, INC.",1.0,2022-07-12,WARNDatabaseMasterExcluding2026.csv,TSLA,kept,ok
"TESLA, INC.",2.0,2022-07-12,WARNDatabaseMasterExcluding2026.csv,TSLA,kept,ok
"TESLA, INC.",41.0,2022-07-12,WARNDatabaseMasterExcluding2026.csv,TSLA,kept,ok
"TESLA, INC.",229.0,2022-07-11,WARNDatabaseMasterExcluding2026.csv,TSLA,kept,ok
APPLOVIN CORPORATION,62.0,2022-07-11,WARNDatabaseMasterExcluding2026.csv,APP,kept,ok
"HERON THERAPEUTICS, INC.",77.0,2022-07-11,WARNDatabaseMasterExcluding2026.csv,HRTX,kept,ok
CUE HEALTH INC.,123.0,2022-07-08,WARNDatabaseMasterExcluding2026.csv,HLTHQ,kept,ok
CUE HEALTH INC.,9.0,2022-07-08,WARNDatabaseMasterExcluding2026.csv,HLTHQ,kept,ok
AMGEN,2.0,2022-07-08,WARNDatabaseMasterExcluding2026.csv,AMGN,kept,ok
CUE HEALTH,37.0,2022-07-08,WARNDatabaseMasterExcluding2026.csv,HLTHQ,kept,ok
TETRA TECH,60.0,2022-07-07,WARNDatabaseMasterExcluding2026.csv,TTEK,kept,ok
ABM INDUSTRIES,92.0,2022-07-06,WARNDatabaseMasterExcluding2026.csv,ABM,kept,ok
MATRIX,1.0,2022-07-01,WARNDatabaseMasterExcluding2026.csv,5236.KL,kept,ok
CELSIUS,55.0,2022-07-01,WARNDatabaseMasterExcluding2026.csv,CELH,kept,ok
BED BATH & BEYOND INC.,328.0,2022-07-01,WARNDatabaseMasterExcluding2026.csv,BBBY,kept,ok
WELLS FARGO,29.0,2022-06-30,WARNDatabaseMasterExcluding2026.csv,WFC,kept,ok
WELLS FARGO,6.0,2022-06-30,WARNDatabaseMasterExcluding2026.csv,WFC,kept,ok
WELLS FARGO,37.0,2022-06-30,WARNDatabaseMasterExcluding2026.csv,WFC,kept,ok
WELLS FARGO,35.0,2022-06-30,WARNDatabaseMasterExcluding2026.csv,WFC,kept,ok
WELLS FARGO,29.0,2022-06-30,WARNDatabaseMasterExcluding2026.csv,WFC,kept,ok
WELLS FARGO,6.0,2022-06-30,WARNDatabaseMasterExcluding2026.csv,WFC,kept,ok
WELLS FARGO,37.0,2022-06-30,WARNDatabaseMasterExcluding2026.csv,WFC,kept,ok
WELLS FARGO,35.0,2022-06-30,WARNDatabaseMasterExcluding2026.csv,WFC,kept,ok
LOCKHEED MARTIN CORPORATION,35.0,2022-06-28,WARNDatabaseMasterExcluding2026.csv,LMT,kept,ok
ZILLOW GROUP,32.0,2022-06-27,WARNDatabaseMasterExcluding2026.csv,Z,kept,ok
"IOWA ANESTHESIA ASSOCIATES, PC",49.0,2022-06-22,WARNDatabaseMasterExcluding2026.csv,PC,kept,ok
"IOWA ANESTHESIA ASSOCIATES, PC",49.0,2022-06-22,WARNDatabaseMasterExcluding2026.csv,PC,kept,ok
SODEXO,98.0,2022-06-21,WARNDatabaseMasterExcluding2026.csv,0J3F.IL,kept,ok
SIEMENS,92.0,2022-06-20,WARNDatabaseMasterExcluding2026.csv,SIE.DE,kept,ok
SIEMENS,92.0,2022-06-20,WARNDatabaseMasterExcluding2026.csv,SIE.DE,kept,ok
FUSION,55.0,2022-06-20,WARNDatabaseMasterExcluding2026.csv,HTOO,kept,ok
WELLS FARGO,3.0,2022-06-16,WARNDatabaseMasterExcluding2026.csv,WFC,kept,ok
WELLS FARGO,3.0,2022-06-16,WARNDatabaseMasterExcluding2026.csv,WFC,kept,ok
WELLS FARGO,3.0,2022-06-16,WARNDatabaseMasterExcluding2026.csv,WFC,kept,ok
WELLS FARGO,3.0,2022-06-16,WARNDatabaseMasterExcluding2026.csv,WFC,kept,ok
"COMMERCIAL VEHICLE GROUP, INC.",57.0,2022-06-13,WARNDatabaseMasterExcluding2026.csv,CVGI,kept,ok
"FXI, INC.",100.0,2022-06-13,WARNDatabaseMasterExcluding2026.csv,FXI,kept,ok
WELLS FARGO,1.0,2022-06-13,WARNDatabaseMasterExcluding2026.csv,WFC,kept,ok
CARBON HEALTH,131.0,2022-06-08,WARNDatabaseMasterExcluding2026.csv,CARHZZX,kept,ok
"ID.ME, INC.",54.0,2022-06-07,WARNDatabaseMasterExcluding2026.csv,IDMEZZX,kept,ok
WELLS FARGO,1.0,2022-06-02,WARNDatabaseMasterExcluding2026.csv,WFC,kept,ok
SODEXO,137.0,2022-06-02,WARNDatabaseMasterExcluding2026.csv,0J3F.IL,kept,ok
SODEXO,70.0,2022-06-02,WARNDatabaseMasterExcluding2026.csv,0J3F.IL,kept,ok
SODEXO,63.0,2022-06-02,WARNDatabaseMasterExcluding2026.csv,0J3F.IL,kept,ok
WELLS FARGO,1.0,2022-06-02,WARNDatabaseMasterExcluding2026.csv,WFC,kept,ok
SEARS,4.0,2022-06-01,WARNDatabaseMasterExcluding2026.csv,SRSCQ,kept,ok
CATHAY PACIFIC AIRWAYS LIMITED,49.0,2022-05-31,WARNDatabaseMasterExcluding2026.csv,CPCAY,kept,ok
SWEDA,130.0,2022-05-31,WARNDatabaseMasterExcluding2026.csv,SWEDAS.XC,kept,ok
CATHAY PACIFIC AIRWAYS LIMITED,12.0,2022-05-31,WARNDatabaseMasterExcluding2026.csv,CPCAY,kept,ok
PENNYMAC,12.0,2022-05-25,WARNDatabaseMasterExcluding2026.csv,PMT-PA,kept,ok
PENNYMAC,10.0,2022-05-24,WARNDatabaseMasterExcluding2026.csv,PMT-PA,kept,ok
PENNYMAC,9.0,2022-05-24,WARNDatabaseMasterExcluding2026.csv,PMT-PA,kept,ok
ARMSTRONG FLOORING,109.0,2022-05-23,WARNDatabaseMasterExcluding2026.csv,AFIIQ,kept,ok
WELLS FARGO,31.0,2022-05-23,WARNDatabaseMasterExcluding2026.csv,WFC,kept,ok
ARMSTRONG FLOORING,128.0,2022-05-20,WARNDatabaseMasterExcluding2026.csv,AFIIQ,kept,ok
WELLS FARGO,5.0,2022-05-19,WARNDatabaseMasterExcluding2026.csv,WFC,kept,ok
WELLS FARGO,6.0,2022-05-19,WARNDatabaseMasterExcluding2026.csv,WFC,kept,ok
WELLS FARGO,5.0,2022-05-19,WARNDatabaseMasterExcluding2026.csv,WFC,kept,ok
WELLS FARGO,6.0,2022-05-19,WARNDatabaseMasterExcluding2026.csv,WFC,kept,ok
CARVANA,210.0,2022-05-17,WARNDatabaseMasterExcluding2026.csv,CVNA,kept,ok
SMITHFIELD,80.0,2022-05-17,WARNDatabaseMasterExcluding2026.csv,SFD,kept,ok
"NETFLIX, INC.",106.0,2022-05-17,WARNDatabaseMasterExcluding2026.csv,NFLX,kept,ok
PAYPAL,83.0,2022-05-17,WARNDatabaseMasterExcluding2026.csv,PYPL,kept,ok
PENNYMAC,2.0,2022-05-11,WARNDatabaseMasterExcluding2026.csv,PMT-PA,kept,ok
PENNYMAC,3.0,2022-05-11,WARNDatabaseMasterExcluding2026.csv,PMT-PA,kept,ok
PENNYMAC,72.0,2022-05-11,WARNDatabaseMasterExcluding2026.csv,PMT-PA,kept,ok
PENNYMAC,5.0,2022-05-11,WARNDatabaseMasterExcluding2026.csv,PMT-PA,kept,ok
PENNYMAC,52.0,2022-05-11,WARNDatabaseMasterExcluding2026.csv,PMT-PA,kept,ok
PENNYMAC,14.0,2022-05-10,WARNDatabaseMasterExcluding2026.csv,PMT-PA,kept,ok
DOMA,113.0,2022-05-09,WARNDatabaseMasterExcluding2026.csv,DBM.TO,kept,ok
WELLS FARGO,3.0,2022-05-05,WARNDatabaseMasterExcluding2026.csv,WFC,kept,ok
WELLS FARGO,44.0,2022-05-05,WARNDatabaseMasterExcluding2026.csv,WFC,kept,ok
WELLS FARGO,3.0,2022-05-05,WARNDatabaseMasterExcluding2026.csv,WFC,kept,ok
WELLS FARGO,44.0,2022-05-05,WARNDatabaseMasterExcluding2026.csv,WFC,kept,ok
"BLEND LABS, INC.",89.0,2022-05-04,WARNDatabaseMasterExcluding2026.csv,BLND,kept,ok
PENNYMAC,13.0,2022-05-04,WARNDatabaseMasterExcluding2026.csv,PMT-PA,kept,ok
"BLEND LABS, INC.",60.0,2022-05-04,WARNDatabaseMasterExcluding2026.csv,BLND,kept,ok
PENNYMAC,25.0,2022-05-04,WARNDatabaseMasterExcluding2026.csv,PMT-PA,kept,ok
"BLEND LABS, INC.",6.0,2022-05-04,WARNDatabaseMasterExcluding2026.csv,BLND,kept,ok
FIS,214.0,2022-05-03,WARNDatabaseMasterExcluding2026.csv,FIS,kept,ok
PENNYMAC,21.0,2022-05-02,WARNDatabaseMasterExcluding2026.csv,PMT-PA,kept,ok
WASTE MANAGEMENT,76.0,2022-05-02,WARNDatabaseMasterExcluding2026.csv,WM,kept,ok
"ARMSTRONG FLOORING, INC.",606.0,2022-05-01,WARNDatabaseMasterExcluding2026.csv,AFIIQ,kept,ok
NEKTAR THERAPEUTICS,72.0,2022-04-29,WARNDatabaseMasterExcluding2026.csv,NKTR,kept,ok
WASTE MANAGEMENT,98.0,2022-04-29,WARNDatabaseMasterExcluding2026.csv,WM,kept,ok
KUEHNE & NAGEL,17.0,2022-04-28,WARNDatabaseMasterExcluding2026.csv,KNIN.SW,kept,ok
KUEHNE & NAGEL,17.0,2022-04-28,WARNDatabaseMasterExcluding2026.csv,KNIN.SW,kept,ok
"ROBINHOOD MARKETS, INC.",100.0,2022-04-28,WARNDatabaseMasterExcluding2026.csv,HOOD,kept,ok
NEKTAR THERAPEUTICS,337.0,2022-04-27,WARNDatabaseMasterExcluding2026.csv,NKTR,kept,ok
UNITED GROWTH,37.0,2022-04-26,WARNDatabaseMasterExcluding2026.csv,0P0001R8WV,kept,ok
"ANALOG DEVICES, INC.",61.0,2022-04-26,WARNDatabaseMasterExcluding2026.csv,ADI,kept,ok
WALMART,100.0,2022-04-25,WARNDatabaseMasterExcluding2026.csv,WMT,kept,ok
WELLS FARGO,25.0,2022-04-21,WARNDatabaseMasterExcluding2026.csv,WFC,kept,ok
WELLS FARGO,25.0,2022-04-21,WARNDatabaseMasterExcluding2026.csv,WFC,kept,ok
JABIL INC,67.0,2022-04-12,WARNDatabaseMasterExcluding2026.csv,JBL,kept,ok
"PEPSICO, INC.",212.0,2022-04-12,WARNDatabaseMasterExcluding2026.csv,PEP,kept,ok
JABIL INC,67.0,2022-04-12,WARNDatabaseMasterExcluding2026.csv,JBL,kept,ok
"AKEBIA THERAPEUTICS, INC. (""AKEBIA"")",91.0,2022-04-11,WARNDatabaseMasterExcluding2026.csv,AKBA,kept,ok
"FUNKO, LLC",258.0,2022-04-07,WARNDatabaseMasterExcluding2026.csv,FNKO,kept,ok
SODEXO,83.0,2022-04-07,WARNDatabaseMasterExcluding2026.csv,0J3F.IL,kept,ok
"ZILLOW GROUP, INC.",1.0,2022-04-07,WARNDatabaseMasterExcluding2026.csv,Z,kept,ok
PITNEY BOWES INC.,37.0,2022-04-07,WARNDatabaseMasterExcluding2026.csv,PBI,kept,ok
WALMART,147.0,2022-04-04,WARNDatabaseMasterExcluding2026.csv,WMT,kept,ok
"AUTODESK, INC.",1.0,2022-04-04,WARNDatabaseMasterExcluding2026.csv,ADSK,kept,ok
"CACI, INC.",94.0,2022-04-01,WARNDatabaseMasterExcluding2026.csv,CACI,kept,ok
"ARM, INC.",80.0,2022-04-01,WARNDatabaseMasterExcluding2026.csv,ARM,kept,ok
WESTROCK,30.0,2022-03-31,WARNDatabaseMasterExcluding2026.csv,SW,kept,ok
"MAXIMUS, INC. FLORIDA HEALTHY KIDS PROJECT",96.0,2022-03-31,WARNDatabaseMasterExcluding2026.csv,MMS,kept,ok
KRA,11.0,2022-03-30,WARNDatabaseMasterExcluding2026.csv,KHC,kept,ok
KRA,6.0,2022-03-30,WARNDatabaseMasterExcluding2026.csv,KHC,kept,ok
KRA,6.0,2022-03-30,WARNDatabaseMasterExcluding2026.csv,KHC,kept,ok
KRA,17.0,2022-03-30,WARNDatabaseMasterExcluding2026.csv,KHC,kept,ok
KRA,6.0,2022-03-30,WARNDatabaseMasterExcluding2026.csv,KHC,kept,ok
KRA,11.0,2022-03-30,WARNDatabaseMasterExcluding2026.csv,KHC,kept,ok
SUNPOWER,89.0,2022-03-28,WARNDatabaseMasterExcluding2026.csv,SPWR,kept,ok
FIDELITY NATIONAL INFORMATION SERVICES,43.0,2022-03-24,WARNDatabaseMasterExcluding2026.csv,FIS,kept,ok
"FOODLAND SUPER MARKET, LIMITED",52.0,2022-03-23,WARNDatabaseMasterExcluding2026.csv,TSM,kept,ok
WABTEC CORPORATION,58.0,2022-03-22,WARNDatabaseMasterExcluding2026.csv,WAB,kept,ok
"ZILLOW GROUP, INC.",3.0,2022-03-22,WARNDatabaseMasterExcluding2026.csv,Z,kept,ok
HONEYWELL AEROSPACE,47.0,2022-03-22,WARNDatabaseMasterExcluding2026.csv,HONAV,kept,ok
TARGET,51.0,2022-03-17,WARNDatabaseMasterExcluding2026.csv,TGT,kept,ok
"MERCK & CO., INC. (""MERCK""); MERCK SHARP & DOHME CORP.; ACCELERON PHARMA INC. (""ACCELERON"")",170.0,2022-03-16,WARNDatabaseMasterExcluding2026.csv,MRK,kept,ok
PENNYMAC,19.0,2022-03-16,WARNDatabaseMasterExcluding2026.csv,PMT-PA,kept,ok
PENNYMAC,81.0,2022-03-16,WARNDatabaseMasterExcluding2026.csv,PMT-PA,kept,ok
GANNETT,181.0,2022-03-15,WARNDatabaseMasterExcluding2026.csv,US36472T1097.SG,kept,ok
"CWD, LLC DBA CENTRIC PARTS",252.0,2022-03-10,WARNDatabaseMasterExcluding2026.csv,CWD,kept,ok
PENNYMAC,16.0,2022-03-09,WARNDatabaseMasterExcluding2026.csv,PMT-PA,kept,ok
THE J.M. SMUCKER COMPANY,93.0,2022-03-08,WARNDatabaseMasterExcluding2026.csv,SJM,kept,ok
PENNYMAC,16.0,2022-03-08,WARNDatabaseMasterExcluding2026.csv,PMT-PA,kept,ok
PENNYMAC,80.0,2022-03-08,WARNDatabaseMasterExcluding2026.csv,PMT-PA,kept,ok
PENNYMAC,24.0,2022-03-08,WARNDatabaseMasterExcluding2026.csv,PMT-PA,kept,ok
ABBVIE INC.,70.0,2022-03-04,WARNDatabaseMasterExcluding2026.csv,ABBV,kept,ok
"FOX FACTORY, INC",83.0,2022-03-04,WARNDatabaseMasterExcluding2026.csv,FF0.F,kept,ok
"GILEAD SCIENCES, INC",114.0,2022-03-01,WARNDatabaseMasterExcluding2026.csv,GILD,kept,ok
SCIENCE APPLICATION INTERNATIONAL CORPORATION,55.0,2022-03-01,WARNDatabaseMasterExcluding2026.csv,SAIC,kept,ok
"ZILLOW GROUP, INC.",19.0,2022-02-21,WARNDatabaseMasterExcluding2026.csv,Z,kept,ok
"STAPLES, INC.",16.0,2022-02-18,WARNDatabaseMasterExcluding2026.csv,XAP=F,kept,ok
WALMART,105.0,2022-02-16,WARNDatabaseMasterExcluding2026.csv,WMT,kept,ok
SBE,40.0,2022-02-14,WARNDatabaseMasterExcluding2026.csv,SBET,kept,ok
PELOTON,54.0,2022-02-10,WARNDatabaseMasterExcluding2026.csv,PTON,kept,ok
SIEMENS,65.0,2022-02-09,WARNDatabaseMasterExcluding2026.csv,SIE.DE,kept,ok
"PELOTON INTERACTIVE, INC.",64.0,2022-02-09,WARNDatabaseMasterExcluding2026.csv,PTON,kept,ok
PELOTON,52.0,2022-02-08,WARNDatabaseMasterExcluding2026.csv,PTON,kept,ok
"PELOTON INTERACTIVE, INC.",50.0,2022-02-08,WARNDatabaseMasterExcluding2026.csv,PTON,kept,ok
"PELOTON INTERACTIVE, INC. DBA PELOTON",94.0,2022-02-08,WARNDatabaseMasterExcluding2026.csv,PTON,kept,ok
PELOTON,81.0,2022-02-08,WARNDatabaseMasterExcluding2026.csv,PTON,kept,ok
"PELOTON INTERACTIVE, INC.",58.0,2022-02-08,WARNDatabaseMasterExcluding2026.csv,PTON,kept,ok
"ATARA BIOTHERAPEUTICS, INC.",140.0,2022-02-07,WARNDatabaseMasterExcluding2026.csv,ATRA,kept,ok
SANTANDER,198.0,2022-02-02,WARNDatabaseMasterExcluding2026.csv,SAN,kept,ok
"MAXIMUS, INC. FLORIDA HEALTHY KIDS PROJECT",4.0,2022-02-01,WARNDatabaseMasterExcluding2026.csv,MMS,kept,ok
CARVANA,59.0,2022-02-01,WARNDatabaseMasterExcluding2026.csv,CVNA,kept,ok
PELOTON INTERACTIVE INC.,102.0,2022-02-01,WARNDatabaseMasterExcluding2026.csv,PTON,kept,ok
"SANTANDER BANK, LLC",53.0,2022-02-01,WARNDatabaseMasterExcluding2026.csv,BKZHF,kept,ok
AMENTUM,178.0,2022-01-28,WARNDatabaseMasterExcluding2026.csv,AMTM,kept,ok
LEAR CORPORATION,71.0,2022-01-28,WARNDatabaseMasterExcluding2026.csv,LEA,kept,ok
SCHNEIDER ELECTRIC,10.0,2022-01-27,WARNDatabaseMasterExcluding2026.csv,SU.PA,kept,ok
"ACUTUS MEDICAL, INC.",55.0,2022-01-19,WARNDatabaseMasterExcluding2026.csv,AFIB,kept,ok
"SODEXO, INC.",176.0,2022-01-18,WARNDatabaseMasterExcluding2026.csv,SW.PA,kept,ok
MACY'S INC.,117.0,2022-01-13,WARNDatabaseMasterExcluding2026.csv,M,kept,ok
PPG INDUSTRIES,54.0,2022-01-11,WARNDatabaseMasterExcluding2026.csv,PPG,kept,ok
PPG INDUSTRIES,54.0,2022-01-11,WARNDatabaseMasterExcluding2026.csv,PPG,kept,ok
"FIVE BELOW, INC.",69.0,2022-01-06,WARNDatabaseMasterExcluding2026.csv,FIVE,kept,ok
MACYS,117.0,2022-01-05,WARNDatabaseMasterExcluding2026.csv,M,kept,ok
"AUTODESK, INC.",2.0,2022-01-05,WARNDatabaseMasterExcluding2026.csv,ADSK,kept,ok
BED BATH & BEYOND,69.0,2021-12-28,WARNDatabaseMasterExcluding2026.csv,BBBY,kept,ok
HOOKER FURNITURE CORPORATION,4.0,2021-12-28,WARNDatabaseMasterExcluding2026.csv,HOFT,kept,ok
BED BATH & BEYOND,36.0,2021-12-28,WARNDatabaseMasterExcluding2026.csv,BBBY,kept,ok
"SODEXO, INC. AND AFFILIATES HCA - ORANGE PARK MEDICAL CENTER",72.0,2021-12-03,WARNDatabaseMasterExcluding2026.csv,SW.VI,kept,ok
BOSTON SCIENTIFIC CORPORATION,170.0,2021-12-03,WARNDatabaseMasterExcluding2026.csv,BSX,kept,ok
"MARSHAL S. FRUMIN, M.D.",6.0,2021-12-02,WARNDatabaseMasterExcluding2026.csv,MDIA3.SA,kept,ok
WYNDHAM HOTELS & RESORTS,46.0,2021-12-01,WARNDatabaseMasterExcluding2026.csv,WH,kept,ok
FRANKLIN TEMPLETON,185.0,2021-11-24,WARNDatabaseMasterExcluding2026.csv,TEP8.SG,kept,ok
FRANKLIN TEMPLETON,4.0,2021-11-24,WARNDatabaseMasterExcluding2026.csv,TEP8.SG,kept,ok
"FLEXION THERAPEUTICS, INC. (""FLEXION"")",110.0,2021-11-22,WARNDatabaseMasterExcluding2026.csv,FLXN,kept,ok
TE CONNECTIVITY,31.0,2021-11-19,WARNDatabaseMasterExcluding2026.csv,TEL,kept,ok
"ZILLOW GROUP, INC.",1.0,2021-11-18,WARNDatabaseMasterExcluding2026.csv,Z,kept,ok
WELLS FARGO COMPANY,42.0,2021-11-18,WARNDatabaseMasterExcluding2026.csv,WFC,kept,ok
WELLS FARGO COMPANY,23.0,2021-11-18,WARNDatabaseMasterExcluding2026.csv,WFC,kept,ok
WELLS FARGO,2.0,2021-11-18,WARNDatabaseMasterExcluding2026.csv,WFC,kept,ok
WELLS FARGO,5.0,2021-11-18,WARNDatabaseMasterExcluding2026.csv,WFC,kept,ok
HONEYWELL,81.0,2021-11-17,WARNDatabaseMasterExcluding2026.csv,HON,kept,ok
SCHNEIDER ELECTRIC,7.0,2021-11-17,WARNDatabaseMasterExcluding2026.csv,SU.PA,kept,ok
"GREIF, INC.",34.0,2021-11-17,WARNDatabaseMasterExcluding2026.csv,GEF,kept,ok
"TJX COMPANIES, INC. - TJ MAXX",82.0,2021-11-15,WARNDatabaseMasterExcluding2026.csv,TJX,kept,ok
"ZILLOW GROUP, INC.",17.0,2021-11-12,WARNDatabaseMasterExcluding2026.csv,Z,kept,ok
HYCROFT MINING,60.0,2021-11-10,WARNDatabaseMasterExcluding2026.csv,HYMC,kept,ok
"ZILLOW GROUP, INC.",24.0,2021-11-04,WARNDatabaseMasterExcluding2026.csv,Z,kept,ok
ZILLOW GROUP,47.0,2021-11-04,WARNDatabaseMasterExcluding2026.csv,Z,kept,ok
ZILLOW GROUP,20.0,2021-11-04,WARNDatabaseMasterExcluding2026.csv,Z,kept,ok
ZILLOW GROUP,32.0,2021-11-04,WARNDatabaseMasterExcluding2026.csv,Z,kept,ok
ABM INDUSTRIES,82.0,2021-11-04,WARNDatabaseMasterExcluding2026.csv,ABM,kept,ok
FLSMIDTH,58.0,2021-11-01,WARNDatabaseMasterExcluding2026.csv,FLS.CO,kept,ok
WELLS FARGO,5.0,2021-10-25,WARNDatabaseMasterExcluding2026.csv,WFC,kept,ok
WELLS FARGO,6.0,2021-10-25,WARNDatabaseMasterExcluding2026.csv,WFC,kept,ok
WELLS FARGO,30.0,2021-10-22,WARNDatabaseMasterExcluding2026.csv,WFC,kept,ok
MCKESSON,86.0,2021-10-19,WARNDatabaseMasterExcluding2026.csv,MCK,kept,ok
ABB INC,247.0,2021-10-18,WARNDatabaseMasterExcluding2026.csv,ABBV,kept,ok
TPI COMPOSITES,710.0,2021-10-18,WARNDatabaseMasterExcluding2026.csv,TPIC,kept,ok
ABB INC,247.0,2021-10-18,WARNDatabaseMasterExcluding2026.csv,ABBV,kept,ok
TPI COMPOSITES,710.0,2021-10-18,WARNDatabaseMasterExcluding2026.csv,TPIC,kept,ok
"AMERICAN INTERNATIONAL GROUP, INC",55.0,2021-10-18,WARNDatabaseMasterExcluding2026.csv,AIG,kept,ok
FORTUNA,217.0,2021-10-18,WARNDatabaseMasterExcluding2026.csv,FSM,kept,ok
SELECT MEDICAL,93.0,2021-10-11,WARNDatabaseMasterExcluding2026.csv,SEM,kept,ok
ACE HARDWARE,181.0,2021-10-11,WARNDatabaseMasterExcluding2026.csv,ACEHF,kept,ok
CARVANA,56.0,2021-10-08,WARNDatabaseMasterExcluding2026.csv,CVNA,kept,ok
RYDER,132.0,2021-10-06,WARNDatabaseMasterExcluding2026.csv,R,kept,ok
PAE,22.0,2021-10-01,WARNDatabaseMasterExcluding2026.csv,PAEEM.PA,kept,ok
CORECIVIC,143.0,2021-10-01,WARNDatabaseMasterExcluding2026.csv,CXW,kept,ok
CORECIVIC,143.0,2021-10-01,WARNDatabaseMasterExcluding2026.csv,CXW,kept,ok
NPL,60.0,2021-09-29,WARNDatabaseMasterExcluding2026.csv,0P0001LDDD.SA,kept,ok
WELLS FARGO,1.0,2021-09-28,WARNDatabaseMasterExcluding2026.csv,WFC,kept,ok
WELLS FARGO,4.0,2021-09-28,WARNDatabaseMasterExcluding2026.csv,WFC,kept,ok
WELLS FARGO,5.0,2021-09-28,WARNDatabaseMasterExcluding2026.csv,WFC,kept,ok
WELLS FARGO,9.0,2021-09-28,WARNDatabaseMasterExcluding2026.csv,WFC,kept,ok
JABIL INC.,137.0,2021-09-27,WARNDatabaseMasterExcluding2026.csv,JBL,kept,ok
"ANTHEM, INC./BEACON HEALTH OPTIONS",4.0,2021-09-21,WARNDatabaseMasterExcluding2026.csv,0HG8.L,kept,ok
"PPG INDUSTRIES, INC.",80.0,2021-09-15,WARNDatabaseMasterExcluding2026.csv,PPG,kept,ok
SULZER,24.0,2021-09-14,WARNDatabaseMasterExcluding2026.csv,SUNZ.XC,kept,ok
ADIENT,213.0,2021-09-14,WARNDatabaseMasterExcluding2026.csv,ADNT,kept,ok
AMENTUM,92.0,2021-09-14,WARNDatabaseMasterExcluding2026.csv,AMTM,kept,ok
EATON CORPORATION,56.0,2021-09-09,WARNDatabaseMasterExcluding2026.csv,ETN,kept,ok
CORECIVIC,123.0,2021-09-02,WARNDatabaseMasterExcluding2026.csv,CXW,kept,ok
UNITED AIRLINES,101.0,2021-09-01,WARNDatabaseMasterExcluding2026.csv,UAL,kept,ok
BEST BUY,50.0,2021-08-31,WARNDatabaseMasterExcluding2026.csv,BBY,kept,ok
BEST BUY,47.0,2021-08-30,WARNDatabaseMasterExcluding2026.csv,BBY,kept,ok
WELLS FARGO,1.0,2021-08-30,WARNDatabaseMasterExcluding2026.csv,WFC,kept,ok
CUMMINS INC.,221.0,2021-08-27,WARNDatabaseMasterExcluding2026.csv,CMI,kept,ok
SCHNEIDER ELECTRIC,15.0,2021-08-26,WARNDatabaseMasterExcluding2026.csv,SU.PA,kept,ok
WELLS FARGO & COMPANY,2.0,2021-08-19,WARNDatabaseMasterExcluding2026.csv,WFC,kept,ok
WELLS FARGO & COMPANY,5.0,2021-08-19,WARNDatabaseMasterExcluding2026.csv,WFC,kept,ok
CONAGRA BRANDS INC,320.0,2021-08-17,WARNDatabaseMasterExcluding2026.csv,CAG,kept,ok
REGIS CORP,31.0,2021-08-17,WARNDatabaseMasterExcluding2026.csv,RGS,kept,ok
PELOTON INTERACTIVE INC.,123.0,2021-08-17,WARNDatabaseMasterExcluding2026.csv,PTON,kept,ok
"CALIFORNIA HEALTH AND RECOVERY SOLUTIONS, PC",89.0,2021-08-17,WARNDatabaseMasterExcluding2026.csv,PC,kept,ok
JABIL INC.,74.0,2021-08-17,WARNDatabaseMasterExcluding2026.csv,JBL,kept,ok
GXO,56.0,2021-08-17,WARNDatabaseMasterExcluding2026.csv,GXO,kept,ok
IQVIA,232.0,2021-08-12,WARNDatabaseMasterExcluding2026.csv,IQV,kept,ok
"TYSON FOODS, OPERATING AS LD FOODS/KEYSTONE FOODS",62.0,2021-08-11,WARNDatabaseMasterExcluding2026.csv,TSN,kept,ok
"MIRION TECHNOLOGIES, INC.",57.0,2021-08-06,WARNDatabaseMasterExcluding2026.csv,MIR,kept,ok
"SODEXO, INC. (CHICAGO PUBLIC SCHOOLS)",354.0,2021-08-04,WARNDatabaseMasterExcluding2026.csv,SWN.MX,kept,ok
"XANT, INC",112.0,2021-08-03,WARNDatabaseMasterExcluding2026.csv,0P0000K71L.F,kept,ok
"UNITED AIRLINES, INC - CLEVELAND HOPKINS INTERNATIONAL AIRPORT",45.0,2021-08-02,WARNDatabaseMasterExcluding2026.csv,UAL,kept,ok
JACOBS,253.0,2021-08-02,WARNDatabaseMasterExcluding2026.csv,J,kept,ok
IDEXX LABORATORIES,68.0,2021-08-01,WARNDatabaseMasterExcluding2026.csv,IDXX,kept,ok
BED BATH & BEYOND INC.,124.0,2021-08-01,WARNDatabaseMasterExcluding2026.csv,BBBY,kept,ok
CITIZENS BANK,,2021-08-01,WARNDatabaseMasterExcluding2026.csv,FC6A.SG,kept,ok
GLAXO SMITH KLINE,308.0,2021-08-01,WARNDatabaseMasterExcluding2026.csv,EGS38171C012.CA,kept,ok
ARAMARK,402.0,2021-07-29,WARNDatabaseMasterExcluding2026.csv,ARMK,kept,ok
HAEMONETICS,92.0,2021-07-25,WARNDatabaseMasterExcluding2026.csv,HAE,kept,ok
TIMET,42.0,2021-07-15,WARNDatabaseMasterExcluding2026.csv,TIMETECHNO.NS,kept,ok
AGCO CORPORATION,101.0,2021-07-15,WARNDatabaseMasterExcluding2026.csv,AGCO,kept,ok
ABB INC,239.0,2021-07-12,WARNDatabaseMasterExcluding2026.csv,ABBV,kept,ok
ABB INC,239.0,2021-07-12,WARNDatabaseMasterExcluding2026.csv,ABBV,kept,ok
SCHNEIDER ELECTRIC,9.0,2021-07-09,WARNDatabaseMasterExcluding2026.csv,SU.PA,kept,ok
ABBOTT LABORATORIES,310.0,2021-07-07,WARNDatabaseMasterExcluding2026.csv,ABT,kept,ok
ABBVIE INC,16.0,2021-07-01,WARNDatabaseMasterExcluding2026.csv,ABBV,kept,ok
ABBVIE INC,10.0,2021-07-01,WARNDatabaseMasterExcluding2026.csv,ABBV,kept,ok
"UNITED AIRLINES, INC.",796.0,2021-07-01,WARNDatabaseMasterExcluding2026.csv,UAL,kept,ok
"SODEXO, INC. AND AFFILIATES CAPE CANAVERAL HOSPITAL",71.0,2021-07-01,WARNDatabaseMasterExcluding2026.csv,SW.VI,kept,ok
"SODEXO, INC. AND AFFILIATES PALM BAY HOSPITAL",70.0,2021-07-01,WARNDatabaseMasterExcluding2026.csv,0J3F.IL,kept,ok
IRON MOUNTAIN,137.0,2021-07-01,WARNDatabaseMasterExcluding2026.csv,IRM,kept,ok
"US FOODS, INC.",68.0,2021-07-01,WARNDatabaseMasterExcluding2026.csv,USFD,kept,ok
CARDINAL HEALTH,22.0,2021-06-30,WARNDatabaseMasterExcluding2026.csv,CAH,kept,ok
CAPITAL ONE,147.0,2021-06-30,WARNDatabaseMasterExcluding2026.csv,COF,kept,ok
"SODEXO, INC. AND AFFILIATES VIERA HOSPITAL",54.0,2021-06-30,WARNDatabaseMasterExcluding2026.csv,SW.PA,kept,ok
"SODEXO, INC. AND AFFILIATES HOLMES REGIONAL MEDICAL CENTER",212.0,2021-06-30,WARNDatabaseMasterExcluding2026.csv,SW.PA,kept,ok
WELLS FARGO & COMPANY,33.0,2021-06-29,WARNDatabaseMasterExcluding2026.csv,WFC,kept,ok
CHARTER COMMUNICATIONS,10.0,2021-06-28,WARNDatabaseMasterExcluding2026.csv,CHTR,kept,ok
CARDINAL HEALTH,11.0,2021-06-18,WARNDatabaseMasterExcluding2026.csv,CAH,kept,ok
"SODEXO, INC.",164.0,2021-06-18,WARNDatabaseMasterExcluding2026.csv,SW.PA,kept,ok
THE GEO GROUP,94.0,2021-06-17,WARNDatabaseMasterExcluding2026.csv,GEO,kept,ok
ABB INC,236.0,2021-06-14,WARNDatabaseMasterExcluding2026.csv,ABBV,kept,ok
ABB INC,236.0,2021-06-14,WARNDatabaseMasterExcluding2026.csv,ABBV,kept,ok
"CHEWY, INC.",162.0,2021-06-10,WARNDatabaseMasterExcluding2026.csv,CHWY,kept,ok
ADIENT PLC,142.0,2021-06-10,WARNDatabaseMasterExcluding2026.csv,ADNT,kept,ok
UNITED PARCEL SERVICE,95.0,2021-06-04,WARNDatabaseMasterExcluding2026.csv,UPS,kept,ok
ABB INC,238.0,2021-06-02,WARNDatabaseMasterExcluding2026.csv,ABBV,kept,ok
CLEARWATER PAPER,285.0,2021-06-02,WARNDatabaseMasterExcluding2026.csv,CLW,kept,ok
ABB INC,238.0,2021-06-02,WARNDatabaseMasterExcluding2026.csv,ABBV,kept,ok
ABB INC,234.0,2021-06-01,WARNDatabaseMasterExcluding2026.csv,ABBV,kept,ok
"CALIBRE, INC.",204.0,2021-06-01,WARNDatabaseMasterExcluding2026.csv,8CY.MU,kept,ok
ACADEMY,0.0,2021-06-01,WARNDatabaseMasterExcluding2026.csv,ASO,kept,ok
ABB INC,234.0,2021-06-01,WARNDatabaseMasterExcluding2026.csv,ABBV,kept,ok
WELLS FARGO & COMPANY,33.0,2021-05-27,WARNDatabaseMasterExcluding2026.csv,WFC,kept,ok
ABM INDUSTRIES,9.0,2021-05-26,WARNDatabaseMasterExcluding2026.csv,ABM,kept,ok
ABM INDUSTRIES,9.0,2021-05-26,WARNDatabaseMasterExcluding2026.csv,ABM,kept,ok
ABM INDUSTRIES,9.0,2021-05-26,WARNDatabaseMasterExcluding2026.csv,ABM,kept,ok
ABM INDUSTRIES,9.0,2021-05-26,WARNDatabaseMasterExcluding2026.csv,ABM,kept,ok
HONEYWELL,464.0,2021-05-26,WARNDatabaseMasterExcluding2026.csv,HON,kept,ok
CARDINAL HEALTH,128.0,2021-05-21,WARNDatabaseMasterExcluding2026.csv,CAH,kept,ok
"KUEHNE & NAGEL, INC.",100.0,2021-05-19,WARNDatabaseMasterExcluding2026.csv,KNIN.SW,kept,ok
T. ROWE PRICE,287.0,2021-05-19,WARNDatabaseMasterExcluding2026.csv,TROW,kept,ok
"FNS, INC.",37.0,2021-05-14,WARNDatabaseMasterExcluding2026.csv,083500.KQ,kept,ok
SODEXO,108.0,2021-05-13,WARNDatabaseMasterExcluding2026.csv,0J3F.IL,kept,ok
SODEXO,126.0,2021-05-11,WARNDatabaseMasterExcluding2026.csv,0J3F.IL,kept,ok
"NORTHROP GRUMMAN CORPORATION, MISSION SYSTEMS SECTOR",224.0,2021-05-11,WARNDatabaseMasterExcluding2026.csv,NOC,kept,ok
ABM,233.0,2021-05-06,WARNDatabaseMasterExcluding2026.csv,ABM,kept,ok
THE REALREAL,327.0,2021-05-06,WARNDatabaseMasterExcluding2026.csv,REAL,kept,ok
AMGEN INC.,61.0,2021-05-06,WARNDatabaseMasterExcluding2026.csv,AMGN,kept,ok
WELLS FARGO,10.0,2021-05-04,WARNDatabaseMasterExcluding2026.csv,WFC,kept,ok
ABB INC,265.0,2021-05-03,WARNDatabaseMasterExcluding2026.csv,ABBV,kept,ok
QUEST DIAGNOSTICS,154.0,2021-05-01,WARNDatabaseMasterExcluding2026.csv,DGX,kept,ok
CARDINAL HEALTH,4.0,2021-04-30,WARNDatabaseMasterExcluding2026.csv,CAH,kept,ok
"L3 TECHNOLOGIES, INC. - SUBSIDIARY OF L3HARRIS TECHNOLOGIES",86.0,2021-04-30,WARNDatabaseMasterExcluding2026.csv,LHX,kept,ok
FLOWSERVE,52.0,2021-04-29,WARNDatabaseMasterExcluding2026.csv,FLS,kept,ok
BOSTON SCIENTIFIC CORPORATION,168.0,2021-04-28,WARNDatabaseMasterExcluding2026.csv,BSX,kept,ok
ABB INC,188.0,2021-04-26,WARNDatabaseMasterExcluding2026.csv,ABBV,kept,ok
ABB INC,188.0,2021-04-26,WARNDatabaseMasterExcluding2026.csv,ABBV,kept,ok
TARGET CORPORATION,37.0,2021-04-20,WARNDatabaseMasterExcluding2026.csv,TGT,kept,ok
HOWMET AEROSPACE,9.0,2021-04-14,WARNDatabaseMasterExcluding2026.csv,HWM,kept,ok
WALMART,332.0,2021-04-09,WARNDatabaseMasterExcluding2026.csv,WMT,kept,ok
SODEXO,97.0,2021-04-09,WARNDatabaseMasterExcluding2026.csv,0J3F.IL,kept,ok
WELLS FARGO,8.0,2021-04-06,WARNDatabaseMasterExcluding2026.csv,WFC,kept,ok
WELLS FARGO,45.0,2021-04-06,WARNDatabaseMasterExcluding2026.csv,WFC,kept,ok
WELLS FARGO,5.0,2021-04-06,WARNDatabaseMasterExcluding2026.csv,WFC,kept,ok
ABB INC,103.0,2021-04-05,WARNDatabaseMasterExcluding2026.csv,ABBV,kept,ok
ABB INC,103.0,2021-04-05,WARNDatabaseMasterExcluding2026.csv,ABBV,kept,ok
DELUXE CORPORATION,43.0,2021-04-01,WARNDatabaseMasterExcluding2026.csv,DLX,kept,ok
CITIZENS BANK,,2021-04-01,WARNDatabaseMasterExcluding2026.csv,FC6A.SG,kept,ok
TD BANK,9.0,2021-04-01,WARNDatabaseMasterExcluding2026.csv,TD-PFA.TO,kept,ok
GENERAL ELECTRIC COMPANY,93.0,2021-04-01,WARNDatabaseMasterExcluding2026.csv,GE,kept,ok
"CSG SYSTEMS, INC.",57.0,2021-03-29,WARNDatabaseMasterExcluding2026.csv,CSN.SG,kept,ok
CARDINAL HEALTH,29.0,2021-03-26,WARNDatabaseMasterExcluding2026.csv,CAH,kept,ok
JOHNSON & JOHNSON,2.0,2021-03-25,WARNDatabaseMasterExcluding2026.csv,JNJ,kept,ok
ABB INC,61.0,2021-03-22,WARNDatabaseMasterExcluding2026.csv,ABBV,kept,ok
ABB INC,61.0,2021-03-22,WARNDatabaseMasterExcluding2026.csv,ABBV,kept,ok
ROCHE,202.0,2021-03-20,WARNDatabaseMasterExcluding2026.csv,RHHBY,kept,ok
"SODEXO, INC.",263.0,2021-03-19,WARNDatabaseMasterExcluding2026.csv,SW.PA,kept,ok
LEAR CORPORATION,143.0,2021-03-19,WARNDatabaseMasterExcluding2026.csv,LEA,kept,ok
MARRIOT,99.0,2021-03-18,WARNDatabaseMasterExcluding2026.csv,MAR,kept,ok
"PITNEY BOWES, INC.",112.0,2021-03-18,WARNDatabaseMasterExcluding2026.csv,PBI,kept,ok
"CURATIVE, INC",187.0,2021-03-16,WARNDatabaseMasterExcluding2026.csv,CUBT,kept,ok
HILL,9.0,2021-03-11,WARNDatabaseMasterExcluding2026.csv,MH,kept,ok
KEURIG DR. PEPPER,78.0,2021-03-05,WARNDatabaseMasterExcluding2026.csv,KDP,kept,ok
MOHAWK INDUSTRIES,108.0,2021-03-03,WARNDatabaseMasterExcluding2026.csv,MHK,kept,ok
"HAIN CELESTIAL GROUP, INC.",143.0,2021-03-01,WARNDatabaseMasterExcluding2026.csv,HAIN,kept,ok
XPO LOGISTICS,,2021-03-01,WARNDatabaseMasterExcluding2026.csv,XPO,kept,ok
TA AEROSPACE,111.0,2021-03-01,WARNDatabaseMasterExcluding2026.csv,TANAA.BO,kept,ok
STATE FARM,119.0,2021-02-26,WARNDatabaseMasterExcluding2026.csv,STFBX,kept,ok
CARDINAL HEALTH,66.0,2021-02-26,WARNDatabaseMasterExcluding2026.csv,CAH,kept,ok
WELLS FARGO,34.0,2021-02-26,WARNDatabaseMasterExcluding2026.csv,WFC,kept,ok
SENSATA TECHNOLOGIES,207.0,2021-02-25,WARNDatabaseMasterExcluding2026.csv,ST,kept,ok
"GILEAD SCIENCES, INC.",179.0,2021-02-24,WARNDatabaseMasterExcluding2026.csv,GILD,kept,ok
AMGEN,531.0,2021-02-23,WARNDatabaseMasterExcluding2026.csv,AMGN,kept,ok
CALIFORNIA RESOURCES CORPORATION,50.0,2021-02-23,WARNDatabaseMasterExcluding2026.csv,CRC,kept,ok
WELLS FARGO,3.0,2021-02-19,WARNDatabaseMasterExcluding2026.csv,WFC,kept,ok
EATON CORPORATION,34.0,2021-02-16,WARNDatabaseMasterExcluding2026.csv,ETN,kept,ok
EATON CORPORATION,34.0,2021-02-16,WARNDatabaseMasterExcluding2026.csv,ETN,kept,ok
ABB INC,24.0,2021-02-15,WARNDatabaseMasterExcluding2026.csv,ABBV,kept,ok
"COCA-COLA CONSOLIDATED, INC.",52.0,2021-02-15,WARNDatabaseMasterExcluding2026.csv,COKE,kept,ok
"COCA-COLA CONSOLIDATED, INC.",52.0,2021-02-15,WARNDatabaseMasterExcluding2026.csv,COKE,kept,ok
ABB INC,24.0,2021-02-15,WARNDatabaseMasterExcluding2026.csv,ABBV,kept,ok
CBRE,193.0,2021-02-11,WARNDatabaseMasterExcluding2026.csv,CBRE,kept,ok
"COA, INC. DBA COASTER COMPANY OF AMERICA",67.0,2021-02-11,WARNDatabaseMasterExcluding2026.csv,HCC,kept,ok
AMGEN INC,531.0,2021-02-10,WARNDatabaseMasterExcluding2026.csv,AMGN,kept,ok
"AMERICAN AIRLINES, INC. MIAMI INTERNATIONAL AIRPORT",,2021-02-09,WARNDatabaseMasterExcluding2026.csv,AAL,kept,ok
AMERICAN AIRLINES,,2021-02-08,WARNDatabaseMasterExcluding2026.csv,AAL,kept,ok
CHESAPEAKE ENERGY,220.0,2021-02-03,WARNDatabaseMasterExcluding2026.csv,US1651677353.SG,kept,ok
"THE HAIN CELESTIAL GROUP, INC",143.0,2021-02-01,WARNDatabaseMasterExcluding2026.csv,HAIN,kept,ok
"AMERICAN AIRLINES, INC.",,2021-02-01,WARNDatabaseMasterExcluding2026.csv,AAL,kept,ok
XPO LOGISTICS,85.0,2021-01-29,WARNDatabaseMasterExcluding2026.csv,XPO,kept,ok
XPO LOGISTICS,85.0,2021-01-29,WARNDatabaseMasterExcluding2026.csv,XPO,kept,ok
"BEIERSDORF, LLC",134.0,2021-01-29,WARNDatabaseMasterExcluding2026.csv,BEI.DE,kept,ok
SIMPLE,37.0,2021-01-29,WARNDatabaseMasterExcluding2026.csv,2080.T,kept,ok
UNITED AIRLINES,993.0,2021-01-29,WARNDatabaseMasterExcluding2026.csv,UAL,kept,ok
CARDINAL HEALTH,66.0,2021-01-29,WARNDatabaseMasterExcluding2026.csv,CAH,kept,ok
ARAMARK,98.0,2021-01-29,WARNDatabaseMasterExcluding2026.csv,ARMK,kept,ok
ARAMARK,17.0,2021-01-29,WARNDatabaseMasterExcluding2026.csv,ARMK,kept,ok
"HSS, INC. ORLANDO INTERNATIONAL AIRPORT",131.0,2021-01-29,WARNDatabaseMasterExcluding2026.csv,0185.KL,kept,ok
STITCH FIX INC.,162.0,2021-01-28,WARNDatabaseMasterExcluding2026.csv,SFIX,kept,ok
TECHNICOLOR,275.0,2021-01-26,WARNDatabaseMasterExcluding2026.csv,TNM2.MU,kept,ok
SYKES,370.0,2021-01-26,WARNDatabaseMasterExcluding2026.csv,ASY.L,kept,ok
GENWORTH,95.0,2021-01-26,WARNDatabaseMasterExcluding2026.csv,GNW,kept,ok
"CONAGRA BRANDS, INC.",190.0,2021-01-25,WARNDatabaseMasterExcluding2026.csv,CAG,kept,ok
CONCENTRIX,107.0,2021-01-25,WARNDatabaseMasterExcluding2026.csv,CNXC,kept,ok
"ABB, INC.",6.0,2021-01-25,WARNDatabaseMasterExcluding2026.csv,ABBV,kept,ok
PAYPAL,196.0,2021-01-25,WARNDatabaseMasterExcluding2026.csv,PYPL,kept,ok
WELLS FARGO,320.0,2021-01-21,WARNDatabaseMasterExcluding2026.csv,WFC,kept,ok
SABA,2.0,2021-01-20,WARNDatabaseMasterExcluding2026.csv,SABA,kept,ok
ARAMARK,183.0,2021-01-15,WARNDatabaseMasterExcluding2026.csv,ARMK,kept,ok
"GANNETT, INC",26.0,2021-01-15,WARNDatabaseMasterExcluding2026.csv,US36472T1097.SG,kept,ok
THREDUP INC.,243.0,2021-01-15,WARNDatabaseMasterExcluding2026.csv,TDUP,kept,ok
"GANNETT, INC",26.0,2021-01-15,WARNDatabaseMasterExcluding2026.csv,US36472T1097.SG,kept,ok
EATON CORPORATION,148.0,2021-01-14,WARNDatabaseMasterExcluding2026.csv,ETN,kept,ok
"ALLIANCE DATA SYSTEMS, INC. (ALLIANCE DATA CARD SERVICES)",110.0,2021-01-14,WARNDatabaseMasterExcluding2026.csv,0HCR.L,kept,ok
"ALLIANCE DATA SYSTEMS, INC. (ALLIANCE DATA CARD SERVICES)",110.0,2021-01-14,WARNDatabaseMasterExcluding2026.csv,0HCR.L,kept,ok
EATON CORPORATION,148.0,2021-01-14,WARNDatabaseMasterExcluding2026.csv,ETN,kept,ok
"DELTA C, LP DBA KINGS CARD CLUB AND WESTLANE CARD ROOM",157.0,2021-01-14,WARNDatabaseMasterExcluding2026.csv,4YJ0.MU,kept,ok
SOUTHWEST AIRLINES,171.0,2021-01-12,WARNDatabaseMasterExcluding2026.csv,LUV,kept,ok
"TJX COMPANIES, INC. - MARSHALLS",84.0,2021-01-12,WARNDatabaseMasterExcluding2026.csv,TJX,kept,ok
NORTHROP GRUMMAN CORPORATION,100.0,2021-01-12,WARNDatabaseMasterExcluding2026.csv,NOC,kept,ok
"DEXCOM, INC.",178.0,2021-01-11,WARNDatabaseMasterExcluding2026.csv,DXCM,kept,ok
HOWMET AEROSPACE,27.0,2021-01-11,WARNDatabaseMasterExcluding2026.csv,HWM,kept,ok
MACY'S INC.,103.0,2021-01-08,WARNDatabaseMasterExcluding2026.csv,M,kept,ok
SUNPOWER,172.0,2021-01-07,WARNDatabaseMasterExcluding2026.csv,SPWR,kept,ok
MACY'S,81.0,2021-01-06,WARNDatabaseMasterExcluding2026.csv,M,kept,ok
"DARDEN RESTAURANTS, INC.",53.0,2021-01-06,WARNDatabaseMasterExcluding2026.csv,DRI,kept,ok
"ARTHUR J, LLC DBA THE ARTHUR J",29.0,2021-01-06,WARNDatabaseMasterExcluding2026.csv,AJG,kept,ok
"MBPO, LLC DBA MANHATTAN BEACH POST",35.0,2021-01-05,WARNDatabaseMasterExcluding2026.csv,27756.HK,kept,ok
"MARRIOTT INTERNATIONAL, INC. DBA JW MARRIOTT, ANAHEIM RESORT",30.0,2021-01-05,WARNDatabaseMasterExcluding2026.csv,MAR,kept,ok
"ANALOG DEVICES, INC.",255.0,2021-01-05,WARNDatabaseMasterExcluding2026.csv,ADI,kept,ok
INGREDION INC,35.0,2021-01-04,WARNDatabaseMasterExcluding2026.csv,INGR,kept,ok
INGREDION INC,35.0,2021-01-04,WARNDatabaseMasterExcluding2026.csv,INGR,kept,ok
"MARRIOTT INTERNATIONAL, INC. DBA MARRIOTT MARQUIS SAN DIEGO MARINA",74.0,2021-01-04,WARNDatabaseMasterExcluding2026.csv,MAR,kept,ok
NAC,118.0,2021-01-01,WARNDatabaseMasterExcluding2026.csv,NAC,kept,ok
"UNITED AIRLINES, INC.",,2021-01-01,WARNDatabaseMasterExcluding2026.csv,UAL,kept,ok
CENTURY ALUMINUM,289.0,2020-12-31,WARNDatabaseMasterExcluding2026.csv,CENX,kept,ok
CENTURY ALUMINUM,277.0,2020-12-31,WARNDatabaseMasterExcluding2026.csv,CENX,kept,ok
SEAWORLD,827.0,2020-12-31,WARNDatabaseMasterExcluding2026.csv,W2L.SG,kept,ok
APL,7.0,2020-12-28,WARNDatabaseMasterExcluding2026.csv,APLD,kept,ok
"CISCO SYSTEMS, INC.",101.0,2020-12-28,WARNDatabaseMasterExcluding2026.csv,CSCO,kept,ok
ABERCROMBIE & FITCH CO,40.0,2020-12-24,WARNDatabaseMasterExcluding2026.csv,ANF,kept,ok
ABERCROMBIE & FITCH CO.,29.0,2020-12-24,WARNDatabaseMasterExcluding2026.csv,ANF,kept,ok
WELLS FARGO,86.0,2020-12-23,WARNDatabaseMasterExcluding2026.csv,WFC,kept,ok
IBEX,248.0,2020-12-22,WARNDatabaseMasterExcluding2026.csv,IBEX,kept,ok
"ABM, INC.",84.0,2020-12-22,WARNDatabaseMasterExcluding2026.csv,ABM,kept,ok
"ARMSTRONG FLOORING, INC.",66.0,2020-12-22,WARNDatabaseMasterExcluding2026.csv,AFIIQ,kept,ok
"ABB, INC.",6.0,2020-12-21,WARNDatabaseMasterExcluding2026.csv,ABBV,kept,ok
"KAISER FOUNDATION HOSPITALS - MARKETING, SALES, SERVICE, ADMIN",1.0,2020-12-21,WARNDatabaseMasterExcluding2026.csv,CRM,kept,ok
SOUTHWEST AIRLINES,11.0,2020-12-18,WARNDatabaseMasterExcluding2026.csv,LUV,kept,ok
AVERY DENNISON CORPORATION,154.0,2020-12-18,WARNDatabaseMasterExcluding2026.csv,AVY,kept,ok
AVERY DENNISON CORPORATION,154.0,2020-12-18,WARNDatabaseMasterExcluding2026.csv,AVY,kept,ok
KUEHNE & NAGEL,115.0,2020-12-16,WARNDatabaseMasterExcluding2026.csv,KNIN.SW,kept,ok
AZUMI,50.0,2020-12-15,WARNDatabaseMasterExcluding2026.csv,0P0001Q9QO.SA,kept,ok
"ASSERTIO HOLDINGS, INC.",105.0,2020-12-15,WARNDatabaseMasterExcluding2026.csv,ASRT,kept,ok
EVO TRANSPORTATION,104.0,2020-12-15,WARNDatabaseMasterExcluding2026.csv,EVOA,kept,ok
SOUTHWEST AIRLINES,80.0,2020-12-15,WARNDatabaseMasterExcluding2026.csv,LUV,kept,ok
WELLS FARGO,11.0,2020-12-14,WARNDatabaseMasterExcluding2026.csv,WFC,kept,ok
"ABB, INC.",44.0,2020-12-11,WARNDatabaseMasterExcluding2026.csv,ABBV,kept,ok
EFS,10.0,2020-12-08,WARNDatabaseMasterExcluding2026.csv,EFSI,kept,ok
SCHNEIDER ELECTRIC,13.0,2020-12-07,WARNDatabaseMasterExcluding2026.csv,SU.PA,kept,ok
"PARSLEY ENERGY, INC.-ABA",2.0,2020-12-07,WARNDatabaseMasterExcluding2026.csv,0P0000Y1J7.F,kept,ok
SOUTHWEST,24.0,2020-12-07,WARNDatabaseMasterExcluding2026.csv,LUV,kept,ok
NEW BALANCE,13.0,2020-12-04,WARNDatabaseMasterExcluding2026.csv,0P0000YUHM.HK,kept,ok
SOUTHWEST AIRLINES,41.0,2020-12-04,WARNDatabaseMasterExcluding2026.csv,LUV,kept,ok
"SOUTHWEST AIRLINES, METROPOLITAN OAKLAND INTERNATIONAL AIRPORT",8.0,2020-12-04,WARNDatabaseMasterExcluding2026.csv,LUV,kept,ok
DOW CHEMICAL COMPANY,55.0,2020-12-03,WARNDatabaseMasterExcluding2026.csv,DOW,kept,ok
SOUTHWEST AIRLINES CO.,42.0,2020-12-03,WARNDatabaseMasterExcluding2026.csv,LUV,kept,ok
SOUTHWEST AIRLINES,85.0,2020-12-03,WARNDatabaseMasterExcluding2026.csv,LUV,kept,ok
SOUTHWEST AIRLINES,144.0,2020-12-03,WARNDatabaseMasterExcluding2026.csv,LUV,kept,ok
"SOUTHWEST AIRLINES, CO.",0.0,2020-12-03,WARNDatabaseMasterExcluding2026.csv,LUV,kept,ok
SOUTHWEST AIRLINES,556.0,2020-12-03,WARNDatabaseMasterExcluding2026.csv,LUV,kept,ok
SOUTHWEST AIRLINES CO.,1.0,2020-12-03,WARNDatabaseMasterExcluding2026.csv,LUV,kept,ok
SOUTHWEST AIRLINES CO.,60.0,2020-12-03,WARNDatabaseMasterExcluding2026.csv,LUV,kept,ok
SOUTHWEST AIRLINES CO.,83.0,2020-12-03,WARNDatabaseMasterExcluding2026.csv,LUV,kept,ok
TE CONNECTIVITY,178.0,2020-12-03,WARNDatabaseMasterExcluding2026.csv,TEL,kept,ok
NATIONAL EXPRESS,87.0,2020-12-02,WARNDatabaseMasterExcluding2026.csv,3NA.MU,kept,ok
ESSENTRA,118.0,2020-12-01,WARNDatabaseMasterExcluding2026.csv,ESNT.L,kept,ok
SOUTHWEST AIRLINES CO,27.0,2020-12-01,WARNDatabaseMasterExcluding2026.csv,LUV,kept,ok
IAP,63.0,2020-12-01,WARNDatabaseMasterExcluding2026.csv,IAPDM.XD,kept,ok
"MVW SSC, INC. CORPORATE",5.0,2020-11-30,WARNDatabaseMasterExcluding2026.csv,0P0001FKM7.TO,kept,ok
"MVW SSC, INC. CORPORATE",15.0,2020-11-30,WARNDatabaseMasterExcluding2026.csv,0P0001FKM7.TO,kept,ok
"HOSOPO, CORPORATION",137.0,2020-11-30,WARNDatabaseMasterExcluding2026.csv,AVAT,kept,ok
SOUTHWEST AIRLINES,6.0,2020-11-23,WARNDatabaseMasterExcluding2026.csv,LUV,kept,ok
NATIONAL EXPRESS,489.0,2020-11-20,WARNDatabaseMasterExcluding2026.csv,3NA.MU,kept,ok
"VINCE, LLC",3.0,2020-11-20,WARNDatabaseMasterExcluding2026.csv,VNCE,kept,ok
"QSI, INC. (TIMES SUPERMARKET)",,2020-11-19,WARNDatabaseMasterExcluding2026.csv,QSI,kept,ok
TTEC,59.0,2020-11-19,WARNDatabaseMasterExcluding2026.csv,TTEC,kept,ok
NATIONAL OILWELL VARCO,283.0,2020-11-19,WARNDatabaseMasterExcluding2026.csv,NOV,kept,ok
SOUTHWEST AIRLINES,18.0,2020-11-18,WARNDatabaseMasterExcluding2026.csv,LUV,kept,ok
SOUTHWEST AIRLINES,4.0,2020-11-18,WARNDatabaseMasterExcluding2026.csv,LUV,kept,ok
PAE,301.0,2020-11-18,WARNDatabaseMasterExcluding2026.csv,PAEEM.PA,kept,ok
ARAMARK,66.0,2020-11-18,WARNDatabaseMasterExcluding2026.csv,ARMK,kept,ok
ARAMARK,62.0,2020-11-18,WARNDatabaseMasterExcluding2026.csv,ARMK,kept,ok
TTEC,62.0,2020-11-17,WARNDatabaseMasterExcluding2026.csv,TTEC,kept,ok
"BED, BATH & BEYOND",27.0,2020-11-17,WARNDatabaseMasterExcluding2026.csv,BBBY,kept,ok
ROBERT HALF INTERNATIONAL INC.,106.0,2020-11-17,WARNDatabaseMasterExcluding2026.csv,RHJ.SG,kept,ok
PAYPAL,56.0,2020-11-17,WARNDatabaseMasterExcluding2026.csv,PYPL,kept,ok
PROVIDENCE,177.0,2020-11-16,WARNDatabaseMasterExcluding2026.csv,0P0001HPJB.L,kept,ok
PROVIDENCE,5.0,2020-11-16,WARNDatabaseMasterExcluding2026.csv,0P0001HPJB.L,kept,ok
MACY'S INC,83.0,2020-11-16,WARNDatabaseMasterExcluding2026.csv,M,kept,ok
SODEXO,56.0,2020-11-16,WARNDatabaseMasterExcluding2026.csv,0J3F.IL,kept,ok
EASTMAN CHEMICAL COMPANY,75.0,2020-11-16,WARNDatabaseMasterExcluding2026.csv,EMN,kept,ok
WELLS FARGO,47.0,2020-11-16,WARNDatabaseMasterExcluding2026.csv,WFC,kept,ok
EATON,111.0,2020-11-16,WARNDatabaseMasterExcluding2026.csv,ETN,kept,ok
"SABA, A SUBSIDIARY OF COERNERSTONE ONDEMAND",11.0,2020-11-16,WARNDatabaseMasterExcluding2026.csv,SABA,kept,ok
TERADATA CORPORATION,85.0,2020-11-13,WARNDatabaseMasterExcluding2026.csv,TDC,kept,ok
JABIL INC.,515.0,2020-11-10,WARNDatabaseMasterExcluding2026.csv,JBL,kept,ok
HOWMET AEROSPACE,66.0,2020-11-10,WARNDatabaseMasterExcluding2026.csv,HWM,kept,ok
"BECTON, DICKINSON AND COMPANY (&LDQUO;BD&RDQUO;)",89.0,2020-11-09,WARNDatabaseMasterExcluding2026.csv,BDX,kept,ok
SODEXO,201.0,2020-11-06,WARNDatabaseMasterExcluding2026.csv,0J3F.IL,kept,ok
SOUTHWEST AIRLINES,44.0,2020-11-06,WARNDatabaseMasterExcluding2026.csv,LUV,kept,ok
BOSTON SCIENTIFIC CORPORATION,230.0,2020-11-06,WARNDatabaseMasterExcluding2026.csv,BSX,kept,ok
SODEXO,71.0,2020-11-06,WARNDatabaseMasterExcluding2026.csv,0J3F.IL,kept,ok
SOUTHWEST AIRLINES,1.0,2020-11-06,WARNDatabaseMasterExcluding2026.csv,LUV,kept,ok
SODEXO,71.0,2020-11-06,WARNDatabaseMasterExcluding2026.csv,0J3F.IL,kept,ok
"PET VALU, INC.",5.0,2020-11-05,WARNDatabaseMasterExcluding2026.csv,PET.TO,kept,ok
"PET VALU, INC.",10.0,2020-11-05,WARNDatabaseMasterExcluding2026.csv,PET.TO,kept,ok
"PET VALU, INC.",9.0,2020-11-05,WARNDatabaseMasterExcluding2026.csv,PET.TO,kept,ok
"PET VALU, INC.",8.0,2020-11-05,WARNDatabaseMasterExcluding2026.csv,PET.TO,kept,ok
"PET VALU, INC.",8.0,2020-11-05,WARNDatabaseMasterExcluding2026.csv,PET.TO,kept,ok
"PET VALU, INC.",6.0,2020-11-05,WARNDatabaseMasterExcluding2026.csv,PET.TO,kept,ok
"PET VALU, INC.",6.0,2020-11-05,WARNDatabaseMasterExcluding2026.csv,PET.TO,kept,ok
"PET VALU, INC.",3.0,2020-11-05,WARNDatabaseMasterExcluding2026.csv,PET.TO,kept,ok
"PET VALU, INC.",13.0,2020-11-05,WARNDatabaseMasterExcluding2026.csv,PET.TO,kept,ok
"PET VALU, INC.",7.0,2020-11-05,WARNDatabaseMasterExcluding2026.csv,PET.TO,kept,ok
"PET VALU, INC.",4.0,2020-11-05,WARNDatabaseMasterExcluding2026.csv,PET.TO,kept,ok
"PET VALU, INC.",7.0,2020-11-05,WARNDatabaseMasterExcluding2026.csv,PET.TO,kept,ok
"PET VALU, INC.",5.0,2020-11-05,WARNDatabaseMasterExcluding2026.csv,PET.TO,kept,ok
"PET VALU, INC.",10.0,2020-11-05,WARNDatabaseMasterExcluding2026.csv,PET.TO,kept,ok
"PET VALU, INC.",8.0,2020-11-05,WARNDatabaseMasterExcluding2026.csv,PET.TO,kept,ok
"PET VALU, INC.",6.0,2020-11-05,WARNDatabaseMasterExcluding2026.csv,PET.TO,kept,ok
"PET VALU, INC.",4.0,2020-11-05,WARNDatabaseMasterExcluding2026.csv,PET.TO,kept,ok
"PET VALU, INC.",6.0,2020-11-05,WARNDatabaseMasterExcluding2026.csv,PET.TO,kept,ok
"PET VALU, INC.",8.0,2020-11-05,WARNDatabaseMasterExcluding2026.csv,PET.TO,kept,ok
"PET VALU, INC.",11.0,2020-11-05,WARNDatabaseMasterExcluding2026.csv,PET.TO,kept,ok
"PET VALU, INC.",7.0,2020-11-05,WARNDatabaseMasterExcluding2026.csv,PET.TO,kept,ok
"PET VALU, INC.",5.0,2020-11-05,WARNDatabaseMasterExcluding2026.csv,PET.TO,kept,ok
"PET VALU, INC.",6.0,2020-11-05,WARNDatabaseMasterExcluding2026.csv,PET.TO,kept,ok
"PET VALU, INC.",3.0,2020-11-05,WARNDatabaseMasterExcluding2026.csv,PET.TO,kept,ok
"PET VALU, INC.",5.0,2020-11-05,WARNDatabaseMasterExcluding2026.csv,PET.TO,kept,ok
"PET VALU, INC.",7.0,2020-11-05,WARNDatabaseMasterExcluding2026.csv,PET.TO,kept,ok
"PET VALU, INC.",5.0,2020-11-05,WARNDatabaseMasterExcluding2026.csv,PET.TO,kept,ok
"PET VALU, INC.",7.0,2020-11-05,WARNDatabaseMasterExcluding2026.csv,PET.TO,kept,ok
"PET VALU, INC.",4.0,2020-11-05,WARNDatabaseMasterExcluding2026.csv,PET.TO,kept,ok
"PET VALU, INC.",4.0,2020-11-05,WARNDatabaseMasterExcluding2026.csv,PET.TO,kept,ok
"PET VALU, INC.",6.0,2020-11-05,WARNDatabaseMasterExcluding2026.csv,PET.TO,kept,ok
"PET VALU, INC.",4.0,2020-11-05,WARNDatabaseMasterExcluding2026.csv,PET.TO,kept,ok
EATON CORPORATION,108.0,2020-11-05,WARNDatabaseMasterExcluding2026.csv,ETN,kept,ok
EATON CORPORATION,108.0,2020-11-05,WARNDatabaseMasterExcluding2026.csv,ETN,kept,ok
ABB INC.,31.0,2020-11-04,WARNDatabaseMasterExcluding2026.csv,ABBV,kept,ok
"ABB, INC.",40.0,2020-11-04,WARNDatabaseMasterExcluding2026.csv,ABBV,kept,ok
MOLSON COORS BEVERAGE COMPANY,462.0,2020-11-02,WARNDatabaseMasterExcluding2026.csv,TAP,kept,ok
GEO GROUP,52.0,2020-11-01,WARNDatabaseMasterExcluding2026.csv,GEO,kept,ok
RALPH LAUREN CORPORATION,54.0,2020-11-01,WARNDatabaseMasterExcluding2026.csv,RL,kept,ok
"FAIRMONT KEA LANI, MAUI",355.0,2020-11-01,WARNDatabaseMasterExcluding2026.csv,MLP,kept,ok
PET VALU,93.0,2020-11-01,WARNDatabaseMasterExcluding2026.csv,95T.F,kept,ok
PET VALU,64.0,2020-11-01,WARNDatabaseMasterExcluding2026.csv,95T.F,kept,ok
SYKES,99.0,2020-10-31,WARNDatabaseMasterExcluding2026.csv,ASY.L,kept,ok
ARAMARK,96.0,2020-10-30,WARNDatabaseMasterExcluding2026.csv,ARMK,kept,ok
ARAMARK,3.0,2020-10-30,WARNDatabaseMasterExcluding2026.csv,ARMK,kept,ok
ARAMARK,407.0,2020-10-30,WARNDatabaseMasterExcluding2026.csv,ARMK,kept,ok
ARAMARK,16.0,2020-10-30,WARNDatabaseMasterExcluding2026.csv,ARMK,kept,ok
ARAMARK,52.0,2020-10-30,WARNDatabaseMasterExcluding2026.csv,ARMK,kept,ok
ARAMARK,2.0,2020-10-30,WARNDatabaseMasterExcluding2026.csv,ARMK,kept,ok
"GENPACT, LLC*",185.0,2020-10-30,WARNDatabaseMasterExcluding2026.csv,G,kept,ok
DFS,123.0,2020-10-30,WARNDatabaseMasterExcluding2026.csv,DFS.L,kept,ok
TRANSALTA,64.0,2020-10-29,WARNDatabaseMasterExcluding2026.csv,TAC,kept,ok
CORECIVIC,128.0,2020-10-29,WARNDatabaseMasterExcluding2026.csv,CXW,kept,ok
SODEXO,59.0,2020-10-29,WARNDatabaseMasterExcluding2026.csv,0J3F.IL,kept,ok
VFC,7.0,2020-10-29,WARNDatabaseMasterExcluding2026.csv,VFC,kept,ok
"CALIBRE, INC.",204.0,2020-10-28,WARNDatabaseMasterExcluding2026.csv,8CY.MU,kept,ok
"DELTA AIR LINES, INC.",19.0,2020-10-26,WARNDatabaseMasterExcluding2026.csv,DAL,kept,ok
GREEN DOT CORP,56.0,2020-10-22,WARNDatabaseMasterExcluding2026.csv,GDOT,kept,ok
"SODEXO, INC.",80.0,2020-10-22,WARNDatabaseMasterExcluding2026.csv,SW.PA,kept,ok
JABIL INC,178.0,2020-10-22,WARNDatabaseMasterExcluding2026.csv,JBL,kept,ok
FANATICS,97.0,2020-10-21,WARNDatabaseMasterExcluding2026.csv,FANAZZX,kept,ok
"TASTE, INC.",8.0,2020-10-20,WARNDatabaseMasterExcluding2026.csv,8371.HK,kept,ok
TRANSFORM CO,131.0,2020-10-20,WARNDatabaseMasterExcluding2026.csv,603097.SS,kept,ok
KBR,111.0,2020-10-19,WARNDatabaseMasterExcluding2026.csv,KBR,kept,ok
THE BOEING COMPANY,10.0,2020-10-19,WARNDatabaseMasterExcluding2026.csv,BA,kept,ok
ARAMARK,55.0,2020-10-16,WARNDatabaseMasterExcluding2026.csv,ARMK,kept,ok
CNH,25.0,2020-10-16,WARNDatabaseMasterExcluding2026.csv,CNH,kept,ok
ARAMARK,55.0,2020-10-16,WARNDatabaseMasterExcluding2026.csv,ARMK,kept,ok
WALMART,158.0,2020-10-14,WARNDatabaseMasterExcluding2026.csv,WMT,kept,ok
FEDEX FREIGHT,25.0,2020-10-09,WARNDatabaseMasterExcluding2026.csv,FDXF,kept,ok
IMAX,50.0,2020-10-09,WARNDatabaseMasterExcluding2026.csv,IMAX,kept,ok
CHEVRON,50.0,2020-10-08,WARNDatabaseMasterExcluding2026.csv,CVX,kept,ok
DAVE & BUSTER'S,108.0,2020-10-06,WARNDatabaseMasterExcluding2026.csv,PLAY,kept,ok
SCHNEIDER ELECTRIC,13.0,2020-10-06,WARNDatabaseMasterExcluding2026.csv,SU.PA,kept,ok
BRIGHT HORIZONS,74.0,2020-10-06,WARNDatabaseMasterExcluding2026.csv,BFAM,kept,ok
NORTONLIFELOCK INC.,12.0,2020-10-06,WARNDatabaseMasterExcluding2026.csv,SYM.DU,kept,ok
"AMENTUM,",4.0,2020-10-05,WARNDatabaseMasterExcluding2026.csv,AMTM,kept,ok
"DELTA C, LP DBA KINGS CARD CLUB AND WESTLANE CARD ROOM",157.0,2020-10-02,WARNDatabaseMasterExcluding2026.csv,4YJ0.MU,kept,ok
FLEX,25.0,2020-10-02,WARNDatabaseMasterExcluding2026.csv,FLEX,kept,ok
"DVD, INC.",83.0,2020-10-02,WARNDatabaseMasterExcluding2026.csv,0P00011RCF.F,kept,ok
"ABM, INC. 2020",81.0,2020-10-01,WARNDatabaseMasterExcluding2026.csv,ABM,kept,ok
UNITED AIRLINES,,2020-10-01,WARNDatabaseMasterExcluding2026.csv,UAL,kept,ok
"SANTANDER BANK, N.A.",64.0,2020-10-01,WARNDatabaseMasterExcluding2026.csv,BKZHF,kept,ok
BASF,68.0,2020-10-01,WARNDatabaseMasterExcluding2026.csv,BAS.DE,kept,ok
SANTANDER BANK,18.0,2020-10-01,WARNDatabaseMasterExcluding2026.csv,BKZHF,kept,ok
LEIDOS,61.0,2020-09-30,WARNDatabaseMasterExcluding2026.csv,LDOS,kept,ok
SANTANDER*,5.0,2020-09-30,WARNDatabaseMasterExcluding2026.csv,SAN,kept,ok
SANTANDER,13.0,2020-09-30,WARNDatabaseMasterExcluding2026.csv,SAN,kept,ok
LEIDOS,61.0,2020-09-30,WARNDatabaseMasterExcluding2026.csv,LDOS,kept,ok
"STANLEY BLACK & DECKER, INC.",81.0,2020-09-30,WARNDatabaseMasterExcluding2026.csv,SWK,kept,ok
"DVD, INC. WALT DISNEY WORLD",244.0,2020-09-30,WARNDatabaseMasterExcluding2026.csv,0P00011RCF.F,kept,ok
"DVD, INC.",32.0,2020-09-30,WARNDatabaseMasterExcluding2026.csv,0P00011RCF.F,kept,ok
"DVD, INC.",3.0,2020-09-30,WARNDatabaseMasterExcluding2026.csv,0P00011RCF.F,kept,ok
HONEYWELL,67.0,2020-09-30,WARNDatabaseMasterExcluding2026.csv,HON,kept,ok
"ABM, INC.",58.0,2020-09-29,WARNDatabaseMasterExcluding2026.csv,ABM,kept,ok
"CSU, CHICO",446.0,2020-09-29,WARNDatabaseMasterExcluding2026.csv,CSUD3F.SA,kept,ok
"UNITED AIRLINES, INC. - LOS ANGELES INTERNATIONAL AIRPORT",1750.0,2020-09-28,WARNDatabaseMasterExcluding2026.csv,UAL,kept,ok
"UNITED AIRLINES, INC. - SAN FRANCISCO INTERNATIONAL AIRPORT",6912.0,2020-09-28,WARNDatabaseMasterExcluding2026.csv,UAL,kept,ok
"SCOOBEEZ, INC.,",55.0,2020-09-28,WARNDatabaseMasterExcluding2026.csv,SCBZ,kept,ok
"EMINENT, INC.",1.0,2020-09-26,WARNDatabaseMasterExcluding2026.csv,6877.HK,kept,ok
"EMINENT, INC.-RESOLVE GROUP, INC.",20.0,2020-09-26,WARNDatabaseMasterExcluding2026.csv,6877.HK,kept,ok
NATIONWIDE,58.0,2020-09-25,WARNDatabaseMasterExcluding2026.csv,MUIFX,kept,ok
SP+,89.0,2020-09-25,WARNDatabaseMasterExcluding2026.csv,SPCX,kept,ok
NATIONWIDE,58.0,2020-09-25,WARNDatabaseMasterExcluding2026.csv,MUIFX,kept,ok
SP+ CORPORATION,95.0,2020-09-24,WARNDatabaseMasterExcluding2026.csv,7466.T,kept,ok
"ABM, INC. (HERTZ)",67.0,2020-09-22,WARNDatabaseMasterExcluding2026.csv,ABM,kept,ok
"LIVE NATION ENTERTAINMENT, INC. HOUSE OF BLUES ANAHEIM-GARDENWALK",17.0,2020-09-22,WARNDatabaseMasterExcluding2026.csv,LYV,kept,ok
LIVE NATION ENTERTAINMENT INC.,5.0,2020-09-22,WARNDatabaseMasterExcluding2026.csv,LYV,kept,ok
"LIVE NATION ENTERTAINMENT, INC.",9.0,2020-09-22,WARNDatabaseMasterExcluding2026.csv,LYV,kept,ok
"DIRECTED, LLC",85.0,2020-09-22,WARNDatabaseMasterExcluding2026.csv,TOAK,kept,ok
"ABM, INC.",85.0,2020-09-22,WARNDatabaseMasterExcluding2026.csv,ABM,kept,ok
BOEING,530.0,2020-09-21,WARNDatabaseMasterExcluding2026.csv,BA,kept,ok
"SODEXO, INC. (AT EAST AURORA SCHOOL DISTRICT)",59.0,2020-09-21,WARNDatabaseMasterExcluding2026.csv,0J3F.IL,kept,ok
HOWMET AEROSPACE,62.0,2020-09-20,WARNDatabaseMasterExcluding2026.csv,HWM,kept,ok
HOWMET AEROSPACE,4.0,2020-09-20,WARNDatabaseMasterExcluding2026.csv,HWM,kept,ok
HOWMET AEROSPACE,36.0,2020-09-20,WARNDatabaseMasterExcluding2026.csv,HWM,kept,ok
"LIVE NATION ENTERTAINMENT, INC. VECTOR DIVISION",2.0,2020-09-20,WARNDatabaseMasterExcluding2026.csv,LYV,kept,ok
"LIVE NATION ENTERTAINMENT, INC. INFORMATION AND SECURITY DIVISION",1.0,2020-09-20,WARNDatabaseMasterExcluding2026.csv,LYV,kept,ok
"LIVE NATION ENTERTAINMENT, INC. TICKETMASTER DIVISION",25.0,2020-09-20,WARNDatabaseMasterExcluding2026.csv,LYV,kept,ok
"LIVE NATION ENTERTAINMENT, INC. CORPORATE DIVISION",15.0,2020-09-19,WARNDatabaseMasterExcluding2026.csv,LYV,kept,ok
"LIVE NATION ENTERTAINMENT, INC TOUR DESIGN AND INFORMATION AND SECURITY DIVISION",4.0,2020-09-19,WARNDatabaseMasterExcluding2026.csv,LYV,kept,ok
"LIVE NATION ENTERTAINMENT, INC. TOUR DESIGN AND INFORMATION AND SECURITY DIVISION",3.0,2020-09-19,WARNDatabaseMasterExcluding2026.csv,LYV,kept,ok
"LIVE NATION ENTERTAINMENT, INC CORPORATE DIVISION",18.0,2020-09-19,WARNDatabaseMasterExcluding2026.csv,LYV,kept,ok
"LIVE NATION ENTERTAINMENT, INC. U.S. CONCERTS DIVISION IT DEPARTMENT",2.0,2020-09-19,WARNDatabaseMasterExcluding2026.csv,LYV,kept,ok
SODEXO,122.0,2020-09-18,WARNDatabaseMasterExcluding2026.csv,SW.VI,kept,ok
"IN-SHAPE HEALTH CLUBS, LCC",36.0,2020-09-18,WARNDatabaseMasterExcluding2026.csv,LCCINFOTEC.BO,kept,ok
SODEXO,73.0,2020-09-17,WARNDatabaseMasterExcluding2026.csv,SW.VI,kept,ok
"P.F. CHANG'S -COLONY,TX",75.0,2020-09-17,WARNDatabaseMasterExcluding2026.csv,TX,kept,ok
"P.F. CHANG'S -ALLEN,TX",75.0,2020-09-17,WARNDatabaseMasterExcluding2026.csv,TX,kept,ok
AMENTUM,91.0,2020-09-17,WARNDatabaseMasterExcluding2026.csv,AMTM,kept,ok
"VIASAT, INC.",10.0,2020-09-17,WARNDatabaseMasterExcluding2026.csv,VSAT,kept,ok
"SODEXO, INC.",144.0,2020-09-16,WARNDatabaseMasterExcluding2026.csv,SW.PA,kept,ok
TRIMARK,36.0,2020-09-16,WARNDatabaseMasterExcluding2026.csv,0P000070CZ.TO,kept,ok
SODEXO,200.0,2020-09-16,WARNDatabaseMasterExcluding2026.csv,SW.VI,kept,ok
FREIGHTCAR AMERICA,550.0,2020-09-15,WARNDatabaseMasterExcluding2026.csv,RAIL,kept,ok
"SODEXO, INC. (AT GLENBARD SOUTH HIGH SCHOOL)",32.0,2020-09-15,WARNDatabaseMasterExcluding2026.csv,SW.PA,kept,ok
DAVE & BUSTER’S,59.0,2020-09-15,WARNDatabaseMasterExcluding2026.csv,PLAY,kept,ok
"LIVE NATION ENTERTAINMENT, LNC.",17.0,2020-09-15,WARNDatabaseMasterExcluding2026.csv,LYV,kept,ok
"LIVE NATION ENTERTAINMENT, INC.&RSQUO;",1.0,2020-09-15,WARNDatabaseMasterExcluding2026.csv,LYV,kept,ok
NETAPP,103.0,2020-09-14,WARNDatabaseMasterExcluding2026.csv,NTAP,kept,ok
LIVE NATION,79.0,2020-09-14,WARNDatabaseMasterExcluding2026.csv,LYV,kept,ok
LIVE NATION ENTERTAINMENT INC,139.0,2020-09-14,WARNDatabaseMasterExcluding2026.csv,LYV,kept,ok
FOUR SEASONS,268.0,2020-09-11,WARNDatabaseMasterExcluding2026.csv,0YO0.F,kept,ok
"QSC, LLC",55.0,2020-09-11,WARNDatabaseMasterExcluding2026.csv,PMEDF,kept,ok
TA AEROSPACE,180.0,2020-09-11,WARNDatabaseMasterExcluding2026.csv,TANAA.BO,kept,ok
"MINING EXCHANGE, A WYNDHAM GRAND HOTEL",76.0,2020-09-10,WARNDatabaseMasterExcluding2026.csv,DMC-USD,kept,ok
"SODEXO, INC. (SODEXO SCHOOL SERVICES)",36.0,2020-09-10,WARNDatabaseMasterExcluding2026.csv,0J3F.IL,kept,ok
DAVE & BUSTER'S,111.0,2020-09-10,WARNDatabaseMasterExcluding2026.csv,PLAY,kept,ok
DAVE & BUSTER'S,60.0,2020-09-10,WARNDatabaseMasterExcluding2026.csv,PLAY,kept,ok
"MARRIOTT INTERNATIONAL, INC., DBA MARRIOTT MARQUIS SAN DIEGO MARINA",450.0,2020-09-10,WARNDatabaseMasterExcluding2026.csv,MAR,kept,ok
DAVE & BUSTER'S,117.0,2020-09-09,WARNDatabaseMasterExcluding2026.csv,PLAY,kept,ok
DAVE & BUSTER'S,148.0,2020-09-09,WARNDatabaseMasterExcluding2026.csv,PLAY,kept,ok
"METHODE ELECTRONICS, INC.",42.0,2020-09-09,WARNDatabaseMasterExcluding2026.csv,MEI,kept,ok
DAVE & BUSTER'S,260.0,2020-09-09,WARNDatabaseMasterExcluding2026.csv,PLAY,kept,ok
DAVE & BUSTER'S,109.0,2020-09-09,WARNDatabaseMasterExcluding2026.csv,PLAY,kept,ok
DAVE & BUSTER'S,112.0,2020-09-09,WARNDatabaseMasterExcluding2026.csv,PLAY,kept,ok
"DAVE & BUSTER'S, INC",85.0,2020-09-08,WARNDatabaseMasterExcluding2026.csv,PLAY,kept,ok
DAVE & BUSTER'S,97.0,2020-09-08,WARNDatabaseMasterExcluding2026.csv,PLAY,kept,ok
AVIS BUDGET GROUP,24.0,2020-09-08,WARNDatabaseMasterExcluding2026.csv,CAR,kept,ok
DAVE & BUSTER'S,84.0,2020-09-08,WARNDatabaseMasterExcluding2026.csv,PLAY,kept,ok
DAVE & BUSTER'S,79.0,2020-09-08,WARNDatabaseMasterExcluding2026.csv,PLAY,kept,ok
DAVE & BUSTER'S,58.0,2020-09-08,WARNDatabaseMasterExcluding2026.csv,PLAY,kept,ok
DAVE & BUSTER'S,92.0,2020-09-08,WARNDatabaseMasterExcluding2026.csv,PLAY,kept,ok
"REMO, INC.",76.0,2020-09-08,WARNDatabaseMasterExcluding2026.csv,DE000SL0AZ11.SG,kept,ok
COMPASS GROUP,104.0,2020-09-08,WARNDatabaseMasterExcluding2026.csv,XGR.F,kept,ok
AT&T CORP.,5.0,2020-09-08,WARNDatabaseMasterExcluding2026.csv,9563.T,kept,ok
LEIDOS,77.0,2020-09-08,WARNDatabaseMasterExcluding2026.csv,LDOS,kept,ok
"MARRIOTT INTERNATIONAL, INC DBA SANTA CLARA",98.0,2020-09-04,WARNDatabaseMasterExcluding2026.csv,MAR,kept,ok
"MARRIOTT INTERNATIONAL, INC.",673.0,2020-09-03,WARNDatabaseMasterExcluding2026.csv,MAR,kept,ok
CALIFORNIA RESOURCES CORPORATION,55.0,2020-09-03,WARNDatabaseMasterExcluding2026.csv,CRC,kept,ok
SODEXO,94.0,2020-09-02,WARNDatabaseMasterExcluding2026.csv,SW.VI,kept,ok
"LIVE NATION ENTERTAINMENT, INC.",76.0,2020-09-02,WARNDatabaseMasterExcluding2026.csv,LYV,kept,ok
"LIVE NATION ENTERTAINMENT, INC. DBA TICKETSNOW",82.0,2020-09-02,WARNDatabaseMasterExcluding2026.csv,LYV,kept,ok
"LIVE NATION ENTERTAINMENT, INC. DBA HOUSE OF BLUES CHICAGO",116.0,2020-09-02,WARNDatabaseMasterExcluding2026.csv,LYV,kept,ok
"LIVE NATION ENTERTAINMENT, INC.",34.0,2020-09-02,WARNDatabaseMasterExcluding2026.csv,LYV,kept,ok
G2,149.0,2020-09-02,WARNDatabaseMasterExcluding2026.csv,G2Y.F,kept,ok
"LIVE NATION ENTERTAINMENT, INC.",77.0,2020-09-02,WARNDatabaseMasterExcluding2026.csv,LYV,kept,ok
"LIVE NATION ENTERTAINMENT, INC.",48.0,2020-09-01,WARNDatabaseMasterExcluding2026.csv,LYV,kept,ok
LIVE NATION ENTERTAINMENT,84.0,2020-09-01,WARNDatabaseMasterExcluding2026.csv,LYV,kept,ok
AVIS BUDGET GROUP,5.0,2020-09-01,WARNDatabaseMasterExcluding2026.csv,CAR,kept,ok
AVIS BUDGET GROUP,1.0,2020-09-01,WARNDatabaseMasterExcluding2026.csv,CAR,kept,ok
AVIS BUDGET GROUP,1.0,2020-09-01,WARNDatabaseMasterExcluding2026.csv,CAR,kept,ok
AVIS BUDGET GROUP,5.0,2020-09-01,WARNDatabaseMasterExcluding2026.csv,CAR,kept,ok
"UNITED AIRLINES, INC. - CLEVELAND HOPKINS INTERNATIONAL AIRPORT",7.0,2020-09-01,WARNDatabaseMasterExcluding2026.csv,UAL,kept,ok
SAFRAN,27.0,2020-09-01,WARNDatabaseMasterExcluding2026.csv,SAF.PA,kept,ok
DAVE & BUSTERS,107.0,2020-09-01,WARNDatabaseMasterExcluding2026.csv,PLAY,kept,ok
LIVE NATION,95.0,2020-09-01,WARNDatabaseMasterExcluding2026.csv,LYV,kept,ok
"DIAZ ANSELMO LINDBERG, P.A.",43.0,2020-09-01,WARNDatabaseMasterExcluding2026.csv,7225.KL,kept,ok
"LIVE NATION ENTERTAINMENT, INC.",74.0,2020-09-01,WARNDatabaseMasterExcluding2026.csv,LYV,kept,ok
GAP INC,8.0,2020-09-01,WARNDatabaseMasterExcluding2026.csv,GAP,kept,ok
GAP INC,32.0,2020-09-01,WARNDatabaseMasterExcluding2026.csv,GAP,kept,ok
HUDSON,53.0,2020-09-01,WARNDatabaseMasterExcluding2026.csv,HDSN,kept,ok
IQE,100.0,2020-09-01,WARNDatabaseMasterExcluding2026.csv,IQE.L,kept,ok
XPO LOGISTICS,111.0,2020-09-01,WARNDatabaseMasterExcluding2026.csv,XPO,kept,ok
"LULU'S FASHION LOUNGE, LLC",78.0,2020-09-01,WARNDatabaseMasterExcluding2026.csv,LVLU,kept,ok
"FXI, INC.",64.0,2020-09-01,WARNDatabaseMasterExcluding2026.csv,FXI,kept,ok
BOEING,592.0,2020-08-31,WARNDatabaseMasterExcluding2026.csv,BA,kept,ok
T-MOBILE,74.0,2020-08-31,WARNDatabaseMasterExcluding2026.csv,TMUS,kept,ok
"SCOOBEEZ, INC.",118.0,2020-08-31,WARNDatabaseMasterExcluding2026.csv,SCBZ,kept,ok
"SCOOBEEZ, INC.",48.0,2020-08-31,WARNDatabaseMasterExcluding2026.csv,SCBZ,kept,ok
"SCOOBEEZ, INC.",41.0,2020-08-31,WARNDatabaseMasterExcluding2026.csv,SCBZ,kept,ok
FLEX,188.0,2020-08-31,WARNDatabaseMasterExcluding2026.csv,FLEX,kept,ok
AVIS BUDGET GROUP,86.0,2020-08-31,WARNDatabaseMasterExcluding2026.csv,CAR,kept,ok
"ADDUS HEALTHCARE, INC.",360.0,2020-08-31,WARNDatabaseMasterExcluding2026.csv,ADUS,kept,ok
ABB INC.,44.0,2020-08-31,WARNDatabaseMasterExcluding2026.csv,ABBV,kept,ok
CINTAS CORP,41.0,2020-08-31,WARNDatabaseMasterExcluding2026.csv,CTAS,kept,ok
"TAPESTRY, INC.",290.0,2020-08-31,WARNDatabaseMasterExcluding2026.csv,TPR,kept,ok
VIAD CORP,34.0,2020-08-31,WARNDatabaseMasterExcluding2026.csv,DIL1.DU,kept,ok
"AVIS BUDGET GROUP BTR, MSY, LFT, LCH",7.0,2020-08-28,WARNDatabaseMasterExcluding2026.csv,26954.HK,kept,ok
AVIS BUDGET GROUP,19.0,2020-08-28,WARNDatabaseMasterExcluding2026.csv,CAR,kept,ok
AVIS BUDGET GROUP,12.0,2020-08-28,WARNDatabaseMasterExcluding2026.csv,CAR,kept,ok
AMENTUM,10.0,2020-08-28,WARNDatabaseMasterExcluding2026.csv,AMTM,kept,ok
AVIS BUDGET GROUP,3.0,2020-08-28,WARNDatabaseMasterExcluding2026.csv,CAR,kept,ok
"SCOOBEEZ, INC.-FT. WORTH",89.0,2020-08-28,WARNDatabaseMasterExcluding2026.csv,SCBZ,kept,ok
"SCOOBEEZ, INC.-GARLAND",69.0,2020-08-28,WARNDatabaseMasterExcluding2026.csv,SCBZ,kept,ok
"SCOOBEEZ, INC.-AUSTIN",71.0,2020-08-28,WARNDatabaseMasterExcluding2026.csv,SCBZ,kept,ok
AVIS BUDGET GROUP,3.0,2020-08-28,WARNDatabaseMasterExcluding2026.csv,CAR,kept,ok
AVIS BUDGET,39.0,2020-08-28,WARNDatabaseMasterExcluding2026.csv,CAR,kept,ok
ARAMARK,206.0,2020-08-27,WARNDatabaseMasterExcluding2026.csv,ARMK,kept,ok
HEXCEL,25.0,2020-08-27,WARNDatabaseMasterExcluding2026.csv,HXL,kept,ok
SODEXO,4.0,2020-08-26,WARNDatabaseMasterExcluding2026.csv,SW.VI,kept,ok
SODEXO,3.0,2020-08-26,WARNDatabaseMasterExcluding2026.csv,SW.VI,kept,ok
SODEXO,39.0,2020-08-26,WARNDatabaseMasterExcluding2026.csv,SW.VI,kept,ok
SODEXO,4.0,2020-08-26,WARNDatabaseMasterExcluding2026.csv,SW.VI,kept,ok
SODEXO,2.0,2020-08-26,WARNDatabaseMasterExcluding2026.csv,SW.VI,kept,ok
SODEXO,1.0,2020-08-26,WARNDatabaseMasterExcluding2026.csv,SW.VI,kept,ok
SODEXO,1.0,2020-08-26,WARNDatabaseMasterExcluding2026.csv,SW.VI,kept,ok
SODEXO,2.0,2020-08-26,WARNDatabaseMasterExcluding2026.csv,SW.VI,kept,ok
SODEXO,2.0,2020-08-26,WARNDatabaseMasterExcluding2026.csv,SW.VI,kept,ok
ARAMARK,196.0,2020-08-26,WARNDatabaseMasterExcluding2026.csv,ARMK,kept,ok
"DELTA APPAREL, INC.",14.0,2020-08-24,WARNDatabaseMasterExcluding2026.csv,DLAPQ,kept,ok
"VETTA, LLC",73.0,2020-08-21,WARNDatabaseMasterExcluding2026.csv,^ARMY-ID,kept,ok
"MOSAIC SALES SOLUTIONS US OPERATING CO., LLC (AT SAMSUNG STORE #837, MANHATTAN)",45.0,2020-08-21,WARNDatabaseMasterExcluding2026.csv,MANH,kept,ok
LIVE NATION ENTERTAINMENT INC,2.0,2020-08-21,WARNDatabaseMasterExcluding2026.csv,LYV,kept,ok
HONEYWELL AEROSPACE,136.0,2020-08-20,WARNDatabaseMasterExcluding2026.csv,HONAV,kept,ok
CAPITAL ONE FINANCIAL,0.0,2020-08-20,WARNDatabaseMasterExcluding2026.csv,COF,kept,ok
CAPITAL ONE FINANCIAL,0.0,2020-08-20,WARNDatabaseMasterExcluding2026.csv,COF,kept,ok
CAPITAL ONE FINANCIAL,0.0,2020-08-20,WARNDatabaseMasterExcluding2026.csv,COF,kept,ok
CAPITAL ONE FINANCIAL,0.0,2020-08-20,WARNDatabaseMasterExcluding2026.csv,COF,kept,ok
"RESTAURANT ASSOCIATES (200 VESEY STREET, NYC)",80.0,2020-08-20,WARNDatabaseMasterExcluding2026.csv,SF=F,kept,ok
"WOOD RANCH BBQ & GRILL, ARCADIA",68.0,2020-08-20,WARNDatabaseMasterExcluding2026.csv,RKDA,kept,ok
"SODEXO, INC",23.0,2020-08-20,WARNDatabaseMasterExcluding2026.csv,SW.PA,kept,ok
GAP INC,79.0,2020-08-20,WARNDatabaseMasterExcluding2026.csv,GAP,kept,ok
BOEING,107.0,2020-08-19,WARNDatabaseMasterExcluding2026.csv,BA,kept,ok
"COMPASS GROUP USA, INC. DBA FLIK (AT BRITISH AIRWAYS LOUNGE, JFK AIRPORT, QUEENS)",90.0,2020-08-18,WARNDatabaseMasterExcluding2026.csv,QRC.TO,kept,ok
"24 HOUR FITNESS, USA, INC.",39.0,2020-08-18,WARNDatabaseMasterExcluding2026.csv,USA,kept,ok
ARAMARK,81.0,2020-08-17,WARNDatabaseMasterExcluding2026.csv,ARMK,kept,ok
STRATASYS,72.0,2020-08-17,WARNDatabaseMasterExcluding2026.csv,SSYS,kept,ok
WESTROCK,21.0,2020-08-16,WARNDatabaseMasterExcluding2026.csv,SW,kept,ok
LAIKA,50.0,2020-08-14,WARNDatabaseMasterExcluding2026.csv,LKI-USD,kept,ok
"WINDY GATES, SOHO, INC. DBA BALTHAZAR RESTAURANT (80 SPRING ST., NYC)",224.0,2020-08-14,WARNDatabaseMasterExcluding2026.csv,001236.SZ,kept,ok
ENVOY,92.0,2020-08-14,WARNDatabaseMasterExcluding2026.csv,COCHW,kept,ok
STEIN MART,134.0,2020-08-13,WARNDatabaseMasterExcluding2026.csv,SMRT,kept,ok
"THE LEADING HOTELS OF THE WORLD, LTD. (485 LEXINGTON AVE., NYC)",63.0,2020-08-13,WARNDatabaseMasterExcluding2026.csv,SF=F,kept,ok
SBI,67.0,2020-08-13,WARNDatabaseMasterExcluding2026.csv,SBI,kept,ok
SBI,3.0,2020-08-13,WARNDatabaseMasterExcluding2026.csv,SBI,kept,ok
"HMSHOST (ULSTER TRAVEL PLAZA, RUBY)",7.0,2020-08-12,WARNDatabaseMasterExcluding2026.csv,RUBYMILLS.NS,kept,ok
"HMSHOST (JUNIUS PONDS TRAVEL PLAZA, PHELPS)",2.0,2020-08-12,WARNDatabaseMasterExcluding2026.csv,VGSAX,kept,ok
ENTERPRISE HOLDINGS,18.0,2020-08-12,WARNDatabaseMasterExcluding2026.csv,000180.KS,kept,ok
ENTERPRISE HOLDINGS,18.0,2020-08-12,WARNDatabaseMasterExcluding2026.csv,000180.KS,kept,ok
COOPER STANDARD,86.0,2020-08-11,WARNDatabaseMasterExcluding2026.csv,CPS,kept,ok
PENN NATIONAL GAMING,1.0,2020-08-11,WARNDatabaseMasterExcluding2026.csv,PENN,kept,ok
"HMSHOST (ALBANY INT'L AIRPORT, 737 ALBANY SHAKER RD., ALBANY)",65.0,2020-08-11,WARNDatabaseMasterExcluding2026.csv,AII.F,kept,ok
"HMSHOST (LAGUARDIA AIRPORT TERMINAL B SUITE 3600, FLUSHING)",154.0,2020-08-11,WARNDatabaseMasterExcluding2026.csv,FFIC,kept,ok
"AMERICAN HONDA MOTOR, CO., INC.",69.0,2020-08-10,WARNDatabaseMasterExcluding2026.csv,HG=F,kept,ok
"UNITED AIRLINES, INC. - JOHN WAYNE AIRPORT",67.0,2020-08-10,WARNDatabaseMasterExcluding2026.csv,UAL,kept,ok
"UNITED AIRLINES, INC. - SAN DIEGO INTERNATIONAL AIRPORT",153.0,2020-08-10,WARNDatabaseMasterExcluding2026.csv,UAL,kept,ok
"NORTONLIFELOCK, INC,",1.0,2020-08-10,WARNDatabaseMasterExcluding2026.csv,SYM.DU,kept,ok
"24 HOUR FITNESS, USA, INC",39.0,2020-08-10,WARNDatabaseMasterExcluding2026.csv,USA,kept,ok
"QUEST DIAGNOSTICS, INC.",52.0,2020-08-07,WARNDatabaseMasterExcluding2026.csv,DGX,kept,ok
WACKER NEUSON,186.0,2020-08-07,WARNDatabaseMasterExcluding2026.csv,WAC.DE,kept,ok
DENTSPLY SIRONA,86.0,2020-08-07,WARNDatabaseMasterExcluding2026.csv,XRAY,kept,ok
"HUMPHREY'S BAKERY INC. DBA BALTHAZAR BAKERY (80 SPRING ST., NYC)",42.0,2020-08-07,WARNDatabaseMasterExcluding2026.csv,SF=F,kept,ok
"MEDTRONIC, INC.",114.0,2020-08-06,WARNDatabaseMasterExcluding2026.csv,MDT,kept,ok
"COMPASS GROUP USA, INC. DBA FLIK HOSPITALITY (47 WEST 66TH ST., NYC)",26.0,2020-08-06,WARNDatabaseMasterExcluding2026.csv,SF=F,kept,ok
KENNAMETAL INC.,141.0,2020-08-05,WARNDatabaseMasterExcluding2026.csv,KMT,kept,ok
"THE COURTYARD BY MARRIOTT LONG ISLAND CITY (29-15 QUEENS PLAZA NORTH, LIC)",22.0,2020-08-05,WARNDatabaseMasterExcluding2026.csv,LICT,kept,ok
QUEST DIAGNOSTICS,3.0,2020-08-05,WARNDatabaseMasterExcluding2026.csv,DGX,kept,ok
COMPASS,22.0,2020-08-05,WARNDatabaseMasterExcluding2026.csv,CMPS,kept,ok
"EXPEDIA GROUP, INC.",116.0,2020-08-04,WARNDatabaseMasterExcluding2026.csv,EXPE,kept,ok
"MAXIMUS, INC.",55.0,2020-08-04,WARNDatabaseMasterExcluding2026.csv,MMS,kept,ok
"MSG SPORTS, LLC (2 PENN PLAZA, NYC)",53.0,2020-08-04,WARNDatabaseMasterExcluding2026.csv,SF=F,kept,ok
"ULTA SALON, COSMETICS & FRAGRANCE, INC. DBA ULTA BEAUTY",29.0,2020-08-04,WARNDatabaseMasterExcluding2026.csv,ULTA,kept,ok
"UNITED AIRLINES, INC. - CLEVELAND HOPKINS INTERNATIONAL AIRPORT",466.0,2020-08-03,WARNDatabaseMasterExcluding2026.csv,UAL,kept,ok
REPUBLIC AIRWAYS,216.0,2020-08-03,WARNDatabaseMasterExcluding2026.csv,RJET,kept,ok
COOPER STANDARD,197.0,2020-08-03,WARNDatabaseMasterExcluding2026.csv,CPS,kept,ok
SPX FLOW,83.0,2020-08-03,WARNDatabaseMasterExcluding2026.csv,FLOW,kept,ok
"MAXIMUS, INC. (AT U.S. CENSUS BUREAU)",221.0,2020-08-03,WARNDatabaseMasterExcluding2026.csv,MMS,kept,ok
HILTON GRAND VACATIONS,35.0,2020-08-03,WARNDatabaseMasterExcluding2026.csv,HGV,kept,ok
LIVE NATION,1.0,2020-08-03,WARNDatabaseMasterExcluding2026.csv,LYV,kept,ok
NORTECH SYSTEMS,70.0,2020-08-01,WARNDatabaseMasterExcluding2026.csv,NSYS,kept,ok
"UNITED AIRLINES, INC.",141.0,2020-08-01,WARNDatabaseMasterExcluding2026.csv,UAL,kept,ok
"COMPASS GROUP, DBA CHARTWELLS HIGHER EDUCATION AT MONTCLAIR STATE UNIVERSITY",105.0,2020-08-01,WARNDatabaseMasterExcluding2026.csv,XGR.F,kept,ok
"SODEXO, INC AT VANGUARD",88.0,2020-08-01,WARNDatabaseMasterExcluding2026.csv,SW.VI,kept,ok
"TASTE, INC",,2020-08-01,WARNDatabaseMasterExcluding2026.csv,8371.HK,kept,ok
"XTL, INC",92.0,2020-08-01,WARNDatabaseMasterExcluding2026.csv,XTL,kept,ok
BOEING,940.0,2020-07-31,WARNDatabaseMasterExcluding2026.csv,BA,kept,ok
REPUBLIC AIRWAYS,42.0,2020-07-31,WARNDatabaseMasterExcluding2026.csv,RJET,kept,ok
BOSCH,430.0,2020-07-31,WARNDatabaseMasterExcluding2026.csv,BOSCHLTD.BO,kept,ok
SCHAEFFLER,189.0,2020-07-31,WARNDatabaseMasterExcluding2026.csv,SHAU.F,kept,ok
SODEXO,80.0,2020-07-31,WARNDatabaseMasterExcluding2026.csv,SW.VI,kept,ok
FLEX,36.0,2020-07-31,WARNDatabaseMasterExcluding2026.csv,FLEX,kept,ok
FLEX,42.0,2020-07-31,WARNDatabaseMasterExcluding2026.csv,FLEX,kept,ok
"CHECKR, INC.",50.0,2020-07-31,WARNDatabaseMasterExcluding2026.csv,CHEKZZX,kept,ok
REPUBLIC AIRWAYS,293.0,2020-07-30,WARNDatabaseMasterExcluding2026.csv,RJET,kept,ok
REPUBLIC AIRWAYS,104.0,2020-07-30,WARNDatabaseMasterExcluding2026.csv,RJET,kept,ok
SPIRIT,238.0,2020-07-30,WARNDatabaseMasterExcluding2026.csv,JN9.F,kept,ok
REPUBLIC AIRWAYS,293.0,2020-07-30,WARNDatabaseMasterExcluding2026.csv,RJET,kept,ok
"UNITED AIRLINES, INC.",7.0,2020-07-30,WARNDatabaseMasterExcluding2026.csv,UAL,kept,ok
"UNITED AIRLINES, INC.",,2020-07-30,WARNDatabaseMasterExcluding2026.csv,UAL,kept,ok
REPUBLIC AIRWAYS,20.0,2020-07-30,WARNDatabaseMasterExcluding2026.csv,RJET,kept,ok
"STERLING, INC. (122 FIFTH AVENUE NEW YORK)",38.0,2020-07-30,WARNDatabaseMasterExcluding2026.csv,STRL,kept,ok
"ROSS STORES, INC",153.0,2020-07-30,WARNDatabaseMasterExcluding2026.csv,ROST,kept,ok
"BATH & BODY WORKS, LLC",2.0,2020-07-29,WARNDatabaseMasterExcluding2026.csv,BBWI,kept,ok
"CWT, LLC",37.0,2020-07-29,WARNDatabaseMasterExcluding2026.csv,CWT,kept,ok
"CWT, LLC",34.0,2020-07-29,WARNDatabaseMasterExcluding2026.csv,CWT,kept,ok
"AMERICAN AIRLINES, INC. - OAKLAND INTERNATIONAL AIRPORT",378.0,2020-07-29,WARNDatabaseMasterExcluding2026.csv,AAL,kept,ok
"AMERICAN AIRLINES, INC. - LOS ANGELES INTERNATIONAL AIRPORT",1890.0,2020-07-29,WARNDatabaseMasterExcluding2026.csv,AAL,kept,ok
"AMERICAN AIRLINES, INC. - SAN FRANCISCO INTERNATIONAL AIRPORT",378.0,2020-07-29,WARNDatabaseMasterExcluding2026.csv,AAL,kept,ok
"TORRID, LLC",7.0,2020-07-29,WARNDatabaseMasterExcluding2026.csv,CURV,kept,ok
HONEYWELL,260.0,2020-07-29,WARNDatabaseMasterExcluding2026.csv,HON,kept,ok
GE HEALTHCARE,66.0,2020-07-28,WARNDatabaseMasterExcluding2026.csv,GEHC,kept,ok
CWT,102.0,2020-07-28,WARNDatabaseMasterExcluding2026.csv,CWT,kept,ok
TIMET,192.0,2020-07-28,WARNDatabaseMasterExcluding2026.csv,TIMETECHNO.NS,kept,ok
MOCA,5.0,2020-07-28,WARNDatabaseMasterExcluding2026.csv,MOCA31526-USD,kept,ok
TEST,52.0,2020-07-28,WARNDatabaseMasterExcluding2026.csv,TEST,kept,ok
"FAIRMONT KEA LANI, MAUI",625.0,2020-07-27,WARNDatabaseMasterExcluding2026.csv,MLP,kept,ok
HOWMET AEROSPACE,152.0,2020-07-27,WARNDatabaseMasterExcluding2026.csv,HWM,kept,ok
"FEZ, INC. DBA GT FISH & OYSTER",25.0,2020-07-24,WARNDatabaseMasterExcluding2026.csv,FEZ,kept,ok
"CHARTWELLS HIGHER EDUCATION (AT PURCHASE COLLEGE, PURCHASE)",83.0,2020-07-24,WARNDatabaseMasterExcluding2026.csv,7115.T,kept,ok
"RESTAURANT ASSOCIATES (388 GREENWICH ST., NYC)",30.0,2020-07-24,WARNDatabaseMasterExcluding2026.csv,SF=F,kept,ok
"UBER TECHNOLOGIES, INC.",167.0,2020-07-24,WARNDatabaseMasterExcluding2026.csv,UBER,kept,ok
NIKE,308.0,2020-07-23,WARNDatabaseMasterExcluding2026.csv,NKE,kept,ok
"AT&T (M&E MARKETING UNIT) (1 ROCKEFELLER PLAZA, NYC)",54.0,2020-07-23,WARNDatabaseMasterExcluding2026.csv,SF=F,kept,ok
HOWMET AEROSPACE,239.0,2020-07-23,WARNDatabaseMasterExcluding2026.csv,HWM,kept,ok
HOWMET AEROSPACE,13.0,2020-07-23,WARNDatabaseMasterExcluding2026.csv,HWM,kept,ok
VESTA,20.0,2020-07-22,WARNDatabaseMasterExcluding2026.csv,VWS.CO,kept,ok
WALMART,67.0,2020-07-22,WARNDatabaseMasterExcluding2026.csv,WMT,kept,ok
"VICTORIA'S SECRET (722 LEXINGTON AVE., NYC)",56.0,2020-07-22,WARNDatabaseMasterExcluding2026.csv,SF=F,kept,ok
QUEST DIAGNOSTICS INCORPORATED,7.0,2020-07-22,WARNDatabaseMasterExcluding2026.csv,DGX,kept,ok
"PENN NATIONAL GAMING, INC.",8.0,2020-07-21,WARNDatabaseMasterExcluding2026.csv,PENN,kept,ok
HILTON GRAND VACATION,608.0,2020-07-21,WARNDatabaseMasterExcluding2026.csv,HGV,kept,ok
COLUMBUS MCKINNON CORPORATION,69.0,2020-07-20,WARNDatabaseMasterExcluding2026.csv,CMCO,kept,ok
NORTHROP GRUMMAN,,2020-07-20,WARNDatabaseMasterExcluding2026.csv,NOC,kept,ok
"UNITED AIRLINES, INC.",447.0,2020-07-20,WARNDatabaseMasterExcluding2026.csv,UAL,kept,ok
"UNITED AIRLINES, INC. TAMPA INTERNATIONAL AIRPORT",109.0,2020-07-20,WARNDatabaseMasterExcluding2026.csv,UAL,kept,ok
"COMMERCIAL VEHICLE GROUP, INC",49.0,2020-07-16,WARNDatabaseMasterExcluding2026.csv,CVGI,kept,ok
NUCOR,309.0,2020-07-16,WARNDatabaseMasterExcluding2026.csv,NUE,kept,ok
TECHNICOLOR,100.0,2020-07-16,WARNDatabaseMasterExcluding2026.csv,TNM2.DU,kept,ok
"AMERICAN AIRLINES, INC.",,2020-07-16,WARNDatabaseMasterExcluding2026.csv,AAL,kept,ok
"EXPEDIA GROUP, INC.",53.0,2020-07-16,WARNDatabaseMasterExcluding2026.csv,EXPE,kept,ok
BRADY CORPORATION,1.0,2020-07-16,WARNDatabaseMasterExcluding2026.csv,BRC,kept,ok
BRADY CORPORATION,19.0,2020-07-16,WARNDatabaseMasterExcluding2026.csv,BRC,kept,ok
NEW HORIZONS,32.0,2020-07-16,WARNDatabaseMasterExcluding2026.csv,PRNHX,kept,ok
NEW HORIZONS,140.0,2020-07-16,WARNDatabaseMasterExcluding2026.csv,PRNHX,kept,ok
"AMERICAN AIRLINES, INC.",,2020-07-15,WARNDatabaseMasterExcluding2026.csv,AAL,kept,ok
AMERICAN AIRLINES,3.0,2020-07-15,WARNDatabaseMasterExcluding2026.csv,AAL,kept,ok
AMERICAN AIRLINES,111.0,2020-07-15,WARNDatabaseMasterExcluding2026.csv,AAL,kept,ok
"FISERV, INC.",119.0,2020-07-15,WARNDatabaseMasterExcluding2026.csv,FISV,kept,ok
AMERICAN AIRLINES,109.0,2020-07-15,WARNDatabaseMasterExcluding2026.csv,AAL,kept,ok
"APTAR GROUP, INC.*",59.0,2020-07-15,WARNDatabaseMasterExcluding2026.csv,ATR,kept,ok
"APTAR GROUP, INC*",231.0,2020-07-15,WARNDatabaseMasterExcluding2026.csv,ATR,kept,ok
"FISERV, INC.",119.0,2020-07-15,WARNDatabaseMasterExcluding2026.csv,FISV,kept,ok
"AMERICAN AIRLINES, INC. INT RES. CTR",370.0,2020-07-15,WARNDatabaseMasterExcluding2026.csv,AAL,kept,ok
"AMERICAN AIRLINES, INC. CHARLOTTE RECEIVING BLDG COVID19",370.0,2020-07-15,WARNDatabaseMasterExcluding2026.csv,AAL,kept,ok
"AMERICAN AIRLINES, INC. CHARLOTTE/DOUGLAS INT. APT COVID19",370.0,2020-07-15,WARNDatabaseMasterExcluding2026.csv,AAL,kept,ok
"AMERICAN AIRLINES, INC. CLT CARGO COVID19",369.0,2020-07-15,WARNDatabaseMasterExcluding2026.csv,AAL,kept,ok
"AMERICAN AIRLINES, INC. CLT HGR COVID19",370.0,2020-07-15,WARNDatabaseMasterExcluding2026.csv,AAL,kept,ok
"AMERICAN AIRLINES, INC. RALEIGH DURHAM APT",369.0,2020-07-15,WARNDatabaseMasterExcluding2026.csv,AAL,kept,ok
"AMERICAN AIRLINES, INC. SRO COVID19",370.0,2020-07-15,WARNDatabaseMasterExcluding2026.csv,AAL,kept,ok
AMERICAN AIRLINES,1117.0,2020-07-15,WARNDatabaseMasterExcluding2026.csv,AAL,kept,ok
"J. C. PENNEY CORPORATION, INC. (DESIGN OFFICE, 200 LAFAYETTE ST., NYC)",31.0,2020-07-15,WARNDatabaseMasterExcluding2026.csv,SF=F,kept,ok
"AMERICAN AIRLINES, INC.",2301.0,2020-07-15,WARNDatabaseMasterExcluding2026.csv,AAL,kept,ok
"GREEN FARMS, INC DBA WORLDWIDE PRODUCE",4.0,2020-07-15,WARNDatabaseMasterExcluding2026.csv,PGFF,kept,ok
EQUINOX,45.0,2020-07-15,WARNDatabaseMasterExcluding2026.csv,EQX.TO,kept,ok
"HORTON, INC. PHASE 1, 2 (7/28/20)",65.0,2020-07-14,WARNDatabaseMasterExcluding2026.csv,DHI,kept,ok
"HORTON, INC. PHASE 1, 2 (7/28/20)",65.0,2020-07-14,WARNDatabaseMasterExcluding2026.csv,DHI,kept,ok
"AIRPORT MANAGEMENT SERVICES AND HUDSON GROUP (AT GRAND CENTRAL STATION, NYC)",34.0,2020-07-14,WARNDatabaseMasterExcluding2026.csv,SF=F,kept,ok
"RESTAURANT ASSOCIATES (LINCOLN CENTER PLAZA, NYC)",83.0,2020-07-14,WARNDatabaseMasterExcluding2026.csv,SF=F,kept,ok
CINTAS CORPORATION,92.0,2020-07-13,WARNDatabaseMasterExcluding2026.csv,CTAS,kept,ok
"J. C. PENNEY CORPORATION (5100 KINGS PLAZA, BROOKLYN, NY)",142.0,2020-07-13,WARNDatabaseMasterExcluding2026.csv,0P00015JO1.L,kept,ok
"J. C. PENNEY CORPORATION, INC. (100 W. 33RD ST., NYC)",304.0,2020-07-13,WARNDatabaseMasterExcluding2026.csv,SF=F,kept,ok
"RESTAURANT ASSOCIATES (1 WORLD TRADE CENTER, NYC)",26.0,2020-07-13,WARNDatabaseMasterExcluding2026.csv,SF=F,kept,ok
"STRAND BOOKS, INC. (STRAND BOOK STORE, NYC & STRAND WAREHOUSE, BROOKLYN)",149.0,2020-07-12,WARNDatabaseMasterExcluding2026.csv,0P00015JO1.L,kept,ok
"BASIC ENERGY SERVICES - BIG SPRING, TX",114.0,2020-07-10,WARNDatabaseMasterExcluding2026.csv,TX,kept,ok
"UNITED AIRLINES, INC",259.0,2020-07-09,WARNDatabaseMasterExcluding2026.csv,UAL,kept,ok
REV GROUP INC,43.0,2020-07-09,WARNDatabaseMasterExcluding2026.csv,RVLV,kept,ok
"UNITED AIRLINES, INC.",,2020-07-09,WARNDatabaseMasterExcluding2026.csv,UAL,kept,ok
"CLUB QUARTERS HOTEL, WORLD TRADE CENTER",87.0,2020-07-09,WARNDatabaseMasterExcluding2026.csv,600007.SS,kept,ok
"AVANOS MEDICAL, INC.",41.0,2020-07-09,WARNDatabaseMasterExcluding2026.csv,AVNS,kept,ok
"UNITED AIRLINES, INC. REVISED (7/31/20)",70.0,2020-07-08,WARNDatabaseMasterExcluding2026.csv,UAL,kept,ok
UNITED AIRLINES,,2020-07-08,WARNDatabaseMasterExcluding2026.csv,UAL,kept,ok
"UNITED AIRLINES, INC. DBA FLIGHT OPERATIONS DIVISION",53.0,2020-07-08,WARNDatabaseMasterExcluding2026.csv,UAL,kept,ok
"UNITED AIRLINES, INC.",,2020-07-08,WARNDatabaseMasterExcluding2026.csv,UAL,kept,ok
"UNITED AIRLINES, INC.",327.0,2020-07-08,WARNDatabaseMasterExcluding2026.csv,UAL,kept,ok
"UNITED AIRLINES, INC.",313.0,2020-07-08,WARNDatabaseMasterExcluding2026.csv,UAL,kept,ok
UNITED AIRLINES,386.0,2020-07-08,WARNDatabaseMasterExcluding2026.csv,UAL,kept,ok
"UNITED AIRLINES, INC. REVISED (7/31/20)",70.0,2020-07-08,WARNDatabaseMasterExcluding2026.csv,UAL,kept,ok
"UNITED AIRLINES, INC.",339.0,2020-07-08,WARNDatabaseMasterExcluding2026.csv,UAL,kept,ok
"UNITED AIRLINES, INC.",145.0,2020-07-08,WARNDatabaseMasterExcluding2026.csv,UAL,kept,ok
"DELTA AIR LINES, INC.",74.0,2020-07-07,WARNDatabaseMasterExcluding2026.csv,DAL,kept,ok
COMPASS GROUP,67.0,2020-07-07,WARNDatabaseMasterExcluding2026.csv,XGR.F,kept,ok
"FISERV, INC.",79.0,2020-07-06,WARNDatabaseMasterExcluding2026.csv,FISV,kept,ok
"TOLL BROTHERS, INC.",35.0,2020-07-06,WARNDatabaseMasterExcluding2026.csv,TOL,kept,ok
MAYVILLE ENGINEERING COMPANY,165.0,2020-07-06,WARNDatabaseMasterExcluding2026.csv,MEC,kept,ok
"TOLL BROTHERS, INC.",35.0,2020-07-06,WARNDatabaseMasterExcluding2026.csv,TOL,kept,ok
HILTON GRAND VACATIONS,286.0,2020-07-06,WARNDatabaseMasterExcluding2026.csv,HGV,kept,ok
HILTON GRAND VACATIONS,80.0,2020-07-06,WARNDatabaseMasterExcluding2026.csv,HGV,kept,ok
HILTON GRAND VACATIONS,177.0,2020-07-06,WARNDatabaseMasterExcluding2026.csv,HGV,kept,ok
HILTON GRAND VACATIONS,143.0,2020-07-06,WARNDatabaseMasterExcluding2026.csv,HGV,kept,ok
HILTON GRAND VACATIONS,422.0,2020-07-06,WARNDatabaseMasterExcluding2026.csv,HGV,kept,ok
HILTON GRAND VACATIONS,314.0,2020-07-06,WARNDatabaseMasterExcluding2026.csv,HGV,kept,ok
HILTON GRAND VACATIONS,117.0,2020-07-06,WARNDatabaseMasterExcluding2026.csv,HGV,kept,ok
HILTON GRAND VACATIONS,11.0,2020-07-06,WARNDatabaseMasterExcluding2026.csv,HGV,kept,ok
"MUSEUM OF CONTEMPORARY ART, LOS ANGELES",158.0,2020-07-06,WARNDatabaseMasterExcluding2026.csv,0P0001A0GW.F,kept,ok
"AIR SYSTEMS, INC.",244.0,2020-07-06,WARNDatabaseMasterExcluding2026.csv,600372.SS,kept,ok
"SAINT-GOBAIN, SEKURIT",119.0,2020-07-03,WARNDatabaseMasterExcluding2026.csv,SGO.PA,kept,ok
"SPECIALTY RETAILERS, INC. (GORDMAN'S)",84.0,2020-07-02,WARNDatabaseMasterExcluding2026.csv,^NQUSB40401030LM,kept,ok
GO DADDY,135.0,2020-07-01,WARNDatabaseMasterExcluding2026.csv,GDDY,kept,ok
IBM,236.0,2020-07-01,WARNDatabaseMasterExcluding2026.csv,IBM,kept,ok
T-MOBILE,270.0,2020-07-01,WARNDatabaseMasterExcluding2026.csv,TMUS,kept,ok
"UNITED AIRLINES, INC.",,2020-07-01,WARNDatabaseMasterExcluding2026.csv,UAL,kept,ok
HILTON GRAND VACATIONS,112.0,2020-07-01,WARNDatabaseMasterExcluding2026.csv,HGV,kept,ok
GO DADDY,135.0,2020-07-01,WARNDatabaseMasterExcluding2026.csv,GDDY,kept,ok
IBM,236.0,2020-07-01,WARNDatabaseMasterExcluding2026.csv,IBM,kept,ok
JOHNSON & JOHNSON,3.0,2020-07-01,WARNDatabaseMasterExcluding2026.csv,JNJ,kept,ok
"AMERICAN AIRLINES, INC",,2020-07-01,WARNDatabaseMasterExcluding2026.csv,AAL,kept,ok
"UNITED AIRLINES, PHILADELPHIA INTERNATIONAL AIRPORT",95.0,2020-07-01,WARNDatabaseMasterExcluding2026.csv,UAL,kept,ok
"UNITED AIRLINES, PITTSBURGH INTERNATIONAL AIRPORT",66.0,2020-07-01,WARNDatabaseMasterExcluding2026.csv,UAL,kept,ok
"DELTA AIR LINES, INC.",818.0,2020-07-01,WARNDatabaseMasterExcluding2026.csv,DAL,kept,ok
EATON CORPORATION,61.0,2020-07-01,WARNDatabaseMasterExcluding2026.csv,ETN,kept,ok
MACY'S,75.0,2020-07-01,WARNDatabaseMasterExcluding2026.csv,M,kept,ok
AMENTUM,13.0,2020-06-30,WARNDatabaseMasterExcluding2026.csv,AMTM,kept,ok
ABM INDUSTRIES INC.,136.0,2020-06-30,WARNDatabaseMasterExcluding2026.csv,ABM,kept,ok
COPART,72.0,2020-06-30,WARNDatabaseMasterExcluding2026.csv,CPRT,kept,ok
GE HEALTHCARE,123.0,2020-06-30,WARNDatabaseMasterExcluding2026.csv,GEHC,kept,ok
ABM,178.0,2020-06-30,WARNDatabaseMasterExcluding2026.csv,ABM,kept,ok
"THE PIERRE, NEW YORK, A TAJ HOTEL",410.0,2020-06-30,WARNDatabaseMasterExcluding2026.csv,ASML,kept,ok
HOWMET AEROSPACE,75.0,2020-06-30,WARNDatabaseMasterExcluding2026.csv,HWM,kept,ok
"NITTO, INC.",3.0,2020-06-30,WARNDatabaseMasterExcluding2026.csv,1929.T,kept,ok
BOEING,668.0,2020-06-29,WARNDatabaseMasterExcluding2026.csv,BA,kept,ok
"ALLPRO PARKING, OHIO, LLC",4.0,2020-06-29,WARNDatabaseMasterExcluding2026.csv,OVBC,kept,ok
"ALLPRO PARKING, OHIO, LLC",23.0,2020-06-29,WARNDatabaseMasterExcluding2026.csv,OVBC,kept,ok
IRON MOUNTAIN,68.0,2020-06-29,WARNDatabaseMasterExcluding2026.csv,IRM,kept,ok
GE AVIATION,194.0,2020-06-29,WARNDatabaseMasterExcluding2026.csv,563320.SS,kept,ok
IRON MOUNTAIN,68.0,2020-06-29,WARNDatabaseMasterExcluding2026.csv,IRM,kept,ok
AMENTUM,100.0,2020-06-29,WARNDatabaseMasterExcluding2026.csv,AMTM,kept,ok
LEVY,448.0,2020-06-29,WARNDatabaseMasterExcluding2026.csv,RLRE.TA,kept,ok
LEVY,587.0,2020-06-29,WARNDatabaseMasterExcluding2026.csv,RLRE.TA,kept,ok
LEVY,422.0,2020-06-29,WARNDatabaseMasterExcluding2026.csv,RLRE.TA,kept,ok
"THE STOMP COMPANY LP (STOMP AT THE ORPHEUM THEATRE, NYC)",40.0,2020-06-29,WARNDatabaseMasterExcluding2026.csv,SF=F,kept,ok
BOSTON SCIENTIFIC CORPORATION,60.0,2020-06-29,WARNDatabaseMasterExcluding2026.csv,BSX,kept,ok
MACY'S,103.0,2020-06-26,WARNDatabaseMasterExcluding2026.csv,M,kept,ok
MACY'S,131.0,2020-06-26,WARNDatabaseMasterExcluding2026.csv,M,kept,ok
CHEESECAKE FACTORY*,104.0,2020-06-26,WARNDatabaseMasterExcluding2026.csv,CAKE,kept,ok
"G-III APPAREL GROUP, LTD. (3 NYC SITES)",205.0,2020-06-26,WARNDatabaseMasterExcluding2026.csv,GIII,kept,ok
AMERICAN INTERNATIONAL INDUSTRIES,128.0,2020-06-26,WARNDatabaseMasterExcluding2026.csv,AMIN,kept,ok
"ACT, INC.",37.0,2020-06-25,WARNDatabaseMasterExcluding2026.csv,ACT,kept,ok
"DEMCO, INC.",38.0,2020-06-25,WARNDatabaseMasterExcluding2026.csv,DEMCO.BK,kept,ok
"ACT, INC.",37.0,2020-06-25,WARNDatabaseMasterExcluding2026.csv,ACT,kept,ok
"MACY'S (529 WEST 20TH STREET NEW YORK, NY, 10011)",28.0,2020-06-25,WARNDatabaseMasterExcluding2026.csv,HOT=F,kept,ok
INTUIT INC.,189.0,2020-06-25,WARNDatabaseMasterExcluding2026.csv,INTU,kept,ok
SODEXO,41.0,2020-06-24,WARNDatabaseMasterExcluding2026.csv,SW.VI,kept,ok
VICTORIA'S SECRET,28.0,2020-06-24,WARNDatabaseMasterExcluding2026.csv,VSXY,kept,ok
TIMET,200.0,2020-06-24,WARNDatabaseMasterExcluding2026.csv,TIMETECHNO.NS,kept,ok
MEDLINE,129.0,2020-06-24,WARNDatabaseMasterExcluding2026.csv,MDLN,kept,ok
LEVY,210.0,2020-06-24,WARNDatabaseMasterExcluding2026.csv,RLRE.TA,kept,ok
MEDLINE,129.0,2020-06-24,WARNDatabaseMasterExcluding2026.csv,MDLN,kept,ok
T-MOBILE,144.0,2020-06-24,WARNDatabaseMasterExcluding2026.csv,TMUS,kept,ok
"SODEXO, INC. (AT MANHATTAN COLLEGE)",34.0,2020-06-24,WARNDatabaseMasterExcluding2026.csv,0J3F.IL,kept,ok
NATIONWIDE,45.0,2020-06-23,WARNDatabaseMasterExcluding2026.csv,MUIFX,kept,ok
CHARLES RIVER,95.0,2020-06-23,WARNDatabaseMasterExcluding2026.csv,CRL,kept,ok
HERTZ,164.0,2020-06-23,WARNDatabaseMasterExcluding2026.csv,HTZ,kept,ok
NATIONWIDE,45.0,2020-06-23,WARNDatabaseMasterExcluding2026.csv,MUIFX,kept,ok
"ANTHONY, INC.",474.0,2020-06-23,WARNDatabaseMasterExcluding2026.csv,MAJJ,kept,ok
SAHARA,0.0,2020-06-22,WARNDatabaseMasterExcluding2026.csv,SMARITIME.BO,kept,ok
ENTERPRISE HOLDINGS,5.0,2020-06-22,WARNDatabaseMasterExcluding2026.csv,000180.KS,kept,ok
"THE NEW 42ND STREET (AT 229 WEST 42ND ST., AND THE NEW VICTORY THEATER, NYC",50.0,2020-06-22,WARNDatabaseMasterExcluding2026.csv,NYC,kept,ok
"SIX ON BROADWAY, L.P. (SIX AT THE BROOKS ATKINSON THEATRE, NYC)",32.0,2020-06-20,WARNDatabaseMasterExcluding2026.csv,SF=F,kept,ok
"AS LONG AS THERE IS LOVE, LLC (MRS. DOUBTFIRE AT THE STEPHEN SONDHEIM THEATRE, NYC)",89.0,2020-06-20,WARNDatabaseMasterExcluding2026.csv,SF=F,kept,ok
TASC,72.0,2020-06-18,WARNDatabaseMasterExcluding2026.csv,5140.KL,kept,ok
STAPLES,61.0,2020-06-18,WARNDatabaseMasterExcluding2026.csv,XAP=F,kept,ok
"24 HOUR FITNESS, USA, INC.",37.0,2020-06-18,WARNDatabaseMasterExcluding2026.csv,USA,kept,ok
T-MOBILE,241.0,2020-06-17,WARNDatabaseMasterExcluding2026.csv,TMUS,kept,ok
BED BATH & BEYOND INC.,133.0,2020-06-17,WARNDatabaseMasterExcluding2026.csv,BBBY,kept,ok
BED BATH & BEYOND,221.0,2020-06-17,WARNDatabaseMasterExcluding2026.csv,BBBY,kept,ok
BOEING,86.0,2020-06-17,WARNDatabaseMasterExcluding2026.csv,BA,kept,ok
T-MOBILE,127.0,2020-06-16,WARNDatabaseMasterExcluding2026.csv,TMUS,kept,ok
"MEAN GIRLS NATIONAL TOUR LLC (MEAN GIRLS) (1501 BROADWAY, NYC)",67.0,2020-06-16,WARNDatabaseMasterExcluding2026.csv,SF=F,kept,ok
STITCH FIX,1420.0,2020-06-16,WARNDatabaseMasterExcluding2026.csv,SFIX,kept,ok
"LIVE NATION ENTERTAINMENT, INC. CORPORATE DIVISION",30.0,2020-06-16,WARNDatabaseMasterExcluding2026.csv,LYV,kept,ok
"LIVE NATION ENTERTAINMENT, INC. CORPORATE DIVISION",18.0,2020-06-16,WARNDatabaseMasterExcluding2026.csv,LYV,kept,ok
"LIVE NATION ENTERTAINMENT, INC. -- PURCHASING DEPARTMENT",1.0,2020-06-16,WARNDatabaseMasterExcluding2026.csv,LYV,kept,ok
CONTINENTAL,72.0,2020-06-15,WARNDatabaseMasterExcluding2026.csv,CON.DE,kept,ok
CONTINENTAL,72.0,2020-06-15,WARNDatabaseMasterExcluding2026.csv,CON.DE,kept,ok
"NEW YORK CONVENTION CENTER OPERATING CORPORATION (THE JAVITS CENTER, NYC)",1937.0,2020-06-15,WARNDatabaseMasterExcluding2026.csv,SF=F,kept,ok
ADVANCE AUTO PARTS,94.0,2020-06-12,WARNDatabaseMasterExcluding2026.csv,AAP,kept,ok
PENN NATIONAL GAMING,233.0,2020-06-12,WARNDatabaseMasterExcluding2026.csv,PENN,kept,ok
"BARNES & NOBLE, INC.",64.0,2020-06-12,WARNDatabaseMasterExcluding2026.csv,2BN0.F,kept,ok
"THE RITZ-CARLTON HOTEL CO., LLC DBA THE RITZ- CARLTON NEW YORK, WESTCHESTER",183.0,2020-06-11,WARNDatabaseMasterExcluding2026.csv,WCFIX,kept,ok
"GAP, INC.",264.0,2020-06-10,WARNDatabaseMasterExcluding2026.csv,GAP,kept,ok
"GAP, INC.",101.0,2020-06-10,WARNDatabaseMasterExcluding2026.csv,GAP,kept,ok
"RESIDENCE INN WASHINGTON DC, DOWNTOWN",56.0,2020-06-09,WARNDatabaseMasterExcluding2026.csv,SPTW11.SA,kept,ok
"RESIDENCE INN, WORLD TRADE CENTER",36.0,2020-06-09,WARNDatabaseMasterExcluding2026.csv,600007.SS,kept,ok
"AIR SYSTEMS, INC.",244.0,2020-06-09,WARNDatabaseMasterExcluding2026.csv,600372.SS,kept,ok
"ASSOCIATED STUDENTS, INC. CALIFORNIA STATE UNIVERSITY, FULLERTON",230.0,2020-06-09,WARNDatabaseMasterExcluding2026.csv,0P0000YVHU.SI,kept,ok
"LIVE NATION ENTERTAINMENT, INC.",1.0,2020-06-09,WARNDatabaseMasterExcluding2026.csv,LYV,kept,ok
"LIVE NATION ENTERTAINMENT, INC. HUMAN RESOURCES DIVISION",1.0,2020-06-09,WARNDatabaseMasterExcluding2026.csv,LYV,kept,ok
"LAMB WESTON, INC",360.0,2020-06-08,WARNDatabaseMasterExcluding2026.csv,LW,kept,ok
"LAMB WESTON, INC",300.0,2020-06-08,WARNDatabaseMasterExcluding2026.csv,LW,kept,ok
BOEING,,2020-06-08,WARNDatabaseMasterExcluding2026.csv,BA,kept,ok
TENNESSEE VALLEY AUTHORITY,108.0,2020-06-08,WARNDatabaseMasterExcluding2026.csv,TVC,kept,ok
"THE RITZ-CARLTON COMPANY, LLC (THE RITZ-CARLTON, BOSTON)",222.0,2020-06-08,WARNDatabaseMasterExcluding2026.csv,BSX,kept,ok
"THE JAMES NEW YORK, NOMAD",134.0,2020-06-08,WARNDatabaseMasterExcluding2026.csv,NOMD,kept,ok
CHEVRON,80.0,2020-06-08,WARNDatabaseMasterExcluding2026.csv,CVX,kept,ok
"OAKLEY, INC.",61.0,2020-06-08,WARNDatabaseMasterExcluding2026.csv,OCI.L,kept,ok
LENDINGCLUB CORPORATION,306.0,2020-06-06,WARNDatabaseMasterExcluding2026.csv,LC,kept,ok
INTERNATIONAL BUSINESS MACHINES,140.0,2020-06-06,WARNDatabaseMasterExcluding2026.csv,IBM,kept,ok
STUBHUB,123.0,2020-06-06,WARNDatabaseMasterExcluding2026.csv,STUB,kept,ok
LENDINGCLUB CORPORATION,61.0,2020-06-06,WARNDatabaseMasterExcluding2026.csv,LC,kept,ok
"ENVOY, INC",46.0,2020-06-06,WARNDatabaseMasterExcluding2026.csv,COCHW,kept,ok
HALLIBURTON,31.0,2020-06-06,WARNDatabaseMasterExcluding2026.csv,HAL,kept,ok
"ENVOY, INC",7.0,2020-06-06,WARNDatabaseMasterExcluding2026.csv,COCHW,kept,ok
HALLIBURTON,6.0,2020-06-06,WARNDatabaseMasterExcluding2026.csv,HAL,kept,ok
"MARRIOTT INTERNATIONAL, INC.",571.0,2020-06-05,WARNDatabaseMasterExcluding2026.csv,MAR,kept,ok
SP+,700.0,2020-06-05,WARNDatabaseMasterExcluding2026.csv,SPCX,kept,ok
"THE RITZ-CARLTON GOLF RESORT, NAPLES",305.0,2020-06-05,WARNDatabaseMasterExcluding2026.csv,NASO,kept,ok
"THE RITZ-CARLTON, NAPLES",939.0,2020-06-05,WARNDatabaseMasterExcluding2026.csv,NASO,kept,ok
"THE RITZ-CARLTON BAL HARBOUR, MIAMI",138.0,2020-06-05,WARNDatabaseMasterExcluding2026.csv,MIAX,kept,ok
"CANTOR FITZGERALD SECURITIES (OPERATIONS DIVISION 110 E. 59TH ST., NYC)",17.0,2020-06-05,WARNDatabaseMasterExcluding2026.csv,SF=F,kept,ok
"CANTOR FITZGERALD SECURITIES (OPERATIONS DIVISION 199 WATER ST., NYC)",8.0,2020-06-05,WARNDatabaseMasterExcluding2026.csv,SF=F,kept,ok
"CANTOR FITZGERALD SECURITIES (OPERATIONS DIVISION 55 WATER ST., NYC)",51.0,2020-06-05,WARNDatabaseMasterExcluding2026.csv,SF=F,kept,ok
"LYFT, INC. DBA LYFT",325.0,2020-06-05,WARNDatabaseMasterExcluding2026.csv,LYFT,kept,ok
UNIBAIL-RODAMCO-WESTFIELD,107.0,2020-06-05,WARNDatabaseMasterExcluding2026.csv,URW.PA,kept,ok
AMERICAN WOODMARK CORPORATION,3.0,2020-06-04,WARNDatabaseMasterExcluding2026.csv,AHQ.F,kept,ok
"THE LANGHAM, CHICAGO",153.0,2020-06-04,WARNDatabaseMasterExcluding2026.csv,CU=F,kept,ok
MARRIOTT INTERNATIONAL,48.0,2020-06-04,WARNDatabaseMasterExcluding2026.csv,MAR,kept,ok
LA-Z-BOY,300.0,2020-06-04,WARNDatabaseMasterExcluding2026.csv,LZB,kept,ok
"THE RITZ-CARLTON COCONUT GROVE, MIAMI",113.0,2020-06-04,WARNDatabaseMasterExcluding2026.csv,MIAX,kept,ok
"THE RITZ-CARLTON KEY BISCAYNE, MIAMI",515.0,2020-06-04,WARNDatabaseMasterExcluding2026.csv,MIAX,kept,ok
"MARRIOTT INTERNATIONAL, INC. DBA NEW YORK MARRIOTT DOWNTOWN",1265.0,2020-06-04,WARNDatabaseMasterExcluding2026.csv,MAR,kept,ok
EATON CORPORATION,14.0,2020-06-04,WARNDatabaseMasterExcluding2026.csv,ETN,kept,ok
"LIVE NATION, INC. HUMAN RESOURCES DIVISION",10.0,2020-06-04,WARNDatabaseMasterExcluding2026.csv,LYV,kept,ok
"MARRIOTT INTERNATIONAL, INC DBA SEATTLE REDMOND MARRIOTT",105.0,2020-06-03,WARNDatabaseMasterExcluding2026.csv,MAR,kept,ok
HOWMET AEROSPACE,625.0,2020-06-03,WARNDatabaseMasterExcluding2026.csv,HWM,kept,ok
CACI,254.0,2020-06-03,WARNDatabaseMasterExcluding2026.csv,CACI,kept,ok
"PARK LANE HOTEL NEW YORK (36 CENTRAL PARK SOUTH, NYC",209.0,2020-06-03,WARNDatabaseMasterExcluding2026.csv,NYC,kept,ok
"KEYH, INC. DBA KEYES HYUNDAI",68.0,2020-06-03,WARNDatabaseMasterExcluding2026.csv,4712.T,kept,ok
"KEYH, INC. DBA KEYES HYUNDAI",7.0,2020-06-03,WARNDatabaseMasterExcluding2026.csv,4712.T,kept,ok
"SCRIPPS HEALTH DBA SCRIPPS MERCY HOSPITAL, SAN DIEGO",1.0,2020-06-03,WARNDatabaseMasterExcluding2026.csv,0P00017NHS.SA,kept,ok
"MARRIOTT INTERNATIONAL, INC. DBA THE ALGONQUIN HOTEL TIMES SQUARE, AUTOGRAPH COLLECTION (59 WEST 44TH STREET)",130.0,2020-06-02,WARNDatabaseMasterExcluding2026.csv,MAR,kept,ok
BEST BUY,147.0,2020-06-02,WARNDatabaseMasterExcluding2026.csv,BBY,kept,ok
"MARRIOTT INTERNATIONAL INC., DBA SEATTLE MARRIOTT WATERFRONT",166.0,2020-06-01,WARNDatabaseMasterExcluding2026.csv,MAR,kept,ok
STANLEY BLACK & DECKER,119.0,2020-06-01,WARNDatabaseMasterExcluding2026.csv,SWK,kept,ok
KEURIG DR PEPPER INC.,69.0,2020-06-01,WARNDatabaseMasterExcluding2026.csv,KDP,kept,ok
1961,0.0,2020-06-01,WARNDatabaseMasterExcluding2026.csv,1961.KL,kept,ok
NORTONLIFELOCK INC.,6.0,2020-06-01,WARNDatabaseMasterExcluding2026.csv,SYM.HM,kept,ok
"MARRIOTT INTERNATIONAL, INC. D/B/A ORLANDO WORLD CENTER MARRIOTT",,2020-06-01,WARNDatabaseMasterExcluding2026.csv,MAR,kept,ok
"PENN NATIONAL GAMING, INC",233.0,2020-06-01,WARNDatabaseMasterExcluding2026.csv,PENN,kept,ok
"MARRIOTT INTERNATIONAL, INC. D/B/A NEW YORK MARRIOTT MARQUIS",1265.0,2020-06-01,WARNDatabaseMasterExcluding2026.csv,MAR,kept,ok
BED BATH BEYOND,52.0,2020-06-01,WARNDatabaseMasterExcluding2026.csv,BBBY,kept,ok
BED BATH & BEYOND,43.0,2020-05-29,WARNDatabaseMasterExcluding2026.csv,BBBY,kept,ok
ENTERPRISE HOLDINGS,28.0,2020-05-29,WARNDatabaseMasterExcluding2026.csv,000180.KS,kept,ok
"AMERICAN HONDA MOTOR, CO., INC.",21.0,2020-05-29,WARNDatabaseMasterExcluding2026.csv,HG=F,kept,ok
SAINT-GOBAIN,96.0,2020-05-28,WARNDatabaseMasterExcluding2026.csv,SGO.PA,kept,ok
BENCHMARK ELECTRONICS,190.0,2020-05-28,WARNDatabaseMasterExcluding2026.csv,BHE,kept,ok
SANDRIDGE ENERGY,12.0,2020-05-28,WARNDatabaseMasterExcluding2026.csv,SD,kept,ok
"SYMBIOSIS, INC.",49.0,2020-05-28,WARNDatabaseMasterExcluding2026.csv,SIS-USD,kept,ok
CAPSTONE TURBINE CORPORATION,47.0,2020-05-28,WARNDatabaseMasterExcluding2026.csv,CPST,kept,ok
"BED, BATH & BEYOND",95.0,2020-05-27,WARNDatabaseMasterExcluding2026.csv,BBBY,kept,ok
SODEXO,66.0,2020-05-27,WARNDatabaseMasterExcluding2026.csv,SW.PA,kept,ok
SODEXO,66.0,2020-05-27,WARNDatabaseMasterExcluding2026.csv,SW.PA,kept,ok
"ASSOCIATED STUDENTS OF CALIFORNIA STATE UNIVERSITY, CHICO",660.0,2020-05-27,WARNDatabaseMasterExcluding2026.csv,2385.TW,kept,ok
"BOB'S DISCOUNT FURNITURE, LLC",76.0,2020-05-27,WARNDatabaseMasterExcluding2026.csv,BOBS,kept,ok
"RICOH, USA, INC.",1.0,2020-05-27,WARNDatabaseMasterExcluding2026.csv,8566.T,kept,ok
ARAMARK,83.0,2020-05-26,WARNDatabaseMasterExcluding2026.csv,ARMK,kept,ok
STAPLES,77.0,2020-05-23,WARNDatabaseMasterExcluding2026.csv,XAP=F,kept,ok
"EMINENT, INC. AKA REVOLVE GROUP INC.",49.0,2020-05-23,WARNDatabaseMasterExcluding2026.csv,6877.HK,kept,ok
MSSC,170.0,2020-05-22,WARNDatabaseMasterExcluding2026.csv,6830.TW,kept,ok
BOYD GAMING CORPORATION,375.0,2020-05-22,WARNDatabaseMasterExcluding2026.csv,BYD,kept,ok
"DARDEN RESTAURANTS, INC.",323.0,2020-05-22,WARNDatabaseMasterExcluding2026.csv,DRI,kept,ok
"SUPERIOR GROUP OF COMPANIES, INC.",1.0,2020-05-22,WARNDatabaseMasterExcluding2026.csv,6G6.F,kept,ok
HERTZ,76.0,2020-05-21,WARNDatabaseMasterExcluding2026.csv,HTZ,kept,ok
AIR CANADA,50.0,2020-05-21,WARNDatabaseMasterExcluding2026.csv,AC.TO,kept,ok
AIR CANADA,14.0,2020-05-21,WARNDatabaseMasterExcluding2026.csv,AC.TO,kept,ok
"WEWORK COMPANIES, INC. (115 BROADWAY, NY, NY 10006)",2.0,2020-05-21,WARNDatabaseMasterExcluding2026.csv,HOT=F,kept,ok
"DARDEN RESTAURANT, INC.",984.0,2020-05-21,WARNDatabaseMasterExcluding2026.csv,DRI,kept,ok
"DARDEN RESTAURANTS,M INC.",246.0,2020-05-21,WARNDatabaseMasterExcluding2026.csv,DRI,kept,ok
"CALERES, INC. DISTRIBUTION CENTER",199.0,2020-05-21,WARNDatabaseMasterExcluding2026.csv,CAL,kept,ok
"DELTA C, LP DBA KINGS CARD CLUB AND WESTLAND CARD ROOM",150.0,2020-05-21,WARNDatabaseMasterExcluding2026.csv,4YJ0.MU,kept,ok
"DARDEN RESTAURANTS, INC. - OLIVE GARDEN",146.0,2020-05-21,WARNDatabaseMasterExcluding2026.csv,DRI,kept,ok
"DARDEN RESTAURANTS, INC. - OLIVE GARDEN",137.0,2020-05-21,WARNDatabaseMasterExcluding2026.csv,DRI,kept,ok
"DARDEN RESTAURANT, INC. - OLIVE GARDEN",124.0,2020-05-21,WARNDatabaseMasterExcluding2026.csv,DRI,kept,ok
ENTERPRISE HOLDINGS,70.0,2020-05-20,WARNDatabaseMasterExcluding2026.csv,000180.KS,kept,ok
RYDER,50.0,2020-05-20,WARNDatabaseMasterExcluding2026.csv,R,kept,ok
"DARDEN RESTAURANTS, INC. -",702.0,2020-05-20,WARNDatabaseMasterExcluding2026.csv,DRI,kept,ok
"DARDEN RESTAURANTS, INC. OLIVE GARDEN",422.0,2020-05-20,WARNDatabaseMasterExcluding2026.csv,DRI,kept,ok
"DARDEN RESTAURANT, INC. - OLIVE GARDEN-YARD HOUSE",377.0,2020-05-20,WARNDatabaseMasterExcluding2026.csv,DRI,kept,ok
"DARDEN RESTAURANTS, INC. -OLIVE GARDEN",331.0,2020-05-20,WARNDatabaseMasterExcluding2026.csv,DRI,kept,ok
"DARDEN RESTAURANTS, INC. - YARD HOUSE",256.0,2020-05-20,WARNDatabaseMasterExcluding2026.csv,DRI,kept,ok
"CALERES, INC",199.0,2020-05-20,WARNDatabaseMasterExcluding2026.csv,CAL,kept,ok
"THUMBTACK, INC.",129.0,2020-05-20,WARNDatabaseMasterExcluding2026.csv,THUBZZX,kept,ok
"S J AUTOMOTIVE, LLC DBA LEXUS OF STEVENS CREEK",122.0,2020-05-20,WARNDatabaseMasterExcluding2026.csv,600609.SS,kept,ok
"DARDEN RESTAURANTS, - YARD HOUSE",120.0,2020-05-20,WARNDatabaseMasterExcluding2026.csv,DRI,kept,ok
CATHAY PACIFIC AIRWAYS LTD.,102.0,2020-05-20,WARNDatabaseMasterExcluding2026.csv,CPCAY,kept,ok
"S J AUTOMOTIVE, LLC DBA LEXUS OF STEVENS CREEK",30.0,2020-05-20,WARNDatabaseMasterExcluding2026.csv,600609.SS,kept,ok
SCHOLASTIC,25.0,2020-05-20,WARNDatabaseMasterExcluding2026.csv,SCHL,kept,ok
COPART,44.0,2020-05-19,WARNDatabaseMasterExcluding2026.csv,CPRT,kept,ok
COPART,44.0,2020-05-19,WARNDatabaseMasterExcluding2026.csv,CPRT,kept,ok
CARNIVAL CORPORATION,157.0,2020-05-19,WARNDatabaseMasterExcluding2026.csv,CCL,kept,ok
PACKAGING CORPORATION OF AMERICA,160.0,2020-05-19,WARNDatabaseMasterExcluding2026.csv,PKG,kept,ok
"CRUNCH, LLC",130.0,2020-05-19,WARNDatabaseMasterExcluding2026.csv,CFISH.ST,kept,ok
"HOTELCRAFTERS HOLLYWOOD LLC DBA THE STANDARD, HOLLYWOOD",121.0,2020-05-19,WARNDatabaseMasterExcluding2026.csv,2022.HK,kept,ok
SBE,39.0,2020-05-19,WARNDatabaseMasterExcluding2026.csv,SBET,kept,ok
VERIZON,496.0,2020-05-18,WARNDatabaseMasterExcluding2026.csv,VZ,kept,ok
AMENTUM,40.0,2020-05-18,WARNDatabaseMasterExcluding2026.csv,AMTM,kept,ok
"THE LANGHAM, NEW YORK, FIFTH AVENUE",163.0,2020-05-18,WARNDatabaseMasterExcluding2026.csv,ASML,kept,ok
"FISH MARKET RESTAURANTS, INC. INC.",243.0,2020-05-18,WARNDatabaseMasterExcluding2026.csv,ZINPSX,kept,ok
QANTAS AIRWAYS LTD,132.0,2020-05-18,WARNDatabaseMasterExcluding2026.csv,QAN.F,kept,ok
"DAV, INC. DBA VALLEY HI HONDA",28.0,2020-05-18,WARNDatabaseMasterExcluding2026.csv,DVA,kept,ok
AIRBNB,661.0,2020-05-15,WARNDatabaseMasterExcluding2026.csv,ABNB,kept,ok
TEMPUR SEALY,211.0,2020-05-15,WARNDatabaseMasterExcluding2026.csv,TPD.MU,kept,ok
UNIBAIL RODAMCO WESTFIELD,141.0,2020-05-15,WARNDatabaseMasterExcluding2026.csv,URW.PA,kept,ok
ULTRA PRO,76.0,2020-05-15,WARNDatabaseMasterExcluding2026.csv,BIPIX,kept,ok
NINE ENERGY SERVICE,60.0,2020-05-14,WARNDatabaseMasterExcluding2026.csv,NINE,kept,ok
"LULU'S FASHION LOUNGE, LLC",213.0,2020-05-14,WARNDatabaseMasterExcluding2026.csv,LVLU,kept,ok
MONDRIAN,115.0,2020-05-14,WARNDatabaseMasterExcluding2026.csv,0P00013E3N.L,kept,ok
CRUNCH,79.0,2020-05-14,WARNDatabaseMasterExcluding2026.csv,CFISH.ST,kept,ok
"TSUBAKI, LLC",27.0,2020-05-14,WARNDatabaseMasterExcluding2026.csv,8052.T,kept,ok
"TSUBAKI, LLC DBA OTOTO",18.0,2020-05-14,WARNDatabaseMasterExcluding2026.csv,8052.T,kept,ok
RICOH,3.0,2020-05-14,WARNDatabaseMasterExcluding2026.csv,8566.T,kept,ok
DILLARD'S,90.0,2020-05-13,WARNDatabaseMasterExcluding2026.csv,DDS,kept,ok
"DELIV, INC., DBA DELIV CALIFORNIA INC.",669.0,2020-05-13,WARNDatabaseMasterExcluding2026.csv,DELHY,kept,ok
THE CHEESECAKE FACTORY INC.,110.0,2020-05-13,WARNDatabaseMasterExcluding2026.csv,CAKE,kept,ok
"MOVE, INC.",80.0,2020-05-13,WARNDatabaseMasterExcluding2026.csv,MOVE,kept,ok
RUBRIK,57.0,2020-05-13,WARNDatabaseMasterExcluding2026.csv,RBRK,kept,ok
"THE CHEESECAKE FACTORY, INC.",17.0,2020-05-13,WARNDatabaseMasterExcluding2026.csv,CAKE,kept,ok
ENTERPRISE HOLDINGS,163.0,2020-05-12,WARNDatabaseMasterExcluding2026.csv,000180.KS,kept,ok
ENTERPRISE HOLDINGS,14.0,2020-05-12,WARNDatabaseMasterExcluding2026.csv,000180.KS,kept,ok
ENTERPRISE HOLDINGS,80.0,2020-05-12,WARNDatabaseMasterExcluding2026.csv,000180.KS,kept,ok
ENTERPRISE HOLDINGS,66.0,2020-05-12,WARNDatabaseMasterExcluding2026.csv,000180.KS,kept,ok
ENTERPRISE HOLDINGS,35.0,2020-05-12,WARNDatabaseMasterExcluding2026.csv,000180.KS,kept,ok
ENTERPRISE HOLDINGS,3.0,2020-05-12,WARNDatabaseMasterExcluding2026.csv,000180.KS,kept,ok
TTX,97.0,2020-05-12,WARNDatabaseMasterExcluding2026.csv,TTX.F,kept,ok
"NORMA GROUP, INC,",82.0,2020-05-12,WARNDatabaseMasterExcluding2026.csv,NOEJ.HA,kept,ok
ENTERPRISE HOLDINGS,32.0,2020-05-12,WARNDatabaseMasterExcluding2026.csv,000180.KS,kept,ok
"TESLA, INC",11083.0,2020-05-12,WARNDatabaseMasterExcluding2026.csv,TSLA,kept,ok
ROBERT HALF INTERNATIONAL INC.,203.0,2020-05-12,WARNDatabaseMasterExcluding2026.csv,RHJ.SG,kept,ok
TESLA INC.,156.0,2020-05-12,WARNDatabaseMasterExcluding2026.csv,TSLA,kept,ok
VFC,4.0,2020-05-12,WARNDatabaseMasterExcluding2026.csv,VFC,kept,ok
"E&G CORPORATION, LLC",22.0,2020-05-11,WARNDatabaseMasterExcluding2026.csv,EGO,kept,ok
"SPECIALTY RETAILERS, INC. (STAGE DISTRIBUTION CENTER)",287.0,2020-05-11,WARNDatabaseMasterExcluding2026.csv,^NQUSB40401030LM,kept,ok
"SPECIALTY RETAILERS, INC. (GORDMAN'S)",432.0,2020-05-11,WARNDatabaseMasterExcluding2026.csv,^NQUSB40401030LM,kept,ok
MGM RESORTS INTERNATIONAL,1.0,2020-05-11,WARNDatabaseMasterExcluding2026.csv,MGM,kept,ok
"ROSS STORES, INC.",51.0,2020-05-11,WARNDatabaseMasterExcluding2026.csv,ROST,kept,ok
BIG 5,31.0,2020-05-11,WARNDatabaseMasterExcluding2026.csv,BIGY,kept,ok
HOWMET AEROSPACE,11.0,2020-05-11,WARNDatabaseMasterExcluding2026.csv,HWM,kept,ok
HOWMET AEROSPACE,10.0,2020-05-11,WARNDatabaseMasterExcluding2026.csv,HWM,kept,ok
HOWMET AEROSPACE,124.0,2020-05-09,WARNDatabaseMasterExcluding2026.csv,HWM,kept,ok
HOWMET AEROSPACE,11.0,2020-05-09,WARNDatabaseMasterExcluding2026.csv,HWM,kept,ok
"GESTAMP WEST VIRGINIA, LCC",140.0,2020-05-08,WARNDatabaseMasterExcluding2026.csv,LCCINFOTEC.BO,kept,ok
WESTROCK,1.0,2020-05-08,WARNDatabaseMasterExcluding2026.csv,SW,kept,ok
ROYAL CARIBBEAN CRUISES LTD.,226.0,2020-05-08,WARNDatabaseMasterExcluding2026.csv,RCL,kept,ok
ROYAL CARIBBEAN CRUISES LTD.,293.0,2020-05-08,WARNDatabaseMasterExcluding2026.csv,RCL,kept,ok
"CHILD, FAMILY & COMMUNITY SERVICES INC.",135.0,2020-05-08,WARNDatabaseMasterExcluding2026.csv,PLCE,kept,ok
"HARREL HOSPITALITY GROUP, CALIFORNIA, INC DBA SANTA YNEZ VALLEY MARRIOTT",75.0,2020-05-08,WARNDatabaseMasterExcluding2026.csv,PACB,kept,ok
VIEW INC,72.0,2020-05-08,WARNDatabaseMasterExcluding2026.csv,VRAYQ,kept,ok
"VIEW, INC.",72.0,2020-05-08,WARNDatabaseMasterExcluding2026.csv,VRAYQ,kept,ok
MARCUS & MILLICHAP,7.0,2020-05-08,WARNDatabaseMasterExcluding2026.csv,MMI,kept,ok
UBER TECHNOLOGIES,283.0,2020-05-07,WARNDatabaseMasterExcluding2026.csv,UBER,kept,ok
"ENTERPRISE HOLDINGS, LLC",6.0,2020-05-07,WARNDatabaseMasterExcluding2026.csv,000180.KS,kept,ok
"ENTERPRISE HOLDINGS, LLC",122.0,2020-05-07,WARNDatabaseMasterExcluding2026.csv,000180.KS,kept,ok
"ENTERPRISE HOLDINGS, LLC",18.0,2020-05-07,WARNDatabaseMasterExcluding2026.csv,000180.KS,kept,ok
"ENTERPRISE HOLDINGS, LLC",2.0,2020-05-07,WARNDatabaseMasterExcluding2026.csv,000180.KS,kept,ok
LYFT,143.0,2020-05-07,WARNDatabaseMasterExcluding2026.csv,LYFT,kept,ok
"UBER TECHNOLOGIES, INC. (JUMP VENTURE AKA SOCIAL BICYCLES, LLC)",37.0,2020-05-07,WARNDatabaseMasterExcluding2026.csv,UBER,kept,ok
"UBER TECHNOLOGIES, INC.",26.0,2020-05-07,WARNDatabaseMasterExcluding2026.csv,UBER,kept,ok
"KICKSTARTER, PBC",25.0,2020-05-07,WARNDatabaseMasterExcluding2026.csv,PL,kept,ok
GOODYEAR,592.0,2020-05-06,WARNDatabaseMasterExcluding2026.csv,GT,kept,ok
"ENTERPRISE HOLDINGS, NATIONAL AND ENTERPRISE BRANDS",33.0,2020-05-06,WARNDatabaseMasterExcluding2026.csv,000180.KS,kept,ok
ENTERPRISE HOLDINGS,84.0,2020-05-05,WARNDatabaseMasterExcluding2026.csv,000180.KS,kept,ok
ENTERPRISE HOLDINGS,32.0,2020-05-05,WARNDatabaseMasterExcluding2026.csv,000180.KS,kept,ok
"FISERV, INC.",102.0,2020-05-05,WARNDatabaseMasterExcluding2026.csv,FISV,kept,ok
ENTERPRISE HOLDINGS,74.0,2020-05-05,WARNDatabaseMasterExcluding2026.csv,000180.KS,kept,ok
SODEXO*,116.0,2020-05-05,WARNDatabaseMasterExcluding2026.csv,0J3F.IL,kept,ok
MGM RESORTS INTERNATIONAL,230.0,2020-05-05,WARNDatabaseMasterExcluding2026.csv,MGM,kept,ok
ENTERPRISE HOLDINGS,88.0,2020-05-05,WARNDatabaseMasterExcluding2026.csv,000180.KS,kept,ok
ENTERPRISE HOLDINGS,102.0,2020-05-05,WARNDatabaseMasterExcluding2026.csv,000180.KS,kept,ok
ENTERPRISE HOLDINGS,53.0,2020-05-05,WARNDatabaseMasterExcluding2026.csv,000180.KS,kept,ok
ATRIUM,103.0,2020-05-05,WARNDatabaseMasterExcluding2026.csv,RNA,kept,ok
ENTERPRISE HOLDINGS,50.0,2020-05-05,WARNDatabaseMasterExcluding2026.csv,000180.KS,kept,ok
"SODEXO, INC. DBA UNITED/POLARIS CLUB SAN FRANCISCO INTERNATIONAL AIRPORT",298.0,2020-05-05,WARNDatabaseMasterExcluding2026.csv,0J3F.IL,kept,ok
"FLEXSTEEL INDUSTRIES, INC.",208.0,2020-05-04,WARNDatabaseMasterExcluding2026.csv,FX3.F,kept,ok
"HENDRICKSON, USA",122.0,2020-05-04,WARNDatabaseMasterExcluding2026.csv,USA,kept,ok
"ABM INDUSTRIES, INC",93.0,2020-05-04,WARNDatabaseMasterExcluding2026.csv,ABM,kept,ok
ENTERPRISE HOLDINGS,133.0,2020-05-04,WARNDatabaseMasterExcluding2026.csv,000180.KS,kept,ok
"FLEXSTEEL INDUSTRIES, INC.",208.0,2020-05-04,WARNDatabaseMasterExcluding2026.csv,FX3.F,kept,ok
TASMAN,115.0,2020-05-04,WARNDatabaseMasterExcluding2026.csv,PFT.XA,kept,ok
ENTERPRISE HOLDINGS,203.0,2020-05-04,WARNDatabaseMasterExcluding2026.csv,000180.KS,kept,ok
"NRG ENERGY, INC. (GREEN MOUNTAIN ENERGY NYC OFFICE-SALES AGENTS)",71.0,2020-05-04,WARNDatabaseMasterExcluding2026.csv,NRG,kept,ok
"BEST-VIP CHAUFFEURED WORLDWIDE, CORP.",206.0,2020-05-04,WARNDatabaseMasterExcluding2026.csv,SPCX,kept,ok
HOWMET AEROSPACE,178.0,2020-05-04,WARNDatabaseMasterExcluding2026.csv,HWM,kept,ok
AUTOMATION ANYWHERE,72.0,2020-05-04,WARNDatabaseMasterExcluding2026.csv,ATOHZZX,kept,ok
REDWOOD TRUST INC,64.0,2020-05-04,WARNDatabaseMasterExcluding2026.csv,RWT,kept,ok
TRIPADVISOR LLC,40.0,2020-05-04,WARNDatabaseMasterExcluding2026.csv,TRIP,kept,ok
NORTONLIFELOCK INC.,15.0,2020-05-04,WARNDatabaseMasterExcluding2026.csv,SYM.HM,kept,ok
3M,264.0,2020-05-02,WARNDatabaseMasterExcluding2026.csv,MMM,kept,ok
AMERICAN WOODMARK CORPORATION,49.0,2020-05-02,WARNDatabaseMasterExcluding2026.csv,AHQ.F,kept,ok
CHAMPS,47.0,2020-05-02,WARNDatabaseMasterExcluding2026.csv,FCHL,kept,ok
JD SPORTS,22.0,2020-05-02,WARNDatabaseMasterExcluding2026.csv,9JD.F,kept,ok
HERTZ,74.0,2020-05-01,WARNDatabaseMasterExcluding2026.csv,HTZ,kept,ok
LENDINGCLUB,144.0,2020-05-01,WARNDatabaseMasterExcluding2026.csv,LC,kept,ok
ENTERPRISE,216.0,2020-05-01,WARNDatabaseMasterExcluding2026.csv,HPE,kept,ok
CORE-MARK,79.0,2020-05-01,WARNDatabaseMasterExcluding2026.csv,SAMKX,kept,ok
AMERICAN WOODMARK CORPORATION,5.0,2020-05-01,WARNDatabaseMasterExcluding2026.csv,AHQ.F,kept,ok
AMERICAN WOODMARK CORPORATION,77.0,2020-05-01,WARNDatabaseMasterExcluding2026.csv,AHQ.F,kept,ok
AMERICAN WOODMARK CORPORATION,5.0,2020-05-01,WARNDatabaseMasterExcluding2026.csv,AHQ.F,kept,ok
ENTERPRISE HOLDINGS,70.0,2020-05-01,WARNDatabaseMasterExcluding2026.csv,000180.KS,kept,ok
ENTERPRISE HOLDINGS,19.0,2020-05-01,WARNDatabaseMasterExcluding2026.csv,000180.KS,kept,ok
"TMI, LLC. A SENECA COMPANY",44.0,2020-05-01,WARNDatabaseMasterExcluding2026.csv,^SPTMFIUP,kept,ok
ARCELORMITTAL,92.0,2020-05-01,WARNDatabaseMasterExcluding2026.csv,MT,kept,ok
NINE ENERGY SERVICE,56.0,2020-05-01,WARNDatabaseMasterExcluding2026.csv,NINE,kept,ok
"DARDEN RESTAURANTS, INC. D/B/A OLIVE GARDEN",,2020-05-01,WARNDatabaseMasterExcluding2026.csv,DRI,kept,ok
"OLD DOMINION FREIGHT LINE, INC.",69.0,2020-05-01,WARNDatabaseMasterExcluding2026.csv,ODFL,kept,ok
"JAKKS PACIFIC, INC.",56.0,2020-05-01,WARNDatabaseMasterExcluding2026.csv,JP1A.F,kept,ok
SODEXO,53.0,2020-05-01,WARNDatabaseMasterExcluding2026.csv,SW.PA,kept,ok
SLEEP NUMBER,6.0,2020-05-01,WARNDatabaseMasterExcluding2026.csv,SNBR,kept,ok
"SODEXO, UNITED",120.0,2020-04-30,WARNDatabaseMasterExcluding2026.csv,0J3F.IL,kept,ok
ENTERPRISE,359.0,2020-04-30,WARNDatabaseMasterExcluding2026.csv,HPE,kept,ok
HERTZ,104.0,2020-04-30,WARNDatabaseMasterExcluding2026.csv,HTZ,kept,ok
ENTERPRISE HOLDINGS,164.0,2020-04-30,WARNDatabaseMasterExcluding2026.csv,000180.KS,kept,ok
"VIASAT, INC.",131.0,2020-04-30,WARNDatabaseMasterExcluding2026.csv,VSAT,kept,ok
"BOOT BARN, INC.",68.0,2020-04-30,WARNDatabaseMasterExcluding2026.csv,BOOT,kept,ok
"DICK'S SPORTING GOOD'S, INC.",46.0,2020-04-30,WARNDatabaseMasterExcluding2026.csv,DKS,kept,ok
SPORTSMAN'S WAREHOUSE,45.0,2020-04-30,WARNDatabaseMasterExcluding2026.csv,SPWH,kept,ok
"DICK'S SPORTING GOODS, INC.",29.0,2020-04-30,WARNDatabaseMasterExcluding2026.csv,DKS,kept,ok
NUTANIX INC.,8.0,2020-04-30,WARNDatabaseMasterExcluding2026.csv,NTNX,kept,ok
HERTZ,50.0,2020-04-29,WARNDatabaseMasterExcluding2026.csv,HTZ,kept,ok
GRAPHIC PACKAGING,56.0,2020-04-29,WARNDatabaseMasterExcluding2026.csv,GPK,kept,ok
GE AVIATION,31.0,2020-04-29,WARNDatabaseMasterExcluding2026.csv,563320.SS,kept,ok
"SODEXO, INC.",57.0,2020-04-29,WARNDatabaseMasterExcluding2026.csv,SW.PA,kept,ok
ENTERPRISE HOLDINGS,9.0,2020-04-29,WARNDatabaseMasterExcluding2026.csv,000180.KS,kept,ok
ENTERPRISE HOLDINGS,260.0,2020-04-29,WARNDatabaseMasterExcluding2026.csv,000180.KS,kept,ok
ENTERPRISE HOLDINGS,201.0,2020-04-29,WARNDatabaseMasterExcluding2026.csv,000180.KS,kept,ok
HALLIBURTON,233.0,2020-04-29,WARNDatabaseMasterExcluding2026.csv,HAL,kept,ok
ENTERPRISE HOLDINGS,174.0,2020-04-29,WARNDatabaseMasterExcluding2026.csv,000180.KS,kept,ok
ENTERPRISE HOLDINGS,131.0,2020-04-29,WARNDatabaseMasterExcluding2026.csv,000180.KS,kept,ok
"LYFT, INC.",53.0,2020-04-29,WARNDatabaseMasterExcluding2026.csv,LYFT,kept,ok
"EVOLUS, INC.",101.0,2020-04-29,WARNDatabaseMasterExcluding2026.csv,EVL.DU,kept,ok
TEMPO AUTOMATION,54.0,2020-04-29,WARNDatabaseMasterExcluding2026.csv,TMPOQ,kept,ok
"RIMINI, INC. DBA ANGELINI OSTERIA",46.0,2020-04-29,WARNDatabaseMasterExcluding2026.csv,RMNI,kept,ok
LIVE NATION,14.0,2020-04-29,WARNDatabaseMasterExcluding2026.csv,LYV,kept,ok
TEXAS ROADHOUSE,84.0,2020-04-28,WARNDatabaseMasterExcluding2026.csv,TXRH,kept,ok
ENTERPRISE HOLDINGS,92.0,2020-04-28,WARNDatabaseMasterExcluding2026.csv,000180.KS,kept,ok
ENTERPRISE HOLDINGS,1.0,2020-04-28,WARNDatabaseMasterExcluding2026.csv,000180.KS,kept,ok
ENTERPRISE HOLDINGS,65.0,2020-04-28,WARNDatabaseMasterExcluding2026.csv,000180.KS,kept,ok
ENTERPRISE HOLDINGS,14.0,2020-04-28,WARNDatabaseMasterExcluding2026.csv,000180.KS,kept,ok
ENTERPRISE HOLDINGS,94.0,2020-04-28,WARNDatabaseMasterExcluding2026.csv,000180.KS,kept,ok
ENTERPRISE HOLDINGS,1.0,2020-04-28,WARNDatabaseMasterExcluding2026.csv,000180.KS,kept,ok
SMART SAND INC.,55.0,2020-04-28,WARNDatabaseMasterExcluding2026.csv,SND,kept,ok
"SODEXO, INC. /UNITED DENVER CLUBS",248.0,2020-04-28,WARNDatabaseMasterExcluding2026.csv,SW.VI,kept,ok
"ENTERPRISE HOLDINGS, LLC",30.0,2020-04-28,WARNDatabaseMasterExcluding2026.csv,000180.KS,kept,ok
ARCELORMITTAL,6.0,2020-04-28,WARNDatabaseMasterExcluding2026.csv,MT,kept,ok
TRIPADVISOR,,2020-04-28,WARNDatabaseMasterExcluding2026.csv,TRIP,kept,ok
ENTERPRISE HOLDINGS,151.0,2020-04-28,WARNDatabaseMasterExcluding2026.csv,000180.KS,kept,ok
HERTZ,415.0,2020-04-28,WARNDatabaseMasterExcluding2026.csv,HTZ,kept,ok
TRIPADVISOR LLC,37.0,2020-04-28,WARNDatabaseMasterExcluding2026.csv,TRIP,kept,ok
ENTERPRISE HOLDINGS,4.0,2020-04-28,WARNDatabaseMasterExcluding2026.csv,000180.KS,kept,ok
ENTERPRISE HOLDINGS,18.0,2020-04-28,WARNDatabaseMasterExcluding2026.csv,000180.KS,kept,ok
ENTERPRISE HOLDINGS,169.0,2020-04-28,WARNDatabaseMasterExcluding2026.csv,000180.KS,kept,ok
ENTERPRISE HOLDINGS,93.0,2020-04-28,WARNDatabaseMasterExcluding2026.csv,000180.KS,kept,ok
TA AEROSPACE,215.0,2020-04-28,WARNDatabaseMasterExcluding2026.csv,TANAA.BO,kept,ok
"BECTON, DICKINSON AND COMPANY, DBA BD",157.0,2020-04-28,WARNDatabaseMasterExcluding2026.csv,BDX,kept,ok
THE PROGRESS,59.0,2020-04-28,WARNDatabaseMasterExcluding2026.csv,PGR,kept,ok
"SOHO HOUSE WEST HOLLYWOOD, LLCC",41.0,2020-04-28,WARNDatabaseMasterExcluding2026.csv,EDMCQ,kept,ok
"DICK'S SPORTING GOODS, INC",36.0,2020-04-28,WARNDatabaseMasterExcluding2026.csv,DKS,kept,ok
TECHNIPFMC,32.0,2020-04-28,WARNDatabaseMasterExcluding2026.csv,FTI,kept,ok
BAKER HUGHES,63.0,2020-04-27,WARNDatabaseMasterExcluding2026.csv,BKR,kept,ok
"MAGIC LEAP, INC",39.0,2020-04-27,WARNDatabaseMasterExcluding2026.csv,MGIEZZX,kept,ok
COPART,50.0,2020-04-27,WARNDatabaseMasterExcluding2026.csv,CPRT,kept,ok
BLOOMIN' BRANDS INC.,,2020-04-27,WARNDatabaseMasterExcluding2026.csv,BLMN,kept,ok
ENTERPRISE HOLDINGS,189.0,2020-04-27,WARNDatabaseMasterExcluding2026.csv,000180.KS,kept,ok
ENTERPRISE HOLDINGS,220.0,2020-04-27,WARNDatabaseMasterExcluding2026.csv,000180.KS,kept,ok
BLOOMIN' BRANDS,626.0,2020-04-27,WARNDatabaseMasterExcluding2026.csv,BLMN,kept,ok
ENTERPRISE HOLDINGS,366.0,2020-04-27,WARNDatabaseMasterExcluding2026.csv,000180.KS,kept,ok
ENTERPRISE HOLDINGS,377.0,2020-04-27,WARNDatabaseMasterExcluding2026.csv,000180.KS,kept,ok
"OS RESTAURANT SERVICES LLC (BLOOMING BRANDS, D/B/A: BONEFISH, CARRABBA’S, FLEMINGS, & OUTBACK)",935.0,2020-04-27,WARNDatabaseMasterExcluding2026.csv,OUTB,kept,ok
BLOOMIN BRANDS,136.0,2020-04-27,WARNDatabaseMasterExcluding2026.csv,BLMN,kept,ok
ENTERPRISE HOLDINGS,68.0,2020-04-27,WARNDatabaseMasterExcluding2026.csv,000180.KS,kept,ok
ENTERPRISE HOLDINGS,79.0,2020-04-27,WARNDatabaseMasterExcluding2026.csv,000180.KS,kept,ok
"BLOOMIN BRANDS, INC.",,2020-04-27,WARNDatabaseMasterExcluding2026.csv,BLMN,kept,ok
ENTERPRISE HOLDINGS,4.0,2020-04-27,WARNDatabaseMasterExcluding2026.csv,000180.KS,kept,ok
CAI,69.0,2020-04-27,WARNDatabaseMasterExcluding2026.csv,CAI,kept,ok
ENTERPRISE HOLDINGS,2.0,2020-04-27,WARNDatabaseMasterExcluding2026.csv,000180.KS,kept,ok
"MAGIC LEAP, INC.",402.0,2020-04-27,WARNDatabaseMasterExcluding2026.csv,MGIEZZX,kept,ok
"MAGIC LEAP, INC.",1.0,2020-04-27,WARNDatabaseMasterExcluding2026.csv,MGIEZZX,kept,ok
ENTERPRISE HOLDINGS,221.0,2020-04-27,WARNDatabaseMasterExcluding2026.csv,000180.KS,kept,ok
"USM, INC.",38.0,2020-04-27,WARNDatabaseMasterExcluding2026.csv,BIHI39.SA,kept,ok
"CALEDONIAN, INC.",166.0,2020-04-27,WARNDatabaseMasterExcluding2026.csv,CHP.L,kept,ok
"GOPRO, INC.",88.0,2020-04-27,WARNDatabaseMasterExcluding2026.csv,GPRO,kept,ok
"DINE BRANDS GLOBAL, INC.",80.0,2020-04-27,WARNDatabaseMasterExcluding2026.csv,DIN,kept,ok
ZARA,19.0,2020-04-27,WARNDatabaseMasterExcluding2026.csv,ZARAUD=X,kept,ok
"EMINENT, INC.-RESOLVE GROUP, INC.",18.0,2020-04-27,WARNDatabaseMasterExcluding2026.csv,6877.HK,kept,ok
"TIMES COMMUNITY NEWS, NORTH",13.0,2020-04-27,WARNDatabaseMasterExcluding2026.csv,EHR=F,kept,ok
IGT,40.0,2020-04-25,WARNDatabaseMasterExcluding2026.csv,IGTI4.SA,kept,ok
"LEGGETT & PLATT, INC",210.0,2020-04-24,WARNDatabaseMasterExcluding2026.csv,LEG,kept,ok
HERTZ,1.0,2020-04-24,WARNDatabaseMasterExcluding2026.csv,HTZ,kept,ok
BED BATH & BEYOND INC.,55.0,2020-04-24,WARNDatabaseMasterExcluding2026.csv,BBBY,kept,ok
ENTERPRISE HOLDINGS,48.0,2020-04-24,WARNDatabaseMasterExcluding2026.csv,000180.KS,kept,ok
ENTERPRISE HOLDINGS,3.0,2020-04-24,WARNDatabaseMasterExcluding2026.csv,000180.KS,kept,ok
BLOOMIN' BRANDS*,702.0,2020-04-24,WARNDatabaseMasterExcluding2026.csv,BLMN,kept,ok
HERTZ,50.0,2020-04-24,WARNDatabaseMasterExcluding2026.csv,HTZ,kept,ok
ENTERPRISE HOLDINGS,84.0,2020-04-24,WARNDatabaseMasterExcluding2026.csv,000180.KS,kept,ok
ENTERPRISE HOLDINGS,78.0,2020-04-24,WARNDatabaseMasterExcluding2026.csv,000180.KS,kept,ok
BLOOMIN BRANDS,221.0,2020-04-24,WARNDatabaseMasterExcluding2026.csv,BLMN,kept,ok
ENTERPRISE HOLDINGS,185.0,2020-04-24,WARNDatabaseMasterExcluding2026.csv,000180.KS,kept,ok
BOOT BARN,111.0,2020-04-24,WARNDatabaseMasterExcluding2026.csv,BOOT,kept,ok
"MBPO, LLC DBA MANHATTAN BEACH POST",74.0,2020-04-24,WARNDatabaseMasterExcluding2026.csv,27756.HK,kept,ok
"ARTHUR J, LLC DBA THE ARTHUR J",57.0,2020-04-24,WARNDatabaseMasterExcluding2026.csv,AJG,kept,ok
"HARRELL HOSPITALITY GROUP, CALIFORNIA, INC. DBA BILTMORE HOTEL AND SUITE SANTA CLARA",48.0,2020-04-24,WARNDatabaseMasterExcluding2026.csv,PACB,kept,ok
"HARRELL HOSPITALITY GROUP, CALIFORNIA, INC. DBA BILTMORE HOTEL & SUITES SANTA CLARA",40.0,2020-04-24,WARNDatabaseMasterExcluding2026.csv,PACB,kept,ok
HEXCEL CORP.,430.0,2020-04-23,WARNDatabaseMasterExcluding2026.csv,HXL,kept,ok
ENTERPRISE HOLDINGS,92.0,2020-04-23,WARNDatabaseMasterExcluding2026.csv,000180.KS,kept,ok
"ALLISON TRANSMISSION, INC. REVISED (5/21/20) REVISED (6/4/20)",427.0,2020-04-23,WARNDatabaseMasterExcluding2026.csv,ALSN,kept,ok
ENTERPRISE HOLDINGS,452.0,2020-04-23,WARNDatabaseMasterExcluding2026.csv,000180.KS,kept,ok
ENTERPRISE HOLDINGS,14.0,2020-04-23,WARNDatabaseMasterExcluding2026.csv,000180.KS,kept,ok
EROS,400.0,2020-04-23,WARNDatabaseMasterExcluding2026.csv,ROCK.V,kept,ok
"ALLISON TRANSMISSION, INC. REVISED (5/21/20) REVISED (6/4/20)",427.0,2020-04-23,WARNDatabaseMasterExcluding2026.csv,ALSN,kept,ok
ENTERPRISE HOLDINGS,452.0,2020-04-23,WARNDatabaseMasterExcluding2026.csv,000180.KS,kept,ok
"TUESDAY MORNING, INC.",210.0,2020-04-22,WARNDatabaseMasterExcluding2026.csv,TUEMQ,kept,ok
GESTAMP,76.0,2020-04-22,WARNDatabaseMasterExcluding2026.csv,GEST.MC,kept,ok
ENTERPRISE HOLDINGS,65.0,2020-04-22,WARNDatabaseMasterExcluding2026.csv,000180.KS,kept,ok
"MAGIC LEAP, LLC",8.0,2020-04-22,WARNDatabaseMasterExcluding2026.csv,MGIEZZX,kept,ok
"MAGIC LEAP, LLC-AUSTIN",15.0,2020-04-22,WARNDatabaseMasterExcluding2026.csv,MGIEZZX,kept,ok
ENTERPRISE HOLDINGS,114.0,2020-04-22,WARNDatabaseMasterExcluding2026.csv,000180.KS,kept,ok
DAVE & BUSTER'S,195.0,2020-04-22,WARNDatabaseMasterExcluding2026.csv,PLAY,kept,ok
PROSPECT,33.0,2020-04-22,WARNDatabaseMasterExcluding2026.csv,PSEC,kept,ok
ATCO,158.0,2020-04-21,WARNDatabaseMasterExcluding2026.csv,8A6.DU,kept,ok
"HARRELL HOSPITALITY GROUP, CALIFORNIA, INC. DBA SANTA YNEZ VALLEY MARRIOTT",104.0,2020-04-21,WARNDatabaseMasterExcluding2026.csv,PACB,kept,ok
"BRIGHT HORIZONS, 2ND GENERATION AT CABOT",102.0,2020-04-21,WARNDatabaseMasterExcluding2026.csv,BFAM,kept,ok
"SECOND SIGHT MEDICAL PRODUCTS, INC.",101.0,2020-04-21,WARNDatabaseMasterExcluding2026.csv,EYES,kept,ok
"TACOS EL GORDO DE TIJUANA, BC",100.0,2020-04-21,WARNDatabaseMasterExcluding2026.csv,BC,kept,ok
AIR CANADA,63.0,2020-04-21,WARNDatabaseMasterExcluding2026.csv,AC.TO,kept,ok
"MORPHE,LLC",15.0,2020-04-21,WARNDatabaseMasterExcluding2026.csv,MPH-USD,kept,ok
"MORPHE, LLC",15.0,2020-04-21,WARNDatabaseMasterExcluding2026.csv,MPH-USD,kept,ok
"LEVER, INC.",10.0,2020-04-21,WARNDatabaseMasterExcluding2026.csv,GDXU,kept,ok
HEXCEL,219.0,2020-04-20,WARNDatabaseMasterExcluding2026.csv,HXL,kept,ok
HEXCEL CORPORATION,128.0,2020-04-20,WARNDatabaseMasterExcluding2026.csv,HXL,kept,ok
HEXCEL CORPORATION,160.0,2020-04-20,WARNDatabaseMasterExcluding2026.csv,HXL,kept,ok
GOODWILL,20.0,2020-04-20,WARNDatabaseMasterExcluding2026.csv,GEH.SI,kept,ok
ENTERPRISE HOLDINGS,77.0,2020-04-20,WARNDatabaseMasterExcluding2026.csv,000180.KS,kept,ok
ENTERPRISE HOLDINGS,201.0,2020-04-20,WARNDatabaseMasterExcluding2026.csv,000180.KS,kept,ok
ENTERPRISE HOLDING GROUP,63.0,2020-04-20,WARNDatabaseMasterExcluding2026.csv,8347.HK,kept,ok
THERMA,447.0,2020-04-20,WARNDatabaseMasterExcluding2026.csv,1969.T,kept,ok
"PANCAKES, INC",327.0,2020-04-20,WARNDatabaseMasterExcluding2026.csv,CAKE-GBP,kept,ok
CALLAWAY GOLF COMPANY,75.0,2020-04-20,WARNDatabaseMasterExcluding2026.csv,CALY,kept,ok
ARAMARK,68.0,2020-04-20,WARNDatabaseMasterExcluding2026.csv,ARMK,kept,ok
STANCE,65.0,2020-04-20,WARNDatabaseMasterExcluding2026.csv,CHGX,kept,ok
DIVERGENT TECHNOLOGIES INC.,57.0,2020-04-20,WARNDatabaseMasterExcluding2026.csv,DIVHZZX,kept,ok
IMPAC MORTGAGE HOLDINGS INC,333.0,2020-04-18,WARNDatabaseMasterExcluding2026.csv,IMPMQ,kept,ok
"BIOLASE, INC.",69.0,2020-04-18,WARNDatabaseMasterExcluding2026.csv,BIOLQ,kept,ok
"US PERMA, INC. DBA CALIFORNIA TILE INSTALLERS",50.0,2020-04-18,WARNDatabaseMasterExcluding2026.csv,0P0001KYOC,kept,ok
H&M HENNES & MAURITZ,15.0,2020-04-18,WARNDatabaseMasterExcluding2026.csv,HMSB.F,kept,ok
A SERVICES GROUP,147.0,2020-04-17,WARNDatabaseMasterExcluding2026.csv,000503.SZ,kept,ok
"CINEMARK, USA INC. - TINSELTOWN",35.0,2020-04-17,WARNDatabaseMasterExcluding2026.csv,CNK,kept,ok
"L&W, INC., DBA SOUTHTEC, LLC",124.0,2020-04-17,WARNDatabaseMasterExcluding2026.csv,LW,kept,ok
BED BATH & BEYOND,98.0,2020-04-17,WARNDatabaseMasterExcluding2026.csv,BBBY,kept,ok
"BED, BATH & BEYOND",71.0,2020-04-17,WARNDatabaseMasterExcluding2026.csv,BBBY,kept,ok
"BED, BATH & BEYOND",46.0,2020-04-17,WARNDatabaseMasterExcluding2026.csv,BBBY,kept,ok
"BED, BATH & BEYOND",56.0,2020-04-17,WARNDatabaseMasterExcluding2026.csv,BBBY,kept,ok
SANDRIDGE ENERGY,7.0,2020-04-17,WARNDatabaseMasterExcluding2026.csv,SD,kept,ok
PROSEGUR,221.0,2020-04-17,WARNDatabaseMasterExcluding2026.csv,0Q8P.IL,kept,ok
"CURIO EMPLOYER LLC, JUNIPER HOTEL",88.0,2020-04-17,WARNDatabaseMasterExcluding2026.csv,JUNIPER.BO,kept,ok
EATON CORPORATION,85.0,2020-04-17,WARNDatabaseMasterExcluding2026.csv,ETN,kept,ok
"MINTED, LLC",65.0,2020-04-17,WARNDatabaseMasterExcluding2026.csv,MTD21418-USD,kept,ok
HEXCEL CORPORATION,50.0,2020-04-17,WARNDatabaseMasterExcluding2026.csv,HXL,kept,ok
"VINCE, LLC",8.0,2020-04-17,WARNDatabaseMasterExcluding2026.csv,VNCE,kept,ok
HUHTAMAKI,145.0,2020-04-16,WARNDatabaseMasterExcluding2026.csv,HUHTAMAKI.NS,kept,ok
CALFRAC WELL SERVICES,106.0,2020-04-16,WARNDatabaseMasterExcluding2026.csv,5CFA.F,kept,ok
SANDRIDGE ENERGY,26.0,2020-04-16,WARNDatabaseMasterExcluding2026.csv,SD,kept,ok
CATHAY PACIFIC AIRWAYS LTD.,67.0,2020-04-16,WARNDatabaseMasterExcluding2026.csv,CPCAY,kept,ok
CATHAY PACIFIC AIRWAYS LTD.,1.0,2020-04-16,WARNDatabaseMasterExcluding2026.csv,CPCAY,kept,ok
CATHAY PACIFIC AIRWAYS LTD.,1.0,2020-04-16,WARNDatabaseMasterExcluding2026.csv,CPCAY,kept,ok
SWEDA,213.0,2020-04-16,WARNDatabaseMasterExcluding2026.csv,SWEDAS.XC,kept,ok
"LBC, LIMITED PARTNERSHIP DBA MATHIS BROTHERS FURNITURE",99.0,2020-04-16,WARNDatabaseMasterExcluding2026.csv,SCOT-LBC1E.MX,kept,ok
"AMERICAN EAGLE OUTFITTERS, INC.",94.0,2020-04-16,WARNDatabaseMasterExcluding2026.csv,AEO,kept,ok
JUPITER,80.0,2020-04-16,WARNDatabaseMasterExcluding2026.csv,0P0001D7IS.L,kept,ok
"TOWN SPORTS INTERNATIONAL, LLC",60.0,2020-04-16,WARNDatabaseMasterExcluding2026.csv,CLUB,kept,ok
"QSC, LLC",55.0,2020-04-16,WARNDatabaseMasterExcluding2026.csv,PMEDF,kept,ok
ARGEN,36.0,2020-04-16,WARNDatabaseMasterExcluding2026.csv,ARGX,kept,ok
OPEN DOOR,145.0,2020-04-15,WARNDatabaseMasterExcluding2026.csv,3926.T,kept,ok
CINEMARK,666.0,2020-04-15,WARNDatabaseMasterExcluding2026.csv,CNK,kept,ok
WINNEBAGO INDUSTRIES,2.0,2020-04-15,WARNDatabaseMasterExcluding2026.csv,WGO,kept,ok
WINNEBAGO INDUSTRIES,74.0,2020-04-15,WARNDatabaseMasterExcluding2026.csv,WGO,kept,ok
WINNEBAGO INDUSTRIES,3.0,2020-04-15,WARNDatabaseMasterExcluding2026.csv,WGO,kept,ok
"LEGGETT & PLATT, INC.",271.0,2020-04-15,WARNDatabaseMasterExcluding2026.csv,LEG,kept,ok
"LEGGETT & PLATT, INC.",151.0,2020-04-15,WARNDatabaseMasterExcluding2026.csv,LEG,kept,ok
CBCS,17.0,2020-04-15,WARNDatabaseMasterExcluding2026.csv,CBCSX,kept,ok
CALFRAC WELL SERVICES,134.0,2020-04-15,WARNDatabaseMasterExcluding2026.csv,5CFA.F,kept,ok
WINNEBAGO INDUSTRIES,2.0,2020-04-15,WARNDatabaseMasterExcluding2026.csv,WGO,kept,ok
WINNEBAGO INDUSTRIES,74.0,2020-04-15,WARNDatabaseMasterExcluding2026.csv,WGO,kept,ok
WINNEBAGO INDUSTRIES,3.0,2020-04-15,WARNDatabaseMasterExcluding2026.csv,WGO,kept,ok
"CORE & MAIN, LP COVID19",2.0,2020-04-15,WARNDatabaseMasterExcluding2026.csv,CNM,kept,ok
"CORE & MAIN, LP COVID19",1.0,2020-04-15,WARNDatabaseMasterExcluding2026.csv,CNM,kept,ok
"CORE & MAIN, LP COVID19",1.0,2020-04-15,WARNDatabaseMasterExcluding2026.csv,CNM,kept,ok
"CORE & MAIN, LP COVID19",1.0,2020-04-15,WARNDatabaseMasterExcluding2026.csv,CNM,kept,ok
"CORE & MAIN, LP COVID19",7.0,2020-04-15,WARNDatabaseMasterExcluding2026.csv,CNM,kept,ok
HALLIBURTON,33.0,2020-04-15,WARNDatabaseMasterExcluding2026.csv,HAL,kept,ok
BAKER HUGHES,234.0,2020-04-15,WARNDatabaseMasterExcluding2026.csv,BKR,kept,ok
"PBM, LLC (PERFECT BUILDING MAINTENANCE)",349.0,2020-04-15,WARNDatabaseMasterExcluding2026.csv,PBM,kept,ok
"DIRECTED, LLC",88.0,2020-04-15,WARNDatabaseMasterExcluding2026.csv,TOAK,kept,ok
"THE CHILDREN'S PLACE, INC",62.0,2020-04-15,WARNDatabaseMasterExcluding2026.csv,PLCE,kept,ok
"EST 1977 SMPS, CO, THE ALBRIGHT RESTAURANT",43.0,2020-04-15,WARNDatabaseMasterExcluding2026.csv,HG=F,kept,ok
"ADVANCED COMPOSITES, INC.",210.0,2020-04-14,WARNDatabaseMasterExcluding2026.csv,301586.SZ,kept,ok
HALLIBURTON,130.0,2020-04-14,WARNDatabaseMasterExcluding2026.csv,HAL,kept,ok
CBCS,1.0,2020-04-14,WARNDatabaseMasterExcluding2026.csv,CBCSX,kept,ok
"BJ'S RESTAURANTS, INC.",194.0,2020-04-14,WARNDatabaseMasterExcluding2026.csv,ZCG.F,kept,ok
"AMERICAN RETAIL, INC. DBA AMERICAN GIRL PLACE LOS ANGELES",93.0,2020-04-14,WARNDatabaseMasterExcluding2026.csv,FTZXX,kept,ok
"LEGGETT & PLATT, INC",50.0,2020-04-13,WARNDatabaseMasterExcluding2026.csv,LEG,kept,ok
SCHOLASTIC,53.0,2020-04-13,WARNDatabaseMasterExcluding2026.csv,SCHL,kept,ok
ONESPAWORLD*,51.0,2020-04-13,WARNDatabaseMasterExcluding2026.csv,OSW,kept,ok
"ICR, INC.",50.0,2020-04-13,WARNDatabaseMasterExcluding2026.csv,ICRA.NS,kept,ok
"MARRIOTT INTERNATIONAL, INC. DBA SAN FRANCISCO MARRIOTT UNION SQUARE",186.0,2020-04-13,WARNDatabaseMasterExcluding2026.csv,MAR,kept,ok
BJ'S RESTAURANTS INC.,160.0,2020-04-13,WARNDatabaseMasterExcluding2026.csv,ZCG.F,kept,ok
BJ'S RESTAURANT INC.,154.0,2020-04-13,WARNDatabaseMasterExcluding2026.csv,ZCG.F,kept,ok
"MARRIOTT INTERNATIONAL, INC. DBA LIDO HOUSE, AUTOGRAPH COLLECTION",146.0,2020-04-13,WARNDatabaseMasterExcluding2026.csv,MAR,kept,ok
"BJ'S RESTAURANTS, INC",104.0,2020-04-13,WARNDatabaseMasterExcluding2026.csv,ZCG.F,kept,ok
VIAD CORP,89.0,2020-04-13,WARNDatabaseMasterExcluding2026.csv,DIL1.DU,kept,ok
PINK,73.0,2020-04-13,WARNDatabaseMasterExcluding2026.csv,PINK,kept,ok
BATH & BODY WORKS,73.0,2020-04-13,WARNDatabaseMasterExcluding2026.csv,BBWI,kept,ok
VICTORIA'S SECRET,60.0,2020-04-13,WARNDatabaseMasterExcluding2026.csv,VSXY,kept,ok
VICTORIA'S SECRET,53.0,2020-04-13,WARNDatabaseMasterExcluding2026.csv,VSXY,kept,ok
EQUINOX,40.0,2020-04-13,WARNDatabaseMasterExcluding2026.csv,EQX.TO,kept,ok
"ADECCO USA, OAKLEY, INC.",198.0,2020-04-11,WARNDatabaseMasterExcluding2026.csv,OCI.L,kept,ok
"SWELL ATHLETIC CLUBS, GP, DBA WCAC MANAGEMENT LLC",194.0,2020-04-11,WARNDatabaseMasterExcluding2026.csv,GP,kept,ok
"PENSKE AUTOMOTIVE GROUP, INC.",162.0,2020-04-11,WARNDatabaseMasterExcluding2026.csv,PAG,kept,ok
"ZIPRECRUITER, INC.",99.0,2020-04-11,WARNDatabaseMasterExcluding2026.csv,ZIP,kept,ok
"ARYZTA, LLC",54.0,2020-04-11,WARNDatabaseMasterExcluding2026.csv,ARYN.SW,kept,ok
HONEYWELL INTERNATIONAL INC.,54.0,2020-04-11,WARNDatabaseMasterExcluding2026.csv,HON,kept,ok
KIMBERLY-CLARK CORPORATION,47.0,2020-04-11,WARNDatabaseMasterExcluding2026.csv,KMB,kept,ok
"INTEGRATED TECHNOLOGIES, INC DBA LMI AEROSPACE",25.0,2020-04-10,WARNDatabaseMasterExcluding2026.csv,CEREBRAINT.BO,kept,ok
"HUHTAMAKI, INC.",235.0,2020-04-10,WARNDatabaseMasterExcluding2026.csv,HUHTAMAKI.NS,kept,ok
"WOODWARD, INC",,2020-04-10,WARNDatabaseMasterExcluding2026.csv,WWD,kept,ok
"TOAST, INC",117.0,2020-04-10,WARNDatabaseMasterExcluding2026.csv,TOST,kept,ok
"AGRATI, INC.",15.0,2020-04-10,WARNDatabaseMasterExcluding2026.csv,3467.T,kept,ok
"ASC INDUSTRIES, INC.",5.0,2020-04-10,WARNDatabaseMasterExcluding2026.csv,SY4.F,kept,ok
"LEGGETT & PLATT, INC.",104.0,2020-04-10,WARNDatabaseMasterExcluding2026.csv,LEG,kept,ok
"LEGGETT & PLATT, INC.",9.0,2020-04-10,WARNDatabaseMasterExcluding2026.csv,LEG,kept,ok
"ABERCROMBIE & FITCH, ABERCROMBIE KIDS, HOLLISTER CO., AND GILLY HICKS (2 SITES)",86.0,2020-04-10,WARNDatabaseMasterExcluding2026.csv,ANF,kept,ok
"ABERCROMBIE & FITCH, ABERCROMBIE KIDS, HOLLISTER CO., AND GILLY HICKS (2 SITES)",67.0,2020-04-10,WARNDatabaseMasterExcluding2026.csv,ANF,kept,ok
"ABERCROMBIE & FITCH, ABERCROMBIE KIDS, HOLLISTER CO., AND GILLY HICKS (11 SITES)",401.0,2020-04-10,WARNDatabaseMasterExcluding2026.csv,ANF,kept,ok
"ABERCROMBIE & FITCH, ABERCROMBIE KIDS, HOLLISTER CO., AND GILLY HICKS (1SITES)",26.0,2020-04-10,WARNDatabaseMasterExcluding2026.csv,ANF,kept,ok
"ABERCROMBIE & FITCH, ABERCROMBIE KIDS, HOLLISTER CO., AND GILLY HICKS (8 SITES)",1166.0,2020-04-10,WARNDatabaseMasterExcluding2026.csv,ANF,kept,ok
"ABERCROMBIE & FITCH, ABERCROMBIE KIDS, HOLLISTER CO., AND GILLY HICKS (2 SITES)",63.0,2020-04-10,WARNDatabaseMasterExcluding2026.csv,ANF,kept,ok
"ABERCROMBIE & FITCH, ABERCROMBIE KIDS, HOLLISTER CO., AND GILLY HICKS (1 SITE)",37.0,2020-04-10,WARNDatabaseMasterExcluding2026.csv,ANF,kept,ok
ARISTA,172.0,2020-04-10,WARNDatabaseMasterExcluding2026.csv,ANET,kept,ok
"ABERCROMBIE & FITCH, ABERCROMBIE KIDS, HOLLISTER CO., AND GILLY HICKS (2 SITES)",83.0,2020-04-10,WARNDatabaseMasterExcluding2026.csv,ANF,kept,ok
"ABERCROMBIE & FITCH, ABERCROMBIE KIDS, HOLLISTER CO., AND GILLY HICKS (14 SITES)",696.0,2020-04-10,WARNDatabaseMasterExcluding2026.csv,ANF,kept,ok
"ABERCROMBIE & FITCH, ABERCROMBIE KIDS, HOLLISTER CO., AND GILLY HICKS (2 SITES)",71.0,2020-04-10,WARNDatabaseMasterExcluding2026.csv,ANF,kept,ok
"MARRIOTT INTERNATIONAL, INC. DBA OAKLAND MARRIOTT CITY CENTER",244.0,2020-04-10,WARNDatabaseMasterExcluding2026.csv,MAR,kept,ok
"RED, WHITE AND BLUE THRIFT STORES",224.0,2020-04-10,WARNDatabaseMasterExcluding2026.csv,RDW,kept,ok
"RED, WHITE AND BLUE THRIFT",133.0,2020-04-10,WARNDatabaseMasterExcluding2026.csv,RDW,kept,ok
"RED, WHITE AND BLUE THRIFT STORES",115.0,2020-04-10,WARNDatabaseMasterExcluding2026.csv,RDW,kept,ok
PROSPECT,154.0,2020-04-09,WARNDatabaseMasterExcluding2026.csv,PSEC,kept,ok
YELP,375.0,2020-04-09,WARNDatabaseMasterExcluding2026.csv,YELP,kept,ok
"HUHTAMAKI, INC.",20.0,2020-04-09,WARNDatabaseMasterExcluding2026.csv,HUHTAMAKI.NS,kept,ok
"TOAST, INC.",,2020-04-09,WARNDatabaseMasterExcluding2026.csv,TOST,kept,ok
"MUSEUM OF FINE ARTS, BOSTON",50.0,2020-04-09,WARNDatabaseMasterExcluding2026.csv,BSX,kept,ok
"MARRIOTT INTERNATIONAL, INC. DBA MARRIOTT MARQUIS SAN DIEGO MARINA",903.0,2020-04-09,WARNDatabaseMasterExcluding2026.csv,MAR,kept,ok
"MARRIOTT INTERNATIONAL, INC, DBA SHERATON GRAND LOS ANGELES HOTEL",201.0,2020-04-09,WARNDatabaseMasterExcluding2026.csv,MAR,kept,ok
THE CHEESECAKE FACTORY INCORPORATED,193.0,2020-04-09,WARNDatabaseMasterExcluding2026.csv,CAKE,kept,ok
THE CHEESECAKE FACTORY INCORPORATED,170.0,2020-04-09,WARNDatabaseMasterExcluding2026.csv,CAKE,kept,ok
"MAG INDUSTRIES, LLC",87.0,2020-04-09,WARNDatabaseMasterExcluding2026.csv,MGLI,kept,ok
AVIS BUDGET,85.0,2020-04-08,WARNDatabaseMasterExcluding2026.csv,CAR,kept,ok
AGRATI,51.0,2020-04-08,WARNDatabaseMasterExcluding2026.csv,3467.T,kept,ok
ABERCROMBIE & FITCH,123.0,2020-04-08,WARNDatabaseMasterExcluding2026.csv,ANF,kept,ok
"CALERES, INC.",368.0,2020-04-08,WARNDatabaseMasterExcluding2026.csv,CAL,kept,ok
"GROUPON, INC.",299.0,2020-04-08,WARNDatabaseMasterExcluding2026.csv,GRPN,kept,ok
AGRATI,51.0,2020-04-08,WARNDatabaseMasterExcluding2026.csv,3467.T,kept,ok
SYSCO,17.0,2020-04-08,WARNDatabaseMasterExcluding2026.csv,SYY,kept,ok
SYSCO,111.0,2020-04-08,WARNDatabaseMasterExcluding2026.csv,SYY,kept,ok
IGS,73.0,2020-04-08,WARNDatabaseMasterExcluding2026.csv,IGSGA.XD,kept,ok
KAISER ALUMINUM,78.0,2020-04-08,WARNDatabaseMasterExcluding2026.csv,KALU,kept,ok
"SUIT SUPPLY MIAMI BEACH, INC. INC.",7.0,2020-04-08,WARNDatabaseMasterExcluding2026.csv,ZINPSX,kept,ok
"THE RITZ-CARLTON, LOS ANGELES, JW MARRIOTT L.A. LIVE",1009.0,2020-04-08,WARNDatabaseMasterExcluding2026.csv,0P0001A0GW.F,kept,ok
"GROUPON, INC.",77.0,2020-04-08,WARNDatabaseMasterExcluding2026.csv,GRPN,kept,ok
TRIMARK,34.0,2020-04-08,WARNDatabaseMasterExcluding2026.csv,0P000070M0.TO,kept,ok
MIND BODY,91.0,2020-04-07,WARNDatabaseMasterExcluding2026.csv,MBS37266-USD,kept,ok
"SAMURAI, INC.",29.0,2020-04-07,WARNDatabaseMasterExcluding2026.csv,Y8E.SI,kept,ok
"HUHTAMAKI, INC.",60.0,2020-04-07,WARNDatabaseMasterExcluding2026.csv,HUHTAMAKI.NS,kept,ok
"PPI, INC.",521.0,2020-04-07,WARNDatabaseMasterExcluding2026.csv,PPI,kept,ok
"MG HOSPITALITY GROUP, INC’S",99.0,2020-04-07,WARNDatabaseMasterExcluding2026.csv,0P0000Z6F1.TO,kept,ok
"ASBURY AUTOMOTIVE GROUP, INC.",30.0,2020-04-07,WARNDatabaseMasterExcluding2026.csv,ABG,kept,ok
"ASBURY AUTOMOTIVE GROUP, INC.",34.0,2020-04-07,WARNDatabaseMasterExcluding2026.csv,ABG,kept,ok
"ASBURY AUTOMOTIVE GROUP, INC.",41.0,2020-04-07,WARNDatabaseMasterExcluding2026.csv,ABG,kept,ok
"ASBURY AUTOMOTIVE GROUP, INC.",37.0,2020-04-07,WARNDatabaseMasterExcluding2026.csv,ABG,kept,ok
"ASBURY AUTOMOTIVE GROUP, INC.",28.0,2020-04-07,WARNDatabaseMasterExcluding2026.csv,ABG,kept,ok
"ASBURY AUTOMOTIVE GROUP, INC.",30.0,2020-04-07,WARNDatabaseMasterExcluding2026.csv,ABG,kept,ok
"ASBURY AUTOMOTIVE GROUP, INC.",28.0,2020-04-07,WARNDatabaseMasterExcluding2026.csv,ABG,kept,ok
"ASBURY AUTOMOTIVE GROUP, INC.",18.0,2020-04-07,WARNDatabaseMasterExcluding2026.csv,ABG,kept,ok
"ASBURY AUTOMOTIVE GROUP, INC.",17.0,2020-04-07,WARNDatabaseMasterExcluding2026.csv,ABG,kept,ok
"ASBURY AUTOMOTIVE GROUP, INC.",13.0,2020-04-07,WARNDatabaseMasterExcluding2026.csv,ABG,kept,ok
"ASBURY AUTOMOTIVE GROUP, INC.",6.0,2020-04-07,WARNDatabaseMasterExcluding2026.csv,ABG,kept,ok
"ASBURY AUTOMOTIVE GROUP, INC.",20.0,2020-04-07,WARNDatabaseMasterExcluding2026.csv,ABG,kept,ok
AIR CANADA,69.0,2020-04-07,WARNDatabaseMasterExcluding2026.csv,AC.TO,kept,ok
"MARRIOTT INTERNATIONAL, INC., DOING BUSINESS AS JW MARRIOTT, ANAHEIM RESORT",167.0,2020-04-07,WARNDatabaseMasterExcluding2026.csv,MAR,kept,ok
"LBC, LIMITED PARTERNSHIP DBA MATHIS BROTHERS FURNITURE",157.0,2020-04-07,WARNDatabaseMasterExcluding2026.csv,SCOT-LBC1E.MX,kept,ok
EATON CORPORATION,55.0,2020-04-06,WARNDatabaseMasterExcluding2026.csv,ETN,kept,ok
PANDORA,10.0,2020-04-06,WARNDatabaseMasterExcluding2026.csv,PNDORA.CO,kept,ok
PANDORA,17.0,2020-04-06,WARNDatabaseMasterExcluding2026.csv,PNDORA.CO,kept,ok
PANDORA,7.0,2020-04-06,WARNDatabaseMasterExcluding2026.csv,PNDORA.CO,kept,ok
"LEGGET & PLATT, BRANCH ONE",422.0,2020-04-06,WARNDatabaseMasterExcluding2026.csv,LEG,kept,ok
EATON CORPORATION,55.0,2020-04-06,WARNDatabaseMasterExcluding2026.csv,ETN,kept,ok
SBE,125.0,2020-04-06,WARNDatabaseMasterExcluding2026.csv,SBET,kept,ok
CAI,6.0,2020-04-06,WARNDatabaseMasterExcluding2026.csv,CAI,kept,ok
CAI,12.0,2020-04-06,WARNDatabaseMasterExcluding2026.csv,CAI,kept,ok
CAI,7.0,2020-04-06,WARNDatabaseMasterExcluding2026.csv,CAI,kept,ok
CAI,6.0,2020-04-06,WARNDatabaseMasterExcluding2026.csv,CAI,kept,ok
CAI,2.0,2020-04-06,WARNDatabaseMasterExcluding2026.csv,CAI,kept,ok
CAI,4.0,2020-04-06,WARNDatabaseMasterExcluding2026.csv,CAI,kept,ok
CAI,10.0,2020-04-06,WARNDatabaseMasterExcluding2026.csv,CAI,kept,ok
CAI,1.0,2020-04-06,WARNDatabaseMasterExcluding2026.csv,CAI,kept,ok
CAI,15.0,2020-04-06,WARNDatabaseMasterExcluding2026.csv,CAI,kept,ok
CAI,11.0,2020-04-06,WARNDatabaseMasterExcluding2026.csv,CAI,kept,ok
CAI,9.0,2020-04-06,WARNDatabaseMasterExcluding2026.csv,CAI,kept,ok
CAI,1.0,2020-04-06,WARNDatabaseMasterExcluding2026.csv,CAI,kept,ok
HALLIBURTON,350.0,2020-04-06,WARNDatabaseMasterExcluding2026.csv,HAL,kept,ok
"GUESS?, INC. (CAPITAL)",,2020-04-06,WARNDatabaseMasterExcluding2026.csv,PCSFX,kept,ok
"RUN TOGETHER, LLC DBA FLEET FEET",103.0,2020-04-06,WARNDatabaseMasterExcluding2026.csv,RUN19638-USD,kept,ok
MOO,110.0,2020-04-04,WARNDatabaseMasterExcluding2026.csv,MOO,kept,ok
UNDER ARMOUR,154.0,2020-04-03,WARNDatabaseMasterExcluding2026.csv,UA,kept,ok
ASBURY AUTOMOTIVE GROUP,254.0,2020-04-03,WARNDatabaseMasterExcluding2026.csv,ABG,kept,ok
CALERES INC,213.0,2020-04-03,WARNDatabaseMasterExcluding2026.csv,CAL,kept,ok
ASBURY AUTOMOTIVE GROUP,254.0,2020-04-03,WARNDatabaseMasterExcluding2026.csv,ABG,kept,ok
"ASBURY AUTOMOTIVE GROUP (CROWN CHRYSLER, DODGE, JEEP RAM)COVID19",18.0,2020-04-03,WARNDatabaseMasterExcluding2026.csv,DODGX,kept,ok
G2,135.0,2020-04-03,WARNDatabaseMasterExcluding2026.csv,G2Y.F,kept,ok
"CHRISTOPHER'S RESTAURANT INC. DBA COMFORT INN AND SUITES, ECLIPSE FITNESS AND SPA, PERKINS, PLATTSBURGH BREWING, CHAMP'S FUN CITY",131.0,2020-04-03,WARNDatabaseMasterExcluding2026.csv,PDFDX,kept,ok
"COMFORT SYSTEMS USA, INC. (SYRACUSE)",119.0,2020-04-03,WARNDatabaseMasterExcluding2026.csv,FIX,kept,ok
"CONTOUR DERMATOLOGY AND COSMETIC SURGERY MEDICAL CENTER, APC",45.0,2020-04-03,WARNDatabaseMasterExcluding2026.csv,APC,kept,ok
"LEGGETT & PLATT, INC DBA L&P SPRINGS MANUFACTURING, LLC",139.0,2020-04-02,WARNDatabaseMasterExcluding2026.csv,LEG,kept,ok
DENTSPLY SIRONA,313.0,2020-04-02,WARNDatabaseMasterExcluding2026.csv,XRAY,kept,ok
"LEGGETT & PLATT, INC DBA L&P SPRINGS MANUFACTURING, LLC",139.0,2020-04-02,WARNDatabaseMasterExcluding2026.csv,LEG,kept,ok
"TRUMP NATIONAL GOLF CLUB WASHINGTON, D.C., LLC",102.0,2020-04-02,WARNDatabaseMasterExcluding2026.csv,4FY.F,kept,ok
STEIN MART,132.0,2020-04-02,WARNDatabaseMasterExcluding2026.csv,SMRT,kept,ok
DENTSPLY SIRONA,148.0,2020-04-02,WARNDatabaseMasterExcluding2026.csv,XRAY,kept,ok
NORDAM,210.0,2020-04-02,WARNDatabaseMasterExcluding2026.csv,DE000SL0A2B7.SG,kept,ok
"CALERES, INC. NEW YORK CORPORATE HEADQUARTERS",70.0,2020-04-02,WARNDatabaseMasterExcluding2026.csv,CAL,kept,ok
"SAINT-GOBAIN, SEKURIT",110.0,2020-04-02,WARNDatabaseMasterExcluding2026.csv,SGO.PA,kept,ok
COMPASS,2.0,2020-04-02,WARNDatabaseMasterExcluding2026.csv,CMPS,kept,ok
CINEMARK,292.0,2020-04-01,WARNDatabaseMasterExcluding2026.csv,CNK,kept,ok
CINEMARK,237.0,2020-04-01,WARNDatabaseMasterExcluding2026.csv,CNK,kept,ok
SODEXO,71.0,2020-04-01,WARNDatabaseMasterExcluding2026.csv,SJ7.DU,kept,ok
SODEXO,53.0,2020-04-01,WARNDatabaseMasterExcluding2026.csv,SJ7.DU,kept,ok
UNIVERSAL TECHNICAL INSTITUTE,35.0,2020-04-01,WARNDatabaseMasterExcluding2026.csv,UTI,kept,ok
LOREAL,0.0,2020-04-01,WARNDatabaseMasterExcluding2026.csv,LOR.NE,kept,ok
CINEMARK,57.0,2020-04-01,WARNDatabaseMasterExcluding2026.csv,CNK,kept,ok
PRIMARK,45.0,2020-04-01,WARNDatabaseMasterExcluding2026.csv,PMPEX,kept,ok
PRIMARK,80.0,2020-04-01,WARNDatabaseMasterExcluding2026.csv,PMPEX,kept,ok
AVEANNA HEALTHCARE,51.0,2020-04-01,WARNDatabaseMasterExcluding2026.csv,AVAH,kept,ok
DENTSPLY SIRONA,138.0,2020-04-01,WARNDatabaseMasterExcluding2026.csv,XRAY,kept,ok
ENTERPRISE HOLDINGS,189.0,2020-04-01,WARNDatabaseMasterExcluding2026.csv,000180.KS,kept,ok
"FXI, INC",58.0,2020-04-01,WARNDatabaseMasterExcluding2026.csv,FXI,kept,ok
MONDEE,,2020-04-01,WARNDatabaseMasterExcluding2026.csv,MOND,kept,ok
"QVC, INC LANCASTER DISTRIBUTION CENTER (QURATE RETAIL GROUP)",,2020-04-01,WARNDatabaseMasterExcluding2026.csv,QVCPQ,kept,ok
SODEXO,64.0,2020-04-01,WARNDatabaseMasterExcluding2026.csv,SJ7.DU,kept,ok
"HUHTAMAKI, INC.",84.0,2020-04-01,WARNDatabaseMasterExcluding2026.csv,HUHTAMAKI.NS,kept,ok
"KIMBALL, TIREY & ST. JOHN LLP",60.0,2020-04-01,WARNDatabaseMasterExcluding2026.csv,KE,kept,ok
NORTONLIFELOCK INC.,28.0,2020-04-01,WARNDatabaseMasterExcluding2026.csv,SYM.DU,kept,ok
"EYE ASSOCIATES NORTHWEST, PC",106.0,2020-03-31,WARNDatabaseMasterExcluding2026.csv,PC,kept,ok
"TOWN & COUNTRY GROCERS OF FREDERICKTOWN, MO, INC",64.0,2020-03-31,WARNDatabaseMasterExcluding2026.csv,MO,kept,ok
JONES LANG LASALLE,88.0,2020-03-31,WARNDatabaseMasterExcluding2026.csv,JLL,kept,ok
SODEXO,68.0,2020-03-31,WARNDatabaseMasterExcluding2026.csv,SJ7.DU,kept,ok
PRIMARK*,116.0,2020-03-31,WARNDatabaseMasterExcluding2026.csv,PMPEX,kept,ok
"PANERA BREAD, BRISTOL, FARMINGTON, HARTFORD, LISBON, MASHANTUCKET, WEST HARTFORD",,2020-03-31,WARNDatabaseMasterExcluding2026.csv,BMY,kept,ok
ONESPAWORLD,104.0,2020-03-31,WARNDatabaseMasterExcluding2026.csv,OSW,kept,ok
SODEXO,68.0,2020-03-31,WARNDatabaseMasterExcluding2026.csv,SJ7.DU,kept,ok
"BEN'S RESTAURANT GROUP, INC. (LONG ISLAND, NYC, MID-HUDSON - EXACT LOCATIONS NOT PROVIDED)",92.0,2020-03-31,WARNDatabaseMasterExcluding2026.csv,NYC,kept,ok
"J.M. HALEY, CORPORATION",44.0,2020-03-31,WARNDatabaseMasterExcluding2026.csv,AVAT,kept,ok
THE GOODYEAR TIRE & RUBBER COMPANY,41.0,2020-03-31,WARNDatabaseMasterExcluding2026.csv,GT,kept,ok
Q2 MANAGEMENT,53.0,2020-03-30,WARNDatabaseMasterExcluding2026.csv,QBI.HM,kept,ok
SAGE,226.0,2020-03-30,WARNDatabaseMasterExcluding2026.csv,SGE.L,kept,ok
SAGE,332.0,2020-03-30,WARNDatabaseMasterExcluding2026.csv,SGE.L,kept,ok
SEQUOIA,128.0,2020-03-30,WARNDatabaseMasterExcluding2026.csv,SEQUX,kept,ok
"EMPIRE ARCHITECTURAL METAL, CORP.",125.0,2020-03-30,WARNDatabaseMasterExcluding2026.csv,SPCX,kept,ok
"1661, INC. DBA GOAT AND FLIGHT CLUB NEW YORK, LLC",77.0,2020-03-30,WARNDatabaseMasterExcluding2026.csv,ZAJCFX,kept,ok
"1661, INC. DBA GOAT",96.0,2020-03-30,WARNDatabaseMasterExcluding2026.csv,ZAJCFX,kept,ok
"THE RITZ-CARLTON BACARA, SANTA BARBARA",86.0,2020-03-30,WARNDatabaseMasterExcluding2026.csv,NSBFX,kept,ok
HONEYWELL,64.0,2020-03-30,WARNDatabaseMasterExcluding2026.csv,HON,kept,ok
MAU,315.0,2020-03-29,WARNDatabaseMasterExcluding2026.csv,MLP,kept,ok
CIEE,256.0,2020-03-27,WARNDatabaseMasterExcluding2026.csv,CIEE.XC,kept,ok
"MANDARIN ORIENTAL, MIAMI",488.0,2020-03-27,WARNDatabaseMasterExcluding2026.csv,MIAX,kept,ok
"RENT THE RUNWAY, INC.",36.0,2020-03-27,WARNDatabaseMasterExcluding2026.csv,RENT,kept,ok
"RHP, INC. DBA GOT LIGHT",111.0,2020-03-27,WARNDatabaseMasterExcluding2026.csv,RHP,kept,ok
"GAMING ENTERTAINMENT, LLC DBA RISING STAR CASINO RESORT",407.0,2020-03-26,WARNDatabaseMasterExcluding2026.csv,2AA.DU,kept,ok
"GAMING ENTERTAINMENT, LLC DBA RISING STAR FERRY",10.0,2020-03-26,WARNDatabaseMasterExcluding2026.csv,2AA.DU,kept,ok
CINEMARK,64.0,2020-03-26,WARNDatabaseMasterExcluding2026.csv,CNK,kept,ok
DLUX,49.0,2020-03-26,WARNDatabaseMasterExcluding2026.csv,DLUX,kept,ok
COLOMBO,21.0,2020-03-26,WARNDatabaseMasterExcluding2026.csv,CXR.MI,kept,ok
CINEMARK*,295.0,2020-03-26,WARNDatabaseMasterExcluding2026.csv,CNK,kept,ok
FOSSIL GROUP,222.0,2020-03-26,WARNDatabaseMasterExcluding2026.csv,FOSL,kept,ok
"GAMING ENTERTAINMENT, LLC DBA RISING STAR CASINO RESORT",407.0,2020-03-26,WARNDatabaseMasterExcluding2026.csv,2AA.DU,kept,ok
"GAMING ENTERTAINMENT, LLC DBA RISING STAR FERRY",10.0,2020-03-26,WARNDatabaseMasterExcluding2026.csv,2AA.DU,kept,ok
"ROD M. RODGGE, D.D.S.",6.0,2020-03-26,WARNDatabaseMasterExcluding2026.csv,DX3I.MU,kept,ok
CINEMARK,64.0,2020-03-26,WARNDatabaseMasterExcluding2026.csv,CNK,kept,ok
PRA GROUP,193.0,2020-03-26,WARNDatabaseMasterExcluding2026.csv,PRAA,kept,ok
"COVA, INC.",32.0,2020-03-26,WARNDatabaseMasterExcluding2026.csv,CVALF,kept,ok
NFI,64.0,2020-03-26,WARNDatabaseMasterExcluding2026.csv,NFI.TO,kept,ok
TEXAS ROADHOUSE,84.0,2020-03-26,WARNDatabaseMasterExcluding2026.csv,TXRH,kept,ok
"OKI RINGO DBA COVINA, O YA, & ROOF @ PARK SOUTH",104.0,2020-03-26,WARNDatabaseMasterExcluding2026.csv,OYYAT.IS,kept,ok
"MARK FORMER, M.D., P.C. AND MARK FROMER LLC 6 NYC LOCATIONS",105.0,2020-03-26,WARNDatabaseMasterExcluding2026.csv,MDIA3.SA,kept,ok
"MARRIOTT INTERNATIONAL, INC DBA SANTA CLARA MARRIOTT",336.0,2020-03-26,WARNDatabaseMasterExcluding2026.csv,MAR,kept,ok
LYNX,6.0,2020-03-25,WARNDatabaseMasterExcluding2026.csv,0P0000KV4C.ST,kept,ok
"TR APPAREL, LLC",47.0,2020-03-25,WARNDatabaseMasterExcluding2026.csv,TRUA,kept,ok
PITNEY BOWES INC,208.0,2020-03-25,WARNDatabaseMasterExcluding2026.csv,PBI,kept,ok
"GDC, INC.",293.0,2020-03-24,WARNDatabaseMasterExcluding2026.csv,GDC,kept,ok
"GDC, INC.",293.0,2020-03-24,WARNDatabaseMasterExcluding2026.csv,GDC,kept,ok
TRANSFORM,,2020-03-24,WARNDatabaseMasterExcluding2026.csv,DAPP,kept,ok
"CAPITAL MANAGEMENT SERVICES, LP",52.0,2020-03-24,WARNDatabaseMasterExcluding2026.csv,AVONMORE.NS,kept,ok
"SPORTS PHYSICAL THERAPY OF NEW YORK, PC",59.0,2020-03-24,WARNDatabaseMasterExcluding2026.csv,PC,kept,ok
"MUSEUM OF CONTEMPORARY ART, LOS ANGELES",109.0,2020-03-24,WARNDatabaseMasterExcluding2026.csv,0P0001A0GX.L,kept,ok
"WESTPORT, LLC",335.0,2020-03-23,WARNDatabaseMasterExcluding2026.csv,WPRT,kept,ok
PARK HOTELS & RESORTS,31.0,2020-03-23,WARNDatabaseMasterExcluding2026.csv,PK,kept,ok
"DESTINATION XL GROUP, INC.",150.0,2020-03-23,WARNDatabaseMasterExcluding2026.csv,DXLG,kept,ok
MARRIOTT VACATION WORLDWIDE,84.0,2020-03-23,WARNDatabaseMasterExcluding2026.csv,VAC,kept,ok
SEALY,140.0,2020-03-23,WARNDatabaseMasterExcluding2026.csv,TPD.MU,kept,ok
"COLLECTO, INC.",94.0,2020-03-20,WARNDatabaseMasterExcluding2026.csv,CARDS38283-USD,kept,ok
COOPER STANDARD,520.0,2020-03-20,WARNDatabaseMasterExcluding2026.csv,CPS,kept,ok
GREYSTONE,87.0,2020-03-20,WARNDatabaseMasterExcluding2026.csv,GHI,kept,ok
"CE RENTAL, INC COVID19",47.0,2020-03-20,WARNDatabaseMasterExcluding2026.csv,508068.SS,kept,ok
"HUHTAMAKI, INC",102.0,2020-03-20,WARNDatabaseMasterExcluding2026.csv,HUHTAMAKI.NS,kept,ok
"COVA, INC.",89.0,2020-03-20,WARNDatabaseMasterExcluding2026.csv,CVALF,kept,ok
"THE CARLYLE, LLC DBA THE CARLYLE, A ROSEWOOD HOTEL",250.0,2020-03-20,WARNDatabaseMasterExcluding2026.csv,CG,kept,ok
"CE RENTAL, INC. - COVID19",7.0,2020-03-18,WARNDatabaseMasterExcluding2026.csv,508068.SS,kept,ok
"HSBC BANK USA, N.A.",1.0,2020-03-17,WARNDatabaseMasterExcluding2026.csv,AAETSXX,kept,ok
AECOM,10.0,2020-03-14,WARNDatabaseMasterExcluding2026.csv,ACM,kept,ok
AMENTUM,62.0,2020-03-13,WARNDatabaseMasterExcluding2026.csv,AMTM,kept,ok
AMENTUM,13.0,2020-03-13,WARNDatabaseMasterExcluding2026.csv,AMTM,kept,ok
AMENTUM,15.0,2020-03-13,WARNDatabaseMasterExcluding2026.csv,AMTM,kept,ok
SODEXO,65.0,2020-03-11,WARNDatabaseMasterExcluding2026.csv,0J3F.IL,kept,ok
NORTHROP GRUMMAN,240.0,2020-03-09,WARNDatabaseMasterExcluding2026.csv,NOC,kept,ok
WESTROCK,23.0,2020-03-09,WARNDatabaseMasterExcluding2026.csv,SW,kept,ok
DELUXE CORP,221.0,2020-03-09,WARNDatabaseMasterExcluding2026.csv,DLX,kept,ok
"ARYZTA, LLC",95.0,2020-03-06,WARNDatabaseMasterExcluding2026.csv,ARYN.SW,kept,ok
"PFIZER, INC.",2.0,2020-03-06,WARNDatabaseMasterExcluding2026.csv,PFE,kept,ok
"WALMART, INC.",226.0,2020-03-05,WARNDatabaseMasterExcluding2026.csv,WMT,kept,ok
"HSBC BANK USA , N.A.",1.0,2020-03-05,WARNDatabaseMasterExcluding2026.csv,AAETSXX,kept,ok
"HSBC BANK USA , N.A.",1.0,2020-03-05,WARNDatabaseMasterExcluding2026.csv,AAETSXX,kept,ok
MOLSON COORS BEVERAGE COMPANY,425.0,2020-03-05,WARNDatabaseMasterExcluding2026.csv,TAP,kept,ok
"EVERBRITE, LLC",116.0,2020-03-04,WARNDatabaseMasterExcluding2026.csv,4523.TWO,kept,ok
"NORTONLIFELOCK, INC.",73.0,2020-03-03,WARNDatabaseMasterExcluding2026.csv,SYM.DU,kept,ok
KIMBERLY-CLARK CORPORATION,204.0,2020-03-03,WARNDatabaseMasterExcluding2026.csv,KMB,kept,ok
"CAR SPA, INC.",57.0,2020-03-03,WARNDatabaseMasterExcluding2026.csv,WSBCC.MI,kept,ok
ENERGIZER,125.0,2020-03-02,WARNDatabaseMasterExcluding2026.csv,ENR,kept,ok
"HSBC BANK USA , N.A.",2.0,2020-03-02,WARNDatabaseMasterExcluding2026.csv,AAETSXX,kept,ok
"HSBC BANK USA, N.A.",2.0,2020-03-02,WARNDatabaseMasterExcluding2026.csv,AAETSXX,kept,ok
"HSBC BANK USA, N.A.",3.0,2020-03-02,WARNDatabaseMasterExcluding2026.csv,AAETSXX,kept,ok
"HSBC BANK USA , N.A.",2.0,2020-03-02,WARNDatabaseMasterExcluding2026.csv,AAETSXX,kept,ok
"HSBC BANK USA , N.A.",4.0,2020-03-02,WARNDatabaseMasterExcluding2026.csv,AAETSXX,kept,ok
"HSBC BANK USA , N.A.",2.0,2020-03-02,WARNDatabaseMasterExcluding2026.csv,AAETSXX,kept,ok
"HSBC BANK USA , N.A.",1.0,2020-03-02,WARNDatabaseMasterExcluding2026.csv,AAETSXX,kept,ok
"HSBC BANK USA , N.A.",1.0,2020-03-02,WARNDatabaseMasterExcluding2026.csv,AAETSXX,kept,ok
"HSBC BANK USA , N.A.",2.0,2020-03-02,WARNDatabaseMasterExcluding2026.csv,AAETSXX,kept,ok
"HSBC BANK USA , N.A.",1.0,2020-03-02,WARNDatabaseMasterExcluding2026.csv,AAETSXX,kept,ok
"HSBC BANK USA , N.A.",1.0,2020-03-02,WARNDatabaseMasterExcluding2026.csv,AAETSXX,kept,ok
"HSBC BANK USA , N.A.",2.0,2020-03-02,WARNDatabaseMasterExcluding2026.csv,AAETSXX,kept,ok
"CISCO SYSTEMS, INC.",224.0,2020-03-02,WARNDatabaseMasterExcluding2026.csv,CSCO,kept,ok
"CISCO SYSTEMS, INC.",171.0,2020-03-02,WARNDatabaseMasterExcluding2026.csv,CSCO,kept,ok
"AVANOS MEDICAL, INC.",43.0,2020-03-02,WARNDatabaseMasterExcluding2026.csv,AVNS,kept,ok
THERMO FISHER SCIENTIFIC,15.0,2020-03-01,WARNDatabaseMasterExcluding2026.csv,TMO,kept,ok
LANDIS + GYR,16.0,2020-03-01,WARNDatabaseMasterExcluding2026.csv,LANDZ.XC,kept,ok
"BED, BATH & BEYOND",58.0,2020-03-01,WARNDatabaseMasterExcluding2026.csv,BBBY,kept,ok
A-PLUS,1.0,2020-03-01,WARNDatabaseMasterExcluding2026.csv,0P0000ZSZK.L,kept,ok
MACYS,1.0,2020-03-01,WARNDatabaseMasterExcluding2026.csv,M,kept,ok
SUNOCO,1.0,2020-03-01,WARNDatabaseMasterExcluding2026.csv,SUN,kept,ok
"EMPIRE INTERNATIONAL, LTD.",273.0,2020-03-01,WARNDatabaseMasterExcluding2026.csv,ZEABNX,kept,ok
GNC,65.0,2020-03-01,WARNDatabaseMasterExcluding2026.csv,GNC.AX,kept,ok
"SODEXO, INC. - NEWBERRY COLLEGE",51.0,2020-03-01,WARNDatabaseMasterExcluding2026.csv,SW.PA,kept,ok
ENERGIZER,11.0,2020-03-01,WARNDatabaseMasterExcluding2026.csv,ENR,kept,ok
IBEX,63.0,2020-03-01,WARNDatabaseMasterExcluding2026.csv,IBEX,kept,ok
MERIT MEDICAL SYSTEMS INC.,134.0,2020-03-01,WARNDatabaseMasterExcluding2026.csv,MMSI,kept,ok
PITNEY BOWES INC,59.0,2020-03-01,WARNDatabaseMasterExcluding2026.csv,PBI,kept,ok
XPO LOGISTICS,92.0,2020-03-01,WARNDatabaseMasterExcluding2026.csv,XPO,kept,ok
"NORTONLIFELOCK, INC.",2.0,2020-02-28,WARNDatabaseMasterExcluding2026.csv,SYM.DU,kept,ok
"EXPEDIA, INC.",442.0,2020-02-27,WARNDatabaseMasterExcluding2026.csv,EXPE,kept,ok
CONCENTRIX,341.0,2020-02-27,WARNDatabaseMasterExcluding2026.csv,CNXC,kept,ok
"TOLL BROS., INC.",153.0,2020-02-26,WARNDatabaseMasterExcluding2026.csv,TOL.MX,kept,ok
L3HARRIS TECHNOLOGIES,16.0,2020-02-24,WARNDatabaseMasterExcluding2026.csv,LHX,kept,ok
BROOKDALE SENIOR LIVING INC.,58.0,2020-02-21,WARNDatabaseMasterExcluding2026.csv,BKD,kept,ok
MANPOWERGROUP,16.0,2020-02-21,WARNDatabaseMasterExcluding2026.csv,MAN,kept,ok
CBRE,47.0,2020-02-19,WARNDatabaseMasterExcluding2026.csv,CBRE,kept,ok
RELIANCE WORLDWIDE CORPORATION,71.0,2020-02-18,WARNDatabaseMasterExcluding2026.csv,RWC.AX,kept,ok
NORFOLK SOUTHERN,104.0,2020-02-18,WARNDatabaseMasterExcluding2026.csv,NSC,kept,ok
WORTHINGTON INDUSTRIES,120.0,2020-02-14,WARNDatabaseMasterExcluding2026.csv,WOR,kept,ok
"TBS, INC - PORTLAND",30.0,2020-02-14,WARNDatabaseMasterExcluding2026.csv,9401.T,kept,ok
"TBS, INC - PORTLAND",22.0,2020-02-14,WARNDatabaseMasterExcluding2026.csv,9401.T,kept,ok
NIPPON ELECTRIC GLASS,145.0,2020-02-14,WARNDatabaseMasterExcluding2026.csv,5214.T,kept,ok
WALMART,126.0,2020-02-13,WARNDatabaseMasterExcluding2026.csv,WMT,kept,ok
TRUSTMARK,2.0,2020-02-13,WARNDatabaseMasterExcluding2026.csv,TRMK,kept,ok
TRUSTMARK,4.0,2020-02-13,WARNDatabaseMasterExcluding2026.csv,TRMK,kept,ok
VAREX IMAGING,105.0,2020-02-13,WARNDatabaseMasterExcluding2026.csv,VREX,kept,ok
"PEAPOD, LLC",374.0,2020-02-12,WARNDatabaseMasterExcluding2026.csv,PEAS-USD,kept,ok
"PEAPOD, LLC",68.0,2020-02-12,WARNDatabaseMasterExcluding2026.csv,PEAS-USD,kept,ok
ARAUCO,84.0,2020-02-11,WARNDatabaseMasterExcluding2026.csv,PARAUCO.SN,kept,ok
"CWI, INC.",52.0,2020-02-11,WARNDatabaseMasterExcluding2026.csv,CWI,kept,ok
"CWI, INC.",52.0,2020-02-11,WARNDatabaseMasterExcluding2026.csv,CWI,kept,ok
"EXEL, INC. DBA DHL SUPPLY CHAIN (USA)",144.0,2020-02-10,WARNDatabaseMasterExcluding2026.csv,EXEL,kept,ok
"SODEXO, INC. (AT ZURIC AMERICAN INSURANCE CO.)",59.0,2020-02-07,WARNDatabaseMasterExcluding2026.csv,0J3F.IL,kept,ok
WAITR,2300.0,2020-02-06,WARNDatabaseMasterExcluding2026.csv,ASAPQ,kept,ok
UPS,142.0,2020-02-04,WARNDatabaseMasterExcluding2026.csv,UPS,kept,ok
SANDRIDGE ENERGY,63.0,2020-02-04,WARNDatabaseMasterExcluding2026.csv,SD,kept,ok
US BANK,62.0,2020-02-03,WARNDatabaseMasterExcluding2026.csv,DE000A3CLJ96.SG,kept,ok
COMPASS GROUP,30.0,2020-02-03,WARNDatabaseMasterExcluding2026.csv,XGR.F,kept,ok
MACY'S,831.0,2020-02-03,WARNDatabaseMasterExcluding2026.csv,M,kept,ok
KEURIG DR PEPPER INC.,73.0,2020-02-01,WARNDatabaseMasterExcluding2026.csv,KDP,kept,ok
CHEVRON,288.0,2020-02-01,WARNDatabaseMasterExcluding2026.csv,CVX,kept,ok
ENERGIZER,24.0,2020-02-01,WARNDatabaseMasterExcluding2026.csv,ENR,kept,ok
IBEX,147.0,2020-02-01,WARNDatabaseMasterExcluding2026.csv,IBEX,kept,ok
MCKESSON CORPORATION,64.0,2020-02-01,WARNDatabaseMasterExcluding2026.csv,MCK,kept,ok
TECHNIPFMC,80.0,2020-02-01,WARNDatabaseMasterExcluding2026.csv,FTI,kept,ok
FAURECIA,166.0,2020-01-31,WARNDatabaseMasterExcluding2026.csv,FAURY,kept,ok
MCDONALD'S,11.0,2020-01-31,WARNDatabaseMasterExcluding2026.csv,MCD,kept,ok
INTEL,128.0,2020-01-30,WARNDatabaseMasterExcluding2026.csv,INTC,kept,ok
NORTONLIFELOCK INC.,59.0,2020-01-30,WARNDatabaseMasterExcluding2026.csv,SYM.HM,kept,ok
MCKESSON CORPORATION,75.0,2020-01-29,WARNDatabaseMasterExcluding2026.csv,MCK,kept,ok
AECOM,10.0,2020-01-27,WARNDatabaseMasterExcluding2026.csv,ACM,kept,ok
AECOM,9.0,2020-01-27,WARNDatabaseMasterExcluding2026.csv,ACM,kept,ok
AECOM,15.0,2020-01-27,WARNDatabaseMasterExcluding2026.csv,ACM,kept,ok
TPI COMPOSITES,10.0,2020-01-23,WARNDatabaseMasterExcluding2026.csv,TPIC,kept,ok
WELLS FARGO,57.0,2020-01-23,WARNDatabaseMasterExcluding2026.csv,WFC,kept,ok
TPI COMPOSITES,10.0,2020-01-23,WARNDatabaseMasterExcluding2026.csv,TPIC,kept,ok
WELLS FARGO,57.0,2020-01-23,WARNDatabaseMasterExcluding2026.csv,WFC,kept,ok
STUBHUB,93.0,2020-01-23,WARNDatabaseMasterExcluding2026.csv,STUB,kept,ok
COMCAST,127.0,2020-01-22,WARNDatabaseMasterExcluding2026.csv,CMCSA,kept,ok
COMCAST,52.0,2020-01-21,WARNDatabaseMasterExcluding2026.csv,CMCSA,kept,ok
"8X8, INC.",63.0,2020-01-21,WARNDatabaseMasterExcluding2026.csv,EGHT,kept,ok
AECOM,62.0,2020-01-17,WARNDatabaseMasterExcluding2026.csv,ACM,kept,ok
AECOM,11.0,2020-01-17,WARNDatabaseMasterExcluding2026.csv,ACM,kept,ok
AECOM,102.0,2020-01-17,WARNDatabaseMasterExcluding2026.csv,ACM,kept,ok
COMCAST,127.0,2020-01-17,WARNDatabaseMasterExcluding2026.csv,CMCSA,kept,ok
EBAY INC.,97.0,2020-01-17,WARNDatabaseMasterExcluding2026.csv,EBAY,kept,ok
"SODEXO, INC AND AFFILIATES",150.0,2020-01-14,WARNDatabaseMasterExcluding2026.csv,0J3F.IL,kept,ok
MACY'S,80.0,2020-01-10,WARNDatabaseMasterExcluding2026.csv,M,kept,ok
"MEDTRONIC, INC.",33.0,2020-01-09,WARNDatabaseMasterExcluding2026.csv,MDT,kept,ok
MCGRAW HILL,28.0,2020-01-08,WARNDatabaseMasterExcluding2026.csv,MH,kept,ok
MACY'S,117.0,2020-01-08,WARNDatabaseMasterExcluding2026.csv,M,kept,ok
MCGRAW HILL,28.0,2020-01-08,WARNDatabaseMasterExcluding2026.csv,MH,kept,ok
ARAMARK,126.0,2020-01-07,WARNDatabaseMasterExcluding2026.csv,ARMK,kept,ok
MACY'S,105.0,2020-01-07,WARNDatabaseMasterExcluding2026.csv,M,kept,ok
MACY'S,85.0,2020-01-07,WARNDatabaseMasterExcluding2026.csv,M,kept,ok
MACY'S,111.0,2020-01-07,WARNDatabaseMasterExcluding2026.csv,M,kept,ok
MACY'S,114.0,2020-01-06,WARNDatabaseMasterExcluding2026.csv,M,kept,ok
GANNETT,186.0,2020-01-06,WARNDatabaseMasterExcluding2026.csv,US36472T1097.SG,kept,ok
MACY'S,132.0,2020-01-06,WARNDatabaseMasterExcluding2026.csv,M,kept,ok
ALLY FINANCIAL,10.0,2020-01-01,WARNDatabaseMasterExcluding2026.csv,ALLY,kept,ok
THERMO FISHER SCIENTIFIC,15.0,2020-01-01,WARNDatabaseMasterExcluding2026.csv,TMO,kept,ok
SLEEP NUMBER,25.0,2020-01-01,WARNDatabaseMasterExcluding2026.csv,SNBR,kept,ok
JOHNSON & JOHNSON,9.0,2020-01-01,WARNDatabaseMasterExcluding2026.csv,JNJ,kept,ok
NAPA,46.0,2019-12-31,WARNDatabaseMasterExcluding2026.csv,NAT.F,kept,ok
NORTONLIFELOCK INC.,19.0,2019-12-30,WARNDatabaseMasterExcluding2026.csv,SYM.HM,kept,ok
BKI,80.0,2019-12-28,WARNDatabaseMasterExcluding2026.csv,BKIH-R.BK,kept,ok
"NORTONLIFELOCK, INC.",8.0,2019-12-23,WARNDatabaseMasterExcluding2026.csv,SYM.DU,kept,ok
NORTONLIFELOCK INC.,55.0,2019-12-20,WARNDatabaseMasterExcluding2026.csv,SYM.HM,kept,ok
BOEING COMPANY,7.0,2019-12-20,WARNDatabaseMasterExcluding2026.csv,BA,kept,ok
COGNIZANT,556.0,2019-12-19,WARNDatabaseMasterExcluding2026.csv,CTSH,kept,ok
COGNIZANT,602.0,2019-12-18,WARNDatabaseMasterExcluding2026.csv,CTSH,kept,ok
MACY'S,236.0,2019-12-17,WARNDatabaseMasterExcluding2026.csv,M,kept,ok
"MEDTRONIC, INC.",20.0,2019-12-17,WARNDatabaseMasterExcluding2026.csv,MDT,kept,ok
XPO LOGISTICS,166.0,2019-12-09,WARNDatabaseMasterExcluding2026.csv,XPO,kept,ok
CONTINENTAL,6.0,2019-12-09,WARNDatabaseMasterExcluding2026.csv,CON.DE,kept,ok
AECOM,160.0,2019-12-06,WARNDatabaseMasterExcluding2026.csv,ACM,kept,ok
"ILLUMINA, INC.",19.0,2019-12-06,WARNDatabaseMasterExcluding2026.csv,ILMN,kept,ok
NORTHROP GRUMMAN,42.0,2019-12-05,WARNDatabaseMasterExcluding2026.csv,NOC,kept,ok
"VALMET, INC. (FORMERLY GL&V USA, INC.)",40.0,2019-12-04,WARNDatabaseMasterExcluding2026.csv,VALMT.HE,kept,ok
HALLIBURTON,808.0,2019-12-02,WARNDatabaseMasterExcluding2026.csv,HAL,kept,ok
CHARTER COMMUNICATIONS,120.0,2019-11-27,WARNDatabaseMasterExcluding2026.csv,CHTR,kept,ok
BENCHMARK ELECTRONICS,181.0,2019-11-27,WARNDatabaseMasterExcluding2026.csv,BHE,kept,ok
SYNAPTICS INCORPORATED,58.0,2019-11-27,WARNDatabaseMasterExcluding2026.csv,SYNA,kept,ok
ABERCROMBIE & FITCH,34.0,2019-11-27,WARNDatabaseMasterExcluding2026.csv,ANF,kept,ok
BOEING COMPANY,7.0,2019-11-27,WARNDatabaseMasterExcluding2026.csv,BA,kept,ok
"JET.COM, INC. (WALMART)",160.0,2019-11-22,WARNDatabaseMasterExcluding2026.csv,0R1W.L,kept,ok
"PARCEL, INC. (WALMART)",139.0,2019-11-22,WARNDatabaseMasterExcluding2026.csv,UPS,kept,ok
"NORTONLIFELOCK, INC.",34.0,2019-11-19,WARNDatabaseMasterExcluding2026.csv,SYM.DU,kept,ok
"WESTERN UNION, LLC",12.0,2019-11-19,WARNDatabaseMasterExcluding2026.csv,WU,kept,ok
HONEYWELL AEROSPACE,82.0,2019-11-18,WARNDatabaseMasterExcluding2026.csv,HONAV,kept,ok
TRUE VALUE,56.0,2019-11-18,WARNDatabaseMasterExcluding2026.csv,0P0000GBES.F,kept,ok
ALBERTSONS COMPANIES INC,193.0,2019-11-18,WARNDatabaseMasterExcluding2026.csv,ACI,kept,ok
TERADATA CORPORATION,80.0,2019-11-18,WARNDatabaseMasterExcluding2026.csv,TDC,kept,ok
ABB INC.,3.0,2019-11-16,WARNDatabaseMasterExcluding2026.csv,ABBV,kept,ok
HYDRO,172.0,2019-11-15,WARNDatabaseMasterExcluding2026.csv,LTH=F,kept,ok
FLEX,280.0,2019-11-14,WARNDatabaseMasterExcluding2026.csv,FLEX,kept,ok
"PARK HOLDING, INC.",47.0,2019-11-14,WARNDatabaseMasterExcluding2026.csv,5657.KL,kept,ok
REPUBLIC SERVICES,40.0,2019-11-08,WARNDatabaseMasterExcluding2026.csv,RSG,kept,ok
BOEING COMPANY,9.0,2019-11-08,WARNDatabaseMasterExcluding2026.csv,BA,kept,ok
SPX FLOW,55.0,2019-11-07,WARNDatabaseMasterExcluding2026.csv,FLOW,kept,ok
MCKESSON CORPORATION,329.0,2019-11-07,WARNDatabaseMasterExcluding2026.csv,MCK,kept,ok
NESTLE,7.0,2019-11-06,WARNDatabaseMasterExcluding2026.csv,NESN.SW,kept,ok
"ARMSTRONG FLOORING, INC.",60.0,2019-11-06,WARNDatabaseMasterExcluding2026.csv,AFIIQ,kept,ok
AMGEN INC.,426.0,2019-11-05,WARNDatabaseMasterExcluding2026.csv,AMGN,kept,ok
EATON CORPORATION,185.0,2019-11-04,WARNDatabaseMasterExcluding2026.csv,ETN,kept,ok
MCKESSON CORPORATION,72.0,2019-11-04,WARNDatabaseMasterExcluding2026.csv,MCK,kept,ok
EATON CORPORATION,185.0,2019-11-04,WARNDatabaseMasterExcluding2026.csv,ETN,kept,ok
"BEMC, LLC",131.0,2019-11-04,WARNDatabaseMasterExcluding2026.csv,BEMHY.BO,kept,ok
CHARTER COMMUNICATIONS,105.0,2019-11-04,WARNDatabaseMasterExcluding2026.csv,CHTR,kept,ok
LEIDOS,107.0,2019-11-01,WARNDatabaseMasterExcluding2026.csv,LDOS,kept,ok
ABB INC.,3.0,2019-11-01,WARNDatabaseMasterExcluding2026.csv,ABBV,kept,ok
JOHNSON & JOHNSON,6.0,2019-11-01,WARNDatabaseMasterExcluding2026.csv,JNJ,kept,ok
METLIFE,14.0,2019-10-31,WARNDatabaseMasterExcluding2026.csv,MET,kept,ok
METLIFE,14.0,2019-10-31,WARNDatabaseMasterExcluding2026.csv,MET,kept,ok
AMGEN INC.,172.0,2019-10-31,WARNDatabaseMasterExcluding2026.csv,AMGN,kept,ok
"EXTREME NETWORKS, INC.",74.0,2019-10-31,WARNDatabaseMasterExcluding2026.csv,EXTR,kept,ok
DAVITA INC.,65.0,2019-10-31,WARNDatabaseMasterExcluding2026.csv,DVA,kept,ok
CASCADES,94.0,2019-10-30,WARNDatabaseMasterExcluding2026.csv,CS6.F,kept,ok
FIRST SOLAR,78.0,2019-10-30,WARNDatabaseMasterExcluding2026.csv,FSLR,kept,ok
MOLSON COORS,300.0,2019-10-30,WARNDatabaseMasterExcluding2026.csv,TAP,kept,ok
"SODEXO, INC.",85.0,2019-10-30,WARNDatabaseMasterExcluding2026.csv,SW.PA,kept,ok
AECOM,383.0,2019-10-29,WARNDatabaseMasterExcluding2026.csv,ACM,kept,ok
"COWLEY DISTRIBUTING, INC. (CAPE GIRARDEAU, JEFFERSON CITY, MARYLAND HEIGHTS, SPRINGFIELD)",115.0,2019-10-29,WARNDatabaseMasterExcluding2026.csv,9MZ.F,kept,ok
IPIC ENTERTAINMENT INC.,126.0,2019-10-29,WARNDatabaseMasterExcluding2026.csv,IPIC,kept,ok
SMITHFIELD,39.0,2019-10-28,WARNDatabaseMasterExcluding2026.csv,SFD,kept,ok
L3HARRIS TECHNOLOGIES,34.0,2019-10-28,WARNDatabaseMasterExcluding2026.csv,LHX,kept,ok
STANLEY BLACK & DECKER,81.0,2019-10-25,WARNDatabaseMasterExcluding2026.csv,SWK,kept,ok
GLOBAL SOLAR,97.0,2019-10-24,WARNDatabaseMasterExcluding2026.csv,^SUNIDX,kept,ok
HARTE-HANKS,146.0,2019-10-23,WARNDatabaseMasterExcluding2026.csv,HHS,kept,ok
WELLS FARGO,357.0,2019-10-23,WARNDatabaseMasterExcluding2026.csv,WFC,kept,ok
PAPA JOHNS,321.0,2019-10-22,WARNDatabaseMasterExcluding2026.csv,PZZA,kept,ok
LEIDOS,92.0,2019-10-22,WARNDatabaseMasterExcluding2026.csv,LDOS,kept,ok
TRIGO,109.0,2019-10-18,WARNDatabaseMasterExcluding2026.csv,3709.TWO,kept,ok
"PRECISION INJECTION MOLDING, CO.",73.0,2019-10-18,WARNDatabaseMasterExcluding2026.csv,HG=F,kept,ok
BAE SYSTEMS,290.0,2019-10-16,WARNDatabaseMasterExcluding2026.csv,BA.L,kept,ok
"ADVANCED SYSTEM DEVELOPMENT, INC. (ASD)",54.0,2019-10-16,WARNDatabaseMasterExcluding2026.csv,0P0000SNBB.SI,kept,ok
TREASURES,2.0,2019-10-16,WARNDatabaseMasterExcluding2026.csv,8402.HK,kept,ok
LOCKHEED MARTIN CORPORATION,79.0,2019-10-16,WARNDatabaseMasterExcluding2026.csv,LMT,kept,ok
JABIL INC.,197.0,2019-10-16,WARNDatabaseMasterExcluding2026.csv,JBL,kept,ok
HALLIBURTON,78.0,2019-10-10,WARNDatabaseMasterExcluding2026.csv,HAL,kept,ok
"STRIKE KING LURE, CO.",18.0,2019-10-08,WARNDatabaseMasterExcluding2026.csv,HG=F,kept,ok
"MOTORCAR PARTS OF AMERICA, INC.",39.0,2019-10-08,WARNDatabaseMasterExcluding2026.csv,MPAA,kept,ok
WALMART,108.0,2019-10-04,WARNDatabaseMasterExcluding2026.csv,WMT,kept,ok
"BECTON, DICKINSON AND COMPANY",49.0,2019-10-04,WARNDatabaseMasterExcluding2026.csv,BDX,kept,ok
DELUXE CORPORATION,57.0,2019-10-03,WARNDatabaseMasterExcluding2026.csv,DLX,kept,ok
"WESTROCK, CP, LLC",114.0,2019-10-01,WARNDatabaseMasterExcluding2026.csv,SW,kept,ok
"TOLL BROS., INC.",71.0,2019-10-01,WARNDatabaseMasterExcluding2026.csv,TOL.MX,kept,ok
JOHNSON & JOHNSON,7.0,2019-10-01,WARNDatabaseMasterExcluding2026.csv,JNJ,kept,ok
"MERCK & CO., INC.",500.0,2019-10-01,WARNDatabaseMasterExcluding2026.csv,MRK,kept,ok
BOB'S DISCOUNT FURNITURE,13.0,2019-09-30,WARNDatabaseMasterExcluding2026.csv,BOBS,kept,ok
WALMART,,2019-09-30,WARNDatabaseMasterExcluding2026.csv,WMT,kept,ok
BOEING COMPANY,26.0,2019-09-30,WARNDatabaseMasterExcluding2026.csv,BA,kept,ok
DXC TECHNOLOGY,58.0,2019-09-27,WARNDatabaseMasterExcluding2026.csv,DXC,kept,ok
JABIL INC.,529.0,2019-09-27,WARNDatabaseMasterExcluding2026.csv,JBL,kept,ok
CENTURION,344.0,2019-09-26,WARNDatabaseMasterExcluding2026.csv,OU8.SI,kept,ok
"LEGGETT & PLATT, INCORPORATED",100.0,2019-09-24,WARNDatabaseMasterExcluding2026.csv,LEG,kept,ok
"PET PARTNERS, LLC",49.0,2019-09-20,WARNDatabaseMasterExcluding2026.csv,0P0001QGU6.CO,kept,ok
JLL,66.0,2019-09-18,WARNDatabaseMasterExcluding2026.csv,JLL,kept,ok
ABB INC.,8.0,2019-09-18,WARNDatabaseMasterExcluding2026.csv,ABBV,kept,ok
"SODEXO, INC., AND AFFILIATES (KANSAS CITY - CHILDREN'S MERCY HOSPITAL)",96.0,2019-09-18,WARNDatabaseMasterExcluding2026.csv,SWN.MX,kept,ok
"SHIPBOB, INC.",26.0,2019-09-17,WARNDatabaseMasterExcluding2026.csv,SHIBZZX,kept,ok
BEST BUY,48.0,2019-09-16,WARNDatabaseMasterExcluding2026.csv,BBY,kept,ok
BEST BUY,48.0,2019-09-16,WARNDatabaseMasterExcluding2026.csv,BBY,kept,ok
CHARTER COMMUNICATIONS,80.0,2019-09-12,WARNDatabaseMasterExcluding2026.csv,CHTR,kept,ok
"CONAGRA BRANDS, INC.",42.0,2019-09-12,WARNDatabaseMasterExcluding2026.csv,CAG,kept,ok
"GOLDMAN, SACHS & CO. LLC",2.0,2019-09-12,WARNDatabaseMasterExcluding2026.csv,GS,kept,ok
AMWAY,166.0,2019-09-11,WARNDatabaseMasterExcluding2026.csv,6351.KL,kept,ok
"UBER TECHNOLOGIES, INC.",62.0,2019-09-11,WARNDatabaseMasterExcluding2026.csv,UBER,kept,ok
"PARADISE, INC.",83.0,2019-09-09,WARNDatabaseMasterExcluding2026.csv,LIL3.F,kept,ok
DEUTSCHE BANK,104.0,2019-09-06,WARNDatabaseMasterExcluding2026.csv,DBK.DE,kept,ok
"ACT, INC.",80.0,2019-09-05,WARNDatabaseMasterExcluding2026.csv,ACT,kept,ok
"ACT, INC.",80.0,2019-09-05,WARNDatabaseMasterExcluding2026.csv,ACT,kept,ok
TE CONNECTIVITY,212.0,2019-09-05,WARNDatabaseMasterExcluding2026.csv,TEL,kept,ok
"DELL PRODUCTS LP, ENGINEERING",60.0,2019-09-04,WARNDatabaseMasterExcluding2026.csv,MEC,kept,ok
"ICU MEDICAL, INC",57.0,2019-09-04,WARNDatabaseMasterExcluding2026.csv,ICUI,kept,ok
NESTLE,57.0,2019-09-03,WARNDatabaseMasterExcluding2026.csv,NESN.SW,kept,ok
J&B GROUP,139.0,2019-09-01,WARNDatabaseMasterExcluding2026.csv,3070.T,kept,ok
CONAIR,98.0,2019-09-01,WARNDatabaseMasterExcluding2026.csv,CNGA,kept,ok
"ACLARIS THERAPEUTICS, INC.",86.0,2019-09-01,WARNDatabaseMasterExcluding2026.csv,ACRS,kept,ok
DXC TECHNOLOGY,62.0,2019-08-30,WARNDatabaseMasterExcluding2026.csv,DXC,kept,ok
TOLL BROTHERS INC,93.0,2019-08-29,WARNDatabaseMasterExcluding2026.csv,TOL,kept,ok
TOLL BROTHERS INC,117.0,2019-08-29,WARNDatabaseMasterExcluding2026.csv,TOL,kept,ok
ABB INC.,45.0,2019-08-26,WARNDatabaseMasterExcluding2026.csv,ABBV,kept,ok
DIEBOLD NIXDORF INC.,122.0,2019-08-21,WARNDatabaseMasterExcluding2026.csv,DBD,kept,ok
METLIFE,3.0,2019-08-20,WARNDatabaseMasterExcluding2026.csv,MET,kept,ok
METLIFE,3.0,2019-08-20,WARNDatabaseMasterExcluding2026.csv,MET,kept,ok
NESTLE,67.0,2019-08-16,WARNDatabaseMasterExcluding2026.csv,NESN.SW,kept,ok
NESTLE,85.0,2019-08-16,WARNDatabaseMasterExcluding2026.csv,NESN.SW,kept,ok
"EMERALD, MS, LLC",62.0,2019-08-16,WARNDatabaseMasterExcluding2026.csv,FGROX,kept,ok
ABB INC.,3.0,2019-08-15,WARNDatabaseMasterExcluding2026.csv,ABBV,kept,ok
AECOM,15.0,2019-08-15,WARNDatabaseMasterExcluding2026.csv,ACM,kept,ok
AECOM,9.0,2019-08-15,WARNDatabaseMasterExcluding2026.csv,ACM,kept,ok
AECOM,10.0,2019-08-15,WARNDatabaseMasterExcluding2026.csv,ACM,kept,ok
CONIFER,169.0,2019-08-14,WARNDatabaseMasterExcluding2026.csv,US20731J1025.SG,kept,ok
LA-Z-BOY INCORPORATED,105.0,2019-08-14,WARNDatabaseMasterExcluding2026.csv,LZB,kept,ok
LA-Z-BOY,351.0,2019-08-14,WARNDatabaseMasterExcluding2026.csv,LZB,kept,ok
"WESTERN UNION, LLC",169.0,2019-08-14,WARNDatabaseMasterExcluding2026.csv,WU,kept,ok
CENTRICA,23.0,2019-08-09,WARNDatabaseMasterExcluding2026.csv,CNA.L,kept,ok
"CISCO SYSTEMS, INC.",91.0,2019-08-09,WARNDatabaseMasterExcluding2026.csv,CSCO,kept,ok
METLIFE,1.0,2019-08-08,WARNDatabaseMasterExcluding2026.csv,MET,kept,ok
STANLEY BLACK & DECKER,20.0,2019-08-08,WARNDatabaseMasterExcluding2026.csv,SWK,kept,ok
METLIFE,1.0,2019-08-08,WARNDatabaseMasterExcluding2026.csv,MET,kept,ok
THE GEO GROUP,115.0,2019-08-08,WARNDatabaseMasterExcluding2026.csv,GEO,kept,ok
"CISCO SYSTEMS, INC.",397.0,2019-08-08,WARNDatabaseMasterExcluding2026.csv,CSCO,kept,ok
SENECA FOODS CORPORATION,300.0,2019-08-06,WARNDatabaseMasterExcluding2026.csv,SENEA,kept,ok
TTEC,24.0,2019-08-06,WARNDatabaseMasterExcluding2026.csv,TTEC,kept,ok
HONEYWELL AEROSPACE,84.0,2019-08-02,WARNDatabaseMasterExcluding2026.csv,HONAV,kept,ok
"CWD, LLC DBA CENTRIC PARTS",286.0,2019-08-02,WARNDatabaseMasterExcluding2026.csv,CWD,kept,ok
CAMBRIA,10.0,2019-08-01,WARNDatabaseMasterExcluding2026.csv,FYLD,kept,ok
BED BATH & BEYOND,80.0,2019-08-01,WARNDatabaseMasterExcluding2026.csv,BBBY,kept,ok
SOUTHWEST AIRLINES CO.,118.0,2019-08-01,WARNDatabaseMasterExcluding2026.csv,LUV,kept,ok
"NESTLE, USA",64.0,2019-08-01,WARNDatabaseMasterExcluding2026.csv,NESN.SW,kept,ok
"WESTERN UNION, LLC AND WESTERN UNION BUSINESS SOLUTIONS USA",192.0,2019-08-01,WARNDatabaseMasterExcluding2026.csv,WU,kept,ok
"DAIICHI SANKYO, INC.",68.0,2019-08-01,WARNDatabaseMasterExcluding2026.csv,DSKYF,kept,ok
"SANTANDER BANK, N.A.",66.0,2019-08-01,WARNDatabaseMasterExcluding2026.csv,BKZHF,kept,ok
AECOM,10.0,2019-07-31,WARNDatabaseMasterExcluding2026.csv,ACM,kept,ok
"WESTERN UNION, LLC",49.0,2019-07-31,WARNDatabaseMasterExcluding2026.csv,WU,kept,ok
REPUBLIC SERVICES,55.0,2019-07-31,WARNDatabaseMasterExcluding2026.csv,RSG,kept,ok
REPUBLIC SERVICES,61.0,2019-07-31,WARNDatabaseMasterExcluding2026.csv,RSG,kept,ok
HONEYWELL AEROSPACE,177.0,2019-07-31,WARNDatabaseMasterExcluding2026.csv,HONAV,kept,ok
METLIFE,73.0,2019-07-31,WARNDatabaseMasterExcluding2026.csv,MET,kept,ok
"GOLDMAN, SACHS & CO. LLC",10.0,2019-07-31,WARNDatabaseMasterExcluding2026.csv,GS,kept,ok
METLIFE,161.0,2019-07-30,WARNDatabaseMasterExcluding2026.csv,MET,kept,ok
KUEHNE & NAGEL,241.0,2019-07-30,WARNDatabaseMasterExcluding2026.csv,KNIN.SW,kept,ok
KUEHNE & NAGEL,241.0,2019-07-30,WARNDatabaseMasterExcluding2026.csv,KNIN.SW,kept,ok
METLIFE,161.0,2019-07-30,WARNDatabaseMasterExcluding2026.csv,MET,kept,ok
AECOM,63.0,2019-07-29,WARNDatabaseMasterExcluding2026.csv,ACM,kept,ok
"ADP, LLC",123.0,2019-07-29,WARNDatabaseMasterExcluding2026.csv,ADP,kept,ok
AECOM,101.0,2019-07-29,WARNDatabaseMasterExcluding2026.csv,ACM,kept,ok
AECOM,490.0,2019-07-29,WARNDatabaseMasterExcluding2026.csv,ACM,kept,ok
"MEDTRONIC, INC.",14.0,2019-07-29,WARNDatabaseMasterExcluding2026.csv,MDT,kept,ok
L3HARRIS TECHNOLOGIES,33.0,2019-07-29,WARNDatabaseMasterExcluding2026.csv,LHX,kept,ok
"THRYV, INC",111.0,2019-07-26,WARNDatabaseMasterExcluding2026.csv,THRY,kept,ok
"MERCK & CO INC., VARICELLA BULK MANUFACTURING FACILITY",150.0,2019-07-25,WARNDatabaseMasterExcluding2026.csv,MRK,kept,ok
AMCOR,35.0,2019-07-23,WARNDatabaseMasterExcluding2026.csv,AMCR,kept,ok
CENTRICA,54.0,2019-07-22,WARNDatabaseMasterExcluding2026.csv,CNA.L,kept,ok
FREIGHTCAR AMERICA,200.0,2019-07-22,WARNDatabaseMasterExcluding2026.csv,RAIL,kept,ok
WELLS FARGO,82.0,2019-07-18,WARNDatabaseMasterExcluding2026.csv,WFC,kept,ok
"ARROW ELECTRONICS, INC.",91.0,2019-07-18,WARNDatabaseMasterExcluding2026.csv,ARW,kept,ok
RADIAL,49.0,2019-07-18,WARNDatabaseMasterExcluding2026.csv,RAD.CN,kept,ok
RYDER,41.0,2019-07-17,WARNDatabaseMasterExcluding2026.csv,R,kept,ok
BLACK DIAMOND,67.0,2019-07-16,WARNDatabaseMasterExcluding2026.csv,BDTX,kept,ok
"REC SILICON, INC.",100.0,2019-07-16,WARNDatabaseMasterExcluding2026.csv,RECSI.OL,kept,ok
ARROW ELECTRONICS INC.,304.0,2019-07-16,WARNDatabaseMasterExcluding2026.csv,ARW,kept,ok
"ARROW ELECTRONICS, INC.",143.0,2019-07-16,WARNDatabaseMasterExcluding2026.csv,ARW,kept,ok
"ARROW ELECTRONICS, INC.",148.0,2019-07-16,WARNDatabaseMasterExcluding2026.csv,ARW,kept,ok
US BANK,43.0,2019-07-10,WARNDatabaseMasterExcluding2026.csv,DE000A3CLJ96.SG,kept,ok
CAPITAL ONE,67.0,2019-07-10,WARNDatabaseMasterExcluding2026.csv,COF,kept,ok
"AMNEAL PHARMACEUTICALS, LLC",18.0,2019-07-10,WARNDatabaseMasterExcluding2026.csv,AMRX,kept,ok
DEUTSCHE BANK,51.0,2019-07-08,WARNDatabaseMasterExcluding2026.csv,DBK.DE,kept,ok
"DEUTSCHE BANK SECURITIES INC., DB USA CORE CORPORATION, AND DEUTSCHE BANK AG, NEW YORK BRANCH, AND DB USA CORP. (TOGETHER, ""DEUTSCHE BANK"")",126.0,2019-07-08,WARNDatabaseMasterExcluding2026.csv,DBK.DE,kept,ok
VOYA FINANCIAL,267.0,2019-07-02,WARNDatabaseMasterExcluding2026.csv,VOYA,kept,ok
PEARSON,5.0,2019-07-01,WARNDatabaseMasterExcluding2026.csv,PSON.L,kept,ok
"KENNAMETAL, INC.",60.0,2019-07-01,WARNDatabaseMasterExcluding2026.csv,KMT,kept,ok
"SODEXO, INC. HAHNERMANN UNIVERSITY HOSPITAL FOOD & NUTRITION",106.0,2019-07-01,WARNDatabaseMasterExcluding2026.csv,SW.PA,kept,ok
PAE,17.0,2019-06-28,WARNDatabaseMasterExcluding2026.csv,PAEEM.PA,kept,ok
BGIS,43.0,2019-06-28,WARNDatabaseMasterExcluding2026.csv,BGISX,kept,ok
BGIS,32.0,2019-06-28,WARNDatabaseMasterExcluding2026.csv,BGISX,kept,ok
PAE,17.0,2019-06-28,WARNDatabaseMasterExcluding2026.csv,PAEEM.PA,kept,ok
BGIS,43.0,2019-06-28,WARNDatabaseMasterExcluding2026.csv,BGISX,kept,ok
BGIS,32.0,2019-06-28,WARNDatabaseMasterExcluding2026.csv,BGISX,kept,ok
"DHR RESTAURANT, CO. LLC, AKA RARE BAR & GRILL MURRAY HILL",106.0,2019-06-28,WARNDatabaseMasterExcluding2026.csv,AEFC,kept,ok
LENDINGCLUB CORPORATION,335.0,2019-06-28,WARNDatabaseMasterExcluding2026.csv,LC,kept,ok
CAPITAL ONE,146.0,2019-06-26,WARNDatabaseMasterExcluding2026.csv,COF,kept,ok
SYKES,197.0,2019-06-26,WARNDatabaseMasterExcluding2026.csv,ASY.L,kept,ok
CONCENTRIX CORPORATION,100.0,2019-06-26,WARNDatabaseMasterExcluding2026.csv,CNXC,kept,ok
STATE FARM,292.0,2019-06-26,WARNDatabaseMasterExcluding2026.csv,STFBX,kept,ok
OCWEN,87.0,2019-06-24,WARNDatabaseMasterExcluding2026.csv,US6757466064.SG,kept,ok
LINCOLN NATIONAL CORPORATION,83.0,2019-06-24,WARNDatabaseMasterExcluding2026.csv,LNC,kept,ok
OCWEN,87.0,2019-06-24,WARNDatabaseMasterExcluding2026.csv,US6757466064.SG,kept,ok
UNION PACIFIC,78.0,2019-06-21,WARNDatabaseMasterExcluding2026.csv,UNP,kept,ok
LEE ENTERPRISES,20.0,2019-06-17,WARNDatabaseMasterExcluding2026.csv,LEE,kept,ok
JABIL INC.,83.0,2019-06-17,WARNDatabaseMasterExcluding2026.csv,JBL,kept,ok
"GOLDMAN, SACHS & CO. LLC",16.0,2019-06-17,WARNDatabaseMasterExcluding2026.csv,GS,kept,ok
"TESLA, INC.",964.0,2019-06-17,WARNDatabaseMasterExcluding2026.csv,TSLA,kept,ok
"TESLA, INC.",84.0,2019-06-17,WARNDatabaseMasterExcluding2026.csv,TSLA,kept,ok
BANK OF AMERICA,38.0,2019-06-17,WARNDatabaseMasterExcluding2026.csv,BAC,kept,ok
INTEL CORPORATION,62.0,2019-06-14,WARNDatabaseMasterExcluding2026.csv,INTC,kept,ok
GLOBAL PAYMENTS INC.,55.0,2019-06-13,WARNDatabaseMasterExcluding2026.csv,GPN,kept,ok
WALMART,23.0,2019-06-12,WARNDatabaseMasterExcluding2026.csv,WMT,kept,ok
WALMART,109.0,2019-06-12,WARNDatabaseMasterExcluding2026.csv,WMT,kept,ok
WALMART,109.0,2019-06-12,WARNDatabaseMasterExcluding2026.csv,WMT,kept,ok
"KONTOOR BRANDS, INC. DISTRIBUTION CENTER",75.0,2019-06-12,WARNDatabaseMasterExcluding2026.csv,KTB,kept,ok
WALMART,569.0,2019-06-12,WARNDatabaseMasterExcluding2026.csv,WMT,kept,ok
ABM,98.0,2019-06-11,WARNDatabaseMasterExcluding2026.csv,ABM,kept,ok
PARALLEL,184.0,2019-06-10,WARNDatabaseMasterExcluding2026.csv,PAR8665-USD,kept,ok
LEAR CORPORATION,76.0,2019-06-10,WARNDatabaseMasterExcluding2026.csv,LEA,kept,ok
"XERO, INC.",87.0,2019-06-06,WARNDatabaseMasterExcluding2026.csv,XRX,kept,ok
WELLS FARGO,2.0,2019-06-05,WARNDatabaseMasterExcluding2026.csv,WFC,kept,ok
WALMART,60.0,2019-06-05,WARNDatabaseMasterExcluding2026.csv,WMT,kept,ok
WELLS FARGO,2.0,2019-06-05,WARNDatabaseMasterExcluding2026.csv,WFC,kept,ok
WALMART,60.0,2019-06-05,WARNDatabaseMasterExcluding2026.csv,WMT,kept,ok
"LUCKY STRIKE ENTERTAINMENT, LLC",65.0,2019-06-05,WARNDatabaseMasterExcluding2026.csv,LUCK,kept,ok
NOVANTA,16.0,2019-06-05,WARNDatabaseMasterExcluding2026.csv,NOVT,kept,ok
"KOPPERS, INC.",48.0,2019-06-04,WARNDatabaseMasterExcluding2026.csv,KOP,kept,ok
ROADRUNNER,60.0,2019-06-04,WARNDatabaseMasterExcluding2026.csv,RRTS,kept,ok
PEARSON,29.0,2019-06-03,WARNDatabaseMasterExcluding2026.csv,PSON.L,kept,ok
QORVO,142.0,2019-06-03,WARNDatabaseMasterExcluding2026.csv,QRVO,kept,ok
XPO LOGISTICS,269.0,2019-06-01,WARNDatabaseMasterExcluding2026.csv,XPO,kept,ok
THE SHERWIN-WILLIAMS COMPANY,64.0,2019-05-31,WARNDatabaseMasterExcluding2026.csv,SHW,kept,ok
TECK,210.0,2019-05-30,WARNDatabaseMasterExcluding2026.csv,TECK,kept,ok
BMO HARRIS,51.0,2019-05-30,WARNDatabaseMasterExcluding2026.csv,AAQTXXX,kept,ok
CHARTER COMMUNICATIONS,51.0,2019-05-30,WARNDatabaseMasterExcluding2026.csv,CHTR,kept,ok
LENOVO,35.0,2019-05-29,WARNDatabaseMasterExcluding2026.csv,0992.HK,kept,ok
MACY'S,134.0,2019-05-28,WARNDatabaseMasterExcluding2026.csv,M,kept,ok
"SODEXO, INC.",95.0,2019-05-28,WARNDatabaseMasterExcluding2026.csv,SW.PA,kept,ok
"CONAGRA BRANDS, INC.",100.0,2019-05-24,WARNDatabaseMasterExcluding2026.csv,CAG,kept,ok
GENERAL MOTORS,265.0,2019-05-23,WARNDatabaseMasterExcluding2026.csv,GM,kept,ok
SIEMENS,143.0,2019-05-23,WARNDatabaseMasterExcluding2026.csv,SIE.DE,kept,ok
UNION PACIFIC,195.0,2019-05-21,WARNDatabaseMasterExcluding2026.csv,UNP,kept,ok
"DBX, INC., A SUBSIDIARY OF THE DRESS BARN, INC. AND ASCENA RETAIL GROUP, INC",30.0,2019-05-21,WARNDatabaseMasterExcluding2026.csv,DBX,kept,ok
BOSTON SCIENTIFIC CORPORATION,41.0,2019-05-21,WARNDatabaseMasterExcluding2026.csv,BSX,kept,ok
"EASTERN AIRLINES, LLC",50.0,2019-05-20,WARNDatabaseMasterExcluding2026.csv,0670.HK,kept,ok
PEARSON,8.0,2019-05-17,WARNDatabaseMasterExcluding2026.csv,PSON.L,kept,ok
"GOLDMAN, SACHS & CO. LLC",81.0,2019-05-16,WARNDatabaseMasterExcluding2026.csv,GS,kept,ok
"FLEXSTEEL INDUSTRIES, INC.",87.0,2019-05-16,WARNDatabaseMasterExcluding2026.csv,FX3.F,kept,ok
CONAIR CORPORATION,108.0,2019-05-13,WARNDatabaseMasterExcluding2026.csv,CNGA,kept,ok
"UNITED AIRLINES, INC.-PASSANGER REVENUE ACCOUNTING",100.0,2019-05-13,WARNDatabaseMasterExcluding2026.csv,UAL,kept,ok
GE,245.0,2019-05-13,WARNDatabaseMasterExcluding2026.csv,GE,kept,ok
CASEY'S GENERAL STORE,6.0,2019-05-12,WARNDatabaseMasterExcluding2026.csv,CASY,kept,ok
RYDER,142.0,2019-05-06,WARNDatabaseMasterExcluding2026.csv,R,kept,ok
LEIDOS,59.0,2019-05-03,WARNDatabaseMasterExcluding2026.csv,LDOS,kept,ok
AMWAY,115.0,2019-05-03,WARNDatabaseMasterExcluding2026.csv,6351.KL,kept,ok
"ANKI, INC.",170.0,2019-05-03,WARNDatabaseMasterExcluding2026.csv,ANKITMETAL.NS,kept,ok
"ALLIANCE DATA SYSTEMS, INC.",150.0,2019-05-01,WARNDatabaseMasterExcluding2026.csv,LID.SG,kept,ok
CORELOGIC,185.0,2019-05-01,WARNDatabaseMasterExcluding2026.csv,^SPCS20R,kept,ok
RYDER,44.0,2019-05-01,WARNDatabaseMasterExcluding2026.csv,R,kept,ok
JOHNSON & JOHNSON,2.0,2019-05-01,WARNDatabaseMasterExcluding2026.csv,JNJ,kept,ok
ADVANSIX INC.,83.0,2019-05-01,WARNDatabaseMasterExcluding2026.csv,ASIX,kept,ok
"ABB, INC.",15.0,2019-04-30,WARNDatabaseMasterExcluding2026.csv,ABBV,kept,ok
INGERSOLL RAND,228.0,2019-04-30,WARNDatabaseMasterExcluding2026.csv,IR,kept,ok
FERRO CORPORATION,37.0,2019-04-30,WARNDatabaseMasterExcluding2026.csv,6890.T,kept,ok
INCOMM,125.0,2019-04-29,WARNDatabaseMasterExcluding2026.csv,^116402-INR-NETR,kept,ok
CACI,143.0,2019-04-29,WARNDatabaseMasterExcluding2026.csv,CACI,kept,ok
KIMBERLY-CLARK CORPORATION,30.0,2019-04-29,WARNDatabaseMasterExcluding2026.csv,KMB,kept,ok
"MEDTRONIC, INC.",55.0,2019-04-26,WARNDatabaseMasterExcluding2026.csv,MDT,kept,ok
WESTROCK,83.0,2019-04-23,WARNDatabaseMasterExcluding2026.csv,SW,kept,ok
NOODLES & COMPANY,16.0,2019-04-23,WARNDatabaseMasterExcluding2026.csv,NDLS,kept,ok
"T. ROWE PRICE GROUP, INC.",169.0,2019-04-23,WARNDatabaseMasterExcluding2026.csv,TROW,kept,ok
RESORT CASINO,200.0,2019-04-22,WARNDatabaseMasterExcluding2026.csv,OHTR,kept,ok
SSDI,9.0,2019-04-21,WARNDatabaseMasterExcluding2026.csv,SSDIX,kept,ok
SP PLUS,164.0,2019-04-19,WARNDatabaseMasterExcluding2026.csv,0P00009OTG.SW,kept,ok
"WESTIN SHERATON VACATION SERVICES, INC. AND",62.0,2019-04-18,WARNDatabaseMasterExcluding2026.csv,0P0000Z32L.SI,kept,ok
AECOM,30.0,2019-04-17,WARNDatabaseMasterExcluding2026.csv,ACM,kept,ok
LAIRD,2.0,2019-04-12,WARNDatabaseMasterExcluding2026.csv,LSF,kept,ok
"SODEXO, INC. (AT WESTCHESTER MEDICAL CENTER)",263.0,2019-04-12,WARNDatabaseMasterExcluding2026.csv,SJ7.SG,kept,ok
CONAIR CORPORATION,57.0,2019-04-12,WARNDatabaseMasterExcluding2026.csv,CNGA,kept,ok
CONAIR CORPORATION,31.0,2019-04-12,WARNDatabaseMasterExcluding2026.csv,CNGA,kept,ok
INMAR,265.0,2019-04-11,WARNDatabaseMasterExcluding2026.csv,9521.SR,kept,ok
"GOLDMAN, SACHS & CO. LLC",98.0,2019-04-11,WARNDatabaseMasterExcluding2026.csv,GS,kept,ok
"WOODWARD, INC.",209.0,2019-04-11,WARNDatabaseMasterExcluding2026.csv,WWD,kept,ok
GENERAL ELECTRIC COMPANY,172.0,2019-04-10,WARNDatabaseMasterExcluding2026.csv,GE,kept,ok
"CDA, INC.",9.0,2019-04-09,WARNDatabaseMasterExcluding2026.csv,FXM.TO,kept,ok
"CDA, INC.",69.0,2019-04-09,WARNDatabaseMasterExcluding2026.csv,FXM.TO,kept,ok
"CDA, INC.",70.0,2019-04-09,WARNDatabaseMasterExcluding2026.csv,FXM.TO,kept,ok
"MOLINA HEALTHCARE, INC.",75.0,2019-04-09,WARNDatabaseMasterExcluding2026.csv,MOH,kept,ok
HONEYWELL,48.0,2019-04-09,WARNDatabaseMasterExcluding2026.csv,HON,kept,ok
"THE COLLEGE OF NEW ROCHELLE - DC-37 CAMPUS, MANHATTAN",,2019-04-08,WARNDatabaseMasterExcluding2026.csv,MANH,kept,ok
CONCENTRIX CORPORATION,785.0,2019-04-05,WARNDatabaseMasterExcluding2026.csv,CNXC,kept,ok
"LOWE'S COMPANIES, INC.",207.0,2019-04-04,WARNDatabaseMasterExcluding2026.csv,LOW,kept,ok
"LOWE'S COMPANIES, INC.",12.0,2019-04-04,WARNDatabaseMasterExcluding2026.csv,LOW,kept,ok
JABIL INC.,150.0,2019-04-04,WARNDatabaseMasterExcluding2026.csv,JBL,kept,ok
MCKESSON,67.0,2019-04-03,WARNDatabaseMasterExcluding2026.csv,MCK,kept,ok
WALMART,83.0,2019-04-03,WARNDatabaseMasterExcluding2026.csv,WMT,kept,ok
SAVERS,60.0,2019-04-03,WARNDatabaseMasterExcluding2026.csv,SVV,kept,ok
PAE,472.0,2019-04-02,WARNDatabaseMasterExcluding2026.csv,PAEEM.PA,kept,ok
CORE-MARK,18.0,2019-04-02,WARNDatabaseMasterExcluding2026.csv,SAMKX,kept,ok
WALMART INC.,143.0,2019-04-01,WARNDatabaseMasterExcluding2026.csv,WMT,kept,ok
"SODEXO, INC. (AT MOHAWK VALLEY COMMUNITY COLLEGE)",49.0,2019-04-01,WARNDatabaseMasterExcluding2026.csv,0J3F.IL,kept,ok
WALMART,,2019-03-29,WARNDatabaseMasterExcluding2026.csv,WMT,kept,ok
SEARS,42.0,2019-03-29,WARNDatabaseMasterExcluding2026.csv,SRSCQ,kept,ok
"SODEXO, INC. (AT ITHACA COLLEGE)",110.0,2019-03-29,WARNDatabaseMasterExcluding2026.csv,SJ7.SG,kept,ok
"BANC OF CALIFORNIA, N.A.",28.0,2019-03-29,WARNDatabaseMasterExcluding2026.csv,BANC,kept,ok
"BANC OF CALIFORNIA, N.A.",2.0,2019-03-29,WARNDatabaseMasterExcluding2026.csv,BANC,kept,ok
RAYTHEON,176.0,2019-03-28,WARNDatabaseMasterExcluding2026.csv,^RTX,kept,ok
"PAYPAL, INC.",180.0,2019-03-28,WARNDatabaseMasterExcluding2026.csv,PYPL,kept,ok
"PAYPAL, INC.",200.0,2019-03-28,WARNDatabaseMasterExcluding2026.csv,PYPL,kept,ok
INTEL CORPORATION,108.0,2019-03-28,WARNDatabaseMasterExcluding2026.csv,INTC,kept,ok
INTEL CORPORATION,65.0,2019-03-28,WARNDatabaseMasterExcluding2026.csv,INTC,kept,ok
"BODY BEAUTIFUL CAR WASH, LNC.",47.0,2019-03-28,WARNDatabaseMasterExcluding2026.csv,4587.TWO,kept,ok
DENTSPLY SIRONA,49.0,2019-03-27,WARNDatabaseMasterExcluding2026.csv,XRAY,kept,ok
KROGER,91.0,2019-03-27,WARNDatabaseMasterExcluding2026.csv,KR,kept,ok
RADIAL,142.0,2019-03-26,WARNDatabaseMasterExcluding2026.csv,RAD.CN,kept,ok
"MEDTRONIC, INC.",136.0,2019-03-26,WARNDatabaseMasterExcluding2026.csv,MDT,kept,ok
WALMART,80.0,2019-03-25,WARNDatabaseMasterExcluding2026.csv,WMT,kept,ok
FERRO CORPORATION,71.0,2019-03-25,WARNDatabaseMasterExcluding2026.csv,6890.T,kept,ok
WESTROCK,61.0,2019-03-25,WARNDatabaseMasterExcluding2026.csv,SW,kept,ok
WESTROCK,61.0,2019-03-25,WARNDatabaseMasterExcluding2026.csv,SW,kept,ok
"LOWE'S COMPANIES, INC",80.0,2019-03-25,WARNDatabaseMasterExcluding2026.csv,LOW,kept,ok
PAYPAL,150.0,2019-03-22,WARNDatabaseMasterExcluding2026.csv,PYPL,kept,ok
PAYPAL,23.0,2019-03-22,WARNDatabaseMasterExcluding2026.csv,PYPL,kept,ok
WALMART,72.0,2019-03-20,WARNDatabaseMasterExcluding2026.csv,WMT,kept,ok
CASTECH,4.0,2019-03-20,WARNDatabaseMasterExcluding2026.csv,002222.SZ,kept,ok
"CHARLES RIVER LABORATORIES, INC.",24.0,2019-03-20,WARNDatabaseMasterExcluding2026.csv,CRL,kept,ok
PAYPAL,10.0,2019-03-18,WARNDatabaseMasterExcluding2026.csv,PYPL,kept,ok
"PEPSICO, INC. (KANSAS CITY)",57.0,2019-03-15,WARNDatabaseMasterExcluding2026.csv,PEP,kept,ok
PAE,19.0,2019-03-14,WARNDatabaseMasterExcluding2026.csv,PAEEM.PA,kept,ok
PAE,19.0,2019-03-14,WARNDatabaseMasterExcluding2026.csv,PAEEM.PA,kept,ok
SAP,179.0,2019-03-13,WARNDatabaseMasterExcluding2026.csv,SAP,kept,ok
SAP,173.0,2019-03-13,WARNDatabaseMasterExcluding2026.csv,SAP,kept,ok
SAP,94.0,2019-03-13,WARNDatabaseMasterExcluding2026.csv,SAP,kept,ok
SEARS,,2019-03-10,WARNDatabaseMasterExcluding2026.csv,SRSCQ,kept,ok
"MOLINA HEALTHCARE, INC.",86.0,2019-03-08,WARNDatabaseMasterExcluding2026.csv,MOH,kept,ok
TESLA,19.0,2019-03-06,WARNDatabaseMasterExcluding2026.csv,TSLA,kept,ok
BROOKS,67.0,2019-03-05,WARNDatabaseMasterExcluding2026.csv,BRK.AX,kept,ok
"DEXCOM, INC.",228.0,2019-03-05,WARNDatabaseMasterExcluding2026.csv,DXCM,kept,ok
CORELOGIC,70.0,2019-03-05,WARNDatabaseMasterExcluding2026.csv,^SPCS20R,kept,ok
TENET HEALTHCARE CORP.,1.0,2019-03-04,WARNDatabaseMasterExcluding2026.csv,THC,kept,ok
CVS HEALTH CORPORATION,250.0,2019-03-04,WARNDatabaseMasterExcluding2026.csv,CVS,kept,ok
"GENERAL MOTORS, LLC",296.0,2019-03-04,WARNDatabaseMasterExcluding2026.csv,GM,kept,ok
"GENERAL MOTORS, LLC",101.0,2019-03-04,WARNDatabaseMasterExcluding2026.csv,GM,kept,ok
TARGET CORPORATION,113.0,2019-03-01,WARNDatabaseMasterExcluding2026.csv,TGT,kept,ok
ASSURANT,12.0,2019-03-01,WARNDatabaseMasterExcluding2026.csv,AIZ,kept,ok
CLOVER HEALTH,64.0,2019-03-01,WARNDatabaseMasterExcluding2026.csv,CLOV,kept,ok
CAPITAL ONE FINANCIAL,4.0,2019-03-01,WARNDatabaseMasterExcluding2026.csv,COF,kept,ok
"NATERA, INC.",92.0,2019-03-01,WARNDatabaseMasterExcluding2026.csv,NTRA,kept,ok
"MAPLEBEAR INC., DBA INSTACART",56.0,2019-03-01,WARNDatabaseMasterExcluding2026.csv,CART,kept,ok
OCWEN,,2019-03-01,WARNDatabaseMasterExcluding2026.csv,US6757466064.SG,kept,ok
"TESLA, INC.",141.0,2019-03-01,WARNDatabaseMasterExcluding2026.csv,TSLA,kept,ok
"GOGO, INC.",3.0,2019-03-01,WARNDatabaseMasterExcluding2026.csv,GOGO,kept,ok
SEARS,27.0,2019-02-28,WARNDatabaseMasterExcluding2026.csv,SRSCQ,kept,ok
CROCS,183.0,2019-02-28,WARNDatabaseMasterExcluding2026.csv,CROX,kept,ok
LOWES,175.0,2019-02-27,WARNDatabaseMasterExcluding2026.csv,LOW,kept,ok
WALMART,94.0,2019-02-27,WARNDatabaseMasterExcluding2026.csv,WMT,kept,ok
WALMART,72.0,2019-02-27,WARNDatabaseMasterExcluding2026.csv,WMT,kept,ok
"GOLDMAN, SACHS & CO. LLC",65.0,2019-02-27,WARNDatabaseMasterExcluding2026.csv,GS,kept,ok
"MUFG UNION BANK, N.A.",61.0,2019-02-27,WARNDatabaseMasterExcluding2026.csv,ZION,kept,ok
DEXCOM,160.0,2019-02-26,WARNDatabaseMasterExcluding2026.csv,DXCM,kept,ok
TARGET,136.0,2019-02-26,WARNDatabaseMasterExcluding2026.csv,TGT,kept,ok
"ABB, INC.",31.0,2019-02-26,WARNDatabaseMasterExcluding2026.csv,ABBV,kept,ok
UNDER ARMOUR,50.0,2019-02-25,WARNDatabaseMasterExcluding2026.csv,UA,kept,ok
BOEING COMPANY,17.0,2019-02-22,WARNDatabaseMasterExcluding2026.csv,BA,kept,ok
WELLS FARGO,187.0,2019-02-21,WARNDatabaseMasterExcluding2026.csv,WFC,kept,ok
WELLS FARGO,187.0,2019-02-21,WARNDatabaseMasterExcluding2026.csv,WFC,kept,ok
CONCENTRIX CORPORATION,173.0,2019-02-20,WARNDatabaseMasterExcluding2026.csv,CNXC,kept,ok
"UNDER ARMOUR, INC.",111.0,2019-02-20,WARNDatabaseMasterExcluding2026.csv,UA,kept,ok
APPLE INC.,190.0,2019-02-19,WARNDatabaseMasterExcluding2026.csv,AAPL,kept,ok
NATIONWIDE,191.0,2019-02-13,WARNDatabaseMasterExcluding2026.csv,MUIFX,kept,ok
DILLARD'S,123.0,2019-02-13,WARNDatabaseMasterExcluding2026.csv,DDS,kept,ok
NATIONWIDE,191.0,2019-02-13,WARNDatabaseMasterExcluding2026.csv,MUIFX,kept,ok
EBAY INC.,118.0,2019-02-13,WARNDatabaseMasterExcluding2026.csv,EBAY,kept,ok
EBAY INC.,15.0,2019-02-13,WARNDatabaseMasterExcluding2026.csv,EBAY,kept,ok
EBAY INC.,1.0,2019-02-13,WARNDatabaseMasterExcluding2026.csv,EBAY,kept,ok
AECOM,96.0,2019-02-07,WARNDatabaseMasterExcluding2026.csv,ACM,kept,ok
AECOM,137.0,2019-02-07,WARNDatabaseMasterExcluding2026.csv,ACM,kept,ok
AECOM,4.0,2019-02-07,WARNDatabaseMasterExcluding2026.csv,ACM,kept,ok
"MOLINA HEALTHCARE, INC.",169.0,2019-02-07,WARNDatabaseMasterExcluding2026.csv,MOH,kept,ok
DECKERS OUTDOOR CORPORATION,99.0,2019-02-06,WARNDatabaseMasterExcluding2026.csv,DECK,kept,ok
"GENERAL MOTORS, LLC",11.0,2019-02-05,WARNDatabaseMasterExcluding2026.csv,GM,kept,ok
US BANK,40.0,2019-02-05,WARNDatabaseMasterExcluding2026.csv,DE000A3CLJ96.SG,kept,ok
"CONAGRA BRANDS, INC.",100.0,2019-02-05,WARNDatabaseMasterExcluding2026.csv,CAG,kept,ok
BANK OF AMERICA,124.0,2019-02-05,WARNDatabaseMasterExcluding2026.csv,BAC,kept,ok
WINNEBAGO IND,45.0,2019-02-04,WARNDatabaseMasterExcluding2026.csv,WGO,kept,ok
WINNEBAGO IND,49.0,2019-02-04,WARNDatabaseMasterExcluding2026.csv,WGO,kept,ok
WINNEBAGO IND,22.0,2019-02-04,WARNDatabaseMasterExcluding2026.csv,WGO,kept,ok
WINNEBAGO IND,22.0,2019-02-04,WARNDatabaseMasterExcluding2026.csv,WGO,kept,ok
"ADVANTAGE LOGISTICS USA WEST LLC - FOUNTAIN, CO",475.0,2019-02-02,WARNDatabaseMasterExcluding2026.csv,HG=F,kept,ok
"ADVANTAGE LOGISTICS USA WEST LLC - AURORA, CO",272.0,2019-02-02,WARNDatabaseMasterExcluding2026.csv,HG=F,kept,ok
JELD WEN,179.0,2019-02-01,WARNDatabaseMasterExcluding2026.csv,0JW.F,kept,ok
JOHNSON & JOHNSON,2.0,2019-02-01,WARNDatabaseMasterExcluding2026.csv,JNJ,kept,ok
UNION PACIFIC,68.0,2019-01-30,WARNDatabaseMasterExcluding2026.csv,UNP,kept,ok
TESLA,163.0,2019-01-30,WARNDatabaseMasterExcluding2026.csv,TSLA,kept,ok
TESLA,124.0,2019-01-30,WARNDatabaseMasterExcluding2026.csv,TSLA,kept,ok
"BUZZFEED, INC.",76.0,2019-01-30,WARNDatabaseMasterExcluding2026.csv,BZFDW,kept,ok
"BUZZFEED, INC.",3.0,2019-01-30,WARNDatabaseMasterExcluding2026.csv,BZFDW,kept,ok
TESLA,58.0,2019-01-29,WARNDatabaseMasterExcluding2026.csv,TSLA,kept,ok
BOEING COMPANY,6.0,2019-01-29,WARNDatabaseMasterExcluding2026.csv,BA,kept,ok
WELLS FARGO,56.0,2019-01-29,WARNDatabaseMasterExcluding2026.csv,WFC,kept,ok
TELEPERFORMANCE,334.0,2019-01-28,WARNDatabaseMasterExcluding2026.csv,TEP.PA,kept,ok
GAP,,2019-01-28,WARNDatabaseMasterExcluding2026.csv,GAP,kept,ok
MACY'S,86.0,2019-01-28,WARNDatabaseMasterExcluding2026.csv,M,kept,ok
US BANK,1.0,2019-01-25,WARNDatabaseMasterExcluding2026.csv,DE000A3CLJ96.SG,kept,ok
US BANK,,2019-01-25,WARNDatabaseMasterExcluding2026.csv,DE000A3CLJ96.SG,kept,ok
BANK OF AMERICA,74.0,2019-01-23,WARNDatabaseMasterExcluding2026.csv,BAC,kept,ok
"SODEXO, INC.",149.0,2019-01-22,WARNDatabaseMasterExcluding2026.csv,SW.PA,kept,ok
SODEXO,59.0,2019-01-22,WARNDatabaseMasterExcluding2026.csv,0J3F.IL,kept,ok
SODEXO,49.0,2019-01-18,WARNDatabaseMasterExcluding2026.csv,0J3F.IL,kept,ok
"BECTON, DICKINSON AND COMPANY",2.0,2019-01-18,WARNDatabaseMasterExcluding2026.csv,BDX,kept,ok
"SODEXO, INC.-AA ADMIRALS CLUB",98.0,2019-01-18,WARNDatabaseMasterExcluding2026.csv,SJ7.DU,kept,ok
MACY'S,43.0,2019-01-18,WARNDatabaseMasterExcluding2026.csv,M,kept,ok
"SODEXO, INC.",69.0,2019-01-18,WARNDatabaseMasterExcluding2026.csv,SW.PA,kept,ok
MACY'S,92.0,2019-01-18,WARNDatabaseMasterExcluding2026.csv,M,kept,ok
WELLS FARGO,8.0,2019-01-17,WARNDatabaseMasterExcluding2026.csv,WFC,kept,ok
WELLS FARGO,8.0,2019-01-17,WARNDatabaseMasterExcluding2026.csv,WFC,kept,ok
WELLS FARGO,198.0,2019-01-17,WARNDatabaseMasterExcluding2026.csv,WFC,kept,ok
INVITATION HOMES,51.0,2019-01-16,WARNDatabaseMasterExcluding2026.csv,INVH,kept,ok
WELLS FARGO,111.0,2019-01-15,WARNDatabaseMasterExcluding2026.csv,WFC,kept,ok
LEE BRAND,93.0,2019-01-14,WARNDatabaseMasterExcluding2026.csv,H3G.F,kept,ok
"HDW, INC.",20.0,2019-01-14,WARNDatabaseMasterExcluding2026.csv,ZADMRX,kept,ok
"SPACE EXPLORATION TECHNOLOGIES, CORP.",577.0,2019-01-14,WARNDatabaseMasterExcluding2026.csv,SPCX,kept,ok
BEST BUY,74.0,2019-01-14,WARNDatabaseMasterExcluding2026.csv,BBY,kept,ok
"BLACKROCK, INC.",79.0,2019-01-11,WARNDatabaseMasterExcluding2026.csv,BLK,kept,ok
KIMBERLY-CLARK CORP.,74.0,2019-01-10,WARNDatabaseMasterExcluding2026.csv,KMB,kept,ok
"PFIZER, INC.",6.0,2019-01-09,WARNDatabaseMasterExcluding2026.csv,PFE,kept,ok
ASTRAZENECA,210.0,2019-01-08,WARNDatabaseMasterExcluding2026.csv,AZN,kept,ok
ASTRAZENECA,210.0,2019-01-08,WARNDatabaseMasterExcluding2026.csv,AZN,kept,ok
R1,27.0,2019-01-08,WARNDatabaseMasterExcluding2026.csv,R1T=F,kept,ok
"SEARS, ROEBUCK AND CO. STORE",41.0,2019-01-04,WARNDatabaseMasterExcluding2026.csv,SRSCQ,kept,ok
CAPITAL ONE FINANCIAL,45.0,2019-01-04,WARNDatabaseMasterExcluding2026.csv,COF,kept,ok
QUAD GRAPHICS,6.0,2019-01-04,WARNDatabaseMasterExcluding2026.csv,QUAD,kept,ok
AQUA PRODUCTS,79.0,2019-01-01,WARNDatabaseMasterExcluding2026.csv,300094.SZ,kept,ok
CAPITAL HEALTH,103.0,2019-01-01,WARNDatabaseMasterExcluding2026.csv,0P0001IUU0,kept,ok
FERRO CORPORATION,206.0,2019-01-01,WARNDatabaseMasterExcluding2026.csv,6890.T,kept,ok
"SEARS HOLDINGS, DBA INNOVEL SOLUTIONS, INC.",121.0,2019-01-01,WARNDatabaseMasterExcluding2026.csv,SHLD,kept,ok
"SODEXO, INC. (AA ADMIRALS CLUB)",59.0,2019-01-01,WARNDatabaseMasterExcluding2026.csv,SWN.MX,kept,ok
AFCO,395.0,2018-12-31,WARNDatabaseMasterExcluding2026.csv,AFCONS.BO,kept,ok
BOEING COMPANY,1.0,2018-12-27,WARNDatabaseMasterExcluding2026.csv,BA,kept,ok
"SEARS, ROEBUCK AND CO. FULL LINE STORE (UNIT 01894 ROCHESTER)",70.0,2018-12-27,WARNDatabaseMasterExcluding2026.csv,SRSCQ,kept,ok
ABERCROMBIE & FITCH,17.0,2018-12-17,WARNDatabaseMasterExcluding2026.csv,ANF,kept,ok
"LEGGETT & PLATT, INC.",146.0,2018-12-13,WARNDatabaseMasterExcluding2026.csv,LEG,kept,ok
LEGGETT & PLATT INC.,158.0,2018-12-13,WARNDatabaseMasterExcluding2026.csv,LEG,kept,ok
HONEYWELL AEROSPACE,70.0,2018-12-12,WARNDatabaseMasterExcluding2026.csv,HONAV,kept,ok
CAPITAL ONE FINANCIAL,155.0,2018-12-07,WARNDatabaseMasterExcluding2026.csv,COF,kept,ok
THOMSON REUTERS,58.0,2018-12-06,WARNDatabaseMasterExcluding2026.csv,TRI,kept,ok
"COHU, INC. AND EVERETT CHARLES TECHNOLOGIES,",80.0,2018-12-06,WARNDatabaseMasterExcluding2026.csv,COHU,kept,ok
THOMSON REUTERS,10.0,2018-12-04,WARNDatabaseMasterExcluding2026.csv,TRI,kept,ok
THOMSON REUTERS,1.0,2018-12-04,WARNDatabaseMasterExcluding2026.csv,TRI,kept,ok
THOMSON REUTERS,49.0,2018-12-04,WARNDatabaseMasterExcluding2026.csv,TRI,kept,ok
THOMSON REUTERS,35.0,2018-12-04,WARNDatabaseMasterExcluding2026.csv,TRI,kept,ok
THOMSON REUTERS,3.0,2018-12-04,WARNDatabaseMasterExcluding2026.csv,TRI,kept,ok
PROVIDENCE,26.0,2018-12-03,WARNDatabaseMasterExcluding2026.csv,0P0001HPJA.L,kept,ok
"PFIZER, INC.",3.0,2018-12-03,WARNDatabaseMasterExcluding2026.csv,PFE,kept,ok
"CONAGRA BRANDS, INC.",196.0,2018-12-01,WARNDatabaseMasterExcluding2026.csv,CAG,kept,ok
"CONAGRA BRANDS, INC.",308.0,2018-12-01,WARNDatabaseMasterExcluding2026.csv,CAG,kept,ok
VALMONT INDUSTRIES,180.0,2018-12-01,WARNDatabaseMasterExcluding2026.csv,VMI,kept,ok
WELLS FARGO,16.0,2018-11-30,WARNDatabaseMasterExcluding2026.csv,WFC,kept,ok
WELLS FARGO,16.0,2018-11-30,WARNDatabaseMasterExcluding2026.csv,WFC,kept,ok
CRACKER BARREL OLD COUNTRY STORE,135.0,2018-11-30,WARNDatabaseMasterExcluding2026.csv,CBRL,kept,ok
"KINDER MORGAN, INC.",76.0,2018-11-30,WARNDatabaseMasterExcluding2026.csv,KMI,kept,ok
BOEING COMPANY,10.0,2018-11-30,WARNDatabaseMasterExcluding2026.csv,BA,kept,ok
GE HEALTHCARE,76.0,2018-11-27,WARNDatabaseMasterExcluding2026.csv,GEHC,kept,ok
WELLS FARGO & COMPANY,8.0,2018-11-19,WARNDatabaseMasterExcluding2026.csv,WFC,kept,ok
QUAD GRAPHICS,30.0,2018-11-16,WARNDatabaseMasterExcluding2026.csv,QUAD,kept,ok
WELLS FARGO,418.0,2018-11-15,WARNDatabaseMasterExcluding2026.csv,WFC,kept,ok
WELLS FARGO,418.0,2018-11-15,WARNDatabaseMasterExcluding2026.csv,WFC,kept,ok
"SEARS, ROEBUCK AND CO.",66.0,2018-11-15,WARNDatabaseMasterExcluding2026.csv,SRSCQ,kept,ok
"SEARS, ROEBUCK AND CO.",6.0,2018-11-15,WARNDatabaseMasterExcluding2026.csv,SRSCQ,kept,ok
"EQUIFAX, INC.",52.0,2018-11-14,WARNDatabaseMasterExcluding2026.csv,EFX,kept,ok
"EQUIFAX, INC.",52.0,2018-11-14,WARNDatabaseMasterExcluding2026.csv,EFX,kept,ok
BRISTOL-MYERS SQUIBB,69.0,2018-11-14,WARNDatabaseMasterExcluding2026.csv,BMY,kept,ok
EQUIFAX INC.,33.0,2018-11-14,WARNDatabaseMasterExcluding2026.csv,EFX,kept,ok
ULTA BEAUTY,196.0,2018-11-13,WARNDatabaseMasterExcluding2026.csv,ULTA,kept,ok
BANK OF THE WEST,50.0,2018-11-13,WARNDatabaseMasterExcluding2026.csv,AATKRXX,kept,ok
ALTICE,147.0,2018-11-09,WARNDatabaseMasterExcluding2026.csv,15PA.DU,kept,ok
PFIZER INC.,100.0,2018-11-09,WARNDatabaseMasterExcluding2026.csv,PFE,kept,ok
"UNIVERSAL ELECTRONICS, INC.",38.0,2018-11-09,WARNDatabaseMasterExcluding2026.csv,UEIC,kept,ok
"SEARS, ROEBUCK AND CO. FULL LINE STORE (#02173)",23.0,2018-11-08,WARNDatabaseMasterExcluding2026.csv,SRSCQ,kept,ok
"SEARS, ROEBUCK AND CO. AUTO CENTER STORE (#06266)",10.0,2018-11-08,WARNDatabaseMasterExcluding2026.csv,SRSCQ,kept,ok
BROADCOM INC.,119.0,2018-11-08,WARNDatabaseMasterExcluding2026.csv,AVGO,kept,ok
BROADCOM,64.0,2018-11-07,WARNDatabaseMasterExcluding2026.csv,AVGO,kept,ok
"PYXUS INTERNATIONAL, INC. (F/K/A ALLIANCE ONE INTERNTERNATIONAL, INC.)",565.0,2018-11-07,WARNDatabaseMasterExcluding2026.csv,PYYX,kept,ok
"RH US, LLC",81.0,2018-11-07,WARNDatabaseMasterExcluding2026.csv,0P00015YI0,kept,ok
"CISCO SYSTEMS, INC.",405.0,2018-11-06,WARNDatabaseMasterExcluding2026.csv,CSCO,kept,ok
"DGA, INC. DBA PRO-FORM LABORATORIES",188.0,2018-11-06,WARNDatabaseMasterExcluding2026.csv,HF,kept,ok
"CISCO SYSTEMS, INC.",57.0,2018-11-06,WARNDatabaseMasterExcluding2026.csv,CSCO,kept,ok
INTERNATIONAL PAPER COMPANY,36.0,2018-11-06,WARNDatabaseMasterExcluding2026.csv,IP,kept,ok
TARGET CORPORATION,173.0,2018-11-05,WARNDatabaseMasterExcluding2026.csv,TGT,kept,ok
CITIZENS BANK,55.0,2018-11-05,WARNDatabaseMasterExcluding2026.csv,FC6A.SG,kept,ok
"LOWES COMPANIES, INC.",248.0,2018-11-05,WARNDatabaseMasterExcluding2026.csv,LOW,kept,ok
"LOWES COMPANIES, INC.",139.0,2018-11-05,WARNDatabaseMasterExcluding2026.csv,LOW,kept,ok
"LOWES COMPANIES, INC.",119.0,2018-11-05,WARNDatabaseMasterExcluding2026.csv,LOW,kept,ok
IHG,626.0,2018-11-02,WARNDatabaseMasterExcluding2026.csv,IHG,kept,ok
SAVERS,94.0,2018-11-02,WARNDatabaseMasterExcluding2026.csv,SVV,kept,ok
"POLYCOM, INC.",20.0,2018-11-02,WARNDatabaseMasterExcluding2026.csv,301526.SZ,kept,ok
THOMSON REUTERS,140.0,2018-11-01,WARNDatabaseMasterExcluding2026.csv,TRI,kept,ok
LOWES,124.0,2018-11-01,WARNDatabaseMasterExcluding2026.csv,LOW,kept,ok
SUN PHARMA,96.0,2018-11-01,WARNDatabaseMasterExcluding2026.csv,SPARC.BO,kept,ok
CA TECHNOLOGIES,54.0,2018-11-01,WARNDatabaseMasterExcluding2026.csv,BLOZF,kept,ok
BOISE CASCADE COMPANY,58.0,2018-11-01,WARNDatabaseMasterExcluding2026.csv,BCC,kept,ok
JOHNSON & JOHNSON,3.0,2018-11-01,WARNDatabaseMasterExcluding2026.csv,JNJ,kept,ok
TYSON FOODS,75.0,2018-10-31,WARNDatabaseMasterExcluding2026.csv,TSN,kept,ok
RAYTHEON,21.0,2018-10-31,WARNDatabaseMasterExcluding2026.csv,^RTX,kept,ok
TARGET CORPORATION,138.0,2018-10-30,WARNDatabaseMasterExcluding2026.csv,TGT,kept,ok
SIEMENS,57.0,2018-10-29,WARNDatabaseMasterExcluding2026.csv,SIE.DE,kept,ok
"LSI INDUSTRIES, INC.",136.0,2018-10-29,WARNDatabaseMasterExcluding2026.csv,LYTS,kept,ok
SIEMENS,75.0,2018-10-26,WARNDatabaseMasterExcluding2026.csv,SIE.DE,kept,ok
CONDUENT,213.0,2018-10-26,WARNDatabaseMasterExcluding2026.csv,CNDT,kept,ok
SIEMENS,75.0,2018-10-26,WARNDatabaseMasterExcluding2026.csv,SIE.DE,kept,ok
KEURIG DR PEPPER,118.0,2018-10-25,WARNDatabaseMasterExcluding2026.csv,KDP,kept,ok
NEENAH PAPER,100.0,2018-10-25,WARNDatabaseMasterExcluding2026.csv,NP,kept,ok
ARM INC.,70.0,2018-10-25,WARNDatabaseMasterExcluding2026.csv,UA,kept,ok
THE CHEESECAKE FACTORY,96.0,2018-10-24,WARNDatabaseMasterExcluding2026.csv,CAKE,kept,ok
"NATHAN'S FAMOUS, INC.",20.0,2018-10-24,WARNDatabaseMasterExcluding2026.csv,NATH,kept,ok
JABIL INC.,562.0,2018-10-24,WARNDatabaseMasterExcluding2026.csv,JBL,kept,ok
JABIL INC.,289.0,2018-10-24,WARNDatabaseMasterExcluding2026.csv,JBL,kept,ok
JACK IN THE BOX INC.,66.0,2018-10-24,WARNDatabaseMasterExcluding2026.csv,JACK,kept,ok
"SEARS, ROEBUCK AND CO.",68.0,2018-10-23,WARNDatabaseMasterExcluding2026.csv,SRSCQ,kept,ok
"SEARS, ROEBUCK AND CO.",57.0,2018-10-23,WARNDatabaseMasterExcluding2026.csv,SRSCQ,kept,ok
"SEARS, ROEBUCK AND CO.",48.0,2018-10-23,WARNDatabaseMasterExcluding2026.csv,SRSCQ,kept,ok
"SEARS, ROEBUCK AND CO.",19.0,2018-10-23,WARNDatabaseMasterExcluding2026.csv,SRSCQ,kept,ok
"SEARS, ROEBUCK AND CO.",18.0,2018-10-23,WARNDatabaseMasterExcluding2026.csv,SRSCQ,kept,ok
"SEARS, ROEBUCK AND CO.",11.0,2018-10-23,WARNDatabaseMasterExcluding2026.csv,SRSCQ,kept,ok
"SEARS, ROEBUCK AND CO.",10.0,2018-10-23,WARNDatabaseMasterExcluding2026.csv,SRSCQ,kept,ok
"SEARS, ROEBUCK AND CO.",106.0,2018-10-22,WARNDatabaseMasterExcluding2026.csv,SRSCQ,kept,ok
"SEARS, ROEBUCK AND CO.",106.0,2018-10-22,WARNDatabaseMasterExcluding2026.csv,SRSCQ,kept,ok
"SEARS, ROEBUCK AND CO.",101.0,2018-10-22,WARNDatabaseMasterExcluding2026.csv,SRSCQ,kept,ok
"SEARS, ROEBUCK AND CO.",80.0,2018-10-22,WARNDatabaseMasterExcluding2026.csv,SRSCQ,kept,ok
"SEARS, ROEBUCK AND CO.",79.0,2018-10-22,WARNDatabaseMasterExcluding2026.csv,SRSCQ,kept,ok
"SEARS, ROEBUCK AND CO.",19.0,2018-10-22,WARNDatabaseMasterExcluding2026.csv,SRSCQ,kept,ok
"SEARS, ROEBUCK AND CO.",5.0,2018-10-22,WARNDatabaseMasterExcluding2026.csv,SRSCQ,kept,ok
JABIL INC.,220.0,2018-10-19,WARNDatabaseMasterExcluding2026.csv,JBL,kept,ok
JABIL INC.,99.0,2018-10-19,WARNDatabaseMasterExcluding2026.csv,JBL,kept,ok
ANTHEM,287.0,2018-10-18,WARNDatabaseMasterExcluding2026.csv,ANTHEM.BO,kept,ok
"SEARS, ROEBUCK AND CO.",62.0,2018-10-15,WARNDatabaseMasterExcluding2026.csv,SRSCQ,kept,ok
"SEARS, ROEBUCK AND CO.",7.0,2018-10-15,WARNDatabaseMasterExcluding2026.csv,SRSCQ,kept,ok
"SEARS, ROEBUCK AND CO. FULL LINE STORE #01004 (GARDEN CITY)",126.0,2018-10-15,WARNDatabaseMasterExcluding2026.csv,SRSCQ,kept,ok
"SEARS, ROEBUCK AND CO. FULL LINE STORE #02584",40.0,2018-10-15,WARNDatabaseMasterExcluding2026.csv,SRSCQ,kept,ok
"SEARS, ROEBUCK AND CO. FULL LINE STORE #01944",55.0,2018-10-15,WARNDatabaseMasterExcluding2026.csv,SRSCQ,kept,ok
"SEARS, ROEBUCK AND CO. FULL LINE STORE #01414",76.0,2018-10-15,WARNDatabaseMasterExcluding2026.csv,SRSCQ,kept,ok
"SEARS, ROEBUCK AND CO. AUTO CENTER STORE #06424",12.0,2018-10-15,WARNDatabaseMasterExcluding2026.csv,SRSCQ,kept,ok
MPP,55.0,2018-10-02,WARNDatabaseMasterExcluding2026.csv,MPPA.JK,kept,ok
CRAFTS INC.,3.0,2018-10-02,WARNDatabaseMasterExcluding2026.csv,CRWS,kept,ok
STATE FARM,88.0,2018-10-01,WARNDatabaseMasterExcluding2026.csv,STFBX,kept,ok
US BANK,100.0,2018-10-01,WARNDatabaseMasterExcluding2026.csv,DE000A3CLJ96.SG,kept,ok
SMITH & NEPHEW,16.0,2018-10-01,WARNDatabaseMasterExcluding2026.csv,SNN,kept,ok
TARGET,136.0,2018-10-01,WARNDatabaseMasterExcluding2026.csv,TGT,kept,ok
SEARS,160.0,2018-10-01,WARNDatabaseMasterExcluding2026.csv,SRSCQ,kept,ok
SEARS,87.0,2018-10-01,WARNDatabaseMasterExcluding2026.csv,SRSCQ,kept,ok
"SEARS, ROEBUCK AND COMPANY",77.0,2018-10-01,WARNDatabaseMasterExcluding2026.csv,SRSCQ,kept,ok
"SEARS, ROEBUCK AND COMPAY",57.0,2018-10-01,WARNDatabaseMasterExcluding2026.csv,SRSCQ,kept,ok
MOLINA HEALTHCARE,381.0,2018-10-01,WARNDatabaseMasterExcluding2026.csv,MOH,kept,ok
"PFIZER, INC.",3.0,2018-10-01,WARNDatabaseMasterExcluding2026.csv,PFE,kept,ok
WELLS FARGO,86.0,2018-10-01,WARNDatabaseMasterExcluding2026.csv,WFC,kept,ok
VERIZON,92.0,2018-09-29,WARNDatabaseMasterExcluding2026.csv,VZ,kept,ok
WELLS FARGO & COMPANY,61.0,2018-09-28,WARNDatabaseMasterExcluding2026.csv,WFC,kept,ok
COMCAST,86.0,2018-09-28,WARNDatabaseMasterExcluding2026.csv,CMCSA,kept,ok
"GG 1245 PARK, AVE, LLC",37.0,2018-09-28,WARNDatabaseMasterExcluding2026.csv,^DJI,kept,ok
BAE SYSTEMS,233.0,2018-09-27,WARNDatabaseMasterExcluding2026.csv,BA.L,kept,ok
"ABB, INC.",25.0,2018-09-25,WARNDatabaseMasterExcluding2026.csv,ABBV,kept,ok
JABIL INC.,343.0,2018-09-24,WARNDatabaseMasterExcluding2026.csv,JBL,kept,ok
JABIL INC.,92.0,2018-09-24,WARNDatabaseMasterExcluding2026.csv,JBL,kept,ok
G/O DIGITAL,89.0,2018-09-20,WARNDatabaseMasterExcluding2026.csv,002848.SZ,kept,ok
ATKORE INTERNATIONAL,101.0,2018-09-20,WARNDatabaseMasterExcluding2026.csv,ATKR,kept,ok
"SEARS, ROEBUCK AND CO. FULL LINE STORE #01504",65.0,2018-09-20,WARNDatabaseMasterExcluding2026.csv,SRSCQ,kept,ok
"ADDEPAR, INC.",20.0,2018-09-19,WARNDatabaseMasterExcluding2026.csv,ADDPZZX,kept,ok
"ENTEGRIS, INC.",16.0,2018-09-19,WARNDatabaseMasterExcluding2026.csv,ENTG,kept,ok
"DOLLAR TREE, INC. (FAMILY DOLLAR)",200.0,2018-09-18,WARNDatabaseMasterExcluding2026.csv,DLTR,kept,ok
AC INCORPORATED,58.0,2018-09-17,WARNDatabaseMasterExcluding2026.csv,ARAY,kept,ok
DHL,576.0,2018-09-15,WARNDatabaseMasterExcluding2026.csv,DHL.DE,kept,ok
BOEING COMPANY,1.0,2018-09-14,WARNDatabaseMasterExcluding2026.csv,BA,kept,ok
MORGAN STANLEY,90.0,2018-09-13,WARNDatabaseMasterExcluding2026.csv,MS,kept,ok
SYKES,213.0,2018-09-13,WARNDatabaseMasterExcluding2026.csv,ASY.L,kept,ok
JP MORGAN CHASE & CO.,102.0,2018-09-13,WARNDatabaseMasterExcluding2026.csv,JPM,kept,ok
CORELOGIC,60.0,2018-09-13,WARNDatabaseMasterExcluding2026.csv,^SPCS20R,kept,ok
SAVERS,54.0,2018-09-13,WARNDatabaseMasterExcluding2026.csv,SVV,kept,ok
META COMPANY,88.0,2018-09-07,WARNDatabaseMasterExcluding2026.csv,TMC,kept,ok
"STERLING NATIONAL BANK (BROADWAY, NY)",2.0,2018-09-06,WARNDatabaseMasterExcluding2026.csv,HOT=F,kept,ok
"CARBINE, LLC",47.0,2018-09-06,WARNDatabaseMasterExcluding2026.csv,CRB.XA,kept,ok
STATE FARM,269.0,2018-09-05,WARNDatabaseMasterExcluding2026.csv,STFBX,kept,ok
102,69.0,2018-09-05,WARNDatabaseMasterExcluding2026.csv,1023.KL,kept,ok
GLAXOSMITHKLINE,100.0,2018-09-05,WARNDatabaseMasterExcluding2026.csv,GLAXO.BO,kept,ok
THREDUP INC.,118.0,2018-09-04,WARNDatabaseMasterExcluding2026.csv,TDUP,kept,ok
S-T INDUSTRIES,45.0,2018-09-01,WARNDatabaseMasterExcluding2026.csv,SOMATEX.NS,kept,ok
REGIS,75.0,2018-09-01,WARNDatabaseMasterExcluding2026.csv,UBS,kept,ok
KENCO,100.0,2018-08-31,WARNDatabaseMasterExcluding2026.csv,274090.KQ,kept,ok
"SEARS, ROEBUCK & CO.",50.0,2018-08-30,WARNDatabaseMasterExcluding2026.csv,SRSCQ,kept,ok
DISCOVERY INC.,212.0,2018-08-29,WARNDatabaseMasterExcluding2026.csv,WBD,kept,ok
NOVANTA,42.0,2018-08-28,WARNDatabaseMasterExcluding2026.csv,NOVT,kept,ok
WELLS FARGO & COMPANY.,42.0,2018-08-27,WARNDatabaseMasterExcluding2026.csv,WFC,kept,ok
"SEARS, ROEBUCK AND CO. - STORE # 01715",76.0,2018-08-24,WARNDatabaseMasterExcluding2026.csv,SRSCQ,kept,ok
"SEARS, ROEBUCK AND COMPANY",10.0,2018-08-24,WARNDatabaseMasterExcluding2026.csv,SRSCQ,kept,ok
WELLS FARGO,128.0,2018-08-24,WARNDatabaseMasterExcluding2026.csv,WFC,kept,ok
WELLS FARGO,25.0,2018-08-23,WARNDatabaseMasterExcluding2026.csv,WFC,kept,ok
WELLS FARGO,25.0,2018-08-23,WARNDatabaseMasterExcluding2026.csv,WFC,kept,ok
"BANC OF CALIFORNIA, N.A.",5.0,2018-08-22,WARNDatabaseMasterExcluding2026.csv,BANC,kept,ok
"BANC OF CALIFORNIA, N.A.",4.0,2018-08-22,WARNDatabaseMasterExcluding2026.csv,BANC,kept,ok
"SEARS, ROEBUCK AND CO. FULL LINE STORE #02933",65.0,2018-08-21,WARNDatabaseMasterExcluding2026.csv,SRSCQ,kept,ok
"FITZPATRICK, CELLA, HARPER & SCINTO",127.0,2018-08-21,WARNDatabaseMasterExcluding2026.csv,405920.KQ,kept,ok
TARGET,108.0,2018-08-21,WARNDatabaseMasterExcluding2026.csv,TGT,kept,ok
WELLS FARGO,77.0,2018-08-20,WARNDatabaseMasterExcluding2026.csv,WFC,kept,ok
WESTROCK,170.0,2018-08-16,WARNDatabaseMasterExcluding2026.csv,SW,kept,ok
CHARTER COMMUNICATIONS,89.0,2018-08-13,WARNDatabaseMasterExcluding2026.csv,CHTR,kept,ok
FTS INTERNATIONAL,192.0,2018-08-08,WARNDatabaseMasterExcluding2026.csv,WIP,kept,ok
BEST BUY,68.0,2018-08-08,WARNDatabaseMasterExcluding2026.csv,BBY,kept,ok
US. FOODS,30.0,2018-08-07,WARNDatabaseMasterExcluding2026.csv,USFD,kept,ok
CATERPILLAR INC.,85.0,2018-08-07,WARNDatabaseMasterExcluding2026.csv,CAT,kept,ok
US. FOODS,30.0,2018-08-07,WARNDatabaseMasterExcluding2026.csv,USFD,kept,ok
GCR,35.0,2018-08-07,WARNDatabaseMasterExcluding2026.csv,GCRIF,kept,ok
CHARTER COMMUNICATIONS,60.0,2018-08-06,WARNDatabaseMasterExcluding2026.csv,CHTR,kept,ok
"WEST PHARMACEUTICAL SERVICES, INC.",54.0,2018-08-02,WARNDatabaseMasterExcluding2026.csv,WST,kept,ok
CHARTER COMMUNICATIONS,84.0,2018-08-02,WARNDatabaseMasterExcluding2026.csv,CHTR,kept,ok
WEST CORPORATION,112.0,2018-08-02,WARNDatabaseMasterExcluding2026.csv,WLK,kept,ok
WEST CORPORATION,36.0,2018-08-02,WARNDatabaseMasterExcluding2026.csv,WLK,kept,ok
"WEST PHARMACEUTICAL SERVICES, INC.",54.0,2018-08-02,WARNDatabaseMasterExcluding2026.csv,WST,kept,ok
CHARTER COMMUNICATIONS,84.0,2018-08-02,WARNDatabaseMasterExcluding2026.csv,CHTR,kept,ok
CSRA,31.0,2018-08-02,WARNDatabaseMasterExcluding2026.csv,CSRA.JK,kept,ok
CSRA,74.0,2018-08-01,WARNDatabaseMasterExcluding2026.csv,CSRA.JK,kept,ok
"SEARS, ROEBUCK AND CO.",51.0,2018-08-01,WARNDatabaseMasterExcluding2026.csv,SRSCQ,kept,ok
GENERAL DYNAMICS,75.0,2018-08-01,WARNDatabaseMasterExcluding2026.csv,GD,kept,ok
CHARTER COMMUNICATIONS,51.0,2018-08-01,WARNDatabaseMasterExcluding2026.csv,CHTR,kept,ok
JOHNSON & JOHNSON,3.0,2018-08-01,WARNDatabaseMasterExcluding2026.csv,JNJ,kept,ok
JOHNSON & JOHNSON,3.0,2018-08-01,WARNDatabaseMasterExcluding2026.csv,JNJ,kept,ok
WILLIAMS,,2018-08-01,WARNDatabaseMasterExcluding2026.csv,SHW,kept,ok
"PFIZER, INC.",1.0,2018-08-01,WARNDatabaseMasterExcluding2026.csv,PFE,kept,ok
ARAMARK,182.0,2018-07-31,WARNDatabaseMasterExcluding2026.csv,ARMK,kept,ok
"MATTEL, INC.",140.0,2018-07-31,WARNDatabaseMasterExcluding2026.csv,MAT,kept,ok
WINNEBAGO INDUSTRIES,31.0,2018-07-27,WARNDatabaseMasterExcluding2026.csv,WGO,kept,ok
GILDAN,54.0,2018-07-27,WARNDatabaseMasterExcluding2026.csv,GIL,kept,ok
BRIGHTSTAR,53.0,2018-07-27,WARNDatabaseMasterExcluding2026.csv,BRSL,kept,ok
WINNEBAGO INDUSTRIES,31.0,2018-07-27,WARNDatabaseMasterExcluding2026.csv,WGO,kept,ok
BEST BUY,68.0,2018-07-27,WARNDatabaseMasterExcluding2026.csv,BBY,kept,ok
SIEMENS,134.0,2018-07-26,WARNDatabaseMasterExcluding2026.csv,SIE.DE,kept,ok
"ATLASSIAN, INC.",101.0,2018-07-26,WARNDatabaseMasterExcluding2026.csv,TEAM,kept,ok
"ATLASSIAN, INC.",101.0,2018-07-26,WARNDatabaseMasterExcluding2026.csv,TEAM,kept,ok
"FORMOSA PLASTICS CORP., USA",99.0,2018-07-25,WARNDatabaseMasterExcluding2026.csv,1301.TW,kept,ok
"P.F. CHANGS CHINA BISTRO, LNC.",94.0,2018-07-25,WARNDatabaseMasterExcluding2026.csv,4587.TWO,kept,ok
CTS CORP.,103.0,2018-07-24,WARNDatabaseMasterExcluding2026.csv,CTS,kept,ok
CTS CORP.,103.0,2018-07-24,WARNDatabaseMasterExcluding2026.csv,CTS,kept,ok
"COMPASS GROUP, USA, INC.(RESTAURANT ASSOCIATES @ ROCKEFELLER UNIVERSITY)",36.0,2018-07-23,WARNDatabaseMasterExcluding2026.csv,XGR.F,kept,ok
STAPLES,12.0,2018-07-20,WARNDatabaseMasterExcluding2026.csv,XAP=F,kept,ok
INGREDION INCORPORATED,65.0,2018-07-19,WARNDatabaseMasterExcluding2026.csv,INGR,kept,ok
THE J.M. SMUCKER COMPANY,100.0,2018-07-18,WARNDatabaseMasterExcluding2026.csv,SJM,kept,ok
HUB GROUP,6.0,2018-07-18,WARNDatabaseMasterExcluding2026.csv,HUBG,kept,ok
FEDERAL MOGUL,47.0,2018-07-16,WARNDatabaseMasterExcluding2026.csv,FMGOETZE.NS,kept,ok
"BANC OF CALIFORNIA, N.A.",45.0,2018-07-16,WARNDatabaseMasterExcluding2026.csv,BANC,kept,ok
"GOURMET MANAGEMENT CORP. (TGI FRIDAYS, KFC, TACO BELL, PIZZA HUT, HAAGEN DAZS, TIM HORTONS & BEER CART RESTAURANTS AT PENN STATION)",45.0,2018-07-13,WARNDatabaseMasterExcluding2026.csv,3420.T,kept,ok
"COMPASS GROUP, USA, INC. (RESTAURANT ASSOCIATES @ CREDIT SUISSE)",84.0,2018-07-12,WARNDatabaseMasterExcluding2026.csv,XGR.F,kept,ok
"THERANOS, INC.",125.0,2018-07-12,WARNDatabaseMasterExcluding2026.csv,RDPTF,kept,ok
SAFEWAY,452.0,2018-07-11,WARNDatabaseMasterExcluding2026.csv,301559.SZ,kept,ok
"FHI, LLC",115.0,2018-07-10,WARNDatabaseMasterExcluding2026.csv,FHI,kept,ok
"AQUA METALS, INC.",12.0,2018-07-10,WARNDatabaseMasterExcluding2026.csv,AQMS,kept,ok
WALMART,88.0,2018-07-09,WARNDatabaseMasterExcluding2026.csv,WMT,kept,ok
"SEARS, ROEBUCK AND CO.",46.0,2018-07-06,WARNDatabaseMasterExcluding2026.csv,SRSCQ,kept,ok
"SEARS, ROEBUCK AND CO.",8.0,2018-07-06,WARNDatabaseMasterExcluding2026.csv,SRSCQ,kept,ok
SERENDIPITY,1.0,2018-07-05,WARNDatabaseMasterExcluding2026.csv,CAFS,kept,ok
C & W SERVICES,51.0,2018-07-03,WARNDatabaseMasterExcluding2026.csv,5CFA.F,kept,ok
SYKES,640.0,2018-07-02,WARNDatabaseMasterExcluding2026.csv,ASY.L,kept,ok
HIKMA,78.0,2018-07-01,WARNDatabaseMasterExcluding2026.csv,HIK.L,kept,ok
TOYS,212.0,2018-07-01,WARNDatabaseMasterExcluding2026.csv,^NQUSB40203045LMT,kept,ok
"MEDTRONIC, INC",63.0,2018-07-01,WARNDatabaseMasterExcluding2026.csv,MDT,kept,ok
"MEDTRONIC, INC",4.0,2018-07-01,WARNDatabaseMasterExcluding2026.csv,MDT,kept,ok
"SODEXO, INC. ST. LUKE'S HOSPITAL ALLENTOWN CAMPUS",67.0,2018-07-01,WARNDatabaseMasterExcluding2026.csv,0J3F.IL,kept,ok
"CITIGROUP, INC.",116.0,2018-06-29,WARNDatabaseMasterExcluding2026.csv,C,kept,ok
COSTAR GROUP,104.0,2018-06-29,WARNDatabaseMasterExcluding2026.csv,CSGP,kept,ok
GE ENERGY,236.0,2018-06-29,WARNDatabaseMasterExcluding2026.csv,GEL,kept,ok
"AMERICAN AIRLINES, INC. - ST. LOUIS PILOT CREW BASE",155.0,2018-06-29,WARNDatabaseMasterExcluding2026.csv,AAL,kept,ok
CHIPOTLE MEXICAN GRILL,399.0,2018-06-29,WARNDatabaseMasterExcluding2026.csv,CMG,kept,ok
MAXIMUS,41.0,2018-06-29,WARNDatabaseMasterExcluding2026.csv,MMS,kept,ok
"CITIGROUP, INC.",116.0,2018-06-29,WARNDatabaseMasterExcluding2026.csv,C,kept,ok
"CHIPOTLE MEXICAN GRILL, INC. (NYC OFFICE)",32.0,2018-06-29,WARNDatabaseMasterExcluding2026.csv,CMG,kept,ok
EBAY INC.,228.0,2018-06-29,WARNDatabaseMasterExcluding2026.csv,EBAY,kept,ok
EBAY INC.,41.0,2018-06-29,WARNDatabaseMasterExcluding2026.csv,EBAY,kept,ok
EBAY INC.,5.0,2018-06-29,WARNDatabaseMasterExcluding2026.csv,EBAY,kept,ok
TOYS-R-US,30.0,2018-06-27,WARNDatabaseMasterExcluding2026.csv,TOYRF,kept,ok
TOYS-R-US,30.0,2018-06-27,WARNDatabaseMasterExcluding2026.csv,TOYRF,kept,ok
TOYS-R-US,30.0,2018-06-27,WARNDatabaseMasterExcluding2026.csv,TOYRF,kept,ok
TOYS-R-US,30.0,2018-06-27,WARNDatabaseMasterExcluding2026.csv,TOYRF,kept,ok
EXELON,25.0,2018-06-27,WARNDatabaseMasterExcluding2026.csv,EXC,kept,ok
"BANC OF CALIFORNIA, N.A.",10.0,2018-06-27,WARNDatabaseMasterExcluding2026.csv,BANC,kept,ok
"BANC OF CALIFORNIA, N.A.",2.0,2018-06-27,WARNDatabaseMasterExcluding2026.csv,BANC,kept,ok
"BANC OF CALIFORNIA, N.A.",1.0,2018-06-27,WARNDatabaseMasterExcluding2026.csv,BANC,kept,ok
WESTERN DIGITAL,105.0,2018-06-26,WARNDatabaseMasterExcluding2026.csv,WDC,kept,ok
BAE SYSTEMS,101.0,2018-06-25,WARNDatabaseMasterExcluding2026.csv,BA.L,kept,ok
SENECA FOODS CORPORATION,45.0,2018-06-25,WARNDatabaseMasterExcluding2026.csv,SENEA,kept,ok
WELLS FARGO,67.0,2018-06-25,WARNDatabaseMasterExcluding2026.csv,WFC,kept,ok
COMMUNITY BANK,37.0,2018-06-25,WARNDatabaseMasterExcluding2026.csv,^ABQX,kept,ok
WELLS FARGO & COMPANY,61.0,2018-06-22,WARNDatabaseMasterExcluding2026.csv,WFC,kept,ok
NPL,1.0,2018-06-22,WARNDatabaseMasterExcluding2026.csv,0P0001LDDD.SA,kept,ok
"CAPITAL ONE, N.A.- NASSAU CENTRAL MARKET",40.0,2018-06-19,WARNDatabaseMasterExcluding2026.csv,COF,kept,ok
"CAPITAL ONE, N.A.- SUFFOLK NORTH MARKET",40.0,2018-06-19,WARNDatabaseMasterExcluding2026.csv,COF,kept,ok
"CAPITAL ONE, N.A.- NASSAU SOUTH MARKET",33.0,2018-06-19,WARNDatabaseMasterExcluding2026.csv,COF,kept,ok
"CAPITAL ONE, N.A.- BOROUGHS CENTRAL MARKET",29.0,2018-06-19,WARNDatabaseMasterExcluding2026.csv,COF,kept,ok
"CAPITAL ONE, N.A.- MANHATTAN SOUTH MARKET",29.0,2018-06-19,WARNDatabaseMasterExcluding2026.csv,COF,kept,ok
"TESLA, INC.",420.0,2018-06-19,WARNDatabaseMasterExcluding2026.csv,TSLA,kept,ok
"TESLA, INC.",86.0,2018-06-19,WARNDatabaseMasterExcluding2026.csv,TSLA,kept,ok
"SALON LUCE, LC",14.0,2018-06-18,WARNDatabaseMasterExcluding2026.csv,LC,kept,ok
"SALON LUCE, LC",14.0,2018-06-18,WARNDatabaseMasterExcluding2026.csv,LC,kept,ok
"RHI, INC. DBA ROBERTSON HONDA",119.0,2018-06-18,WARNDatabaseMasterExcluding2026.csv,RHI,kept,ok
"PFIZER, INC.",1.0,2018-06-15,WARNDatabaseMasterExcluding2026.csv,PFE,kept,ok
SAVERS,59.0,2018-06-14,WARNDatabaseMasterExcluding2026.csv,SVV,kept,ok
NORTHROP GRUMMAN,348.0,2018-06-14,WARNDatabaseMasterExcluding2026.csv,NOC,kept,ok
KROGER,118.0,2018-06-13,WARNDatabaseMasterExcluding2026.csv,KR,kept,ok
KROGER,118.0,2018-06-13,WARNDatabaseMasterExcluding2026.csv,KR,kept,ok
KROGER,118.0,2018-06-13,WARNDatabaseMasterExcluding2026.csv,KR,kept,ok
KROGER,118.0,2018-06-13,WARNDatabaseMasterExcluding2026.csv,KR,kept,ok
KROGER,118.0,2018-06-13,WARNDatabaseMasterExcluding2026.csv,KR,kept,ok
KROGER,118.0,2018-06-13,WARNDatabaseMasterExcluding2026.csv,KR,kept,ok
KROGER,118.0,2018-06-13,WARNDatabaseMasterExcluding2026.csv,KR,kept,ok
KROGER,118.0,2018-06-13,WARNDatabaseMasterExcluding2026.csv,KR,kept,ok
KROGER,118.0,2018-06-13,WARNDatabaseMasterExcluding2026.csv,KR,kept,ok
KROGER,118.0,2018-06-13,WARNDatabaseMasterExcluding2026.csv,KR,kept,ok
KROGER,118.0,2018-06-13,WARNDatabaseMasterExcluding2026.csv,KR,kept,ok
KROGER,118.0,2018-06-13,WARNDatabaseMasterExcluding2026.csv,KR,kept,ok
KROGER,118.0,2018-06-13,WARNDatabaseMasterExcluding2026.csv,KR,kept,ok
KROGER,118.0,2018-06-13,WARNDatabaseMasterExcluding2026.csv,KR,kept,ok
SUNSHINE DAIRY,9.0,2018-06-12,WARNDatabaseMasterExcluding2026.csv,001318.SZ,kept,ok
SUNSHINE DAIRY,1.0,2018-06-12,WARNDatabaseMasterExcluding2026.csv,001318.SZ,kept,ok
SUNSHINE DAIRY,3.0,2018-06-12,WARNDatabaseMasterExcluding2026.csv,001318.SZ,kept,ok
SUNSHINE DAIRY,7.0,2018-06-12,WARNDatabaseMasterExcluding2026.csv,001318.SZ,kept,ok
SUNSHINE DAIRY,3.0,2018-06-12,WARNDatabaseMasterExcluding2026.csv,001318.SZ,kept,ok
SUNSHINE DAIRY,23.0,2018-06-12,WARNDatabaseMasterExcluding2026.csv,001318.SZ,kept,ok
MCKESSON CORPORATION,105.0,2018-06-12,WARNDatabaseMasterExcluding2026.csv,MCK,kept,ok
"QUALCOMM DATACENTER TECHNOLOGIES, INC. (QUALCOMM)",241.0,2018-06-12,WARNDatabaseMasterExcluding2026.csv,0QZ3.IL,kept,ok
"RESTAURANT ASSOCIATES (COMPASS GROUP, USA, INC.) (A FEDERAL RESERVE BANK OF NEW YORK)",53.0,2018-06-12,WARNDatabaseMasterExcluding2026.csv,USA,kept,ok
"RESTAURANT ASSOCIATES (COMPASS GROUP, USA, INC.) (AT FEDERAL RESERVE BANK OF NEW YORK)",12.0,2018-06-12,WARNDatabaseMasterExcluding2026.csv,USA,kept,ok
AECOM,173.0,2018-06-08,WARNDatabaseMasterExcluding2026.csv,ACM,kept,ok
AECOM,173.0,2018-06-08,WARNDatabaseMasterExcluding2026.csv,ACM,kept,ok
PE SYSTEMS,68.0,2018-06-08,WARNDatabaseMasterExcluding2026.csv,PERSISTENT.NS,kept,ok
SMART,318.0,2018-06-08,WARNDatabaseMasterExcluding2026.csv,SRU-UN.TO,kept,ok
"SEARS, ROEBUCK AND CO.",51.0,2018-06-08,WARNDatabaseMasterExcluding2026.csv,SRSCQ,kept,ok
WELLS FARGO,46.0,2018-06-07,WARNDatabaseMasterExcluding2026.csv,WFC,kept,ok
U.S. BANK,60.0,2018-06-07,WARNDatabaseMasterExcluding2026.csv,^DJUSBK,kept,ok
TERADATA CORPORATION,267.0,2018-06-06,WARNDatabaseMasterExcluding2026.csv,TDC,kept,ok
"MOTORCAR PARTS OF AMERICA, INC.",21.0,2018-06-05,WARNDatabaseMasterExcluding2026.csv,MPAA,kept,ok
WELLS FARGO,96.0,2018-06-04,WARNDatabaseMasterExcluding2026.csv,WFC,kept,ok
CONDUENT,304.0,2018-06-01,WARNDatabaseMasterExcluding2026.csv,CNDT,kept,ok
MICO,100.0,2018-06-01,WARNDatabaseMasterExcluding2026.csv,8210.TW,kept,ok
SEARS,54.0,2018-06-01,WARNDatabaseMasterExcluding2026.csv,SRSCQ,kept,ok
SEARS,45.0,2018-06-01,WARNDatabaseMasterExcluding2026.csv,SRSCQ,kept,ok
TE CONNECTIVITY,43.0,2018-06-01,WARNDatabaseMasterExcluding2026.csv,TEL,kept,ok
TOYS,184.0,2018-06-01,WARNDatabaseMasterExcluding2026.csv,^NQUSB40203045LMT,kept,ok
ARAMARK,13.0,2018-06-01,WARNDatabaseMasterExcluding2026.csv,ARMK,kept,ok
JOHNSON & JOHNSON,2.0,2018-06-01,WARNDatabaseMasterExcluding2026.csv,JNJ,kept,ok
"PFIZER, INC.",5.0,2018-06-01,WARNDatabaseMasterExcluding2026.csv,PFE,kept,ok
"SEARS, ROEBUCK AND CO. (FULL LINE STORE UNIT #01353)",38.0,2018-05-31,WARNDatabaseMasterExcluding2026.csv,SRSCQ,kept,ok
"SEARS, ROEBUCK AND CO. (SEARS AUTO CENTER UNIT #06955)",7.0,2018-05-31,WARNDatabaseMasterExcluding2026.csv,SRSCQ,kept,ok
"TOYS ""R"" US, INC. - REVISION 1",326.0,2018-05-30,WARNDatabaseMasterExcluding2026.csv,TOYRF,kept,ok
FXI,76.0,2018-05-30,WARNDatabaseMasterExcluding2026.csv,FXI,kept,ok
"TOYS R US, INC.",72.0,2018-05-30,WARNDatabaseMasterExcluding2026.csv,TOYRF,kept,ok
UBER,296.0,2018-05-29,WARNDatabaseMasterExcluding2026.csv,UBER,kept,ok
MCKESSON CORPORATION,126.0,2018-05-29,WARNDatabaseMasterExcluding2026.csv,MCK,kept,ok
BANK OF AMERICA,575.0,2018-05-29,WARNDatabaseMasterExcluding2026.csv,BAC,kept,ok
SPRINT,59.0,2018-05-25,WARNDatabaseMasterExcluding2026.csv,688605.SS,kept,ok
"PFIZER, INC.",2.0,2018-05-20,WARNDatabaseMasterExcluding2026.csv,PFE,kept,ok
BOEING COMPANY,1.0,2018-05-18,WARNDatabaseMasterExcluding2026.csv,BA,kept,ok
WELLS FARGO,18.0,2018-05-16,WARNDatabaseMasterExcluding2026.csv,WFC,kept,ok
INTEL,65.0,2018-05-15,WARNDatabaseMasterExcluding2026.csv,INTC,kept,ok
"NETAPP, INC.",36.0,2018-05-15,WARNDatabaseMasterExcluding2026.csv,NTAP,kept,ok
UNISYS CORPORATION,90.0,2018-05-14,WARNDatabaseMasterExcluding2026.csv,UIS,kept,ok
US BANK,260.0,2018-05-10,WARNDatabaseMasterExcluding2026.csv,DE000A3CLJ96.SG,kept,ok
BANK OF THE WEST,35.0,2018-05-10,WARNDatabaseMasterExcluding2026.csv,AATKRXX,kept,ok
"PFIZER, INC.",2.0,2018-05-09,WARNDatabaseMasterExcluding2026.csv,PFE,kept,ok
CONCENTRIX,77.0,2018-05-08,WARNDatabaseMasterExcluding2026.csv,CNXC,kept,ok
SYKES,377.0,2018-05-08,WARNDatabaseMasterExcluding2026.csv,ASY.L,kept,ok
"SODEXO, INC.",38.0,2018-05-08,WARNDatabaseMasterExcluding2026.csv,SW.PA,kept,ok
"SODEXO, INC.",32.0,2018-05-08,WARNDatabaseMasterExcluding2026.csv,SW.PA,kept,ok
"SODEXO, INC.",19.0,2018-05-08,WARNDatabaseMasterExcluding2026.csv,SW.PA,kept,ok
CACI,65.0,2018-05-07,WARNDatabaseMasterExcluding2026.csv,CACI,kept,ok
"SODEXO, INC.",163.0,2018-05-07,WARNDatabaseMasterExcluding2026.csv,SW.PA,kept,ok
SODEXO,34.0,2018-05-03,WARNDatabaseMasterExcluding2026.csv,0J3F.IL,kept,ok
AMETEK INC.,42.0,2018-05-03,WARNDatabaseMasterExcluding2026.csv,AME,kept,ok
TEC INDUSTRIAL,238.0,2018-05-01,WARNDatabaseMasterExcluding2026.csv,0339.HK,kept,ok
MEDTRONIC,30.0,2018-05-01,WARNDatabaseMasterExcluding2026.csv,MDT,kept,ok
MOSAIC,44.0,2018-05-01,WARNDatabaseMasterExcluding2026.csv,MOS,kept,ok
SEALY,99.0,2018-05-01,WARNDatabaseMasterExcluding2026.csv,TPD.MU,kept,ok
APPLE INC.,52.0,2018-05-01,WARNDatabaseMasterExcluding2026.csv,AAPL,kept,ok
SCOTTS MIRACLE-GRO CO.,81.0,2018-05-01,WARNDatabaseMasterExcluding2026.csv,SMG,kept,ok
JOHNSON & JOHNSON,43.0,2018-05-01,WARNDatabaseMasterExcluding2026.csv,JNJ,kept,ok
IBEX,105.0,2018-05-01,WARNDatabaseMasterExcluding2026.csv,IBEX,kept,ok
CHARTER COMMUNICATIONS,66.0,2018-05-01,WARNDatabaseMasterExcluding2026.csv,CHTR,kept,ok
WELLS FARGO,58.0,2018-05-01,WARNDatabaseMasterExcluding2026.csv,WFC,kept,ok
WALMART,86.0,2018-04-27,WARNDatabaseMasterExcluding2026.csv,WMT,kept,ok
SEARS,68.0,2018-04-25,WARNDatabaseMasterExcluding2026.csv,SRSCQ,kept,ok
ARAMARK,78.0,2018-04-24,WARNDatabaseMasterExcluding2026.csv,ARMK,kept,ok
ARAMARK,78.0,2018-04-24,WARNDatabaseMasterExcluding2026.csv,ARMK,kept,ok
"PFIZER, INC.",5.0,2018-04-24,WARNDatabaseMasterExcluding2026.csv,PFE,kept,ok
SEARS HOLDINGS CORPORATION,104.0,2018-04-19,WARNDatabaseMasterExcluding2026.csv,SHLD,kept,ok
SEARS HOLDINGS CORPORATION,80.0,2018-04-19,WARNDatabaseMasterExcluding2026.csv,SHLD,kept,ok
SEARS HOLDINGS CORPORATION,67.0,2018-04-19,WARNDatabaseMasterExcluding2026.csv,SHLD,kept,ok
SEARS HOLDINGS CORPORATION,64.0,2018-04-19,WARNDatabaseMasterExcluding2026.csv,SHLD,kept,ok
SEARS HOLDINGS CORPORATION,11.0,2018-04-19,WARNDatabaseMasterExcluding2026.csv,SHLD,kept,ok
SEARS HOLDINGS CORPORATION,9.0,2018-04-19,WARNDatabaseMasterExcluding2026.csv,SHLD,kept,ok
SEARS HOLDINGS CORPORATION,9.0,2018-04-19,WARNDatabaseMasterExcluding2026.csv,SHLD,kept,ok
NRG ENERGY,8.0,2018-04-17,WARNDatabaseMasterExcluding2026.csv,NRG,kept,ok
SYNAPTICS INCORPORATED,40.0,2018-04-17,WARNDatabaseMasterExcluding2026.csv,SYNA,kept,ok
"MOLINA HEALTHCARE, INC.",4.0,2018-04-16,WARNDatabaseMasterExcluding2026.csv,MOH,kept,ok
MAHLE,33.0,2018-04-15,WARNDatabaseMasterExcluding2026.csv,LEVE3.SA,kept,ok
MAHLE,33.0,2018-04-15,WARNDatabaseMasterExcluding2026.csv,LEVE3.SA,kept,ok
A.O. SMITH,57.0,2018-04-13,WARNDatabaseMasterExcluding2026.csv,AOS,kept,ok
SODEXO,81.0,2018-04-13,WARNDatabaseMasterExcluding2026.csv,0J3F.IL,kept,ok
SODEXO,81.0,2018-04-13,WARNDatabaseMasterExcluding2026.csv,0J3F.IL,kept,ok
FIRST CITIZENS BANK,100.0,2018-04-09,WARNDatabaseMasterExcluding2026.csv,FC6A.SG,kept,ok
"PFIZER, INC.",1.0,2018-04-09,WARNDatabaseMasterExcluding2026.csv,PFE,kept,ok
"MATTEL, INC.",143.0,2018-04-09,WARNDatabaseMasterExcluding2026.csv,MAT,kept,ok
"1 BB FOOD AND DRINK CORP. (1 HOTEL BROOKLYN, BRIDGE)",144.0,2018-04-06,WARNDatabaseMasterExcluding2026.csv,LOAN,kept,ok
"COMP MANAGEMENT, INC.",4.0,2018-04-06,WARNDatabaseMasterExcluding2026.csv,4491.T,kept,ok
EASTON,56.0,2018-04-05,WARNDatabaseMasterExcluding2026.csv,4904.TW,kept,ok
MARRIOTT,414.0,2018-04-03,WARNDatabaseMasterExcluding2026.csv,MAR,kept,ok
SNAP INC.,26.0,2018-04-03,WARNDatabaseMasterExcluding2026.csv,SNAP,kept,ok
WALMART,130.0,2018-04-02,WARNDatabaseMasterExcluding2026.csv,WMT,kept,ok
"SNAP, INC.",35.0,2018-04-02,WARNDatabaseMasterExcluding2026.csv,SNAP,kept,ok
DIGI INTERNATIONAL INC.,59.0,2018-04-01,WARNDatabaseMasterExcluding2026.csv,DGII,kept,ok
ERC,48.0,2018-04-01,WARNDatabaseMasterExcluding2026.csv,ERC,kept,ok
SEARS,45.0,2018-04-01,WARNDatabaseMasterExcluding2026.csv,SRSCQ,kept,ok
MERCEDES-BENZ,115.0,2018-04-01,WARNDatabaseMasterExcluding2026.csv,MBG.DE,kept,ok
JOHNSON & JOHNSON,7.0,2018-04-01,WARNDatabaseMasterExcluding2026.csv,JNJ,kept,ok
BON TON,656.0,2018-04-01,WARNDatabaseMasterExcluding2026.csv,BONTQ,kept,ok
QUAD GRAPHICS,167.0,2018-04-01,WARNDatabaseMasterExcluding2026.csv,QUAD,kept,ok
"CAMBA, INC.- LTW AT JUDITH S. KAYE HIGH SCHOOL",5.0,2018-03-30,WARNDatabaseMasterExcluding2026.csv,0P0001PO9U.F,kept,ok
"CAMBA, INC.- LTW CAMBA, INC.- LTW AT BROOKLYN ACADEMY HIGH SCHOOL",6.0,2018-03-30,WARNDatabaseMasterExcluding2026.csv,0P0001PO9U.F,kept,ok
"CAMBA, INC.- LTW AT BROOKLYN BRIDGE ACADEMY",4.0,2018-03-30,WARNDatabaseMasterExcluding2026.csv,0P0001PO9U.F,kept,ok
"CAMBA, INC.- LTW AT CASCADES HIGH SCHOOL",6.0,2018-03-30,WARNDatabaseMasterExcluding2026.csv,0P0001PO9U.F,kept,ok
"CAMBA, INC.- LTW AT INDEPENDENCE HIGH SCHOOL",7.0,2018-03-30,WARNDatabaseMasterExcluding2026.csv,0P0001PO9U.F,kept,ok
"CAMBA, INC.- LTW AT THE YOUNG ADULT BOROUGH CENTER AT THE SOUTH SHORE EDUCATIONAL CENTER",6.0,2018-03-30,WARNDatabaseMasterExcluding2026.csv,0P0001PO9U.F,kept,ok
JUSTICE,2.0,2018-03-28,WARNDatabaseMasterExcluding2026.csv,K6Z.F,kept,ok
WELLS FARGO,6.0,2018-03-28,WARNDatabaseMasterExcluding2026.csv,WFC,kept,ok
"PFIZER, INC.",7.0,2018-03-28,WARNDatabaseMasterExcluding2026.csv,PFE,kept,ok
WELLS FARGO & CO.,108.0,2018-03-27,WARNDatabaseMasterExcluding2026.csv,WFC,kept,ok
NIELSEN,724.0,2018-03-26,WARNDatabaseMasterExcluding2026.csv,SNIO.OL,kept,ok
"SODEXO, INC. (UNIVERSITY HOSPITAL OF BROOKLYN, SUNY DOWNSTATE MEDICAL CENTER",108.0,2018-03-26,WARNDatabaseMasterExcluding2026.csv,SW.PA,kept,ok
CINTAS CORPORATION,47.0,2018-03-23,WARNDatabaseMasterExcluding2026.csv,CTAS,kept,ok
SODEXO,169.0,2018-03-22,WARNDatabaseMasterExcluding2026.csv,0J3F.IL,kept,ok
THORNE,136.0,2018-03-21,WARNDatabaseMasterExcluding2026.csv,TTG.F,kept,ok
GENERAL ELECTRIC COMPANY,120.0,2018-03-21,WARNDatabaseMasterExcluding2026.csv,GE,kept,ok
SPRINT,333.0,2018-03-20,WARNDatabaseMasterExcluding2026.csv,688605.SS,kept,ok
CB&I,250.0,2018-03-20,WARNDatabaseMasterExcluding2026.csv,^TNX,kept,ok
DISH,60.0,2018-03-18,WARNDatabaseMasterExcluding2026.csv,DISHTV.NS,kept,ok
KONGSBERG AUTOMOTIVE,61.0,2018-03-17,WARNDatabaseMasterExcluding2026.csv,KOA.OL,kept,ok
TOYS R US,21.0,2018-03-15,WARNDatabaseMasterExcluding2026.csv,TOYRF,kept,ok
"TOYS ""R"" US, INC.",326.0,2018-03-15,WARNDatabaseMasterExcluding2026.csv,TOYRF,kept,ok
NRG ENERGY,89.0,2018-03-15,WARNDatabaseMasterExcluding2026.csv,NRG,kept,ok
"TOYS ""R"" US, INC., D/B/A TOYS ""R"" US AND/OR BABIES ""R"" US (BROOKLYN)",108.0,2018-03-15,WARNDatabaseMasterExcluding2026.csv,TOYRF,kept,ok
"TOYS ""R"" US, INC., D/B/A TOYS ""R"" US AND/OR BABIES ""R"" US (BRONX)",69.0,2018-03-15,WARNDatabaseMasterExcluding2026.csv,TOYRF,kept,ok
"TOYS ""R"" US, INC., D/B/A TOYS ""R"" US AND/OR BABIES ""R"" US (CARLE PLACE)",70.0,2018-03-15,WARNDatabaseMasterExcluding2026.csv,TOYRF,kept,ok
"TOYS ""R"" US, INC., D/B/A TOYS ""R"" US AND/OR BABIES ""R"" US (VALLEY STREAM)",70.0,2018-03-15,WARNDatabaseMasterExcluding2026.csv,TOYRF,kept,ok
"TOYS R US, INC.",241.0,2018-03-15,WARNDatabaseMasterExcluding2026.csv,TOYRF,kept,ok
"TOYS R US, INC.",88.0,2018-03-15,WARNDatabaseMasterExcluding2026.csv,TOYRF,kept,ok
"TOYS R US, INC.",39.0,2018-03-15,WARNDatabaseMasterExcluding2026.csv,TOYRF,kept,ok
ENVOY,114.0,2018-03-14,WARNDatabaseMasterExcluding2026.csv,COCHW,kept,ok
SNAP INC.,62.0,2018-03-12,WARNDatabaseMasterExcluding2026.csv,SNAP,kept,ok
SNAP INC.,30.0,2018-03-12,WARNDatabaseMasterExcluding2026.csv,SNAP,kept,ok
SPRINT,120.0,2018-03-09,WARNDatabaseMasterExcluding2026.csv,688605.SS,kept,ok
SENECA FOODS CORPORATION,1975.0,2018-03-09,WARNDatabaseMasterExcluding2026.csv,SENEA,kept,ok
"QUEST DIAGNOSTICS, INC",57.0,2018-03-08,WARNDatabaseMasterExcluding2026.csv,DGX,kept,ok
AMAZON,67.0,2018-03-07,WARNDatabaseMasterExcluding2026.csv,AMZN,kept,ok
"BEACHBODY, LLC",4.0,2018-03-07,WARNDatabaseMasterExcluding2026.csv,6K5.F,kept,ok
"BEACHBODY, LLC",70.0,2018-03-06,WARNDatabaseMasterExcluding2026.csv,6K5.F,kept,ok
"BEACHBODY, LLC",20.0,2018-03-06,WARNDatabaseMasterExcluding2026.csv,6K5.F,kept,ok
BAE SYSTEMS,80.0,2018-03-02,WARNDatabaseMasterExcluding2026.csv,BA.L,kept,ok
FEDERAL MOGUL,65.0,2018-03-02,WARNDatabaseMasterExcluding2026.csv,FMGOETZE.NS,kept,ok
HITACHI,61.0,2018-03-02,WARNDatabaseMasterExcluding2026.csv,6501.T,kept,ok
PPG,34.0,2018-03-02,WARNDatabaseMasterExcluding2026.csv,PPG,kept,ok
NILFISK,6.0,2018-03-01,WARNDatabaseMasterExcluding2026.csv,NF1.MU,kept,ok
TOYS 'R' US,38.0,2018-03-01,WARNDatabaseMasterExcluding2026.csv,TOYRF,kept,ok
TOYS 'R' US,40.0,2018-03-01,WARNDatabaseMasterExcluding2026.csv,TOYRF,kept,ok
TOYS 'R' US,45.0,2018-03-01,WARNDatabaseMasterExcluding2026.csv,TOYRF,kept,ok
TOYS 'R' US,45.0,2018-03-01,WARNDatabaseMasterExcluding2026.csv,TOYRF,kept,ok
TOYS 'R' US,41.0,2018-03-01,WARNDatabaseMasterExcluding2026.csv,TOYRF,kept,ok
FMC CORPORATION,53.0,2018-03-01,WARNDatabaseMasterExcluding2026.csv,FMC,kept,ok
AMAZON,77.0,2018-03-01,WARNDatabaseMasterExcluding2026.csv,AMZN,kept,ok
CINTAS CORPORATION,49.0,2018-03-01,WARNDatabaseMasterExcluding2026.csv,CTAS,kept,ok
"CINTAS CORPORATION NO, 2",49.0,2018-03-01,WARNDatabaseMasterExcluding2026.csv,CL=F,kept,ok
TOYS R US,,2018-03-01,WARNDatabaseMasterExcluding2026.csv,TOYRF,kept,ok
TOYS R US,473.0,2018-03-01,WARNDatabaseMasterExcluding2026.csv,TOYRF,kept,ok
LEIDOS,52.0,2018-03-01,WARNDatabaseMasterExcluding2026.csv,LDOS,kept,ok
JOHNSON & JOHNSON,4.0,2018-03-01,WARNDatabaseMasterExcluding2026.csv,JNJ,kept,ok
GOLDMAN SACHS BANK USA,39.0,2018-02-28,WARNDatabaseMasterExcluding2026.csv,AAHWMXX,kept,ok
GOLDMAN SACHS BANK USA,39.0,2018-02-28,WARNDatabaseMasterExcluding2026.csv,AAHWMXX,kept,ok
SEARS HOLDINGS CORPORATION,43.0,2018-02-28,WARNDatabaseMasterExcluding2026.csv,SHLD,kept,ok
SEARS HOLDINGS CORPORATION,7.0,2018-02-28,WARNDatabaseMasterExcluding2026.csv,SHLD,kept,ok
"ARROW ELECTRONICS, INC.-DALLAS",66.0,2018-02-23,WARNDatabaseMasterExcluding2026.csv,ARW,kept,ok
"PFIZER, INC.",12.0,2018-02-23,WARNDatabaseMasterExcluding2026.csv,PFE,kept,ok
"ACS, LLC",60.0,2018-02-21,WARNDatabaseMasterExcluding2026.csv,0P0001F2HF.L,kept,ok
"NETAPP, INC.",70.0,2018-02-21,WARNDatabaseMasterExcluding2026.csv,NTAP,kept,ok
CARDINAL HEALTH,101.0,2018-02-20,WARNDatabaseMasterExcluding2026.csv,CAH,kept,ok
"TYSON FOODS, INC.",401.0,2018-02-15,WARNDatabaseMasterExcluding2026.csv,TSN,kept,ok
"ILLUMINA, INC.",55.0,2018-02-13,WARNDatabaseMasterExcluding2026.csv,ILMN,kept,ok
"ILLUMINA, INC.",3.0,2018-02-13,WARNDatabaseMasterExcluding2026.csv,ILMN,kept,ok
"ILLUMINA, INC.",2.0,2018-02-13,WARNDatabaseMasterExcluding2026.csv,ILMN,kept,ok
CPI CARD GROUP,79.0,2018-02-12,WARNDatabaseMasterExcluding2026.csv,PMTS,kept,ok
LITTELFUSE,54.0,2018-02-12,WARNDatabaseMasterExcluding2026.csv,LFUS,kept,ok
"ILLUMINA, INC.",1.0,2018-02-12,WARNDatabaseMasterExcluding2026.csv,ILMN,kept,ok
BOEING COMPANY,3.0,2018-02-06,WARNDatabaseMasterExcluding2026.csv,BA,kept,ok
AES CORPORATION,70.0,2018-02-05,WARNDatabaseMasterExcluding2026.csv,AES,kept,ok
COMPASS GROUP,396.0,2018-02-05,WARNDatabaseMasterExcluding2026.csv,XGR.F,kept,ok
SCHNEIDER ELECTRIC,33.0,2018-02-05,WARNDatabaseMasterExcluding2026.csv,SU.PA,kept,ok
COMPASS GROUP,4.0,2018-02-02,WARNDatabaseMasterExcluding2026.csv,XGR.F,kept,ok
"COMPASS GROUP, USA, INC.",6.0,2018-02-02,WARNDatabaseMasterExcluding2026.csv,XGR.F,kept,ok
"COMPASS GROUP, USA INC.",5.0,2018-02-01,WARNDatabaseMasterExcluding2026.csv,XGR.F,kept,ok
WALMART,95.0,2018-02-01,WARNDatabaseMasterExcluding2026.csv,WMT,kept,ok
COMPASS GROUP,3.0,2018-02-01,WARNDatabaseMasterExcluding2026.csv,XGR.F,kept,ok
VERIZON,100.0,2018-02-01,WARNDatabaseMasterExcluding2026.csv,VZ,kept,ok
WESTROCK,20.0,2018-02-01,WARNDatabaseMasterExcluding2026.csv,SW,kept,ok
TOYS 'R' US,30.0,2018-02-01,WARNDatabaseMasterExcluding2026.csv,TOYRF,kept,ok
ALLETE,75.0,2018-02-01,WARNDatabaseMasterExcluding2026.csv,ALLETEC-SM.NS,kept,ok
WALMART INC,149.0,2018-02-01,WARNDatabaseMasterExcluding2026.csv,WMT,kept,ok
WALMART,95.0,2018-02-01,WARNDatabaseMasterExcluding2026.csv,WMT,kept,ok
JOHNSON & JOHNSON,4.0,2018-02-01,WARNDatabaseMasterExcluding2026.csv,JNJ,kept,ok
ARROW ELECTRONICS,13.0,2018-02-01,WARNDatabaseMasterExcluding2026.csv,ARW,kept,ok
MACY'S,94.0,2018-02-01,WARNDatabaseMasterExcluding2026.csv,M,kept,ok
SYKES,96.0,2018-02-01,WARNDatabaseMasterExcluding2026.csv,ASY.L,kept,ok
BOEING COMPANY,5.0,2018-01-31,WARNDatabaseMasterExcluding2026.csv,BA,kept,ok
BOEING COMPANY,3.0,2018-01-31,WARNDatabaseMasterExcluding2026.csv,BA,kept,ok
RAMBUS INC.,52.0,2018-01-30,WARNDatabaseMasterExcluding2026.csv,RMBS,kept,ok
LEE ENTERPRISES,93.0,2018-01-29,WARNDatabaseMasterExcluding2026.csv,LEE,kept,ok
LEE ENTERPRISES,93.0,2018-01-29,WARNDatabaseMasterExcluding2026.csv,LEE,kept,ok
"BAE SYSTEMS, INC.",141.0,2018-01-29,WARNDatabaseMasterExcluding2026.csv,BA.L,kept,ok
DUPONT,28.0,2018-01-26,WARNDatabaseMasterExcluding2026.csv,DD,kept,ok
"SERCO, INC.",660.0,2018-01-26,WARNDatabaseMasterExcluding2026.csv,5388.TW,kept,ok
DUPONT,28.0,2018-01-26,WARNDatabaseMasterExcluding2026.csv,DD,kept,ok
SIEMENS,202.0,2018-01-24,WARNDatabaseMasterExcluding2026.csv,SIE.DE,kept,ok
SIEMENS,202.0,2018-01-24,WARNDatabaseMasterExcluding2026.csv,SIE.DE,kept,ok
TOYS R US,50.0,2018-01-24,WARNDatabaseMasterExcluding2026.csv,TOYRF,kept,ok
"MISTRAS GROUP, INC. AND SUBSIDIARY QUALITY SERVICES LABORATORIES IN",261.0,2018-01-23,WARNDatabaseMasterExcluding2026.csv,MG,kept,ok
ACCO BRANDS,26.0,2018-01-22,WARNDatabaseMasterExcluding2026.csv,ACCO,kept,ok
FLUOR,54.0,2018-01-22,WARNDatabaseMasterExcluding2026.csv,FLR,kept,ok
COCA-COLA,138.0,2018-01-22,WARNDatabaseMasterExcluding2026.csv,KO,kept,ok
JABIL INC.,83.0,2018-01-22,WARNDatabaseMasterExcluding2026.csv,JBL,kept,ok
"TYSON FOODS, INC.",79.0,2018-01-17,WARNDatabaseMasterExcluding2026.csv,TSN,kept,ok
WALMART,37.0,2018-01-16,WARNDatabaseMasterExcluding2026.csv,WMT,kept,ok
"CALIFORNIA DAIRIES, INC. (CDI)",63.0,2018-01-16,WARNDatabaseMasterExcluding2026.csv,XYZ.AX,kept,ok
SCHNEIDER ELECTRIC,61.0,2018-01-15,WARNDatabaseMasterExcluding2026.csv,SU.PA,kept,ok
SCHNEIDER ELECTRIC,61.0,2018-01-15,WARNDatabaseMasterExcluding2026.csv,SU.PA,kept,ok
"PFIZER, INC.",8.0,2018-01-12,WARNDatabaseMasterExcluding2026.csv,PFE,kept,ok
CONSTELLATION,25.0,2018-01-10,WARNDatabaseMasterExcluding2026.csv,CEG,kept,ok
MACY'S,104.0,2018-01-10,WARNDatabaseMasterExcluding2026.csv,M,kept,ok
SEARS HOLDINGS,43.0,2018-01-10,WARNDatabaseMasterExcluding2026.csv,SHLD,kept,ok
SEARS HOLDINGS,59.0,2018-01-10,WARNDatabaseMasterExcluding2026.csv,SHLD,kept,ok
SEARS HOLDINGS CORPORATION,88.0,2018-01-10,WARNDatabaseMasterExcluding2026.csv,SHLD,kept,ok
SEARS HOLDINGS CORPORATION,76.0,2018-01-10,WARNDatabaseMasterExcluding2026.csv,SHLD,kept,ok
SEARS HOLDINGS CORPORATION,72.0,2018-01-10,WARNDatabaseMasterExcluding2026.csv,SHLD,kept,ok
SEARS HOLDINGS CORPORATION,67.0,2018-01-10,WARNDatabaseMasterExcluding2026.csv,SHLD,kept,ok
XEROX CORPORATION,47.0,2018-01-10,WARNDatabaseMasterExcluding2026.csv,XRX,kept,ok
EVOLENT HEALTH,91.0,2018-01-09,WARNDatabaseMasterExcluding2026.csv,EVH,kept,ok
MACYS,197.0,2018-01-09,WARNDatabaseMasterExcluding2026.csv,M,kept,ok
MACYS,128.0,2018-01-09,WARNDatabaseMasterExcluding2026.csv,M,kept,ok
MACYS,111.0,2018-01-09,WARNDatabaseMasterExcluding2026.csv,M,kept,ok
LOCKHEED MARTIN CORPORATION,20.0,2018-01-09,WARNDatabaseMasterExcluding2026.csv,LMT,kept,ok
"BROOKDALE SENIOR LIVING, INC",110.0,2018-01-08,WARNDatabaseMasterExcluding2026.csv,BKD,kept,ok
ALBERTSONS,76.0,2018-01-05,WARNDatabaseMasterExcluding2026.csv,ACI,kept,ok
"CONAGRA FOODS, INC. (UPDATED 01-30-2018)",282.0,2018-01-05,WARNDatabaseMasterExcluding2026.csv,CAG,kept,ok
"GOPRO, INC.",140.0,2018-01-05,WARNDatabaseMasterExcluding2026.csv,GPRO,kept,ok
SCHNEIDER ELECTRIC,9.0,2018-01-05,WARNDatabaseMasterExcluding2026.csv,SU.PA,kept,ok
SEARS HOLDINGS,67.0,2018-01-04,WARNDatabaseMasterExcluding2026.csv,SHLD,kept,ok
WALMART,86.0,2018-01-04,WARNDatabaseMasterExcluding2026.csv,WMT,kept,ok
SODEXO,127.0,2018-01-03,WARNDatabaseMasterExcluding2026.csv,0J3F.IL,kept,ok
"PFIZER, INC.",13.0,2018-01-02,WARNDatabaseMasterExcluding2026.csv,PFE,kept,ok
"ACCOUNTABLE HEALTHCARE, IPA",66.0,2018-01-02,WARNDatabaseMasterExcluding2026.csv,VXX,kept,ok
ELECTROLUX,900.0,2018-01-01,WARNDatabaseMasterExcluding2026.csv,ELXA.F,kept,ok
SEARS HOLDINGS,49.0,2018-01-01,WARNDatabaseMasterExcluding2026.csv,SHLD,kept,ok
MCKESSON CORPORATION,102.0,2018-01-01,WARNDatabaseMasterExcluding2026.csv,MCK,kept,ok
KONGSBERG AUTOMOTIVE,97.0,2018-01-01,WARNDatabaseMasterExcluding2026.csv,KOA.OL,kept,ok
JOHNSON & JOHNSON,34.0,2018-01-01,WARNDatabaseMasterExcluding2026.csv,JNJ,kept,ok
"SODEXO, INC. PINNACLE HEALTH SYSTEM - WEST SHORE HOSPITAL",73.0,2018-01-01,WARNDatabaseMasterExcluding2026.csv,SW.PA,kept,ok
"SODEXO, INC., UPMC PINNACLE HEALTH SYSTEM, COMMUNITY HOSPITAL, HARRISBURG, POLY CLINIC",389.0,2018-01-01,WARNDatabaseMasterExcluding2026.csv,SW.PA,kept,ok
BOEING COMPANY,2.0,2017-12-27,WARNDatabaseMasterExcluding2026.csv,BA,kept,ok
BOEING COMPANY,1.0,2017-12-26,WARNDatabaseMasterExcluding2026.csv,BA,kept,ok
CB&I,163.0,2017-12-21,WARNDatabaseMasterExcluding2026.csv,^TNX,kept,ok
"MARRIOTT INTERNATIONAL, INC.",6.0,2017-12-21,WARNDatabaseMasterExcluding2026.csv,MAR,kept,ok
BOEING COMPANY,1.0,2017-12-21,WARNDatabaseMasterExcluding2026.csv,BA,kept,ok
"HUGE, INC.",23.0,2017-12-19,WARNDatabaseMasterExcluding2026.csv,HUGE.AX,kept,ok
CHS,63.0,2017-12-18,WARNDatabaseMasterExcluding2026.csv,CHSPI.SW,kept,ok
WESTROCK,76.0,2017-12-14,WARNDatabaseMasterExcluding2026.csv,SW,kept,ok
"NIKE, INC. (NIKETOWN MIDTOWN)",357.0,2017-12-14,WARNDatabaseMasterExcluding2026.csv,NKE,kept,ok
"TYSON FOODS, INC.",40.0,2017-12-13,WARNDatabaseMasterExcluding2026.csv,TSN,kept,ok
"NORTHROP GRUMMAN CORPORATION, AEROSPACE",82.0,2017-12-08,WARNDatabaseMasterExcluding2026.csv,NOC,kept,ok
"MATTEL, INC.",70.0,2017-12-08,WARNDatabaseMasterExcluding2026.csv,MAT,kept,ok
"NORTHROP GRUMMAN CORPORATION, AEROSPACE",51.0,2017-12-08,WARNDatabaseMasterExcluding2026.csv,NOC,kept,ok
CB&I,195.0,2017-12-07,WARNDatabaseMasterExcluding2026.csv,^TNX,kept,ok
TD AMERITRADE HOLDING CORPORATION,84.0,2017-12-06,WARNDatabaseMasterExcluding2026.csv,AMTD,kept,ok
SANMINA CORPORATION,161.0,2017-12-06,WARNDatabaseMasterExcluding2026.csv,SANM,kept,ok
"MERCK & CO., INC.",50.0,2017-12-05,WARNDatabaseMasterExcluding2026.csv,MRK,kept,ok
"PFIZER, INC.",3.0,2017-12-05,WARNDatabaseMasterExcluding2026.csv,PFE,kept,ok
"AUTODESK, INC",108.0,2017-12-04,WARNDatabaseMasterExcluding2026.csv,ADSK,kept,ok
"AUTODESK, INC.",49.0,2017-12-04,WARNDatabaseMasterExcluding2026.csv,ADSK,kept,ok
"CHS, INC.",53.0,2017-12-01,WARNDatabaseMasterExcluding2026.csv,CHSCP,kept,ok
CHS INC.,78.0,2017-12-01,WARNDatabaseMasterExcluding2026.csv,CHSCP,kept,ok
"CHS, INC.",53.0,2017-12-01,WARNDatabaseMasterExcluding2026.csv,CHSCP,kept,ok
BOSTON SCIENTIFIC CORPORATION,289.0,2017-12-01,WARNDatabaseMasterExcluding2026.csv,BSX,kept,ok
GENERAL ELECTRIC COMPANY,158.0,2017-12-01,WARNDatabaseMasterExcluding2026.csv,GE,kept,ok
"CRUNCH, LLC",48.0,2017-12-01,WARNDatabaseMasterExcluding2026.csv,CFISH.ST,kept,ok
"KODIAK SUPPORT SERVICES, JV",125.0,2017-11-30,WARNDatabaseMasterExcluding2026.csv,6632.T,kept,ok
GE DIGITAL,80.0,2017-11-30,WARNDatabaseMasterExcluding2026.csv,GEN,kept,ok
"BUZZFEED, INC.",3.0,2017-11-30,WARNDatabaseMasterExcluding2026.csv,BZFDW,kept,ok
MARRIOTT,20.0,2017-11-29,WARNDatabaseMasterExcluding2026.csv,MAR,kept,ok
CLEARWATER PAPER,108.0,2017-11-29,WARNDatabaseMasterExcluding2026.csv,CLW,kept,ok
"BUZZFEED, INC.",69.0,2017-11-29,WARNDatabaseMasterExcluding2026.csv,BZFDW,kept,ok
THE BOEING COMPANY,4.0,2017-11-28,WARNDatabaseMasterExcluding2026.csv,BA,kept,ok
THE BOEING COMPANY,1.0,2017-11-28,WARNDatabaseMasterExcluding2026.csv,BA,kept,ok
THE BON-TON STORES INC.,47.0,2017-11-27,WARNDatabaseMasterExcluding2026.csv,BONTQ,kept,ok
VERIZON,190.0,2017-11-27,WARNDatabaseMasterExcluding2026.csv,VZ,kept,ok
"PRYSM, INC.",61.0,2017-11-22,WARNDatabaseMasterExcluding2026.csv,PRY.MI,kept,ok
"PRYSM, INC.",61.0,2017-11-22,WARNDatabaseMasterExcluding2026.csv,PRY.MI,kept,ok
"METTLER-TOLEDO, LLC HI-SPEED DIVISION",69.0,2017-11-22,WARNDatabaseMasterExcluding2026.csv,MTD,kept,ok
"PRYSM, INC.",148.0,2017-11-22,WARNDatabaseMasterExcluding2026.csv,PRY.MI,kept,ok
"PFIZER, INC.",5.0,2017-11-20,WARNDatabaseMasterExcluding2026.csv,PFE,kept,ok
"QUAD/GRAPHICS, INC.",116.0,2017-11-15,WARNDatabaseMasterExcluding2026.csv,QUAD,kept,ok
"TYSON FOODS, INC.",17.0,2017-11-15,WARNDatabaseMasterExcluding2026.csv,TSN,kept,ok
NORTHROP GRUMMAN,43.0,2017-11-14,WARNDatabaseMasterExcluding2026.csv,NOC,kept,ok
"CHARLES RIVER LABORATORIES, INC.",57.0,2017-11-13,WARNDatabaseMasterExcluding2026.csv,CRL,kept,ok
"TERRAFINA, LLC",109.0,2017-11-10,WARNDatabaseMasterExcluding2026.csv,CBAOF,kept,ok
NESTLE,498.0,2017-11-06,WARNDatabaseMasterExcluding2026.csv,NESN.SW,kept,ok
BUILD-A-BEAR WORKSHOP INC.,72.0,2017-11-03,WARNDatabaseMasterExcluding2026.csv,BBW,kept,ok
SCHNEIDER ELECTRIC,18.0,2017-11-03,WARNDatabaseMasterExcluding2026.csv,SU.PA,kept,ok
BOEING COMPANY,9.0,2017-11-03,WARNDatabaseMasterExcluding2026.csv,BA,kept,ok
BOEING COMPANY,6.0,2017-11-03,WARNDatabaseMasterExcluding2026.csv,BA,kept,ok
UNITEDHEALTH GROUP,381.0,2017-11-02,WARNDatabaseMasterExcluding2026.csv,UNH,kept,ok
WALMART,65.0,2017-11-02,WARNDatabaseMasterExcluding2026.csv,WMT,kept,ok
BOEING,2.0,2017-11-02,WARNDatabaseMasterExcluding2026.csv,BA,kept,ok
DUPONT,66.0,2017-11-02,WARNDatabaseMasterExcluding2026.csv,DD,kept,ok
"ADIENT, PLC",146.0,2017-11-02,WARNDatabaseMasterExcluding2026.csv,ADNT,kept,ok
"SODEXO, INC",30.0,2017-11-02,WARNDatabaseMasterExcluding2026.csv,SJ7.SG,kept,ok
PARKER HANNIFIN CORPORATION,61.0,2017-11-02,WARNDatabaseMasterExcluding2026.csv,PH,kept,ok
UNITEDHEALTH GROUP,138.0,2017-11-02,WARNDatabaseMasterExcluding2026.csv,UNH,kept,ok
NORTHROP GRUMMAN,50.0,2017-11-02,WARNDatabaseMasterExcluding2026.csv,NOC,kept,ok
PARKER HANNIFIN CORPORATION,61.0,2017-11-02,WARNDatabaseMasterExcluding2026.csv,PH,kept,ok
DUPONT,66.0,2017-11-02,WARNDatabaseMasterExcluding2026.csv,DD,kept,ok
AMGEN,121.0,2017-11-02,WARNDatabaseMasterExcluding2026.csv,AMGN,kept,ok
"TYSON FOODS, INC.",53.0,2017-11-02,WARNDatabaseMasterExcluding2026.csv,TSN,kept,ok
JIVE,18.0,2017-11-01,WARNDatabaseMasterExcluding2026.csv,JIVE,kept,ok
LOCKHEED MARTIN,79.0,2017-11-01,WARNDatabaseMasterExcluding2026.csv,LMT,kept,ok
"THE GEO GROUP, INC. COLEMAN HALL FACILITY",51.0,2017-11-01,WARNDatabaseMasterExcluding2026.csv,GEO,kept,ok
WELLS FARGO,468.0,2017-11-01,WARNDatabaseMasterExcluding2026.csv,WFC,kept,ok
METLIFE,61.0,2017-10-31,WARNDatabaseMasterExcluding2026.csv,MET,kept,ok
"API TECHNOLOGIES, CORP.",61.0,2017-10-27,WARNDatabaseMasterExcluding2026.csv,SPCX,kept,ok
MCKESSON CORPORATION,129.0,2017-10-27,WARNDatabaseMasterExcluding2026.csv,MCK,kept,ok
"PFIZER, INC.",24.0,2017-10-26,WARNDatabaseMasterExcluding2026.csv,PFE,kept,ok
"MOLINA HEALTHCARE, INC. (MHI)",44.0,2017-10-26,WARNDatabaseMasterExcluding2026.csv,MOH,kept,ok
LEIDOS,62.0,2017-10-24,WARNDatabaseMasterExcluding2026.csv,LDOS,kept,ok
BOEING COMPANY,46.0,2017-10-24,WARNDatabaseMasterExcluding2026.csv,BA,kept,ok
"MARRIOTT INTERNATIONAL, INC.",107.0,2017-10-23,WARNDatabaseMasterExcluding2026.csv,MAR,kept,ok
BOEING COMPANY,38.0,2017-10-23,WARNDatabaseMasterExcluding2026.csv,BA,kept,ok
"CAPITAL ONE, N.A.",132.0,2017-10-20,WARNDatabaseMasterExcluding2026.csv,COF,kept,ok
"MUSEUM OF ICE CREAM, LOS ANGELES",114.0,2017-10-19,WARNDatabaseMasterExcluding2026.csv,0P0001A0GX.L,kept,ok
TECHNICOLOR,95.0,2017-10-18,WARNDatabaseMasterExcluding2026.csv,TNM2.DU,kept,ok
TECHNICOLOR,95.0,2017-10-18,WARNDatabaseMasterExcluding2026.csv,TNM2.DU,kept,ok
MOLINA HEALTHCARE INC.,53.0,2017-10-17,WARNDatabaseMasterExcluding2026.csv,MOH,kept,ok
SCHNEIDER ELECTRIC,15.0,2017-10-16,WARNDatabaseMasterExcluding2026.csv,SU.PA,kept,ok
"RCO LEGAL, PS",12.0,2017-10-13,WARNDatabaseMasterExcluding2026.csv,PS,kept,ok
"ROYAL BANK OF SCOTLAND, PLC AND RBS SECURITIES INC. (UPDATED NOTICE)",43.0,2017-10-12,WARNDatabaseMasterExcluding2026.csv,AATIFXX,kept,ok
TD AMERITRADE HOLDING CORPORATION,32.0,2017-10-10,WARNDatabaseMasterExcluding2026.csv,AMTD,kept,ok
RHD,80.0,2017-10-08,WARNDatabaseMasterExcluding2026.csv,0P0001AHQB.SI,kept,ok
RHD,80.0,2017-10-08,WARNDatabaseMasterExcluding2026.csv,0P0001AHQB.SI,kept,ok
BATH & BODY WORKS,56.0,2017-10-04,WARNDatabaseMasterExcluding2026.csv,BBWI,kept,ok
CVS HEALTH,51.0,2017-10-03,WARNDatabaseMasterExcluding2026.csv,CVS,kept,ok
CONCENTRIX CORPORATION,192.0,2017-10-02,WARNDatabaseMasterExcluding2026.csv,CNXC,kept,ok
ELI LILLY,78.0,2017-10-01,WARNDatabaseMasterExcluding2026.csv,LLY,kept,ok
BRISTOL-MYERS SQUIBB,61.0,2017-10-01,WARNDatabaseMasterExcluding2026.csv,BMY,kept,ok
CVS HEALTH,12.0,2017-10-01,WARNDatabaseMasterExcluding2026.csv,CVS,kept,ok
JOHNSON & JOHNSON,297.0,2017-10-01,WARNDatabaseMasterExcluding2026.csv,JNJ,kept,ok
WALMART,197.0,2017-10-01,WARNDatabaseMasterExcluding2026.csv,WMT,kept,ok
SCANA,617.0,2017-09-30,WARNDatabaseMasterExcluding2026.csv,1MP.F,kept,ok
TOGETHER,2.0,2017-09-30,WARNDatabaseMasterExcluding2026.csv,TGTR.TA,kept,ok
"MOLINA HEALTHCARE, INC.",13.0,2017-09-29,WARNDatabaseMasterExcluding2026.csv,MOH,kept,ok
FEDERAL-MOGUL,56.0,2017-09-28,WARNDatabaseMasterExcluding2026.csv,FMGOETZE.NS,kept,ok
RENT A CENTER,4.0,2017-09-27,WARNDatabaseMasterExcluding2026.csv,RAC.SG,kept,ok
NRG ENERGY,84.0,2017-09-27,WARNDatabaseMasterExcluding2026.csv,NRG,kept,ok
"SPECIALTY RETAILERS, INC.",100.0,2017-09-27,WARNDatabaseMasterExcluding2026.csv,^NQUSB40401030LM,kept,ok
"SHIEL HOLDINGS, LLC (SHIEL MEDICAL LABORATORY, A DIVISION OF FRESENIUS MEDICAL CARE, NA)",239.0,2017-09-27,WARNDatabaseMasterExcluding2026.csv,NG=F,kept,ok
RYDER,361.0,2017-09-26,WARNDatabaseMasterExcluding2026.csv,R,kept,ok
TEMPLE BAR,13.0,2017-09-26,WARNDatabaseMasterExcluding2026.csv,1N00.SG,kept,ok
"CISCO SYSTEMS, INC.",310.0,2017-09-26,WARNDatabaseMasterExcluding2026.csv,CSCO,kept,ok
SCHNEIDER ELECTRIC,78.0,2017-09-25,WARNDatabaseMasterExcluding2026.csv,SU.PA,kept,ok
"CB&I, INC. - 850 PINE STREET",455.0,2017-09-22,WARNDatabaseMasterExcluding2026.csv,^TNX,kept,ok
CHARTER COMMUNICATIONS,52.0,2017-09-21,WARNDatabaseMasterExcluding2026.csv,CHTR,kept,ok
"D.F. STAUFFER BISCUIT, CO.",51.0,2017-09-20,WARNDatabaseMasterExcluding2026.csv,HG=F,kept,ok
"PEOPLES, INC.",78.0,2017-09-19,WARNDatabaseMasterExcluding2026.csv,NWPP,kept,ok
BOEING,18.0,2017-09-18,WARNDatabaseMasterExcluding2026.csv,BA,kept,ok
BOEING COMPANY,3.0,2017-09-18,WARNDatabaseMasterExcluding2026.csv,BA,kept,ok
"MOLINA HEALTHCARE, INC.",194.0,2017-09-18,WARNDatabaseMasterExcluding2026.csv,MOH,kept,ok
"MOLINA HEALTHCARE, INC.",3.0,2017-09-18,WARNDatabaseMasterExcluding2026.csv,MOH,kept,ok
"MOLINA HEALTHCARE, INC.",1.0,2017-09-18,WARNDatabaseMasterExcluding2026.csv,MOH,kept,ok
RYDER,100.0,2017-09-14,WARNDatabaseMasterExcluding2026.csv,R,kept,ok
D+H CORPORATION,49.0,2017-09-08,WARNDatabaseMasterExcluding2026.csv,7372.T,kept,ok
NCR,35.0,2017-09-06,WARNDatabaseMasterExcluding2026.csv,VYX,kept,ok
WELLS FARGO,3.0,2017-09-06,WARNDatabaseMasterExcluding2026.csv,WFC,kept,ok
"MEGA MART, LLC. (DBA PICK 'N SAVE)",71.0,2017-09-06,WARNDatabaseMasterExcluding2026.csv,VMM.BO,kept,ok
WELLS FARGO,3.0,2017-09-06,WARNDatabaseMasterExcluding2026.csv,WFC,kept,ok
"SODEXO, INC. (@EF EDUCATION FIRST)",57.0,2017-09-05,WARNDatabaseMasterExcluding2026.csv,SW.PA,kept,ok
SIEMENS,137.0,2017-09-01,WARNDatabaseMasterExcluding2026.csv,SIE.DE,kept,ok
NIKE,490.0,2017-08-31,WARNDatabaseMasterExcluding2026.csv,NKE,kept,ok
NIKE,255.0,2017-08-31,WARNDatabaseMasterExcluding2026.csv,NKE,kept,ok
"TESLA, INC.",63.0,2017-08-30,WARNDatabaseMasterExcluding2026.csv,TSLA,kept,ok
"THE HONEST COMPANY, INC.",69.0,2017-08-28,WARNDatabaseMasterExcluding2026.csv,HNST,kept,ok
"SODEXO, INC",68.0,2017-08-28,WARNDatabaseMasterExcluding2026.csv,SJ7.SG,kept,ok
BOEING COMPANY,21.0,2017-08-28,WARNDatabaseMasterExcluding2026.csv,BA,kept,ok
BOEING COMPANY,11.0,2017-08-28,WARNDatabaseMasterExcluding2026.csv,BA,kept,ok
HSBC,3.0,2017-08-25,WARNDatabaseMasterExcluding2026.csv,HSBC,kept,ok
HSBC,3.0,2017-08-25,WARNDatabaseMasterExcluding2026.csv,HSBC,kept,ok
SCHNEIDER ELECTRIC,2.0,2017-08-25,WARNDatabaseMasterExcluding2026.csv,SU.PA,kept,ok
BOEING,74.0,2017-08-24,WARNDatabaseMasterExcluding2026.csv,BA,kept,ok
GENPACT,104.0,2017-08-22,WARNDatabaseMasterExcluding2026.csv,G,kept,ok
EBAY INC.,197.0,2017-08-21,WARNDatabaseMasterExcluding2026.csv,EBAY,kept,ok
"ALEVO, USA, INC. (ALEVO MANUFACTURING, INC.)",290.0,2017-08-18,WARNDatabaseMasterExcluding2026.csv,USA,kept,ok
"ROYAL BANK OF SCOTLAND, PLC AND RBS SECURITIES INC. (UPDATED NOTICE)",10.0,2017-08-17,WARNDatabaseMasterExcluding2026.csv,AATIFXX,kept,ok
"BRIDGEPOINT EDUCATION, INC.",50.0,2017-08-17,WARNDatabaseMasterExcluding2026.csv,BPI,kept,ok
WELLS FARGO,1.0,2017-08-10,WARNDatabaseMasterExcluding2026.csv,WFC,kept,ok
WELLS FARGO,1.0,2017-08-10,WARNDatabaseMasterExcluding2026.csv,WFC,kept,ok
ARMSTRONG FLOORING INC.,215.0,2017-08-07,WARNDatabaseMasterExcluding2026.csv,AFIIQ,kept,ok
ARMSTRONG FLOORING,93.0,2017-08-07,WARNDatabaseMasterExcluding2026.csv,AFIIQ,kept,ok
WESTROCK,80.0,2017-08-01,WARNDatabaseMasterExcluding2026.csv,SW,kept,ok
BRISTOL-MYERS SQUIBB,58.0,2017-08-01,WARNDatabaseMasterExcluding2026.csv,BMY,kept,ok
FLUOR CORPORATION,,2017-08-01,WARNDatabaseMasterExcluding2026.csv,FLR,kept,ok
WESTROCK,80.0,2017-08-01,WARNDatabaseMasterExcluding2026.csv,SW,kept,ok
"EXCEL INC., DBA DHL SUPPLY CHAIN",223.0,2017-08-01,WARNDatabaseMasterExcluding2026.csv,8987.T,kept,ok
SUNOCO LP,94.0,2017-08-01,WARNDatabaseMasterExcluding2026.csv,SUN,kept,ok
SCHNEIDER ELECTRIC,78.0,2017-08-01,WARNDatabaseMasterExcluding2026.csv,SU.PA,kept,ok
"YP, LLC",105.0,2017-07-31,WARNDatabaseMasterExcluding2026.csv,YPF,kept,ok
"YP, LLC",105.0,2017-07-31,WARNDatabaseMasterExcluding2026.csv,YPF,kept,ok
THE BOEING COMPANY,54.0,2017-07-31,WARNDatabaseMasterExcluding2026.csv,BA,kept,ok
THE BOEING COMPANY,21.0,2017-07-31,WARNDatabaseMasterExcluding2026.csv,BA,kept,ok
AM GENERAL,435.0,2017-07-28,WARNDatabaseMasterExcluding2026.csv,0P0000XHCX.L,kept,ok
AM GENERAL,435.0,2017-07-28,WARNDatabaseMasterExcluding2026.csv,0P0000XHCX.L,kept,ok
"CISCO SYSTEMS, INC.",9.0,2017-07-28,WARNDatabaseMasterExcluding2026.csv,CSCO,kept,ok
BOEING,220.0,2017-07-27,WARNDatabaseMasterExcluding2026.csv,BA,kept,ok
"MOLINA HEALTHCARE, INC. (MHI)",5.0,2017-07-27,WARNDatabaseMasterExcluding2026.csv,MOH,kept,ok
"MOLINA HEALTHCARE, INC. (MHI)",4.0,2017-07-27,WARNDatabaseMasterExcluding2026.csv,MOH,kept,ok
"XYLEM, INC.",85.0,2017-07-26,WARNDatabaseMasterExcluding2026.csv,XYL,kept,ok
BANK OF THE WEST,54.0,2017-07-25,WARNDatabaseMasterExcluding2026.csv,AATKRXX,kept,ok
CB&I,90.0,2017-07-21,WARNDatabaseMasterExcluding2026.csv,^TNX,kept,ok
"SPECTRUM BRANDS, INC.",130.0,2017-07-19,WARNDatabaseMasterExcluding2026.csv,SPB,kept,ok
BEST BUY,106.0,2017-07-19,WARNDatabaseMasterExcluding2026.csv,BBY,kept,ok
PARKER HANNIFIN CORPORATION,221.0,2017-07-17,WARNDatabaseMasterExcluding2026.csv,PH,kept,ok
WESTROCK,94.0,2017-07-17,WARNDatabaseMasterExcluding2026.csv,SW,kept,ok
"THE ANDERSONS INC. MOWER CENTER, RETAIL GROUP",28.0,2017-07-14,WARNDatabaseMasterExcluding2026.csv,000785.SZ,kept,ok
"ADP, LLC",25.0,2017-07-14,WARNDatabaseMasterExcluding2026.csv,ADP,kept,ok
"YP, LLC",35.0,2017-07-14,WARNDatabaseMasterExcluding2026.csv,YPF,kept,ok
WELLS FARGO,7.0,2017-07-13,WARNDatabaseMasterExcluding2026.csv,WFC,kept,ok
WELLS FARGO & CO,120.0,2017-07-13,WARNDatabaseMasterExcluding2026.csv,WFC,kept,ok
"ROYAL BANK OF SCOTLAND, PLC AND RBS SECURITIES INC. (UPDATED NOTICE)",23.0,2017-07-13,WARNDatabaseMasterExcluding2026.csv,AATIFXX,kept,ok
WELLS FARGO,7.0,2017-07-13,WARNDatabaseMasterExcluding2026.csv,WFC,kept,ok
WESTROCK,145.0,2017-07-11,WARNDatabaseMasterExcluding2026.csv,SW,kept,ok
SEARS,74.0,2017-07-11,WARNDatabaseMasterExcluding2026.csv,SRSCQ,kept,ok
SEARS,12.0,2017-07-11,WARNDatabaseMasterExcluding2026.csv,SRSCQ,kept,ok
STAPLES,221.0,2017-07-07,WARNDatabaseMasterExcluding2026.csv,XAP=F,kept,ok
HSBC,197.0,2017-07-03,WARNDatabaseMasterExcluding2026.csv,HSBC,kept,ok
HSBC,197.0,2017-07-03,WARNDatabaseMasterExcluding2026.csv,HSBC,kept,ok
"MICRON TECHNOLOGY, INC.",57.0,2017-07-03,WARNDatabaseMasterExcluding2026.csv,MU,kept,ok
THE BOEING COMPANY,47.0,2017-07-03,WARNDatabaseMasterExcluding2026.csv,BA,kept,ok
THE BOEING COMPANY,40.0,2017-07-03,WARNDatabaseMasterExcluding2026.csv,BA,kept,ok
SEARS HOLDINGS,126.0,2017-07-01,WARNDatabaseMasterExcluding2026.csv,SHLD,kept,ok
BOEING,89.0,2017-06-30,WARNDatabaseMasterExcluding2026.csv,BA,kept,ok
SODEXO,525.0,2017-06-30,WARNDatabaseMasterExcluding2026.csv,SWN.MX,kept,ok
ARAMARK,151.0,2017-06-30,WARNDatabaseMasterExcluding2026.csv,ARMK,kept,ok
DAYCO,122.0,2017-06-30,WARNDatabaseMasterExcluding2026.csv,PMFO11.SA,kept,ok
DUPONT,106.0,2017-06-30,WARNDatabaseMasterExcluding2026.csv,DD,kept,ok
BOEING COMPANY,3.0,2017-06-30,WARNDatabaseMasterExcluding2026.csv,BA,kept,ok
LEIDOS,30.0,2017-06-30,WARNDatabaseMasterExcluding2026.csv,LDOS,kept,ok
"SODEXO, INC.",54.0,2017-06-28,WARNDatabaseMasterExcluding2026.csv,SW.PA,kept,ok
"EXEL INC., DBA DHLSUPPLY CHAIN",42.0,2017-06-23,WARNDatabaseMasterExcluding2026.csv,EXEL,kept,ok
"THE GEO GROUP, INC.",200.0,2017-06-21,WARNDatabaseMasterExcluding2026.csv,GEO,kept,ok
WALMART,55.0,2017-06-20,WARNDatabaseMasterExcluding2026.csv,WMT,kept,ok
NESTLE,565.0,2017-06-20,WARNDatabaseMasterExcluding2026.csv,NESN.SW,kept,ok
"GENERAL MOTORS, LLC",,2017-06-16,WARNDatabaseMasterExcluding2026.csv,GM,kept,ok
"GILEAD SCIENCES, INC.",19.0,2017-06-16,WARNDatabaseMasterExcluding2026.csv,GILD,kept,ok
WELLS FARGO,32.0,2017-06-15,WARNDatabaseMasterExcluding2026.csv,WFC,kept,ok
"BROCK, LLC",507.0,2017-06-15,WARNDatabaseMasterExcluding2026.csv,WA2.F,kept,ok
WELLS FARGO,32.0,2017-06-15,WARNDatabaseMasterExcluding2026.csv,WFC,kept,ok
SEARS HOLDINGS CORPORATION,42.0,2017-06-14,WARNDatabaseMasterExcluding2026.csv,SHLD,kept,ok
SHERWIN-WILLIAMS,111.0,2017-06-12,WARNDatabaseMasterExcluding2026.csv,SHW,kept,ok
SHERWIN-WILLIAMS,84.0,2017-06-12,WARNDatabaseMasterExcluding2026.csv,SHW,kept,ok
"SODEXO, INC. AND AFFILIATES TENET NORTH SHORE MEDICAL CTR.",65.0,2017-06-05,WARNDatabaseMasterExcluding2026.csv,SW.PA,kept,ok
"SODEXO, INC. AND AFFILIATES TENET NORTH SHORE MEDICAL CTR.",65.0,2017-06-05,WARNDatabaseMasterExcluding2026.csv,SW.PA,kept,ok
"AVNET, INC.",94.0,2017-06-02,WARNDatabaseMasterExcluding2026.csv,AVT,kept,ok
CINTAS CORPORATION,69.0,2017-06-01,WARNDatabaseMasterExcluding2026.csv,CTAS,kept,ok
CINTAS CORPORATION,69.0,2017-06-01,WARNDatabaseMasterExcluding2026.csv,CTAS,kept,ok
"AIR PRODUCTS AND CHEMICALS, INC.",156.0,2017-06-01,WARNDatabaseMasterExcluding2026.csv,APD,kept,ok
CHARTER COMMUNICATIONS,206.0,2017-05-31,WARNDatabaseMasterExcluding2026.csv,CHTR,kept,ok
CATERPILLAR INC.,85.0,2017-05-30,WARNDatabaseMasterExcluding2026.csv,CAT,kept,ok
"CARE SERVICES, LLC",47.0,2017-05-30,WARNDatabaseMasterExcluding2026.csv,XHS,kept,ok
BOEING COMPANY,2.0,2017-05-29,WARNDatabaseMasterExcluding2026.csv,BA,kept,ok
BOEING COMPANY,24.0,2017-05-26,WARNDatabaseMasterExcluding2026.csv,BA,kept,ok
BOEING COMPANY,14.0,2017-05-26,WARNDatabaseMasterExcluding2026.csv,BA,kept,ok
"CATERPILLAR, INC.",59.0,2017-05-25,WARNDatabaseMasterExcluding2026.csv,CAT,kept,ok
"CATERPILLAR, INC.",59.0,2017-05-25,WARNDatabaseMasterExcluding2026.csv,CAT,kept,ok
"LE TECHNOLOGY, INC. D.B.A LE ECO",180.0,2017-05-25,WARNDatabaseMasterExcluding2026.csv,300889.SZ,kept,ok
"LE TECHNOLOGY, INC. D.B.A LE ECO",95.0,2017-05-25,WARNDatabaseMasterExcluding2026.csv,300889.SZ,kept,ok
BOEING,337.0,2017-05-23,WARNDatabaseMasterExcluding2026.csv,BA,kept,ok
COMCAST,72.0,2017-05-23,WARNDatabaseMasterExcluding2026.csv,CMCSA,kept,ok
FERRO CORPORATION,58.0,2017-05-23,WARNDatabaseMasterExcluding2026.csv,6890.T,kept,ok
"CISCO SYSTEMS, INC.",250.0,2017-05-22,WARNDatabaseMasterExcluding2026.csv,CSCO,kept,ok
CARRIER,632.0,2017-05-19,WARNDatabaseMasterExcluding2026.csv,CARR,kept,ok
SOLARWORLD,360.0,2017-05-19,WARNDatabaseMasterExcluding2026.csv,SOLARWORLD.BO,kept,ok
CONDUENT INC.,244.0,2017-05-19,WARNDatabaseMasterExcluding2026.csv,CNDT,kept,ok
CARRIER,632.0,2017-05-19,WARNDatabaseMasterExcluding2026.csv,CARR,kept,ok
"BADGER METER, INC. DBA NATIONAL METER &",3.0,2017-05-19,WARNDatabaseMasterExcluding2026.csv,BMI,kept,ok
"ROYAL BANK OF SCOTLAND, PLC AND RBS SECURITIES INC. (UPDATED NOTICE)",15.0,2017-05-18,WARNDatabaseMasterExcluding2026.csv,AATIFXX,kept,ok
"LUMINA MEDIA, LLC",58.0,2017-05-17,WARNDatabaseMasterExcluding2026.csv,LRGR,kept,ok
WALMART,114.0,2017-05-15,WARNDatabaseMasterExcluding2026.csv,WMT,kept,ok
"DELEK US HOLDINGS, INC.-ALON USA ENERGY, INC.",92.0,2017-05-15,WARNDatabaseMasterExcluding2026.csv,DK,kept,ok
NORCON,147.0,2017-05-12,WARNDatabaseMasterExcluding2026.csv,JL80.F,kept,ok
PVH CORP,85.0,2017-05-09,WARNDatabaseMasterExcluding2026.csv,PVH,kept,ok
"SODEXO, INC. (DUTCHESS COMMUNITY COLLEGE)",34.0,2017-05-09,WARNDatabaseMasterExcluding2026.csv,0J3F.IL,kept,ok
"BANC OF CALIFORNIA, N.A.",36.0,2017-05-09,WARNDatabaseMasterExcluding2026.csv,BANC,kept,ok
"BANC OF CALIFORNIA, N.A.",4.0,2017-05-09,WARNDatabaseMasterExcluding2026.csv,BANC,kept,ok
BOEING,580.0,2017-05-08,WARNDatabaseMasterExcluding2026.csv,BA,kept,ok
ELECTRONIC ARTS INC,45.0,2017-05-08,WARNDatabaseMasterExcluding2026.csv,EA,kept,ok
SODEXO,383.0,2017-05-08,WARNDatabaseMasterExcluding2026.csv,SWN.MX,kept,ok
HSBC,2.0,2017-05-08,WARNDatabaseMasterExcluding2026.csv,HSBC,kept,ok
HSBC,2.0,2017-05-08,WARNDatabaseMasterExcluding2026.csv,HSBC,kept,ok
ITRON INC.,309.0,2017-05-05,WARNDatabaseMasterExcluding2026.csv,ITRI,kept,ok
"NIMBLE STORAGE, INC.",67.0,2017-05-05,WARNDatabaseMasterExcluding2026.csv,NMBL,kept,ok
SUN PHARMACEUTICAL INDUSTRIES,25.0,2017-05-03,WARNDatabaseMasterExcluding2026.csv,SUNPHARMA.NS,kept,ok
NCR CORPORATION,76.0,2017-05-02,WARNDatabaseMasterExcluding2026.csv,NCRRP,kept,ok
"SODEXO, INC.",151.0,2017-05-01,WARNDatabaseMasterExcluding2026.csv,SW.PA,kept,ok
BANK OF AMERICA,112.0,2017-05-01,WARNDatabaseMasterExcluding2026.csv,BAC,kept,ok
CATERPILLAR,48.0,2017-05-01,WARNDatabaseMasterExcluding2026.csv,CAT,kept,ok
BOEING COMPANY,2.0,2017-05-01,WARNDatabaseMasterExcluding2026.csv,BA,kept,ok
"ALICO, INC.",31.0,2017-04-28,WARNDatabaseMasterExcluding2026.csv,ALCO,kept,ok
"SODEXO, INC.",136.0,2017-04-28,WARNDatabaseMasterExcluding2026.csv,SW.PA,kept,ok
BOEING COMPANY,43.0,2017-04-27,WARNDatabaseMasterExcluding2026.csv,BA,kept,ok
BOEING COMPANY,21.0,2017-04-27,WARNDatabaseMasterExcluding2026.csv,BA,kept,ok
POLARIS,275.0,2017-04-25,WARNDatabaseMasterExcluding2026.csv,PII,kept,ok
BOEING COMPANY,1.0,2017-04-25,WARNDatabaseMasterExcluding2026.csv,BA,kept,ok
POLARIS,275.0,2017-04-25,WARNDatabaseMasterExcluding2026.csv,PII,kept,ok
CITIGROUP,94.0,2017-04-24,WARNDatabaseMasterExcluding2026.csv,C,kept,ok
COVANCE,101.0,2017-04-24,WARNDatabaseMasterExcluding2026.csv,COVANCE.BO,kept,ok
COVANCE,101.0,2017-04-24,WARNDatabaseMasterExcluding2026.csv,COVANCE.BO,kept,ok
MARTIN'S,109.0,2017-04-24,WARNDatabaseMasterExcluding2026.csv,JEM.MU,kept,ok
HSBC,1.0,2017-04-24,WARNDatabaseMasterExcluding2026.csv,HSBC,kept,ok
HSBC,1.0,2017-04-24,WARNDatabaseMasterExcluding2026.csv,HSBC,kept,ok
TEXAS INSTRUMENTS INCORPORATED,78.0,2017-04-21,WARNDatabaseMasterExcluding2026.csv,TXN,kept,ok
TD AMERITRADE,69.0,2017-04-20,WARNDatabaseMasterExcluding2026.csv,AMTD,kept,ok
"ROYAL BANK OF SCOTLAND, PLC AND RBS SECURITIES INC. (UPDATED NOTICE)",22.0,2017-04-20,WARNDatabaseMasterExcluding2026.csv,AATIFXX,kept,ok
"MUFG UNION BANK, N.A.",61.0,2017-04-20,WARNDatabaseMasterExcluding2026.csv,ZION,kept,ok
"SEARS, ROEBUCK AND CO.",105.0,2017-04-18,WARNDatabaseMasterExcluding2026.csv,SRSCQ,kept,ok
RALPH LAUREN CORPORATION,107.0,2017-04-17,WARNDatabaseMasterExcluding2026.csv,RL,kept,ok
"BEBE STORES, INC.",7.0,2017-04-14,WARNDatabaseMasterExcluding2026.csv,BEBE,kept,ok
HHGREGG,58.0,2017-04-13,WARNDatabaseMasterExcluding2026.csv,HGGG,kept,ok
HHGREGG,58.0,2017-04-13,WARNDatabaseMasterExcluding2026.csv,HGGG,kept,ok
AMGEN,494.0,2017-04-12,WARNDatabaseMasterExcluding2026.csv,AMGN,kept,ok
MARTIN'S,138.0,2017-04-11,WARNDatabaseMasterExcluding2026.csv,JEM.MU,kept,ok
MARTIN'S,141.0,2017-04-11,WARNDatabaseMasterExcluding2026.csv,JEM.MU,kept,ok
MARTIN'S,99.0,2017-04-11,WARNDatabaseMasterExcluding2026.csv,JEM.MU,kept,ok
ABBOTT LABORATORIES,60.0,2017-04-11,WARNDatabaseMasterExcluding2026.csv,ABT,kept,ok
HHGREGG,268.0,2017-04-07,WARNDatabaseMasterExcluding2026.csv,HGGG,kept,ok
HHGREGG,268.0,2017-04-07,WARNDatabaseMasterExcluding2026.csv,HGGG,kept,ok
"LONG BEACH GOLDEN SAILS, INC. AND",80.0,2017-04-07,WARNDatabaseMasterExcluding2026.csv,0P0000Z32L.SI,kept,ok
"ABB, INC.",59.0,2017-04-06,WARNDatabaseMasterExcluding2026.csv,ABBV,kept,ok
"INTERNATIONAL LABORATORIES, LLC",112.0,2017-04-06,WARNDatabaseMasterExcluding2026.csv,PIQ.XA,kept,ok
"INTERNATIONAL LABORATORIES, LLC",112.0,2017-04-06,WARNDatabaseMasterExcluding2026.csv,PIQ.XA,kept,ok
BOEING COMPANY,47.0,2017-04-05,WARNDatabaseMasterExcluding2026.csv,BA,kept,ok
"PAYPAL, INC.",32.0,2017-04-05,WARNDatabaseMasterExcluding2026.csv,PYPL,kept,ok
BOEING COMPANY,27.0,2017-04-05,WARNDatabaseMasterExcluding2026.csv,BA,kept,ok
"PAYPAL, INC.",4.0,2017-04-05,WARNDatabaseMasterExcluding2026.csv,PYPL,kept,ok
"DOLLAR EXPRESS STORES 8710, 8822, AND 8963",20.0,2017-04-04,WARNDatabaseMasterExcluding2026.csv,DCVSX,kept,ok
SODEXO,52.0,2017-04-03,WARNDatabaseMasterExcluding2026.csv,SWN.MX,kept,ok
"BEBE STORES, INC.",20.0,2017-04-03,WARNDatabaseMasterExcluding2026.csv,BEBE,kept,ok
"BEBE STORES, INC.",14.0,2017-04-03,WARNDatabaseMasterExcluding2026.csv,BEBE,kept,ok
"BEBE STORES, INC.",12.0,2017-04-03,WARNDatabaseMasterExcluding2026.csv,BEBE,kept,ok
"BEBE STORES, INC.",10.0,2017-04-03,WARNDatabaseMasterExcluding2026.csv,BEBE,kept,ok
"BEBE STORES, INC.",10.0,2017-04-03,WARNDatabaseMasterExcluding2026.csv,BEBE,kept,ok
"BEBE STORES, INC.",9.0,2017-04-03,WARNDatabaseMasterExcluding2026.csv,BEBE,kept,ok
"BEBE STORES, INC.",8.0,2017-04-03,WARNDatabaseMasterExcluding2026.csv,BEBE,kept,ok
"BEBE STORES, INC.",8.0,2017-04-03,WARNDatabaseMasterExcluding2026.csv,BEBE,kept,ok
"BEBE STORES, INC.",7.0,2017-04-03,WARNDatabaseMasterExcluding2026.csv,BEBE,kept,ok
CONDUENT INCORPORATED,149.0,2017-04-01,WARNDatabaseMasterExcluding2026.csv,CNDT,kept,ok
ENVISION,15.0,2017-03-31,WARNDatabaseMasterExcluding2026.csv,VIS18348-USD,kept,ok
HSBC,357.0,2017-03-31,WARNDatabaseMasterExcluding2026.csv,HSBC,kept,ok
HSBC,357.0,2017-03-31,WARNDatabaseMasterExcluding2026.csv,HSBC,kept,ok
"BEBE STORES, INC.",27.0,2017-03-30,WARNDatabaseMasterExcluding2026.csv,BEBE,kept,ok
3M COMPANY,136.0,2017-03-29,WARNDatabaseMasterExcluding2026.csv,MMM,kept,ok
AMAZON,139.0,2017-03-29,WARNDatabaseMasterExcluding2026.csv,AMZN,kept,ok
"FREIGHTCAR AMERICA, INC.",364.0,2017-03-29,WARNDatabaseMasterExcluding2026.csv,RAIL,kept,ok
"BEBE STORES, INC",18.0,2017-03-29,WARNDatabaseMasterExcluding2026.csv,BEBE,kept,ok
"BEBE STORES, INC.",18.0,2017-03-29,WARNDatabaseMasterExcluding2026.csv,BEBE,kept,ok
"BEBE STORES, INC.",15.0,2017-03-29,WARNDatabaseMasterExcluding2026.csv,BEBE,kept,ok
"BEBE STORES, INC.",11.0,2017-03-29,WARNDatabaseMasterExcluding2026.csv,BEBE,kept,ok
"BEBE STORES, INC.",8.0,2017-03-29,WARNDatabaseMasterExcluding2026.csv,BEBE,kept,ok
"BEBE STORES, INC.",8.0,2017-03-29,WARNDatabaseMasterExcluding2026.csv,BEBE,kept,ok
CASEY'S,15.0,2017-03-28,WARNDatabaseMasterExcluding2026.csv,CASY,kept,ok
"BEBE STORES, INC.",7.0,2017-03-28,WARNDatabaseMasterExcluding2026.csv,BEBE,kept,ok
"BEBE STORES, INC.",9.0,2017-03-28,WARNDatabaseMasterExcluding2026.csv,BEBE,kept,ok
"BEBE STORES, INC.",15.0,2017-03-28,WARNDatabaseMasterExcluding2026.csv,BEBE,kept,ok
"BEBE STORES, INC.",10.0,2017-03-28,WARNDatabaseMasterExcluding2026.csv,BEBE,kept,ok
"BEBE STORES, INC.",12.0,2017-03-28,WARNDatabaseMasterExcluding2026.csv,BEBE,kept,ok
"BEBE STORES, INC.",9.0,2017-03-28,WARNDatabaseMasterExcluding2026.csv,BEBE,kept,ok
"BEBE STORES, INC.",7.0,2017-03-28,WARNDatabaseMasterExcluding2026.csv,BEBE,kept,ok
"BEBE STORES, INC.",10.0,2017-03-28,WARNDatabaseMasterExcluding2026.csv,BEBE,kept,ok
"BEBE STORES, INC.",9.0,2017-03-28,WARNDatabaseMasterExcluding2026.csv,BEBE,kept,ok
"BEBE STORES, INC.",17.0,2017-03-28,WARNDatabaseMasterExcluding2026.csv,BEBE,kept,ok
"BEBE STORES, INC.",7.0,2017-03-28,WARNDatabaseMasterExcluding2026.csv,BEBE,kept,ok
"BEBE STORES, INC.",13.0,2017-03-28,WARNDatabaseMasterExcluding2026.csv,BEBE,kept,ok
"BEBE STORES, INC.",8.0,2017-03-28,WARNDatabaseMasterExcluding2026.csv,BEBE,kept,ok
"BEBE STORES, INC",7.0,2017-03-28,WARNDatabaseMasterExcluding2026.csv,BEBE,kept,ok
"BEBE STORES, INC.",9.0,2017-03-28,WARNDatabaseMasterExcluding2026.csv,BEBE,kept,ok
"BEBE STORES, INC.",15.0,2017-03-28,WARNDatabaseMasterExcluding2026.csv,BEBE,kept,ok
"BEBE STORES, INC. DADELAND STORE",10.0,2017-03-28,WARNDatabaseMasterExcluding2026.csv,BEBE,kept,ok
"BEBE STORES, INC. DOLPHIN MALL OUTLET",12.0,2017-03-28,WARNDatabaseMasterExcluding2026.csv,BEBE,kept,ok
"BEBE STORES, INC. FT. LAUDERDALE STORE",9.0,2017-03-28,WARNDatabaseMasterExcluding2026.csv,BEBE,kept,ok
"BEBE STORES, INC. MIAMI INTERNATIONAL STORE",7.0,2017-03-28,WARNDatabaseMasterExcluding2026.csv,BEBE,kept,ok
"BEBE STORES, INC. PALM BEACH STORE",10.0,2017-03-28,WARNDatabaseMasterExcluding2026.csv,BEBE,kept,ok
"BEBE STORES, INC. PEMBROKE GARDENS STORE",9.0,2017-03-28,WARNDatabaseMasterExcluding2026.csv,BEBE,kept,ok
"BEBE STORES, INC. SAWGRASS OUTLET STORE",17.0,2017-03-28,WARNDatabaseMasterExcluding2026.csv,BEBE,kept,ok
"BEBE STORES, INC. SHOPS AT MERRICK PARK",7.0,2017-03-28,WARNDatabaseMasterExcluding2026.csv,BEBE,kept,ok
"BEBE STORES, INC. SOUTH BEACH STORE",13.0,2017-03-28,WARNDatabaseMasterExcluding2026.csv,BEBE,kept,ok
"BEBE STORES, INC. THE FALLS STORE",8.0,2017-03-28,WARNDatabaseMasterExcluding2026.csv,BEBE,kept,ok
HALLMARK,13.0,2017-03-27,WARNDatabaseMasterExcluding2026.csv,HALL,kept,ok
BEBE,124.0,2017-03-27,WARNDatabaseMasterExcluding2026.csv,BEBE,kept,ok
"BEBE STORES, INC.",16.0,2017-03-27,WARNDatabaseMasterExcluding2026.csv,BEBE,kept,ok
"BEBE STORES, INC.",160.0,2017-03-27,WARNDatabaseMasterExcluding2026.csv,BEBE,kept,ok
"BEBE STORES, INC.",136.0,2017-03-27,WARNDatabaseMasterExcluding2026.csv,BEBE,kept,ok
"BEBE STORES, INC.",15.0,2017-03-27,WARNDatabaseMasterExcluding2026.csv,BEBE,kept,ok
"BEBE STORES, INC.",15.0,2017-03-27,WARNDatabaseMasterExcluding2026.csv,BEBE,kept,ok
"BEBE STORES, INC.",14.0,2017-03-27,WARNDatabaseMasterExcluding2026.csv,BEBE,kept,ok
"BEBE STORES, INC.",14.0,2017-03-27,WARNDatabaseMasterExcluding2026.csv,BEBE,kept,ok
"BEBE STORES, INC.",13.0,2017-03-27,WARNDatabaseMasterExcluding2026.csv,BEBE,kept,ok
"BEBE STORES, INC.",13.0,2017-03-27,WARNDatabaseMasterExcluding2026.csv,BEBE,kept,ok
"BEBE STORES, INC.",12.0,2017-03-27,WARNDatabaseMasterExcluding2026.csv,BEBE,kept,ok
"BEBE STORES, INC.",12.0,2017-03-27,WARNDatabaseMasterExcluding2026.csv,BEBE,kept,ok
"BEBE STORES, INC.",11.0,2017-03-27,WARNDatabaseMasterExcluding2026.csv,BEBE,kept,ok
"BEBE STORES, INC.",11.0,2017-03-27,WARNDatabaseMasterExcluding2026.csv,BEBE,kept,ok
"BEBE STORES, INC.",10.0,2017-03-27,WARNDatabaseMasterExcluding2026.csv,BEBE,kept,ok
"BEBE STORES, INC.",10.0,2017-03-27,WARNDatabaseMasterExcluding2026.csv,BEBE,kept,ok
"BEBE STORES, INC.",10.0,2017-03-27,WARNDatabaseMasterExcluding2026.csv,BEBE,kept,ok
"BEBE STORES, INC.",10.0,2017-03-27,WARNDatabaseMasterExcluding2026.csv,BEBE,kept,ok
"BEBE STORES, INC.",10.0,2017-03-27,WARNDatabaseMasterExcluding2026.csv,BEBE,kept,ok
"BEBE STORES, INC.",10.0,2017-03-27,WARNDatabaseMasterExcluding2026.csv,BEBE,kept,ok
"BEBE STORES, INC.",10.0,2017-03-27,WARNDatabaseMasterExcluding2026.csv,BEBE,kept,ok
"BEBE STORES, INC.",7.0,2017-03-27,WARNDatabaseMasterExcluding2026.csv,BEBE,kept,ok
"BEBE STORES, INC",10.0,2017-03-25,WARNDatabaseMasterExcluding2026.csv,BEBE,kept,ok
"BEBE STORES, INC",36.0,2017-03-25,WARNDatabaseMasterExcluding2026.csv,BEBE,kept,ok
"BEBE STORES, INC",18.0,2017-03-25,WARNDatabaseMasterExcluding2026.csv,BEBE,kept,ok
BOEING,245.0,2017-03-23,WARNDatabaseMasterExcluding2026.csv,BA,kept,ok
"ROYAL BANK OF SCOTLAND, PLC AND RBS SECURITIES INC. (UPDATED NOTICE)",9.0,2017-03-23,WARNDatabaseMasterExcluding2026.csv,AATIFXX,kept,ok
B/E AEROSPACE,80.0,2017-03-21,WARNDatabaseMasterExcluding2026.csv,600855.SS,kept,ok
B/E AEROSPACE,80.0,2017-03-21,WARNDatabaseMasterExcluding2026.csv,600855.SS,kept,ok
"TECHNICOLOR, INC.",71.0,2017-03-20,WARNDatabaseMasterExcluding2026.csv,TNM2.MU,kept,ok
"CONAGRA BRANDS, INC.",73.0,2017-03-17,WARNDatabaseMasterExcluding2026.csv,CAG,kept,ok
"GOPRO, INC.",94.0,2017-03-14,WARNDatabaseMasterExcluding2026.csv,GPRO,kept,ok
COMTECH,40.0,2017-03-13,WARNDatabaseMasterExcluding2026.csv,CMTL,kept,ok
MERCHANTS BANK,76.0,2017-03-10,WARNDatabaseMasterExcluding2026.csv,3968.HK,kept,ok
SARAN,110.0,2017-03-10,WARNDatabaseMasterExcluding2026.csv,TOWR.JK,kept,ok
SARAN,110.0,2017-03-10,WARNDatabaseMasterExcluding2026.csv,TOWR.JK,kept,ok
ARAMARK,899.0,2017-03-10,WARNDatabaseMasterExcluding2026.csv,ARMK,kept,ok
ARAMARK,899.0,2017-03-10,WARNDatabaseMasterExcluding2026.csv,ARMK,kept,ok
"PAYPAL, INC.",5.0,2017-03-10,WARNDatabaseMasterExcluding2026.csv,PYPL,kept,ok
MOHAWK INDUSTRIES,111.0,2017-03-08,WARNDatabaseMasterExcluding2026.csv,MHK,kept,ok
"SODEXO, INC. (STONY BROOK UNIVERSITY)",357.0,2017-03-08,WARNDatabaseMasterExcluding2026.csv,SW.PA,kept,ok
"CISCO SYSTEMS, INC.",115.0,2017-03-08,WARNDatabaseMasterExcluding2026.csv,CSCO,kept,ok
MEDTRONIC,17.0,2017-03-07,WARNDatabaseMasterExcluding2026.csv,MDT,kept,ok
MACY'S,119.0,2017-03-06,WARNDatabaseMasterExcluding2026.csv,M,kept,ok
"BEACHBODY, LLC",142.0,2017-03-06,WARNDatabaseMasterExcluding2026.csv,6K5.F,kept,ok
"BEACHBODY, LLC",55.0,2017-03-06,WARNDatabaseMasterExcluding2026.csv,6K5.F,kept,ok
ARMSTRONG WORLD INDUSTRIES,30.0,2017-03-03,WARNDatabaseMasterExcluding2026.csv,AWI,kept,ok
PFIZER,38.0,2017-03-03,WARNDatabaseMasterExcluding2026.csv,PFE,kept,ok
"HHGREGG, INC.",63.0,2017-03-02,WARNDatabaseMasterExcluding2026.csv,HGGG,kept,ok
SAVERS,62.0,2017-03-02,WARNDatabaseMasterExcluding2026.csv,SVV,kept,ok
"BANC OF CALIFORNIA, N.A.",94.0,2017-03-02,WARNDatabaseMasterExcluding2026.csv,BANC,kept,ok
"BANC OF CALIFORNIA, N.A.",45.0,2017-03-02,WARNDatabaseMasterExcluding2026.csv,BANC,kept,ok
"HEALTHSTREAM, INC.",134.0,2017-03-01,WARNDatabaseMasterExcluding2026.csv,HSTM,kept,ok
"NRG ENERGY, INC.",65.0,2017-03-01,WARNDatabaseMasterExcluding2026.csv,NRG,kept,ok
ALTICE,64.0,2017-03-01,WARNDatabaseMasterExcluding2026.csv,15PA.DU,kept,ok
SGS,37.0,2017-03-01,WARNDatabaseMasterExcluding2026.csv,SGSUL.XC,kept,ok
TITAN MACHINERY,,2017-03-01,WARNDatabaseMasterExcluding2026.csv,TITN,kept,ok
AMERICAN TOWER CORPORATION,56.0,2017-03-01,WARNDatabaseMasterExcluding2026.csv,AMT,kept,ok
AMERICAN TOWER CORPORATION,56.0,2017-03-01,WARNDatabaseMasterExcluding2026.csv,AMT,kept,ok
"PFIZER, INC.",5.0,2017-03-01,WARNDatabaseMasterExcluding2026.csv,PFE,kept,ok
"QUANTUM HEALTH, INC. D/B/A PROMISE",257.0,2017-03-01,WARNDatabaseMasterExcluding2026.csv,V8Y.SI,kept,ok
"SODEXO, INC. (HOUGHTON COLLEGE)",38.0,2017-02-24,WARNDatabaseMasterExcluding2026.csv,SJ7.DU,kept,ok
GROUPON INC.,95.0,2017-02-23,WARNDatabaseMasterExcluding2026.csv,GRPN,kept,ok
BOEING COMPANY,78.0,2017-02-23,WARNDatabaseMasterExcluding2026.csv,BA,kept,ok
BOEING COMPANY,16.0,2017-02-23,WARNDatabaseMasterExcluding2026.csv,BA,kept,ok
IDX,68.0,2017-02-22,WARNDatabaseMasterExcluding2026.csv,IDX,kept,ok
"LOWE'S COMPANIES, INC.",431.0,2017-02-21,WARNDatabaseMasterExcluding2026.csv,LOW,kept,ok
"LOWE'S COMPANIES, INC.",75.0,2017-02-21,WARNDatabaseMasterExcluding2026.csv,LOW,kept,ok
"NRG ENERGY, INC. - VALLEY COTTAGE",50.0,2017-02-20,WARNDatabaseMasterExcluding2026.csv,NRG,kept,ok
"NRG ENERGY, INC. (BOHEMIA OFFICE)",81.0,2017-02-20,WARNDatabaseMasterExcluding2026.csv,NRG,kept,ok
"ROYAL BANK OF SCOTLAND, PLC AND RBS SECURITIES INC. (UPDATED NOTICE)",10.0,2017-02-16,WARNDatabaseMasterExcluding2026.csv,AATIFXX,kept,ok
FIRST NATIONAL BANK,65.0,2017-02-16,WARNDatabaseMasterExcluding2026.csv,FBAK,kept,ok
UNITEDHEALTH GROUP,119.0,2017-02-15,WARNDatabaseMasterExcluding2026.csv,UNH,kept,ok
AMAZON,149.0,2017-02-15,WARNDatabaseMasterExcluding2026.csv,AMZN,kept,ok
CONDUENT INCORPORATED,62.0,2017-02-13,WARNDatabaseMasterExcluding2026.csv,CNDT,kept,ok
BOEING COMPANY,1.0,2017-02-10,WARNDatabaseMasterExcluding2026.csv,BA,kept,ok
CONDUENT,80.0,2017-02-10,WARNDatabaseMasterExcluding2026.csv,CNDT,kept,ok
"OAKLEY, INC.",78.0,2017-02-10,WARNDatabaseMasterExcluding2026.csv,OCI.L,kept,ok
CHARTER COMMUNICATIONS,59.0,2017-02-08,WARNDatabaseMasterExcluding2026.csv,CHTR,kept,ok
THE ANDERSONS INC,954.0,2017-02-07,WARNDatabaseMasterExcluding2026.csv,ANDE,kept,ok
VIAVI SOLUTIONS INC.,61.0,2017-02-07,WARNDatabaseMasterExcluding2026.csv,VIAV,kept,ok
BANK OF THE WEST,47.0,2017-02-07,WARNDatabaseMasterExcluding2026.csv,AATKRXX,kept,ok
BOEING COMPANY,16.0,2017-02-07,WARNDatabaseMasterExcluding2026.csv,BA,kept,ok
BOEING COMPANY,9.0,2017-02-07,WARNDatabaseMasterExcluding2026.csv,BA,kept,ok
"SODEXO, INC., TEMPLE UNIVERSITY (JOHNSON & HARDWICK HALLS)",454.0,2017-02-01,WARNDatabaseMasterExcluding2026.csv,SW.PA,kept,ok
GAP INC.,216.0,2017-02-01,WARNDatabaseMasterExcluding2026.csv,GAP,kept,ok
GOOGLE,104.0,2017-02-01,WARNDatabaseMasterExcluding2026.csv,GOOG,kept,ok
BAE SYSTEMS,59.0,2017-01-31,WARNDatabaseMasterExcluding2026.csv,BA.L,kept,ok
"RECKITT BENCKISER, INC.",140.0,2017-01-30,WARNDatabaseMasterExcluding2026.csv,RKT.L,kept,ok
"PENSKE VEHICLE SERVICES, INC. (NEW YORK)",1.0,2017-01-30,WARNDatabaseMasterExcluding2026.csv,ALNVX,kept,ok
"ENPHASE ENERGY, INC.",60.0,2017-01-30,WARNDatabaseMasterExcluding2026.csv,ENPH,kept,ok
"MARRIOTT INTERNATIONAL, INC. (UPDATE TO 12/28/16)",50.0,2017-01-27,WARNDatabaseMasterExcluding2026.csv,MAR,kept,ok
VERIZON,60.0,2017-01-27,WARNDatabaseMasterExcluding2026.csv,VZ,kept,ok
"IHEARTMEDIA, INC.",72.0,2017-01-26,WARNDatabaseMasterExcluding2026.csv,IHRT,kept,ok
"OPERATIONS OF GLOBAL SPECTRUM, L.P. D/B/A SPECTRA VENUE MANAGEMENT (""SPECTRA"") AT CANALSIDE, BUFFALO, NY",194.0,2017-01-24,WARNDatabaseMasterExcluding2026.csv,BUFSX,kept,ok
BOEING COMPANY,6.0,2017-01-23,WARNDatabaseMasterExcluding2026.csv,BA,kept,ok
BOEING COMPANY,5.0,2017-01-23,WARNDatabaseMasterExcluding2026.csv,BA,kept,ok
BOEING COMPANY,3.0,2017-01-23,WARNDatabaseMasterExcluding2026.csv,BA,kept,ok
"ROYAL BANK OF SCOTLAND, PLC AND RBS SECURITIES INC. (UPDATED NOTICE)",21.0,2017-01-19,WARNDatabaseMasterExcluding2026.csv,AATIFXX,kept,ok
SEARS HOLDINGS CORPORATION,80.0,2017-01-19,WARNDatabaseMasterExcluding2026.csv,SHLD,kept,ok
COMCAST,90.0,2017-01-18,WARNDatabaseMasterExcluding2026.csv,CMCSA,kept,ok
MCKESSON CORPORATION,67.0,2017-01-17,WARNDatabaseMasterExcluding2026.csv,MCK,kept,ok
WALMART,68.0,2017-01-17,WARNDatabaseMasterExcluding2026.csv,WMT,kept,ok
"CISCO SYSTEMS, INC.",25.0,2017-01-17,WARNDatabaseMasterExcluding2026.csv,CSCO,kept,ok
THE CHILDREN'S PLACE,14.0,2017-01-14,WARNDatabaseMasterExcluding2026.csv,PLCE,kept,ok
PACIFIC GAS AND ELECTRIC COMPANY,132.0,2017-01-13,WARNDatabaseMasterExcluding2026.csv,PCG-PH,kept,ok
"THERANOS, INC.",97.0,2017-01-13,WARNDatabaseMasterExcluding2026.csv,RAD.AX,kept,ok
"PANDORA MEDIA, INC.",91.0,2017-01-13,WARNDatabaseMasterExcluding2026.csv,P,kept,ok
VISA INC.,58.0,2017-01-13,WARNDatabaseMasterExcluding2026.csv,V,kept,ok
INTEL CORPORATION,54.0,2017-01-13,WARNDatabaseMasterExcluding2026.csv,INTC,kept,ok
"THERANOS, INC.",53.0,2017-01-13,WARNDatabaseMasterExcluding2026.csv,RAD.AX,kept,ok
PACIFIC GAS AND ELECTRIC COMPANY,9.0,2017-01-13,WARNDatabaseMasterExcluding2026.csv,PCG-PH,kept,ok
PACIFIC GAS AND ELECTRIC COMPANY,9.0,2017-01-13,WARNDatabaseMasterExcluding2026.csv,PCG-PH,kept,ok
PACIFIC GAS AND ELECTRIC COMPANY,6.0,2017-01-13,WARNDatabaseMasterExcluding2026.csv,PCG-PH,kept,ok
PACIFIC GAS AND ELECTRIC COMPANY,4.0,2017-01-13,WARNDatabaseMasterExcluding2026.csv,PCG-PH,kept,ok
PACIFIC GAS AND ELECTRIC COMPANY,4.0,2017-01-13,WARNDatabaseMasterExcluding2026.csv,PCG-PH,kept,ok
PACIFIC GAS AND ELECTRIC COMPANY,3.0,2017-01-13,WARNDatabaseMasterExcluding2026.csv,PCG-PH,kept,ok
PACIFIC GAS AND ELECTRIC COMPANY,1.0,2017-01-13,WARNDatabaseMasterExcluding2026.csv,PCG-PH,kept,ok
PACIFIC GAS AND ELECTRIC COMPANY,1.0,2017-01-13,WARNDatabaseMasterExcluding2026.csv,PCG-PH,kept,ok
PACIFIC GAS AND ELECTRIC COMPANY,1.0,2017-01-13,WARNDatabaseMasterExcluding2026.csv,PCG-PH,kept,ok
PACIFIC GAS AND ELECTRIC COMPANY,1.0,2017-01-13,WARNDatabaseMasterExcluding2026.csv,PCG-PH,kept,ok
BRIX,45.0,2017-01-12,WARNDatabaseMasterExcluding2026.csv,BRX,kept,ok
BRIX,42.0,2017-01-12,WARNDatabaseMasterExcluding2026.csv,BRX,kept,ok
PACIFIC GAS AND ELECTRIC COMPANY,107.0,2017-01-12,WARNDatabaseMasterExcluding2026.csv,PCG-PH,kept,ok
PACIFIC GAS AND ELECTRIC COMPANY,11.0,2017-01-12,WARNDatabaseMasterExcluding2026.csv,PCG-PH,kept,ok
PACIFIC GAS AND ELECTRIC COMPANY,8.0,2017-01-12,WARNDatabaseMasterExcluding2026.csv,PCG-PH,kept,ok
PACIFIC GAS AND ELECTRIC COMPANY,6.0,2017-01-12,WARNDatabaseMasterExcluding2026.csv,PCG-PH,kept,ok
PACIFIC GAS AND ELECTRIC COMPANY,4.0,2017-01-12,WARNDatabaseMasterExcluding2026.csv,PCG-PH,kept,ok
PACIFIC GAS AND ELECTRIC COMPANY,3.0,2017-01-12,WARNDatabaseMasterExcluding2026.csv,PCG-PH,kept,ok
PACIFIC GAS AND ELECTRIC COMPANY,2.0,2017-01-12,WARNDatabaseMasterExcluding2026.csv,PCG-PH,kept,ok
PACIFIC GAS AND ELECTRIC COMPANY,2.0,2017-01-12,WARNDatabaseMasterExcluding2026.csv,PCG-PH,kept,ok
PACIFIC GAS AND ELECTRIC COMPANY,2.0,2017-01-12,WARNDatabaseMasterExcluding2026.csv,PCG-PH,kept,ok
PACIFIC GAS AND ELECTRIC COMPANY,1.0,2017-01-12,WARNDatabaseMasterExcluding2026.csv,PCG-PH,kept,ok
PACIFIC GAS AND ELECTRIC COMPANY,1.0,2017-01-12,WARNDatabaseMasterExcluding2026.csv,PCG-PH,kept,ok
THE LIMITED,15.0,2017-01-11,WARNDatabaseMasterExcluding2026.csv,KZIA,kept,ok
THE LIMITED,15.0,2017-01-11,WARNDatabaseMasterExcluding2026.csv,KZIA,kept,ok
"RAKUTEN COMMERCE LLC, DBA",73.0,2017-01-11,WARNDatabaseMasterExcluding2026.csv,DBA,kept,ok
"ALASKA AIR GROUP, INC.",275.0,2017-01-10,WARNDatabaseMasterExcluding2026.csv,ALK,kept,ok
SENSATA TECHNOLOGIES,300.0,2017-01-09,WARNDatabaseMasterExcluding2026.csv,ST,kept,ok
MACY'S,193.0,2017-01-09,WARNDatabaseMasterExcluding2026.csv,M,kept,ok
MACY'S,16.0,2017-01-09,WARNDatabaseMasterExcluding2026.csv,M,kept,ok
MACY'S,96.0,2017-01-06,WARNDatabaseMasterExcluding2026.csv,M,kept,ok
MACY'S,135.0,2017-01-05,WARNDatabaseMasterExcluding2026.csv,M,kept,ok
MACY'S,96.0,2017-01-05,WARNDatabaseMasterExcluding2026.csv,M,kept,ok
PINNACLE FOODS,27.0,2017-01-05,WARNDatabaseMasterExcluding2026.csv,P4F.SG,kept,ok
MACY'S,70.0,2017-01-05,WARNDatabaseMasterExcluding2026.csv,M,kept,ok
SEARS,84.0,2017-01-05,WARNDatabaseMasterExcluding2026.csv,SRSCQ,kept,ok
MACY'S,96.0,2017-01-04,WARNDatabaseMasterExcluding2026.csv,M,kept,ok
CACI,65.0,2017-01-03,WARNDatabaseMasterExcluding2026.csv,CACI,kept,ok
HGS,129.0,2017-01-01,WARNDatabaseMasterExcluding2026.csv,HGS.NS,kept,ok
"GENERAL MILLS, INC. (PROGRESSO SOUP)",338.0,2017-01-01,WARNDatabaseMasterExcluding2026.csv,GIS,kept,ok
MACY'S,117.0,2017-01-01,WARNDatabaseMasterExcluding2026.csv,M,kept,ok
HGS,129.0,2017-01-01,WARNDatabaseMasterExcluding2026.csv,HGS.NS,kept,ok
ANADARKO PETROLEUM CORPORATION,52.0,2017-01-01,WARNDatabaseMasterExcluding2026.csv,APC,kept,ok
MACY'S,184.0,2017-01-01,WARNDatabaseMasterExcluding2026.csv,M,kept,ok
MACY'S,83.0,2017-01-01,WARNDatabaseMasterExcluding2026.csv,M,kept,ok
MCKESSON CORPORATION,80.0,2016-12-31,WARNDatabaseMasterExcluding2026.csv,MCK,kept,ok
XOMA CORPORATION,57.0,2016-12-29,WARNDatabaseMasterExcluding2026.csv,XOMA,kept,ok
"MARRIOTT INTERNATIONAL, INC. (UPDATE TO 11/28/16 NOTICE)",3.0,2016-12-28,WARNDatabaseMasterExcluding2026.csv,MAR,kept,ok
"MARRIOTT INTERNATIONAL, INC. (STARLAB OPERATIONS)",15.0,2016-12-28,WARNDatabaseMasterExcluding2026.csv,MAR,kept,ok
"SEARS, ROEBUCK AND CO. (STORE# 1544)",200.0,2016-12-27,WARNDatabaseMasterExcluding2026.csv,SRSCQ,kept,ok
"SEARS, ROEBUCK AND CO. (STORE# 1323 & 6324)",96.0,2016-12-27,WARNDatabaseMasterExcluding2026.csv,SRSCQ,kept,ok
"SEARS, ROEBUCK AND CO. (STORE# 1162 & 2621)",105.0,2016-12-27,WARNDatabaseMasterExcluding2026.csv,SRSCQ,kept,ok
"SEARS, ROEBUCK AND CO. (STORE# 6236 & 2134)",76.0,2016-12-27,WARNDatabaseMasterExcluding2026.csv,SRSCQ,kept,ok
BOEING COMPANY,13.0,2016-12-21,WARNDatabaseMasterExcluding2026.csv,BA,kept,ok
BOEING COMPANY,9.0,2016-12-21,WARNDatabaseMasterExcluding2026.csv,BA,kept,ok
COLEMAN,54.0,2016-12-20,WARNDatabaseMasterExcluding2026.csv,ZAEZFX,kept,ok
RYDER,28.0,2016-12-20,WARNDatabaseMasterExcluding2026.csv,R,kept,ok
PFIZER INC,200.0,2016-12-16,WARNDatabaseMasterExcluding2026.csv,PFE,kept,ok
ASTRAZENECA,120.0,2016-12-15,WARNDatabaseMasterExcluding2026.csv,AZN,kept,ok
BRISTOL-MYERS SQUIBB,703.0,2016-12-13,WARNDatabaseMasterExcluding2026.csv,BMY,kept,ok
BOEING COMPANY,1.0,2016-12-12,WARNDatabaseMasterExcluding2026.csv,BA,kept,ok
"ROYAL BANK OF SCOTLAND, PLC AND RBS SECURITIES INC. (UPDATED NOTICE)",10.0,2016-12-08,WARNDatabaseMasterExcluding2026.csv,AATIFXX,kept,ok
MARTIN'S,183.0,2016-12-08,WARNDatabaseMasterExcluding2026.csv,JEM.MU,kept,ok
MARTIN'S,173.0,2016-12-08,WARNDatabaseMasterExcluding2026.csv,JEM.MU,kept,ok
MARTIN'S,155.0,2016-12-08,WARNDatabaseMasterExcluding2026.csv,JEM.MU,kept,ok
MARTIN'S,161.0,2016-12-08,WARNDatabaseMasterExcluding2026.csv,JEM.MU,kept,ok
"CORELOGIC, INC.",10.0,2016-12-07,WARNDatabaseMasterExcluding2026.csv,^SPCS20R,kept,ok
WILLIAMS COS,400.0,2016-12-07,WARNDatabaseMasterExcluding2026.csv,WMB,kept,ok
THE HONEST COMPANY,65.0,2016-12-06,WARNDatabaseMasterExcluding2026.csv,HNST,kept,ok
"SHIEL HOLDINGS, LLC (SHIEL MEDICAL LABORATORY, A DIVISION OF FRESENIUS MEDICAL CARE, NA)",10.0,2016-12-06,WARNDatabaseMasterExcluding2026.csv,NG=F,kept,ok
SUNPOWER CORPORATION,59.0,2016-12-06,WARNDatabaseMasterExcluding2026.csv,SPWR,kept,ok
SUNPOWER CORPORATION,57.0,2016-12-06,WARNDatabaseMasterExcluding2026.csv,SPWR,kept,ok
PARKER HANNIFIN CORP,19.0,2016-12-05,WARNDatabaseMasterExcluding2026.csv,PH,kept,ok
"SODEXO, INC. AND AFFILIATES MAYO CLINIC - JACKSONVILLE",138.0,2016-12-05,WARNDatabaseMasterExcluding2026.csv,SJ7.DU,kept,ok
WEATHERFORD,55.0,2016-12-05,WARNDatabaseMasterExcluding2026.csv,WFRD,kept,ok
WEATHERFORD,207.0,2016-12-02,WARNDatabaseMasterExcluding2026.csv,WFRD,kept,ok
BRISTOL-MYERS SQUIBB,2.0,2016-12-01,WARNDatabaseMasterExcluding2026.csv,BMY,kept,ok
BRISTOL-MYERS SQUIBB,2.0,2016-12-01,WARNDatabaseMasterExcluding2026.csv,BMY,kept,ok
HUBBELL,55.0,2016-12-01,WARNDatabaseMasterExcluding2026.csv,HUBB,kept,ok
THE HOME DEPOT,66.0,2016-12-01,WARNDatabaseMasterExcluding2026.csv,HD,kept,ok
QUAD/GRAPHICS INC.,81.0,2016-12-01,WARNDatabaseMasterExcluding2026.csv,QUAD,kept,ok
COMCAST,78.0,2016-12-01,WARNDatabaseMasterExcluding2026.csv,CMCSA,kept,ok
QUAD GRAPHICS,193.0,2016-12-01,WARNDatabaseMasterExcluding2026.csv,QUAD,kept,ok
TARGET,208.0,2016-12-01,WARNDatabaseMasterExcluding2026.csv,TGT,kept,ok
AMICO,30.0,2016-11-30,WARNDatabaseMasterExcluding2026.csv,092040.KQ,kept,ok
CLEARWATER PAPER,91.0,2016-11-30,WARNDatabaseMasterExcluding2026.csv,CLW,kept,ok
"GOPRO, INC.",138.0,2016-11-30,WARNDatabaseMasterExcluding2026.csv,GPRO,kept,ok
"SHIEL HOLDINGS, LLC (SHIEL MEDICAL LABORATORY (A DIVISION OF FRESENIUS MEDICAL CARE, NA)",3.0,2016-11-29,WARNDatabaseMasterExcluding2026.csv,NG=F,kept,ok
"MARRIOTT INTERNATIONAL, INC. (UPDATE TO 10/27/16 NOTICE)",3.0,2016-11-28,WARNDatabaseMasterExcluding2026.csv,MAR,kept,ok
"MARRIOTT INTERNATIONAL, INC. (STARLAB OPERATIONS)",2.0,2016-11-28,WARNDatabaseMasterExcluding2026.csv,MAR,kept,ok
BOEING COMPANY,45.0,2016-11-28,WARNDatabaseMasterExcluding2026.csv,BA,kept,ok
BOEING COMPANY,13.0,2016-11-28,WARNDatabaseMasterExcluding2026.csv,BA,kept,ok
CHARTER COMMUNICATIONS,43.0,2016-11-23,WARNDatabaseMasterExcluding2026.csv,CHTR,kept,ok
FIRST SOLAR INC,459.0,2016-11-22,WARNDatabaseMasterExcluding2026.csv,FSLR,kept,ok
"VOITH PAPER FABRICS, INC.",64.0,2016-11-21,WARNDatabaseMasterExcluding2026.csv,VOITHPAPR.BO,kept,ok
EATON CORPORATION,144.0,2016-11-18,WARNDatabaseMasterExcluding2026.csv,ETN,kept,ok
BOEING COMPANY,1.0,2016-11-18,WARNDatabaseMasterExcluding2026.csv,BA,kept,ok
EATON CORPORATION,144.0,2016-11-18,WARNDatabaseMasterExcluding2026.csv,ETN,kept,ok
HEWLETT PACKARD ENTERPRISE,208.0,2016-11-18,WARNDatabaseMasterExcluding2026.csv,HPE,kept,ok
GO DIGITAL,153.0,2016-11-17,WARNDatabaseMasterExcluding2026.csv,002848.SZ,kept,ok
VANTIV,200.0,2016-11-17,WARNDatabaseMasterExcluding2026.csv,VANTI.PA,kept,ok
UTI,96.0,2016-11-16,WARNDatabaseMasterExcluding2026.csv,UTI,kept,ok
UPS,470.0,2016-11-16,WARNDatabaseMasterExcluding2026.csv,UPS,kept,ok
INTEL CORPORATION,77.0,2016-11-15,WARNDatabaseMasterExcluding2026.csv,INTC,kept,ok
INTEL CORPORATION,84.0,2016-11-15,WARNDatabaseMasterExcluding2026.csv,INTC,kept,ok
BROADCOM,64.0,2016-11-15,WARNDatabaseMasterExcluding2026.csv,AVGO,kept,ok
GENCO,26.0,2016-11-15,WARNDatabaseMasterExcluding2026.csv,GNK,kept,ok
HEWLETT PACKARD ENTERPRISE,258.0,2016-11-14,WARNDatabaseMasterExcluding2026.csv,HPE,kept,ok
CATERPILLAR,10.0,2016-11-11,WARNDatabaseMasterExcluding2026.csv,CAT,kept,ok
QUINSTREET,57.0,2016-11-10,WARNDatabaseMasterExcluding2026.csv,QNST,kept,ok
HEWLETT PACKARD ENTERPRISE,143.0,2016-11-08,WARNDatabaseMasterExcluding2026.csv,HPE,kept,ok
VERIZON,324.0,2016-11-07,WARNDatabaseMasterExcluding2026.csv,VZ,kept,ok
"AMERICAN APPAREL, LLC",2166.0,2016-11-07,WARNDatabaseMasterExcluding2026.csv,APP,kept,ok
"AMERICAN APPAREL, LLC",959.0,2016-11-07,WARNDatabaseMasterExcluding2026.csv,APP,kept,ok
"AMERICAN APPAREL, LLC",332.0,2016-11-07,WARNDatabaseMasterExcluding2026.csv,APP,kept,ok
VISA INC.,213.0,2016-11-07,WARNDatabaseMasterExcluding2026.csv,V,kept,ok
"CISCO SYSTEMS, INC.",42.0,2016-11-04,WARNDatabaseMasterExcluding2026.csv,CSCO,kept,ok
NETAPP,82.0,2016-11-03,WARNDatabaseMasterExcluding2026.csv,NTAP,kept,ok
"ROYAL BANK OF SCOTLAND, PLC AND RBS SECURITIES INC. (UPDATED NOTICE)",3.0,2016-11-03,WARNDatabaseMasterExcluding2026.csv,AATIFXX,kept,ok
"NETAPP, INC.",160.0,2016-11-03,WARNDatabaseMasterExcluding2026.csv,NTAP,kept,ok
WESTROCK,99.0,2016-11-01,WARNDatabaseMasterExcluding2026.csv,SW,kept,ok
ROGERS CORPORATION,50.0,2016-11-01,WARNDatabaseMasterExcluding2026.csv,ROG,kept,ok
C3I,56.0,2016-11-01,WARNDatabaseMasterExcluding2026.csv,CISS,kept,ok
OCWEN,54.0,2016-11-01,WARNDatabaseMasterExcluding2026.csv,US6757466064.SG,kept,ok
BOEING COMPANY,15.0,2016-11-01,WARNDatabaseMasterExcluding2026.csv,BA,kept,ok
BOEING COMPANY,9.0,2016-11-01,WARNDatabaseMasterExcluding2026.csv,BA,kept,ok
PARKER HANNIFIN CORP,13.0,2016-10-31,WARNDatabaseMasterExcluding2026.csv,PH,kept,ok
ESCO,168.0,2016-10-31,WARNDatabaseMasterExcluding2026.csv,ESE,kept,ok
"SYMRISE, INC.",36.0,2016-10-31,WARNDatabaseMasterExcluding2026.csv,SY1.DE,kept,ok
CHUBB,71.0,2016-10-28,WARNDatabaseMasterExcluding2026.csv,CB,kept,ok
XPO LOGISTICS,345.0,2016-10-27,WARNDatabaseMasterExcluding2026.csv,XPO,kept,ok
"MARRIOTT INTERNATIONAL, INC.",163.0,2016-10-27,WARNDatabaseMasterExcluding2026.csv,MAR,kept,ok
CATERPILLAR INC.,80.0,2016-10-27,WARNDatabaseMasterExcluding2026.csv,CAT,kept,ok
XPO LOGISTICS,345.0,2016-10-27,WARNDatabaseMasterExcluding2026.csv,XPO,kept,ok
REPUBLIC SERVICES,70.0,2016-10-26,WARNDatabaseMasterExcluding2026.csv,RSG,kept,ok
REPUBLIC SERVICES,70.0,2016-10-26,WARNDatabaseMasterExcluding2026.csv,RSG,kept,ok
SEARS HOLDINGS CORPORATION,325.0,2016-10-26,WARNDatabaseMasterExcluding2026.csv,SHLD,kept,ok
BROADRIDGE FINANCIAL SOLUTIONS,62.0,2016-10-24,WARNDatabaseMasterExcluding2026.csv,BR,kept,ok
"INTERNATIONAL AUTOMOTIVE COMPONENTS, IAC",460.0,2016-10-21,WARNDatabaseMasterExcluding2026.csv,0P0001ODNP.F,kept,ok
"INTERNATIONAL AUTOMOTIVE COMPONENTS, IAC",460.0,2016-10-21,WARNDatabaseMasterExcluding2026.csv,0P0001ODNP.F,kept,ok
"GOLDMAN, SACHS & CO.",20.0,2016-10-21,WARNDatabaseMasterExcluding2026.csv,GS,kept,ok
"ROYAL BANK OF SCOTLAND, PLC AND RBS SECURITIES INC. (UPDATED NOTICE)",40.0,2016-10-20,WARNDatabaseMasterExcluding2026.csv,AATIFXX,kept,ok
BOEING,56.0,2016-10-18,WARNDatabaseMasterExcluding2026.csv,BA,kept,ok
CONCENTRIX CORP.,569.0,2016-10-18,WARNDatabaseMasterExcluding2026.csv,CNXC,kept,ok
BOEING COMPANY,33.0,2016-10-18,WARNDatabaseMasterExcluding2026.csv,BA,kept,ok
BOEING COMPANY,13.0,2016-10-18,WARNDatabaseMasterExcluding2026.csv,BA,kept,ok
MODINE MANUFACTURING,58.0,2016-10-17,WARNDatabaseMasterExcluding2026.csv,MOD,kept,ok
THERMO FISHER SCIENTIFIC,92.0,2016-10-17,WARNDatabaseMasterExcluding2026.csv,TMO,kept,ok
MODINE MANUFACTURING,58.0,2016-10-17,WARNDatabaseMasterExcluding2026.csv,MOD,kept,ok
THERMO FISHER SCIENTIFIC,44.0,2016-10-17,WARNDatabaseMasterExcluding2026.csv,TMO,kept,ok
THERMO FISHER SCIENTIFIC,38.0,2016-10-17,WARNDatabaseMasterExcluding2026.csv,TMO,kept,ok
THERMO FISHER SCIENTIFIC,2.0,2016-10-17,WARNDatabaseMasterExcluding2026.csv,TMO,kept,ok
BOEING COMPANY,3.0,2016-10-14,WARNDatabaseMasterExcluding2026.csv,BA,kept,ok
GE POWER,255.0,2016-10-14,WARNDatabaseMasterExcluding2026.csv,GENUSPOWER.NS,kept,ok
PARKER HANNIFIN CORP,19.0,2016-10-13,WARNDatabaseMasterExcluding2026.csv,PH,kept,ok
"BENCHMARK ELECTRONICS, INC.",89.0,2016-10-10,WARNDatabaseMasterExcluding2026.csv,BHE,kept,ok
"THERANOS, INC.",72.0,2016-10-10,WARNDatabaseMasterExcluding2026.csv,RAD.AX,kept,ok
"THERANOS, INC.",62.0,2016-10-10,WARNDatabaseMasterExcluding2026.csv,RAD.AX,kept,ok
BOEING COMPANY,3.0,2016-10-10,WARNDatabaseMasterExcluding2026.csv,BA,kept,ok
ITT CORPORATION,2.0,2016-10-10,WARNDatabaseMasterExcluding2026.csv,ITT,kept,ok
CHARTER COMMUNICATIONS,258.0,2016-10-07,WARNDatabaseMasterExcluding2026.csv,CHTR,kept,ok
THERANOS,194.0,2016-10-06,WARNDatabaseMasterExcluding2026.csv,RAD.AX,kept,ok
THERANOS,194.0,2016-10-06,WARNDatabaseMasterExcluding2026.csv,RAD.AX,kept,ok
OWENS CORNING,71.0,2016-10-03,WARNDatabaseMasterExcluding2026.csv,OC,kept,ok
TTM,205.0,2016-10-01,WARNDatabaseMasterExcluding2026.csv,TTMI,kept,ok
MODINE MANUFACTURING,0.0,2016-09-30,WARNDatabaseMasterExcluding2026.csv,MOD,kept,ok
"JACOBSON WAREHOUSE CO., XPO LOGISTICS",37.0,2016-09-30,WARNDatabaseMasterExcluding2026.csv,XPO,kept,ok
MODINE MANUFACTURING,0.0,2016-09-30,WARNDatabaseMasterExcluding2026.csv,MOD,kept,ok
"JACOBSON WAREHOUSE CO., XPO LOGISTICS",37.0,2016-09-30,WARNDatabaseMasterExcluding2026.csv,XPO,kept,ok
"MARRIOTT INTERNATIONAL, INC. (STARLAB OPERATIONS)",51.0,2016-09-30,WARNDatabaseMasterExcluding2026.csv,MAR,kept,ok
METLIFE,34.0,2016-09-28,WARNDatabaseMasterExcluding2026.csv,MET,kept,ok
METLIFE,34.0,2016-09-28,WARNDatabaseMasterExcluding2026.csv,MET,kept,ok
MODINE MANUFACTURING,1.0,2016-09-27,WARNDatabaseMasterExcluding2026.csv,MOD,kept,ok
MODINE MANUFACTURING,1.0,2016-09-27,WARNDatabaseMasterExcluding2026.csv,MOD,kept,ok
"ADP, LLC",79.0,2016-09-27,WARNDatabaseMasterExcluding2026.csv,ADP,kept,ok
RYDER,11.0,2016-09-26,WARNDatabaseMasterExcluding2026.csv,R,kept,ok
"PFIZER, INC.",8.0,2016-09-23,WARNDatabaseMasterExcluding2026.csv,PFE,kept,ok
"ROYAL BANK OF SCOTLAND, PLC AND RBS SECURITIES INC. (UPDATED NOTICE)",24.0,2016-09-22,WARNDatabaseMasterExcluding2026.csv,AATIFXX,kept,ok
"VARENGO, INC.",60.0,2016-09-22,WARNDatabaseMasterExcluding2026.csv,VG80.MU,kept,ok
"VARENGO, INC.",22.0,2016-09-22,WARNDatabaseMasterExcluding2026.csv,VG80.MU,kept,ok
PARKER HANNIFIN CORP,7.0,2016-09-21,WARNDatabaseMasterExcluding2026.csv,PH,kept,ok
UTI,200.0,2016-09-20,WARNDatabaseMasterExcluding2026.csv,UTI,kept,ok
BOEING COMPANY,2.0,2016-09-20,WARNDatabaseMasterExcluding2026.csv,BA,kept,ok
"BIOLOGICS, INC.",132.0,2016-09-20,WARNDatabaseMasterExcluding2026.csv,TOVX,kept,ok
SYNAPTICS INCORPORATED,77.0,2016-09-20,WARNDatabaseMasterExcluding2026.csv,SYNA,kept,ok
"OAKLEY, INC.",119.0,2016-09-19,WARNDatabaseMasterExcluding2026.csv,OCI.L,kept,ok
BOEING COMPANY,59.0,2016-09-19,WARNDatabaseMasterExcluding2026.csv,BA,kept,ok
BOEING COMPANY,23.0,2016-09-19,WARNDatabaseMasterExcluding2026.csv,BA,kept,ok
MODINE MANUFACTURING,1.0,2016-09-16,WARNDatabaseMasterExcluding2026.csv,MOD,kept,ok
MODINE MANUFACTURING,1.0,2016-09-16,WARNDatabaseMasterExcluding2026.csv,MOD,kept,ok
NORDSON CORPORATION,146.0,2016-09-16,WARNDatabaseMasterExcluding2026.csv,NDSN,kept,ok
CITI,28.0,2016-09-15,WARNDatabaseMasterExcluding2026.csv,C,kept,ok
"MERCK & CO., INC",112.0,2016-09-15,WARNDatabaseMasterExcluding2026.csv,MRK,kept,ok
"PRIMEFLIGHT AVIATION-SAN ANTONIO, TX",90.0,2016-09-14,WARNDatabaseMasterExcluding2026.csv,TX,kept,ok
WALMART,353.0,2016-09-12,WARNDatabaseMasterExcluding2026.csv,WMT,kept,ok
VEECO INSTRUMENTS INC.,18.0,2016-09-09,WARNDatabaseMasterExcluding2026.csv,VECO,kept,ok
VEECO INSTRUMENTS INC.,12.0,2016-09-09,WARNDatabaseMasterExcluding2026.csv,VECO,kept,ok
MERCK,64.0,2016-09-01,WARNDatabaseMasterExcluding2026.csv,MRK,kept,ok
"VELTRI, INC.",77.0,2016-09-01,WARNDatabaseMasterExcluding2026.csv,VELT-USD,kept,ok
ASTRAZENECA,134.0,2016-09-01,WARNDatabaseMasterExcluding2026.csv,AZN,kept,ok
"SODEXO, INC. DREXEL",266.0,2016-09-01,WARNDatabaseMasterExcluding2026.csv,SW.VI,kept,ok
ALLEGION,58.0,2016-09-01,WARNDatabaseMasterExcluding2026.csv,ALLE,kept,ok
GENERAL MILLS INC,182.0,2016-08-31,WARNDatabaseMasterExcluding2026.csv,GIS,kept,ok
METLIFE,106.0,2016-08-31,WARNDatabaseMasterExcluding2026.csv,MET,kept,ok
"BLISS, LLC (CORPORATE OFFICE)",33.0,2016-08-31,WARNDatabaseMasterExcluding2026.csv,BLISSGVS.NS,kept,ok
"ARROW ELECTRONICS, INC.",72.0,2016-08-30,WARNDatabaseMasterExcluding2026.csv,ARW,kept,ok
"GENWORTH FINANCIAL, INC.",58.0,2016-08-30,WARNDatabaseMasterExcluding2026.csv,GNW,kept,ok
MODINE MANUFACTURING,3.0,2016-08-29,WARNDatabaseMasterExcluding2026.csv,MOD,kept,ok
MODINE MANUFACTURING,3.0,2016-08-29,WARNDatabaseMasterExcluding2026.csv,MOD,kept,ok
NATIONAL OILWELL VARCO,72.0,2016-08-29,WARNDatabaseMasterExcluding2026.csv,NOV,kept,ok
"WGS GLOBAL SERVICES, LC",,2016-08-25,WARNDatabaseMasterExcluding2026.csv,LC,kept,ok
"ROYAL BANK OF SCOTLAND, PLC AND RBS SECURITIES INC. (UPDATED NOTICE)",19.0,2016-08-25,WARNDatabaseMasterExcluding2026.csv,AATIFXX,kept,ok
BOEING,116.0,2016-08-24,WARNDatabaseMasterExcluding2026.csv,BA,kept,ok
COMMERCIAL VEHICLE GROUP,125.0,2016-08-24,WARNDatabaseMasterExcluding2026.csv,CVGI,kept,ok
COMMERCIAL VEHICLE GROUP,125.0,2016-08-24,WARNDatabaseMasterExcluding2026.csv,CVGI,kept,ok
ANADARKO PETROLEUM CORPORATION,57.0,2016-08-23,WARNDatabaseMasterExcluding2026.csv,APC,kept,ok
"SAFEWAY, INC.",75.0,2016-08-22,WARNDatabaseMasterExcluding2026.csv,301559.SZ,kept,ok
BOEING COMPANY,2.0,2016-08-22,WARNDatabaseMasterExcluding2026.csv,BA,kept,ok
BOEING COMPANY,37.0,2016-08-22,WARNDatabaseMasterExcluding2026.csv,BA,kept,ok
BOEING COMPANY,20.0,2016-08-22,WARNDatabaseMasterExcluding2026.csv,BA,kept,ok
BAE SYSTEMS,200.0,2016-08-19,WARNDatabaseMasterExcluding2026.csv,BA.L,kept,ok
"GOLDMAN, SACHS & CO.",15.0,2016-08-19,WARNDatabaseMasterExcluding2026.csv,GS,kept,ok
"CISCO SYSTEMS, INC.",899.0,2016-08-18,WARNDatabaseMasterExcluding2026.csv,CSCO,kept,ok
"SEARS, ROEBUCK AND CO.",44.0,2016-08-17,WARNDatabaseMasterExcluding2026.csv,SRSCQ,kept,ok
SAFEWAY,57.0,2016-08-16,WARNDatabaseMasterExcluding2026.csv,301559.SZ,kept,ok
EATON CORPORATION,21.0,2016-08-15,WARNDatabaseMasterExcluding2026.csv,ETN,kept,ok
BEST BUY,43.0,2016-08-15,WARNDatabaseMasterExcluding2026.csv,BBY,kept,ok
PARKER HANNIFIN CORP,3.0,2016-08-15,WARNDatabaseMasterExcluding2026.csv,PH,kept,ok
EATON CORPORATION,21.0,2016-08-15,WARNDatabaseMasterExcluding2026.csv,ETN,kept,ok
BEST BUY,43.0,2016-08-15,WARNDatabaseMasterExcluding2026.csv,BBY,kept,ok
MODINE MANUFACTURING,41.0,2016-08-12,WARNDatabaseMasterExcluding2026.csv,MOD,kept,ok
3M COMPANY,135.0,2016-08-12,WARNDatabaseMasterExcluding2026.csv,MMM,kept,ok
MODINE MANUFACTURING,41.0,2016-08-12,WARNDatabaseMasterExcluding2026.csv,MOD,kept,ok
"SODEXO, INC",76.0,2016-08-12,WARNDatabaseMasterExcluding2026.csv,SJ7.SG,kept,ok
"CSC HOLDINGS, LLC",105.0,2016-08-09,WARNDatabaseMasterExcluding2026.csv,C06.SI,kept,ok
"CSC HOLDINGS, LLC",482.0,2016-08-09,WARNDatabaseMasterExcluding2026.csv,C06.SI,kept,ok
"SEARS, ROEBUCK AND CO. #1225",88.0,2016-08-09,WARNDatabaseMasterExcluding2026.csv,SRSCQ,kept,ok
"SEARS, ROEBUCK, AND CO. #6476 SEARS AUTO CENTER",13.0,2016-08-09,WARNDatabaseMasterExcluding2026.csv,SRSCQ,kept,ok
ASCO,107.0,2016-08-08,WARNDatabaseMasterExcluding2026.csv,0P0001H9I2.L,kept,ok
"FAMILY DOLLAR STORES, INC. (DOLLAR TREE)",255.0,2016-08-05,WARNDatabaseMasterExcluding2026.csv,0IC8.L,kept,ok
MANPOWERGROUP,59.0,2016-08-04,WARNDatabaseMasterExcluding2026.csv,MAN,kept,ok
INTEGRA,59.0,2016-08-04,WARNDatabaseMasterExcluding2026.csv,ZIM,kept,ok
SENTRY,37.0,2016-08-03,WARNDatabaseMasterExcluding2026.csv,5Z7.F,kept,ok
EATON CORPORATION,23.0,2016-08-02,WARNDatabaseMasterExcluding2026.csv,ETN,kept,ok
CATERPILLAR INC.,152.0,2016-08-02,WARNDatabaseMasterExcluding2026.csv,CAT,kept,ok
EATON CORPORATION,23.0,2016-08-02,WARNDatabaseMasterExcluding2026.csv,ETN,kept,ok
"CATERPILLAR, INC.",155.0,2016-08-01,WARNDatabaseMasterExcluding2026.csv,CAT,kept,ok
"MERCK & CO., INC.",148.0,2016-08-01,WARNDatabaseMasterExcluding2026.csv,MRK,kept,ok
MONDELEZ INTERNATIONAL,1.0,2016-08-01,WARNDatabaseMasterExcluding2026.csv,MDLZ,kept,ok
LOCKHEED MARTIN,327.0,2016-08-01,WARNDatabaseMasterExcluding2026.csv,LMT,kept,ok
"CONAGRA FOODS, INC.",11.0,2016-08-01,WARNDatabaseMasterExcluding2026.csv,CAG,kept,ok
CENTURY ALUMINUM,250.0,2016-07-31,WARNDatabaseMasterExcluding2026.csv,CENX,kept,ok
SANDVIK,49.0,2016-07-29,WARNDatabaseMasterExcluding2026.csv,SANDS.XC,kept,ok
LOCKHEED MARTIN,123.0,2016-07-29,WARNDatabaseMasterExcluding2026.csv,LMT,kept,ok
AECOM,,2016-07-29,WARNDatabaseMasterExcluding2026.csv,ACM,kept,ok
CCA,245.0,2016-07-29,WARNDatabaseMasterExcluding2026.csv,CAWW,kept,ok
"OAKLEY, INC.",417.0,2016-07-28,WARNDatabaseMasterExcluding2026.csv,OCI.L,kept,ok
BOEING COMPANY,7.0,2016-07-27,WARNDatabaseMasterExcluding2026.csv,BA,kept,ok
BB&T,61.0,2016-07-27,WARNDatabaseMasterExcluding2026.csv,BBVAGB3TNC.MX,kept,ok
PARKER HANNIFIN CORP.,7.0,2016-07-26,WARNDatabaseMasterExcluding2026.csv,PH,kept,ok
BOEING COMPANY,73.0,2016-07-26,WARNDatabaseMasterExcluding2026.csv,BA,kept,ok
BOEING COMPANY,38.0,2016-07-26,WARNDatabaseMasterExcluding2026.csv,BA,kept,ok
PACKAGING CORPORATION OF AMERICA,70.0,2016-07-25,WARNDatabaseMasterExcluding2026.csv,PKG,kept,ok
THE CHEMOURS COMPANY,145.0,2016-07-25,WARNDatabaseMasterExcluding2026.csv,CC,kept,ok
MODINE MANUFACTURING,31.0,2016-07-22,WARNDatabaseMasterExcluding2026.csv,MOD,kept,ok
GE POWER,94.0,2016-07-22,WARNDatabaseMasterExcluding2026.csv,GENUSPOWER.NS,kept,ok
MODINE MANUFACTURING,31.0,2016-07-22,WARNDatabaseMasterExcluding2026.csv,MOD,kept,ok
"SHIEL HOLDINGS, LLC (SHIEL MEDICAL LABORATORY, A DIVISION OF FRESENIUS MEDICAL CARE, NA)",174.0,2016-07-21,WARNDatabaseMasterExcluding2026.csv,NG=F,kept,ok
MODINE MANUFACTURING,2.0,2016-07-20,WARNDatabaseMasterExcluding2026.csv,MOD,kept,ok
EXCELSIOR,80.0,2016-07-20,WARNDatabaseMasterExcluding2026.csv,ECL.AX,kept,ok
"ROYAL BANK OF SCOTLAND, PLC AND RBS SECURITIES INC. (UPDATED NOTICE)",21.0,2016-07-20,WARNDatabaseMasterExcluding2026.csv,AATIFXX,kept,ok
MODINE MANUFACTURING,2.0,2016-07-20,WARNDatabaseMasterExcluding2026.csv,MOD,kept,ok
"CONAGRA FOODS, INC.",69.0,2016-07-18,WARNDatabaseMasterExcluding2026.csv,CAG,kept,ok
PAE,58.0,2016-07-18,WARNDatabaseMasterExcluding2026.csv,PAEEM.PA,kept,ok
WELLS FARGO,9.0,2016-07-16,WARNDatabaseMasterExcluding2026.csv,WFC,kept,ok
WELLS FARGO,19.0,2016-07-13,WARNDatabaseMasterExcluding2026.csv,WFC,kept,ok
WELLS FARGO,6.0,2016-07-13,WARNDatabaseMasterExcluding2026.csv,WFC,kept,ok
WELLS FARGO,19.0,2016-07-13,WARNDatabaseMasterExcluding2026.csv,WFC,kept,ok
NORTHWEST PIPE COMPANY,65.0,2016-07-12,WARNDatabaseMasterExcluding2026.csv,NWPX,kept,ok
NORTHWEST PIPE COMPANY,65.0,2016-07-12,WARNDatabaseMasterExcluding2026.csv,NWPX,kept,ok
"GENCO I, INC. DBA GENCO",53.0,2016-07-12,WARNDatabaseMasterExcluding2026.csv,GENC,kept,ok
BANK OF AMERICA,102.0,2016-07-11,WARNDatabaseMasterExcluding2026.csv,BAC,kept,ok
"WAL-MART STORES, INC.",174.0,2016-07-08,WARNDatabaseMasterExcluding2026.csv,GJO,kept,ok
"GOLDMAN, SACHS & CO.",55.0,2016-07-08,WARNDatabaseMasterExcluding2026.csv,GS,kept,ok
TYSON FOODS INC.,34.0,2016-07-07,WARNDatabaseMasterExcluding2026.csv,TSN,kept,ok
BELK,52.0,2016-07-06,WARNDatabaseMasterExcluding2026.csv,BELKA39917-USD,kept,ok
"CHANEL, INC",75.0,2016-07-01,WARNDatabaseMasterExcluding2026.csv,CHANEL-USD,kept,ok
RYDER,7.0,2016-07-01,WARNDatabaseMasterExcluding2026.csv,R,kept,ok
METLIFE,74.0,2016-06-30,WARNDatabaseMasterExcluding2026.csv,MET,kept,ok
"CATERPILLAR, INC. CATERPILLAR WORK TOOLS",63.0,2016-06-29,WARNDatabaseMasterExcluding2026.csv,CAT,kept,ok
DOW CHEMICAL COMPANY,700.0,2016-06-28,WARNDatabaseMasterExcluding2026.csv,DOW,kept,ok
COMPUCOM,16.0,2016-06-27,WARNDatabaseMasterExcluding2026.csv,COMPUSOFT.BO,kept,ok
PARKER HANNIFIN,35.0,2016-06-27,WARNDatabaseMasterExcluding2026.csv,PH,kept,ok
LENDINGCLUB CORPORATION,159.0,2016-06-27,WARNDatabaseMasterExcluding2026.csv,LC,kept,ok
"CROSSROADS, INC.",9.0,2016-06-24,WARNDatabaseMasterExcluding2026.csv,CRG.V,kept,ok
PEARSON,4.0,2016-06-23,WARNDatabaseMasterExcluding2026.csv,PSON.L,kept,ok
GENCO,160.0,2016-06-23,WARNDatabaseMasterExcluding2026.csv,GNK,kept,ok
PEARSON,4.0,2016-06-23,WARNDatabaseMasterExcluding2026.csv,PSON.L,kept,ok
VSE CORPORATION,9.0,2016-06-23,WARNDatabaseMasterExcluding2026.csv,VSEC,kept,ok
BOEING,99.0,2016-06-22,WARNDatabaseMasterExcluding2026.csv,BA,kept,ok
GE POWER,85.0,2016-06-22,WARNDatabaseMasterExcluding2026.csv,GENUSPOWER.NS,kept,ok
PARKER HANNIFIN CORP.,12.0,2016-06-22,WARNDatabaseMasterExcluding2026.csv,PH,kept,ok
"GOLDMAN, SACHS & CO.",98.0,2016-06-21,WARNDatabaseMasterExcluding2026.csv,GS,kept,ok
BOEING COMPANY,42.0,2016-06-21,WARNDatabaseMasterExcluding2026.csv,BA,kept,ok
BOEING COMPANY,41.0,2016-06-21,WARNDatabaseMasterExcluding2026.csv,BA,kept,ok
MATTHEWS INTERNATIONAL CORP.,93.0,2016-06-20,WARNDatabaseMasterExcluding2026.csv,MATW,kept,ok
AECOM,52.0,2016-06-17,WARNDatabaseMasterExcluding2026.csv,ACM,kept,ok
BOEING COMPANY,4.0,2016-06-17,WARNDatabaseMasterExcluding2026.csv,BA,kept,ok
"SODEXO, INC. (@MOUNT SAINT MARY COLLEGE)",72.0,2016-06-17,WARNDatabaseMasterExcluding2026.csv,SWN.MX,kept,ok
GAP INC.,200.0,2016-06-17,WARNDatabaseMasterExcluding2026.csv,GAP,kept,ok
RYDER,9.0,2016-06-17,WARNDatabaseMasterExcluding2026.csv,R,kept,ok
"ROYAL BANK OF SCOTLAND, PLC AND RBS SECURITIES INC. (UPDATED NOTTICE)",30.0,2016-06-16,WARNDatabaseMasterExcluding2026.csv,AATIFXX,kept,ok
"EBAY, INC.",538.0,2016-06-16,WARNDatabaseMasterExcluding2026.csv,EBAY,kept,ok
THERMO FISHER,33.0,2016-06-16,WARNDatabaseMasterExcluding2026.csv,TMO,kept,ok
MODINE MANUFACTURING,2.0,2016-06-15,WARNDatabaseMasterExcluding2026.csv,MOD,kept,ok
WELLS FARGO,1.0,2016-06-15,WARNDatabaseMasterExcluding2026.csv,WFC,kept,ok
MODINE MANUFACTURING,2.0,2016-06-15,WARNDatabaseMasterExcluding2026.csv,MOD,kept,ok
GENWORTH FINANCIAL INC.,42.0,2016-06-15,WARNDatabaseMasterExcluding2026.csv,GNW,kept,ok
MARTIN'S,65.0,2016-06-14,WARNDatabaseMasterExcluding2026.csv,JEM.MU,kept,ok
MARTIN'S,94.0,2016-06-14,WARNDatabaseMasterExcluding2026.csv,JEM.MU,kept,ok
MARTIN'S,96.0,2016-06-14,WARNDatabaseMasterExcluding2026.csv,JEM.MU,kept,ok
HERCULES OFFSHORE,60.0,2016-06-10,WARNDatabaseMasterExcluding2026.csv,HERO,kept,ok
HSN,257.0,2016-06-10,WARNDatabaseMasterExcluding2026.csv,HSN.AX,kept,ok
"VERTEX, INC.",100.0,2016-06-09,WARNDatabaseMasterExcluding2026.csv,VRTX,kept,ok
"STEMCELLS, INC.",27.0,2016-06-09,WARNDatabaseMasterExcluding2026.csv,7607.TWO,kept,ok
"STEMCELLS, INC.",26.0,2016-06-09,WARNDatabaseMasterExcluding2026.csv,7607.TWO,kept,ok
PEARSON,47.0,2016-06-07,WARNDatabaseMasterExcluding2026.csv,PSON.L,kept,ok
"SODEXO, INC.",223.0,2016-06-07,WARNDatabaseMasterExcluding2026.csv,SW.VI,kept,ok
PEARSON,47.0,2016-06-07,WARNDatabaseMasterExcluding2026.csv,PSON.L,kept,ok
REPUBLIC AIRWAYS,161.0,2016-06-06,WARNDatabaseMasterExcluding2026.csv,RJET,kept,ok
XEROX CORPORATION,39.0,2016-06-06,WARNDatabaseMasterExcluding2026.csv,XRX,kept,ok
RYDER,47.0,2016-06-03,WARNDatabaseMasterExcluding2026.csv,R,kept,ok
CHARTER COMMUNICATIONS,36.0,2016-06-02,WARNDatabaseMasterExcluding2026.csv,CHTR,kept,ok
BOEING,211.0,2016-06-01,WARNDatabaseMasterExcluding2026.csv,BA,kept,ok
EATON CORPORATION,23.0,2016-06-01,WARNDatabaseMasterExcluding2026.csv,ETN,kept,ok
BAE SYSTEMS,56.0,2016-06-01,WARNDatabaseMasterExcluding2026.csv,BA.L,kept,ok
"REPUBLIC AIRWAYS, INC.",91.0,2016-06-01,WARNDatabaseMasterExcluding2026.csv,RJET,kept,ok
EATON CORPORATION,23.0,2016-06-01,WARNDatabaseMasterExcluding2026.csv,ETN,kept,ok
ABB INC.,89.0,2016-05-31,WARNDatabaseMasterExcluding2026.csv,ABBV,kept,ok
THE CHILDREN'S PLACE,,2016-05-28,WARNDatabaseMasterExcluding2026.csv,PLCE,kept,ok
BAE SYSTEMS,53.0,2016-05-27,WARNDatabaseMasterExcluding2026.csv,BA.L,kept,ok
BAE SYSTEMS,1.0,2016-05-27,WARNDatabaseMasterExcluding2026.csv,BA.L,kept,ok
"GLOBAL PAYMENTS, INC.",334.0,2016-05-26,WARNDatabaseMasterExcluding2026.csv,GPN,kept,ok
SODEXO,71.0,2016-05-24,WARNDatabaseMasterExcluding2026.csv,SWN.MX,kept,ok
BOEING COMPANY,11.0,2016-05-24,WARNDatabaseMasterExcluding2026.csv,BA,kept,ok
SODEXO,71.0,2016-05-24,WARNDatabaseMasterExcluding2026.csv,SWN.MX,kept,ok
MODINE MANUFACTURING,1.0,2016-05-23,WARNDatabaseMasterExcluding2026.csv,MOD,kept,ok
MODINE MANUFACTURING,1.0,2016-05-23,WARNDatabaseMasterExcluding2026.csv,MOD,kept,ok
HALLIBURTON,293.0,2016-05-23,WARNDatabaseMasterExcluding2026.csv,HAL,kept,ok
BOEING COMPANY,73.0,2016-05-23,WARNDatabaseMasterExcluding2026.csv,BA,kept,ok
BOEING COMPANY,45.0,2016-05-23,WARNDatabaseMasterExcluding2026.csv,BA,kept,ok
SODEXO,78.0,2016-05-18,WARNDatabaseMasterExcluding2026.csv,SWN.MX,kept,ok
RYDER,11.0,2016-05-18,WARNDatabaseMasterExcluding2026.csv,R,kept,ok
"GENERICS BIDEO, II, LLC DBA QUALITEST PHARMACEUTICALS",386.0,2016-05-17,WARNDatabaseMasterExcluding2026.csv,DC=F,kept,ok
"PANALPINA, INC",38.0,2016-05-17,WARNDatabaseMasterExcluding2026.csv,DS81.SG,kept,ok
MCDONALD'S CORPORATION,70.0,2016-05-16,WARNDatabaseMasterExcluding2026.csv,MCD,kept,ok
PARKER HANNIFIN,3.0,2016-05-16,WARNDatabaseMasterExcluding2026.csv,PH,kept,ok
SEARS HOLDINGS,24.0,2016-05-16,WARNDatabaseMasterExcluding2026.csv,SHLD,kept,ok
CORELOGIC,77.0,2016-05-16,WARNDatabaseMasterExcluding2026.csv,^SPCS20R,kept,ok
GENERAL ELECTRIC,100.0,2016-05-16,WARNDatabaseMasterExcluding2026.csv,GE,kept,ok
THE LIMITED,39.0,2016-05-16,WARNDatabaseMasterExcluding2026.csv,KZIA,kept,ok
MODINE MANUFACTURING,60.0,2016-05-13,WARNDatabaseMasterExcluding2026.csv,MOD,kept,ok
MODINE MANUFACTURING,60.0,2016-05-13,WARNDatabaseMasterExcluding2026.csv,MOD,kept,ok
"ROYAL BANK OF SCOTLAND, PLC AND RBS SECURITIES INC. (UPDATED NOTICE)",33.0,2016-05-12,WARNDatabaseMasterExcluding2026.csv,AATIFXX,kept,ok
"DELTA APPAREL, INC.",159.0,2016-05-11,WARNDatabaseMasterExcluding2026.csv,DLAPQ,kept,ok
"TYSON FOODS, INC.",248.0,2016-05-09,WARNDatabaseMasterExcluding2026.csv,TSN,kept,ok
INTREPID POTASH,300.0,2016-05-09,WARNDatabaseMasterExcluding2026.csv,IPI,kept,ok
"SODEXO, INC.",105.0,2016-05-06,WARNDatabaseMasterExcluding2026.csv,SW.VI,kept,ok
ENVIRO-CLEAN,94.0,2016-05-06,WARNDatabaseMasterExcluding2026.csv,ECT.AX,kept,ok
"SAFEWAY, INC",94.0,2016-05-05,WARNDatabaseMasterExcluding2026.csv,301559.SZ,kept,ok
"SAFEWAY, INC",70.0,2016-05-05,WARNDatabaseMasterExcluding2026.csv,301559.SZ,kept,ok
"KENNAMETAL, INC.",65.0,2016-05-05,WARNDatabaseMasterExcluding2026.csv,KMT,kept,ok
"ACS, LLC",25.0,2016-05-04,WARNDatabaseMasterExcluding2026.csv,0P0001F2HF.L,kept,ok
"ACS, LLC",25.0,2016-05-04,WARNDatabaseMasterExcluding2026.csv,0P0001F2HF.L,kept,ok
CATERPILLAR,240.0,2016-05-04,WARNDatabaseMasterExcluding2026.csv,CAT,kept,ok
SODEXO,99.0,2016-05-03,WARNDatabaseMasterExcluding2026.csv,SWN.MX,kept,ok
RYDER,160.0,2016-05-03,WARNDatabaseMasterExcluding2026.csv,R,kept,ok
ZMC,15.0,2016-05-02,WARNDatabaseMasterExcluding2026.csv,ZMC4.F,kept,ok
DAIICHI SANKYO,1.0,2016-05-02,WARNDatabaseMasterExcluding2026.csv,D4S.F,kept,ok
SEARS HOLDINGS,67.0,2016-05-02,WARNDatabaseMasterExcluding2026.csv,SHLD,kept,ok
BOEING COMPANY,2.0,2016-05-02,WARNDatabaseMasterExcluding2026.csv,BA,kept,ok
"HENNES AND MAURITZ, L. P.",156.0,2016-05-01,WARNDatabaseMasterExcluding2026.csv,LIN,kept,ok
GRAPHIC PACKAGING,117.0,2016-05-01,WARNDatabaseMasterExcluding2026.csv,GPK,kept,ok
CALFRAC,1.0,2016-05-01,WARNDatabaseMasterExcluding2026.csv,5CFA.F,kept,ok
MONDELEZ INTERNATIONAL,1.0,2016-05-01,WARNDatabaseMasterExcluding2026.csv,MDLZ,kept,ok
AMERICAN AIRLINES,1.0,2016-05-01,WARNDatabaseMasterExcluding2026.csv,AAL,kept,ok
BB&T,241.0,2016-05-01,WARNDatabaseMasterExcluding2026.csv,BBVAGB3TNC.MX,kept,ok
USAA,7.0,2016-05-01,WARNDatabaseMasterExcluding2026.csv,UPMMX,kept,ok
BAE SYSTEMS,13.0,2016-04-29,WARNDatabaseMasterExcluding2026.csv,BA.L,kept,ok
"CISCO SYSTEMS, INC.",83.0,2016-04-29,WARNDatabaseMasterExcluding2026.csv,CSCO,kept,ok
BANK OF AMERICA,50.0,2016-04-29,WARNDatabaseMasterExcluding2026.csv,BAC,kept,ok
BANK OF AMERICA,40.0,2016-04-29,WARNDatabaseMasterExcluding2026.csv,BAC,kept,ok
"SODEXO, INC.",63.0,2016-04-28,WARNDatabaseMasterExcluding2026.csv,SW.VI,kept,ok
"ALLCARE CLINICAL ASSOCIATES, P.A.",108.0,2016-04-28,WARNDatabaseMasterExcluding2026.csv,7225.KL,kept,ok
BOEING COMPANY,36.0,2016-04-27,WARNDatabaseMasterExcluding2026.csv,BA,kept,ok
BOEING COMPANY,36.0,2016-04-27,WARNDatabaseMasterExcluding2026.csv,BA,kept,ok
SPRINT,113.0,2016-04-26,WARNDatabaseMasterExcluding2026.csv,688605.SS,kept,ok
ARVOS,178.0,2016-04-26,WARNDatabaseMasterExcluding2026.csv,ARVOSK.HE,kept,ok
SODEXO,30.0,2016-04-26,WARNDatabaseMasterExcluding2026.csv,SWN.MX,kept,ok
BOEING COMPANY,8.0,2016-04-26,WARNDatabaseMasterExcluding2026.csv,BA,kept,ok
INTEL CORPORATION,248.0,2016-04-25,WARNDatabaseMasterExcluding2026.csv,INTC,kept,ok
INTEL CORPORATION,312.0,2016-04-25,WARNDatabaseMasterExcluding2026.csv,INTC,kept,ok
INTEL,784.0,2016-04-25,WARNDatabaseMasterExcluding2026.csv,INTC,kept,ok
"SODEXO, INC. @ FORDHAM UNIVERSITY",382.0,2016-04-25,WARNDatabaseMasterExcluding2026.csv,0J3F.IL,kept,ok
INTEL CORPORATION,296.0,2016-04-25,WARNDatabaseMasterExcluding2026.csv,INTC,kept,ok
INTEL CORPORATION,269.0,2016-04-25,WARNDatabaseMasterExcluding2026.csv,INTC,kept,ok
ARAMARK,139.0,2016-04-22,WARNDatabaseMasterExcluding2026.csv,ARMK,kept,ok
"GOLDMAN, SACHS & CO.",146.0,2016-04-22,WARNDatabaseMasterExcluding2026.csv,GS,kept,ok
WELLS FARGO,13.0,2016-04-20,WARNDatabaseMasterExcluding2026.csv,WFC,kept,ok
SODEXO,141.0,2016-04-20,WARNDatabaseMasterExcluding2026.csv,SWN.MX,kept,ok
WELLS FARGO,13.0,2016-04-20,WARNDatabaseMasterExcluding2026.csv,WFC,kept,ok
"HELMERICH & PAYNE, INC H&P RIG 100",50.0,2016-04-19,WARNDatabaseMasterExcluding2026.csv,HP,kept,ok
VERITAS,50.0,2016-04-18,WARNDatabaseMasterExcluding2026.csv,0P0001JUL3.L,kept,ok
WALMART,165.0,2016-04-15,WARNDatabaseMasterExcluding2026.csv,WMT,kept,ok
ATCO,76.0,2016-04-14,WARNDatabaseMasterExcluding2026.csv,8A6.DU,kept,ok
EATON CORPORATION,152.0,2016-04-14,WARNDatabaseMasterExcluding2026.csv,ETN,kept,ok
CLIFFS NATURAL RESOURCES,318.0,2016-04-14,WARNDatabaseMasterExcluding2026.csv,CLF,kept,ok
GE CAPITAL,27.0,2016-04-14,WARNDatabaseMasterExcluding2026.csv,CGEO.L,kept,ok
AECOM,120.0,2016-04-12,WARNDatabaseMasterExcluding2026.csv,ACM,kept,ok
ARAMARK,154.0,2016-04-08,WARNDatabaseMasterExcluding2026.csv,ARMK,kept,ok
"ROYAL BANK OF SCOTLAND, PLC AND RBS SECURITIES INC. (UPDATED NOTICE)",34.0,2016-04-07,WARNDatabaseMasterExcluding2026.csv,AATIFXX,kept,ok
"PFIZER, INC.",200.0,2016-04-07,WARNDatabaseMasterExcluding2026.csv,PFE,kept,ok
BAE SYSTEMS,154.0,2016-04-07,WARNDatabaseMasterExcluding2026.csv,BA.L,kept,ok
CHEVRON,98.0,2016-04-07,WARNDatabaseMasterExcluding2026.csv,CVX,kept,ok
"BLACKROCK, INC.",64.0,2016-04-07,WARNDatabaseMasterExcluding2026.csv,BLK,kept,ok
HILLCREST,56.0,2016-04-06,WARNDatabaseMasterExcluding2026.csv,HEAT.CN,kept,ok
HILLCREST,56.0,2016-04-06,WARNDatabaseMasterExcluding2026.csv,HEAT.CN,kept,ok
BAE SYSTEMS,1.0,2016-04-06,WARNDatabaseMasterExcluding2026.csv,BA.L,kept,ok
"DLA, INC.",92.0,2016-04-05,WARNDatabaseMasterExcluding2026.csv,3026.KL,kept,ok
"SODEXO,INC.",215.0,2016-04-04,WARNDatabaseMasterExcluding2026.csv,0J3F.IL,kept,ok
LOCKHEED MARTIN CORPORATION,59.0,2016-04-04,WARNDatabaseMasterExcluding2026.csv,LMT,kept,ok
WELLS FARGO,66.0,2016-04-03,WARNDatabaseMasterExcluding2026.csv,WFC,kept,ok
COLGATE-PALMOLIVE,300.0,2016-04-01,WARNDatabaseMasterExcluding2026.csv,CL,kept,ok
CALFRAC WELL SERVICES,63.0,2016-04-01,WARNDatabaseMasterExcluding2026.csv,5CFA.F,kept,ok
INTERNATIONAL BUSINESS MACHINES,109.0,2016-04-01,WARNDatabaseMasterExcluding2026.csv,IBM,kept,ok
ESAB,319.0,2016-03-31,WARNDatabaseMasterExcluding2026.csv,ESAB,kept,ok
COMMSCOPE,150.0,2016-03-31,WARNDatabaseMasterExcluding2026.csv,CM9.MU,kept,ok
SAFEWAY,25.0,2016-03-30,WARNDatabaseMasterExcluding2026.csv,301559.SZ,kept,ok
GENCO,73.0,2016-03-29,WARNDatabaseMasterExcluding2026.csv,GNK,kept,ok
CALFRAC WELL SERVICES,6.0,2016-03-29,WARNDatabaseMasterExcluding2026.csv,5CFA.F,kept,ok
"JABIL CIRCUIT, INC.",45.0,2016-03-29,WARNDatabaseMasterExcluding2026.csv,JBL,kept,ok
"LIVE NATION ENTERTAINMENT, INC.",300.0,2016-03-29,WARNDatabaseMasterExcluding2026.csv,LYV,kept,ok
"BP AMERICA, INC.-ENERGY",166.0,2016-03-28,WARNDatabaseMasterExcluding2026.csv,TXHU.TS,kept,ok
"BP AMERICA, INC.-CORPORATE",167.0,2016-03-28,WARNDatabaseMasterExcluding2026.csv,0P0001FKM7.TO,kept,ok
BOEING COMPANY,26.0,2016-03-23,WARNDatabaseMasterExcluding2026.csv,BA,kept,ok
BOEING COMPANY,23.0,2016-03-23,WARNDatabaseMasterExcluding2026.csv,BA,kept,ok
BOEING COMPANY,15.0,2016-03-22,WARNDatabaseMasterExcluding2026.csv,BA,kept,ok
PARKER HANNIFIN CORPORATION,2.0,2016-03-21,WARNDatabaseMasterExcluding2026.csv,PH,kept,ok
"WILLIAMS-SONOMA, INC.",74.0,2016-03-21,WARNDatabaseMasterExcluding2026.csv,WSM,kept,ok
"WILLIAMS-SONOMA, INC.",3.0,2016-03-21,WARNDatabaseMasterExcluding2026.csv,WSM,kept,ok
"WILLIAMS-SONOMA, INC.",1.0,2016-03-21,WARNDatabaseMasterExcluding2026.csv,WSM,kept,ok
DILLARD’S INC.,73.0,2016-03-20,WARNDatabaseMasterExcluding2026.csv,DDS,kept,ok
MCKESSON CORPORATION,158.0,2016-03-18,WARNDatabaseMasterExcluding2026.csv,MCK,kept,ok
WALMART,143.0,2016-03-16,WARNDatabaseMasterExcluding2026.csv,WMT,kept,ok
CAMERON INTERNATIONAL,80.0,2016-03-16,WARNDatabaseMasterExcluding2026.csv,CAM,kept,ok
DXP ENTERPRISES,10.0,2016-03-15,WARNDatabaseMasterExcluding2026.csv,DXPE,kept,ok
DEALERTRACK TECHNOLOGIES,59.0,2016-03-15,WARNDatabaseMasterExcluding2026.csv,TRAK,kept,ok
"CARBINE, LLC",18.0,2016-03-11,WARNDatabaseMasterExcluding2026.csv,CRB.XA,kept,ok
"ROYAL BANK OF SCOTLAND, PLC AND RBS SECURITIES INC. (UPDATED NOTICE)",10.0,2016-03-10,WARNDatabaseMasterExcluding2026.csv,AATIFXX,kept,ok
ECOLAB,60.0,2016-03-10,WARNDatabaseMasterExcluding2026.csv,ECL,kept,ok
CORNING INCORPORATED,193.0,2016-03-10,WARNDatabaseMasterExcluding2026.csv,GLW,kept,ok
CALFRAC WELL SERVICES,87.0,2016-03-08,WARNDatabaseMasterExcluding2026.csv,5CFA.F,kept,ok
"PHARMACY SERVICES, INC. D/B/A BELLEVUE PHARMACY",80.0,2016-03-04,WARNDatabaseMasterExcluding2026.csv,GRDN,kept,ok
HONEYWELL,180.0,2016-03-03,WARNDatabaseMasterExcluding2026.csv,HON,kept,ok
"NETAPP, INC.",376.0,2016-03-03,WARNDatabaseMasterExcluding2026.csv,NTAP,kept,ok
"STANDARD MOTOR PRODUCTS, INC.",182.0,2016-03-02,WARNDatabaseMasterExcluding2026.csv,SMP,kept,ok
COMMERCIAL VEHICLE GROUP,71.0,2016-03-01,WARNDatabaseMasterExcluding2026.csv,CVGI,kept,ok
COMMERCIAL VEHICLE GROUP,71.0,2016-03-01,WARNDatabaseMasterExcluding2026.csv,CVGI,kept,ok
NATIONAL OILWELL VARCO,232.0,2016-03-01,WARNDatabaseMasterExcluding2026.csv,NOV,kept,ok
DEVON ENERGY CORP,,2016-02-29,WARNDatabaseMasterExcluding2026.csv,DVN,kept,ok
DELTA AIR LINES,305.0,2016-02-25,WARNDatabaseMasterExcluding2026.csv,DAL,kept,ok
BOEING COMPANY,45.0,2016-02-24,WARNDatabaseMasterExcluding2026.csv,BA,kept,ok
BOEING COMPANY,44.0,2016-02-24,WARNDatabaseMasterExcluding2026.csv,BA,kept,ok
BOEING COMPANY,3.0,2016-02-24,WARNDatabaseMasterExcluding2026.csv,BA,kept,ok
BOEING COMPANY,15.0,2016-02-23,WARNDatabaseMasterExcluding2026.csv,BA,kept,ok
BAE SYSTEMS,228.0,2016-02-22,WARNDatabaseMasterExcluding2026.csv,BA.L,kept,ok
BAE SYSTEMS,2.0,2016-02-22,WARNDatabaseMasterExcluding2026.csv,BA.L,kept,ok
KENCO,238.0,2016-02-19,WARNDatabaseMasterExcluding2026.csv,274090.KQ,kept,ok
DEVON ENERGY,700.0,2016-02-19,WARNDatabaseMasterExcluding2026.csv,DVN,kept,ok
BAKER HUGHES,65.0,2016-02-18,WARNDatabaseMasterExcluding2026.csv,BKR,kept,ok
CALIFORNIA RESOURCES CORPORATION,74.0,2016-02-18,WARNDatabaseMasterExcluding2026.csv,CRC,kept,ok
MAC INC,73.0,2016-02-17,WARNDatabaseMasterExcluding2026.csv,M,kept,ok
MAC INC,73.0,2016-02-17,WARNDatabaseMasterExcluding2026.csv,M,kept,ok
BAKER HUGHES,90.0,2016-02-16,WARNDatabaseMasterExcluding2026.csv,BKR,kept,ok
HP INC.,74.0,2016-02-16,WARNDatabaseMasterExcluding2026.csv,HPQ,kept,ok
HONEYWELL,8.0,2016-02-12,WARNDatabaseMasterExcluding2026.csv,HON,kept,ok
EATON CORPORATION,102.0,2016-02-11,WARNDatabaseMasterExcluding2026.csv,ETN,kept,ok
HERTZ,81.0,2016-02-11,WARNDatabaseMasterExcluding2026.csv,HTZ,kept,ok
"FREDERICK J. HANNA & ASSOCIATES, PC",,2016-02-10,WARNDatabaseMasterExcluding2026.csv,PC,kept,ok
UTI,64.0,2016-02-10,WARNDatabaseMasterExcluding2026.csv,UTI,kept,ok
"GOLDMAN, SACHS & CO.",109.0,2016-02-09,WARNDatabaseMasterExcluding2026.csv,GS,kept,ok
EATON CORPORATION,260.0,2016-02-08,WARNDatabaseMasterExcluding2026.csv,ETN,kept,ok
"HELMERICH & PAYNE, INC H&P RIG 105",50.0,2016-02-08,WARNDatabaseMasterExcluding2026.csv,HP,kept,ok
EATON CORPORATION,260.0,2016-02-08,WARNDatabaseMasterExcluding2026.csv,ETN,kept,ok
ALBERTSONS COMPANIES,24.0,2016-02-08,WARNDatabaseMasterExcluding2026.csv,ACI,kept,ok
"AUTODESK, INC.",71.0,2016-02-05,WARNDatabaseMasterExcluding2026.csv,ADSK,kept,ok
"AUTODESK, INC.",48.0,2016-02-05,WARNDatabaseMasterExcluding2026.csv,ADSK,kept,ok
GENWORTH FINANCIAL,336.0,2016-02-04,WARNDatabaseMasterExcluding2026.csv,GNW,kept,ok
CONCENTRIX,520.0,2016-02-03,WARNDatabaseMasterExcluding2026.csv,CNXC,kept,ok
WELLS FARGO,87.0,2016-02-03,WARNDatabaseMasterExcluding2026.csv,WFC,kept,ok
BOEING COMPANY,25.0,2016-02-03,WARNDatabaseMasterExcluding2026.csv,BA,kept,ok
BOEING COMPANY,15.0,2016-02-03,WARNDatabaseMasterExcluding2026.csv,BA,kept,ok
UTI,41.0,2016-02-02,WARNDatabaseMasterExcluding2026.csv,UTI,kept,ok
BOEING COMPANY,1.0,2016-02-02,WARNDatabaseMasterExcluding2026.csv,BA,kept,ok
MOOG INC.,22.0,2016-02-02,WARNDatabaseMasterExcluding2026.csv,MOG-A,kept,ok
CARDINAL HEALTH,59.0,2016-02-01,WARNDatabaseMasterExcluding2026.csv,CAH,kept,ok
PARKER HANNIFIN,107.0,2016-02-01,WARNDatabaseMasterExcluding2026.csv,PH,kept,ok
"CONAGRA FOODS, INC.",75.0,2016-02-01,WARNDatabaseMasterExcluding2026.csv,CAG,kept,ok
ABENGOA,,2016-02-01,WARNDatabaseMasterExcluding2026.csv,AGOAF,kept,ok
ABENGOA,,2016-02-01,WARNDatabaseMasterExcluding2026.csv,AGOAF,kept,ok
MONDELEZ INTERNATIONAL,1.0,2016-02-01,WARNDatabaseMasterExcluding2026.csv,MDLZ,kept,ok
CARDINAL HEALTH,58.0,2016-02-01,WARNDatabaseMasterExcluding2026.csv,CAH,kept,ok
CARDINAL HEALTH,15.0,2016-02-01,WARNDatabaseMasterExcluding2026.csv,CAH,kept,ok
SONIC,,2016-01-31,WARNDatabaseMasterExcluding2026.csv,BTJ.SI,kept,ok
THE LIMITED,,2016-01-31,WARNDatabaseMasterExcluding2026.csv,KZIA,kept,ok
"SODEXO, INC., FACILITY ENGINEERING",54.0,2016-01-29,WARNDatabaseMasterExcluding2026.csv,SW.VI,kept,ok
GENCO,90.0,2016-01-28,WARNDatabaseMasterExcluding2026.csv,GNK,kept,ok
GENCO,90.0,2016-01-28,WARNDatabaseMasterExcluding2026.csv,GNK,kept,ok
VSE CORPORATION,2.0,2016-01-28,WARNDatabaseMasterExcluding2026.csv,VSEC,kept,ok
VSE CORPORATION,1.0,2016-01-28,WARNDatabaseMasterExcluding2026.csv,VSEC,kept,ok
VSE CORPORATION,1.0,2016-01-28,WARNDatabaseMasterExcluding2026.csv,VSEC,kept,ok
VSE CORPORATION,1.0,2016-01-28,WARNDatabaseMasterExcluding2026.csv,VSEC,kept,ok
SHELL,75.0,2016-01-27,WARNDatabaseMasterExcluding2026.csv,SHEL,kept,ok
EATON CORPORATION,93.0,2016-01-27,WARNDatabaseMasterExcluding2026.csv,ETN,kept,ok
COMMSCOPE,150.0,2016-01-27,WARNDatabaseMasterExcluding2026.csv,CM9.MU,kept,ok
BOEING COMPANY,2.0,2016-01-27,WARNDatabaseMasterExcluding2026.csv,BA,kept,ok
VSE CORPORATION,70.0,2016-01-27,WARNDatabaseMasterExcluding2026.csv,VSEC,kept,ok
VSE CORPORATION,40.0,2016-01-27,WARNDatabaseMasterExcluding2026.csv,VSEC,kept,ok
JP MORGAN CHASE & CO,135.0,2016-01-26,WARNDatabaseMasterExcluding2026.csv,JPM,kept,ok
WALMART,10.0,2016-01-26,WARNDatabaseMasterExcluding2026.csv,WMT,kept,ok
BOEING COMPANY,15.0,2016-01-26,WARNDatabaseMasterExcluding2026.csv,BA,kept,ok
BOEING COMPANY,11.0,2016-01-26,WARNDatabaseMasterExcluding2026.csv,BA,kept,ok
"SPX FLOW, INC.",8.0,2016-01-26,WARNDatabaseMasterExcluding2026.csv,FLOW,kept,ok
BOEING COMPANY,6.0,2016-01-26,WARNDatabaseMasterExcluding2026.csv,BA,kept,ok
"ALPHA NATURAL RESOURCES ELK RUN COAL COMPANY AND MAXXIM SHARED SERVICES ROUNDBOTTOM POWELLTON DEEP MINE HUNTER PEERLESS MINE, SENG CREEK POWELLTON, CHESS PROCESSING",478.0,2016-01-25,WARNDatabaseMasterExcluding2026.csv,SE,kept,ok
REPUBLIC AIRWAYS HOLDINGS,158.0,2016-01-25,WARNDatabaseMasterExcluding2026.csv,RJET,kept,ok
XPO LOGISTICS,97.0,2016-01-22,WARNDatabaseMasterExcluding2026.csv,XPO,kept,ok
SPRINT,457.0,2016-01-22,WARNDatabaseMasterExcluding2026.csv,688605.SS,kept,ok
SPRINT,829.0,2016-01-22,WARNDatabaseMasterExcluding2026.csv,688605.SS,kept,ok
SPRINT,247.0,2016-01-22,WARNDatabaseMasterExcluding2026.csv,688605.SS,kept,ok
SPRINT,247.0,2016-01-22,WARNDatabaseMasterExcluding2026.csv,688605.SS,kept,ok
XPO LOGISTICS,97.0,2016-01-22,WARNDatabaseMasterExcluding2026.csv,XPO,kept,ok
SPRINT,380.0,2016-01-22,WARNDatabaseMasterExcluding2026.csv,688605.SS,kept,ok
SPRINT,406.0,2016-01-22,WARNDatabaseMasterExcluding2026.csv,688605.SS,kept,ok
SOUTHWESTERN ENERGY COMPANY,97.0,2016-01-21,WARNDatabaseMasterExcluding2026.csv,SWN.MX,kept,ok
SOUTHWESTERN ENERGY CO.,376.0,2016-01-21,WARNDatabaseMasterExcluding2026.csv,SWN.MX,kept,ok
"CISCO SYSTEMS, INC.",123.0,2016-01-21,WARNDatabaseMasterExcluding2026.csv,CSCO,kept,ok
WALMART,64.0,2016-01-20,WARNDatabaseMasterExcluding2026.csv,WMT,kept,ok
WALMART,39.0,2016-01-20,WARNDatabaseMasterExcluding2026.csv,WMT,kept,ok
MICROSOFT CORPORATION,2.0,2016-01-20,WARNDatabaseMasterExcluding2026.csv,MSFT,kept,ok
CORELOGIC,67.0,2016-01-19,WARNDatabaseMasterExcluding2026.csv,^SPCS20R,kept,ok
"SEARS, ROEBUCK AND CO.",110.0,2016-01-19,WARNDatabaseMasterExcluding2026.csv,SRSCQ,kept,ok
CONCENTRIX,348.0,2016-01-18,WARNDatabaseMasterExcluding2026.csv,CNXC,kept,ok
WALMART,168.0,2016-01-15,WARNDatabaseMasterExcluding2026.csv,WMT,kept,ok
WALMART,88.0,2016-01-15,WARNDatabaseMasterExcluding2026.csv,WMT,kept,ok
WALMART,196.0,2016-01-15,WARNDatabaseMasterExcluding2026.csv,WMT,kept,ok
WALMART,71.0,2016-01-15,WARNDatabaseMasterExcluding2026.csv,WMT,kept,ok
WALMART,70.0,2016-01-15,WARNDatabaseMasterExcluding2026.csv,WMT,kept,ok
WALMART,64.0,2016-01-15,WARNDatabaseMasterExcluding2026.csv,WMT,kept,ok
BELK,28.0,2016-01-15,WARNDatabaseMasterExcluding2026.csv,BELKA39917-USD,kept,ok
WESTROCK,87.0,2016-01-15,WARNDatabaseMasterExcluding2026.csv,SW,kept,ok
WALMART,111.0,2016-01-15,WARNDatabaseMasterExcluding2026.csv,WMT,kept,ok
WALMART,0.0,2016-01-15,WARNDatabaseMasterExcluding2026.csv,WMT,kept,ok
WALMART,172.0,2016-01-15,WARNDatabaseMasterExcluding2026.csv,WMT,kept,ok
APPLE INC.,49.0,2016-01-15,WARNDatabaseMasterExcluding2026.csv,AAPL,kept,ok
WALMART,397.0,2016-01-15,WARNDatabaseMasterExcluding2026.csv,WMT,kept,ok
WALMART,324.0,2016-01-15,WARNDatabaseMasterExcluding2026.csv,WMT,kept,ok
WALMART,295.0,2016-01-15,WARNDatabaseMasterExcluding2026.csv,WMT,kept,ok
WALMART,210.0,2016-01-15,WARNDatabaseMasterExcluding2026.csv,WMT,kept,ok
WALMART,96.0,2016-01-15,WARNDatabaseMasterExcluding2026.csv,WMT,kept,ok
WALMART,89.0,2016-01-15,WARNDatabaseMasterExcluding2026.csv,WMT,kept,ok
WALMART,85.0,2016-01-15,WARNDatabaseMasterExcluding2026.csv,WMT,kept,ok
WALMART,79.0,2016-01-15,WARNDatabaseMasterExcluding2026.csv,WMT,kept,ok
WALMART,77.0,2016-01-15,WARNDatabaseMasterExcluding2026.csv,WMT,kept,ok
CONVATEC,275.0,2016-01-14,WARNDatabaseMasterExcluding2026.csv,CTEC.L,kept,ok
"CONAGRA FOODS, INC.",102.0,2016-01-14,WARNDatabaseMasterExcluding2026.csv,CAG,kept,ok
"NORANDA ALUMINUM, INC",710.0,2016-01-13,WARNDatabaseMasterExcluding2026.csv,NORNQ,kept,ok
"GOPRO, INC.",77.0,2016-01-13,WARNDatabaseMasterExcluding2026.csv,GPRO,kept,ok
BAE SYSTEMS,500.0,2016-01-12,WARNDatabaseMasterExcluding2026.csv,BA.L,kept,ok
MACY'S,94.0,2016-01-07,WARNDatabaseMasterExcluding2026.csv,M,kept,ok
NATIONAL OILWELL VARCO,80.0,2016-01-07,WARNDatabaseMasterExcluding2026.csv,NOV,kept,ok
MACY'S,108.0,2016-01-06,WARNDatabaseMasterExcluding2026.csv,M,kept,ok
MACY'S,104.0,2016-01-06,WARNDatabaseMasterExcluding2026.csv,M,kept,ok
MACY'S,81.0,2016-01-06,WARNDatabaseMasterExcluding2026.csv,M,kept,ok
MACY'S,109.0,2016-01-06,WARNDatabaseMasterExcluding2026.csv,M,kept,ok
MACY'S,95.0,2016-01-06,WARNDatabaseMasterExcluding2026.csv,M,kept,ok
MACY'S,135.0,2016-01-06,WARNDatabaseMasterExcluding2026.csv,M,kept,ok
MACY'S,87.0,2016-01-06,WARNDatabaseMasterExcluding2026.csv,M,kept,ok
"LOCKHEED MARTIN, GHG & DIVERSITECH",200.0,2016-01-05,WARNDatabaseMasterExcluding2026.csv,LMT,kept,ok
"A-LIST, INC. & H-LIST INC. DBA KITSON",58.0,2016-01-05,WARNDatabaseMasterExcluding2026.csv,DE000SL0FPQ7.SG,kept,ok
"A-LIST, INC. & H-LIST INC. DBA KITSON",54.0,2016-01-05,WARNDatabaseMasterExcluding2026.csv,DE000SL0FPQ7.SG,kept,ok
"A-LIST, INC. & H-LIST INC. DBA KITSON",21.0,2016-01-05,WARNDatabaseMasterExcluding2026.csv,DE000SL0FPQ7.SG,kept,ok
"A-LIST, INC. & H-LIST INC. DBA KITSON",18.0,2016-01-05,WARNDatabaseMasterExcluding2026.csv,DE000SL0FPQ7.SG,kept,ok
"A-LIST, INC. & H-LIST INC. DBA KITSON",15.0,2016-01-05,WARNDatabaseMasterExcluding2026.csv,DE000SL0FPQ7.SG,kept,ok
"A-LIST, INC. & H-LIST INC. DBA KITSON",13.0,2016-01-05,WARNDatabaseMasterExcluding2026.csv,DE000SL0FPQ7.SG,kept,ok
"A-LIST, INC. & H-LIST INC. DBA KITSON",9.0,2016-01-05,WARNDatabaseMasterExcluding2026.csv,DE000SL0FPQ7.SG,kept,ok
SAFEWAY,98.0,2016-01-04,WARNDatabaseMasterExcluding2026.csv,301559.SZ,kept,ok
SAFEWAY,98.0,2016-01-04,WARNDatabaseMasterExcluding2026.csv,301559.SZ,kept,ok
MONDELEZ INTERNATIONAL,261.0,2016-01-01,WARNDatabaseMasterExcluding2026.csv,MDLZ,kept,ok
MACY'S,101.0,2016-01-01,WARNDatabaseMasterExcluding2026.csv,M,kept,ok
SOUTHWESTERN ENERGY,119.0,2016-01-01,WARNDatabaseMasterExcluding2026.csv,SWN.MX,kept,ok
MOHAWK INDUSTRIES,150.0,2015-12-31,WARNDatabaseMasterExcluding2026.csv,MHK,kept,ok
LOCKHEED MARTIN,8.0,2015-12-31,WARNDatabaseMasterExcluding2026.csv,LMT,kept,ok
PARKER HANNIFIN CORPORATION,197.0,2015-12-30,WARNDatabaseMasterExcluding2026.csv,PH,kept,ok
DUPONT,,2015-12-29,WARNDatabaseMasterExcluding2026.csv,DD,kept,ok
ZUMIEZ,61.0,2015-12-28,WARNDatabaseMasterExcluding2026.csv,ZUMZ,kept,ok
"A-LIST, INC. AND H-LIST, INC. DBA KITSO",9.0,2015-12-28,WARNDatabaseMasterExcluding2026.csv,DE000SL0FBA1.SG,kept,ok
BOEING COMPANY,29.0,2015-12-23,WARNDatabaseMasterExcluding2026.csv,BA,kept,ok
BOEING COMPANY,35.0,2015-12-23,WARNDatabaseMasterExcluding2026.csv,BA,kept,ok
BOEING COMPANY,35.0,2015-12-23,WARNDatabaseMasterExcluding2026.csv,BA,kept,ok
BOEING COMPANY,9.0,2015-12-23,WARNDatabaseMasterExcluding2026.csv,BA,kept,ok
ENERSYS,95.0,2015-12-22,WARNDatabaseMasterExcluding2026.csv,ENS,kept,ok
CENTURY ALUMINUM,487.0,2015-12-22,WARNDatabaseMasterExcluding2026.csv,CENX,kept,ok
"SAFEWAY, INC.",33.0,2015-12-22,WARNDatabaseMasterExcluding2026.csv,301559.SZ,kept,ok
DUPONT,40.0,2015-12-21,WARNDatabaseMasterExcluding2026.csv,DD,kept,ok
"NRG ENERGY, INC. - HUNTLEY GENERATING STATION",72.0,2015-12-18,WARNDatabaseMasterExcluding2026.csv,NRG,kept,ok
BAE SYSTEMS,61.0,2015-12-18,WARNDatabaseMasterExcluding2026.csv,BA.L,kept,ok
BAE SYSTEMS,2.0,2015-12-18,WARNDatabaseMasterExcluding2026.csv,BA.L,kept,ok
PARKER HANNIFIN CORPORATION,69.0,2015-12-17,WARNDatabaseMasterExcluding2026.csv,PH,kept,ok
"OAKLEY, INC.",76.0,2015-12-16,WARNDatabaseMasterExcluding2026.csv,OCI.L,kept,ok
DAIICHI SANKYO,18.0,2015-12-15,WARNDatabaseMasterExcluding2026.csv,D4S.F,kept,ok
"SAFEWAY, INC.",33.0,2015-12-14,WARNDatabaseMasterExcluding2026.csv,301559.SZ,kept,ok
AMERICAN EXPRESS,124.0,2015-12-11,WARNDatabaseMasterExcluding2026.csv,AXP,kept,ok
PPG INDUSTRIES,45.0,2015-12-11,WARNDatabaseMasterExcluding2026.csv,PPG,kept,ok
ALTA RESOURCES,121.0,2015-12-10,WARNDatabaseMasterExcluding2026.csv,ARSEF,kept,ok
"BRIDGEPOINT EDUCATION, INC.",6.0,2015-12-10,WARNDatabaseMasterExcluding2026.csv,BPI,kept,ok
GAP INC.,23.0,2015-12-08,WARNDatabaseMasterExcluding2026.csv,GAP,kept,ok
ITT CORPORATION,18.0,2015-12-07,WARNDatabaseMasterExcluding2026.csv,ITT,kept,ok
COMMSCOPE,90.0,2015-12-02,WARNDatabaseMasterExcluding2026.csv,CM9.MU,kept,ok
"DAIICHI SANKYO, INC.",24.0,2015-12-01,WARNDatabaseMasterExcluding2026.csv,4568N.MX,kept,ok
"COSMETIC ESSSENCE, LLS",100.0,2015-12-01,WARNDatabaseMasterExcluding2026.csv,KSM-F198.TA,kept,ok
THE J. M. SMUCKER COMPANY,123.0,2015-12-01,WARNDatabaseMasterExcluding2026.csv,SJM,kept,ok
CONAIR,44.0,2015-12-01,WARNDatabaseMasterExcluding2026.csv,CNGA,kept,ok
RYDER,95.0,2015-12-01,WARNDatabaseMasterExcluding2026.csv,R,kept,ok
SODEXO,72.0,2015-12-01,WARNDatabaseMasterExcluding2026.csv,SJ7.DU,kept,ok
TYSON FOODS,106.0,2015-11-30,WARNDatabaseMasterExcluding2026.csv,TSN,kept,ok
J&M MANAGEMENT,,2015-11-30,WARNDatabaseMasterExcluding2026.csv,603979.SS,kept,ok
BOEING COMPANY,5.0,2015-11-30,WARNDatabaseMasterExcluding2026.csv,BA,kept,ok
CACI INTERNATIONAL INC.,69.0,2015-11-30,WARNDatabaseMasterExcluding2026.csv,CACI,kept,ok
OMNI ENGINEERING,30.0,2015-11-27,WARNDatabaseMasterExcluding2026.csv,OMTK,kept,ok
BOEING COMPANY,28.0,2015-11-25,WARNDatabaseMasterExcluding2026.csv,BA,kept,ok
BOEING COMPANY,28.0,2015-11-25,WARNDatabaseMasterExcluding2026.csv,BA,kept,ok
BOEING COMPANY,10.0,2015-11-25,WARNDatabaseMasterExcluding2026.csv,BA,kept,ok
"TRANS-INDUSTRIES, INC",7.0,2015-11-24,WARNDatabaseMasterExcluding2026.csv,TRTI,kept,ok
"TRANS-INDUSTRIES, INC",7.0,2015-11-24,WARNDatabaseMasterExcluding2026.csv,TRTI,kept,ok
ARAMARK,83.0,2015-11-20,WARNDatabaseMasterExcluding2026.csv,ARMK,kept,ok
"SERCO, INC.",503.0,2015-11-19,WARNDatabaseMasterExcluding2026.csv,5388.TW,kept,ok
"WILLIAMS SONOMA, INC.",85.0,2015-11-19,WARNDatabaseMasterExcluding2026.csv,WSM,kept,ok
PLEXUS CORP.,204.0,2015-11-19,WARNDatabaseMasterExcluding2026.csv,PLXS,kept,ok
"NRG ENERGY, INC. (DUNKIRK POWER PLANT)",64.0,2015-11-18,WARNDatabaseMasterExcluding2026.csv,NRG,kept,ok
WELLS FARGO,122.0,2015-11-18,WARNDatabaseMasterExcluding2026.csv,WFC,kept,ok
"SODEXO, INC. SODEXO DINING SERVICES AT CATHOLIC FOREIGN MISSION",38.0,2015-11-17,WARNDatabaseMasterExcluding2026.csv,0J3F.IL,kept,ok
EXEL INC.,92.0,2015-11-17,WARNDatabaseMasterExcluding2026.csv,EXEL,kept,ok
CENTRUS ENERGY CORP,,2015-11-16,WARNDatabaseMasterExcluding2026.csv,LEU,kept,ok
WELLS FARGO & CO,103.0,2015-11-15,WARNDatabaseMasterExcluding2026.csv,WFC,kept,ok
"SEARS, ROEBUCK AND CO.",56.0,2015-11-09,WARNDatabaseMasterExcluding2026.csv,SRSCQ,kept,ok
BOEING COMPANY,1.0,2015-11-09,WARNDatabaseMasterExcluding2026.csv,BA,kept,ok
CENTRUS ENERGY,12.0,2015-11-05,WARNDatabaseMasterExcluding2026.csv,LEU,kept,ok
BOEING COMPANY,35.0,2015-11-05,WARNDatabaseMasterExcluding2026.csv,BA,kept,ok
BOEING COMPANY,17.0,2015-11-05,WARNDatabaseMasterExcluding2026.csv,BA,kept,ok
BOEING COMPANY,13.0,2015-11-05,WARNDatabaseMasterExcluding2026.csv,BA,kept,ok
BOEING COMPANY,11.0,2015-11-04,WARNDatabaseMasterExcluding2026.csv,BA,kept,ok
"CISCO SYSTEMS, INC.",126.0,2015-11-04,WARNDatabaseMasterExcluding2026.csv,CSCO,kept,ok
PARKER HANNIFIN CORPORATION,132.0,2015-11-03,WARNDatabaseMasterExcluding2026.csv,PH,kept,ok
"BAKER HUGHES, INC.",2.0,2015-11-03,WARNDatabaseMasterExcluding2026.csv,BKR,kept,ok
"IDEEL, INC.",63.0,2015-11-03,WARNDatabaseMasterExcluding2026.csv,0P00000L8J.ST,kept,ok
OMNI ENGINEERING,5.0,2015-11-02,WARNDatabaseMasterExcluding2026.csv,OMTK,kept,ok
VERIZON,171.0,2015-11-02,WARNDatabaseMasterExcluding2026.csv,VZ,kept,ok
IDT CORPORATION,84.0,2015-11-01,WARNDatabaseMasterExcluding2026.csv,IDT,kept,ok
QUAD GRAPHICS,422.0,2015-11-01,WARNDatabaseMasterExcluding2026.csv,QUAD,kept,ok
"SODEXO, INC.",116.0,2015-10-31,WARNDatabaseMasterExcluding2026.csv,SW.VI,kept,ok
UNITEDHEALTH GROUP,85.0,2015-10-31,WARNDatabaseMasterExcluding2026.csv,UNH,kept,ok
3M COMPANY,75.0,2015-10-30,WARNDatabaseMasterExcluding2026.csv,MMM,kept,ok
EXEL INC,91.0,2015-10-30,WARNDatabaseMasterExcluding2026.csv,EXEL,kept,ok
CATERPILLAR INC.,80.0,2015-10-30,WARNDatabaseMasterExcluding2026.csv,CAT,kept,ok
BAE SYSTEMS,163.0,2015-10-30,WARNDatabaseMasterExcluding2026.csv,BA.L,kept,ok
BOSTON SCIENTIFIC CORPORATION,75.0,2015-10-30,WARNDatabaseMasterExcluding2026.csv,BSX,kept,ok
"SAFEWAY, INC.",23.0,2015-10-30,WARNDatabaseMasterExcluding2026.csv,301559.SZ,kept,ok
BAE SYSTEMS,2.0,2015-10-30,WARNDatabaseMasterExcluding2026.csv,BA.L,kept,ok
CORELOGIC,21.0,2015-10-28,WARNDatabaseMasterExcluding2026.csv,^SPCS20R,kept,ok
BRISTOL-MYERS SQUIBB,78.0,2015-10-27,WARNDatabaseMasterExcluding2026.csv,BMY,kept,ok
PARKER HANNIFIN,30.0,2015-10-27,WARNDatabaseMasterExcluding2026.csv,PH,kept,ok
GENERAL MILLS,343.0,2015-10-26,WARNDatabaseMasterExcluding2026.csv,GIS,kept,ok
SEARS,,2015-10-26,WARNDatabaseMasterExcluding2026.csv,SRSCQ,kept,ok
GENERAL MILLS,343.0,2015-10-26,WARNDatabaseMasterExcluding2026.csv,GIS,kept,ok
GENERAL ELECTRIC COMPANY,128.0,2015-10-26,WARNDatabaseMasterExcluding2026.csv,GE,kept,ok
LOCKHEED MARTIN,126.0,2015-10-23,WARNDatabaseMasterExcluding2026.csv,LMT,kept,ok
CNH INDUSTRIAL,49.0,2015-10-23,WARNDatabaseMasterExcluding2026.csv,CNH,kept,ok
WELLS FARGO,65.0,2015-10-22,WARNDatabaseMasterExcluding2026.csv,WFC,kept,ok
"BRIDGEPOINT EDUCATION, INC.",4.0,2015-10-22,WARNDatabaseMasterExcluding2026.csv,BPI,kept,ok
MICROSOFT CORPORATION,4.0,2015-10-21,WARNDatabaseMasterExcluding2026.csv,MSFT,kept,ok
TTM TECHNOLOGIES INC.,70.0,2015-10-20,WARNDatabaseMasterExcluding2026.csv,TTMI,kept,ok
WESTROCK,171.0,2015-10-20,WARNDatabaseMasterExcluding2026.csv,SW,kept,ok
INVISTA,110.0,2015-10-20,WARNDatabaseMasterExcluding2026.csv,IBBP11.SA,kept,ok
FORUM ENERGY TECHNOLOGIES,60.0,2015-10-19,WARNDatabaseMasterExcluding2026.csv,FET,kept,ok
PARKER HANNIFIN CORPORATION,65.0,2015-10-19,WARNDatabaseMasterExcluding2026.csv,PH,kept,ok
"PCM, INC.",968.0,2015-10-19,WARNDatabaseMasterExcluding2026.csv,PCM,kept,ok
WESTROCK,229.0,2015-10-16,WARNDatabaseMasterExcluding2026.csv,SW,kept,ok
SONOCO,76.0,2015-10-16,WARNDatabaseMasterExcluding2026.csv,SON,kept,ok
SONOCO,76.0,2015-10-16,WARNDatabaseMasterExcluding2026.csv,SON,kept,ok
"BRIDGEPOINT EDUCATION, INC.",4.0,2015-10-16,WARNDatabaseMasterExcluding2026.csv,BPI,kept,ok
BOEING COMPANY,14.0,2015-10-15,WARNDatabaseMasterExcluding2026.csv,BA,kept,ok
GENCO,96.0,2015-10-15,WARNDatabaseMasterExcluding2026.csv,GNK,kept,ok
BOEING COMPANY,109.0,2015-10-15,WARNDatabaseMasterExcluding2026.csv,BA,kept,ok
BOEING COMPANY,76.0,2015-10-15,WARNDatabaseMasterExcluding2026.csv,BA,kept,ok
BOEING COMPANY,36.0,2015-10-15,WARNDatabaseMasterExcluding2026.csv,BA,kept,ok
BOEING COMPANY,1.0,2015-10-15,WARNDatabaseMasterExcluding2026.csv,BA,kept,ok
"ROYAL BANK OF SCOTLAND, PLC AND RBS SECURITIES INC.(UPDATED NOTICE)",64.0,2015-10-14,WARNDatabaseMasterExcluding2026.csv,AATIFXX,kept,ok
"TTM TECHNOLOGIES, INC.",175.0,2015-10-14,WARNDatabaseMasterExcluding2026.csv,TTMI,kept,ok
GENCO,68.0,2015-10-14,WARNDatabaseMasterExcluding2026.csv,GNK,kept,ok
"WESTERN DIGITAL, LLC",109.0,2015-10-13,WARNDatabaseMasterExcluding2026.csv,WDC,kept,ok
CRACKER BARREL OLD COUNTRY STORE,100.0,2015-10-12,WARNDatabaseMasterExcluding2026.csv,CBRL,kept,ok
BARCLAYS,22.0,2015-10-12,WARNDatabaseMasterExcluding2026.csv,BARC.L,kept,ok
"THE BON TON STORES, INC. @ DESTINY USA",45.0,2015-10-12,WARNDatabaseMasterExcluding2026.csv,BONTQ,kept,ok
BARCLAYS CAPITAL INC.,20.0,2015-10-12,WARNDatabaseMasterExcluding2026.csv,^DJP-IV,kept,ok
BARCLAYS CAPITAL INC.,15.0,2015-10-12,WARNDatabaseMasterExcluding2026.csv,^DJP-IV,kept,ok
GRAPHIC PACKAGING,108.0,2015-10-08,WARNDatabaseMasterExcluding2026.csv,GPK,kept,ok
CHI,74.0,2015-10-08,WARNDatabaseMasterExcluding2026.csv,CHI,kept,ok
STAPLES,13.0,2015-10-07,WARNDatabaseMasterExcluding2026.csv,XAP=F,kept,ok
EATON CORPORATION,71.0,2015-10-05,WARNDatabaseMasterExcluding2026.csv,ETN,kept,ok
BAKER HUGHES,117.0,2015-10-05,WARNDatabaseMasterExcluding2026.csv,BKR,kept,ok
EATON CORPORATION,71.0,2015-10-05,WARNDatabaseMasterExcluding2026.csv,ETN,kept,ok
BAKER HUGHES,117.0,2015-10-05,WARNDatabaseMasterExcluding2026.csv,BKR,kept,ok
HALLIBURTON,12.0,2015-10-05,WARNDatabaseMasterExcluding2026.csv,HAL,kept,ok
GOLDEN STAR,15.0,2015-10-01,WARNDatabaseMasterExcluding2026.csv,GLNS,kept,ok
BARCLAY'S CAPITAL INC.,6.0,2015-10-01,WARNDatabaseMasterExcluding2026.csv,^DJP-IV,kept,ok
"SODEXO, INC.",59.0,2015-09-30,WARNDatabaseMasterExcluding2026.csv,SW.VI,kept,ok
ARAMARK,129.0,2015-09-30,WARNDatabaseMasterExcluding2026.csv,ARMK,kept,ok
"LAW OFFICES OF DANIEL C. CONSUEGRA, PL",154.0,2015-09-30,WARNDatabaseMasterExcluding2026.csv,PL,kept,ok
BOEING COMPANY,15.0,2015-09-29,WARNDatabaseMasterExcluding2026.csv,BA,kept,ok
CHESAPEAKE,559.0,2015-09-29,WARNDatabaseMasterExcluding2026.csv,CPK,kept,ok
BOEING COMPANY,54.0,2015-09-28,WARNDatabaseMasterExcluding2026.csv,BA,kept,ok
BOEING COMPANY,37.0,2015-09-28,WARNDatabaseMasterExcluding2026.csv,BA,kept,ok
BOEING COMPANY,23.0,2015-09-28,WARNDatabaseMasterExcluding2026.csv,BA,kept,ok
"SAFEWAY, INC.",4.0,2015-09-28,WARNDatabaseMasterExcluding2026.csv,301559.SZ,kept,ok
ALCOA,130.0,2015-09-25,WARNDatabaseMasterExcluding2026.csv,AA,kept,ok
SELECT MEDICAL,68.0,2015-09-25,WARNDatabaseMasterExcluding2026.csv,SEM,kept,ok
"BRIDGEPOINT EDUCATION, INC.",19.0,2015-09-24,WARNDatabaseMasterExcluding2026.csv,BPI,kept,ok
HERCULES OFFSHORE,50.0,2015-09-22,WARNDatabaseMasterExcluding2026.csv,HERO,kept,ok
CENTRUS ENERGY CORP,,2015-09-22,WARNDatabaseMasterExcluding2026.csv,LEU,kept,ok
HERCULES OFFSHORE,50.0,2015-09-22,WARNDatabaseMasterExcluding2026.csv,HERO,kept,ok
INTUIT INC.,12.0,2015-09-22,WARNDatabaseMasterExcluding2026.csv,INTU,kept,ok
GENCO,98.0,2015-09-21,WARNDatabaseMasterExcluding2026.csv,GNK,kept,ok
AECOM,85.0,2015-09-21,WARNDatabaseMasterExcluding2026.csv,ACM,kept,ok
"KW INTERNATIONAL, LLC",47.0,2015-09-21,WARNDatabaseMasterExcluding2026.csv,6101.TWO,kept,ok
GENCO,98.0,2015-09-21,WARNDatabaseMasterExcluding2026.csv,GNK,kept,ok
BAE SYSTEMS,1512.0,2015-09-21,WARNDatabaseMasterExcluding2026.csv,BA.L,kept,ok
BOEING COMPANY,3.0,2015-09-21,WARNDatabaseMasterExcluding2026.csv,BA,kept,ok
BOSE,300.0,2015-09-18,WARNDatabaseMasterExcluding2026.csv,3437.HK,kept,ok
"ROYAL BANK OF SCOTLAND, PLC AND RBS SECURITIES INC.(UPDATED NOTICE)",26.0,2015-09-17,WARNDatabaseMasterExcluding2026.csv,AATIFXX,kept,ok
UNION PACIFIC,100.0,2015-09-16,WARNDatabaseMasterExcluding2026.csv,UNP,kept,ok
"GREE INTERNATIONAL, INC.",114.0,2015-09-16,WARNDatabaseMasterExcluding2026.csv,2700.HK,kept,ok
"PFIZER, INC.",10.0,2015-09-14,WARNDatabaseMasterExcluding2026.csv,PFE,kept,ok
"CISCO SYSTEMS, INC.",20.0,2015-09-14,WARNDatabaseMasterExcluding2026.csv,CSCO,kept,ok
BOEING COMPANY,2.0,2015-09-14,WARNDatabaseMasterExcluding2026.csv,BA,kept,ok
"PFIZER, INC.",16.0,2015-09-10,WARNDatabaseMasterExcluding2026.csv,PFE,kept,ok
"COLLECTO, INC. DBA EOS CCA",45.0,2015-09-10,WARNDatabaseMasterExcluding2026.csv,CARDS38283-USD,kept,ok
MARK III,100.0,2015-09-08,WARNDatabaseMasterExcluding2026.csv,PSRW.L,kept,ok
THE HOME DEPOT,315.0,2015-09-08,WARNDatabaseMasterExcluding2026.csv,HD,kept,ok
BAE SYSTEMS,134.0,2015-09-08,WARNDatabaseMasterExcluding2026.csv,BA.L,kept,ok
CAMERON INTERNATIONAL CORPORATION,222.0,2015-09-02,WARNDatabaseMasterExcluding2026.csv,CAM,kept,ok
"SODEXO, INC. HCA EAST-LAWNWOOD MEDICAL CENTER",168.0,2015-09-02,WARNDatabaseMasterExcluding2026.csv,SJ7.SG,kept,ok
"SODEXO, INC. HCA-EAST JFK MEDICAL CENTER",228.0,2015-09-02,WARNDatabaseMasterExcluding2026.csv,SJ7.DU,kept,ok
"THE GREAT ATLANTIC AND PACIFIC TEA COMPANY, INC. (2)",319.0,2015-09-01,WARNDatabaseMasterExcluding2026.csv,0P0000XQPT.L,kept,ok
METLIFE,136.0,2015-09-01,WARNDatabaseMasterExcluding2026.csv,MET,kept,ok
FIRST CITIZENS,77.0,2015-09-01,WARNDatabaseMasterExcluding2026.csv,FCNCA,kept,ok
MONDELEZ INTERNATIONAL,228.0,2015-09-01,WARNDatabaseMasterExcluding2026.csv,MDLZ,kept,ok
BANK OF NEW YORK MELLON,280.0,2015-09-01,WARNDatabaseMasterExcluding2026.csv,BNY,kept,ok
"QVC, INC.",147.0,2015-09-01,WARNDatabaseMasterExcluding2026.csv,QVCPQ,kept,ok
BOEING COMPANY,106.0,2015-09-01,WARNDatabaseMasterExcluding2026.csv,BA,kept,ok
BOEING COMPANY,6.0,2015-09-01,WARNDatabaseMasterExcluding2026.csv,BA,kept,ok
BOEING COMPANY,2.0,2015-09-01,WARNDatabaseMasterExcluding2026.csv,BA,kept,ok
BENCHMARK ELECTRONICS INC,72.0,2015-08-31,WARNDatabaseMasterExcluding2026.csv,BHE,kept,ok
SODEX,66.0,2015-08-31,WARNDatabaseMasterExcluding2026.csv,SJ7.SG,kept,ok
BENCHMARK ELECTRONICS INC,72.0,2015-08-31,WARNDatabaseMasterExcluding2026.csv,BHE,kept,ok
EATON,20.0,2015-08-28,WARNDatabaseMasterExcluding2026.csv,ETN,kept,ok
SPRINT,12.0,2015-08-28,WARNDatabaseMasterExcluding2026.csv,688605.SS,kept,ok
INTUIT INC.,46.0,2015-08-28,WARNDatabaseMasterExcluding2026.csv,INTU,kept,ok
INTUIT INC.,45.0,2015-08-28,WARNDatabaseMasterExcluding2026.csv,INTU,kept,ok
INTUIT INC.,9.0,2015-08-28,WARNDatabaseMasterExcluding2026.csv,INTU,kept,ok
INTUIT INC.,8.0,2015-08-28,WARNDatabaseMasterExcluding2026.csv,INTU,kept,ok
INTUIT INC.,2.0,2015-08-28,WARNDatabaseMasterExcluding2026.csv,INTU,kept,ok
FREEPORT-MCMORAN,170.0,2015-08-27,WARNDatabaseMasterExcluding2026.csv,FCX,kept,ok
BAKER HUGHES,28.0,2015-08-27,WARNDatabaseMasterExcluding2026.csv,BKR,kept,ok
QUAD/GRAPHICS,151.0,2015-08-27,WARNDatabaseMasterExcluding2026.csv,QUAD,kept,ok
"QUAD/GRAPHICS, INC.",59.0,2015-08-27,WARNDatabaseMasterExcluding2026.csv,QUAD,kept,ok
BOEING COMPANY,70.0,2015-08-26,WARNDatabaseMasterExcluding2026.csv,BA,kept,ok
AMERICAN EXPRESS,86.0,2015-08-26,WARNDatabaseMasterExcluding2026.csv,AXP,kept,ok
BOEING COMPANY,113.0,2015-08-25,WARNDatabaseMasterExcluding2026.csv,BA,kept,ok
BOEING COMPANY,39.0,2015-08-25,WARNDatabaseMasterExcluding2026.csv,BA,kept,ok
BOEING COMPANY,26.0,2015-08-25,WARNDatabaseMasterExcluding2026.csv,BA,kept,ok
INTERFOR,127.0,2015-08-24,WARNDatabaseMasterExcluding2026.csv,IFSPF,kept,ok
BOEING,39.0,2015-08-24,WARNDatabaseMasterExcluding2026.csv,BA,kept,ok
UTI,120.0,2015-08-24,WARNDatabaseMasterExcluding2026.csv,UTI,kept,ok
"SEARS, ROEBUCK & CO. - CARRY IN DIVISION",31.0,2015-08-21,WARNDatabaseMasterExcluding2026.csv,SRSCQ,kept,ok
SAFEWAY,63.0,2015-08-21,WARNDatabaseMasterExcluding2026.csv,301559.SZ,kept,ok
THOMSON REUTERS,37.0,2015-08-20,WARNDatabaseMasterExcluding2026.csv,TRI,kept,ok
URBAN OUTFITTERS,327.0,2015-08-18,WARNDatabaseMasterExcluding2026.csv,URBN,kept,ok
"PFIZER, INC.",17.0,2015-08-17,WARNDatabaseMasterExcluding2026.csv,PFE,kept,ok
"BECK, CHAET, BAMBERGER,& POLSKY, S.C.",22.0,2015-08-14,WARNDatabaseMasterExcluding2026.csv,T270.F,kept,ok
"TYSON FOODS, INC.",404.0,2015-08-14,WARNDatabaseMasterExcluding2026.csv,TSN,kept,ok
"TYSON FOODS, INC.",404.0,2015-08-14,WARNDatabaseMasterExcluding2026.csv,TSN,kept,ok
"RAYTHEON INTELLIGENCE, INFORMATION &",41.0,2015-08-14,WARNDatabaseMasterExcluding2026.csv,VGT,kept,ok
CHEVRON,430.0,2015-08-13,WARNDatabaseMasterExcluding2026.csv,CVX,kept,ok
QUEST DIAGNOSTICS INCORPORATED,78.0,2015-08-13,WARNDatabaseMasterExcluding2026.csv,DGX,kept,ok
CHEVRON,70.0,2015-08-13,WARNDatabaseMasterExcluding2026.csv,CVX,kept,ok
"THE GREAT ATLANTIC & PACIFIC TEA COMPANY, INC. (A&P)",3174.0,2015-08-12,WARNDatabaseMasterExcluding2026.csv,0P0001HFBQ.TO,kept,ok
"THE GREAT ATLANTIC & PACIFIC TEA COMPANY, INC. (A&P)",4732.0,2015-08-12,WARNDatabaseMasterExcluding2026.csv,0P0001HFBQ.TO,kept,ok
"THE GREAT ATLANTIC & PACIFIC TEA COMPANY, INC. (A&P)",5191.0,2015-08-12,WARNDatabaseMasterExcluding2026.csv,0P0001HFBQ.TO,kept,ok
ARAMARK,371.0,2015-08-10,WARNDatabaseMasterExcluding2026.csv,ARMK,kept,ok
ESCO,56.0,2015-08-10,WARNDatabaseMasterExcluding2026.csv,ESE,kept,ok
"IDEEL, INC.",39.0,2015-08-10,WARNDatabaseMasterExcluding2026.csv,0P00000L8J.ST,kept,ok
"SAFEWAY, INC.",37.0,2015-08-10,WARNDatabaseMasterExcluding2026.csv,301559.SZ,kept,ok
BOEING COMPANY,8.0,2015-08-10,WARNDatabaseMasterExcluding2026.csv,BA,kept,ok
ATKORE INTERNATIONAL,60.0,2015-08-06,WARNDatabaseMasterExcluding2026.csv,US0476491081.SG,kept,ok
SEARS HOLDINGS CORPORATION,25.0,2015-08-05,WARNDatabaseMasterExcluding2026.csv,SHLD,kept,ok
"ROYAL BANK OF SCOTLAND, PLC AND RBS SECURITIES INC.",50.0,2015-08-05,WARNDatabaseMasterExcluding2026.csv,AATIFXX,kept,ok
SEARS HOLDINGS CORPORATION,25.0,2015-08-05,WARNDatabaseMasterExcluding2026.csv,SHLD,kept,ok
SODEXO,94.0,2015-08-03,WARNDatabaseMasterExcluding2026.csv,SJ7.DU,kept,ok
ATKORE INTERNATIONAL,217.0,2015-08-01,WARNDatabaseMasterExcluding2026.csv,US0476491081.SG,kept,ok
BAE SYSTEMS,111.0,2015-08-01,WARNDatabaseMasterExcluding2026.csv,BA.L,kept,ok
FTS INTERNATIONAL,52.0,2015-08-01,WARNDatabaseMasterExcluding2026.csv,WIP,kept,ok
"LEGGETT & PLATT, INC.",61.0,2015-08-01,WARNDatabaseMasterExcluding2026.csv,LEG,kept,ok
THE BANK OF NEW YORK MELLON,280.0,2015-08-01,WARNDatabaseMasterExcluding2026.csv,BNY,kept,ok
UTI,100.0,2015-07-31,WARNDatabaseMasterExcluding2026.csv,UTI,kept,ok
CAL DIVE INTERNATIONAL,126.0,2015-07-31,WARNDatabaseMasterExcluding2026.csv,CDVIQ,kept,ok
"PFIZER, INC.",13.0,2015-07-31,WARNDatabaseMasterExcluding2026.csv,PFE,kept,ok
BOSTON SCIENTIFIC CORPORATION,284.0,2015-07-31,WARNDatabaseMasterExcluding2026.csv,BSX,kept,ok
BOSTON SCIENTIFIC CORPORATION,171.0,2015-07-31,WARNDatabaseMasterExcluding2026.csv,BSX,kept,ok
KIRA,364.0,2015-07-30,WARNDatabaseMasterExcluding2026.csv,TCKRC.IS,kept,ok
"EZCORP, INC.",98.0,2015-07-30,WARNDatabaseMasterExcluding2026.csv,EZPW,kept,ok
RAYTHEON,54.0,2015-07-29,WARNDatabaseMasterExcluding2026.csv,^RTX,kept,ok
"CROWN, COLUMN & MILLWORK COMPANY, LLC.",90.0,2015-07-28,WARNDatabaseMasterExcluding2026.csv,CCK,kept,ok
ARAMARK,432.0,2015-07-27,WARNDatabaseMasterExcluding2026.csv,ARMK,kept,ok
"SAFEWAY, INC.",37.0,2015-07-27,WARNDatabaseMasterExcluding2026.csv,301559.SZ,kept,ok
SEARS HOLDINGS CORPORATION,86.0,2015-07-24,WARNDatabaseMasterExcluding2026.csv,SHLD,kept,ok
CAPITAL ONE,4.0,2015-07-24,WARNDatabaseMasterExcluding2026.csv,COF,kept,ok
CAPITAL ONE,818.0,2015-07-24,WARNDatabaseMasterExcluding2026.csv,COF,kept,ok
CAPITAL ONE,22.0,2015-07-24,WARNDatabaseMasterExcluding2026.csv,COF,kept,ok
CAPITAL ONE,2.0,2015-07-24,WARNDatabaseMasterExcluding2026.csv,COF,kept,ok
SEARS HOLDINGS CORPORATION,81.0,2015-07-24,WARNDatabaseMasterExcluding2026.csv,SHLD,kept,ok
SEARS HOLDINGS CORPORATION,17.0,2015-07-24,WARNDatabaseMasterExcluding2026.csv,SHLD,kept,ok
BOEING,172.0,2015-07-22,WARNDatabaseMasterExcluding2026.csv,BA,kept,ok
HDT,69.0,2015-07-22,WARNDatabaseMasterExcluding2026.csv,HDTVX,kept,ok
PARKER HANNIFIN CORP.,150.0,2015-07-22,WARNDatabaseMasterExcluding2026.csv,PH,kept,ok
PARKER HANNIFIN CORP.,150.0,2015-07-22,WARNDatabaseMasterExcluding2026.csv,PH,kept,ok
"CISCO SYSTEMS, INC.",192.0,2015-07-22,WARNDatabaseMasterExcluding2026.csv,CSCO,kept,ok
"OAKLEY, INC.",159.0,2015-07-22,WARNDatabaseMasterExcluding2026.csv,OCI.L,kept,ok
"OAKLEY, INC.",8.0,2015-07-22,WARNDatabaseMasterExcluding2026.csv,OCI.L,kept,ok
"UNITED AIRLINES, INC.",271.0,2015-07-21,WARNDatabaseMasterExcluding2026.csv,UAL,kept,ok
"MINNO, INC.",255.0,2015-07-21,WARNDatabaseMasterExcluding2026.csv,AGRDF,kept,ok
BOEING COMPANY,113.0,2015-07-21,WARNDatabaseMasterExcluding2026.csv,BA,kept,ok
BOEING COMPANY,66.0,2015-07-21,WARNDatabaseMasterExcluding2026.csv,BA,kept,ok
BOEING COMPANY,65.0,2015-07-21,WARNDatabaseMasterExcluding2026.csv,BA,kept,ok
"SAFEWAY, INC.",14.0,2015-07-21,WARNDatabaseMasterExcluding2026.csv,301559.SZ,kept,ok
LOCKHEED MARTIN,130.0,2015-07-20,WARNDatabaseMasterExcluding2026.csv,LMT,kept,ok
LOCKHEED MARTIN,119.0,2015-07-20,WARNDatabaseMasterExcluding2026.csv,LMT,kept,ok
WESTROCK,50.0,2015-07-17,WARNDatabaseMasterExcluding2026.csv,SW,kept,ok
BOEING,1.0,2015-07-17,WARNDatabaseMasterExcluding2026.csv,BA,kept,ok
UTI,10.0,2015-07-17,WARNDatabaseMasterExcluding2026.csv,UTI,kept,ok
WESTROCK,50.0,2015-07-17,WARNDatabaseMasterExcluding2026.csv,SW,kept,ok
WESTROCK,136.0,2015-07-16,WARNDatabaseMasterExcluding2026.csv,SW,kept,ok
HONEYWELL,337.0,2015-07-15,WARNDatabaseMasterExcluding2026.csv,HON,kept,ok
WESTROCK,50.0,2015-07-14,WARNDatabaseMasterExcluding2026.csv,SW,kept,ok
JACOBS,60.0,2015-07-10,WARNDatabaseMasterExcluding2026.csv,J,kept,ok
URS,96.0,2015-07-10,WARNDatabaseMasterExcluding2026.csv,URSP,kept,ok
MICROSOFT CORPORATION,129.0,2015-07-08,WARNDatabaseMasterExcluding2026.csv,MSFT,kept,ok
NOV,149.0,2015-07-07,WARNDatabaseMasterExcluding2026.csv,NOV,kept,ok
"PFIZER, INC.",27.0,2015-07-07,WARNDatabaseMasterExcluding2026.csv,PFE,kept,ok
"PFIZER, INC.",23.0,2015-07-07,WARNDatabaseMasterExcluding2026.csv,PFE,kept,ok
BAE SYSTEMS,78.0,2015-07-07,WARNDatabaseMasterExcluding2026.csv,BA.L,kept,ok
BAE SYSTEMS,4.0,2015-07-07,WARNDatabaseMasterExcluding2026.csv,BA.L,kept,ok
CHEMOURS,131.0,2015-07-06,WARNDatabaseMasterExcluding2026.csv,CC,kept,ok
BOEING COMPANY,56.0,2015-07-06,WARNDatabaseMasterExcluding2026.csv,BA,kept,ok
"BRIDGEPOINT EDUCATION, INC.",22.0,2015-07-06,WARNDatabaseMasterExcluding2026.csv,BPI,kept,ok
TD AMERITRADE,16.0,2015-07-03,WARNDatabaseMasterExcluding2026.csv,AMTD,kept,ok
CITI,403.0,2015-07-02,WARNDatabaseMasterExcluding2026.csv,C,kept,ok
CITIGROUP INC.,325.0,2015-07-01,WARNDatabaseMasterExcluding2026.csv,C,kept,ok
QUEST DIAGNOSTICS INC,80.0,2015-07-01,WARNDatabaseMasterExcluding2026.csv,DGX,kept,ok
CCB,26.0,2015-07-01,WARNDatabaseMasterExcluding2026.csv,CCB,kept,ok
CITIGROUP INC.,325.0,2015-07-01,WARNDatabaseMasterExcluding2026.csv,C,kept,ok
CALFRAC WELL SERVICES,61.0,2015-07-01,WARNDatabaseMasterExcluding2026.csv,5CFA.F,kept,ok
MACY'S,170.0,2015-07-01,WARNDatabaseMasterExcluding2026.csv,M,kept,ok
LEIDOS,72.0,2015-07-01,WARNDatabaseMasterExcluding2026.csv,LDOS,kept,ok
SODEXO,63.0,2015-06-30,WARNDatabaseMasterExcluding2026.csv,SJ7.DU,kept,ok
"DTZ, INC.",100.0,2015-06-30,WARNDatabaseMasterExcluding2026.csv,DTZ.XA,kept,ok
SODEXO,54.0,2015-06-30,WARNDatabaseMasterExcluding2026.csv,SJ7.DU,kept,ok
RESMED,49.0,2015-06-30,WARNDatabaseMasterExcluding2026.csv,RMD,kept,ok
"INTUIT, INC.",86.0,2015-06-30,WARNDatabaseMasterExcluding2026.csv,ISRG,kept,ok
"INTUIT, INC.",49.0,2015-06-30,WARNDatabaseMasterExcluding2026.csv,ISRG,kept,ok
"SUREFIRE, LLC",45.0,2015-06-30,WARNDatabaseMasterExcluding2026.csv,SRN.XA,kept,ok
"INTUIT, INC.",27.0,2015-06-30,WARNDatabaseMasterExcluding2026.csv,ISRG,kept,ok
"SUREFIRE, LLC",26.0,2015-06-30,WARNDatabaseMasterExcluding2026.csv,SRN.XA,kept,ok
"SAFEWAY, INC.",18.0,2015-06-30,WARNDatabaseMasterExcluding2026.csv,301559.SZ,kept,ok
"SUREFIRE, LLC",14.0,2015-06-30,WARNDatabaseMasterExcluding2026.csv,SRN.XA,kept,ok
"INTUIT, INC.",13.0,2015-06-30,WARNDatabaseMasterExcluding2026.csv,ISRG,kept,ok
"INTUIT, INC.",11.0,2015-06-30,WARNDatabaseMasterExcluding2026.csv,ISRG,kept,ok
"INTUIT, INC.",11.0,2015-06-30,WARNDatabaseMasterExcluding2026.csv,ISRG,kept,ok
"SUREFIRE, LLC",10.0,2015-06-30,WARNDatabaseMasterExcluding2026.csv,SRN.XA,kept,ok
"SUREFIRE, LLC",2.0,2015-06-30,WARNDatabaseMasterExcluding2026.csv,SRN.XA,kept,ok
"SUREFIRE, LLC",1.0,2015-06-30,WARNDatabaseMasterExcluding2026.csv,SRN.XA,kept,ok
"INTUIT, INC.",6.0,2015-06-29,WARNDatabaseMasterExcluding2026.csv,ISRG,kept,ok
"INTUIT, INC.",4.0,2015-06-29,WARNDatabaseMasterExcluding2026.csv,ISRG,kept,ok
TRONOX,30.0,2015-06-28,WARNDatabaseMasterExcluding2026.csv,TROX,kept,ok
"PFIZER, INC.",151.0,2015-06-28,WARNDatabaseMasterExcluding2026.csv,PFE,kept,ok
STAPLES,60.0,2015-06-26,WARNDatabaseMasterExcluding2026.csv,XAP=F,kept,ok
INTUIT,59.0,2015-06-25,WARNDatabaseMasterExcluding2026.csv,ISRG,kept,ok
BOEING COMPANY,28.0,2015-06-25,WARNDatabaseMasterExcluding2026.csv,BA,kept,ok
BOEING COMPANY,26.0,2015-06-25,WARNDatabaseMasterExcluding2026.csv,BA,kept,ok
ANTHEM INC.,57.0,2015-06-24,WARNDatabaseMasterExcluding2026.csv,0HG8.L,kept,ok
OWENS CORNING,16.0,2015-06-24,WARNDatabaseMasterExcluding2026.csv,OC,kept,ok
"SERVICELINK NLS, LLS",53.0,2015-06-24,WARNDatabaseMasterExcluding2026.csv,KSM-F198.TA,kept,ok
"SERVICELINK NLS, LLS",53.0,2015-06-24,WARNDatabaseMasterExcluding2026.csv,KSM-F198.TA,kept,ok
"KLX, INC.",32.0,2015-06-24,WARNDatabaseMasterExcluding2026.csv,KLXE,kept,ok
AVNET,68.0,2015-06-24,WARNDatabaseMasterExcluding2026.csv,AVT,kept,ok
BOEING COMPANY,3.0,2015-06-24,WARNDatabaseMasterExcluding2026.csv,BA,kept,ok
"TABC, INC.",104.0,2015-06-24,WARNDatabaseMasterExcluding2026.csv,THL.F,kept,ok
"GAP, INC.",62.0,2015-06-23,WARNDatabaseMasterExcluding2026.csv,GAP,kept,ok
BOEING,23.0,2015-06-22,WARNDatabaseMasterExcluding2026.csv,BA,kept,ok
INTEL CORPORATION,103.0,2015-06-18,WARNDatabaseMasterExcluding2026.csv,INTC,kept,ok
INTEL CORPORATION,52.0,2015-06-18,WARNDatabaseMasterExcluding2026.csv,INTC,kept,ok
INTEL CORPORATION,10.0,2015-06-18,WARNDatabaseMasterExcluding2026.csv,INTC,kept,ok
BAGS,190.0,2015-06-17,WARNDatabaseMasterExcluding2026.csv,COMSYN.NS,kept,ok
"SODEXO, INC. (@ COLGATE UNIVERSITY)",99.0,2015-06-17,WARNDatabaseMasterExcluding2026.csv,SW.PA,kept,ok
"BRIDGEPOINT EDUCATION, INC.",5.0,2015-06-16,WARNDatabaseMasterExcluding2026.csv,BPI,kept,ok
"BRIDGEPOINT EDUCATION, INC.",5.0,2015-06-16,WARNDatabaseMasterExcluding2026.csv,BPI,kept,ok
"BRIDGEPOINT EDUCATION, INC.",12.0,2015-06-16,WARNDatabaseMasterExcluding2026.csv,BPI,kept,ok
"BRIDGEPOINT EDUCATION, INC.",5.0,2015-06-16,WARNDatabaseMasterExcluding2026.csv,BPI,kept,ok
"BRIDGEPOINT EDUCATION, INC.",2.0,2015-06-16,WARNDatabaseMasterExcluding2026.csv,BPI,kept,ok
CNH INDUSTRIAL,136.0,2015-06-15,WARNDatabaseMasterExcluding2026.csv,CNH,kept,ok
INTEL CORPORATION,152.0,2015-06-15,WARNDatabaseMasterExcluding2026.csv,INTC,kept,ok
BOEING COMPANY,15.0,2015-06-15,WARNDatabaseMasterExcluding2026.csv,BA,kept,ok
DAYCO,135.0,2015-06-12,WARNDatabaseMasterExcluding2026.csv,PMFO11.SA,kept,ok
BOEING,18.0,2015-06-11,WARNDatabaseMasterExcluding2026.csv,BA,kept,ok
CHEGG,31.0,2015-06-10,WARNDatabaseMasterExcluding2026.csv,CHGG,kept,ok
BROOKS AUTOMATION,36.0,2015-06-08,WARNDatabaseMasterExcluding2026.csv,0HQ1.L,kept,ok
BAE SYSTEMS,1.0,2015-06-08,WARNDatabaseMasterExcluding2026.csv,BA.L,kept,ok
BAE SYSTEMS,1.0,2015-06-04,WARNDatabaseMasterExcluding2026.csv,BA.L,kept,ok
AMERICAN EXPRESS,35.0,2015-06-03,WARNDatabaseMasterExcluding2026.csv,AXP,kept,ok
"ZOETIS, INC.",165.0,2015-06-01,WARNDatabaseMasterExcluding2026.csv,ZTS,kept,ok
"JOHNSON CONTROLS, INC.",111.0,2015-06-01,WARNDatabaseMasterExcluding2026.csv,JCI,kept,ok
"JOHNSON CONTROLS, INC.",83.0,2015-06-01,WARNDatabaseMasterExcluding2026.csv,JCI,kept,ok
"JOHNSON CONTROLS, INC.",56.0,2015-06-01,WARNDatabaseMasterExcluding2026.csv,JCI,kept,ok
"JOHNSON CONTROLS, INC.",32.0,2015-06-01,WARNDatabaseMasterExcluding2026.csv,JCI,kept,ok
"JOHNSON CONTROLS, INC.",17.0,2015-06-01,WARNDatabaseMasterExcluding2026.csv,JCI,kept,ok
"JOHNSON CONTROLS, INC.",11.0,2015-06-01,WARNDatabaseMasterExcluding2026.csv,JCI,kept,ok
WORTHINGTON,308.0,2015-06-01,WARNDatabaseMasterExcluding2026.csv,WS,kept,ok
"NIRVANA, INC., NIRVANA TRANSPORT, INC., NIRVANA WAREHOUSING",70.0,2015-06-01,WARNDatabaseMasterExcluding2026.csv,ANA19513-USD,kept,ok
ENVOY,79.0,2015-06-01,WARNDatabaseMasterExcluding2026.csv,COCHW,kept,ok
AVIS BUDGET GROUP,146.0,2015-05-29,WARNDatabaseMasterExcluding2026.csv,CAR,kept,ok
BOEING COMPANY,40.0,2015-05-29,WARNDatabaseMasterExcluding2026.csv,BA,kept,ok
INTERFOR,90.0,2015-05-28,WARNDatabaseMasterExcluding2026.csv,IFSPF,kept,ok
BOEING COMPANY,91.0,2015-05-28,WARNDatabaseMasterExcluding2026.csv,BA,kept,ok
BOEING COMPANY,32.0,2015-05-28,WARNDatabaseMasterExcluding2026.csv,BA,kept,ok
"SUREFIRE, LLC",21.0,2015-05-28,WARNDatabaseMasterExcluding2026.csv,SRN.XA,kept,ok
"SUREFIRE, LLC",12.0,2015-05-28,WARNDatabaseMasterExcluding2026.csv,SRN.XA,kept,ok
"SUREFIRE, LLC",9.0,2015-05-28,WARNDatabaseMasterExcluding2026.csv,SRN.XA,kept,ok
"SUREFIRE, LLC",2.0,2015-05-28,WARNDatabaseMasterExcluding2026.csv,SRN.XA,kept,ok
BOEING COMPANY,8.0,2015-05-27,WARNDatabaseMasterExcluding2026.csv,BA,kept,ok
BAE SYSTEMS,104.0,2015-05-22,WARNDatabaseMasterExcluding2026.csv,BA.L,kept,ok
"ROYAL BANK OF SCOTLAND,PLC & RBS SECURITIES, INC.",21.0,2015-05-20,WARNDatabaseMasterExcluding2026.csv,AATIFXX,kept,ok
"PFIZER, INC.",12.0,2015-05-20,WARNDatabaseMasterExcluding2026.csv,PFE,kept,ok
"NETAPP, INC.",125.0,2015-05-20,WARNDatabaseMasterExcluding2026.csv,NTAP,kept,ok
SANDISK CORPORATION,27.0,2015-05-20,WARNDatabaseMasterExcluding2026.csv,SNDK,kept,ok
SEARS HOLDINGS CORPORATION,46.0,2015-05-19,WARNDatabaseMasterExcluding2026.csv,SHLD,kept,ok
SKF,206.0,2015-05-19,WARNDatabaseMasterExcluding2026.csv,SKF,kept,ok
"MARRIOTT INTERNATIONAL, INC.",197.0,2015-05-18,WARNDatabaseMasterExcluding2026.csv,MAR,kept,ok
"ROYAL BANK OF SCOTLAND,PLC & RBS SECURITIES, INC.",16.0,2015-05-18,WARNDatabaseMasterExcluding2026.csv,AATIFXX,kept,ok
"UNITED AIRLINES, INC.",76.0,2015-05-17,WARNDatabaseMasterExcluding2026.csv,UAL,kept,ok
CONFIDENTIAL,4.0,2015-05-14,WARNDatabaseMasterExcluding2026.csv,CLONE-USD,kept,ok
"US FOODS, INC.",206.0,2015-05-14,WARNDatabaseMasterExcluding2026.csv,USFD,kept,ok
"DANBURY AEROSPACE, INC. (DAI)",106.0,2015-05-13,WARNDatabaseMasterExcluding2026.csv,SPUT,kept,ok
BOEING COMPANY,26.0,2015-05-12,WARNDatabaseMasterExcluding2026.csv,BA,kept,ok
BP,90.0,2015-05-08,WARNDatabaseMasterExcluding2026.csv,BP,kept,ok
SAFEWAY,44.0,2015-05-04,WARNDatabaseMasterExcluding2026.csv,301559.SZ,kept,ok
SAFEWAY,50.0,2015-05-04,WARNDatabaseMasterExcluding2026.csv,301559.SZ,kept,ok
ARYZTA,131.0,2015-05-04,WARNDatabaseMasterExcluding2026.csv,ARYN.SW,kept,ok
WELLS FARGO,89.0,2015-05-01,WARNDatabaseMasterExcluding2026.csv,WFC,kept,ok
"JOHNSON CONTROLS, INC. @ BRISTOL MYERS SQUIBB",39.0,2015-05-01,WARNDatabaseMasterExcluding2026.csv,JCI,kept,ok
CLIFFS NATURAL RESOURCES,7.0,2015-04-30,WARNDatabaseMasterExcluding2026.csv,CLF,kept,ok
MAXIMUS,20.0,2015-04-30,WARNDatabaseMasterExcluding2026.csv,MMS,kept,ok
"ARROW ELECTRONICS, INC.",93.0,2015-04-30,WARNDatabaseMasterExcluding2026.csv,ARW,kept,ok
"ARROW ELECTRONICS, INC.",42.0,2015-04-30,WARNDatabaseMasterExcluding2026.csv,ARW,kept,ok
XEROX CORPORATION,35.0,2015-04-30,WARNDatabaseMasterExcluding2026.csv,XRX,kept,ok
"ALM MEDIA, LLC",61.0,2015-04-30,WARNDatabaseMasterExcluding2026.csv,ALMA.HE,kept,ok
WELLS FARGO & CO.,51.0,2015-04-29,WARNDatabaseMasterExcluding2026.csv,WFC,kept,ok
UNILEVER,137.0,2015-04-28,WARNDatabaseMasterExcluding2026.csv,UL,kept,ok
STAPLES,47.0,2015-04-28,WARNDatabaseMasterExcluding2026.csv,XAP=F,kept,ok
"PROSPECT ENTERPRISES, INC. - AMERICAN",85.0,2015-04-28,WARNDatabaseMasterExcluding2026.csv,AMRAX,kept,ok
"PROSPECT ENTERPRISES, INC. - AMERICAN",19.0,2015-04-28,WARNDatabaseMasterExcluding2026.csv,AMRAX,kept,ok
"PSCU, INC.",53.0,2015-04-27,WARNDatabaseMasterExcluding2026.csv,PSCU,kept,ok
"CHANCELLOR, MASTERS AND SCHOLARS OF THE UNIVERSITY OF CAMBRIDGE AKA CAMBRIDGE UNIVERSITY PRESS",67.0,2015-04-24,WARNDatabaseMasterExcluding2026.csv,CHAG,kept,ok
BOEING,153.0,2015-04-23,WARNDatabaseMasterExcluding2026.csv,BA,kept,ok
AVERY DENNISON,225.0,2015-04-23,WARNDatabaseMasterExcluding2026.csv,AVY,kept,ok
STAPLES,53.0,2015-04-22,WARNDatabaseMasterExcluding2026.csv,XAP=F,kept,ok
BOEING COMPANY,49.0,2015-04-22,WARNDatabaseMasterExcluding2026.csv,BA,kept,ok
BOEING COMPANY,48.0,2015-04-22,WARNDatabaseMasterExcluding2026.csv,BA,kept,ok
STAPLES,41.0,2015-04-22,WARNDatabaseMasterExcluding2026.csv,XAP=F,kept,ok
BOEING COMPANY,28.0,2015-04-22,WARNDatabaseMasterExcluding2026.csv,BA,kept,ok
BOEING COMPANY,1.0,2015-04-21,WARNDatabaseMasterExcluding2026.csv,BA,kept,ok
SANDISK CORPORATION,61.0,2015-04-21,WARNDatabaseMasterExcluding2026.csv,SNDK,kept,ok
"UNY, LLC A/K/A GENERAL SUPER PLATING",95.0,2015-04-20,WARNDatabaseMasterExcluding2026.csv,9068.T,kept,ok
BOEING,3.0,2015-04-17,WARNDatabaseMasterExcluding2026.csv,BA,kept,ok
"ROYAL BANK OF SCOTLAND, PLC AND RBS SECURITIES, INC.",32.0,2015-04-16,WARNDatabaseMasterExcluding2026.csv,AATIFXX,kept,ok
"ADVANCED MICRO DEVICES, INC.",85.0,2015-04-16,WARNDatabaseMasterExcluding2026.csv,AMD,kept,ok
LINN ENERGY,52.0,2015-04-15,WARNDatabaseMasterExcluding2026.csv,LINE,kept,ok
SPRINT,91.0,2015-04-10,WARNDatabaseMasterExcluding2026.csv,688605.SS,kept,ok
FTS INTERNATIONAL,194.0,2015-04-08,WARNDatabaseMasterExcluding2026.csv,WIP,kept,ok
SODEXO,176.0,2015-04-08,WARNDatabaseMasterExcluding2026.csv,SJ7.DU,kept,ok
"SODEXO, INC. - HOSPITALITY SERVICES AT NIAGARA UNIVERSITY",167.0,2015-04-08,WARNDatabaseMasterExcluding2026.csv,SJ7.DU,kept,ok
WORTHINGTON INDUSTRIES,74.0,2015-04-07,WARNDatabaseMasterExcluding2026.csv,WOR,kept,ok
BOEING COMPANY,8.0,2015-04-07,WARNDatabaseMasterExcluding2026.csv,BA,kept,ok
BOEING COMPANY,1.0,2015-04-07,WARNDatabaseMasterExcluding2026.csv,BA,kept,ok
NORTHWEST PIPE COMPANY,69.0,2015-04-06,WARNDatabaseMasterExcluding2026.csv,NWPX,kept,ok
SODEXO,117.0,2015-04-06,WARNDatabaseMasterExcluding2026.csv,SJ7.DU,kept,ok
NORTHROP GRUMMAN CORPORATION,476.0,2015-04-03,WARNDatabaseMasterExcluding2026.csv,NOC,kept,ok
NETFLIX INC,68.0,2015-04-02,WARNDatabaseMasterExcluding2026.csv,NFLX,kept,ok
AMERICAN EAGLE OUTFITTERS,212.0,2015-04-01,WARNDatabaseMasterExcluding2026.csv,AEO,kept,ok
"SODEXO, INC.",90.0,2015-04-01,WARNDatabaseMasterExcluding2026.csv,SW.VI,kept,ok
"LIGHTSPEED, INC. DBA SKILLEDUP",27.0,2015-04-01,WARNDatabaseMasterExcluding2026.csv,LSPD.TO,kept,ok
CHARTER COMMUNICATION,5.0,2015-03-31,WARNDatabaseMasterExcluding2026.csv,CHTR,kept,ok
NATIONSTAR,114.0,2015-03-31,WARNDatabaseMasterExcluding2026.csv,002449.SZ,kept,ok
WORTHINGTON,39.0,2015-03-31,WARNDatabaseMasterExcluding2026.csv,WS,kept,ok
PARSONS,100.0,2015-03-30,WARNDatabaseMasterExcluding2026.csv,PSN,kept,ok
ARYZTA,117.0,2015-03-30,WARNDatabaseMasterExcluding2026.csv,ARYN.SW,kept,ok
WORTHINGTON INDUSTRIES,74.0,2015-03-27,WARNDatabaseMasterExcluding2026.csv,WOR,kept,ok
JPMORGAN CHASE,65.0,2015-03-27,WARNDatabaseMasterExcluding2026.csv,JPM,kept,ok
BAE SYSTEMS,201.0,2015-03-27,WARNDatabaseMasterExcluding2026.csv,BA.L,kept,ok
"PERFECT WORLD CO., LTD",31.0,2015-03-27,WARNDatabaseMasterExcluding2026.csv,002624.SZ,kept,ok
AMERICAN EXPRESS,21.0,2015-03-26,WARNDatabaseMasterExcluding2026.csv,AXP,kept,ok
MMC,64.0,2015-03-25,WARNDatabaseMasterExcluding2026.csv,MMC=F,kept,ok
"SODEXO, INC. (@SIENA COLLEGE)",193.0,2015-03-25,WARNDatabaseMasterExcluding2026.csv,SW.VI,kept,ok
WORTHINGTON INDUSTRIES,78.0,2015-03-24,WARNDatabaseMasterExcluding2026.csv,WOR,kept,ok
WORTHINGTON INDUSTRIES,33.0,2015-03-24,WARNDatabaseMasterExcluding2026.csv,WOR,kept,ok
BOEING COMPANY,119.0,2015-03-24,WARNDatabaseMasterExcluding2026.csv,BA,kept,ok
BANK OF AMERICA,114.0,2015-03-24,WARNDatabaseMasterExcluding2026.csv,BAC,kept,ok
BOEING COMPANY,45.0,2015-03-24,WARNDatabaseMasterExcluding2026.csv,BA,kept,ok
BOEING COMPANY,32.0,2015-03-24,WARNDatabaseMasterExcluding2026.csv,BA,kept,ok
BOEING COMPANY,9.0,2015-03-23,WARNDatabaseMasterExcluding2026.csv,BA,kept,ok
"MATTEL, INC.",107.0,2015-03-19,WARNDatabaseMasterExcluding2026.csv,MAT,kept,ok
"COMPASS GROUP, USA, INC.",66.0,2015-03-19,WARNDatabaseMasterExcluding2026.csv,XGR.F,kept,ok
"ROYAL BANK OF SCOTLAND, PLC AND RBS SECURITIES INC.",30.0,2015-03-18,WARNDatabaseMasterExcluding2026.csv,AATIFXX,kept,ok
TRICAN WELL SERVICE,137.0,2015-03-17,WARNDatabaseMasterExcluding2026.csv,TCW.TO,kept,ok
"SERVICE AMERICA CORPORATION, D/B/A",831.0,2015-03-17,WARNDatabaseMasterExcluding2026.csv,SBSW,kept,ok
AT&T CORPORATION,62.0,2015-03-16,WARNDatabaseMasterExcluding2026.csv,9563.T,kept,ok
BANK OF AMERICA,3.0,2015-03-16,WARNDatabaseMasterExcluding2026.csv,BAC,kept,ok
ELECTRONIC ARTS INC.,71.0,2015-03-13,WARNDatabaseMasterExcluding2026.csv,EA,kept,ok
"UNITED AIRLINES, INC.",60.0,2015-03-13,WARNDatabaseMasterExcluding2026.csv,UAL,kept,ok
"UNITED AIRLINES, INC.",76.0,2015-03-11,WARNDatabaseMasterExcluding2026.csv,UAL,kept,ok
"UNITED AIRLINES, INC.'S AIRPORT OPERATIONS DIVISION",57.0,2015-03-11,WARNDatabaseMasterExcluding2026.csv,UAL,kept,ok
"UNITED AIRLINES, INC.",57.0,2015-03-11,WARNDatabaseMasterExcluding2026.csv,UAL,kept,ok
"UNITED AIRLINES, INC. FT. LAUDERDALE-HOLLYWOOD INT'L AIR",148.0,2015-03-10,WARNDatabaseMasterExcluding2026.csv,UAL,kept,ok
"UNITED AIRLINES, INC. MIAMI INTERNATIONAL AIRPORT CONCOURSE G",115.0,2015-03-10,WARNDatabaseMasterExcluding2026.csv,UAL,kept,ok
"UNITED AIRLINES, INC. PALM BEACH INTERNATIONAL AIRPORT",69.0,2015-03-10,WARNDatabaseMasterExcluding2026.csv,UAL,kept,ok
UNITED AIRLINES,79.0,2015-03-10,WARNDatabaseMasterExcluding2026.csv,UAL,kept,ok
"FORWARD AIR, INC.",214.0,2015-03-09,WARNDatabaseMasterExcluding2026.csv,FWRD,kept,ok
"FORWARD AIR, INC.",214.0,2015-03-09,WARNDatabaseMasterExcluding2026.csv,FWRD,kept,ok
"UNITED AIRLINES, INC. JACKSONVILLE INTERNATIONAL AIRPORT",66.0,2015-03-09,WARNDatabaseMasterExcluding2026.csv,UAL,kept,ok
"UNITED AIRLINES, INC.",62.0,2015-03-06,WARNDatabaseMasterExcluding2026.csv,UAL,kept,ok
"UNITED AIRLINES, INC.",53.0,2015-03-06,WARNDatabaseMasterExcluding2026.csv,UAL,kept,ok
"UNITED AIRLINES, INC.",69.0,2015-03-06,WARNDatabaseMasterExcluding2026.csv,UAL,kept,ok
UNITED,64.0,2015-03-06,WARNDatabaseMasterExcluding2026.csv,UPS,kept,ok
HONEYWELL,290.0,2015-03-02,WARNDatabaseMasterExcluding2026.csv,HON,kept,ok
BANK OF AMERICA,16.0,2015-03-01,WARNDatabaseMasterExcluding2026.csv,BAC,kept,ok
STAPLES,101.0,2015-03-01,WARNDatabaseMasterExcluding2026.csv,XAP=F,kept,ok
THE BANK OF NEW YORK MELLON,50.0,2015-02-27,WARNDatabaseMasterExcluding2026.csv,BNY,kept,ok
BOEING COMPANY,35.0,2015-02-27,WARNDatabaseMasterExcluding2026.csv,BA,kept,ok
BOEING,319.0,2015-02-26,WARNDatabaseMasterExcluding2026.csv,BA,kept,ok
BOEING COMPANY,71.0,2015-02-26,WARNDatabaseMasterExcluding2026.csv,BA,kept,ok
BOEING COMPANY,7.0,2015-02-25,WARNDatabaseMasterExcluding2026.csv,BA,kept,ok
CACHE,100.0,2015-02-25,WARNDatabaseMasterExcluding2026.csv,CACH,kept,ok
BOEING COMPANY,59.0,2015-02-25,WARNDatabaseMasterExcluding2026.csv,BA,kept,ok
MARRIOTT,24.0,2015-02-23,WARNDatabaseMasterExcluding2026.csv,MAR,kept,ok
BOEING,1.0,2015-02-20,WARNDatabaseMasterExcluding2026.csv,BA,kept,ok
WALLENIUS WILHELMSEN LOGISTICS,104.0,2015-02-19,WARNDatabaseMasterExcluding2026.csv,0N0B.L,kept,ok
RANGE RESOURCES,66.0,2015-02-18,WARNDatabaseMasterExcluding2026.csv,RRC,kept,ok
STAPLES,99.0,2015-02-18,WARNDatabaseMasterExcluding2026.csv,XAP=F,kept,ok
"ACME ENERGY SERVICES, INC. DBA BIG DOG DRILLING",31.0,2015-02-17,WARNDatabaseMasterExcluding2026.csv,6692.TWO,kept,ok
MARRIOTT INTERNATIONAL INC.,259.0,2015-02-17,WARNDatabaseMasterExcluding2026.csv,MAR,kept,ok
ANTHEM,3.0,2015-02-17,WARNDatabaseMasterExcluding2026.csv,ANTHEM.BO,kept,ok
BANK OF AMERICA,69.0,2015-02-16,WARNDatabaseMasterExcluding2026.csv,BAC,kept,ok
HUHTAMAKI,38.0,2015-02-13,WARNDatabaseMasterExcluding2026.csv,HUHTAMAKI.NS,kept,ok
"HGM, HAILE GOLD MINE, INC.",50.0,2015-02-13,WARNDatabaseMasterExcluding2026.csv,HGM.NS,kept,ok
HUHTAMAKI,38.0,2015-02-13,WARNDatabaseMasterExcluding2026.csv,HUHTAMAKI.NS,kept,ok
BANK OF AMERICA,216.0,2015-02-13,WARNDatabaseMasterExcluding2026.csv,BAC,kept,ok
STAPLES,97.0,2015-02-13,WARNDatabaseMasterExcluding2026.csv,XAP=F,kept,ok
STAPLES,59.0,2015-02-13,WARNDatabaseMasterExcluding2026.csv,XAP=F,kept,ok
BOEING COMPANY,9.0,2015-02-13,WARNDatabaseMasterExcluding2026.csv,BA,kept,ok
PFIZER INC.,70.0,2015-02-12,WARNDatabaseMasterExcluding2026.csv,PFE,kept,ok
"S. M. & J., INC.",3.0,2015-02-10,WARNDatabaseMasterExcluding2026.csv,JPJY.PA,kept,ok
STAPLES,59.0,2015-02-10,WARNDatabaseMasterExcluding2026.csv,XAP=F,kept,ok
BAKER HUGHES,62.0,2015-02-06,WARNDatabaseMasterExcluding2026.csv,BKR,kept,ok
BOEING COMPANY,2.0,2015-02-05,WARNDatabaseMasterExcluding2026.csv,BA,kept,ok
LOCKHEED MARTIN CORPORATION,74.0,2015-02-05,WARNDatabaseMasterExcluding2026.csv,LMT,kept,ok
BAKER HUGHES,60.0,2015-02-04,WARNDatabaseMasterExcluding2026.csv,BKR,kept,ok
"PFIZER, INC.",8.0,2015-02-04,WARNDatabaseMasterExcluding2026.csv,PFE,kept,ok
SODEXO,65.0,2015-02-03,WARNDatabaseMasterExcluding2026.csv,SJ7.DU,kept,ok
SODEXO,65.0,2015-02-03,WARNDatabaseMasterExcluding2026.csv,SJ7.DU,kept,ok
BOEING COMPANY,66.0,2015-02-03,WARNDatabaseMasterExcluding2026.csv,BA,kept,ok
BOEING COMPANY,36.0,2015-02-03,WARNDatabaseMasterExcluding2026.csv,BA,kept,ok
BOEING COMPANY,25.0,2015-02-03,WARNDatabaseMasterExcluding2026.csv,BA,kept,ok
SODEXO,50.0,2015-02-02,WARNDatabaseMasterExcluding2026.csv,SJ7.DU,kept,ok
SEARS HOLDINGS CORPORATION,122.0,2015-02-02,WARNDatabaseMasterExcluding2026.csv,SHLD,kept,ok
JPMORGAN CHASE & CO.,63.0,2015-02-02,WARNDatabaseMasterExcluding2026.csv,JPM,kept,ok
ARAMARK,339.0,2015-02-01,WARNDatabaseMasterExcluding2026.csv,ARMK,kept,ok
GLAXOSMITHKLINE,150.0,2015-02-01,WARNDatabaseMasterExcluding2026.csv,GLAXO.NS,kept,ok
SODEXO,92.0,2015-02-01,WARNDatabaseMasterExcluding2026.csv,SJ7.DU,kept,ok
SODEXO,108.0,2015-02-01,WARNDatabaseMasterExcluding2026.csv,SJ7.DU,kept,ok
BANK OF AMERICA,68.0,2015-01-31,WARNDatabaseMasterExcluding2026.csv,BAC,kept,ok
BANK OF AMERICA,68.0,2015-01-31,WARNDatabaseMasterExcluding2026.csv,BAC,kept,ok
"SANDRIDGE ENERGY, INC.",25.0,2015-01-30,WARNDatabaseMasterExcluding2026.csv,SD,kept,ok
BANK OF AMERICA,113.0,2015-01-30,WARNDatabaseMasterExcluding2026.csv,BAC,kept,ok
"SAFEWAY, INC. CORPORATE HEADQUARTERS",18.0,2015-01-30,WARNDatabaseMasterExcluding2026.csv,301559.SZ,kept,ok
"TRICAN WELL SERVICE, L.P.",125.0,2015-01-29,WARNDatabaseMasterExcluding2026.csv,TCW.TO,kept,ok
"SUNCOKE ENERGY, INC.",151.0,2015-01-29,WARNDatabaseMasterExcluding2026.csv,SXC,kept,ok
ANSELL,68.0,2015-01-29,WARNDatabaseMasterExcluding2026.csv,ANN.AX,kept,ok
AMERICAN EXPRESS,27.0,2015-01-29,WARNDatabaseMasterExcluding2026.csv,AXP,kept,ok
UTI,32.0,2015-01-29,WARNDatabaseMasterExcluding2026.csv,UTI,kept,ok
"MORGAN, LEWIS & BOCKIUS LLP",76.0,2015-01-28,WARNDatabaseMasterExcluding2026.csv,JPM,kept,ok
BANK OF AMERICA,202.0,2015-01-28,WARNDatabaseMasterExcluding2026.csv,BAC,kept,ok
ECOLAB,66.0,2015-01-28,WARNDatabaseMasterExcluding2026.csv,ECL,kept,ok
INTERNATIONAL BUSINESS MACHINES,68.0,2015-01-28,WARNDatabaseMasterExcluding2026.csv,IBM,kept,ok
"TABULA, INC.",120.0,2015-01-27,WARNDatabaseMasterExcluding2026.csv,0P0001OS3R.F,kept,ok
"EXEL, INC.",278.0,2015-01-26,WARNDatabaseMasterExcluding2026.csv,EXEL,kept,ok
"GAP, INC",108.0,2015-01-26,WARNDatabaseMasterExcluding2026.csv,GAP,kept,ok
CHEVRON,100.0,2015-01-26,WARNDatabaseMasterExcluding2026.csv,CVX,kept,ok
BOEING COMPANY,36.0,2015-01-23,WARNDatabaseMasterExcluding2026.csv,BA,kept,ok
BOEING COMPANY,15.0,2015-01-23,WARNDatabaseMasterExcluding2026.csv,BA,kept,ok
BOEING COMPANY,9.0,2015-01-23,WARNDatabaseMasterExcluding2026.csv,BA,kept,ok
"MORGAN CORP., POTASH CORPORATION",127.0,2015-01-22,WARNDatabaseMasterExcluding2026.csv,0P0001FKSI.T,kept,ok
"CHANCELLOR, MASTERS AND SCHOLARS OF THE UNIVERSITY OF CAMBRIDGE (AKA CAMBRIDGE UNIVERSITY PRESS)",42.0,2015-01-21,WARNDatabaseMasterExcluding2026.csv,CHAG,kept,ok
BOEING COMPANY,3.0,2015-01-20,WARNDatabaseMasterExcluding2026.csv,BA,kept,ok
NORRIS,62.0,2015-01-20,WARNDatabaseMasterExcluding2026.csv,NRIS,kept,ok
"ALBERTSON'S, LLC",63.0,2015-01-20,WARNDatabaseMasterExcluding2026.csv,ACI,kept,ok
KENNAMETAL,93.0,2015-01-19,WARNDatabaseMasterExcluding2026.csv,KMT,kept,ok
BOEING,1.0,2015-01-16,WARNDatabaseMasterExcluding2026.csv,BA,kept,ok
SPRINT,92.0,2015-01-16,WARNDatabaseMasterExcluding2026.csv,688605.SS,kept,ok
LEIDOS,80.0,2015-01-16,WARNDatabaseMasterExcluding2026.csv,LDOS,kept,ok
KONGSBERG AUTOMOTIVE,60.0,2015-01-15,WARNDatabaseMasterExcluding2026.csv,KOA.OL,kept,ok
GREIF,33.0,2015-01-15,WARNDatabaseMasterExcluding2026.csv,GEF,kept,ok
BELK,92.0,2015-01-15,WARNDatabaseMasterExcluding2026.csv,BELKA39917-USD,kept,ok
BAE SYSTEMS,40.0,2015-01-15,WARNDatabaseMasterExcluding2026.csv,BA.L,kept,ok
SM ENERGY,77.0,2015-01-15,WARNDatabaseMasterExcluding2026.csv,SM,kept,ok
"PFIZER, INC.",50.0,2015-01-15,WARNDatabaseMasterExcluding2026.csv,PFE,kept,ok
"RABOBANK, N.A.",79.0,2015-01-14,WARNDatabaseMasterExcluding2026.csv,ZION,kept,ok
CIENA CORPORATION,57.0,2015-01-13,WARNDatabaseMasterExcluding2026.csv,CIEN,kept,ok
"SODEXO, INC",160.0,2015-01-13,WARNDatabaseMasterExcluding2026.csv,SJ7.SG,kept,ok
MACY'S,109.0,2015-01-12,WARNDatabaseMasterExcluding2026.csv,M,kept,ok
MACY'S,142.0,2015-01-09,WARNDatabaseMasterExcluding2026.csv,M,kept,ok
GENCO,50.0,2015-01-09,WARNDatabaseMasterExcluding2026.csv,GNK,kept,ok
ILUKA RESOURCES,120.0,2015-01-08,WARNDatabaseMasterExcluding2026.csv,ILKAY,kept,ok
BOEING COMPANY,23.0,2015-01-08,WARNDatabaseMasterExcluding2026.csv,BA,kept,ok
UNITED AIRLINES,41.0,2015-01-07,WARNDatabaseMasterExcluding2026.csv,UAL,kept,ok
"MORGAN, LEWIS & BOCKIUS LLP",24.0,2015-01-06,WARNDatabaseMasterExcluding2026.csv,JPM,kept,ok
SEARS HOLDINGS CORPORATION,130.0,2015-01-06,WARNDatabaseMasterExcluding2026.csv,SHLD,kept,ok
BAE SYSTEMS,192.0,2015-01-06,WARNDatabaseMasterExcluding2026.csv,BA.L,kept,ok
"MACY'S INC., LEDGEWOOD MALL STORE",79.0,2015-01-01,WARNDatabaseMasterExcluding2026.csv,M,kept,ok
TENNECO,2.0,2014-12-31,WARNDatabaseMasterExcluding2026.csv,TENNIND.NS,kept,ok
TENNECO,2.0,2014-12-31,WARNDatabaseMasterExcluding2026.csv,TENNIND.NS,kept,ok
GROUP HEALTH,15.0,2014-12-29,WARNDatabaseMasterExcluding2026.csv,0P0001Q6X3.F,kept,ok
BOEING COMPANY,119.0,2014-12-29,WARNDatabaseMasterExcluding2026.csv,BA,kept,ok
BOEING COMPANY,33.0,2014-12-29,WARNDatabaseMasterExcluding2026.csv,BA,kept,ok
BOEING COMPANY,20.0,2014-12-29,WARNDatabaseMasterExcluding2026.csv,BA,kept,ok
MAXIMUS,70.0,2014-12-24,WARNDatabaseMasterExcluding2026.csv,MMS,kept,ok
HORMEL FOODS CORPORATION,113.0,2014-12-24,WARNDatabaseMasterExcluding2026.csv,HRL,kept,ok
ARAMARK,103.0,2014-12-23,WARNDatabaseMasterExcluding2026.csv,ARMK,kept,ok
ARAMARK,175.0,2014-12-23,WARNDatabaseMasterExcluding2026.csv,ARMK,kept,ok
ARAMARK,110.0,2014-12-23,WARNDatabaseMasterExcluding2026.csv,ARMK,kept,ok
ARAMARK,77.0,2014-12-23,WARNDatabaseMasterExcluding2026.csv,ARMK,kept,ok
ARAMARK,56.0,2014-12-23,WARNDatabaseMasterExcluding2026.csv,ARMK,kept,ok
BOEING COMPANY,1.0,2014-12-22,WARNDatabaseMasterExcluding2026.csv,BA,kept,ok
ARAMARK,152.0,2014-12-22,WARNDatabaseMasterExcluding2026.csv,ARMK,kept,ok
BANK OF AMERICA,3.0,2014-12-22,WARNDatabaseMasterExcluding2026.csv,BAC,kept,ok
QUAD GRAPHICS INC,112.0,2014-12-17,WARNDatabaseMasterExcluding2026.csv,QUAD,kept,ok
GENESIS HEALTHCARE,71.0,2014-12-17,WARNDatabaseMasterExcluding2026.csv,GEN,kept,ok
"AKIMA SUPPORT OPERATIONS (ASO) 407TH FSB, ASC, LOGISTICS READINESS CENTER (LRC)",200.0,2014-12-16,WARNDatabaseMasterExcluding2026.csv,ASC,kept,ok
"SUNCOKE ENERGY, INC.",160.0,2014-12-15,WARNDatabaseMasterExcluding2026.csv,SXC,kept,ok
BOEING COMPANY,95.0,2014-12-12,WARNDatabaseMasterExcluding2026.csv,BA,kept,ok
BOEING COMPANY,57.0,2014-12-12,WARNDatabaseMasterExcluding2026.csv,BA,kept,ok
BOEING COMPANY,29.0,2014-12-12,WARNDatabaseMasterExcluding2026.csv,BA,kept,ok
BOEING COMPANY,21.0,2014-12-12,WARNDatabaseMasterExcluding2026.csv,BA,kept,ok
HUGO BOSS,167.0,2014-12-05,WARNDatabaseMasterExcluding2026.csv,BOSS.DE,kept,ok
FAURECIA,99.0,2014-12-05,WARNDatabaseMasterExcluding2026.csv,FAURY,kept,ok
"ADVANCED MICRO DEVICES, INC.",57.0,2014-12-04,WARNDatabaseMasterExcluding2026.csv,AMD,kept,ok
BOEING,83.0,2014-12-02,WARNDatabaseMasterExcluding2026.csv,BA,kept,ok
DOW CHEMICAL,54.0,2014-12-02,WARNDatabaseMasterExcluding2026.csv,DOW,kept,ok
UNITED AIRLINES,264.0,2014-12-01,WARNDatabaseMasterExcluding2026.csv,UAL,kept,ok
LOCKHEED MARTIN,75.0,2014-12-01,WARNDatabaseMasterExcluding2026.csv,LMT,kept,ok
DEB,308.0,2014-12-01,WARNDatabaseMasterExcluding2026.csv,0P0000ZKLW.BO,kept,ok
"DELTA AIR LINES, INC.",84.0,2014-11-25,WARNDatabaseMasterExcluding2026.csv,DAL,kept,ok
BOEING COMPANY,6.0,2014-11-24,WARNDatabaseMasterExcluding2026.csv,BA,kept,ok
"BRIDGEPOINT EDUCATION, INC.",160.0,2014-11-24,WARNDatabaseMasterExcluding2026.csv,BPI,kept,ok
BOEING,1.0,2014-11-21,WARNDatabaseMasterExcluding2026.csv,BA,kept,ok
SCIENCE APPLICATION INTERNATIONAL,63.0,2014-11-21,WARNDatabaseMasterExcluding2026.csv,SAIC,kept,ok
BANK OF AMERICA,95.0,2014-11-19,WARNDatabaseMasterExcluding2026.csv,BAC,kept,ok
ENTERGY,148.0,2014-11-18,WARNDatabaseMasterExcluding2026.csv,ETR,kept,ok
BOEING COMPANY,93.0,2014-11-17,WARNDatabaseMasterExcluding2026.csv,BA,kept,ok
BOEING COMPANY,64.0,2014-11-17,WARNDatabaseMasterExcluding2026.csv,BA,kept,ok
SPRINT,458.0,2014-11-14,WARNDatabaseMasterExcluding2026.csv,688605.SS,kept,ok
CNH INDUSTRIAL,2.0,2014-11-14,WARNDatabaseMasterExcluding2026.csv,CNH,kept,ok
CNH INDUSTRIAL,2.0,2014-11-14,WARNDatabaseMasterExcluding2026.csv,CNH,kept,ok
BOEING CO,64.0,2014-11-14,WARNDatabaseMasterExcluding2026.csv,BA,kept,ok
AMERICAN EXPRESS,3.0,2014-11-12,WARNDatabaseMasterExcluding2026.csv,AXP,kept,ok
LAUREATE EDUCATION INC,105.0,2014-11-12,WARNDatabaseMasterExcluding2026.csv,LAUR,kept,ok
"SMITH & NEPHEW, INC.",108.0,2014-11-10,WARNDatabaseMasterExcluding2026.csv,SNN,kept,ok
BOEING COMPANY,1.0,2014-11-06,WARNDatabaseMasterExcluding2026.csv,BA,kept,ok
HERCULES OFFSHORE,450.0,2014-11-05,WARNDatabaseMasterExcluding2026.csv,HERO,kept,ok
JPMORGAN CHASE & CO,58.0,2014-11-05,WARNDatabaseMasterExcluding2026.csv,JPM,kept,ok
"CASTLE OIL, CORPORATION",78.0,2014-11-04,WARNDatabaseMasterExcluding2026.csv,AVAT,kept,ok
"CASTLE OIL, CORPORATION",89.0,2014-11-04,WARNDatabaseMasterExcluding2026.csv,AVAT,kept,ok
"CASTLE OIL, CORPORATION",15.0,2014-11-04,WARNDatabaseMasterExcluding2026.csv,AVAT,kept,ok
NOVARTIS,17.0,2014-11-03,WARNDatabaseMasterExcluding2026.csv,NVS,kept,ok
NOVARTIS,17.0,2014-11-03,WARNDatabaseMasterExcluding2026.csv,NVS,kept,ok
EXEL,97.0,2014-11-01,WARNDatabaseMasterExcluding2026.csv,EXEL,kept,ok
GROUP HEALTH,102.0,2014-10-31,WARNDatabaseMasterExcluding2026.csv,0P0001Q6X3.F,kept,ok
"DTZ, INC.",98.0,2014-10-31,WARNDatabaseMasterExcluding2026.csv,DTZ.XA,kept,ok
BOEING,1.0,2014-10-31,WARNDatabaseMasterExcluding2026.csv,BA,kept,ok
MICROSOFT,635.0,2014-10-30,WARNDatabaseMasterExcluding2026.csv,MSFT,kept,ok
CAPITAL ONE,111.0,2014-10-30,WARNDatabaseMasterExcluding2026.csv,COF,kept,ok
HERCULES OFFSHORE,36.0,2014-10-30,WARNDatabaseMasterExcluding2026.csv,HERO,kept,ok
"ADVANCED MICRO DEVICES, INC.",57.0,2014-10-30,WARNDatabaseMasterExcluding2026.csv,AMD,kept,ok
"CARBINE, LLC",60.0,2014-10-29,WARNDatabaseMasterExcluding2026.csv,CRB.XA,kept,ok
"AMGEN, INC.",349.0,2014-10-28,WARNDatabaseMasterExcluding2026.csv,AMGN,kept,ok
CNH INDUSTRIAL,2.0,2014-10-24,WARNDatabaseMasterExcluding2026.csv,CNH,kept,ok
CNH INDUSTRIAL,2.0,2014-10-24,WARNDatabaseMasterExcluding2026.csv,CNH,kept,ok
SPRINT,235.0,2014-10-24,WARNDatabaseMasterExcluding2026.csv,688605.SS,kept,ok
DOMINION,29.0,2014-10-23,WARNDatabaseMasterExcluding2026.csv,D,kept,ok
BAE SYSTEMS,201.0,2014-10-23,WARNDatabaseMasterExcluding2026.csv,BA.L,kept,ok
AMGEN,274.0,2014-10-22,WARNDatabaseMasterExcluding2026.csv,AMGN,kept,ok
"PFIZER, INC.",16.0,2014-10-22,WARNDatabaseMasterExcluding2026.csv,PFE,kept,ok
BANK OF AMERICA,57.0,2014-10-22,WARNDatabaseMasterExcluding2026.csv,BAC,kept,ok
BOEING COMPANY,61.0,2014-10-20,WARNDatabaseMasterExcluding2026.csv,BA,kept,ok
BOEING COMPANY,44.0,2014-10-20,WARNDatabaseMasterExcluding2026.csv,BA,kept,ok
BOEING COMPANY,34.0,2014-10-20,WARNDatabaseMasterExcluding2026.csv,BA,kept,ok
SPRINT,452.0,2014-10-17,WARNDatabaseMasterExcluding2026.csv,688605.SS,kept,ok
CNH INDUSTRIAL,30.0,2014-10-17,WARNDatabaseMasterExcluding2026.csv,CNH,kept,ok
CNH INDUSTRIAL,30.0,2014-10-17,WARNDatabaseMasterExcluding2026.csv,CNH,kept,ok
GAF,40.0,2014-10-17,WARNDatabaseMasterExcluding2026.csv,GAF8.MU,kept,ok
"STAPLES, INC.",20.0,2014-10-16,WARNDatabaseMasterExcluding2026.csv,XAP=F,kept,ok
"CITIZENS BANK, N.A. (UPDATE TO 8/28/14 NOTICE)",126.0,2014-10-15,WARNDatabaseMasterExcluding2026.csv,FC6A.SG,kept,ok
NATIONSTAR,78.0,2014-10-14,WARNDatabaseMasterExcluding2026.csv,002449.SZ,kept,ok
NATIONSTAR,78.0,2014-10-14,WARNDatabaseMasterExcluding2026.csv,002449.SZ,kept,ok
BOEING COMPANY,14.0,2014-10-14,WARNDatabaseMasterExcluding2026.csv,BA,kept,ok
MOHAWK INDUSTRIES,56.0,2014-10-14,WARNDatabaseMasterExcluding2026.csv,MHK,kept,ok
BOEING,6.0,2014-10-10,WARNDatabaseMasterExcluding2026.csv,BA,kept,ok
CNH INDUSTRIAL,103.0,2014-10-10,WARNDatabaseMasterExcluding2026.csv,CNH,kept,ok
CNH INDUSTRIAL,103.0,2014-10-10,WARNDatabaseMasterExcluding2026.csv,CNH,kept,ok
"ALBERTSON'S, LLC",78.0,2014-10-08,WARNDatabaseMasterExcluding2026.csv,ACI,kept,ok
"MID HUDSON MEDICAL GROUP, P. C.",746.0,2014-10-03,WARNDatabaseMasterExcluding2026.csv,PHPCNY=X,kept,ok
BOEING COMPANY,51.0,2014-10-03,WARNDatabaseMasterExcluding2026.csv,BA,kept,ok
"MARKET TRACK, LLC",107.0,2014-10-02,WARNDatabaseMasterExcluding2026.csv,0P000029LR.SW,kept,ok
BOEING COMPANY,227.0,2014-10-02,WARNDatabaseMasterExcluding2026.csv,BA,kept,ok
DMC,565.0,2014-10-01,WARNDatabaseMasterExcluding2026.csv,BOOM,kept,ok
DUKE ENERGY,39.0,2014-10-01,WARNDatabaseMasterExcluding2026.csv,DUK,kept,ok
ARCHER DANIELS MIDLAND COMPANY,82.0,2014-10-01,WARNDatabaseMasterExcluding2026.csv,ADM,kept,ok
"CISCO SYSTEMS, INC.",1005.0,2014-10-01,WARNDatabaseMasterExcluding2026.csv,CSCO,kept,ok
BOEING COMPANY,40.0,2014-10-01,WARNDatabaseMasterExcluding2026.csv,BA,kept,ok
GRAFTECH INTERNATIONAL,50.0,2014-09-29,WARNDatabaseMasterExcluding2026.csv,EAF,kept,ok
"MARITIME F & B, LLC @ MARITIME HOTEL",153.0,2014-09-26,WARNDatabaseMasterExcluding2026.csv,0P0001H0KW.TO,kept,ok
BOEING COMPANY,34.0,2014-09-22,WARNDatabaseMasterExcluding2026.csv,BA,kept,ok
BOEING,1.0,2014-09-19,WARNDatabaseMasterExcluding2026.csv,BA,kept,ok
IPH,135.0,2014-09-19,WARNDatabaseMasterExcluding2026.csv,IPHPAX,kept,ok
MICROSOFT,747.0,2014-09-18,WARNDatabaseMasterExcluding2026.csv,MSFT,kept,ok
STAPLES,67.0,2014-09-18,WARNDatabaseMasterExcluding2026.csv,XAP=F,kept,ok
MICROSOFT CORPORATION,1.0,2014-09-18,WARNDatabaseMasterExcluding2026.csv,MSFT,kept,ok
BANK OF AMERICA,5.0,2014-09-18,WARNDatabaseMasterExcluding2026.csv,BAC,kept,ok
STAPLES,50.0,2014-09-17,WARNDatabaseMasterExcluding2026.csv,XAP=F,kept,ok
STAPLES,68.0,2014-09-16,WARNDatabaseMasterExcluding2026.csv,XAP=F,kept,ok
LEIDOS,70.0,2014-09-12,WARNDatabaseMasterExcluding2026.csv,LDOS,kept,ok
SODEXO,20.0,2014-09-11,WARNDatabaseMasterExcluding2026.csv,SJ7.DU,kept,ok
"EXELIXIS, INC.",2.0,2014-09-09,WARNDatabaseMasterExcluding2026.csv,EXEL,kept,ok
HSBC,83.0,2014-09-08,WARNDatabaseMasterExcluding2026.csv,HSBC,kept,ok
BAE SYSTEMS,87.0,2014-09-05,WARNDatabaseMasterExcluding2026.csv,BA.L,kept,ok
BANK OF AMERICA,36.0,2014-09-05,WARNDatabaseMasterExcluding2026.csv,BAC,kept,ok
NOVO NORDISK,63.0,2014-09-04,WARNDatabaseMasterExcluding2026.csv,NVO,kept,ok
"EXELIXIS, INC.",152.0,2014-09-04,WARNDatabaseMasterExcluding2026.csv,EXEL,kept,ok
BAE SYSTEMS,1.0,2014-09-03,WARNDatabaseMasterExcluding2026.csv,BA.L,kept,ok
BAE SYSTEMS,1.0,2014-09-03,WARNDatabaseMasterExcluding2026.csv,BA.L,kept,ok
BANK OF AMERICA,2.0,2014-09-01,WARNDatabaseMasterExcluding2026.csv,BAC,kept,ok
"JOHNSON CONTROLS, INC.",151.0,2014-09-01,WARNDatabaseMasterExcluding2026.csv,JCI,kept,ok
LOCKHEED MARTIN,35.0,2014-09-01,WARNDatabaseMasterExcluding2026.csv,LMT,kept,ok
LOCKHEED MARTIN,23.0,2014-09-01,WARNDatabaseMasterExcluding2026.csv,LMT,kept,ok
URS,208.0,2014-08-29,WARNDatabaseMasterExcluding2026.csv,URSP,kept,ok
PERFORMANCE FIBERS,206.0,2014-08-29,WARNDatabaseMasterExcluding2026.csv,SARLAPOLY.NS,kept,ok
"CITIZENS BANK, N.A. (UPDATE TO 7/23/14 NOTICE)",126.0,2014-08-28,WARNDatabaseMasterExcluding2026.csv,FC6A.SG,kept,ok
HSBC,40.0,2014-08-28,WARNDatabaseMasterExcluding2026.csv,HSBC,kept,ok
BOEING COMPANY,37.0,2014-08-27,WARNDatabaseMasterExcluding2026.csv,BA,kept,ok
BOEING COMPANY,53.0,2014-08-26,WARNDatabaseMasterExcluding2026.csv,BA,kept,ok
BOEING COMPANY,49.0,2014-08-26,WARNDatabaseMasterExcluding2026.csv,BA,kept,ok
BOEING,70.0,2014-08-25,WARNDatabaseMasterExcluding2026.csv,BA,kept,ok
BOEING COMPANY,3.0,2014-08-25,WARNDatabaseMasterExcluding2026.csv,BA,kept,ok
BOEING,55.0,2014-08-22,WARNDatabaseMasterExcluding2026.csv,BA,kept,ok
XEROX CORPORATION,34.0,2014-08-18,WARNDatabaseMasterExcluding2026.csv,XRX,kept,ok
SEARS HOLDINGS CORPORATION,91.0,2014-08-15,WARNDatabaseMasterExcluding2026.csv,SHLD,kept,ok
"BRITISH AIRWAYS, PLC.",93.0,2014-08-14,WARNDatabaseMasterExcluding2026.csv,ARM,kept,ok
LABCORP,57.0,2014-08-13,WARNDatabaseMasterExcluding2026.csv,LH,kept,ok
CONAGRA FOODS,146.0,2014-08-11,WARNDatabaseMasterExcluding2026.csv,CAG,kept,ok
"CSC HOLDINGS, LLC",86.0,2014-08-07,WARNDatabaseMasterExcluding2026.csv,C06.SI,kept,ok
NORTHROP GRUMMAN CORPORATION,423.0,2014-08-05,WARNDatabaseMasterExcluding2026.csv,NOC,kept,ok
"UNITED AIRLINES, INC.",233.0,2014-08-05,WARNDatabaseMasterExcluding2026.csv,UAL,kept,ok
BOEING COMPANY,158.0,2014-08-05,WARNDatabaseMasterExcluding2026.csv,BA,kept,ok
INTERFOR,87.0,2014-08-01,WARNDatabaseMasterExcluding2026.csv,IFSPF,kept,ok
UNITED AIRLINES,50.0,2014-08-01,WARNDatabaseMasterExcluding2026.csv,UAL,kept,ok
"HONEYWELL INTERNATIONAL, INC - EMS AVIATION",3.0,2014-08-01,WARNDatabaseMasterExcluding2026.csv,HON,kept,ok
"UNITED AIRLINES, INC.",71.0,2014-08-01,WARNDatabaseMasterExcluding2026.csv,UAL,kept,ok
INTUIT INC,120.0,2014-08-01,WARNDatabaseMasterExcluding2026.csv,INTU,kept,ok
INTUIT INC,7.0,2014-08-01,WARNDatabaseMasterExcluding2026.csv,INTU,kept,ok
IZZY+,204.0,2014-07-31,WARNDatabaseMasterExcluding2026.csv,IZZY-USD,kept,ok
"1-800-FLOWERS.COM, INC.",220.0,2014-07-31,WARNDatabaseMasterExcluding2026.csv,FLWS,kept,ok
SODEXO,58.0,2014-07-30,WARNDatabaseMasterExcluding2026.csv,SJ7.DU,kept,ok
3M,69.0,2014-07-29,WARNDatabaseMasterExcluding2026.csv,MMM,kept,ok
INTUIT INC.,65.0,2014-07-29,WARNDatabaseMasterExcluding2026.csv,INTU,kept,ok
BOEING COMPANY,35.0,2014-07-29,WARNDatabaseMasterExcluding2026.csv,BA,kept,ok
BOEING COMPANY,23.0,2014-07-29,WARNDatabaseMasterExcluding2026.csv,BA,kept,ok
INTUIT INC.,10.0,2014-07-29,WARNDatabaseMasterExcluding2026.csv,INTU,kept,ok
INTUIT INC.,7.0,2014-07-29,WARNDatabaseMasterExcluding2026.csv,INTU,kept,ok
BANK OF AMERICA,13.0,2014-07-28,WARNDatabaseMasterExcluding2026.csv,BAC,kept,ok
KROGER,80.0,2014-07-24,WARNDatabaseMasterExcluding2026.csv,KR,kept,ok
"CITIZENS BANK, N.A.",119.0,2014-07-23,WARNDatabaseMasterExcluding2026.csv,FC6A.SG,kept,ok
"KIOR, INC.",15.0,2014-07-23,WARNDatabaseMasterExcluding2026.csv,KPRX,kept,ok
BOEING COMPANY,3.0,2014-07-22,WARNDatabaseMasterExcluding2026.csv,BA,kept,ok
BOEING,95.0,2014-07-21,WARNDatabaseMasterExcluding2026.csv,BA,kept,ok
BOEING,66.0,2014-07-18,WARNDatabaseMasterExcluding2026.csv,BA,kept,ok
MICROSOFT,,2014-07-17,WARNDatabaseMasterExcluding2026.csv,MSFT,kept,ok
MICROSOFT CORPORATION,32.0,2014-07-17,WARNDatabaseMasterExcluding2026.csv,MSFT,kept,ok
INTUIT,159.0,2014-07-15,WARNDatabaseMasterExcluding2026.csv,ISRG,kept,ok
CORELOGIC,62.0,2014-07-15,WARNDatabaseMasterExcluding2026.csv,^SPCS20R,kept,ok
WEST CORPORATION,47.0,2014-07-12,WARNDatabaseMasterExcluding2026.csv,WLK,kept,ok
WEST CORPORATION,47.0,2014-07-12,WARNDatabaseMasterExcluding2026.csv,WLK,kept,ok
ADVANCE ENGINEERING,40.0,2014-07-11,WARNDatabaseMasterExcluding2026.csv,8110.TW,kept,ok
LOCKHEED MARTIN CORPORATION,25.0,2014-07-11,WARNDatabaseMasterExcluding2026.csv,LMT,kept,ok
CHARLES RIVER LABORATORIES,76.0,2014-07-09,WARNDatabaseMasterExcluding2026.csv,CRL,kept,ok
BROOKS AUTOMATION INC.,89.0,2014-07-07,WARNDatabaseMasterExcluding2026.csv,0HQ1.L,kept,ok
"UNITED AIRLINES, INC.",71.0,2014-07-03,WARNDatabaseMasterExcluding2026.csv,UAL,kept,ok
GENERAL DYNAMICS,153.0,2014-07-01,WARNDatabaseMasterExcluding2026.csv,GD,kept,ok
"KIOR, INC.",13.0,2014-07-01,WARNDatabaseMasterExcluding2026.csv,KPRX,kept,ok
,27.0,2014-07-01,WARNDatabaseMasterExcluding2026.csv,NAN,kept,ok
LOCKHEED MARTIN,11.0,2014-07-01,WARNDatabaseMasterExcluding2026.csv,LMT,kept,ok
"MERCK & CO., INC.",600.0,2014-07-01,WARNDatabaseMasterExcluding2026.csv,MRK,kept,ok
"U.S. AUTO PARTS NETWORK, INC./DISTRIBUTION",78.0,2014-06-30,WARNDatabaseMasterExcluding2026.csv,0P0000WN2R.L,kept,ok
WASTE MANAGEMENT,125.0,2014-06-27,WARNDatabaseMasterExcluding2026.csv,WM,kept,ok
LOCKHEED MARTIN CORPORATION,9.0,2014-06-27,WARNDatabaseMasterExcluding2026.csv,LMT,kept,ok
BAE SYSTEMS,150.0,2014-06-26,WARNDatabaseMasterExcluding2026.csv,BA.L,kept,ok
BANK OF AMERICA,158.0,2014-06-25,WARNDatabaseMasterExcluding2026.csv,BAC,kept,ok
BANK OF AMERICA,382.0,2014-06-25,WARNDatabaseMasterExcluding2026.csv,BAC,kept,ok
"SODEXO, INC.",73.0,2014-06-25,WARNDatabaseMasterExcluding2026.csv,SW.VI,kept,ok
CAPITAL ONE,750.0,2014-06-24,WARNDatabaseMasterExcluding2026.csv,COF,kept,ok
BOEING COMPANY,118.0,2014-06-24,WARNDatabaseMasterExcluding2026.csv,BA,kept,ok
BOEING COMPANY,189.0,2014-06-23,WARNDatabaseMasterExcluding2026.csv,BA,kept,ok
"THE RITZ-CARLTON, SAN FRANCISCO",86.0,2014-06-21,WARNDatabaseMasterExcluding2026.csv,BSFO,kept,ok
BOEING,17.0,2014-06-20,WARNDatabaseMasterExcluding2026.csv,BA,kept,ok
PENSKE,125.0,2014-06-20,WARNDatabaseMasterExcluding2026.csv,PAG,kept,ok
"SASSY, INC.",72.0,2014-06-20,WARNDatabaseMasterExcluding2026.csv,SSYRF,kept,ok
WELLS FARGO,52.0,2014-06-19,WARNDatabaseMasterExcluding2026.csv,WFC,kept,ok
BAE SYSTEMS,194.0,2014-06-18,WARNDatabaseMasterExcluding2026.csv,BA.L,kept,ok
OLD NATIONAL BANCORP,80.0,2014-06-17,WARNDatabaseMasterExcluding2026.csv,ONB,kept,ok
SODEXO,30.0,2014-06-16,WARNDatabaseMasterExcluding2026.csv,SJ7.DU,kept,ok
"KIOR, INC.",14.0,2014-06-16,WARNDatabaseMasterExcluding2026.csv,KPRX,kept,ok
HSBC,39.0,2014-06-15,WARNDatabaseMasterExcluding2026.csv,HSBC,kept,ok
"PFIZER, INC.",1.0,2014-06-12,WARNDatabaseMasterExcluding2026.csv,PFE,kept,ok
"SUPERTEX, INC.",19.0,2014-06-10,WARNDatabaseMasterExcluding2026.csv,SUPERTEX.BO,kept,ok
"MOTOROLA SOLUTIONS, INC.",45.0,2014-06-10,WARNDatabaseMasterExcluding2026.csv,MSI,kept,ok
LOCKHEED MARTIN CORPORATION,28.0,2014-06-10,WARNDatabaseMasterExcluding2026.csv,LMT,kept,ok
"SODEXO, INC.",57.0,2014-06-09,WARNDatabaseMasterExcluding2026.csv,SW.VI,kept,ok
BANK OF AMERICA,7.0,2014-06-09,WARNDatabaseMasterExcluding2026.csv,BAC,kept,ok
IPRO,97.0,2014-06-06,WARNDatabaseMasterExcluding2026.csv,IPRO.RO,kept,ok
IPRO,20.0,2014-06-06,WARNDatabaseMasterExcluding2026.csv,IPRO.RO,kept,ok
REGAL BELOIT,242.0,2014-06-05,WARNDatabaseMasterExcluding2026.csv,RBC,kept,ok
ARAMARK,82.0,2014-06-05,WARNDatabaseMasterExcluding2026.csv,ARMK,kept,ok
LOCKHEED MARTIN CORPORATION,11.0,2014-06-05,WARNDatabaseMasterExcluding2026.csv,LMT,kept,ok
"CONAGRA FOODS, INC.",130.0,2014-06-04,WARNDatabaseMasterExcluding2026.csv,CAG,kept,ok
AMGEN INC.,59.0,2014-06-04,WARNDatabaseMasterExcluding2026.csv,AMGN,kept,ok
LOCKHEED MARTIN CORPORATION,62.0,2014-06-02,WARNDatabaseMasterExcluding2026.csv,LMT,kept,ok
"NEXTAG, INC.",45.0,2014-06-02,WARNDatabaseMasterExcluding2026.csv,3186.T,kept,ok
"KID BRANDS, INC.",25.0,2014-06-01,WARNDatabaseMasterExcluding2026.csv,KIDBQ,kept,ok
"CATERPILLAR, INC.",250.0,2014-06-01,WARNDatabaseMasterExcluding2026.csv,CAT,kept,ok
LOCKHEED MARTIN,14.0,2014-06-01,WARNDatabaseMasterExcluding2026.csv,LMT,kept,ok
LOCKHEED MARTIN CORPORATION,86.0,2014-05-31,WARNDatabaseMasterExcluding2026.csv,LMT,kept,ok
BOEING COMPANY,4.0,2014-05-30,WARNDatabaseMasterExcluding2026.csv,BA,kept,ok
ADECCO GROUP,154.0,2014-05-30,WARNDatabaseMasterExcluding2026.csv,AHEXY,kept,ok
BOEING COMPANY,96.0,2014-05-30,WARNDatabaseMasterExcluding2026.csv,BA,kept,ok
"CITIZENS BANK, N.A.",125.0,2014-05-29,WARNDatabaseMasterExcluding2026.csv,FC6A.SG,kept,ok
ELECTRONIC ARTS INC.,69.0,2014-05-29,WARNDatabaseMasterExcluding2026.csv,EA,kept,ok
"JACOBSON STAFFING COMPANY, L.C.",390.0,2014-05-28,WARNDatabaseMasterExcluding2026.csv,LM5G.MU,kept,ok
BANK OF AMERICA,50.0,2014-05-28,WARNDatabaseMasterExcluding2026.csv,BAC,kept,ok
3D SYSTEMS,19.0,2014-05-27,WARNDatabaseMasterExcluding2026.csv,DDD,kept,ok
BANK OF AMERICA,22.0,2014-05-27,WARNDatabaseMasterExcluding2026.csv,BAC,kept,ok
LEVI STRAUSS & CO,196.0,2014-05-26,WARNDatabaseMasterExcluding2026.csv,LEVI,kept,ok
BOEING,68.0,2014-05-23,WARNDatabaseMasterExcluding2026.csv,BA,kept,ok
BANK OF AMERICA,5.0,2014-05-22,WARNDatabaseMasterExcluding2026.csv,BAC,kept,ok
"LAIKA, LLC",76.0,2014-05-19,WARNDatabaseMasterExcluding2026.csv,LKI-USD,kept,ok
SODEXO,45.0,2014-05-19,WARNDatabaseMasterExcluding2026.csv,SJ7.DU,kept,ok
INTUIT INC.,21.0,2014-05-19,WARNDatabaseMasterExcluding2026.csv,INTU,kept,ok
"APPLIED MATERIALS, INC. - GARRETT DRIVE",1.0,2014-05-18,WARNDatabaseMasterExcluding2026.csv,AMAT,kept,ok
"APPLIED MATERIALS, INC. -OAKMEAD VILLAGE DRIVE",2.0,2014-05-18,WARNDatabaseMasterExcluding2026.csv,AMAT,kept,ok
"APPLIED MATERIALS, INC.-SCOTT BOULEVARD",4.0,2014-05-18,WARNDatabaseMasterExcluding2026.csv,AMAT,kept,ok
"INTUIT, INC.",7.0,2014-05-15,WARNDatabaseMasterExcluding2026.csv,ISRG,kept,ok
THE HON COMPANY,188.0,2014-05-14,WARNDatabaseMasterExcluding2026.csv,HNST,kept,ok
ORMET,42.0,2014-05-13,WARNDatabaseMasterExcluding2026.csv,ORMTQ,kept,ok
URS,193.0,2014-05-13,WARNDatabaseMasterExcluding2026.csv,URSP,kept,ok
"AVAGO TECHNOLOGIES, LSI CORPORATION",86.0,2014-05-13,WARNDatabaseMasterExcluding2026.csv,AVGO,kept,ok
CSC,56.0,2014-05-12,WARNDatabaseMasterExcluding2026.csv,CSC=F,kept,ok
BANK OF AMERICA,30.0,2014-05-11,WARNDatabaseMasterExcluding2026.csv,BAC,kept,ok
"NETAPP, INC.",164.0,2014-05-11,WARNDatabaseMasterExcluding2026.csv,NTAP,kept,ok
COMMERCIAL VEHICLE GROUP INC.,120.0,2014-05-09,WARNDatabaseMasterExcluding2026.csv,CVGI,kept,ok
COMMERCIAL VEHICLE GROUP INC.,117.0,2014-05-09,WARNDatabaseMasterExcluding2026.csv,CVGI,kept,ok
"FUSE, MSG HOLDINGS, L.P.",8.0,2014-05-09,WARNDatabaseMasterExcluding2026.csv,FUSE,kept,ok
TRANSUNION,106.0,2014-05-07,WARNDatabaseMasterExcluding2026.csv,TRU,kept,ok
SODEXO,359.0,2014-05-06,WARNDatabaseMasterExcluding2026.csv,SJ7.DU,kept,ok
HONEYWELL AEROSPACE,40.0,2014-05-05,WARNDatabaseMasterExcluding2026.csv,HONAV,kept,ok
"FOLSOM CHRYSLER, JEEP, DODGE",95.0,2014-05-04,WARNDatabaseMasterExcluding2026.csv,DODGX,kept,ok
PERKINELMER,80.0,2014-05-02,WARNDatabaseMasterExcluding2026.csv,PKN.MU,kept,ok
BANK OF AMERICA,77.0,2014-05-02,WARNDatabaseMasterExcluding2026.csv,BAC,kept,ok
"FUSE, MSG HOLDINGS, L.P.",102.0,2014-05-02,WARNDatabaseMasterExcluding2026.csv,FUSE,kept,ok
BOSTON SCIENTIFIC CORPORATION,116.0,2014-05-02,WARNDatabaseMasterExcluding2026.csv,BSX,kept,ok
BAE SYSTEMS,172.0,2014-05-01,WARNDatabaseMasterExcluding2026.csv,BA.L,kept,ok
GENCO,126.0,2014-05-01,WARNDatabaseMasterExcluding2026.csv,GNK,kept,ok
ARAMARK,685.0,2014-05-01,WARNDatabaseMasterExcluding2026.csv,ARMK,kept,ok
BANK OF AMERICA,46.0,2014-05-01,WARNDatabaseMasterExcluding2026.csv,BAC,kept,ok
"JOHNSON CONTROLS, INC.",204.0,2014-05-01,WARNDatabaseMasterExcluding2026.csv,JCI,kept,ok
LOCKHEED MARTIN,20.0,2014-05-01,WARNDatabaseMasterExcluding2026.csv,LMT,kept,ok
"SUPERTEX, INC.",15.0,2014-05-01,WARNDatabaseMasterExcluding2026.csv,SUPERTEX.BO,kept,ok
"SODEXO, INC.",116.0,2014-05-01,WARNDatabaseMasterExcluding2026.csv,SW.VI,kept,ok
FORD MOTOR COMPANY,261.0,2014-04-30,WARNDatabaseMasterExcluding2026.csv,F,kept,ok
NATIONSTAR,50.0,2014-04-30,WARNDatabaseMasterExcluding2026.csv,002449.SZ,kept,ok
NATIONSTAR,50.0,2014-04-30,WARNDatabaseMasterExcluding2026.csv,002449.SZ,kept,ok
LEIDOS,93.0,2014-04-30,WARNDatabaseMasterExcluding2026.csv,LDOS,kept,ok
"RONALD R. WOLFE & ASSOCIATES, P.L.",116.0,2014-04-29,WARNDatabaseMasterExcluding2026.csv,BP,kept,ok
"AGILENT TECHNOLOGIES, INC.",70.0,2014-04-29,WARNDatabaseMasterExcluding2026.csv,A,kept,ok
IPRO,146.0,2014-04-28,WARNDatabaseMasterExcluding2026.csv,IPRO.RO,kept,ok
IPRO,25.0,2014-04-28,WARNDatabaseMasterExcluding2026.csv,IPRO.RO,kept,ok
HOWDEN,90.0,2014-04-25,WARNDatabaseMasterExcluding2026.csv,10J.F,kept,ok
MAGNA,73.0,2014-04-24,WARNDatabaseMasterExcluding2026.csv,MX,kept,ok
SODEXO,77.0,2014-04-22,WARNDatabaseMasterExcluding2026.csv,SJ7.DU,kept,ok
BOEING COMPANY,12.0,2014-04-21,WARNDatabaseMasterExcluding2026.csv,BA,kept,ok
JP MORGAN CHASE,179.0,2014-04-21,WARNDatabaseMasterExcluding2026.csv,JPM,kept,ok
BOEING,38.0,2014-04-18,WARNDatabaseMasterExcluding2026.csv,BA,kept,ok
KROGER COMPANY,62.0,2014-04-17,WARNDatabaseMasterExcluding2026.csv,KR,kept,ok
WELLS FARGO,71.0,2014-04-17,WARNDatabaseMasterExcluding2026.csv,WFC,kept,ok
PRO LOGISTICS,40.0,2014-04-10,WARNDatabaseMasterExcluding2026.csv,PROSPECT.BK,kept,ok
"PFIZER, INC.",2.0,2014-04-10,WARNDatabaseMasterExcluding2026.csv,PFE,kept,ok
BOEING COMPANY,7.0,2014-04-04,WARNDatabaseMasterExcluding2026.csv,BA,kept,ok
BOEING COMPANY,22.0,2014-04-04,WARNDatabaseMasterExcluding2026.csv,BA,kept,ok
BOEING COMPANY,34.0,2014-04-04,WARNDatabaseMasterExcluding2026.csv,BA,kept,ok
BOEING COMPANY,1.0,2014-04-04,WARNDatabaseMasterExcluding2026.csv,BA,kept,ok
BOEING COMPANY,44.0,2014-04-04,WARNDatabaseMasterExcluding2026.csv,BA,kept,ok
GAF,3.0,2014-04-04,WARNDatabaseMasterExcluding2026.csv,GAF8.MU,kept,ok
QUAD/GRAPHICS INC.,25.0,2014-04-03,WARNDatabaseMasterExcluding2026.csv,QUAD,kept,ok
BAE SYSTEMS,18.0,2014-04-01,WARNDatabaseMasterExcluding2026.csv,BA.L,kept,ok
LOCKHEED MARTIN,8.0,2014-04-01,WARNDatabaseMasterExcluding2026.csv,LMT,kept,ok
"NRG ENERGY, INC. TITUS GENERATING STATION",53.0,2014-04-01,WARNDatabaseMasterExcluding2026.csv,NRG,kept,ok
"UNITED AIRLINES, INC.",78.0,2014-04-01,WARNDatabaseMasterExcluding2026.csv,UAL,kept,ok
"UNITED AIRLINES, INC.",164.0,2014-04-01,WARNDatabaseMasterExcluding2026.csv,UAL,kept,ok
KENNAMETAL,88.0,2014-03-31,WARNDatabaseMasterExcluding2026.csv,KMT,kept,ok
SODEXO,115.0,2014-03-31,WARNDatabaseMasterExcluding2026.csv,SJ7.DU,kept,ok
AMERICAN EAGLE,62.0,2014-03-31,WARNDatabaseMasterExcluding2026.csv,AEO,kept,ok
ADOBE SYSTEMS INCORPORATED,25.0,2014-03-31,WARNDatabaseMasterExcluding2026.csv,ADBE,kept,ok
ADOBE SYSTEMS INCORPORATED,46.0,2014-03-31,WARNDatabaseMasterExcluding2026.csv,ADBE,kept,ok
"BRIDGEPOINT EDUCATION, INC.",15.0,2014-03-31,WARNDatabaseMasterExcluding2026.csv,BPI,kept,ok
"BRIDGEPOINT EDUCATION, INC.",33.0,2014-03-31,WARNDatabaseMasterExcluding2026.csv,BPI,kept,ok
LOCKHEED MARTIN,105.0,2014-03-31,WARNDatabaseMasterExcluding2026.csv,LMT,kept,ok
NORTHROP GRUMMAN CORPORATION,860.0,2014-03-31,WARNDatabaseMasterExcluding2026.csv,NOC,kept,ok
NATIONSTAR,50.0,2014-03-28,WARNDatabaseMasterExcluding2026.csv,002449.SZ,kept,ok
NATIONSTAR,50.0,2014-03-28,WARNDatabaseMasterExcluding2026.csv,002449.SZ,kept,ok
SAPUTO,60.0,2014-03-26,WARNDatabaseMasterExcluding2026.csv,SAP.TO,kept,ok
"MATTEL, INC.",128.0,2014-03-25,WARNDatabaseMasterExcluding2026.csv,MAT,kept,ok
HARTE HANKS,93.0,2014-03-24,WARNDatabaseMasterExcluding2026.csv,HHS,kept,ok
FEDERAL MOGUL,175.0,2014-03-21,WARNDatabaseMasterExcluding2026.csv,FMGOETZE.NS,kept,ok
BOEING,131.0,2014-03-21,WARNDatabaseMasterExcluding2026.csv,BA,kept,ok
HEINZ,198.0,2014-03-21,WARNDatabaseMasterExcluding2026.csv,KHC,kept,ok
BPSI,80.0,2014-03-21,WARNDatabaseMasterExcluding2026.csv,BPSIX,kept,ok
BOEING COMPANY,14.0,2014-03-21,WARNDatabaseMasterExcluding2026.csv,BA,kept,ok
BOEING COMPANY,2.0,2014-03-21,WARNDatabaseMasterExcluding2026.csv,BA,kept,ok
GAF,11.0,2014-03-21,WARNDatabaseMasterExcluding2026.csv,GAF8.MU,kept,ok
"USEC, INC.",,2014-03-19,WARNDatabaseMasterExcluding2026.csv,^ASIUEC40,kept,ok
SPRINT,453.0,2014-03-19,WARNDatabaseMasterExcluding2026.csv,688605.SS,kept,ok
SPRINT,170.0,2014-03-19,WARNDatabaseMasterExcluding2026.csv,688605.SS,kept,ok
SPRINT,477.0,2014-03-18,WARNDatabaseMasterExcluding2026.csv,688605.SS,kept,ok
CITIGROUP INC.,117.0,2014-03-18,WARNDatabaseMasterExcluding2026.csv,C,kept,ok
ARAMARK,197.0,2014-03-17,WARNDatabaseMasterExcluding2026.csv,ARMK,kept,ok
ENCORE CAPITAL GROUP,69.0,2014-03-17,WARNDatabaseMasterExcluding2026.csv,ECP.F,kept,ok
BAE SYSTEMS,196.0,2014-03-16,WARNDatabaseMasterExcluding2026.csv,BA.L,kept,ok
BANK OF AMERICA,9.0,2014-03-14,WARNDatabaseMasterExcluding2026.csv,BAC,kept,ok
"STEPS, INC.",110.0,2014-03-13,WARNDatabaseMasterExcluding2026.csv,STEP,kept,ok
"PHARMA PAC, LLC",84.0,2014-03-12,WARNDatabaseMasterExcluding2026.csv,603976.SS,kept,ok
"FRESENIUS MEDICAL CARE, NORTH AMERICA / KNOX BILLING GROUP",23.0,2014-03-11,WARNDatabaseMasterExcluding2026.csv,FMS,kept,ok
OLD NATIONAL BANCORP,41.0,2014-03-10,WARNDatabaseMasterExcluding2026.csv,ONB,kept,ok
OLD NATIONAL BANCORP,41.0,2014-03-10,WARNDatabaseMasterExcluding2026.csv,ONB,kept,ok
"LOGISTICS SERVICES, INC.",250.0,2014-03-10,WARNDatabaseMasterExcluding2026.csv,4263.SR,kept,ok
JPMORGAN CHASE,168.0,2014-03-10,WARNDatabaseMasterExcluding2026.csv,JPM,kept,ok
"PFIZER, INC.",6.0,2014-03-06,WARNDatabaseMasterExcluding2026.csv,PFE,kept,ok
SYKES,79.0,2014-03-01,WARNDatabaseMasterExcluding2026.csv,ASY.L,kept,ok
DOTS,96.0,2014-02-28,WARNDatabaseMasterExcluding2026.csv,DOTSOFT.AT,kept,ok
BOEING COMPANY,428.0,2014-02-28,WARNDatabaseMasterExcluding2026.csv,BA,kept,ok
"BI-LO, LLC",53.0,2014-02-28,WARNDatabaseMasterExcluding2026.csv,0HN5.L,kept,ok
"DOTS, LLC",43.0,2014-02-27,WARNDatabaseMasterExcluding2026.csv,DOTSOFT.AT,kept,ok
PARK INC.,234.0,2014-02-26,WARNDatabaseMasterExcluding2026.csv,WRBY,kept,ok
PEPSI,52.0,2014-02-25,WARNDatabaseMasterExcluding2026.csv,PEP,kept,ok
MAXIMUS,,2014-02-24,WARNDatabaseMasterExcluding2026.csv,MMS,kept,ok
BOEING,4.0,2014-02-21,WARNDatabaseMasterExcluding2026.csv,BA,kept,ok
BOEING,18.0,2014-02-21,WARNDatabaseMasterExcluding2026.csv,BA,kept,ok
BOEING,2.0,2014-02-21,WARNDatabaseMasterExcluding2026.csv,BA,kept,ok
GAF,2.0,2014-02-21,WARNDatabaseMasterExcluding2026.csv,GAF8.MU,kept,ok
SEARS,13.0,2014-02-20,WARNDatabaseMasterExcluding2026.csv,SRSCQ,kept,ok
SEARS,66.0,2014-02-20,WARNDatabaseMasterExcluding2026.csv,SRSCQ,kept,ok
"ALBERTSON'S, LLC",66.0,2014-02-20,WARNDatabaseMasterExcluding2026.csv,ACI,kept,ok
"ALBERTSON'S, LLC",75.0,2014-02-20,WARNDatabaseMasterExcluding2026.csv,ACI,kept,ok
"ALBERTSON'S, LLC",67.0,2014-02-20,WARNDatabaseMasterExcluding2026.csv,ACI,kept,ok
"ALBERTSON'S, LLC",66.0,2014-02-20,WARNDatabaseMasterExcluding2026.csv,ACI,kept,ok
"ALBERTSON'S, LLC",74.0,2014-02-20,WARNDatabaseMasterExcluding2026.csv,ACI,kept,ok
"ALBERTSON'S, LLC",92.0,2014-02-20,WARNDatabaseMasterExcluding2026.csv,ACI,kept,ok
"ALBERTSON'S, LLC",71.0,2014-02-20,WARNDatabaseMasterExcluding2026.csv,ACI,kept,ok
BOEING COMPANY,4.0,2014-02-19,WARNDatabaseMasterExcluding2026.csv,BA,kept,ok
"SECURITY NETWORKS, LLC",197.0,2014-02-19,WARNDatabaseMasterExcluding2026.csv,YSN.F,kept,ok
"PFIZER, INC.",44.0,2014-02-19,WARNDatabaseMasterExcluding2026.csv,PFE,kept,ok
BOEING,79.0,2014-02-18,WARNDatabaseMasterExcluding2026.csv,BA,kept,ok
BOEING,124.0,2014-02-14,WARNDatabaseMasterExcluding2026.csv,BA,kept,ok
GAF,6.0,2014-02-14,WARNDatabaseMasterExcluding2026.csv,GAF8.MU,kept,ok
BANK OF AMERICA,289.0,2014-02-13,WARNDatabaseMasterExcluding2026.csv,BAC,kept,ok
SPRINT,91.0,2014-02-11,WARNDatabaseMasterExcluding2026.csv,688605.SS,kept,ok
"HDA, INC. AND N-STORE MERCHANDISING, INC.",,2014-02-11,WARNDatabaseMasterExcluding2026.csv,X2HZ.DE,kept,ok
FEDERAL-MOGUL,95.0,2014-02-11,WARNDatabaseMasterExcluding2026.csv,FMGOETZE.NS,kept,ok
FEDERAL-MOGUL,95.0,2014-02-11,WARNDatabaseMasterExcluding2026.csv,FMGOETZE.NS,kept,ok
"HDA, INC. AND N-STORE MERCHANDISING, INC",156.0,2014-02-11,WARNDatabaseMasterExcluding2026.csv,X2HZ.DE,kept,ok
"HDA, INC/N_STORE MERCHANDISING",115.0,2014-02-10,WARNDatabaseMasterExcluding2026.csv,X2HZ.DE,kept,ok
"SECURITY NETWORKS, LLC",36.0,2014-02-10,WARNDatabaseMasterExcluding2026.csv,YSN.F,kept,ok
CHARLES RIVER LABORATORIES,84.0,2014-02-07,WARNDatabaseMasterExcluding2026.csv,CRL,kept,ok
ADOBE SYSTEMS INC,17.0,2014-02-07,WARNDatabaseMasterExcluding2026.csv,ADBE,kept,ok
ADOBE SYSTEMS INC,40.0,2014-02-07,WARNDatabaseMasterExcluding2026.csv,ADBE,kept,ok
BOEING COMPANY,3.0,2014-02-07,WARNDatabaseMasterExcluding2026.csv,BA,kept,ok
"HDA, INC AND N-STORE MERCHANDISING, INC",37.0,2014-02-04,WARNDatabaseMasterExcluding2026.csv,X2HZ.DE,kept,ok
BOEING COMPANY,3.0,2014-02-04,WARNDatabaseMasterExcluding2026.csv,BA,kept,ok
BOEING,9.0,2014-02-03,WARNDatabaseMasterExcluding2026.csv,BA,kept,ok
VERIZON,160.0,2014-02-03,WARNDatabaseMasterExcluding2026.csv,VZ,kept,ok
"HDA, INC. & N-STORE MERCHANDISING, INC.",20.0,2014-02-03,WARNDatabaseMasterExcluding2026.csv,X2HZ.DE,kept,ok
"HDA, INC. & N-STORE MERCHANDISING, INC.",20.0,2014-02-03,WARNDatabaseMasterExcluding2026.csv,X2HZ.DE,kept,ok
BOEING,18.0,2014-02-01,WARNDatabaseMasterExcluding2026.csv,BA,kept,ok
KERRY,42.0,2014-02-01,WARNDatabaseMasterExcluding2026.csv,KRZ.DU,kept,ok
MORTGAGE BANK,23.0,2014-02-01,WARNDatabaseMasterExcluding2026.csv,FH21.F,kept,ok
LOCKHEED MARTIN,18.0,2014-02-01,WARNDatabaseMasterExcluding2026.csv,LMT,kept,ok
"NRG ENERGY, INC. TITUS GENERATING STATION",43.0,2014-02-01,WARNDatabaseMasterExcluding2026.csv,NRG,kept,ok
COMCAST,141.0,2014-02-01,WARNDatabaseMasterExcluding2026.csv,CMCSA,kept,ok
"JOHNSON CONTROLS, INC.",203.0,2014-02-01,WARNDatabaseMasterExcluding2026.csv,JCI,kept,ok
"ASPLUNDH CONSTRUCTION, CORP.",83.0,2014-02-01,WARNDatabaseMasterExcluding2026.csv,SPCX,kept,ok
TARGET,117.0,2014-02-01,WARNDatabaseMasterExcluding2026.csv,TGT,kept,ok
LABCORP,1.0,2014-01-31,WARNDatabaseMasterExcluding2026.csv,LH,kept,ok
ELECTRONIC ARTS INC.,67.0,2014-01-30,WARNDatabaseMasterExcluding2026.csv,EA,kept,ok
LOCKHEED MARTIN CORP.,506.0,2014-01-29,WARNDatabaseMasterExcluding2026.csv,LMT,kept,ok
STAPLES,39.0,2014-01-29,WARNDatabaseMasterExcluding2026.csv,XAP=F,kept,ok
KIMBERLY CLARK,90.0,2014-01-28,WARNDatabaseMasterExcluding2026.csv,KMB,kept,ok
CONAGRA FOODS,261.0,2014-01-28,WARNDatabaseMasterExcluding2026.csv,CAG,kept,ok
MAGELLAN,247.0,2014-01-27,WARNDatabaseMasterExcluding2026.csv,FMAGX,kept,ok
BANK OF AMERICA,79.0,2014-01-24,WARNDatabaseMasterExcluding2026.csv,BAC,kept,ok
BOEING COMPANY,3.0,2014-01-24,WARNDatabaseMasterExcluding2026.csv,BA,kept,ok
BOEING COMPANY,25.0,2014-01-24,WARNDatabaseMasterExcluding2026.csv,BA,kept,ok
BOEING COMPANY,4.0,2014-01-24,WARNDatabaseMasterExcluding2026.csv,BA,kept,ok
ATHENE,204.0,2014-01-23,WARNDatabaseMasterExcluding2026.csv,ATHS,kept,ok
"LEXICON PHARMACEUTICALS, INC.",130.0,2014-01-22,WARNDatabaseMasterExcluding2026.csv,LXRX,kept,ok
BOEING,8.0,2014-01-21,WARNDatabaseMasterExcluding2026.csv,BA,kept,ok
BOEING COMPANY,1.0,2014-01-21,WARNDatabaseMasterExcluding2026.csv,BA,kept,ok
GAF,31.0,2014-01-20,WARNDatabaseMasterExcluding2026.csv,GAF8.MU,kept,ok
APPLIED MATERIALS INC,2.0,2014-01-19,WARNDatabaseMasterExcluding2026.csv,AMAT,kept,ok
APPLIED MATERIALS INC,2.0,2014-01-19,WARNDatabaseMasterExcluding2026.csv,AMAT,kept,ok
BOEING,82.0,2014-01-17,WARNDatabaseMasterExcluding2026.csv,BA,kept,ok
BAE SYSTEMS,200.0,2014-01-16,WARNDatabaseMasterExcluding2026.csv,BA.L,kept,ok
GE CAPITAL,89.0,2014-01-15,WARNDatabaseMasterExcluding2026.csv,CGEO.L,kept,ok
TELEPERFORMANCE,430.0,2014-01-15,WARNDatabaseMasterExcluding2026.csv,TEP.PA,kept,ok
ALTA RESOURCES,52.0,2014-01-15,WARNDatabaseMasterExcluding2026.csv,ARSEF,kept,ok
WELLS FARGO,9.0,2014-01-12,WARNDatabaseMasterExcluding2026.csv,WFC,kept,ok
CONAGRA FOODS,38.0,2014-01-10,WARNDatabaseMasterExcluding2026.csv,CAG,kept,ok
CONAGRA FOODS,38.0,2014-01-10,WARNDatabaseMasterExcluding2026.csv,CAG,kept,ok
"MOTOROLA SOLUTIONS, INC.",,2014-01-09,WARNDatabaseMasterExcluding2026.csv,MSI,kept,ok
MACY'S,92.0,2014-01-08,WARNDatabaseMasterExcluding2026.csv,M,kept,ok
MACYS,106.0,2014-01-08,WARNDatabaseMasterExcluding2026.csv,M,kept,ok
MACY'S,87.0,2014-01-08,WARNDatabaseMasterExcluding2026.csv,M,kept,ok
BOEING,49.0,2014-01-04,WARNDatabaseMasterExcluding2026.csv,BA,kept,ok
"CADENCE DESIGN SYSTEMS, INC.",60.0,2014-01-04,WARNDatabaseMasterExcluding2026.csv,CDNS,kept,ok
INTUIT INC,7.0,2014-01-03,WARNDatabaseMasterExcluding2026.csv,INTU,kept,ok
INTUIT INC,1.0,2014-01-03,WARNDatabaseMasterExcluding2026.csv,INTU,kept,ok
INTUIT INC,1.0,2014-01-03,WARNDatabaseMasterExcluding2026.csv,INTU,kept,ok
ALBERTSON'S,40.0,2014-01-02,WARNDatabaseMasterExcluding2026.csv,ACI,kept,ok
LOCKHEED MARTIN,12.0,2014-01-01,WARNDatabaseMasterExcluding2026.csv,LMT,kept,ok
MACY'S,69.0,2014-01-01,WARNDatabaseMasterExcluding2026.csv,M,kept,ok
UNILEVER,45.0,2014-01-01,WARNDatabaseMasterExcluding2026.csv,UL,kept,ok
BOEING,27.0,2014-01-01,WARNDatabaseMasterExcluding2026.csv,BA,kept,ok
BOEING,51.0,2014-01-01,WARNDatabaseMasterExcluding2026.csv,BA,kept,ok
BOEING,27.0,2014-01-01,WARNDatabaseMasterExcluding2026.csv,BA,kept,ok
SCE&G,67.0,2013-12-31,WARNDatabaseMasterExcluding2026.csv,1966.HK,kept,ok
AMGEN INC,68.0,2013-12-31,WARNDatabaseMasterExcluding2026.csv,AMGN,kept,ok
LABCORP,6.0,2013-12-31,WARNDatabaseMasterExcluding2026.csv,LH,kept,ok
LOCKHEED MARTIN,70.0,2013-12-31,WARNDatabaseMasterExcluding2026.csv,LMT,kept,ok
LOCKHEED MARTIN,70.0,2013-12-31,WARNDatabaseMasterExcluding2026.csv,LMT,kept,ok
METLIFE,53.0,2013-12-31,WARNDatabaseMasterExcluding2026.csv,MET,kept,ok
ELECTRONIC ARTS INC,59.0,2013-12-30,WARNDatabaseMasterExcluding2026.csv,EA,kept,ok
FIRST NATIONAL BANK,18.0,2013-12-27,WARNDatabaseMasterExcluding2026.csv,FBAK,kept,ok
BOEING,11.0,2013-12-23,WARNDatabaseMasterExcluding2026.csv,BA,kept,ok
BANK OF AMERICA,37.0,2013-12-22,WARNDatabaseMasterExcluding2026.csv,BAC,kept,ok
BANK OF AMERICA,110.0,2013-12-22,WARNDatabaseMasterExcluding2026.csv,BAC,kept,ok
BANK OF AMERICA,108.0,2013-12-22,WARNDatabaseMasterExcluding2026.csv,BAC,kept,ok
BOEING,121.0,2013-12-20,WARNDatabaseMasterExcluding2026.csv,BA,kept,ok
PHARMA PAC,75.0,2013-12-20,WARNDatabaseMasterExcluding2026.csv,603976.SS,kept,ok
TRW,585.0,2013-12-18,WARNDatabaseMasterExcluding2026.csv,TRWAX,kept,ok
"LOEHMANN'S, INC. (CORPORATE)",123.0,2013-12-17,WARNDatabaseMasterExcluding2026.csv,0P0001FKM7.TO,kept,ok
FIRST NATIONAL BANK,11.0,2013-12-16,WARNDatabaseMasterExcluding2026.csv,FBAK,kept,ok
WELLS FARGO,1.0,2013-12-15,WARNDatabaseMasterExcluding2026.csv,WFC,kept,ok
WELLS FARGO,21.0,2013-12-15,WARNDatabaseMasterExcluding2026.csv,WFC,kept,ok
WELLS FARGO,24.0,2013-12-15,WARNDatabaseMasterExcluding2026.csv,WFC,kept,ok
WELLS FARGO,1.0,2013-12-15,WARNDatabaseMasterExcluding2026.csv,WFC,kept,ok
BOEING COMPANY,1.0,2013-12-13,WARNDatabaseMasterExcluding2026.csv,BA,kept,ok
BOEING COMPANY,19.0,2013-12-13,WARNDatabaseMasterExcluding2026.csv,BA,kept,ok
BOEING COMPANY,11.0,2013-12-13,WARNDatabaseMasterExcluding2026.csv,BA,kept,ok
"AMERICAN AMBULETTE & AMBULANCE SWERVICE, INC. (""AAA"")",,2013-12-11,WARNDatabaseMasterExcluding2026.csv,GWSVX,kept,ok
FLSMIDTH,46.0,2013-12-11,WARNDatabaseMasterExcluding2026.csv,FLS.CO,kept,ok
WORTHINGTON INDUSTRIES,54.0,2013-12-10,WARNDatabaseMasterExcluding2026.csv,WOR,kept,ok
"SECURITY NETWORKS, LLC",178.0,2013-12-10,WARNDatabaseMasterExcluding2026.csv,YSN.F,kept,ok
LABCORP,84.0,2013-12-07,WARNDatabaseMasterExcluding2026.csv,LH,kept,ok
INTERNATIONAL PAPER COMPANY,3.0,2013-12-02,WARNDatabaseMasterExcluding2026.csv,IP,kept,ok
THYSSENKRUPP,50.0,2013-12-01,WARNDatabaseMasterExcluding2026.csv,TKA.DE,kept,ok
HEALTHCARE SERVICES GROUP,33.0,2013-12-01,WARNDatabaseMasterExcluding2026.csv,HS1.SG,kept,ok
CB&I,30.0,2013-12-01,WARNDatabaseMasterExcluding2026.csv,^TNX,kept,ok
MERCK,152.0,2013-12-01,WARNDatabaseMasterExcluding2026.csv,MRK,kept,ok
MCDONALDS,55.0,2013-12-01,WARNDatabaseMasterExcluding2026.csv,MCD,kept,ok
PILGRIM'S PRIDE,1154.0,2013-11-26,WARNDatabaseMasterExcluding2026.csv,PPC,kept,ok
BOEING,71.0,2013-11-25,WARNDatabaseMasterExcluding2026.csv,BA,kept,ok
BOEING COMPANY,1.0,2013-11-25,WARNDatabaseMasterExcluding2026.csv,BA,kept,ok
BANK OF AMERICA,82.0,2013-11-22,WARNDatabaseMasterExcluding2026.csv,BAC,kept,ok
BOEING,162.0,2013-11-22,WARNDatabaseMasterExcluding2026.csv,BA,kept,ok
BOEING COMPANY,1.0,2013-11-22,WARNDatabaseMasterExcluding2026.csv,BA,kept,ok
BOEING COMPANY,5.0,2013-11-22,WARNDatabaseMasterExcluding2026.csv,BA,kept,ok
BOEING COMPANY,14.0,2013-11-22,WARNDatabaseMasterExcluding2026.csv,BA,kept,ok
BOEING COMPANY,2.0,2013-11-22,WARNDatabaseMasterExcluding2026.csv,BA,kept,ok
INTERNATIONAL PAPER COMPANY,3.0,2013-11-22,WARNDatabaseMasterExcluding2026.csv,IP,kept,ok
"QUAD/GRAPHICS, INC",88.0,2013-11-22,WARNDatabaseMasterExcluding2026.csv,QUAD,kept,ok
SRP,60.0,2013-11-21,WARNDatabaseMasterExcluding2026.csv,SRPT,kept,ok
APPLIED MATERIALS,1.0,2013-11-20,WARNDatabaseMasterExcluding2026.csv,AMAT,kept,ok
"APPLIED MATERIALS, INC. - AUSTIN4",2.0,2013-11-20,WARNDatabaseMasterExcluding2026.csv,AMAT,kept,ok
BAE SYSTEMS,155.0,2013-11-19,WARNDatabaseMasterExcluding2026.csv,BA.L,kept,ok
SPRINT,17.0,2013-11-18,WARNDatabaseMasterExcluding2026.csv,688605.SS,kept,ok
"APPLIED MATERIALS, INC",3.0,2013-11-17,WARNDatabaseMasterExcluding2026.csv,AMAT,kept,ok
"APPLIED MATERIALS, INC",6.0,2013-11-17,WARNDatabaseMasterExcluding2026.csv,AMAT,kept,ok
"APPLIED MATERIALS, INC",4.0,2013-11-17,WARNDatabaseMasterExcluding2026.csv,AMAT,kept,ok
"APPLIED MATERIALS, INC",11.0,2013-11-17,WARNDatabaseMasterExcluding2026.csv,AMAT,kept,ok
"APPLIED MATERIALS, INC",4.0,2013-11-17,WARNDatabaseMasterExcluding2026.csv,AMAT,kept,ok
"APPLIED MATERIALS, INC",8.0,2013-11-17,WARNDatabaseMasterExcluding2026.csv,AMAT,kept,ok
"APPLIED MATERIALS, INC",5.0,2013-11-17,WARNDatabaseMasterExcluding2026.csv,AMAT,kept,ok
LABCORP,42.0,2013-11-16,WARNDatabaseMasterExcluding2026.csv,LH,kept,ok
WELLS FARGO,9.0,2013-11-16,WARNDatabaseMasterExcluding2026.csv,WFC,kept,ok
WELLS FARGO,2.0,2013-11-16,WARNDatabaseMasterExcluding2026.csv,WFC,kept,ok
INTERNATIONAL PAPER COMPANY,2.0,2013-11-14,WARNDatabaseMasterExcluding2026.csv,IP,kept,ok
CCA,298.0,2013-11-13,WARNDatabaseMasterExcluding2026.csv,CAWW,kept,ok
"SODEXO, INC.",187.0,2013-11-13,WARNDatabaseMasterExcluding2026.csv,SW.VI,kept,ok
"DYNCORP INTERNATIONAL, LLC ""DI""",,2013-11-12,WARNDatabaseMasterExcluding2026.csv,AARTCXX,kept,ok
THOMSON REUTERS,308.0,2013-11-12,WARNDatabaseMasterExcluding2026.csv,TRI,kept,ok
"JELD-WEN, INC.",109.0,2013-11-12,WARNDatabaseMasterExcluding2026.csv,0JW.F,kept,ok
INTUIT INC,10.0,2013-11-11,WARNDatabaseMasterExcluding2026.csv,INTU,kept,ok
INTUIT INC,1.0,2013-11-11,WARNDatabaseMasterExcluding2026.csv,INTU,kept,ok
INTUIT INC,3.0,2013-11-11,WARNDatabaseMasterExcluding2026.csv,INTU,kept,ok
COMCAST,84.0,2013-11-07,WARNDatabaseMasterExcluding2026.csv,CMCSA,kept,ok
BOEING,39.0,2013-11-06,WARNDatabaseMasterExcluding2026.csv,BA,kept,ok
BOEING,39.0,2013-11-06,WARNDatabaseMasterExcluding2026.csv,BA,kept,ok
VGS,,2013-11-05,WARNDatabaseMasterExcluding2026.csv,VGSLX,kept,ok
VGS,,2013-11-05,WARNDatabaseMasterExcluding2026.csv,VGSLX,kept,ok
TARGET,82.0,2013-11-05,WARNDatabaseMasterExcluding2026.csv,TGT,kept,ok
THE BON TON STORES INC.,73.0,2013-11-05,WARNDatabaseMasterExcluding2026.csv,BONTQ,kept,ok
TARGET,80.0,2013-11-04,WARNDatabaseMasterExcluding2026.csv,TGT,kept,ok
KBR,73.0,2013-11-04,WARNDatabaseMasterExcluding2026.csv,KBR,kept,ok
SIGNET,284.0,2013-11-04,WARNDatabaseMasterExcluding2026.csv,SIG,kept,ok
BOEING,65.0,2013-11-01,WARNDatabaseMasterExcluding2026.csv,BA,kept,ok
BANK OF AMERICA,136.0,2013-11-01,WARNDatabaseMasterExcluding2026.csv,BAC,kept,ok
CATERPILLAR,41.0,2013-11-01,WARNDatabaseMasterExcluding2026.csv,CAT,kept,ok
BANK OF AMERICA,8.0,2013-11-01,WARNDatabaseMasterExcluding2026.csv,BAC,kept,ok
IRON MOUNTAIN,150.0,2013-11-01,WARNDatabaseMasterExcluding2026.csv,IRM,kept,ok
ATK,75.0,2013-10-31,WARNDatabaseMasterExcluding2026.csv,IWIRX,kept,ok
GENERAL DYNAMICS,23.0,2013-10-31,WARNDatabaseMasterExcluding2026.csv,GD,kept,ok
HONEYWELL,47.0,2013-10-30,WARNDatabaseMasterExcluding2026.csv,HON,kept,ok
BANK OF AMERICA,59.0,2013-10-25,WARNDatabaseMasterExcluding2026.csv,BAC,kept,ok
BOEING COMPANY,19.0,2013-10-25,WARNDatabaseMasterExcluding2026.csv,BA,kept,ok
BOEING COMPANY,31.0,2013-10-25,WARNDatabaseMasterExcluding2026.csv,BA,kept,ok
BOEING COMPANY,30.0,2013-10-25,WARNDatabaseMasterExcluding2026.csv,BA,kept,ok
"PFIZER, INC.",31.0,2013-10-22,WARNDatabaseMasterExcluding2026.csv,PFE,kept,ok
"NRG ENERGY, INC.",4.0,2013-10-21,WARNDatabaseMasterExcluding2026.csv,NRG,kept,ok
WELLS FARGO,120.0,2013-10-20,WARNDatabaseMasterExcluding2026.csv,WFC,kept,ok
WELLS FARGO,64.0,2013-10-20,WARNDatabaseMasterExcluding2026.csv,WFC,kept,ok
WELLS FARGO,64.0,2013-10-20,WARNDatabaseMasterExcluding2026.csv,WFC,kept,ok
WELLS FARGO,217.0,2013-10-20,WARNDatabaseMasterExcluding2026.csv,WFC,kept,ok
LABCORP,24.0,2013-10-19,WARNDatabaseMasterExcluding2026.csv,LH,kept,ok
CISCO SYSTEMS INC,899.0,2013-10-18,WARNDatabaseMasterExcluding2026.csv,CSCO,kept,ok
BOEING,200.0,2013-10-15,WARNDatabaseMasterExcluding2026.csv,BA,kept,ok
BOEING,200.0,2013-10-15,WARNDatabaseMasterExcluding2026.csv,BA,kept,ok
BOEING COMPANY,7.0,2013-10-14,WARNDatabaseMasterExcluding2026.csv,BA,kept,ok
BOEING,22.0,2013-10-11,WARNDatabaseMasterExcluding2026.csv,BA,kept,ok
US FOODS,84.0,2013-10-11,WARNDatabaseMasterExcluding2026.csv,USFD,kept,ok
WASTE MANAGEMENT,67.0,2013-10-10,WARNDatabaseMasterExcluding2026.csv,WM,kept,ok
CHESAPEAKE ENERGY,60.0,2013-10-09,WARNDatabaseMasterExcluding2026.csv,US1651677353.SG,kept,ok
"MOTOROLA SOLUTIONS, INC.",42.0,2013-10-08,WARNDatabaseMasterExcluding2026.csv,MSI,kept,ok
US FOODS,176.0,2013-10-03,WARNDatabaseMasterExcluding2026.csv,USFD,kept,ok
GLAXOSMITHKLINE,165.0,2013-10-01,WARNDatabaseMasterExcluding2026.csv,GLAXO.NS,kept,ok
"BAE SYSTEMS, NAS - WHITING FIELD, MILTON, PENSACOLA",289.0,2013-10-01,WARNDatabaseMasterExcluding2026.csv,BA.L,kept,ok
"NRG ENERGY, INC. TITUS GENERATING STATION",43.0,2013-10-01,WARNDatabaseMasterExcluding2026.csv,NRG,kept,ok
"BAE SYSTEMS, INC. LAND AND ARMAMENTS",78.0,2013-10-01,WARNDatabaseMasterExcluding2026.csv,BA.L,kept,ok
"MERCK & CO., INC.",500.0,2013-10-01,WARNDatabaseMasterExcluding2026.csv,MRK,kept,ok
DTT,64.0,2013-10-01,WARNDatabaseMasterExcluding2026.csv,DTT.F,kept,ok
"STMICROELECTRONICS, INC.",52.0,2013-10-01,WARNDatabaseMasterExcluding2026.csv,STM,kept,ok
"NORTHROP GRUMMAN, INFORMATION SYSTEMS SECTOR, INTELLIGENCE SYSTEMS DIVISION",52.0,2013-09-30,WARNDatabaseMasterExcluding2026.csv,NOC,kept,ok
LOCKHEED MARTIN CORPORATION,163.0,2013-09-30,WARNDatabaseMasterExcluding2026.csv,LMT,kept,ok
COMCAST,87.0,2013-09-28,WARNDatabaseMasterExcluding2026.csv,CMCSA,kept,ok
"CUMMINS WEST, INCL",11.0,2013-09-28,WARNDatabaseMasterExcluding2026.csv,^716566-USD-STRD,kept,ok
"CUMMINS WEST, INCL",60.0,2013-09-28,WARNDatabaseMasterExcluding2026.csv,^716566-USD-STRD,kept,ok
"DIEBOLD, INC.",8.0,2013-09-27,WARNDatabaseMasterExcluding2026.csv,DBD,kept,ok
DUKE ENERGY,24.0,2013-09-27,WARNDatabaseMasterExcluding2026.csv,DUK,kept,ok
ECO INTERNATIONAL,82.0,2013-09-27,WARNDatabaseMasterExcluding2026.csv,0255.KL,kept,ok
BOEING COMPANY,3.0,2013-09-27,WARNDatabaseMasterExcluding2026.csv,BA,kept,ok
BOEING COMPANY,1.0,2013-09-27,WARNDatabaseMasterExcluding2026.csv,BA,kept,ok
JPMORGAN CHASE,31.0,2013-09-24,WARNDatabaseMasterExcluding2026.csv,JPM,kept,ok
"DILLARD'S, INC.-PLANO",101.0,2013-09-24,WARNDatabaseMasterExcluding2026.csv,DDS,kept,ok
JP MORGAN CHASE,372.0,2013-09-24,WARNDatabaseMasterExcluding2026.csv,JPM,kept,ok
MORTGAGE BANK,186.0,2013-09-24,WARNDatabaseMasterExcluding2026.csv,FH21.F,kept,ok
MORTGAGE BANK,10.0,2013-09-24,WARNDatabaseMasterExcluding2026.csv,FH21.F,kept,ok
BOEING,266.0,2013-09-23,WARNDatabaseMasterExcluding2026.csv,BA,kept,ok
BOEING,266.0,2013-09-23,WARNDatabaseMasterExcluding2026.csv,BA,kept,ok
SPRINT,54.0,2013-09-23,WARNDatabaseMasterExcluding2026.csv,688605.SS,kept,ok
JPMORGAN CHASE & CO.,7.0,2013-09-23,WARNDatabaseMasterExcluding2026.csv,JPM,kept,ok
JPMORGAN CHASE & CO.,7.0,2013-09-23,WARNDatabaseMasterExcluding2026.csv,JPM,kept,ok
BAE SYSTEMS,165.0,2013-09-23,WARNDatabaseMasterExcluding2026.csv,BA.L,kept,ok
"INTUIT, INC.",3.0,2013-09-23,WARNDatabaseMasterExcluding2026.csv,ISRG,kept,ok
"INTUIT, INC.",1.0,2013-09-23,WARNDatabaseMasterExcluding2026.csv,ISRG,kept,ok
"INTUIT, INC.",28.0,2013-09-23,WARNDatabaseMasterExcluding2026.csv,ISRG,kept,ok
"INTUIT, INC.",5.0,2013-09-23,WARNDatabaseMasterExcluding2026.csv,ISRG,kept,ok
"INTUIT,INC.",10.0,2013-09-23,WARNDatabaseMasterExcluding2026.csv,ISRG,kept,ok
RYDER,108.0,2013-09-23,WARNDatabaseMasterExcluding2026.csv,R,kept,ok
BOEING,58.0,2013-09-20,WARNDatabaseMasterExcluding2026.csv,BA,kept,ok
COMPASS GROUP,108.0,2013-09-20,WARNDatabaseMasterExcluding2026.csv,XGR.F,kept,ok
"ARROW ELECTRONICS, INC.-AUSTIN",60.0,2013-09-20,WARNDatabaseMasterExcluding2026.csv,ARW,kept,ok
INTERNATIONAL PAPER COMPANY,98.0,2013-09-20,WARNDatabaseMasterExcluding2026.csv,IP,kept,ok
WELLS FARGO,17.0,2013-09-19,WARNDatabaseMasterExcluding2026.csv,WFC,kept,ok
"APPLIED MATERIALS, INC. - AUSTIN4",7.0,2013-09-18,WARNDatabaseMasterExcluding2026.csv,AMAT,kept,ok
APPLIED MATERIALS,13.0,2013-09-18,WARNDatabaseMasterExcluding2026.csv,AMAT,kept,ok
FIRST ADVANTAGE,113.0,2013-09-17,WARNDatabaseMasterExcluding2026.csv,FA,kept,ok
"PFIZER, INC.",70.0,2013-09-13,WARNDatabaseMasterExcluding2026.csv,PFE,kept,ok
"GOOGLE, INC (RANSTAD'S TEMP EES)",84.0,2013-09-13,WARNDatabaseMasterExcluding2026.csv,GOOG,kept,ok
FLUOR,184.0,2013-09-12,WARNDatabaseMasterExcluding2026.csv,FLR,kept,ok
FLUOR CORPORATION,121.0,2013-09-12,WARNDatabaseMasterExcluding2026.csv,FLR,kept,ok
ARAMARK,70.0,2013-09-10,WARNDatabaseMasterExcluding2026.csv,ARMK,kept,ok
ADECCO GROUP,75.0,2013-09-10,WARNDatabaseMasterExcluding2026.csv,AHEXY,kept,ok
ARAMARK,201.0,2013-09-09,WARNDatabaseMasterExcluding2026.csv,ARMK,kept,ok
SPRINT,161.0,2013-09-09,WARNDatabaseMasterExcluding2026.csv,688605.SS,kept,ok
SPRINT,161.0,2013-09-09,WARNDatabaseMasterExcluding2026.csv,688605.SS,kept,ok
DISH,51.0,2013-09-09,WARNDatabaseMasterExcluding2026.csv,DISHTV.NS,kept,ok
INTUIT INC.,14.0,2013-09-09,WARNDatabaseMasterExcluding2026.csv,INTU,kept,ok
INTUIT INC.,29.0,2013-09-09,WARNDatabaseMasterExcluding2026.csv,INTU,kept,ok
INTUIT INC.,21.0,2013-09-09,WARNDatabaseMasterExcluding2026.csv,INTU,kept,ok
INTUIT INC.,3.0,2013-09-09,WARNDatabaseMasterExcluding2026.csv,INTU,kept,ok
INTUIT INC.,65.0,2013-09-09,WARNDatabaseMasterExcluding2026.csv,INTU,kept,ok
NORTHROP GRUMMAN,332.0,2013-09-06,WARNDatabaseMasterExcluding2026.csv,NOC,kept,ok
"LIVE NATION ENTERTAINMENT, INC.",506.0,2013-09-06,WARNDatabaseMasterExcluding2026.csv,LYV,kept,ok
JABIL,615.0,2013-09-05,WARNDatabaseMasterExcluding2026.csv,JBL,kept,ok
HUNTINGTON INGALLS,623.0,2013-09-04,WARNDatabaseMasterExcluding2026.csv,HII,kept,ok
STRATEGIC RESOURCES INC.,207.0,2013-09-03,WARNDatabaseMasterExcluding2026.csv,IDR,kept,ok
STRATEGIC RESOURCES INC.,207.0,2013-09-03,WARNDatabaseMasterExcluding2026.csv,IDR,kept,ok
HEALTHCARE SERVICES GROUP,150.0,2013-09-01,WARNDatabaseMasterExcluding2026.csv,HS1.SG,kept,ok
SODEXO,80.0,2013-09-01,WARNDatabaseMasterExcluding2026.csv,SJ7.DU,kept,ok
CAPITAL ONE,53.0,2013-09-01,WARNDatabaseMasterExcluding2026.csv,COF,kept,ok
CITIZENS BANK,86.0,2013-09-01,WARNDatabaseMasterExcluding2026.csv,FC6A.SG,kept,ok
BANK OF AMERICA,543.0,2013-08-31,WARNDatabaseMasterExcluding2026.csv,BAC,kept,ok
"ONEWEST BANK, FSB",102.0,2013-08-31,WARNDatabaseMasterExcluding2026.csv,9377.KL,kept,ok
"ONEWEST BANK, FSB",78.0,2013-08-31,WARNDatabaseMasterExcluding2026.csv,9377.KL,kept,ok
BANK OF AMERICA,997.0,2013-08-30,WARNDatabaseMasterExcluding2026.csv,BAC,kept,ok
BANK OF AMERICA,98.0,2013-08-30,WARNDatabaseMasterExcluding2026.csv,BAC,kept,ok
BANK OF AMERICA,53.0,2013-08-30,WARNDatabaseMasterExcluding2026.csv,BAC,kept,ok
BANK OF AMERICA,152.0,2013-08-30,WARNDatabaseMasterExcluding2026.csv,BAC,kept,ok
"SODEXO, INC.",41.0,2013-08-30,WARNDatabaseMasterExcluding2026.csv,SW.VI,kept,ok
"APPLIED MATERIALS, INC.",1.0,2013-08-30,WARNDatabaseMasterExcluding2026.csv,AMAT,kept,ok
"APPLIED MATERIALS, INC.",2.0,2013-08-30,WARNDatabaseMasterExcluding2026.csv,AMAT,kept,ok
"APPLIED MATERIALS, INC.",2.0,2013-08-30,WARNDatabaseMasterExcluding2026.csv,AMAT,kept,ok
BANK OF AMERICA,65.0,2013-08-29,WARNDatabaseMasterExcluding2026.csv,BAC,kept,ok
BANK OF AMERICA,50.0,2013-08-29,WARNDatabaseMasterExcluding2026.csv,BAC,kept,ok
BOEING COMPANY,7.0,2013-08-26,WARNDatabaseMasterExcluding2026.csv,BA,kept,ok
SPRINT,56.0,2013-08-26,WARNDatabaseMasterExcluding2026.csv,688605.SS,kept,ok
WELLS FARGO,841.0,2013-08-23,WARNDatabaseMasterExcluding2026.csv,WFC,kept,ok
BOEING,43.0,2013-08-23,WARNDatabaseMasterExcluding2026.csv,BA,kept,ok
THE BOEING COMPANY,3.0,2013-08-23,WARNDatabaseMasterExcluding2026.csv,BA,kept,ok
THE BOEING COMPANY,8.0,2013-08-23,WARNDatabaseMasterExcluding2026.csv,BA,kept,ok
WELLS FARGO,95.0,2013-08-22,WARNDatabaseMasterExcluding2026.csv,WFC,kept,ok
"BRIDGEPOINT EDUCATION, INC.",47.0,2013-08-19,WARNDatabaseMasterExcluding2026.csv,BPI,kept,ok
BELK,33.0,2013-08-15,WARNDatabaseMasterExcluding2026.csv,BELKA39917-USD,kept,ok
GENERAL DYNAMICS,31.0,2013-08-14,WARNDatabaseMasterExcluding2026.csv,GD,kept,ok
INTERNATIONAL BUSINESS MACHINES CORPORATION,71.0,2013-08-12,WARNDatabaseMasterExcluding2026.csv,IBM,kept,ok
INTERNATIONAL BUSINESS MACHINES CORPORATION,64.0,2013-08-12,WARNDatabaseMasterExcluding2026.csv,IBM,kept,ok
INTERNATIONAL BUSINESS MACHINES CORPORATION,68.0,2013-08-12,WARNDatabaseMasterExcluding2026.csv,IBM,kept,ok
MORTGAGE BANK,208.0,2013-08-09,WARNDatabaseMasterExcluding2026.csv,FH21.F,kept,ok
CITIGROUP INC.,36.0,2013-08-09,WARNDatabaseMasterExcluding2026.csv,C,kept,ok
ORMET,901.0,2013-08-08,WARNDatabaseMasterExcluding2026.csv,ORMTQ,kept,ok
WELLS FARGO,155.0,2013-08-08,WARNDatabaseMasterExcluding2026.csv,WFC,kept,ok
"SODEXO, INC.",128.0,2013-08-08,WARNDatabaseMasterExcluding2026.csv,SW.VI,kept,ok
LOCKHEED MARTIN CORP.,2.0,2013-08-06,WARNDatabaseMasterExcluding2026.csv,LMT,kept,ok
AARP,73.0,2013-08-01,WARNDatabaseMasterExcluding2026.csv,AARPLXX,kept,ok
TAKASAGO,80.0,2013-08-01,WARNDatabaseMasterExcluding2026.csv,1969.T,kept,ok
J P MORGAN CHASE,42.0,2013-08-01,WARNDatabaseMasterExcluding2026.csv,JPM-PM,kept,ok
BASF,25.0,2013-08-01,WARNDatabaseMasterExcluding2026.csv,BAS.DE,kept,ok
"BENECARD, PBF, INC.",48.0,2013-08-01,WARNDatabaseMasterExcluding2026.csv,PBF,kept,ok
"NRG ENERGY, INC.",28.0,2013-08-01,WARNDatabaseMasterExcluding2026.csv,NRG,kept,ok
CHEVRON,394.0,2013-08-01,WARNDatabaseMasterExcluding2026.csv,CVX,kept,ok
ENTERGY,80.0,2013-07-31,WARNDatabaseMasterExcluding2026.csv,ETR,kept,ok
BAE SYSTEMS,109.0,2013-07-31,WARNDatabaseMasterExcluding2026.csv,BA.L,kept,ok
"MOTOROLA SOLUTIONS, INC.",42.0,2013-07-30,WARNDatabaseMasterExcluding2026.csv,MSI,kept,ok
BOEING,3.0,2013-07-29,WARNDatabaseMasterExcluding2026.csv,BA,kept,ok
BOEING,3.0,2013-07-29,WARNDatabaseMasterExcluding2026.csv,BA,kept,ok
INTUIT INC.,6.0,2013-07-29,WARNDatabaseMasterExcluding2026.csv,INTU,kept,ok
INTUIT INC.,1.0,2013-07-29,WARNDatabaseMasterExcluding2026.csv,INTU,kept,ok
INTUIT INC.,2.0,2013-07-29,WARNDatabaseMasterExcluding2026.csv,INTU,kept,ok
BOEING,143.0,2013-07-25,WARNDatabaseMasterExcluding2026.csv,BA,kept,ok
BOEING,143.0,2013-07-25,WARNDatabaseMasterExcluding2026.csv,BA,kept,ok
ARROW ELECTRONICS,54.0,2013-07-23,WARNDatabaseMasterExcluding2026.csv,ARW,kept,ok
BOEING COMPANY,14.0,2013-07-23,WARNDatabaseMasterExcluding2026.csv,BA,kept,ok
"MVM, INC.",106.0,2013-07-22,WARNDatabaseMasterExcluding2026.csv,MVM7PTR.VI,kept,ok
"MVM, INC.",,2013-07-22,WARNDatabaseMasterExcluding2026.csv,MVM7PTR.VI,kept,ok
"MVM, INC.",,2013-07-22,WARNDatabaseMasterExcluding2026.csv,MVM7PTR.VI,kept,ok
"MVM, INC.",,2013-07-22,WARNDatabaseMasterExcluding2026.csv,MVM7PTR.VI,kept,ok
BOEING,55.0,2013-07-19,WARNDatabaseMasterExcluding2026.csv,BA,kept,ok
THE BOEING COMPANY,9.0,2013-07-19,WARNDatabaseMasterExcluding2026.csv,BA,kept,ok
THE BOEING COMPANY,96.0,2013-07-19,WARNDatabaseMasterExcluding2026.csv,BA,kept,ok
THE BOEING COMPANY,16.0,2013-07-19,WARNDatabaseMasterExcluding2026.csv,BA,kept,ok
THE BOEING COMPANY,15.0,2013-07-19,WARNDatabaseMasterExcluding2026.csv,BA,kept,ok
THE BOEING COMPANY,2.0,2013-07-19,WARNDatabaseMasterExcluding2026.csv,BA,kept,ok
FLAGSTAR BANK,324.0,2013-07-18,WARNDatabaseMasterExcluding2026.csv,FLG,kept,ok
JELD WEN,71.0,2013-07-17,WARNDatabaseMasterExcluding2026.csv,0JW.F,kept,ok
SMITHFIELD,156.0,2013-07-16,WARNDatabaseMasterExcluding2026.csv,SFD,kept,ok
"NETAPP, INC.",235.0,2013-07-16,WARNDatabaseMasterExcluding2026.csv,NTAP,kept,ok
BANK OF AMERICA,53.0,2013-07-15,WARNDatabaseMasterExcluding2026.csv,BAC,kept,ok
"FEDEX FREIGHT, INC.",65.0,2013-07-13,WARNDatabaseMasterExcluding2026.csv,FDXF,kept,ok
"FEDEX FREIGHT, INC.",54.0,2013-07-13,WARNDatabaseMasterExcluding2026.csv,FDXF,kept,ok
SEARS,71.0,2013-07-11,WARNDatabaseMasterExcluding2026.csv,SRSCQ,kept,ok
INTUIT,229.0,2013-07-10,WARNDatabaseMasterExcluding2026.csv,ISRG,kept,ok
"PFIZER, INC.",4.0,2013-07-09,WARNDatabaseMasterExcluding2026.csv,PFE,kept,ok
BAE SYSTEMS,81.0,2013-07-06,WARNDatabaseMasterExcluding2026.csv,BA.L,kept,ok
HEALTH NET,33.0,2013-07-05,WARNDatabaseMasterExcluding2026.csv,MAHN,kept,ok
"MOTOROLA SOLUTIONS, INC.",56.0,2013-07-02,WARNDatabaseMasterExcluding2026.csv,MSI,kept,ok
SOLARWORLD,1.0,2013-07-02,WARNDatabaseMasterExcluding2026.csv,SOLARWORLD.BO,kept,ok
SOLARWORLD,100.0,2013-07-02,WARNDatabaseMasterExcluding2026.csv,SOLARWORLD.BO,kept,ok
DUKE ENERGY,2.0,2013-07-02,WARNDatabaseMasterExcluding2026.csv,DUK,kept,ok
MERCK,113.0,2013-07-01,WARNDatabaseMasterExcluding2026.csv,MRK,kept,ok
BANK OF AMERICA,209.0,2013-07-01,WARNDatabaseMasterExcluding2026.csv,BAC,kept,ok
CITIZENS BANK,87.0,2013-07-01,WARNDatabaseMasterExcluding2026.csv,FC6A.SG,kept,ok
LOCKHEED MARTIN CORP.,2.0,2013-06-30,WARNDatabaseMasterExcluding2026.csv,LMT,kept,ok
"BLACKBAUD, INC",101.0,2013-06-30,WARNDatabaseMasterExcluding2026.csv,BLKB,kept,ok
LOCKHEED MARTIN CORPORATION,100.0,2013-06-30,WARNDatabaseMasterExcluding2026.csv,LMT,kept,ok
"CONAGRA FOODS, INC.",50.0,2013-06-28,WARNDatabaseMasterExcluding2026.csv,CAG,kept,ok
WEATHERFORD,63.0,2013-06-28,WARNDatabaseMasterExcluding2026.csv,WFRD,kept,ok
BOEING,266.0,2013-06-25,WARNDatabaseMasterExcluding2026.csv,BA,kept,ok
BOEING COMPANY,34.0,2013-06-24,WARNDatabaseMasterExcluding2026.csv,BA,kept,ok
BOEING,40.0,2013-06-21,WARNDatabaseMasterExcluding2026.csv,BA,kept,ok
THE BOEING COMPANY,5.0,2013-06-21,WARNDatabaseMasterExcluding2026.csv,BA,kept,ok
SODEXO,0.0,2013-06-18,WARNDatabaseMasterExcluding2026.csv,SJ7.DU,kept,ok
"SODEXO, INC. (AT MERRILL LYNCH)",32.0,2013-06-14,WARNDatabaseMasterExcluding2026.csv,SJ7.DU,kept,ok
"COCA-COLA BOTTLING COMPANY , INC (SAC)",56.0,2013-06-14,WARNDatabaseMasterExcluding2026.csv,0P0001POPH.L,kept,ok
LENNOX,,2013-06-13,WARNDatabaseMasterExcluding2026.csv,LII,kept,ok
LENNOX,,2013-06-13,WARNDatabaseMasterExcluding2026.csv,LII,kept,ok
DANA CORPORATION,37.0,2013-06-10,WARNDatabaseMasterExcluding2026.csv,DHR,kept,ok
ELECTRONIC ARTS INC,65.0,2013-06-10,WARNDatabaseMasterExcluding2026.csv,EA,kept,ok
MORTGAGE BANK,435.0,2013-06-07,WARNDatabaseMasterExcluding2026.csv,FH21.F,kept,ok
JPMORGAN CHASE & CO.,84.0,2013-06-06,WARNDatabaseMasterExcluding2026.csv,JPM,kept,ok
AARP,18.0,2013-06-05,WARNDatabaseMasterExcluding2026.csv,AARPLXX,kept,ok
MORTGAGE BANK,573.0,2013-06-04,WARNDatabaseMasterExcluding2026.csv,FH21.F,kept,ok
DUKE ENERGY,8.0,2013-06-03,WARNDatabaseMasterExcluding2026.csv,DUK,kept,ok
BAE SYSTEMS,137.0,2013-06-03,WARNDatabaseMasterExcluding2026.csv,BA.L,kept,ok
"CITIBANK, N.A.",153.0,2013-06-03,WARNDatabaseMasterExcluding2026.csv,C,kept,ok
CHEVRON,6.0,2013-06-01,WARNDatabaseMasterExcluding2026.csv,CVX,kept,ok
RICOH,70.0,2013-05-31,WARNDatabaseMasterExcluding2026.csv,8566.T,kept,ok
ASTRAZENECA,,2013-05-31,WARNDatabaseMasterExcluding2026.csv,AZN,kept,ok
"SODEXO, INC.",121.0,2013-05-28,WARNDatabaseMasterExcluding2026.csv,SW.VI,kept,ok
"CISCO SYSTEMS, INC",182.0,2013-05-28,WARNDatabaseMasterExcluding2026.csv,CSCO,kept,ok
THE BOEING COMPANY,11.0,2013-05-27,WARNDatabaseMasterExcluding2026.csv,BA,kept,ok
THE BOEING COMPANY,45.0,2013-05-27,WARNDatabaseMasterExcluding2026.csv,BA,kept,ok
THE BOEING COMPANY,7.0,2013-05-27,WARNDatabaseMasterExcluding2026.csv,BA,kept,ok
NORTHROP GRUMMAN,58.0,2013-05-24,WARNDatabaseMasterExcluding2026.csv,NOC,kept,ok
MACY'S,58.0,2013-05-24,WARNDatabaseMasterExcluding2026.csv,M,kept,ok
BOEING,253.0,2013-05-21,WARNDatabaseMasterExcluding2026.csv,BA,kept,ok
"MOTOROLA SOLUTIONS, INC.",56.0,2013-05-21,WARNDatabaseMasterExcluding2026.csv,MSI,kept,ok
"MOTOROLA SOLUTIONS, INC.",60.0,2013-05-21,WARNDatabaseMasterExcluding2026.csv,MSI,kept,ok
BOEING COMPANY,11.0,2013-05-20,WARNDatabaseMasterExcluding2026.csv,BA,kept,ok
"AFFYMAX, INC",227.0,2013-05-18,WARNDatabaseMasterExcluding2026.csv,AFFY,kept,ok
BOEING,61.0,2013-05-17,WARNDatabaseMasterExcluding2026.csv,BA,kept,ok
COMCAST,145.0,2013-05-16,WARNDatabaseMasterExcluding2026.csv,CMCSA,kept,ok
COMCAST,159.0,2013-05-16,WARNDatabaseMasterExcluding2026.csv,CMCSA,kept,ok
COMCAST,53.0,2013-05-16,WARNDatabaseMasterExcluding2026.csv,CMCSA,kept,ok
"DIEBOLD, INC.",52.0,2013-05-13,WARNDatabaseMasterExcluding2026.csv,DBD,kept,ok
APPLIED MATERIALS INC,3.0,2013-05-12,WARNDatabaseMasterExcluding2026.csv,AMAT,kept,ok
APPLIED MATERIALS INC,4.0,2013-05-12,WARNDatabaseMasterExcluding2026.csv,AMAT,kept,ok
APPLIED MATERIALS INC,1.0,2013-05-12,WARNDatabaseMasterExcluding2026.csv,AMAT,kept,ok
APPLIED MATERIALS INC,1.0,2013-05-12,WARNDatabaseMasterExcluding2026.csv,AMAT,kept,ok
PACIFIC GAS & ELECTRIC,1.0,2013-05-10,WARNDatabaseMasterExcluding2026.csv,PCG,kept,ok
PACIFIC GAS & ELECTRIC,1.0,2013-05-10,WARNDatabaseMasterExcluding2026.csv,PCG,kept,ok
PACIFIC GAS & ELECTRIC,1.0,2013-05-10,WARNDatabaseMasterExcluding2026.csv,PCG,kept,ok
PACIFIC GAS & ELECTRIC,1.0,2013-05-10,WARNDatabaseMasterExcluding2026.csv,PCG,kept,ok
PACIFIC GAS & ELECTRIC,1.0,2013-05-10,WARNDatabaseMasterExcluding2026.csv,PCG,kept,ok
PACIFIC GAS & ELECTRIC,1.0,2013-05-10,WARNDatabaseMasterExcluding2026.csv,PCG,kept,ok
PACIFIC GAS & ELECTRIC,2.0,2013-05-10,WARNDatabaseMasterExcluding2026.csv,PCG,kept,ok
PACIFIC GAS & ELECTRIC,1.0,2013-05-10,WARNDatabaseMasterExcluding2026.csv,PCG,kept,ok
PACIFIC GAS & ELECTRIC,52.0,2013-05-10,WARNDatabaseMasterExcluding2026.csv,PCG,kept,ok
PACIFIC GAS & ELECTRIC,3.0,2013-05-10,WARNDatabaseMasterExcluding2026.csv,PCG,kept,ok
PACIFIC GAS & ELECTRIC,1.0,2013-05-10,WARNDatabaseMasterExcluding2026.csv,PCG,kept,ok
PACIFIC GAS & ELECTRIC,1.0,2013-05-10,WARNDatabaseMasterExcluding2026.csv,PCG,kept,ok
PACIFIC GAS & ELECTRIC,1.0,2013-05-10,WARNDatabaseMasterExcluding2026.csv,PCG,kept,ok
EPIC,328.0,2013-05-08,WARNDatabaseMasterExcluding2026.csv,4847.KL,kept,ok
PFIZER,80.0,2013-05-08,WARNDatabaseMasterExcluding2026.csv,PFE,kept,ok
ING,50.0,2013-05-07,WARNDatabaseMasterExcluding2026.csv,ING,kept,ok
ING,50.0,2013-05-07,WARNDatabaseMasterExcluding2026.csv,ING,kept,ok
COMCAST,260.0,2013-05-07,WARNDatabaseMasterExcluding2026.csv,CMCSA,kept,ok
THE BOEING COMPANY,10.0,2013-05-03,WARNDatabaseMasterExcluding2026.csv,BA,kept,ok
THE BOEING COMPANY,19.0,2013-05-03,WARNDatabaseMasterExcluding2026.csv,BA,kept,ok
THE BOEING COMPANY,11.0,2013-05-03,WARNDatabaseMasterExcluding2026.csv,BA,kept,ok
SODEXO,134.0,2013-05-02,WARNDatabaseMasterExcluding2026.csv,SJ7.DU,kept,ok
"ASE, INC. - RESCINDED",57.0,2013-05-02,WARNDatabaseMasterExcluding2026.csv,ASX,kept,ok
LEADING EDGE,82.0,2013-05-01,WARNDatabaseMasterExcluding2026.csv,LEMIF,kept,ok
PVH CORP.,422.0,2013-05-01,WARNDatabaseMasterExcluding2026.csv,PVH,kept,ok
"SODEXO, INC. LAFAYETTE COLLEGE",170.0,2013-05-01,WARNDatabaseMasterExcluding2026.csv,SW.PA,kept,ok
INTERNATIONAL PAPER COMPANY,136.0,2013-05-01,WARNDatabaseMasterExcluding2026.csv,IP,kept,ok
OVATIONS,539.0,2013-04-30,WARNDatabaseMasterExcluding2026.csv,INOH,kept,ok
"SODEXO, INC.",55.0,2013-04-30,WARNDatabaseMasterExcluding2026.csv,SW.VI,kept,ok
DUKE ENERGY,58.0,2013-04-30,WARNDatabaseMasterExcluding2026.csv,DUK,kept,ok
"UNION BANK, N.A.",72.0,2013-04-30,WARNDatabaseMasterExcluding2026.csv,UIO.F,kept,ok
LENNOX,,2013-04-29,WARNDatabaseMasterExcluding2026.csv,LII,kept,ok
LENNOX,,2013-04-29,WARNDatabaseMasterExcluding2026.csv,LII,kept,ok
BARCLAYS CAPITAL INC.,1.0,2013-04-29,WARNDatabaseMasterExcluding2026.csv,^DJP-IV,kept,ok
ALTA RESOURCES,113.0,2013-04-28,WARNDatabaseMasterExcluding2026.csv,ARSEF,kept,ok
ACLARA,79.0,2013-04-26,WARNDatabaseMasterExcluding2026.csv,ARA.TO,kept,ok
"MOTOROLA SOLUTIONS, INC. REPAIR AND ORDER MANAGEMENT",50.0,2013-04-25,WARNDatabaseMasterExcluding2026.csv,MSI,kept,ok
BOEING,99.0,2013-04-23,WARNDatabaseMasterExcluding2026.csv,BA,kept,ok
"MARRIOTT INTERNATIONAL, INC.",,2013-04-22,WARNDatabaseMasterExcluding2026.csv,MAR,kept,ok
"MARRIOTT INTERNATIONAL, INC.",,2013-04-22,WARNDatabaseMasterExcluding2026.csv,MAR,kept,ok
"MARRIOTT INTERNATIONAL, INC.",300.0,2013-04-22,WARNDatabaseMasterExcluding2026.csv,MAR,kept,ok
BOEING COMPANY,39.0,2013-04-22,WARNDatabaseMasterExcluding2026.csv,BA,kept,ok
"CISCO SYSTEMS, INC",11.0,2013-04-22,WARNDatabaseMasterExcluding2026.csv,CSCO,kept,ok
BOEING,29.0,2013-04-19,WARNDatabaseMasterExcluding2026.csv,BA,kept,ok
BOEING COMPANY,35.0,2013-04-19,WARNDatabaseMasterExcluding2026.csv,BA,kept,ok
"SODEXO, INC",93.0,2013-04-19,WARNDatabaseMasterExcluding2026.csv,SJ7.DU,kept,ok
BI-LO,130.0,2013-04-17,WARNDatabaseMasterExcluding2026.csv,0HN5.L,kept,ok
"GENERAL MOTORS, SPRING HILL MANUFACTURING",75.0,2013-04-16,WARNDatabaseMasterExcluding2026.csv,GM,kept,ok
"SODEXO, INC.",179.0,2013-04-16,WARNDatabaseMasterExcluding2026.csv,SW.VI,kept,ok
"BELDEN, INC.",173.0,2013-04-10,WARNDatabaseMasterExcluding2026.csv,BDC,kept,ok
ALCO,126.0,2013-04-09,WARNDatabaseMasterExcluding2026.csv,ALCO,kept,ok
BAE SYSTEMS,120.0,2013-04-09,WARNDatabaseMasterExcluding2026.csv,BA.L,kept,ok
BOEING,939.0,2013-04-08,WARNDatabaseMasterExcluding2026.csv,BA,kept,ok
"3M, DBA CERADYNE ACO (CERADYNE, INC.)",93.0,2013-04-08,WARNDatabaseMasterExcluding2026.csv,MMM,kept,ok
"LOGISTICS SERVICES, INC.",0.0,2013-04-08,WARNDatabaseMasterExcluding2026.csv,4263.SR,kept,ok
HSBC,75.0,2013-04-06,WARNDatabaseMasterExcluding2026.csv,HSBC,kept,ok
LAB CORP.,61.0,2013-04-05,WARNDatabaseMasterExcluding2026.csv,RKLB,kept,ok
TE CONNECTIVITY,116.0,2013-04-05,WARNDatabaseMasterExcluding2026.csv,TEL,kept,ok
THE BOEING COMPANY,3.0,2013-04-05,WARNDatabaseMasterExcluding2026.csv,BA,kept,ok
THE BOEING COMPANY,18.0,2013-04-05,WARNDatabaseMasterExcluding2026.csv,BA,kept,ok
THE BOEING COMPANY,2.0,2013-04-05,WARNDatabaseMasterExcluding2026.csv,BA,kept,ok
BANK OF AMERICA,57.0,2013-04-02,WARNDatabaseMasterExcluding2026.csv,BAC,kept,ok
BANK OF AMERICA,469.0,2013-04-01,WARNDatabaseMasterExcluding2026.csv,BAC,kept,ok
GENERAL DYNAMICS,191.0,2013-04-01,WARNDatabaseMasterExcluding2026.csv,GD,kept,ok
"SCHOOL SPECIALTY, INC.",148.0,2013-04-01,WARNDatabaseMasterExcluding2026.csv,SCOO,kept,ok
BANK OF AMERICA,1320.0,2013-04-01,WARNDatabaseMasterExcluding2026.csv,BAC,kept,ok
"NORTHROP GRUMMAN, INFORMATION SYSTEMS, INTELLIGENCE SYSTEMS DIVISION",10.0,2013-03-31,WARNDatabaseMasterExcluding2026.csv,NOC,kept,ok
LAM RESEARCH CORPORATION,34.0,2013-03-29,WARNDatabaseMasterExcluding2026.csv,LRCX,kept,ok
LAM RESEARCH CORPORATION,4.0,2013-03-29,WARNDatabaseMasterExcluding2026.csv,LRCX,kept,ok
LAM RESEARCH CORPORATION,3.0,2013-03-29,WARNDatabaseMasterExcluding2026.csv,LRCX,kept,ok
"WOODWARD, INC",14.0,2013-03-29,WARNDatabaseMasterExcluding2026.csv,WWD,kept,ok
"CONTROL DEVICES, LLC",5.0,2013-03-28,WARNDatabaseMasterExcluding2026.csv,SCDL.BO,kept,ok
LOCKHEED MARTIN,59.0,2013-03-28,WARNDatabaseMasterExcluding2026.csv,LMT,kept,ok
LOCKHEED MARTIN CORPORATION,63.0,2013-03-28,WARNDatabaseMasterExcluding2026.csv,LMT,kept,ok
TECHNICOLOR,50.0,2013-03-28,WARNDatabaseMasterExcluding2026.csv,TNM2.DU,kept,ok
"PFIZER, INC.",34.0,2013-03-26,WARNDatabaseMasterExcluding2026.csv,PFE,kept,ok
ABERCROMBIE & FITCH,82.0,2013-03-26,WARNDatabaseMasterExcluding2026.csv,ANF,kept,ok
BOEING COMPANY,17.0,2013-03-25,WARNDatabaseMasterExcluding2026.csv,BA,kept,ok
TEXAS INSTRUMENTS INCORPORATED,57.0,2013-03-23,WARNDatabaseMasterExcluding2026.csv,TXN,kept,ok
BOEING,70.0,2013-03-22,WARNDatabaseMasterExcluding2026.csv,BA,kept,ok
SAIC,150.0,2013-03-22,WARNDatabaseMasterExcluding2026.csv,SAIC,kept,ok
"SCOLARO, SHULMAN, COHEN, FETTER & BURSTEIN, PC (PRIMARY OFFICE)",50.0,2013-03-22,WARNDatabaseMasterExcluding2026.csv,COHN,kept,ok
"SCOLARO, SHULMAN, COHEN, FETTER & BURSTEIN, PC (SATELLITE OFFICE)",2.0,2013-03-22,WARNDatabaseMasterExcluding2026.csv,COHN,kept,ok
THE BOEING COMPANY,2.0,2013-03-22,WARNDatabaseMasterExcluding2026.csv,BA,kept,ok
THE BOEING COMPANY,11.0,2013-03-22,WARNDatabaseMasterExcluding2026.csv,BA,kept,ok
THE BOEING COMPANY,23.0,2013-03-22,WARNDatabaseMasterExcluding2026.csv,BA,kept,ok
MEDLINE,40.0,2013-03-21,WARNDatabaseMasterExcluding2026.csv,MDLN,kept,ok
EQUIFAX INC.,136.0,2013-03-20,WARNDatabaseMasterExcluding2026.csv,EFX,kept,ok
GENERAL ELECTRIC COMPANY,103.0,2013-03-19,WARNDatabaseMasterExcluding2026.csv,GE,kept,ok
ENERGIZER,123.0,2013-03-18,WARNDatabaseMasterExcluding2026.csv,ENR,kept,ok
MACY'S,109.0,2013-03-18,WARNDatabaseMasterExcluding2026.csv,M,kept,ok
RAYTHEON,224.0,2013-03-13,WARNDatabaseMasterExcluding2026.csv,^RTX,kept,ok
FEDERAL MOGUL,107.0,2013-03-12,WARNDatabaseMasterExcluding2026.csv,FMGOETZE.NS,kept,ok
"SONOCO PRODUCTS, CONSUMER DIVISION",34.0,2013-03-12,WARNDatabaseMasterExcluding2026.csv,SON,kept,ok
"SODEXO, INC",130.0,2013-03-11,WARNDatabaseMasterExcluding2026.csv,SJ7.DU,kept,ok
"MVM, INC.",78.0,2013-03-08,WARNDatabaseMasterExcluding2026.csv,MVM7PTR.VI,kept,ok
SERCO,,2013-03-07,WARNDatabaseMasterExcluding2026.csv,5388.TW,kept,ok
INOVA,438.0,2013-03-07,WARNDatabaseMasterExcluding2026.csv,300124.SZ,kept,ok
"SERCO, INC.",250.0,2013-03-06,WARNDatabaseMasterExcluding2026.csv,5388.TW,kept,ok
GENCO,72.0,2013-03-02,WARNDatabaseMasterExcluding2026.csv,GNK,kept,ok
LOCKHEED MARTIN CORP.,3.0,2013-03-01,WARNDatabaseMasterExcluding2026.csv,LMT,kept,ok
MORGAN STANLEY,95.0,2013-03-01,WARNDatabaseMasterExcluding2026.csv,MS,kept,ok
NBTY,225.0,2013-03-01,WARNDatabaseMasterExcluding2026.csv,NBTYX,kept,ok
COMPUTERSHARE,58.0,2013-03-01,WARNDatabaseMasterExcluding2026.csv,CMSQY,kept,ok
"PFIZER, INC.",10.0,2013-03-01,WARNDatabaseMasterExcluding2026.csv,PFE,kept,ok
LENNOX,30.0,2013-02-28,WARNDatabaseMasterExcluding2026.csv,LII,kept,ok
LENNOX,30.0,2013-02-28,WARNDatabaseMasterExcluding2026.csv,LII,kept,ok
TE CONNECTIVITY,664.0,2013-02-25,WARNDatabaseMasterExcluding2026.csv,TEL,kept,ok
THE BOEING COMPANY,1.0,2013-02-22,WARNDatabaseMasterExcluding2026.csv,BA,kept,ok
THE BOEING COMPANY,10.0,2013-02-22,WARNDatabaseMasterExcluding2026.csv,BA,kept,ok
THE BOEING COMPANY,2.0,2013-02-22,WARNDatabaseMasterExcluding2026.csv,BA,kept,ok
THE BOEING COMPANY,7.0,2013-02-22,WARNDatabaseMasterExcluding2026.csv,BA,kept,ok
BOEING COMPANY,1.0,2013-02-20,WARNDatabaseMasterExcluding2026.csv,BA,kept,ok
BOEING,36.0,2013-02-15,WARNDatabaseMasterExcluding2026.csv,BA,kept,ok
ARAMARK,110.0,2013-02-15,WARNDatabaseMasterExcluding2026.csv,ARMK,kept,ok
APPLIED MATERIALS,1.0,2013-02-13,WARNDatabaseMasterExcluding2026.csv,AMAT,kept,ok
APPLIED MATERIALS,21.0,2013-02-13,WARNDatabaseMasterExcluding2026.csv,AMAT,kept,ok
APPLIED MATERIALS,21.0,2013-02-13,WARNDatabaseMasterExcluding2026.csv,AMAT,kept,ok
APPLIED MATERIALS,3.0,2013-02-13,WARNDatabaseMasterExcluding2026.csv,AMAT,kept,ok
APPLIED MATERIALS,9.0,2013-02-13,WARNDatabaseMasterExcluding2026.csv,AMAT,kept,ok
APPLIED MATERIALS,11.0,2013-02-13,WARNDatabaseMasterExcluding2026.csv,AMAT,kept,ok
APPLIED MATERIALS,34.0,2013-02-13,WARNDatabaseMasterExcluding2026.csv,AMAT,kept,ok
ALBERTSONS,62.0,2013-02-10,WARNDatabaseMasterExcluding2026.csv,ACI,kept,ok
"SUNCOKE ENERGY, INC. (JEWELL COAL MINE)",51.0,2013-02-08,WARNDatabaseMasterExcluding2026.csv,SXC,kept,ok
BAE SYSTEMS,169.0,2013-02-08,WARNDatabaseMasterExcluding2026.csv,BA.L,kept,ok
HSBC,164.0,2013-02-07,WARNDatabaseMasterExcluding2026.csv,HSBC,kept,ok
BARCLAYS CAPITAL INC.,11.0,2013-02-06,WARNDatabaseMasterExcluding2026.csv,^DJP-IV,kept,ok
BARCLAYS CAPITAL INC.,227.0,2013-02-06,WARNDatabaseMasterExcluding2026.csv,^DJP-IV,kept,ok
BARCLAYS CAPITAL INC.,78.0,2013-02-06,WARNDatabaseMasterExcluding2026.csv,^DJP-IV,kept,ok
ALBERTSONS,56.0,2013-02-06,WARNDatabaseMasterExcluding2026.csv,ACI,kept,ok
ALBERTSONS,56.0,2013-02-06,WARNDatabaseMasterExcluding2026.csv,ACI,kept,ok
INTERNATIONAL PAPER COMPANY,19.0,2013-02-05,WARNDatabaseMasterExcluding2026.csv,IP,kept,ok
"HDA, INC. AND N-STORE MERCHANDISING, INC.",,2013-02-04,WARNDatabaseMasterExcluding2026.csv,X2HZ.DE,kept,ok
LOCKHEED MARTIN CORP.,1.0,2013-02-01,WARNDatabaseMasterExcluding2026.csv,LMT,kept,ok
BOEING,5.0,2013-02-01,WARNDatabaseMasterExcluding2026.csv,BA,kept,ok
M & T BANK,356.0,2013-02-01,WARNDatabaseMasterExcluding2026.csv,MTB,kept,ok
NRG ENERGY,11.0,2013-02-01,WARNDatabaseMasterExcluding2026.csv,NRG,kept,ok
"PRIMOS, INC.",18.0,2013-02-01,WARNDatabaseMasterExcluding2026.csv,S2626.MC,kept,ok
TELEPERFORMANCE,261.0,2013-02-01,WARNDatabaseMasterExcluding2026.csv,TEP.PA,kept,ok
EATON CORP,63.0,2013-01-30,WARNDatabaseMasterExcluding2026.csv,ETN,kept,ok
SEARS,91.0,2013-01-30,WARNDatabaseMasterExcluding2026.csv,SRSCQ,kept,ok
CEMEX,79.0,2013-01-29,WARNDatabaseMasterExcluding2026.csv,CEMEX,kept,ok
BANK OF AMERICA,51.0,2013-01-29,WARNDatabaseMasterExcluding2026.csv,BAC,kept,ok
BANK OF AMERICA,61.0,2013-01-29,WARNDatabaseMasterExcluding2026.csv,BAC,kept,ok
BANK OF AMERICA,51.0,2013-01-29,WARNDatabaseMasterExcluding2026.csv,BAC,kept,ok
UNION BANK,175.0,2013-01-29,WARNDatabaseMasterExcluding2026.csv,UIO.F,kept,ok
"ENERGIZER HOLDINGS, INC.",290.0,2013-01-28,WARNDatabaseMasterExcluding2026.csv,ENR,kept,ok
ABERCROMBIE & FITCH,62.0,2013-01-26,WARNDatabaseMasterExcluding2026.csv,ANF,kept,ok
TOYS-R-US,30.0,2013-01-26,WARNDatabaseMasterExcluding2026.csv,TOYRF,kept,ok
SERCO,82.0,2013-01-25,WARNDatabaseMasterExcluding2026.csv,5388.TW,kept,ok
THE BOEING COMPANY,1.0,2013-01-25,WARNDatabaseMasterExcluding2026.csv,BA,kept,ok
THE BOEING COMPANY,17.0,2013-01-25,WARNDatabaseMasterExcluding2026.csv,BA,kept,ok
THE BOEING COMPANY,33.0,2013-01-25,WARNDatabaseMasterExcluding2026.csv,BA,kept,ok
THE BOEING COMPANY,35.0,2013-01-25,WARNDatabaseMasterExcluding2026.csv,BA,kept,ok
BOEING COMPANY,10.0,2013-01-22,WARNDatabaseMasterExcluding2026.csv,BA,kept,ok
THE BOEING COMPANY,2.0,2013-01-18,WARNDatabaseMasterExcluding2026.csv,BA,kept,ok
FEDERAL MOGUL,169.0,2013-01-18,WARNDatabaseMasterExcluding2026.csv,FMGOETZE.NS,kept,ok
"VERTIS, INC.",52.0,2013-01-18,WARNDatabaseMasterExcluding2026.csv,RJ1.F,kept,ok
BOEING,100.0,2013-01-18,WARNDatabaseMasterExcluding2026.csv,BA,kept,ok
"GAP, INC.",363.0,2013-01-16,WARNDatabaseMasterExcluding2026.csv,GAP,kept,ok
COMMERCIAL VEHICLE GROUP,65.0,2013-01-16,WARNDatabaseMasterExcluding2026.csv,CVGI,kept,ok
MORTGAGE BANK,1.0,2013-01-14,WARNDatabaseMasterExcluding2026.csv,FH21.F,kept,ok
SEARS,64.0,2013-01-11,WARNDatabaseMasterExcluding2026.csv,SRSCQ,kept,ok
SUZUKI,1.0,2013-01-11,WARNDatabaseMasterExcluding2026.csv,6785.T,kept,ok
SUZUKI,1.0,2013-01-11,WARNDatabaseMasterExcluding2026.csv,6785.T,kept,ok
SUZUKI,1.0,2013-01-11,WARNDatabaseMasterExcluding2026.csv,6785.T,kept,ok
LOCKHEED MARTIN CORP.,4.0,2013-01-10,WARNDatabaseMasterExcluding2026.csv,LMT,kept,ok
TRAVELERS,52.0,2013-01-09,WARNDatabaseMasterExcluding2026.csv,TRV,kept,ok
"LEGGETT & PLATT, INCORPORATED",71.0,2013-01-08,WARNDatabaseMasterExcluding2026.csv,LEG,kept,ok
"ENERGIZER HOLDINGS, INC.",90.0,2013-01-08,WARNDatabaseMasterExcluding2026.csv,ENR,kept,ok
THE BOEING COMPANY,49.0,2013-01-04,WARNDatabaseMasterExcluding2026.csv,BA,kept,ok
INTUIT INC.,1.0,2013-01-04,WARNDatabaseMasterExcluding2026.csv,INTU,kept,ok
INTUIT INC,6.0,2013-01-03,WARNDatabaseMasterExcluding2026.csv,INTU,kept,ok
THE ESTEE LAUDER COMPANIES INC.,116.0,2013-01-01,WARNDatabaseMasterExcluding2026.csv,ELAA.SG,kept,ok
UNITED AIRLINES,472.0,2013-01-01,WARNDatabaseMasterExcluding2026.csv,UAL,kept,ok
WELLS FARGO,57.0,2012-12-30,WARNDatabaseMasterExcluding2026.csv,WFC,kept,ok
ABERCROMBIE & FITCH,66.0,2012-12-29,WARNDatabaseMasterExcluding2026.csv,ANF,kept,ok
BOEING,5.0,2012-12-21,WARNDatabaseMasterExcluding2026.csv,BA,kept,ok
ZHONGDING SEALING PARTS,65.0,2012-12-20,WARNDatabaseMasterExcluding2026.csv,000887.SZ,kept,ok
BAE SYSTEMS,183.0,2012-12-19,WARNDatabaseMasterExcluding2026.csv,BA.L,kept,ok
SSI,135.0,2012-12-18,WARNDatabaseMasterExcluding2026.csv,SSII,kept,ok
"PFIZER, INC.",8.0,2012-12-18,WARNDatabaseMasterExcluding2026.csv,PFE,kept,ok
UNIVERSAL MUSIC GROUP,85.0,2012-12-17,WARNDatabaseMasterExcluding2026.csv,UMGNF,kept,ok
SODEXO,124.0,2012-12-14,WARNDatabaseMasterExcluding2026.csv,SJ7.DU,kept,ok
THE BOEING COMPANY,2.0,2012-12-14,WARNDatabaseMasterExcluding2026.csv,BA,kept,ok
THE BOEING COMPANY,9.0,2012-12-14,WARNDatabaseMasterExcluding2026.csv,BA,kept,ok
THE BOEING COMPANY,30.0,2012-12-14,WARNDatabaseMasterExcluding2026.csv,BA,kept,ok
THE BOEING COMPANY,16.0,2012-12-14,WARNDatabaseMasterExcluding2026.csv,BA,kept,ok
H.B. FULLER,38.0,2012-12-12,WARNDatabaseMasterExcluding2026.csv,FUL,kept,ok
ADVANCE AUTO PARTS,87.0,2012-12-10,WARNDatabaseMasterExcluding2026.csv,AAP,kept,ok
ALLIANCE BANK,42.0,2012-12-10,WARNDatabaseMasterExcluding2026.csv,2488.KL,kept,ok
ALLIANCE BANK,56.0,2012-12-10,WARNDatabaseMasterExcluding2026.csv,2488.KL,kept,ok
"JOHNSON CONTROLS INTERIOR MFG., US, LLC",392.0,2012-12-07,WARNDatabaseMasterExcluding2026.csv,EURUSD=X,kept,ok
"ENERGIZER HOLDINGS, INC.",120.0,2012-12-06,WARNDatabaseMasterExcluding2026.csv,ENR,kept,ok
MICROSOFT CORPORATION,27.0,2012-12-06,WARNDatabaseMasterExcluding2026.csv,MSFT,kept,ok
LOCKHEED MARTIN CORP.,3.0,2012-12-05,WARNDatabaseMasterExcluding2026.csv,LMT,kept,ok
"AIR PRODUCTS AND CHEMICALS, INC.",52.0,2012-12-05,WARNDatabaseMasterExcluding2026.csv,APD,kept,ok
WELLS FARGO,4.0,2012-12-04,WARNDatabaseMasterExcluding2026.csv,WFC,kept,ok
"SANDOZ, INC.",84.0,2012-12-01,WARNDatabaseMasterExcluding2026.csv,D8Y.F,kept,ok
LENNOX,11.0,2012-11-30,WARNDatabaseMasterExcluding2026.csv,LII,kept,ok
LENNOX,11.0,2012-11-30,WARNDatabaseMasterExcluding2026.csv,LII,kept,ok
COMCAST,435.0,2012-11-30,WARNDatabaseMasterExcluding2026.csv,CMCSA,kept,ok
COMCAST,220.0,2012-11-30,WARNDatabaseMasterExcluding2026.csv,CMCSA,kept,ok
COMCAST,410.0,2012-11-30,WARNDatabaseMasterExcluding2026.csv,CMCSA,kept,ok
RICOH,95.0,2012-11-30,WARNDatabaseMasterExcluding2026.csv,8566.T,kept,ok
"NATHAN'S FAMOUS, INC.",51.0,2012-11-26,WARNDatabaseMasterExcluding2026.csv,NATH,kept,ok
"APPLIED MATERIALS, INC",6.0,2012-11-26,WARNDatabaseMasterExcluding2026.csv,AMAT,kept,ok
BOEING,92.0,2012-11-21,WARNDatabaseMasterExcluding2026.csv,BA,kept,ok
"THE ANDERSONS, INC.",121.0,2012-11-20,WARNDatabaseMasterExcluding2026.csv,ANDE,kept,ok
MOHAWK INDUSTRIES,59.0,2012-11-20,WARNDatabaseMasterExcluding2026.csv,MHK,kept,ok
DEVON ENERGY CORPORATION,53.0,2012-11-19,WARNDatabaseMasterExcluding2026.csv,DVN,kept,ok
"SAVI TECHNOLOGY, INC",54.0,2012-11-17,WARNDatabaseMasterExcluding2026.csv,300652.SZ,kept,ok
AMERICAN AIRLINES,43.0,2012-11-16,WARNDatabaseMasterExcluding2026.csv,AAL,kept,ok
AMERICAN AIRLINES,706.0,2012-11-16,WARNDatabaseMasterExcluding2026.csv,AAL,kept,ok
AMERICAN AIRLINES,2.0,2012-11-16,WARNDatabaseMasterExcluding2026.csv,AAL,kept,ok
AMERICAN AIRLINES,80.0,2012-11-16,WARNDatabaseMasterExcluding2026.csv,AAL,kept,ok
AMERICAN AIRLINES,224.0,2012-11-16,WARNDatabaseMasterExcluding2026.csv,AAL,kept,ok
AMERICAN AIRLINES,42.0,2012-11-16,WARNDatabaseMasterExcluding2026.csv,AAL,kept,ok
SEARS,5.0,2012-11-15,WARNDatabaseMasterExcluding2026.csv,SRSCQ,kept,ok
LOCKHEED MARTIN CORP.,2.0,2012-11-14,WARNDatabaseMasterExcluding2026.csv,LMT,kept,ok
SMITHFIELD,388.0,2012-11-12,WARNDatabaseMasterExcluding2026.csv,SFD,kept,ok
LOCKHEED MARTIN CORP.,10.0,2012-11-11,WARNDatabaseMasterExcluding2026.csv,LMT,kept,ok
BANK OF AMERICA,312.0,2012-11-09,WARNDatabaseMasterExcluding2026.csv,BAC,kept,ok
BOEING,2.0,2012-11-08,WARNDatabaseMasterExcluding2026.csv,BA,kept,ok
"WYNDAM VACTION OWNERHSIP, INC. (COMPANY)",99.0,2012-11-07,WARNDatabaseMasterExcluding2026.csv,688768.SS,kept,ok
TARGET,83.0,2012-11-07,WARNDatabaseMasterExcluding2026.csv,TGT,kept,ok
S.A.I.C.,111.0,2012-11-06,WARNDatabaseMasterExcluding2026.csv,ALUA.BA,kept,ok
TARGET,80.0,2012-11-05,WARNDatabaseMasterExcluding2026.csv,TGT,kept,ok
"AUTODESK, INC",70.0,2012-11-05,WARNDatabaseMasterExcluding2026.csv,ADSK,kept,ok
"APPLIED MATERIALS, INC.",11.0,2012-11-04,WARNDatabaseMasterExcluding2026.csv,AMAT,kept,ok
BOEING,31.0,2012-11-02,WARNDatabaseMasterExcluding2026.csv,BA,kept,ok
TELEFLEX,153.0,2012-11-01,WARNDatabaseMasterExcluding2026.csv,TFX,kept,ok
BRISTOL MYERS SQUIBB COMPANY,137.0,2012-11-01,WARNDatabaseMasterExcluding2026.csv,BMY,kept,ok
BRISTOL MYERS SQUIBB,479.0,2012-11-01,WARNDatabaseMasterExcluding2026.csv,BMY,kept,ok
SAIC,80.0,2012-11-01,WARNDatabaseMasterExcluding2026.csv,SAIC,kept,ok
DELPHI,50.0,2012-11-01,WARNDatabaseMasterExcluding2026.csv,0P0001I6O1,kept,ok
GENCO,70.0,2012-11-01,WARNDatabaseMasterExcluding2026.csv,GNK,kept,ok
SEARS HOLDINGS CORPORATION,13.0,2012-11-01,WARNDatabaseMasterExcluding2026.csv,SHLD,kept,ok
BAE SYSTEMS,126.0,2012-11-01,WARNDatabaseMasterExcluding2026.csv,BA.L,kept,ok
BAE SYSTEMS,57.0,2012-10-31,WARNDatabaseMasterExcluding2026.csv,BA.L,kept,ok
DUPONT,64.0,2012-10-30,WARNDatabaseMasterExcluding2026.csv,DD,kept,ok
"CODEXIS, INC",133.0,2012-10-30,WARNDatabaseMasterExcluding2026.csv,CDXS,kept,ok
RAMBUS INC,68.0,2012-10-30,WARNDatabaseMasterExcluding2026.csv,RMBS,kept,ok
HALLMARK,238.0,2012-10-29,WARNDatabaseMasterExcluding2026.csv,HALL,kept,ok
ARCELOR MITTAL,20.0,2012-10-26,WARNDatabaseMasterExcluding2026.csv,MT,kept,ok
RYDER,51.0,2012-10-26,WARNDatabaseMasterExcluding2026.csv,R,kept,ok
"SOLAE, LLC DBA DUPONT SOY POLYMER",51.0,2012-10-25,WARNDatabaseMasterExcluding2026.csv,0P0001KOVU.F,kept,ok
"ADVANCED MICRO DEVICES, INC",107.0,2012-10-25,WARNDatabaseMasterExcluding2026.csv,AMD,kept,ok
ST. GOBAIN,4.0,2012-10-23,WARNDatabaseMasterExcluding2026.csv,SSGOB.FGI,kept,ok
SEARS,71.0,2012-10-23,WARNDatabaseMasterExcluding2026.csv,SRSCQ,kept,ok
RYDER,57.0,2012-10-19,WARNDatabaseMasterExcluding2026.csv,R,kept,ok
THE BOEING COMPANY,1.0,2012-10-19,WARNDatabaseMasterExcluding2026.csv,BA,kept,ok
THE BOEING COMPANY,28.0,2012-10-19,WARNDatabaseMasterExcluding2026.csv,BA,kept,ok
THE BOEING COMPANY,41.0,2012-10-19,WARNDatabaseMasterExcluding2026.csv,BA,kept,ok
THE BOEING COMPANY,18.0,2012-10-19,WARNDatabaseMasterExcluding2026.csv,BA,kept,ok
INVISTA,72.0,2012-10-18,WARNDatabaseMasterExcluding2026.csv,IBBP11.SA,kept,ok
TIMKEN,36.0,2012-10-18,WARNDatabaseMasterExcluding2026.csv,TKR,kept,ok
BHP BILLITON,126.0,2012-10-17,WARNDatabaseMasterExcluding2026.csv,0HN3.L,kept,ok
INTUIT INC.,21.0,2012-10-15,WARNDatabaseMasterExcluding2026.csv,INTU,kept,ok
"INTUIT, INC.",1.0,2012-10-15,WARNDatabaseMasterExcluding2026.csv,ISRG,kept,ok
BOEING,39.0,2012-10-12,WARNDatabaseMasterExcluding2026.csv,BA,kept,ok
"VGS, INC.",135.0,2012-10-11,WARNDatabaseMasterExcluding2026.csv,VGS.XA,kept,ok
"VANTIV, LLC AMENDED",24.0,2012-10-10,WARNDatabaseMasterExcluding2026.csv,VANTI.PA,kept,ok
"VANTIV, LLC AMENDED",24.0,2012-10-10,WARNDatabaseMasterExcluding2026.csv,VANTI.PA,kept,ok
"US FOODS, INC.",25.0,2012-10-09,WARNDatabaseMasterExcluding2026.csv,USFD,kept,ok
AMERICAN AIRLINES,59.0,2012-10-08,WARNDatabaseMasterExcluding2026.csv,AAL,kept,ok
TELEPERFORMANCE,114.0,2012-10-05,WARNDatabaseMasterExcluding2026.csv,TEP.PA,kept,ok
PARKER HANNIFIN,55.0,2012-10-05,WARNDatabaseMasterExcluding2026.csv,PH,kept,ok
SKILLSOFT,75.0,2012-10-04,WARNDatabaseMasterExcluding2026.csv,SKIL,kept,ok
"EXEL, INC.",102.0,2012-10-03,WARNDatabaseMasterExcluding2026.csv,EXEL,kept,ok
MERCK,150.0,2012-10-01,WARNDatabaseMasterExcluding2026.csv,MRK,kept,ok
TE CONNECTIVITY,20.0,2012-10-01,WARNDatabaseMasterExcluding2026.csv,TEL,kept,ok
SEARS HOLDINGS CORPORATION,124.0,2012-10-01,WARNDatabaseMasterExcluding2026.csv,SHLD,kept,ok
SEARS HOLDINGS CORPORATION,13.0,2012-10-01,WARNDatabaseMasterExcluding2026.csv,SHLD,kept,ok
BAE SYSTEMS,160.0,2012-09-28,WARNDatabaseMasterExcluding2026.csv,BA.L,kept,ok
TIMKEN,22.0,2012-09-28,WARNDatabaseMasterExcluding2026.csv,TKR,kept,ok
BANK OF AMERICA,77.0,2012-09-28,WARNDatabaseMasterExcluding2026.csv,BAC,kept,ok
JACK IN THE BOX,92.0,2012-09-28,WARNDatabaseMasterExcluding2026.csv,JACK,kept,ok
AMPCO,7.0,2012-09-26,WARNDatabaseMasterExcluding2026.csv,AP,kept,ok
"PFIZER, INC.",36.0,2012-09-26,WARNDatabaseMasterExcluding2026.csv,PFE,kept,ok
THE CHEESECAKE FACTORY,130.0,2012-09-26,WARNDatabaseMasterExcluding2026.csv,CAKE,kept,ok
MOHAWK INDUSTRIES,193.0,2012-09-25,WARNDatabaseMasterExcluding2026.csv,MHK,kept,ok
GRAFTECH INTERNATIONAL,15.0,2012-09-24,WARNDatabaseMasterExcluding2026.csv,EAF,kept,ok
STAPLES,75.0,2012-09-21,WARNDatabaseMasterExcluding2026.csv,XAP=F,kept,ok
AMERICAN AIRLINES,14.0,2012-09-21,WARNDatabaseMasterExcluding2026.csv,AAL,kept,ok
AMERICAN AIRLINES,8.0,2012-09-21,WARNDatabaseMasterExcluding2026.csv,AAL,kept,ok
BOEING COMPANY,4.0,2012-09-21,WARNDatabaseMasterExcluding2026.csv,BA,kept,ok
BOEING COMPANY,27.0,2012-09-21,WARNDatabaseMasterExcluding2026.csv,BA,kept,ok
BOEING COMPANY,59.0,2012-09-21,WARNDatabaseMasterExcluding2026.csv,BA,kept,ok
BOEING COMPANY,2.0,2012-09-21,WARNDatabaseMasterExcluding2026.csv,BA,kept,ok
CISCO SYSTEMS INC.,291.0,2012-09-21,WARNDatabaseMasterExcluding2026.csv,CSCO,kept,ok
INTUIT INC,5.0,2012-09-21,WARNDatabaseMasterExcluding2026.csv,INTU,kept,ok
INTUIT INC,15.0,2012-09-21,WARNDatabaseMasterExcluding2026.csv,INTU,kept,ok
INTUIT INC,120.0,2012-09-21,WARNDatabaseMasterExcluding2026.csv,INTU,kept,ok
INTUIT INC,1.0,2012-09-21,WARNDatabaseMasterExcluding2026.csv,INTU,kept,ok
INTUIT INC,4.0,2012-09-21,WARNDatabaseMasterExcluding2026.csv,INTU,kept,ok
AMERICAN AIRLINES,164.0,2012-09-20,WARNDatabaseMasterExcluding2026.csv,AAL,kept,ok
AMERICAN AIRLINES,42.0,2012-09-20,WARNDatabaseMasterExcluding2026.csv,AAL,kept,ok
INTUIT INC,4.0,2012-09-20,WARNDatabaseMasterExcluding2026.csv,INTU,kept,ok
LENNOX,18.0,2012-09-19,WARNDatabaseMasterExcluding2026.csv,LII,kept,ok
SIEMENS,407.0,2012-09-19,WARNDatabaseMasterExcluding2026.csv,SIE.DE,kept,ok
LENNOX,18.0,2012-09-19,WARNDatabaseMasterExcluding2026.csv,LII,kept,ok
SIEMENS,407.0,2012-09-19,WARNDatabaseMasterExcluding2026.csv,SIE.DE,kept,ok
AMERICAN AIRLINES,66.0,2012-09-18,WARNDatabaseMasterExcluding2026.csv,AAL,kept,ok
SIEMENS,146.0,2012-09-18,WARNDatabaseMasterExcluding2026.csv,SIE.DE,kept,ok
AMERICAN AIRLINES,53.0,2012-09-18,WARNDatabaseMasterExcluding2026.csv,AAL,kept,ok
AMERICAN AIRLINES,,2012-09-18,WARNDatabaseMasterExcluding2026.csv,AAL,kept,ok
FIRST ADVANTAGE,100.0,2012-09-18,WARNDatabaseMasterExcluding2026.csv,FA,kept,ok
"AMERICAN AIRLINES, INC.",843.0,2012-09-18,WARNDatabaseMasterExcluding2026.csv,AAL,kept,ok
"AMERICAN AIRLINES, INC.",350.0,2012-09-18,WARNDatabaseMasterExcluding2026.csv,AAL,kept,ok
BOEING COMPANY,6.0,2012-09-17,WARNDatabaseMasterExcluding2026.csv,BA,kept,ok
AMERICAN AIRLINES,48.0,2012-09-17,WARNDatabaseMasterExcluding2026.csv,AAL,kept,ok
AMERICAN AIRLINES,72.0,2012-09-17,WARNDatabaseMasterExcluding2026.csv,AAL,kept,ok
AMERICAN AIRLINES,80.0,2012-09-17,WARNDatabaseMasterExcluding2026.csv,AAL,kept,ok
"APPLIED MATERIALS, INC.",11.0,2012-09-16,WARNDatabaseMasterExcluding2026.csv,AMAT,kept,ok
"APPLIED MATERIALS, INC.",6.0,2012-09-16,WARNDatabaseMasterExcluding2026.csv,AMAT,kept,ok
BAE SYSTEMS,95.0,2012-09-16,WARNDatabaseMasterExcluding2026.csv,BA.L,kept,ok
MACY'S,3.0,2012-09-15,WARNDatabaseMasterExcluding2026.csv,M,kept,ok
"WATTS WATER TECHNOLOGIES, INC.",33.0,2012-09-14,WARNDatabaseMasterExcluding2026.csv,WTS,kept,ok
BOEING,58.0,2012-09-14,WARNDatabaseMasterExcluding2026.csv,BA,kept,ok
ADP,100.0,2012-09-14,WARNDatabaseMasterExcluding2026.csv,ADP,kept,ok
"NOKIA, INC.",84.0,2012-09-14,WARNDatabaseMasterExcluding2026.csv,NOK,kept,ok
AMERICAN EAGLE,146.0,2012-09-13,WARNDatabaseMasterExcluding2026.csv,AEO,kept,ok
FLOUR,184.0,2012-09-12,WARNDatabaseMasterExcluding2026.csv,001130.KS,kept,ok
"MICRO ELECTRONICS, INC.",49.0,2012-09-12,WARNDatabaseMasterExcluding2026.csv,2303.TW,kept,ok
"PFIZER, INC.",71.0,2012-09-11,WARNDatabaseMasterExcluding2026.csv,PFE,kept,ok
CALLAWAY GOLF COMPANY,117.0,2012-09-08,WARNDatabaseMasterExcluding2026.csv,CALY,kept,ok
"WASHINGTON DEMILITARIZATION CO., (URS)",34.0,2012-09-07,WARNDatabaseMasterExcluding2026.csv,0P000135WW.F,kept,ok
BAE SYSTEMS,138.0,2012-09-07,WARNDatabaseMasterExcluding2026.csv,BA.L,kept,ok
URS,204.0,2012-09-06,WARNDatabaseMasterExcluding2026.csv,URSP,kept,ok
"PREMIUM WATER, INC.",61.0,2012-09-05,WARNDatabaseMasterExcluding2026.csv,HIPH,kept,ok
BANK OF AMERICA,36.0,2012-09-05,WARNDatabaseMasterExcluding2026.csv,BAC,kept,ok
CSC,,2012-09-04,WARNDatabaseMasterExcluding2026.csv,CSC=F,kept,ok
PARSONS CORPORATION,20.0,2012-09-04,WARNDatabaseMasterExcluding2026.csv,PSN,kept,ok
DELFINGEN,37.0,2012-09-04,WARNDatabaseMasterExcluding2026.csv,HBS.F,kept,ok
COMCAST,84.0,2012-09-01,WARNDatabaseMasterExcluding2026.csv,CMCSA,kept,ok
AMERICAN AIRLINES,74.0,2012-09-01,WARNDatabaseMasterExcluding2026.csv,AAL,kept,ok
COMCAST,66.0,2012-09-01,WARNDatabaseMasterExcluding2026.csv,CMCSA,kept,ok
NORTHROP GRUMMAN,61.0,2012-09-01,WARNDatabaseMasterExcluding2026.csv,NOC,kept,ok
PNC FINANCIAL SERVICES GROUP,128.0,2012-09-01,WARNDatabaseMasterExcluding2026.csv,PNC,kept,ok
THERMO FISHER SCIENTIFIC INC.,75.0,2012-09-01,WARNDatabaseMasterExcluding2026.csv,TMO,kept,ok
LENNOX,9.0,2012-08-31,WARNDatabaseMasterExcluding2026.csv,LII,kept,ok
LENNOX,9.0,2012-08-31,WARNDatabaseMasterExcluding2026.csv,LII,kept,ok
COMPUCOM,61.0,2012-08-31,WARNDatabaseMasterExcluding2026.csv,COMPUSOFT.BO,kept,ok
LENNOX,9.0,2012-08-31,WARNDatabaseMasterExcluding2026.csv,LII,kept,ok
LENNOX,9.0,2012-08-31,WARNDatabaseMasterExcluding2026.csv,LII,kept,ok
THE BOEING COMPANY,9.0,2012-08-31,WARNDatabaseMasterExcluding2026.csv,BA,kept,ok
"MARRIOTT INTERNATIONAL, INC.",44.0,2012-08-30,WARNDatabaseMasterExcluding2026.csv,MAR,kept,ok
CONAGRA FOODS,42.0,2012-08-30,WARNDatabaseMasterExcluding2026.csv,CAG,kept,ok
"APPLIED MATERIALS, INC.",9.0,2012-08-30,WARNDatabaseMasterExcluding2026.csv,AMAT,kept,ok
"APPLIED MATERIALS, INC.",1.0,2012-08-30,WARNDatabaseMasterExcluding2026.csv,AMAT,kept,ok
BANK OF AMERICA,63.0,2012-08-27,WARNDatabaseMasterExcluding2026.csv,BAC,kept,ok
AGY,59.0,2012-08-24,WARNDatabaseMasterExcluding2026.csv,AGYS,kept,ok
WDBD,,2012-08-24,WARNDatabaseMasterExcluding2026.csv,WDBDAX,kept,ok
AMERICAN AIRLINES,1.0,2012-08-24,WARNDatabaseMasterExcluding2026.csv,AAL,kept,ok
THE BOEING COMPANY,13.0,2012-08-24,WARNDatabaseMasterExcluding2026.csv,BA,kept,ok
THE BOEING COMPANY,46.0,2012-08-24,WARNDatabaseMasterExcluding2026.csv,BA,kept,ok
THE BOEING COMPANY,40.0,2012-08-24,WARNDatabaseMasterExcluding2026.csv,BA,kept,ok
THE BOEING COMPANY,12.0,2012-08-24,WARNDatabaseMasterExcluding2026.csv,BA,kept,ok
"SCHNEIDER ELECTRIC, U.S.A.",49.0,2012-08-20,WARNDatabaseMasterExcluding2026.csv,SU.PA,kept,ok
"JACK IN THE BOX, INC.",70.0,2012-08-20,WARNDatabaseMasterExcluding2026.csv,JACK,kept,ok
BAE SYSTEMS,3.0,2012-08-20,WARNDatabaseMasterExcluding2026.csv,BA.L,kept,ok
BOEING,49.0,2012-08-17,WARNDatabaseMasterExcluding2026.csv,BA,kept,ok
MOHAWK INDUSTRIES,22.0,2012-08-16,WARNDatabaseMasterExcluding2026.csv,MHK,kept,ok
"BALL METAL BEVERAGE PACKAGING DIV, AMERICAS",127.0,2012-08-16,WARNDatabaseMasterExcluding2026.csv,LAC,kept,ok
DEVON ENERGY CORPORATION,8.0,2012-08-15,WARNDatabaseMasterExcluding2026.csv,DVN,kept,ok
"MUELLER INDUSTRIES, INC.",117.0,2012-08-15,WARNDatabaseMasterExcluding2026.csv,MLI,kept,ok
KBR,396.0,2012-08-13,WARNDatabaseMasterExcluding2026.csv,KBR,kept,ok
DANA CORPORATION,10.0,2012-08-10,WARNDatabaseMasterExcluding2026.csv,DHR,kept,ok
ITRON,109.0,2012-08-10,WARNDatabaseMasterExcluding2026.csv,ITRI,kept,ok
FEDERAL MOGUL,129.0,2012-08-10,WARNDatabaseMasterExcluding2026.csv,FMGOETZE.NS,kept,ok
LOCKHEED MARTIN CORP.,14.0,2012-08-06,WARNDatabaseMasterExcluding2026.csv,LMT,kept,ok
HOME DEPOT,109.0,2012-08-02,WARNDatabaseMasterExcluding2026.csv,HD,kept,ok
THE CHILDREN'S PLACE,86.0,2012-08-01,WARNDatabaseMasterExcluding2026.csv,PLCE,kept,ok
STAPLES,110.0,2012-08-01,WARNDatabaseMasterExcluding2026.csv,XAP=F,kept,ok
COMPUTERSHARE,156.0,2012-08-01,WARNDatabaseMasterExcluding2026.csv,CMSQY,kept,ok
GENERAL DYNAMICS,60.0,2012-08-01,WARNDatabaseMasterExcluding2026.csv,GD,kept,ok
SYKES,222.0,2012-07-31,WARNDatabaseMasterExcluding2026.csv,ASY.L,kept,ok
LENNOX,5.0,2012-07-30,WARNDatabaseMasterExcluding2026.csv,LII,kept,ok
LENNOX,5.0,2012-07-30,WARNDatabaseMasterExcluding2026.csv,LII,kept,ok
GOLDEN LIVING,42.0,2012-07-30,WARNDatabaseMasterExcluding2026.csv,603180.SS,kept,ok
HSBC BANK,98.0,2012-07-24,WARNDatabaseMasterExcluding2026.csv,AAETSXX,kept,ok
"AMERICAN AIRLINES, INC.",111.0,2012-07-23,WARNDatabaseMasterExcluding2026.csv,AAL,kept,ok
"AMERICAN AIRLINES, INC.",36.0,2012-07-23,WARNDatabaseMasterExcluding2026.csv,AAL,kept,ok
"APPLIED MATERIALS, INC.",29.0,2012-07-23,WARNDatabaseMasterExcluding2026.csv,AMAT,kept,ok
"APPLIED MATERIALS, INC.",1.0,2012-07-23,WARNDatabaseMasterExcluding2026.csv,AMAT,kept,ok
BAE SYSTEMS,152.0,2012-07-23,WARNDatabaseMasterExcluding2026.csv,BA.L,kept,ok
BOEING,35.0,2012-07-20,WARNDatabaseMasterExcluding2026.csv,BA,kept,ok
INTERNATIONAL PAPER,77.0,2012-07-20,WARNDatabaseMasterExcluding2026.csv,IP,kept,ok
THE BOEING COMPANY,10.0,2012-07-20,WARNDatabaseMasterExcluding2026.csv,BA,kept,ok
THE BOEING COMPANY,1.0,2012-07-20,WARNDatabaseMasterExcluding2026.csv,BA,kept,ok
THE BOEING COMPANY,29.0,2012-07-20,WARNDatabaseMasterExcluding2026.csv,BA,kept,ok
THE BOEING COMPANY,31.0,2012-07-20,WARNDatabaseMasterExcluding2026.csv,BA,kept,ok
THE BOEING COMPANY,5.0,2012-07-20,WARNDatabaseMasterExcluding2026.csv,BA,kept,ok
"THQ, INC.",57.0,2012-07-19,WARNDatabaseMasterExcluding2026.csv,THQ,kept,ok
"GLOBAL SOLAR ENERGY, INC.",39.0,2012-07-19,WARNDatabaseMasterExcluding2026.csv,^SUNIDX,kept,ok
THE HOME DEPOT,200.0,2012-07-19,WARNDatabaseMasterExcluding2026.csv,HD,kept,ok
BANK OF AMERICA,55.0,2012-07-17,WARNDatabaseMasterExcluding2026.csv,BAC,kept,ok
FEDERAL MOGUL,96.0,2012-07-10,WARNDatabaseMasterExcluding2026.csv,FMGOETZE.NS,kept,ok
FEDERAL MOGUL,96.0,2012-07-10,WARNDatabaseMasterExcluding2026.csv,FMGOETZE.NS,kept,ok
"TOYS ""R"" US",57.0,2012-07-02,WARNDatabaseMasterExcluding2026.csv,TOYRF,kept,ok
"AMERICAN AIRLINES, INC.",2.0,2012-07-01,WARNDatabaseMasterExcluding2026.csv,AAL,kept,ok
GERON CORPORATION,8.0,2012-06-30,WARNDatabaseMasterExcluding2026.csv,GERN,kept,ok
BOEING,2.0,2012-06-29,WARNDatabaseMasterExcluding2026.csv,BA,kept,ok
THE BOEING COMPANY,6.0,2012-06-29,WARNDatabaseMasterExcluding2026.csv,BA,kept,ok
MDV,18.0,2012-06-28,WARNDatabaseMasterExcluding2026.csv,MDV,kept,ok
"AMERICAN AIRLINES, INC.",1.0,2012-06-28,WARNDatabaseMasterExcluding2026.csv,AAL,kept,ok
CAPITAL ONE,80.0,2012-06-26,WARNDatabaseMasterExcluding2026.csv,COF,kept,ok
INTERNATIONAL PAPER COMPANY,91.0,2012-06-26,WARNDatabaseMasterExcluding2026.csv,IP,kept,ok
"SUREFIRE, LLC",21.0,2012-06-26,WARNDatabaseMasterExcluding2026.csv,SRN.XA,kept,ok
"JOHNSON CONTROLS, INC.",71.0,2012-06-25,WARNDatabaseMasterExcluding2026.csv,JCI,kept,ok
BOEING COMPANY,2.0,2012-06-25,WARNDatabaseMasterExcluding2026.csv,BA,kept,ok
BOEING,46.0,2012-06-22,WARNDatabaseMasterExcluding2026.csv,BA,kept,ok
"SODEXO, INC. @ THE COLLEGE OF NEW ROCHELLE",26.0,2012-06-22,WARNDatabaseMasterExcluding2026.csv,SJ7.DU,kept,ok
STRYKER,96.0,2012-06-22,WARNDatabaseMasterExcluding2026.csv,SYK,kept,ok
STRYKER,11.0,2012-06-22,WARNDatabaseMasterExcluding2026.csv,SYK,kept,ok
PARSONS,103.0,2012-06-20,WARNDatabaseMasterExcluding2026.csv,PSN,kept,ok
"SUREFIRE, LLC",21.0,2012-06-20,WARNDatabaseMasterExcluding2026.csv,SRN.XA,kept,ok
BANK OF AMERICA,130.0,2012-06-19,WARNDatabaseMasterExcluding2026.csv,BAC,kept,ok
"PFIZER, INC.",111.0,2012-06-19,WARNDatabaseMasterExcluding2026.csv,PFE,kept,ok
INTERNATIONAL PAPER,64.0,2012-06-19,WARNDatabaseMasterExcluding2026.csv,IP,kept,ok
LIFEPOINT,22.0,2012-06-15,WARNDatabaseMasterExcluding2026.csv,RCLRX,kept,ok
BEST BUY,64.0,2012-06-15,WARNDatabaseMasterExcluding2026.csv,BBY,kept,ok
BEST BUY,61.0,2012-06-15,WARNDatabaseMasterExcluding2026.csv,BBY,kept,ok
BEST BUY,50.0,2012-06-15,WARNDatabaseMasterExcluding2026.csv,BBY,kept,ok
BEST BUY,78.0,2012-06-15,WARNDatabaseMasterExcluding2026.csv,BBY,kept,ok
BEST BUY,61.0,2012-06-15,WARNDatabaseMasterExcluding2026.csv,BBY,kept,ok
BEST BUY,59.0,2012-06-15,WARNDatabaseMasterExcluding2026.csv,BBY,kept,ok
BEST BUY,79.0,2012-06-15,WARNDatabaseMasterExcluding2026.csv,BBY,kept,ok
ING,407.0,2012-06-14,WARNDatabaseMasterExcluding2026.csv,ING,kept,ok
ING,407.0,2012-06-14,WARNDatabaseMasterExcluding2026.csv,ING,kept,ok
"SUREFIRE, LLC",5.0,2012-06-13,WARNDatabaseMasterExcluding2026.csv,SRN.XA,kept,ok
BED BATH & BEYOND,68.0,2012-06-12,WARNDatabaseMasterExcluding2026.csv,BBBY,kept,ok
BED BATH & BEYOND,5.0,2012-06-12,WARNDatabaseMasterExcluding2026.csv,BBBY,kept,ok
GENERAL MOTORS,764.0,2012-06-11,WARNDatabaseMasterExcluding2026.csv,GM,kept,ok
"SODEXO, INC. @ NEW YORK CHIROPRACTIC COLLEGE",25.0,2012-06-07,WARNDatabaseMasterExcluding2026.csv,SW.VI,kept,ok
"SUREFIRE, LLC",28.0,2012-06-06,WARNDatabaseMasterExcluding2026.csv,SRN.XA,kept,ok
C3I,46.0,2012-06-01,WARNDatabaseMasterExcluding2026.csv,CISS,kept,ok
BANK OF AMERICA,20.0,2012-06-01,WARNDatabaseMasterExcluding2026.csv,BAC,kept,ok
SAIC,111.0,2012-06-01,WARNDatabaseMasterExcluding2026.csv,SAIC,kept,ok
UNISYS,14.0,2012-06-01,WARNDatabaseMasterExcluding2026.csv,UIS,kept,ok
LENNOX,10.0,2012-05-31,WARNDatabaseMasterExcluding2026.csv,LII,kept,ok
LENNOX,10.0,2012-05-31,WARNDatabaseMasterExcluding2026.csv,LII,kept,ok
AEROSPACE CORPORATION,239.0,2012-05-31,WARNDatabaseMasterExcluding2026.csv,274090.KQ,kept,ok
AEROSPACE CORPORATION,1.0,2012-05-31,WARNDatabaseMasterExcluding2026.csv,274090.KQ,kept,ok
BANK OF AMERICA,100.0,2012-05-31,WARNDatabaseMasterExcluding2026.csv,BAC,kept,ok
LOCKHEED MARTIN CORP.,4.0,2012-05-30,WARNDatabaseMasterExcluding2026.csv,LMT,kept,ok
BAE SYSTEMS,126.0,2012-05-30,WARNDatabaseMasterExcluding2026.csv,BA.L,kept,ok
"SUREFIRE, LLC",21.0,2012-05-28,WARNDatabaseMasterExcluding2026.csv,SRN.XA,kept,ok
THE BOEING COMPANY,17.0,2012-05-28,WARNDatabaseMasterExcluding2026.csv,BA,kept,ok
THE BOEING COMPANY,42.0,2012-05-28,WARNDatabaseMasterExcluding2026.csv,BA,kept,ok
THE BOEING COMPANY,169.0,2012-05-28,WARNDatabaseMasterExcluding2026.csv,BA,kept,ok
THE BOEING COMPANY,17.0,2012-05-28,WARNDatabaseMasterExcluding2026.csv,BA,kept,ok
PILGRIM'S,71.0,2012-05-25,WARNDatabaseMasterExcluding2026.csv,PPC,kept,ok
"AURORA LOAN SERVICES, AURORA BANK FSB, CA",103.0,2012-05-25,WARNDatabaseMasterExcluding2026.csv,CA,kept,ok
"SUREFIRE, LLC",11.0,2012-05-23,WARNDatabaseMasterExcluding2026.csv,SRN.XA,kept,ok
BANK OF AMERICA,8.0,2012-05-22,WARNDatabaseMasterExcluding2026.csv,BAC,kept,ok
"DELTA AIR LINES, INC.",164.0,2012-05-21,WARNDatabaseMasterExcluding2026.csv,DAL,kept,ok
BOEING COMPANY,1.0,2012-05-21,WARNDatabaseMasterExcluding2026.csv,BA,kept,ok
"DELTA AIR LINES, INC.",164.0,2012-05-21,WARNDatabaseMasterExcluding2026.csv,DAL,kept,ok
APPLIED MATERIALS,2.0,2012-05-20,WARNDatabaseMasterExcluding2026.csv,AMAT,kept,ok
APPLIED MATERIALS,1.0,2012-05-20,WARNDatabaseMasterExcluding2026.csv,AMAT,kept,ok
APPLIED MATERIALS,3.0,2012-05-20,WARNDatabaseMasterExcluding2026.csv,AMAT,kept,ok
INTERNATIONAL PAPER,64.0,2012-05-18,WARNDatabaseMasterExcluding2026.csv,IP,kept,ok
BOEING,9.0,2012-05-18,WARNDatabaseMasterExcluding2026.csv,BA,kept,ok
HUSQVARNA,789.0,2012-05-18,WARNDatabaseMasterExcluding2026.csv,HRZA.F,kept,ok
"PFIZER, INC.",20.0,2012-05-17,WARNDatabaseMasterExcluding2026.csv,PFE,kept,ok
"SUREFIRE, LLC",14.0,2012-05-16,WARNDatabaseMasterExcluding2026.csv,SRN.XA,kept,ok
DANA HOLDING CORPORATION,210.0,2012-05-15,WARNDatabaseMasterExcluding2026.csv,DAN,kept,ok
"CORELOGIC, INC.",2.0,2012-05-14,WARNDatabaseMasterExcluding2026.csv,^SPCS20R,kept,ok
"EBAY, INC.",115.0,2012-05-12,WARNDatabaseMasterExcluding2026.csv,EBAY,kept,ok
MTD,152.0,2012-05-09,WARNDatabaseMasterExcluding2026.csv,MTD,kept,ok
"HOSTESS BRANDS, INC. - 2065",2.0,2012-05-08,WARNDatabaseMasterExcluding2026.csv,GAAECX,kept,ok
CAPITAL ONE,78.0,2012-05-07,WARNDatabaseMasterExcluding2026.csv,COF,kept,ok
US FOODS,148.0,2012-05-03,WARNDatabaseMasterExcluding2026.csv,USFD,kept,ok
CAPITAL ONE,40.0,2012-05-02,WARNDatabaseMasterExcluding2026.csv,COF,kept,ok
"AMERICAN AIRLINES, INC.",550.0,2012-05-01,WARNDatabaseMasterExcluding2026.csv,AAL,kept,ok
METLIFE,64.0,2012-05-01,WARNDatabaseMasterExcluding2026.csv,MET,kept,ok
LOCKHEED MARTIN CORP.,7.0,2012-05-01,WARNDatabaseMasterExcluding2026.csv,LMT,kept,ok
CME GROUP,110.0,2012-05-01,WARNDatabaseMasterExcluding2026.csv,CME,kept,ok
METLIFE,496.0,2012-05-01,WARNDatabaseMasterExcluding2026.csv,MET,kept,ok
CSC,7.0,2012-05-01,WARNDatabaseMasterExcluding2026.csv,CSC=F,kept,ok
NORTHROP GRUMMAN,130.0,2012-05-01,WARNDatabaseMasterExcluding2026.csv,NOC,kept,ok
"BAKER HUGHES, INC.",75.0,2012-05-01,WARNDatabaseMasterExcluding2026.csv,BKR,kept,ok
"BAKER HUGHES, INC.",79.0,2012-05-01,WARNDatabaseMasterExcluding2026.csv,BKR,kept,ok
"PFIZER, INC.",11.0,2012-05-01,WARNDatabaseMasterExcluding2026.csv,PFE,kept,ok
SCHNEIDER ELECTRIC,17.0,2012-04-30,WARNDatabaseMasterExcluding2026.csv,SU.PA,kept,ok
PALM INC.,219.0,2012-04-28,WARNDatabaseMasterExcluding2026.csv,CFPI,kept,ok
BAE SYSTEMS,61.0,2012-04-27,WARNDatabaseMasterExcluding2026.csv,BA.L,kept,ok
KROGER,80.0,2012-04-27,WARNDatabaseMasterExcluding2026.csv,KR,kept,ok
SODEXO,1.0,2012-04-27,WARNDatabaseMasterExcluding2026.csv,SW.VI,kept,ok
UNISYS,20.0,2012-04-27,WARNDatabaseMasterExcluding2026.csv,UIS,kept,ok
INTERNATIONAL PAPER COMPANY,57.0,2012-04-26,WARNDatabaseMasterExcluding2026.csv,IP,kept,ok
INTERNATIONAL PAPER COMPANY,57.0,2012-04-26,WARNDatabaseMasterExcluding2026.csv,IP,kept,ok
NORTHROP GRUMMAN,57.0,2012-04-26,WARNDatabaseMasterExcluding2026.csv,NOC,kept,ok
BOEING COMPANY,5.0,2012-04-24,WARNDatabaseMasterExcluding2026.csv,BA,kept,ok
"SUREFIRE, LLC",22.0,2012-04-24,WARNDatabaseMasterExcluding2026.csv,SRN.XA,kept,ok
JOHNSON CONTROLS,103.0,2012-04-23,WARNDatabaseMasterExcluding2026.csv,JCI,kept,ok
BEST BUY,70.0,2012-04-23,WARNDatabaseMasterExcluding2026.csv,BBY,kept,ok
SPRINT,56.0,2012-04-23,WARNDatabaseMasterExcluding2026.csv,688605.SS,kept,ok
"PFIZER, INC.",115.0,2012-04-23,WARNDatabaseMasterExcluding2026.csv,PFE,kept,ok
BOEING,13.0,2012-04-20,WARNDatabaseMasterExcluding2026.csv,BA,kept,ok
SODEXO,150.0,2012-04-20,WARNDatabaseMasterExcluding2026.csv,SW.VI,kept,ok
BOEING COMPANY,16.0,2012-04-20,WARNDatabaseMasterExcluding2026.csv,BA,kept,ok
BOEING COMPANY,1.0,2012-04-20,WARNDatabaseMasterExcluding2026.csv,BA,kept,ok
BOEING COMPANY,36.0,2012-04-20,WARNDatabaseMasterExcluding2026.csv,BA,kept,ok
BOEING COMPANY,71.0,2012-04-20,WARNDatabaseMasterExcluding2026.csv,BA,kept,ok
"PRIMEFLIGHT AVIATION-SAN ANTONIO, TX",64.0,2012-04-17,WARNDatabaseMasterExcluding2026.csv,TX,kept,ok
"PPG INDUSTRIES, INC.",52.0,2012-04-16,WARNDatabaseMasterExcluding2026.csv,PPG,kept,ok
SEARS,82.0,2012-04-16,WARNDatabaseMasterExcluding2026.csv,SRSCQ,kept,ok
BEST BUY,64.0,2012-04-16,WARNDatabaseMasterExcluding2026.csv,BBY,kept,ok
"APPLIED MATERIALS, INC.",21.0,2012-04-15,WARNDatabaseMasterExcluding2026.csv,AMAT,kept,ok
"APPLIED MATERIALS, INC.",8.0,2012-04-15,WARNDatabaseMasterExcluding2026.csv,AMAT,kept,ok
"APPLIED MATERIALS, INC.",1.0,2012-04-15,WARNDatabaseMasterExcluding2026.csv,AMAT,kept,ok
BEST BUY,68.0,2012-04-14,WARNDatabaseMasterExcluding2026.csv,BBY,kept,ok
BEST BUY,64.0,2012-04-14,WARNDatabaseMasterExcluding2026.csv,BBY,kept,ok
MOHAWK INDUSTRIES,115.0,2012-04-13,WARNDatabaseMasterExcluding2026.csv,MHK,kept,ok
PRECISION METAL,17.0,2012-04-11,WARNDatabaseMasterExcluding2026.csv,688668.SS,kept,ok
BANK OF AMERICA,80.0,2012-04-11,WARNDatabaseMasterExcluding2026.csv,BAC,kept,ok
"CORELOGIC, INC.",2.0,2012-04-10,WARNDatabaseMasterExcluding2026.csv,^SPCS20R,kept,ok
SEARS,42.0,2012-04-09,WARNDatabaseMasterExcluding2026.csv,SRSCQ,kept,ok
SEARS HOLDINGS CORPORATION,77.0,2012-04-08,WARNDatabaseMasterExcluding2026.csv,SHLD,kept,ok
THE BOEING COMPANY,9.0,2012-04-06,WARNDatabaseMasterExcluding2026.csv,BA,kept,ok
THE BOEING COMPANY,2.0,2012-04-06,WARNDatabaseMasterExcluding2026.csv,BA,kept,ok
THE BOEING COMPANY,7.0,2012-04-06,WARNDatabaseMasterExcluding2026.csv,BA,kept,ok
THE BOEING COMPANY,16.0,2012-04-06,WARNDatabaseMasterExcluding2026.csv,BA,kept,ok
THE BOEING COMPANY,1.0,2012-04-06,WARNDatabaseMasterExcluding2026.csv,BA,kept,ok
"ROOSEVELT ISLAND MEDICAL ASSOCIATES, PC.",135.0,2012-04-03,WARNDatabaseMasterExcluding2026.csv,0P0001HRL4.L,kept,ok
LOCKHEED MARTIN CORP.,11.0,2012-04-02,WARNDatabaseMasterExcluding2026.csv,LMT,kept,ok
GENERAL DYNAMICS,3.0,2012-04-02,WARNDatabaseMasterExcluding2026.csv,GD,kept,ok
HSBC,42.0,2012-04-02,WARNDatabaseMasterExcluding2026.csv,HSBC,kept,ok
SEARS,7.0,2012-03-31,WARNDatabaseMasterExcluding2026.csv,SRSCQ,kept,ok
PANALPINA,17.0,2012-03-31,WARNDatabaseMasterExcluding2026.csv,DS81.SG,kept,ok
PANALPINA,4.0,2012-03-31,WARNDatabaseMasterExcluding2026.csv,DS81.SG,kept,ok
PANALPINA,4.0,2012-03-31,WARNDatabaseMasterExcluding2026.csv,DS81.SG,kept,ok
BANK OF AMERICA,60.0,2012-03-31,WARNDatabaseMasterExcluding2026.csv,BAC,kept,ok
GERON CORPORATION,5.0,2012-03-31,WARNDatabaseMasterExcluding2026.csv,GERN,kept,ok
METLIFE,54.0,2012-03-31,WARNDatabaseMasterExcluding2026.csv,MET,kept,ok
METLIFE,118.0,2012-03-30,WARNDatabaseMasterExcluding2026.csv,MET,kept,ok
METLIFE,59.0,2012-03-30,WARNDatabaseMasterExcluding2026.csv,MET,kept,ok
METLIFE,88.0,2012-03-30,WARNDatabaseMasterExcluding2026.csv,MET,kept,ok
"SANYO NORTH AMERICA CORPORATION, DIGITAL SOLUTIONS",74.0,2012-03-30,WARNDatabaseMasterExcluding2026.csv,603825.SS,kept,ok
THE BOEING COMPANY,6.0,2012-03-30,WARNDatabaseMasterExcluding2026.csv,BA,kept,ok
THE BOEING COMPANY,12.0,2012-03-30,WARNDatabaseMasterExcluding2026.csv,BA,kept,ok
THE BOEING COMPANY,8.0,2012-03-30,WARNDatabaseMasterExcluding2026.csv,BA,kept,ok
UNISYS,20.0,2012-03-30,WARNDatabaseMasterExcluding2026.csv,UIS,kept,ok
LENNOX,5.0,2012-03-29,WARNDatabaseMasterExcluding2026.csv,LII,kept,ok
FORD,,2012-03-29,WARNDatabaseMasterExcluding2026.csv,F,kept,ok
LENNOX,5.0,2012-03-29,WARNDatabaseMasterExcluding2026.csv,LII,kept,ok
GRAFTECH INTERNATIONAL,15.0,2012-03-27,WARNDatabaseMasterExcluding2026.csv,EAF,kept,ok
WELLS FARGO,76.0,2012-03-26,WARNDatabaseMasterExcluding2026.csv,WFC,kept,ok
BOEING,39.0,2012-03-26,WARNDatabaseMasterExcluding2026.csv,BA,kept,ok
BOEING COMPANY,2.0,2012-03-26,WARNDatabaseMasterExcluding2026.csv,BA,kept,ok
"SEEDCO - OFFICE LOCATED IN WORKFORCE1 CAREER CENTER, BRONX",52.0,2012-03-26,WARNDatabaseMasterExcluding2026.csv,0P0000VXP8.ST,kept,ok
"THQ, INC.",80.0,2012-03-26,WARNDatabaseMasterExcluding2026.csv,THQ,kept,ok
ABERCROMBIE & FITCH,70.0,2012-03-24,WARNDatabaseMasterExcluding2026.csv,ANF,kept,ok
ABERCROMBIE & FITCH,47.0,2012-03-24,WARNDatabaseMasterExcluding2026.csv,ANF,kept,ok
"EARTHGRAINS BAKERY CO., MOBILE",115.0,2012-03-23,WARNDatabaseMasterExcluding2026.csv,TMUS,kept,ok
BOEING,7.0,2012-03-23,WARNDatabaseMasterExcluding2026.csv,BA,kept,ok
"MVM, INC.",449.0,2012-03-23,WARNDatabaseMasterExcluding2026.csv,MVM7PTR.VI,kept,ok
THE BOEING COMPANY,9.0,2012-03-23,WARNDatabaseMasterExcluding2026.csv,BA,kept,ok
THE BOEING COMPANY,2.0,2012-03-23,WARNDatabaseMasterExcluding2026.csv,BA,kept,ok
THE BOEING COMPANY,62.0,2012-03-23,WARNDatabaseMasterExcluding2026.csv,BA,kept,ok
THE BOEING COMPANY,54.0,2012-03-23,WARNDatabaseMasterExcluding2026.csv,BA,kept,ok
"MVM, INC.",59.0,2012-03-22,WARNDatabaseMasterExcluding2026.csv,MVM7PTR.VI,kept,ok
T-MOBILE,400.0,2012-03-22,WARNDatabaseMasterExcluding2026.csv,TMUS,kept,ok
T-MOBILE,359.0,2012-03-22,WARNDatabaseMasterExcluding2026.csv,TMUS,kept,ok
"MVM, INC.",59.0,2012-03-22,WARNDatabaseMasterExcluding2026.csv,MVM7PTR.VI,kept,ok
LOCKHEED MARTIN,92.0,2012-03-22,WARNDatabaseMasterExcluding2026.csv,LMT,kept,ok
ARAMARK,64.0,2012-03-21,WARNDatabaseMasterExcluding2026.csv,ARMK,kept,ok
"BROADRIDGE FINANCIAL SOLUTIONS, INC.",137.0,2012-03-20,WARNDatabaseMasterExcluding2026.csv,BR,kept,ok
"CHANCELLOR, MASTERS AND SCHOLARS OF THE UNIVERSITY OF CAMBRIDGE (AKA CAMBRIDGE UNIVERSITY PRESS)",36.0,2012-03-19,WARNDatabaseMasterExcluding2026.csv,CHAG,kept,ok
"SYNOPSYS, INC.",70.0,2012-03-19,WARNDatabaseMasterExcluding2026.csv,SNPS,kept,ok
TARGET,275.0,2012-03-15,WARNDatabaseMasterExcluding2026.csv,TGT,kept,ok
"STAPLES, INC.",74.0,2012-03-15,WARNDatabaseMasterExcluding2026.csv,XAP=F,kept,ok
"NA INDUSTRIES, INC.",30.0,2012-03-14,WARNDatabaseMasterExcluding2026.csv,NBR,kept,ok
STARCOM,75.0,2012-03-12,WARNDatabaseMasterExcluding2026.csv,STARCOM.BO,kept,ok
LIONSGATE,65.0,2012-03-09,WARNDatabaseMasterExcluding2026.csv,LION,kept,ok
LOCKHEED MARTIN CORPORATION,75.0,2012-03-09,WARNDatabaseMasterExcluding2026.csv,LMT,kept,ok
THE BOEING COMPANY,2.0,2012-03-09,WARNDatabaseMasterExcluding2026.csv,BA,kept,ok
THE BOEING COMPANY,40.0,2012-03-09,WARNDatabaseMasterExcluding2026.csv,BA,kept,ok
BAE SYSTEMS,57.0,2012-03-07,WARNDatabaseMasterExcluding2026.csv,BA.L,kept,ok
TARGET,139.0,2012-03-06,WARNDatabaseMasterExcluding2026.csv,TGT,kept,ok
BANK OF AMERICA,62.0,2012-03-05,WARNDatabaseMasterExcluding2026.csv,BAC,kept,ok
NORTHROP GRUMMAN CORPORATION,1.0,2012-03-02,WARNDatabaseMasterExcluding2026.csv,NOC,kept,ok
COMMERCIAL VEHICLE GROUP,93.0,2012-03-02,WARNDatabaseMasterExcluding2026.csv,CVGI,kept,ok
LOCKHEED MARTIN CORP.,7.0,2012-03-01,WARNDatabaseMasterExcluding2026.csv,LMT,kept,ok
NORTHROP GRUMMAN,1.0,2012-03-01,WARNDatabaseMasterExcluding2026.csv,NOC,kept,ok
SEARS HOLDINGS CORPORATION,104.0,2012-03-01,WARNDatabaseMasterExcluding2026.csv,SHLD,kept,ok
STERIS CORPORATION,2.0,2012-03-01,WARNDatabaseMasterExcluding2026.csv,STE,kept,ok
LOCKHEED MARTIN,65.0,2012-02-27,WARNDatabaseMasterExcluding2026.csv,LMT,kept,ok
DIAGEO,34.0,2012-02-23,WARNDatabaseMasterExcluding2026.csv,DEO,kept,ok
"PERSONA, INC",27.0,2012-02-22,WARNDatabaseMasterExcluding2026.csv,EPC,kept,ok
AMCOR,53.0,2012-02-22,WARNDatabaseMasterExcluding2026.csv,AMCR,kept,ok
KODAK,68.0,2012-02-21,WARNDatabaseMasterExcluding2026.csv,KODK,kept,ok
WESTERN SIZZLIN,27.0,2012-02-19,WARNDatabaseMasterExcluding2026.csv,WEST,kept,ok
BOEING,70.0,2012-02-17,WARNDatabaseMasterExcluding2026.csv,BA,kept,ok
WELLS FARGO,54.0,2012-02-17,WARNDatabaseMasterExcluding2026.csv,WFC,kept,ok
THE BOEING COMPANY,10.0,2012-02-17,WARNDatabaseMasterExcluding2026.csv,BA,kept,ok
THE BOEING COMPANY,37.0,2012-02-17,WARNDatabaseMasterExcluding2026.csv,BA,kept,ok
THE BOEING COMPANY,10.0,2012-02-17,WARNDatabaseMasterExcluding2026.csv,BA,kept,ok
THE BOEING COMPANY,12.0,2012-02-17,WARNDatabaseMasterExcluding2026.csv,BA,kept,ok
THE BOEING COMPANY,2.0,2012-02-17,WARNDatabaseMasterExcluding2026.csv,BA,kept,ok
NORTHROP GRUMMAN,84.0,2012-02-15,WARNDatabaseMasterExcluding2026.csv,NOC,kept,ok
NORTHROP GRUMMAN,224.0,2012-02-15,WARNDatabaseMasterExcluding2026.csv,NOC,kept,ok
"SEARS HOLDINGS SEARS, ROEBUCK, & CO. ASSOCIATE SERVICE CENTER",84.0,2012-02-15,WARNDatabaseMasterExcluding2026.csv,RFG.L,kept,ok
REPUBLIC AIRWAYS,52.0,2012-02-13,WARNDatabaseMasterExcluding2026.csv,RJET,kept,ok
FIRST SOLAR,63.0,2012-02-11,WARNDatabaseMasterExcluding2026.csv,FSLR,kept,ok
LOCKHEED MARTIN CORP.,50.0,2012-02-10,WARNDatabaseMasterExcluding2026.csv,LMT,kept,ok
SEARS,102.0,2012-02-10,WARNDatabaseMasterExcluding2026.csv,SRSCQ,kept,ok
"CVG, INC.",220.0,2012-02-08,WARNDatabaseMasterExcluding2026.csv,CVGW261016C00025000,kept,ok
"CORELOGIC, INC.",2.0,2012-02-07,WARNDatabaseMasterExcluding2026.csv,^SPCS20R,kept,ok
"CORELOGIC, INC.",3.0,2012-02-06,WARNDatabaseMasterExcluding2026.csv,^SPCS20R,kept,ok
"APPLIED MATERIALS, INC",2.0,2012-02-04,WARNDatabaseMasterExcluding2026.csv,AMAT,kept,ok
"APPLIED MATERIALS, INC.",10.0,2012-02-04,WARNDatabaseMasterExcluding2026.csv,AMAT,kept,ok
"APPLIED MATERIALS, INC.",3.0,2012-02-04,WARNDatabaseMasterExcluding2026.csv,AMAT,kept,ok
AMERICAN WOODMARK CORPORATION,157.0,2012-02-03,WARNDatabaseMasterExcluding2026.csv,AHQ.F,kept,ok
BOEING,5.0,2012-02-03,WARNDatabaseMasterExcluding2026.csv,BA,kept,ok
BOEING COMPANY,3.0,2012-02-03,WARNDatabaseMasterExcluding2026.csv,BA,kept,ok
METLIFE,77.0,2012-02-03,WARNDatabaseMasterExcluding2026.csv,MET,kept,ok
WELLS FARGO,66.0,2012-02-02,WARNDatabaseMasterExcluding2026.csv,WFC,kept,ok
"SODEXO, INC. AT (COMPUTER ASSOCIATES)",26.0,2012-02-02,WARNDatabaseMasterExcluding2026.csv,SJ7.DU,kept,ok
METLIFE,55.0,2012-02-02,WARNDatabaseMasterExcluding2026.csv,MET,kept,ok
STANLEY BLACK & DECKER,142.0,2012-02-01,WARNDatabaseMasterExcluding2026.csv,SWK,kept,ok
VERIZON,336.0,2012-02-01,WARNDatabaseMasterExcluding2026.csv,VZ,kept,ok
BNY MELLON,5.0,2012-02-01,WARNDatabaseMasterExcluding2026.csv,SDSCX,kept,ok
BNY MELLON,1.0,2012-02-01,WARNDatabaseMasterExcluding2026.csv,SDSCX,kept,ok
MET LIFE,64.0,2012-02-01,WARNDatabaseMasterExcluding2026.csv,0P0000NPEG.BO,kept,ok
WELLS FARGO & COMPANY,73.0,2012-02-01,WARNDatabaseMasterExcluding2026.csv,WFC,kept,ok
BAE SYSTEMS,101.0,2012-02-01,WARNDatabaseMasterExcluding2026.csv,BA.L,kept,ok
NEW,280.0,2012-01-31,WARNDatabaseMasterExcluding2026.csv,6N=F,kept,ok
ADOBE SYSTEMS INCORPORATED,121.0,2012-01-31,WARNDatabaseMasterExcluding2026.csv,ADBE,kept,ok
ADOBE SYSTEMS INCORPORATED,103.0,2012-01-31,WARNDatabaseMasterExcluding2026.csv,ADBE,kept,ok
THE BOEING COMPANY,6.0,2012-01-31,WARNDatabaseMasterExcluding2026.csv,BA,kept,ok
THE BOEING COMPANY,13.0,2012-01-31,WARNDatabaseMasterExcluding2026.csv,BA,kept,ok
SODEXO,20.0,2012-01-30,WARNDatabaseMasterExcluding2026.csv,SW.VI,kept,ok
"PFIZER, INC.",71.0,2012-01-30,WARNDatabaseMasterExcluding2026.csv,PFE,kept,ok
"BLACKROCK, INC.",60.0,2012-01-30,WARNDatabaseMasterExcluding2026.csv,BLK,kept,ok
CALLAWAY GOLF COMPANY,10.0,2012-01-29,WARNDatabaseMasterExcluding2026.csv,CALY,kept,ok
METLIFE,56.0,2012-01-27,WARNDatabaseMasterExcluding2026.csv,MET,kept,ok
BOEING COMPANY,1.0,2012-01-27,WARNDatabaseMasterExcluding2026.csv,BA,kept,ok
METLIFE,204.0,2012-01-27,WARNDatabaseMasterExcluding2026.csv,MET,kept,ok
METLIFE,56.0,2012-01-27,WARNDatabaseMasterExcluding2026.csv,MET,kept,ok
PERRIGO COMPANY,175.0,2012-01-26,WARNDatabaseMasterExcluding2026.csv,PRGO,kept,ok
WELLS FARGO & CO,1.0,2012-01-26,WARNDatabaseMasterExcluding2026.csv,WFC,kept,ok
"GOLDEN LIVING, OR SOUTHERN BILLING OFFICE",38.0,2012-01-25,WARNDatabaseMasterExcluding2026.csv,603180.SS,kept,ok
FIDELITY INVESTMENTS,27.0,2012-01-25,WARNDatabaseMasterExcluding2026.csv,FRGXX,kept,ok
CSC,,2012-01-23,WARNDatabaseMasterExcluding2026.csv,CSC=F,kept,ok
EATON CORPORATION,47.0,2012-01-23,WARNDatabaseMasterExcluding2026.csv,ETN,kept,ok
SEARS,75.0,2012-01-23,WARNDatabaseMasterExcluding2026.csv,SRSCQ,kept,ok
ABERCROMBIE & FITCH,51.0,2012-01-21,WARNDatabaseMasterExcluding2026.csv,ANF,kept,ok
BOEING,1.0,2012-01-20,WARNDatabaseMasterExcluding2026.csv,BA,kept,ok
BOEING COMPANY,1.0,2012-01-20,WARNDatabaseMasterExcluding2026.csv,BA,kept,ok
THE BOEING COMPANY,3.0,2012-01-20,WARNDatabaseMasterExcluding2026.csv,BA,kept,ok
THE BOEING COMPANY,38.0,2012-01-20,WARNDatabaseMasterExcluding2026.csv,BA,kept,ok
THE BOEING COMPANY,7.0,2012-01-20,WARNDatabaseMasterExcluding2026.csv,BA,kept,ok
AVERY DENNISON CORPORATION,59.0,2012-01-19,WARNDatabaseMasterExcluding2026.csv,AVY,kept,ok
"SODEXO, INC.",100.0,2012-01-18,WARNDatabaseMasterExcluding2026.csv,SJ7.DU,kept,ok
HECLA MINING,200.0,2012-01-16,WARNDatabaseMasterExcluding2026.csv,HL,kept,ok
"CORELOGIC, INC.",5.0,2012-01-16,WARNDatabaseMasterExcluding2026.csv,^SPCS20R,kept,ok
ABERCROMBIE & FITCH,51.0,2012-01-14,WARNDatabaseMasterExcluding2026.csv,ANF,kept,ok
ABERCROMBIE & FITCH,64.0,2012-01-14,WARNDatabaseMasterExcluding2026.csv,ANF,kept,ok
TECHNICOLOR,50.0,2012-01-14,WARNDatabaseMasterExcluding2026.csv,TNM2.DU,kept,ok
THE BON TON,56.0,2012-01-13,WARNDatabaseMasterExcluding2026.csv,BONTQ,kept,ok
THE BON TON,78.0,2012-01-13,WARNDatabaseMasterExcluding2026.csv,BONTQ,kept,ok
CSC,114.0,2012-01-10,WARNDatabaseMasterExcluding2026.csv,CSC=F,kept,ok
MACY'S,127.0,2012-01-10,WARNDatabaseMasterExcluding2026.csv,M,kept,ok
AMERICAN APPAREL,181.0,2012-01-09,WARNDatabaseMasterExcluding2026.csv,APP,kept,ok
SEARS,75.0,2012-01-09,WARNDatabaseMasterExcluding2026.csv,SRSCQ,kept,ok
"ALBERTSON'S, INC.",3.0,2012-01-09,WARNDatabaseMasterExcluding2026.csv,ACI,kept,ok
"ALBERTSON'S, INC.",2.0,2012-01-09,WARNDatabaseMasterExcluding2026.csv,ACI,kept,ok
"ALBERTSON'S, INC.",5.0,2012-01-09,WARNDatabaseMasterExcluding2026.csv,ACI,kept,ok
"ALBERTSON'S, INC.",3.0,2012-01-09,WARNDatabaseMasterExcluding2026.csv,ACI,kept,ok
"ALBERTSON'S, INC.",5.0,2012-01-09,WARNDatabaseMasterExcluding2026.csv,ACI,kept,ok
"ALBERTSON'S, INC.",6.0,2012-01-09,WARNDatabaseMasterExcluding2026.csv,ACI,kept,ok
"ALBERTSON'S, INC.",6.0,2012-01-09,WARNDatabaseMasterExcluding2026.csv,ACI,kept,ok
MACY'S,113.0,2012-01-06,WARNDatabaseMasterExcluding2026.csv,M,kept,ok
MACY'S,86.0,2012-01-06,WARNDatabaseMasterExcluding2026.csv,M,kept,ok
OUTOTEC,58.0,2012-01-06,WARNDatabaseMasterExcluding2026.csv,M6Q.SG,kept,ok
PNC FINANCIAL SERVICES GROUP,107.0,2012-01-05,WARNDatabaseMasterExcluding2026.csv,PNC,kept,ok
PNC FINANCIAL SERVICES GROUP,136.0,2012-01-05,WARNDatabaseMasterExcluding2026.csv,PNC,kept,ok
PNC FINANCIAL SERVICES GROUP,56.0,2012-01-05,WARNDatabaseMasterExcluding2026.csv,PNC,kept,ok
PNC FINANCIAL SERVICES GROUP,50.0,2012-01-05,WARNDatabaseMasterExcluding2026.csv,PNC,kept,ok
PNC FINANCIAL SERVICES GROUP,212.0,2012-01-05,WARNDatabaseMasterExcluding2026.csv,PNC,kept,ok
PNC FINANCIAL SERVICES GROUP,60.0,2012-01-05,WARNDatabaseMasterExcluding2026.csv,PNC,kept,ok
SEARS,170.0,2012-01-05,WARNDatabaseMasterExcluding2026.csv,SRSCQ,kept,ok
"CIGNA, CT GENERAL LIFE INSURANCE COMPANY",75.0,2012-01-04,WARNDatabaseMasterExcluding2026.csv,CI,kept,ok
INTUIT INC,1.0,2012-01-04,WARNDatabaseMasterExcluding2026.csv,INTU,kept,ok
"INTUIT, INC",1.0,2012-01-04,WARNDatabaseMasterExcluding2026.csv,ISRG,kept,ok
"INTUIT, INC",4.0,2012-01-04,WARNDatabaseMasterExcluding2026.csv,ISRG,kept,ok
RAI CORPORATION,66.0,2012-01-03,WARNDatabaseMasterExcluding2026.csv,RAILTEL.NS,kept,ok
"ADVANCED MICRO DEVICES, INC.",82.0,2012-01-03,WARNDatabaseMasterExcluding2026.csv,AMD,kept,ok
THE BOEING COMPANY,16.0,2012-01-02,WARNDatabaseMasterExcluding2026.csv,BA,kept,ok
THE BOEING COMPANY,45.0,2012-01-02,WARNDatabaseMasterExcluding2026.csv,BA,kept,ok
THE BOEING COMPANY,15.0,2012-01-02,WARNDatabaseMasterExcluding2026.csv,BA,kept,ok
A & P,129.0,2012-01-01,WARNDatabaseMasterExcluding2026.csv,AUDPHP=X,kept,ok
A & P,89.0,2012-01-01,WARNDatabaseMasterExcluding2026.csv,AUDPHP=X,kept,ok
BNY MELLON,1.0,2012-01-01,WARNDatabaseMasterExcluding2026.csv,SDSCX,kept,ok
"PILLAR HOTELS & RESORTS: HOLIDAY INN (UNIONTOWN, YORK, CLARION, INDIANA, BEAVER FALLS), COURTYARD BENSALEM, FOUR POINTS GREENSBURG",420.0,2012-01-01,WARNDatabaseMasterExcluding2026.csv,ASML,kept,ok
STERIS CORPORATION,2.0,2012-01-01,WARNDatabaseMasterExcluding2026.csv,STE,kept,ok
THE HERSHEY COMPANY,373.0,2012-01-01,WARNDatabaseMasterExcluding2026.csv,HSY,kept,ok
GERON CORPORATION,2.0,2011-12-31,WARNDatabaseMasterExcluding2026.csv,GERN,kept,ok
AMGEN INC.,226.0,2011-12-30,WARNDatabaseMasterExcluding2026.csv,AMGN,kept,ok
CALLAWAY GOLF COMPANY,4.0,2011-12-30,WARNDatabaseMasterExcluding2026.csv,CALY,kept,ok
CSC,,2011-12-28,WARNDatabaseMasterExcluding2026.csv,CSC=F,kept,ok
BOSTON SCIENTIFIC CORPORATION,92.0,2011-12-27,WARNDatabaseMasterExcluding2026.csv,BSX,kept,ok
ILLUMINA,57.0,2011-12-27,WARNDatabaseMasterExcluding2026.csv,ILMN,kept,ok
ILLUMINA,98.0,2011-12-27,WARNDatabaseMasterExcluding2026.csv,ILMN,kept,ok
"VTS, INC.",60.0,2011-12-23,WARNDatabaseMasterExcluding2026.csv,VTS,kept,ok
DEVON ENERGY CORPORATION,6.0,2011-12-21,WARNDatabaseMasterExcluding2026.csv,DVN,kept,ok
"CISCO SYSTEMS, INC.",9.0,2011-12-20,WARNDatabaseMasterExcluding2026.csv,CSCO,kept,ok
AMERICAN WOODMARK CORPORATION,157.0,2011-12-19,WARNDatabaseMasterExcluding2026.csv,AHQ.F,kept,ok
BOEING,4.0,2011-12-16,WARNDatabaseMasterExcluding2026.csv,BA,kept,ok
THE BOEING COMPANY,1.0,2011-12-16,WARNDatabaseMasterExcluding2026.csv,BA,kept,ok
THE BOEING COMPANY,20.0,2011-12-16,WARNDatabaseMasterExcluding2026.csv,BA,kept,ok
THE BOEING COMPANY,2.0,2011-12-16,WARNDatabaseMasterExcluding2026.csv,BA,kept,ok
THE BOEING COMPANY,2.0,2011-12-16,WARNDatabaseMasterExcluding2026.csv,BA,kept,ok
STATE FARM,110.0,2011-12-15,WARNDatabaseMasterExcluding2026.csv,STFBX,kept,ok
STATE FARM,3.0,2011-12-15,WARNDatabaseMasterExcluding2026.csv,STFBX,kept,ok
STATE FARM,4.0,2011-12-15,WARNDatabaseMasterExcluding2026.csv,STFBX,kept,ok
STATE FARM,5.0,2011-12-15,WARNDatabaseMasterExcluding2026.csv,STFBX,kept,ok
STATE FARM,41.0,2011-12-15,WARNDatabaseMasterExcluding2026.csv,STFBX,kept,ok
STATE FARM,93.0,2011-12-15,WARNDatabaseMasterExcluding2026.csv,STFBX,kept,ok
STATE FARM,20.0,2011-12-15,WARNDatabaseMasterExcluding2026.csv,STFBX,kept,ok
STATE FARM,6.0,2011-12-15,WARNDatabaseMasterExcluding2026.csv,STFBX,kept,ok
GERON CORPORATION,18.0,2011-12-15,WARNDatabaseMasterExcluding2026.csv,GERN,kept,ok
BANK OF AMERICA,140.0,2011-12-14,WARNDatabaseMasterExcluding2026.csv,BAC,kept,ok
BOSTON SCIENTIFIC CORPORATION,19.0,2011-12-12,WARNDatabaseMasterExcluding2026.csv,BSX,kept,ok
ACCESS GROUP,150.0,2011-12-11,WARNDatabaseMasterExcluding2026.csv,7042.T,kept,ok
ARAMARK,67.0,2011-12-09,WARNDatabaseMasterExcluding2026.csv,ARMK,kept,ok
"PITNEY BOWES, INC",64.0,2011-12-09,WARNDatabaseMasterExcluding2026.csv,PBI,kept,ok
JACOBS ENGINEERING,8.0,2011-12-09,WARNDatabaseMasterExcluding2026.csv,Z0Y.SG,kept,ok
NORTHROP GRUMMAN,500.0,2011-12-09,WARNDatabaseMasterExcluding2026.csv,NOC,kept,ok
LEVI STRAUSS & CO.,50.0,2011-12-08,WARNDatabaseMasterExcluding2026.csv,LEVI,kept,ok
"US FOODS, INC.",148.0,2011-12-06,WARNDatabaseMasterExcluding2026.csv,USFD,kept,ok
THE BOEING COMPANY,164.0,2011-12-05,WARNDatabaseMasterExcluding2026.csv,BA,kept,ok
HUNTINGTON INGALLS,500.0,2011-12-05,WARNDatabaseMasterExcluding2026.csv,HII,kept,ok
HUNTINGTON INGALLS,150.0,2011-12-05,WARNDatabaseMasterExcluding2026.csv,HII,kept,ok
BOSTON SCIENTIFIC CORPORATION,4.0,2011-12-05,WARNDatabaseMasterExcluding2026.csv,BSX,kept,ok
"AGILYSYS, INC",70.0,2011-12-02,WARNDatabaseMasterExcluding2026.csv,AGYS,kept,ok
SOLITAIRE,130.0,2011-12-02,WARNDatabaseMasterExcluding2026.csv,0P00019QO7.SW,kept,ok
THE BOEING COMPANY,3.0,2011-12-02,WARNDatabaseMasterExcluding2026.csv,BA,kept,ok
THE BOEING COMPANY,11.0,2011-12-02,WARNDatabaseMasterExcluding2026.csv,BA,kept,ok
THE BOEING COMPANY,1.0,2011-12-02,WARNDatabaseMasterExcluding2026.csv,BA,kept,ok
LOCKHEED MARTIN CORP.,47.0,2011-12-01,WARNDatabaseMasterExcluding2026.csv,LMT,kept,ok
BANK OF NEW YORK MELLON,1.0,2011-12-01,WARNDatabaseMasterExcluding2026.csv,BNY,kept,ok
BNY MELLON,9.0,2011-12-01,WARNDatabaseMasterExcluding2026.csv,SDSCX,kept,ok
BNY MELLON,35.0,2011-12-01,WARNDatabaseMasterExcluding2026.csv,SDSCX,kept,ok
"MARIAN COMMUNITY HOSPITAL, OUTPATIENT CLINIC I, II, OUTPATIENT CENTER II, ENDLESS MOUNTAINS MEDICAL CLINIC, WAYMART FAMILY MEDICAL CENTER",233.0,2011-12-01,WARNDatabaseMasterExcluding2026.csv,DC=F,kept,ok
"QUAD/GRAPHICS, INC.",87.0,2011-12-01,WARNDatabaseMasterExcluding2026.csv,QUAD,kept,ok
"SUNOCO, INC. MARCUS HOOK REFINERY",2.0,2011-12-01,WARNDatabaseMasterExcluding2026.csv,SUN,kept,ok
"SUNOCO, INC. MARCUS HOOK REFINERY",88.0,2011-12-01,WARNDatabaseMasterExcluding2026.csv,SUN,kept,ok
TARGET,138.0,2011-11-30,WARNDatabaseMasterExcluding2026.csv,TGT,kept,ok
CALLAWAY GOLF COMPANY,9.0,2011-11-30,WARNDatabaseMasterExcluding2026.csv,CALY,kept,ok
GERON CORPORATION,33.0,2011-11-30,WARNDatabaseMasterExcluding2026.csv,GERN,kept,ok
TRANSCOM INC.,265.0,2011-11-28,WARNDatabaseMasterExcluding2026.csv,5222.TW,kept,ok
BOSTON SCIENTIFIC CORPORATION,15.0,2011-11-23,WARNDatabaseMasterExcluding2026.csv,BSX,kept,ok
TEXAS INSTRUMENTS,207.0,2011-11-23,WARNDatabaseMasterExcluding2026.csv,TXN,kept,ok
APPLIED MATERIALS,5.0,2011-11-20,WARNDatabaseMasterExcluding2026.csv,AMAT,kept,ok
BOEING,73.0,2011-11-18,WARNDatabaseMasterExcluding2026.csv,BA,kept,ok
BOEING COMPANY,1.0,2011-11-18,WARNDatabaseMasterExcluding2026.csv,BA,kept,ok
LOCKHEED MARTIN,122.0,2011-11-18,WARNDatabaseMasterExcluding2026.csv,LMT,kept,ok
THE BOEING COMPANY,3.0,2011-11-18,WARNDatabaseMasterExcluding2026.csv,BA,kept,ok
THE BOEING COMPANY,41.0,2011-11-18,WARNDatabaseMasterExcluding2026.csv,BA,kept,ok
THE BOEING COMPANY,4.0,2011-11-18,WARNDatabaseMasterExcluding2026.csv,BA,kept,ok
THE BOEING COMPANY,88.0,2011-11-18,WARNDatabaseMasterExcluding2026.csv,BA,kept,ok
HUNTINGTON INGALLS,140.0,2011-11-15,WARNDatabaseMasterExcluding2026.csv,HII,kept,ok
TEREX CORPORATION,117.0,2011-11-14,WARNDatabaseMasterExcluding2026.csv,TEX,kept,ok
BANK OF AMERICA,50.0,2011-11-14,WARNDatabaseMasterExcluding2026.csv,BAC,kept,ok
"CISCO SYSTEMS, INC.",38.0,2011-11-14,WARNDatabaseMasterExcluding2026.csv,CSCO,kept,ok
BOSTON SCIENTIFIC CORPORATION,78.0,2011-11-07,WARNDatabaseMasterExcluding2026.csv,BSX,kept,ok
ABERCROMBIE & FITCH,61.0,2011-11-05,WARNDatabaseMasterExcluding2026.csv,ANF,kept,ok
"KBR, INC.",70.0,2011-11-04,WARNDatabaseMasterExcluding2026.csv,KBR,kept,ok
"FILENE\'S BASEMENT/SYMS CLOTHING SYMS CORP AND FILENE\'S BASEMENT, LLCONE SYMS WAYSECAUCUS, NEW JERSEY",35.0,2011-11-04,WARNDatabaseMasterExcluding2026.csv,NJR,kept,ok
"SODEXO, INC. (PROVIDED MGMNT SRVCS FOR CHUNKY CINEMA & PUB)",212.0,2011-11-04,WARNDatabaseMasterExcluding2026.csv,SW.PA,kept,ok
THE BOEING COMPANY,9.0,2011-11-04,WARNDatabaseMasterExcluding2026.csv,BA,kept,ok
THE BOEING COMPANY,1.0,2011-11-04,WARNDatabaseMasterExcluding2026.csv,BA,kept,ok
BEST BUY,223.0,2011-11-03,WARNDatabaseMasterExcluding2026.csv,BBY,kept,ok
BEST BUY,223.0,2011-11-03,WARNDatabaseMasterExcluding2026.csv,BBY,kept,ok
LOCKHEED MARTIN CORP.,54.0,2011-11-01,WARNDatabaseMasterExcluding2026.csv,LMT,kept,ok
"HEALTHCARE SERVICES GROUP, INC.",14.0,2011-11-01,WARNDatabaseMasterExcluding2026.csv,HS1.SG,kept,ok
EXXON MOBIL CORPORATION,180.0,2011-11-01,WARNDatabaseMasterExcluding2026.csv,XOM,kept,ok
"PILLAR HOTELS & RESORTS: HOLIDAY INN (UNIONTOWN, YORK, CLARION, INDIANA, BEAVER FALLS), COURTYARD BENSALEM, FOUR POINTS GREENSBURG",420.0,2011-11-01,WARNDatabaseMasterExcluding2026.csv,ASML,kept,ok
STRYKER CORPORATION,58.0,2011-11-01,WARNDatabaseMasterExcluding2026.csv,SYK,kept,ok
"BAE SYSTEMS, USCS-ANNISTON/2",155.0,2011-10-31,WARNDatabaseMasterExcluding2026.csv,BA.L,kept,ok
BOEING COMPANY,2.0,2011-10-31,WARNDatabaseMasterExcluding2026.csv,BA,kept,ok
BOEING COMPANY,2.0,2011-10-31,WARNDatabaseMasterExcluding2026.csv,BA,kept,ok
BOSTON SCIENTIFIC CORPORATION,135.0,2011-10-31,WARNDatabaseMasterExcluding2026.csv,BSX,kept,ok
"MERCK & CO., INC. (SIERRA THERAPEUTICS, INC.)",67.0,2011-10-31,WARNDatabaseMasterExcluding2026.csv,MRK,kept,ok
BAE SYSTEMS,1.0,2011-10-30,WARNDatabaseMasterExcluding2026.csv,BA.L,kept,ok
MEDTRONIC,209.0,2011-10-30,WARNDatabaseMasterExcluding2026.csv,MDT,kept,ok
BOEING,1.0,2011-10-28,WARNDatabaseMasterExcluding2026.csv,BA,kept,ok
CALLAWAY GOLF COMPANY,17.0,2011-10-28,WARNDatabaseMasterExcluding2026.csv,CALY,kept,ok
CLEARWATER PAPER,250.0,2011-10-26,WARNDatabaseMasterExcluding2026.csv,CLW,kept,ok
BOSTON SCIENTIFIC CORPORATION,31.0,2011-10-24,WARNDatabaseMasterExcluding2026.csv,BSX,kept,ok
NORTHROP GRUMMAN,73.0,2011-10-21,WARNDatabaseMasterExcluding2026.csv,NOC,kept,ok
THE BOEING COMPANY,1.0,2011-10-21,WARNDatabaseMasterExcluding2026.csv,BA,kept,ok
THE BOEING COMPANY,48.0,2011-10-21,WARNDatabaseMasterExcluding2026.csv,BA,kept,ok
LEGGETT & PLATT,68.0,2011-10-20,WARNDatabaseMasterExcluding2026.csv,LEG,kept,ok
KIMBERLY-CLARK CORPORATION,760.0,2011-10-19,WARNDatabaseMasterExcluding2026.csv,KMB,kept,ok
BOSTON SCIENTIFIC CORPORATION,60.0,2011-10-18,WARNDatabaseMasterExcluding2026.csv,BSX,kept,ok
BOEING,13.0,2011-10-18,WARNDatabaseMasterExcluding2026.csv,BA,kept,ok
BOEING,73.0,2011-10-18,WARNDatabaseMasterExcluding2026.csv,BA,kept,ok
BOEING COMPANY,4.0,2011-10-17,WARNDatabaseMasterExcluding2026.csv,BA,kept,ok
STANLEY BLACK & DECKER,70.0,2011-10-17,WARNDatabaseMasterExcluding2026.csv,SWK,kept,ok
EXXON MOBIL CORPORATION,7.0,2011-10-15,WARNDatabaseMasterExcluding2026.csv,XOM,kept,ok
EXXON MOBIL CORPORATION,11.0,2011-10-15,WARNDatabaseMasterExcluding2026.csv,XOM,kept,ok
EXXON MOBIL CORPORATION,9.0,2011-10-15,WARNDatabaseMasterExcluding2026.csv,XOM,kept,ok
EXXON MOBIL CORPORATION,8.0,2011-10-15,WARNDatabaseMasterExcluding2026.csv,XOM,kept,ok
EXXON MOBIL CORPORATION,11.0,2011-10-15,WARNDatabaseMasterExcluding2026.csv,XOM,kept,ok
EXXON MOBIL CORPORATION,7.0,2011-10-15,WARNDatabaseMasterExcluding2026.csv,XOM,kept,ok
EXXON MOBIL CORPORATION,8.0,2011-10-15,WARNDatabaseMasterExcluding2026.csv,XOM,kept,ok
EXXON MOBIL CORPORATION,7.0,2011-10-15,WARNDatabaseMasterExcluding2026.csv,XOM,kept,ok
EXXON MOBIL CORPORATION,10.0,2011-10-15,WARNDatabaseMasterExcluding2026.csv,XOM,kept,ok
EXXON MOBIL CORPORATION,9.0,2011-10-15,WARNDatabaseMasterExcluding2026.csv,XOM,kept,ok
EXXON MOBIL CORPORATION,9.0,2011-10-15,WARNDatabaseMasterExcluding2026.csv,XOM,kept,ok
EXXON MOBIL CORPORATION,13.0,2011-10-15,WARNDatabaseMasterExcluding2026.csv,XOM,kept,ok
EXXON MOBIL CORPORATION,9.0,2011-10-15,WARNDatabaseMasterExcluding2026.csv,XOM,kept,ok
BOEING,25.0,2011-10-14,WARNDatabaseMasterExcluding2026.csv,BA,kept,ok
GENIE,92.0,2011-10-13,WARNDatabaseMasterExcluding2026.csv,8298.TWO,kept,ok
BOSTON SCIENTIFIC CORPORATION,277.0,2011-10-13,WARNDatabaseMasterExcluding2026.csv,BSX,kept,ok
SMART,43.0,2011-10-12,WARNDatabaseMasterExcluding2026.csv,SRU-UN.TO,kept,ok
SMART,35.0,2011-10-12,WARNDatabaseMasterExcluding2026.csv,SRU-UN.TO,kept,ok
SMART,46.0,2011-10-12,WARNDatabaseMasterExcluding2026.csv,SRU-UN.TO,kept,ok
BOSTON SCIENTIFIC CORPORATION,9.0,2011-10-11,WARNDatabaseMasterExcluding2026.csv,BSX,kept,ok
"VANTIV, LLC AMENDED",55.0,2011-10-05,WARNDatabaseMasterExcluding2026.csv,VANTI.PA,kept,ok
"VANTIV, LLC AMENDED",55.0,2011-10-05,WARNDatabaseMasterExcluding2026.csv,VANTI.PA,kept,ok
LOCKHEED MARTIN CORP.,10.0,2011-10-04,WARNDatabaseMasterExcluding2026.csv,LMT,kept,ok
TEREX CORPORATION,53.0,2011-10-04,WARNDatabaseMasterExcluding2026.csv,TEX,kept,ok
TEREX CORPORATION,53.0,2011-10-04,WARNDatabaseMasterExcluding2026.csv,TEX,kept,ok
"APPLIED MATERIALS, INC.",10.0,2011-10-02,WARNDatabaseMasterExcluding2026.csv,AMAT,kept,ok
GENCO,90.0,2011-10-01,WARNDatabaseMasterExcluding2026.csv,GNK,kept,ok
MERCK,50.0,2011-10-01,WARNDatabaseMasterExcluding2026.csv,MRK,kept,ok
LOWE'S,110.0,2011-10-01,WARNDatabaseMasterExcluding2026.csv,LOW,kept,ok
BANK OF NEW YORK MELLON,2.0,2011-10-01,WARNDatabaseMasterExcluding2026.csv,BNY,kept,ok
BNY MELLON,2.0,2011-10-01,WARNDatabaseMasterExcluding2026.csv,SDSCX,kept,ok
STERIS CORPORATION,1.0,2011-10-01,WARNDatabaseMasterExcluding2026.csv,STE,kept,ok
STERIS CORPORATION,1.0,2011-10-01,WARNDatabaseMasterExcluding2026.csv,STE,kept,ok
BOEING,73.0,2011-09-30,WARNDatabaseMasterExcluding2026.csv,BA,kept,ok
BOEING COMPANY,1.0,2011-09-30,WARNDatabaseMasterExcluding2026.csv,BA,kept,ok
CALLAWAY GOLF COMPANY,57.0,2011-09-30,WARNDatabaseMasterExcluding2026.csv,CALY,kept,ok
FIRST BANK,20.0,2011-09-30,WARNDatabaseMasterExcluding2026.csv,FBTT,kept,ok
"JOHNSON CONTROLS, INC.",2.0,2011-09-30,WARNDatabaseMasterExcluding2026.csv,JCI,kept,ok
"KIMBALL ELECTRONICS, INC.",55.0,2011-09-30,WARNDatabaseMasterExcluding2026.csv,KE,kept,ok
LOCKHEED MARTIN CORPORATION,3.0,2011-09-30,WARNDatabaseMasterExcluding2026.csv,LMT,kept,ok
LOCKHEED MARTIN CORPORATION,7.0,2011-09-30,WARNDatabaseMasterExcluding2026.csv,LMT,kept,ok
LOCKHEED MARTIN CORPORATION,6.0,2011-09-30,WARNDatabaseMasterExcluding2026.csv,LMT,kept,ok
LOCKHEED MARTIN CORPORATION,6.0,2011-09-30,WARNDatabaseMasterExcluding2026.csv,LMT,kept,ok
LOCKHEED MARTIN CORPORATION,5.0,2011-09-30,WARNDatabaseMasterExcluding2026.csv,LMT,kept,ok
LOCKHEED MARTIN CORPORATION,9.0,2011-09-30,WARNDatabaseMasterExcluding2026.csv,LMT,kept,ok
LOCKHEED MARTIN CORPORATION,11.0,2011-09-30,WARNDatabaseMasterExcluding2026.csv,LMT,kept,ok
LOCKHEED MARTIN CORPORATION,26.0,2011-09-30,WARNDatabaseMasterExcluding2026.csv,LMT,kept,ok
LOCKHEED MARTIN CORPORATION,22.0,2011-09-30,WARNDatabaseMasterExcluding2026.csv,LMT,kept,ok
LOCKHEED MARTIN CORPORATION,7.0,2011-09-30,WARNDatabaseMasterExcluding2026.csv,LMT,kept,ok
THE BOEING COMPANY,1.0,2011-09-30,WARNDatabaseMasterExcluding2026.csv,BA,kept,ok
THE BOEING COMPANY,9.0,2011-09-30,WARNDatabaseMasterExcluding2026.csv,BA,kept,ok
THE BOEING COMPANY,1.0,2011-09-30,WARNDatabaseMasterExcluding2026.csv,BA,kept,ok
BANK OF AMERICA,250.0,2011-09-29,WARNDatabaseMasterExcluding2026.csv,BAC,kept,ok
BANK OF AMERICA,33.0,2011-09-29,WARNDatabaseMasterExcluding2026.csv,BAC,kept,ok
BANK OF AMERICA,41.0,2011-09-29,WARNDatabaseMasterExcluding2026.csv,BAC,kept,ok
BANK OF AMERICA,20.0,2011-09-27,WARNDatabaseMasterExcluding2026.csv,BAC,kept,ok
BOSTON SCIENTIFIC CORPORATION,13.0,2011-09-26,WARNDatabaseMasterExcluding2026.csv,BSX,kept,ok
LOCKHEED MARTIN,55.0,2011-09-23,WARNDatabaseMasterExcluding2026.csv,LMT,kept,ok
THE BOEING COMPANY,6.0,2011-09-23,WARNDatabaseMasterExcluding2026.csv,BA,kept,ok
THE BOEING COMPANY,74.0,2011-09-23,WARNDatabaseMasterExcluding2026.csv,BA,kept,ok
THE BOEING COMPANY,9.0,2011-09-23,WARNDatabaseMasterExcluding2026.csv,BA,kept,ok
THE BOEING COMPANY,62.0,2011-09-23,WARNDatabaseMasterExcluding2026.csv,BA,kept,ok
"TYSON FOODS, INC",,2011-09-22,WARNDatabaseMasterExcluding2026.csv,TSN,kept,ok
COMCAST,57.0,2011-09-22,WARNDatabaseMasterExcluding2026.csv,CMCSA,kept,ok
COMCAST,57.0,2011-09-22,WARNDatabaseMasterExcluding2026.csv,CMCSA,kept,ok
"TYSON FOODS, INC",,2011-09-22,WARNDatabaseMasterExcluding2026.csv,TSN,kept,ok
WELLS FARGO,304.0,2011-09-21,WARNDatabaseMasterExcluding2026.csv,WFC,kept,ok
PACE AMERICAN,35.0,2011-09-20,WARNDatabaseMasterExcluding2026.csv,USAI,kept,ok
CALLAWAY GOLF COMPANY,68.0,2011-09-20,WARNDatabaseMasterExcluding2026.csv,CALY,kept,ok
PACIFIC BIOSCIENCES OF CALIFORNIA,123.0,2011-09-20,WARNDatabaseMasterExcluding2026.csv,PACB,kept,ok
BOEING,10.0,2011-09-16,WARNDatabaseMasterExcluding2026.csv,BA,kept,ok
"VANTIV, LLC",25.0,2011-09-16,WARNDatabaseMasterExcluding2026.csv,VANTI.PA,kept,ok
"VANTIV, LLC",25.0,2011-09-16,WARNDatabaseMasterExcluding2026.csv,VANTI.PA,kept,ok
HUNTINGTON INGALLS,30.0,2011-09-15,WARNDatabaseMasterExcluding2026.csv,HII,kept,ok
WELLS FARGO,62.0,2011-09-15,WARNDatabaseMasterExcluding2026.csv,WFC,kept,ok
WELLS FARGO,257.0,2011-09-15,WARNDatabaseMasterExcluding2026.csv,WFC,kept,ok
DEVON ENERGY CORPORATION,7.0,2011-09-14,WARNDatabaseMasterExcluding2026.csv,DVN,kept,ok
WSI,45.0,2011-09-13,WARNDatabaseMasterExcluding2026.csv,299170.KQ,kept,ok
UNITEDHEALTH GROUP,1.0,2011-09-13,WARNDatabaseMasterExcluding2026.csv,UNH,kept,ok
LOCKHEED MARTIN,135.0,2011-09-06,WARNDatabaseMasterExcluding2026.csv,LMT,kept,ok
LOCKHEED MARTIN CORPORATION,77.0,2011-09-06,WARNDatabaseMasterExcluding2026.csv,LMT,kept,ok
WSI,16.0,2011-09-02,WARNDatabaseMasterExcluding2026.csv,299170.KQ,kept,ok
THE BOEING COMPANY,3.0,2011-09-02,WARNDatabaseMasterExcluding2026.csv,BA,kept,ok
THE BOEING COMPANY,14.0,2011-09-02,WARNDatabaseMasterExcluding2026.csv,BA,kept,ok
THE BOEING COMPANY,54.0,2011-09-02,WARNDatabaseMasterExcluding2026.csv,BA,kept,ok
UNITEDHEALTH GROUP,9.0,2011-09-02,WARNDatabaseMasterExcluding2026.csv,UNH,kept,ok
LOCKHEED MARTIN CORP.,62.0,2011-09-01,WARNDatabaseMasterExcluding2026.csv,LMT,kept,ok
INGERSOLL RAND,17.0,2011-09-01,WARNDatabaseMasterExcluding2026.csv,IR,kept,ok
INGERSOLL RAND,17.0,2011-09-01,WARNDatabaseMasterExcluding2026.csv,IR,kept,ok
BNY MELLON,15.0,2011-09-01,WARNDatabaseMasterExcluding2026.csv,SDSCX,kept,ok
OCEAN LOGISTICS,163.0,2011-09-01,WARNDatabaseMasterExcluding2026.csv,GLOBALLOG.BO,kept,ok
STANLEY BLACK & DECKER,165.0,2011-09-01,WARNDatabaseMasterExcluding2026.csv,SWK,kept,ok
STERIS CORPORATION,1.0,2011-09-01,WARNDatabaseMasterExcluding2026.csv,STE,kept,ok
WELLS FARGO & COMPANY,119.0,2011-09-01,WARNDatabaseMasterExcluding2026.csv,WFC,kept,ok
"OCEANEERING INTERNATIONAL, INC.'S MARINE SERVICES",1.0,2011-09-01,WARNDatabaseMasterExcluding2026.csv,OII,kept,ok
"OCEANEERING INTERNATIONAL, INC.'S MARINE SERVICES",91.0,2011-09-01,WARNDatabaseMasterExcluding2026.csv,OII,kept,ok
SEARS HOLDINGS CORPORATION,87.0,2011-08-31,WARNDatabaseMasterExcluding2026.csv,SHLD,kept,ok
SEARS HOLDINGS CORPORATION,71.0,2011-08-31,WARNDatabaseMasterExcluding2026.csv,SHLD,kept,ok
TECHNICOLOR,100.0,2011-08-31,WARNDatabaseMasterExcluding2026.csv,TNM2.DU,kept,ok
MODINE,120.0,2011-08-30,WARNDatabaseMasterExcluding2026.csv,MOD,kept,ok
CALLAWAY GOLF COMPANY,50.0,2011-08-30,WARNDatabaseMasterExcluding2026.csv,CALY,kept,ok
"CONAGRA FOODS, INC",37.0,2011-08-29,WARNDatabaseMasterExcluding2026.csv,CAG,kept,ok
MEDTRONIC,137.0,2011-08-29,WARNDatabaseMasterExcluding2026.csv,MDT,kept,ok
SAIC,83.0,2011-08-26,WARNDatabaseMasterExcluding2026.csv,SAIC,kept,ok
"PFIZER, INC.",22.0,2011-08-23,WARNDatabaseMasterExcluding2026.csv,PFE,kept,ok
DILLARDS,66.0,2011-08-22,WARNDatabaseMasterExcluding2026.csv,DDS,kept,ok
BOSTON SCIENTIFIC CORPORATION,52.0,2011-08-22,WARNDatabaseMasterExcluding2026.csv,BSX,kept,ok
UNITEDHEALTH GROUP,6.0,2011-08-22,WARNDatabaseMasterExcluding2026.csv,UNH,kept,ok
UNITEDHEALTH GROUP,1.0,2011-08-22,WARNDatabaseMasterExcluding2026.csv,UNH,kept,ok
"APPLIED MATERIALS, INC.",2.0,2011-08-21,WARNDatabaseMasterExcluding2026.csv,AMAT,kept,ok
"APPLIED MATERIALS, INC.",2.0,2011-08-21,WARNDatabaseMasterExcluding2026.csv,AMAT,kept,ok
BOEING,6.0,2011-08-19,WARNDatabaseMasterExcluding2026.csv,BA,kept,ok
BOEING COMPANY,5.0,2011-08-19,WARNDatabaseMasterExcluding2026.csv,BA,kept,ok
"CISCO SYSTEMS, INC.",27.0,2011-08-19,WARNDatabaseMasterExcluding2026.csv,CSCO,kept,ok
"CISCO SYSTEMS, INC.",79.0,2011-08-19,WARNDatabaseMasterExcluding2026.csv,CSCO,kept,ok
"CISCO SYSTEMS, INC.",12.0,2011-08-19,WARNDatabaseMasterExcluding2026.csv,CSCO,kept,ok
"CISCO SYSTEMS, INC.",989.0,2011-08-19,WARNDatabaseMasterExcluding2026.csv,CSCO,kept,ok
"CISCO SYSTEMS, INC.",62.0,2011-08-19,WARNDatabaseMasterExcluding2026.csv,CSCO,kept,ok
THE BOEING COMPANY,1.0,2011-08-19,WARNDatabaseMasterExcluding2026.csv,BA,kept,ok
THE BOEING COMPANY,3.0,2011-08-19,WARNDatabaseMasterExcluding2026.csv,BA,kept,ok
THE BOEING COMPANY,42.0,2011-08-19,WARNDatabaseMasterExcluding2026.csv,BA,kept,ok
THE BOEING COMPANY,2.0,2011-08-19,WARNDatabaseMasterExcluding2026.csv,BA,kept,ok
THE BOEING COMPANY,13.0,2011-08-19,WARNDatabaseMasterExcluding2026.csv,BA,kept,ok
LOCKHEED MARTIN CORPORATION,47.0,2011-08-15,WARNDatabaseMasterExcluding2026.csv,LMT,kept,ok
LOCKHEED MARTIN CORPORATION,47.0,2011-08-15,WARNDatabaseMasterExcluding2026.csv,LMT,kept,ok
CSC,86.0,2011-08-12,WARNDatabaseMasterExcluding2026.csv,CSC=F,kept,ok
"ERC, INC.",210.0,2011-08-11,WARNDatabaseMasterExcluding2026.csv,ERC,kept,ok
RANDSTAD,158.0,2011-08-11,WARNDatabaseMasterExcluding2026.csv,RAND.AS,kept,ok
BALL CORPORATION,131.0,2011-08-11,WARNDatabaseMasterExcluding2026.csv,BALL,kept,ok
CONAGRA FOODS,95.0,2011-08-10,WARNDatabaseMasterExcluding2026.csv,CAG,kept,ok
"SODEXO, INC.",62.0,2011-08-10,WARNDatabaseMasterExcluding2026.csv,SJ7.DU,kept,ok
CONAGRA FOODS,95.0,2011-08-10,WARNDatabaseMasterExcluding2026.csv,CAG,kept,ok
NEW HORIZONS,52.0,2011-08-09,WARNDatabaseMasterExcluding2026.csv,PRNHX,kept,ok
"THQ, INC. DIGITAL STUDIO PHOENIX",48.0,2011-08-08,WARNDatabaseMasterExcluding2026.csv,THQ,kept,ok
SKYLINE CORPORATION,78.0,2011-08-08,WARNDatabaseMasterExcluding2026.csv,SKY,kept,ok
THE BOEING COMPANY,102.0,2011-08-05,WARNDatabaseMasterExcluding2026.csv,BA,kept,ok
THE BOEING COMPANY,87.0,2011-08-05,WARNDatabaseMasterExcluding2026.csv,BA,kept,ok
LOCKHEED MARTIN CORP.,8.0,2011-08-03,WARNDatabaseMasterExcluding2026.csv,LMT,kept,ok
CAPITAL ONE,54.0,2011-08-03,WARNDatabaseMasterExcluding2026.csv,COF,kept,ok
VT GROUP,243.0,2011-08-03,WARNDatabaseMasterExcluding2026.csv,VTG,kept,ok
LOCKHEED MARTIN CORPORATION,41.0,2011-08-01,WARNDatabaseMasterExcluding2026.csv,LMT,kept,ok
SCIENCE APPLICATIONS INTERNATIONAL CORPORATION,80.0,2011-08-01,WARNDatabaseMasterExcluding2026.csv,SAIC,kept,ok
BNY MELLON,98.0,2011-08-01,WARNDatabaseMasterExcluding2026.csv,SDSCX,kept,ok
LOCKHEED MARTIN,5.0,2011-08-01,WARNDatabaseMasterExcluding2026.csv,LMT,kept,ok
LOCKHEED MARTIN CORPORATION,67.0,2011-08-01,WARNDatabaseMasterExcluding2026.csv,LMT,kept,ok
"SPECTRUM BRANDS, INC.",94.0,2011-08-01,WARNDatabaseMasterExcluding2026.csv,SPB,kept,ok
BANK OF NEW YORK MELLON,5.0,2011-08-01,WARNDatabaseMasterExcluding2026.csv,BNY,kept,ok
LOCKHEED MARTIN CORPORATION,4.0,2011-08-01,WARNDatabaseMasterExcluding2026.csv,LMT,kept,ok
STANLEY BLACK & DECKER,165.0,2011-08-01,WARNDatabaseMasterExcluding2026.csv,SWK,kept,ok
STERIS CORPORATION,1.0,2011-08-01,WARNDatabaseMasterExcluding2026.csv,STE,kept,ok
STERIS CORPORATION,3.0,2011-08-01,WARNDatabaseMasterExcluding2026.csv,STE,kept,ok
STERIS CORPORATION,1.0,2011-08-01,WARNDatabaseMasterExcluding2026.csv,STE,kept,ok
MEDTRONIC,1.0,2011-07-30,WARNDatabaseMasterExcluding2026.csv,MDT,kept,ok
CALLAWAY GOLF COMPANY,47.0,2011-07-29,WARNDatabaseMasterExcluding2026.csv,CALY,kept,ok
LOCKHEED MARTIN CORP.,15.0,2011-07-28,WARNDatabaseMasterExcluding2026.csv,LMT,kept,ok
LOCKHEED MARTIN,4.0,2011-07-28,WARNDatabaseMasterExcluding2026.csv,LMT,kept,ok
LOCKHEED MARTIN,2.0,2011-07-28,WARNDatabaseMasterExcluding2026.csv,LMT,kept,ok
LOCKHEED MARTIN,8.0,2011-07-28,WARNDatabaseMasterExcluding2026.csv,LMT,kept,ok
LOCKHEED MARTIN,6.0,2011-07-28,WARNDatabaseMasterExcluding2026.csv,LMT,kept,ok
LOCKHEED MARTIN,15.0,2011-07-28,WARNDatabaseMasterExcluding2026.csv,LMT,kept,ok
LOCKHEED MARTIN CORPORATION,7.0,2011-07-28,WARNDatabaseMasterExcluding2026.csv,LMT,kept,ok
LOCKHEED MARTIN CORPORATION,7.0,2011-07-28,WARNDatabaseMasterExcluding2026.csv,LMT,kept,ok
"TYSON FOODS, INC.",171.0,2011-07-27,WARNDatabaseMasterExcluding2026.csv,TSN,kept,ok
"TYSON FOODS, INC.",171.0,2011-07-27,WARNDatabaseMasterExcluding2026.csv,TSN,kept,ok
LEGG MASON,35.0,2011-07-25,WARNDatabaseMasterExcluding2026.csv,WAEXX,kept,ok
BORDERS,21.0,2011-07-25,WARNDatabaseMasterExcluding2026.csv,BDRSF,kept,ok
BANK OF AMERICA,59.0,2011-07-25,WARNDatabaseMasterExcluding2026.csv,BAC,kept,ok
BOEING,12.0,2011-07-22,WARNDatabaseMasterExcluding2026.csv,BA,kept,ok
BOEING COMPANY,41.0,2011-07-22,WARNDatabaseMasterExcluding2026.csv,BA,kept,ok
BOSTON SCIENTIFIC CORPORATION,167.0,2011-07-22,WARNDatabaseMasterExcluding2026.csv,BSX,kept,ok
THE BOEING COMPANY,2.0,2011-07-22,WARNDatabaseMasterExcluding2026.csv,BA,kept,ok
THE BOEING COMPANY,45.0,2011-07-22,WARNDatabaseMasterExcluding2026.csv,BA,kept,ok
THE BOEING COMPANY,7.0,2011-07-22,WARNDatabaseMasterExcluding2026.csv,BA,kept,ok
1-800 FLOWERS.COM,47.0,2011-07-21,WARNDatabaseMasterExcluding2026.csv,FLWS,kept,ok
"PFIZER, INC.",5.0,2011-07-21,WARNDatabaseMasterExcluding2026.csv,PFE,kept,ok
"THERMO FISHER SCIENTIFIC, INC.",67.0,2011-07-20,WARNDatabaseMasterExcluding2026.csv,TMO,kept,ok
PFIZER INC.,56.0,2011-07-19,WARNDatabaseMasterExcluding2026.csv,PFE,kept,ok
PFIZER INC.,48.0,2011-07-19,WARNDatabaseMasterExcluding2026.csv,PFE,kept,ok
BOSTON SCIENTIFIC CORPORATION,5.0,2011-07-18,WARNDatabaseMasterExcluding2026.csv,BSX,kept,ok
MAXIMUS,95.0,2011-07-18,WARNDatabaseMasterExcluding2026.csv,MMS,kept,ok
"CISCO SYSTEMS, INC.",60.0,2011-07-18,WARNDatabaseMasterExcluding2026.csv,CSCO,kept,ok
"CISCO SYSTEMS, INC.",166.0,2011-07-18,WARNDatabaseMasterExcluding2026.csv,CSCO,kept,ok
"CISCO SYSTEMS, INC.",55.0,2011-07-18,WARNDatabaseMasterExcluding2026.csv,CSCO,kept,ok
THE BOEING COMPANY,2.0,2011-07-15,WARNDatabaseMasterExcluding2026.csv,BA,kept,ok
THE BOEING COMPANY,114.0,2011-07-15,WARNDatabaseMasterExcluding2026.csv,BA,kept,ok
WELLS FARGO,79.0,2011-07-13,WARNDatabaseMasterExcluding2026.csv,WFC,kept,ok
WELLS FARGO,79.0,2011-07-13,WARNDatabaseMasterExcluding2026.csv,WFC,kept,ok
WELLS FARGO & CO.,51.0,2011-07-11,WARNDatabaseMasterExcluding2026.csv,WFC,kept,ok
PFIZER,7.0,2011-07-11,WARNDatabaseMasterExcluding2026.csv,PFE,kept,ok
"KBR, INC",119.0,2011-07-07,WARNDatabaseMasterExcluding2026.csv,KBR,kept,ok
"KBR, INC",119.0,2011-07-07,WARNDatabaseMasterExcluding2026.csv,KBR,kept,ok
BOEING,4.0,2011-07-01,WARNDatabaseMasterExcluding2026.csv,BA,kept,ok
ELAN,104.0,2011-07-01,WARNDatabaseMasterExcluding2026.csv,ELAN,kept,ok
"OCEAN LOGISTICS, LLC",163.0,2011-07-01,WARNDatabaseMasterExcluding2026.csv,GLOBALLOG.BO,kept,ok
STERIS CORPORATION,4.0,2011-07-01,WARNDatabaseMasterExcluding2026.csv,STE,kept,ok
MEDTRONIC,37.0,2011-07-01,WARNDatabaseMasterExcluding2026.csv,MDT,kept,ok
NORTHROP GRUMMAN,145.0,2011-07-01,WARNDatabaseMasterExcluding2026.csv,NOC,kept,ok
"GATES, MCDONALD & CO./NATIONWIDE BETTER HEALTH",68.0,2011-06-30,WARNDatabaseMasterExcluding2026.csv,GTES,kept,ok
CVS,73.0,2011-06-30,WARNDatabaseMasterExcluding2026.csv,CVS,kept,ok
"AMERICAN PRESS ONE AMERICAN PLACE GORDONSVILLE, VIRGINIA",123.0,2011-06-30,WARNDatabaseMasterExcluding2026.csv,AVAAX,kept,ok
"UTI, UNITED STATES, INC.",20.0,2011-06-30,WARNDatabaseMasterExcluding2026.csv,UTI,kept,ok
"JOHNSON CONTROLS, INC",1.0,2011-06-30,WARNDatabaseMasterExcluding2026.csv,JCI,kept,ok
LIFE TECHNOLOGIES,3.0,2011-06-30,WARNDatabaseMasterExcluding2026.csv,LIFE,kept,ok
US BANK,62.0,2011-06-30,WARNDatabaseMasterExcluding2026.csv,DE000A3CLJ96.SG,kept,ok
"GATES, MCDONALD & COMPANY NATIONWIDE BETTER HEATH",96.0,2011-06-29,WARNDatabaseMasterExcluding2026.csv,GTES,kept,ok
BOSTON SCIENTIFIC CORPORATION,5.0,2011-06-29,WARNDatabaseMasterExcluding2026.csv,BSX,kept,ok
"GOLDMAN, SACHS & CO.",230.0,2011-06-29,WARNDatabaseMasterExcluding2026.csv,GS,kept,ok
ELECTROLUX,3.0,2011-06-28,WARNDatabaseMasterExcluding2026.csv,ELXA.F,kept,ok
ELECTROLUX,3.0,2011-06-28,WARNDatabaseMasterExcluding2026.csv,ELXA.F,kept,ok
MEDTRONIC,50.0,2011-06-28,WARNDatabaseMasterExcluding2026.csv,MDT,kept,ok
LOCKHEED MARTIN CORP.,160.0,2011-06-27,WARNDatabaseMasterExcluding2026.csv,LMT,kept,ok
MEDTRONIC,30.0,2011-06-26,WARNDatabaseMasterExcluding2026.csv,MDT,kept,ok
CALLAWAY GOLF COMPANY,25.0,2011-06-24,WARNDatabaseMasterExcluding2026.csv,CALY,kept,ok
THE BOEING COMPANY,26.0,2011-06-24,WARNDatabaseMasterExcluding2026.csv,BA,kept,ok
THE BOEING COMPANY,70.0,2011-06-24,WARNDatabaseMasterExcluding2026.csv,BA,kept,ok
THE BOEING COMPANY,121.0,2011-06-24,WARNDatabaseMasterExcluding2026.csv,BA,kept,ok
THE BOEING COMPANY,9.0,2011-06-22,WARNDatabaseMasterExcluding2026.csv,BA,kept,ok
NORTHROP GRUMMAN,100.0,2011-06-20,WARNDatabaseMasterExcluding2026.csv,NOC,kept,ok
BOEING,89.0,2011-06-17,WARNDatabaseMasterExcluding2026.csv,BA,kept,ok
IPRO,,2011-06-15,WARNDatabaseMasterExcluding2026.csv,IPRO.RO,kept,ok
LOCKHEED MARTIN,95.0,2011-06-13,WARNDatabaseMasterExcluding2026.csv,LMT,kept,ok
"IT'S ABOUT TIME (HERFF JONES, INC. COMPANY)",35.0,2011-06-13,WARNDatabaseMasterExcluding2026.csv,300733.SZ,kept,ok
"THQ, INC.",52.0,2011-06-13,WARNDatabaseMasterExcluding2026.csv,THQ,kept,ok
"INTUIT, INC.",1.0,2011-06-13,WARNDatabaseMasterExcluding2026.csv,ISRG,kept,ok
"INTUIT, INC.",43.0,2011-06-13,WARNDatabaseMasterExcluding2026.csv,ISRG,kept,ok
BOEING COMPANY,60.0,2011-06-10,WARNDatabaseMasterExcluding2026.csv,BA,kept,ok
BOEING,3.0,2011-06-03,WARNDatabaseMasterExcluding2026.csv,BA,kept,ok
THE BOEING COMPANY,239.0,2011-06-03,WARNDatabaseMasterExcluding2026.csv,BA,kept,ok
BOSTON SCIENTIFIC CORPORATION,14.0,2011-06-02,WARNDatabaseMasterExcluding2026.csv,BSX,kept,ok
"CARTONDRUCK, USA, INC.",77.0,2011-06-01,WARNDatabaseMasterExcluding2026.csv,USA,kept,ok
BANK OF NEW YORK MELLON,5.0,2011-06-01,WARNDatabaseMasterExcluding2026.csv,BNY,kept,ok
SHARE GROUP,,2011-06-01,WARNDatabaseMasterExcluding2026.csv,HHIGF,kept,ok
STERIS CORPORATION,12.0,2011-06-01,WARNDatabaseMasterExcluding2026.csv,STE,kept,ok
STERIS CORPORATION,2.0,2011-06-01,WARNDatabaseMasterExcluding2026.csv,STE,kept,ok
"GATES, MCDONALD & CO./NATIONWIDE BETTER HEALTH",181.0,2011-05-27,WARNDatabaseMasterExcluding2026.csv,GTES,kept,ok
THE BOEING COMPANY,4.0,2011-05-27,WARNDatabaseMasterExcluding2026.csv,BA,kept,ok
THE BOEING COMPANY,99.0,2011-05-27,WARNDatabaseMasterExcluding2026.csv,BA,kept,ok
THE BOEING COMPANY,115.0,2011-05-27,WARNDatabaseMasterExcluding2026.csv,BA,kept,ok
"ONEWEST BANK, FSB",65.0,2011-05-26,WARNDatabaseMasterExcluding2026.csv,9377.KL,kept,ok
RTS,10.0,2011-05-25,WARNDatabaseMasterExcluding2026.csv,2956.HK,kept,ok
RTS,6.0,2011-05-25,WARNDatabaseMasterExcluding2026.csv,2956.HK,kept,ok
RTS,2.0,2011-05-25,WARNDatabaseMasterExcluding2026.csv,2956.HK,kept,ok
RTS,6.0,2011-05-25,WARNDatabaseMasterExcluding2026.csv,2956.HK,kept,ok
RTS,12.0,2011-05-25,WARNDatabaseMasterExcluding2026.csv,2956.HK,kept,ok
RTS,5.0,2011-05-25,WARNDatabaseMasterExcluding2026.csv,2956.HK,kept,ok
RTS,11.0,2011-05-25,WARNDatabaseMasterExcluding2026.csv,2956.HK,kept,ok
RTS,8.0,2011-05-25,WARNDatabaseMasterExcluding2026.csv,2956.HK,kept,ok
RTS,11.0,2011-05-25,WARNDatabaseMasterExcluding2026.csv,2956.HK,kept,ok
RTS,14.0,2011-05-25,WARNDatabaseMasterExcluding2026.csv,2956.HK,kept,ok
RTS,9.0,2011-05-25,WARNDatabaseMasterExcluding2026.csv,2956.HK,kept,ok
RTS,6.0,2011-05-25,WARNDatabaseMasterExcluding2026.csv,2956.HK,kept,ok
RTS,9.0,2011-05-25,WARNDatabaseMasterExcluding2026.csv,2956.HK,kept,ok
RTS,6.0,2011-05-25,WARNDatabaseMasterExcluding2026.csv,2956.HK,kept,ok
RTS,4.0,2011-05-25,WARNDatabaseMasterExcluding2026.csv,2956.HK,kept,ok
RTS,6.0,2011-05-25,WARNDatabaseMasterExcluding2026.csv,2956.HK,kept,ok
RTS,6.0,2011-05-25,WARNDatabaseMasterExcluding2026.csv,2956.HK,kept,ok
RTS,4.0,2011-05-25,WARNDatabaseMasterExcluding2026.csv,2956.HK,kept,ok
RTS,7.0,2011-05-25,WARNDatabaseMasterExcluding2026.csv,2956.HK,kept,ok
RTS,9.0,2011-05-25,WARNDatabaseMasterExcluding2026.csv,2956.HK,kept,ok
RTS,11.0,2011-05-25,WARNDatabaseMasterExcluding2026.csv,2956.HK,kept,ok
RTS,11.0,2011-05-25,WARNDatabaseMasterExcluding2026.csv,2956.HK,kept,ok
DIAGEO,55.0,2011-05-25,WARNDatabaseMasterExcluding2026.csv,DEO,kept,ok
DELUXE CORPORATION,176.0,2011-05-24,WARNDatabaseMasterExcluding2026.csv,DLX,kept,ok
"APPLIED MATERIALS, INC",28.0,2011-05-22,WARNDatabaseMasterExcluding2026.csv,AMAT,kept,ok
"APPLIED MATERIALS, INC.",2.0,2011-05-22,WARNDatabaseMasterExcluding2026.csv,AMAT,kept,ok
"APPLIED MATERIALS, INC.",1.0,2011-05-22,WARNDatabaseMasterExcluding2026.csv,AMAT,kept,ok
"APPLIED MATERIALS, INC.",1.0,2011-05-22,WARNDatabaseMasterExcluding2026.csv,AMAT,kept,ok
"APPLIED MATERIALS, INC.",1.0,2011-05-22,WARNDatabaseMasterExcluding2026.csv,AMAT,kept,ok
"APPLIED MATERIALS, INC.",1.0,2011-05-22,WARNDatabaseMasterExcluding2026.csv,AMAT,kept,ok
COMCAST CORPORATION,64.0,2011-05-22,WARNDatabaseMasterExcluding2026.csv,CMCSA,kept,ok
SEARS HOLDINGS CORPORATION,135.0,2011-05-22,WARNDatabaseMasterExcluding2026.csv,SHLD,kept,ok
WELLS FARGO,82.0,2011-05-22,WARNDatabaseMasterExcluding2026.csv,WFC,kept,ok
BEST BUY,42.0,2011-05-20,WARNDatabaseMasterExcluding2026.csv,BBY,kept,ok
NORTHROP GRUMMAN,86.0,2011-05-20,WARNDatabaseMasterExcluding2026.csv,NOC,kept,ok
THE BOEING COMPANY,65.0,2011-05-20,WARNDatabaseMasterExcluding2026.csv,BA,kept,ok
THE BOEING COMPANY,51.0,2011-05-20,WARNDatabaseMasterExcluding2026.csv,BA,kept,ok
THE BOEING COMPANY,17.0,2011-05-20,WARNDatabaseMasterExcluding2026.csv,BA,kept,ok
BELK,40.0,2011-05-19,WARNDatabaseMasterExcluding2026.csv,BELKA39917-USD,kept,ok
WELLS FARGO,3.0,2011-05-17,WARNDatabaseMasterExcluding2026.csv,WFC,kept,ok
WELLS FARGO,3.0,2011-05-17,WARNDatabaseMasterExcluding2026.csv,WFC,kept,ok
ARAMARK,92.0,2011-05-17,WARNDatabaseMasterExcluding2026.csv,ARMK,kept,ok
ALBERTSONS,72.0,2011-05-17,WARNDatabaseMasterExcluding2026.csv,ACI,kept,ok
ALBERTSONS,71.0,2011-05-17,WARNDatabaseMasterExcluding2026.csv,ACI,kept,ok
MITSUBISHI ELECTRIC,130.0,2011-05-17,WARNDatabaseMasterExcluding2026.csv,6503.T,kept,ok
BEST BUY,301.0,2011-05-16,WARNDatabaseMasterExcluding2026.csv,BBY,kept,ok
BEST BUY,301.0,2011-05-16,WARNDatabaseMasterExcluding2026.csv,BBY,kept,ok
"SODEXO, INC.",150.0,2011-05-16,WARNDatabaseMasterExcluding2026.csv,SJ7.DU,kept,ok
"JOHNSON CONTROLS, INC.",42.0,2011-05-13,WARNDatabaseMasterExcluding2026.csv,JCI,kept,ok
"JOHNSON CONTROLS, INC",1.0,2011-05-13,WARNDatabaseMasterExcluding2026.csv,JCI,kept,ok
WORTHINGTON INDUSTRIES,59.0,2011-05-12,WARNDatabaseMasterExcluding2026.csv,WOR,kept,ok
PFIZER INC.,119.0,2011-05-12,WARNDatabaseMasterExcluding2026.csv,PFE,kept,ok
BAE SYSTEMS,90.0,2011-05-10,WARNDatabaseMasterExcluding2026.csv,BA.L,kept,ok
BAE SYSTEMS,125.0,2011-05-10,WARNDatabaseMasterExcluding2026.csv,BA.L,kept,ok
BEST BUY,262.0,2011-05-06,WARNDatabaseMasterExcluding2026.csv,BBY,kept,ok
THE BOEING COMPANY,57.0,2011-05-06,WARNDatabaseMasterExcluding2026.csv,BA,kept,ok
ARAMARK,291.0,2011-05-03,WARNDatabaseMasterExcluding2026.csv,ARMK,kept,ok
"BEN-EZRA & KATZ, P.A.",145.0,2011-05-03,WARNDatabaseMasterExcluding2026.csv,7225.KL,kept,ok
BOSTON SCIENTIFIC CORPORATION,18.0,2011-05-03,WARNDatabaseMasterExcluding2026.csv,BSX,kept,ok
"SODEXO, INC. @ MANHATTAN COLLEGE",125.0,2011-05-02,WARNDatabaseMasterExcluding2026.csv,SW.PA,kept,ok
THE BANK OF NEW YORK MELLON,98.0,2011-05-01,WARNDatabaseMasterExcluding2026.csv,BNY,kept,ok
"NATIONAL VISION, INC.",213.0,2011-05-01,WARNDatabaseMasterExcluding2026.csv,EYE,kept,ok
THE BANK OF NEW YORK MELLON,98.0,2011-05-01,WARNDatabaseMasterExcluding2026.csv,BNY,kept,ok
"SODEXO, INC. (ONSITE AT LYCOMING COLLEGE)",64.0,2011-05-01,WARNDatabaseMasterExcluding2026.csv,0J3F.IL,kept,ok
STERIS CORPORATION,7.0,2011-05-01,WARNDatabaseMasterExcluding2026.csv,STE,kept,ok
STERIS CORPORATION,2.0,2011-05-01,WARNDatabaseMasterExcluding2026.csv,STE,kept,ok
NORTHROP GRUMMAN,5.0,2011-04-30,WARNDatabaseMasterExcluding2026.csv,NOC,kept,ok
SONOCO,0.0,2011-04-28,WARNDatabaseMasterExcluding2026.csv,SON,kept,ok
"SPECTRUM BRANDS, INC. REMINGTON DIST. CENTER",40.0,2011-04-28,WARNDatabaseMasterExcluding2026.csv,SPB,kept,ok
BANK OF AMERICA,18.0,2011-04-27,WARNDatabaseMasterExcluding2026.csv,BAC,kept,ok
AEGON,4.0,2011-04-25,WARNDatabaseMasterExcluding2026.csv,AEG,kept,ok
LOCKHEED MARTIN CORP.,6.0,2011-04-25,WARNDatabaseMasterExcluding2026.csv,LMT,kept,ok
ARAMARK,135.0,2011-04-25,WARNDatabaseMasterExcluding2026.csv,ARMK,kept,ok
AEGON,4.0,2011-04-25,WARNDatabaseMasterExcluding2026.csv,AEG,kept,ok
THE BOEING COMPANY,3.0,2011-04-22,WARNDatabaseMasterExcluding2026.csv,BA,kept,ok
THE BOEING COMPANY,104.0,2011-04-22,WARNDatabaseMasterExcluding2026.csv,BA,kept,ok
THE BOEING COMPANY,14.0,2011-04-22,WARNDatabaseMasterExcluding2026.csv,BA,kept,ok
QUAD GRAPHICS,412.0,2011-04-19,WARNDatabaseMasterExcluding2026.csv,QUAD,kept,ok
COMCAST CORPORATION,53.0,2011-04-17,WARNDatabaseMasterExcluding2026.csv,CMCSA,kept,ok
"RADIA, INC. P. S.",51.0,2011-04-14,WARNDatabaseMasterExcluding2026.csv,RDN,kept,ok
WHIRLPOOL CORPORATION,140.0,2011-04-12,WARNDatabaseMasterExcluding2026.csv,WHR,kept,ok
"SODEXO, INC @ SUNY BUFFALO STATE COLLEGE",221.0,2011-04-08,WARNDatabaseMasterExcluding2026.csv,SW.PA,kept,ok
BOEING COMPANY,1.0,2011-04-08,WARNDatabaseMasterExcluding2026.csv,BA,kept,ok
BOEING COMPANY,1.0,2011-04-08,WARNDatabaseMasterExcluding2026.csv,BA,kept,ok
BOEING COMPANY,22.0,2011-04-08,WARNDatabaseMasterExcluding2026.csv,BA,kept,ok
BOEING COMPANY,9.0,2011-04-08,WARNDatabaseMasterExcluding2026.csv,BA,kept,ok
BOSTON SCIENTIFIC CORPORATION,3.0,2011-04-04,WARNDatabaseMasterExcluding2026.csv,BSX,kept,ok
"SODEXO, INC. DBA GULFCOAST LINEN SVCS.",55.0,2011-04-04,WARNDatabaseMasterExcluding2026.csv,SJ7.DU,kept,ok
"SODEXO, INC.",82.0,2011-04-01,WARNDatabaseMasterExcluding2026.csv,SJ7.DU,kept,ok
"ALLOY SURFACES COMPANY INC.; PLANTS 1, 2, 3",160.0,2011-04-01,WARNDatabaseMasterExcluding2026.csv,CL=F,kept,ok
BANK OF NEW YORK MELLON,12.0,2011-04-01,WARNDatabaseMasterExcluding2026.csv,BNY,kept,ok
BNY MELLON,51.0,2011-04-01,WARNDatabaseMasterExcluding2026.csv,SDSCX,kept,ok
HEWLETT-PACKARD,92.0,2011-04-01,WARNDatabaseMasterExcluding2026.csv,HPE,kept,ok
STERIS CORPORATION,2.0,2011-04-01,WARNDatabaseMasterExcluding2026.csv,STE,kept,ok
STERIS CORPORATION,29.0,2011-04-01,WARNDatabaseMasterExcluding2026.csv,STE,kept,ok
WELLS FARGO & COMPANY,193.0,2011-04-01,WARNDatabaseMasterExcluding2026.csv,WFC,kept,ok
WELLS FARGO & COMPANY,56.0,2011-04-01,WARNDatabaseMasterExcluding2026.csv,WFC,kept,ok
HILTON WORLDWIDE,48.0,2011-04-01,WARNDatabaseMasterExcluding2026.csv,HLT,kept,ok
"BEN-EZRA & KATZ, P.A.",54.0,2011-03-31,WARNDatabaseMasterExcluding2026.csv,7225.KL,kept,ok
"BIOGEN IDEC, INC.",71.0,2011-03-31,WARNDatabaseMasterExcluding2026.csv,BIIB,kept,ok
LOCKHEED MARTIN CORP.,4.0,2011-03-29,WARNDatabaseMasterExcluding2026.csv,LMT,kept,ok
"DBX, INC. SUBSIDIARY OF THE DRESS BARN (DISTRIBUTION CENTER)",8.0,2011-03-28,WARNDatabaseMasterExcluding2026.csv,DBX,kept,ok
"APPLIED MATERIALS, INC",4.0,2011-03-27,WARNDatabaseMasterExcluding2026.csv,AMAT,kept,ok
"APPLIED MATERIALS, INC",4.0,2011-03-27,WARNDatabaseMasterExcluding2026.csv,AMAT,kept,ok
ALTRON,72.0,2011-03-25,WARNDatabaseMasterExcluding2026.csv,AEL.JO,kept,ok
BOEING COMPANY,6.0,2011-03-25,WARNDatabaseMasterExcluding2026.csv,BA,kept,ok
BOEING COMPANY,57.0,2011-03-25,WARNDatabaseMasterExcluding2026.csv,BA,kept,ok
WELLS FARGO,139.0,2011-03-23,WARNDatabaseMasterExcluding2026.csv,WFC,kept,ok
WELLS FARGO,67.0,2011-03-23,WARNDatabaseMasterExcluding2026.csv,WFC,kept,ok
WELLS FARGO,139.0,2011-03-23,WARNDatabaseMasterExcluding2026.csv,WFC,kept,ok
"ITT, GLOBAL INFORMATION SERVICES",48.0,2011-03-22,WARNDatabaseMasterExcluding2026.csv,ITT,kept,ok
AMGEN,360.0,2011-03-22,WARNDatabaseMasterExcluding2026.csv,AMGN,kept,ok
NORTHROP GRUMMAN,8.0,2011-03-21,WARNDatabaseMasterExcluding2026.csv,NOC,kept,ok
VULCAN MATERIALS COMPANY,61.0,2011-03-18,WARNDatabaseMasterExcluding2026.csv,VMC,kept,ok
GHS,112.0,2011-03-18,WARNDatabaseMasterExcluding2026.csv,GHSJPY=X,kept,ok
"DILLARD'S, INC.",71.0,2011-03-16,WARNDatabaseMasterExcluding2026.csv,DDS,kept,ok
COMCAST CORPORATION,34.0,2011-03-14,WARNDatabaseMasterExcluding2026.csv,CMCSA,kept,ok
"UNION BANK, N.A.",72.0,2011-03-11,WARNDatabaseMasterExcluding2026.csv,UIO.F,kept,ok
"APPLIED MATERIALS, INC",4.0,2011-03-11,WARNDatabaseMasterExcluding2026.csv,AMAT,kept,ok
"REMUDA RANCH ONE EAST APACHE STREET WICKENBURG, AZ",74.0,2011-03-10,WARNDatabaseMasterExcluding2026.csv,AZ,kept,ok
WORTHINGTON STEEL,79.0,2011-03-09,WARNDatabaseMasterExcluding2026.csv,WS,kept,ok
HONEYWELL,190.0,2011-03-08,WARNDatabaseMasterExcluding2026.csv,HON,kept,ok
BANK OF AMERICA,39.0,2011-03-04,WARNDatabaseMasterExcluding2026.csv,BAC,kept,ok
THE BOEING COMPANY,1.0,2011-03-04,WARNDatabaseMasterExcluding2026.csv,BA,kept,ok
SCHOLASTIC,70.0,2011-03-03,WARNDatabaseMasterExcluding2026.csv,SCHL,kept,ok
JOHNSON CONTROL,257.0,2011-03-02,WARNDatabaseMasterExcluding2026.csv,JCI,kept,ok
LOCKHEED MARTIN CORP.,3.0,2011-03-01,WARNDatabaseMasterExcluding2026.csv,LMT,kept,ok
"NORKUS ENTERPRISES, INC. (NEI)",701.0,2011-03-01,WARNDatabaseMasterExcluding2026.csv,0P0001D53F.TO,kept,ok
ARAMARK,46.0,2011-03-01,WARNDatabaseMasterExcluding2026.csv,ARMK,kept,ok
BOSTON SCIENTIFIC CORPORATION,12.0,2011-03-01,WARNDatabaseMasterExcluding2026.csv,BSX,kept,ok
ARMSTRONG WORLD INDUSTRIES,15.0,2011-03-01,WARNDatabaseMasterExcluding2026.csv,AWI,kept,ok
"SODEXO, INC.",113.0,2011-03-01,WARNDatabaseMasterExcluding2026.csv,SJ7.DU,kept,ok
STERIS CORPORATION,125.0,2011-03-01,WARNDatabaseMasterExcluding2026.csv,STE,kept,ok
LIFE TECHNOLOGIES,2.0,2011-03-01,WARNDatabaseMasterExcluding2026.csv,LIFE,kept,ok
NORTHROP GRUMMAN,146.0,2011-02-28,WARNDatabaseMasterExcluding2026.csv,NOC,kept,ok
COMCAST CORPORATION,21.0,2011-02-28,WARNDatabaseMasterExcluding2026.csv,CMCSA,kept,ok
YAHOO!,265.0,2011-02-25,WARNDatabaseMasterExcluding2026.csv,YOJ.SG,kept,ok
NORTHROP GRUMMAN,3.0,2011-02-23,WARNDatabaseMasterExcluding2026.csv,NOC,kept,ok
WELLS FARGO,155.0,2011-02-23,WARNDatabaseMasterExcluding2026.csv,WFC,kept,ok
"DBX, INC. SUBSIDIARY OF THE DRESS BARN (DISTRIBUTION CENTER)",8.0,2011-02-23,WARNDatabaseMasterExcluding2026.csv,DBX,kept,ok
"DBX, INC. SUBSIDIARY OF THE DRESS BARN (DISTRIBUTION CENTER)",5.0,2011-02-23,WARNDatabaseMasterExcluding2026.csv,DBX,kept,ok
"BEN-EZRA & KATZ, P.A.",182.0,2011-02-21,WARNDatabaseMasterExcluding2026.csv,7225.KL,kept,ok
BOEING,11.0,2011-02-18,WARNDatabaseMasterExcluding2026.csv,BA,kept,ok
BOEING COMPANY,9.0,2011-02-18,WARNDatabaseMasterExcluding2026.csv,BA,kept,ok
BOEING COMPANY,16.0,2011-02-18,WARNDatabaseMasterExcluding2026.csv,BA,kept,ok
"ALABAMA AIRCRAFT INDUSTRIES, INC.",321.0,2011-02-17,WARNDatabaseMasterExcluding2026.csv,AAIIQ,kept,ok
STANLEY BLACK & DECKER,5.0,2011-02-15,WARNDatabaseMasterExcluding2026.csv,SWK,kept,ok
BOSTON SCIENTIFIC CORPORATION,31.0,2011-02-14,WARNDatabaseMasterExcluding2026.csv,BSX,kept,ok
EXEL INC.,82.0,2011-02-14,WARNDatabaseMasterExcluding2026.csv,EXEL,kept,ok
EXEL INC.,82.0,2011-02-14,WARNDatabaseMasterExcluding2026.csv,EXEL,kept,ok
WELLS FARGO,142.0,2011-02-11,WARNDatabaseMasterExcluding2026.csv,WFC,kept,ok
WELLS FARGO,142.0,2011-02-11,WARNDatabaseMasterExcluding2026.csv,WFC,kept,ok
NORTHROP GRUMMAN,28.0,2011-02-11,WARNDatabaseMasterExcluding2026.csv,NOC,kept,ok
HOME DEPOT,81.0,2011-02-10,WARNDatabaseMasterExcluding2026.csv,HD,kept,ok
WESTERN UNION,88.0,2011-02-10,WARNDatabaseMasterExcluding2026.csv,WU,kept,ok
HOME DEPOT,79.0,2011-02-10,WARNDatabaseMasterExcluding2026.csv,HD,kept,ok
BOEING COMPANY,19.0,2011-02-08,WARNDatabaseMasterExcluding2026.csv,BA,kept,ok
GANNETT,150.0,2011-02-07,WARNDatabaseMasterExcluding2026.csv,US36472T1097.SG,kept,ok
HEWLETT-PACKARD,195.0,2011-02-03,WARNDatabaseMasterExcluding2026.csv,HPE,kept,ok
WELLS FARGO,195.0,2011-02-03,WARNDatabaseMasterExcluding2026.csv,WFC,kept,ok
CONSUMER SERVICES,23.0,2011-02-02,WARNDatabaseMasterExcluding2026.csv,^BUKCONS,kept,ok
UNITED HEALTH,30.0,2011-02-02,WARNDatabaseMasterExcluding2026.csv,UEEC,kept,ok
"LEVY PREMIUM FOODSERVICE LIMITED PARTNERSHIP,HOLLY",174.0,2011-02-02,WARNDatabaseMasterExcluding2026.csv,001236.SZ,kept,ok
GILDAN,279.0,2011-02-01,WARNDatabaseMasterExcluding2026.csv,GIL,kept,ok
"ALLOY SURFACES COMPANY, INC.: PLANTS 1, 2",160.0,2011-02-01,WARNDatabaseMasterExcluding2026.csv,CL=F,kept,ok
"ARMSTRONG WORLD INDUSTRIES, INC.",94.0,2011-02-01,WARNDatabaseMasterExcluding2026.csv,AWI,kept,ok
"SODEXO, INC.",71.0,2011-02-01,WARNDatabaseMasterExcluding2026.csv,SJ7.DU,kept,ok
STERIS CORPORATION,3.0,2011-02-01,WARNDatabaseMasterExcluding2026.csv,STE,kept,ok
STERIS CORPORATION,16.0,2011-02-01,WARNDatabaseMasterExcluding2026.csv,STE,kept,ok
STERIS CORPORATION,6.0,2011-02-01,WARNDatabaseMasterExcluding2026.csv,STE,kept,ok
"TOPS MARKET, LLC",106.0,2011-02-01,WARNDatabaseMasterExcluding2026.csv,0P0001NVCG,kept,ok
NORTHROP GRUMMAN,97.0,2011-01-31,WARNDatabaseMasterExcluding2026.csv,NOC,kept,ok
NORTHROP GRUMMAN,105.0,2011-01-31,WARNDatabaseMasterExcluding2026.csv,NOC,kept,ok
BANK OF AMERICA,50.0,2011-01-30,WARNDatabaseMasterExcluding2026.csv,BAC,kept,ok
ELECTROLUX,173.0,2011-01-28,WARNDatabaseMasterExcluding2026.csv,ELXA.F,kept,ok
EXEL,69.0,2011-01-28,WARNDatabaseMasterExcluding2026.csv,EXEL,kept,ok
ELECTROLUX,173.0,2011-01-28,WARNDatabaseMasterExcluding2026.csv,ELXA.F,kept,ok
NORTHROP GRUMMAN,5.0,2011-01-28,WARNDatabaseMasterExcluding2026.csv,NOC,kept,ok
ELECTROLUX,510.0,2011-01-27,WARNDatabaseMasterExcluding2026.csv,ELXA.F,kept,ok
USEC,500.0,2011-01-27,WARNDatabaseMasterExcluding2026.csv,USEC.AS,kept,ok
ELECTROLUX,510.0,2011-01-27,WARNDatabaseMasterExcluding2026.csv,ELXA.F,kept,ok
"ABB, INC.",159.0,2011-01-26,WARNDatabaseMasterExcluding2026.csv,ABBV,kept,ok
GE AVIATION,44.0,2011-01-26,WARNDatabaseMasterExcluding2026.csv,563320.SS,kept,ok
"PFIZER, INC.",13.0,2011-01-26,WARNDatabaseMasterExcluding2026.csv,PFE,kept,ok
"WAL-MART STORES, INC. /SAM’S CLUB",122.0,2011-01-25,WARNDatabaseMasterExcluding2026.csv,GJO,kept,ok
"DBX, INC. SUBSIDIARY OF THE DRESS BARN (DISTRIBUTION CENTER)",22.0,2011-01-25,WARNDatabaseMasterExcluding2026.csv,DBX,kept,ok
TECHNICOLOR,394.0,2011-01-25,WARNDatabaseMasterExcluding2026.csv,TNM2.DU,kept,ok
ABERCROMBIE & FITCH,54.0,2011-01-22,WARNDatabaseMasterExcluding2026.csv,ANF,kept,ok
BOEING,14.0,2011-01-21,WARNDatabaseMasterExcluding2026.csv,BA,kept,ok
SCIENCE APPLICATIONS INTERNATIONAL CORPORATION,55.0,2011-01-21,WARNDatabaseMasterExcluding2026.csv,SAIC,kept,ok
THE BOEING COMPANY,39.0,2011-01-21,WARNDatabaseMasterExcluding2026.csv,BA,kept,ok
NORTHROP GRUMMAN,55.0,2011-01-18,WARNDatabaseMasterExcluding2026.csv,NOC,kept,ok
"ALTRON, INC.",74.0,2011-01-18,WARNDatabaseMasterExcluding2026.csv,AEL.JO,kept,ok
"APPLIED MATERIALS, INC.",13.0,2011-01-18,WARNDatabaseMasterExcluding2026.csv,AMAT,kept,ok
"APPLIED MATERIALS, INC.",13.0,2011-01-18,WARNDatabaseMasterExcluding2026.csv,AMAT,kept,ok
"APPLIED MATERIALS, INC.",3.0,2011-01-18,WARNDatabaseMasterExcluding2026.csv,AMAT,kept,ok
WELLS FARGO,22.0,2011-01-15,WARNDatabaseMasterExcluding2026.csv,WFC,kept,ok
WELLS FARGO,32.0,2011-01-14,WARNDatabaseMasterExcluding2026.csv,WFC,kept,ok
WELLS FARGO,32.0,2011-01-14,WARNDatabaseMasterExcluding2026.csv,WFC,kept,ok
"JOHN B. SANFILIPPO & SON, INC.",19.0,2011-01-14,WARNDatabaseMasterExcluding2026.csv,JO1.F,kept,ok
BELK,25.0,2011-01-12,WARNDatabaseMasterExcluding2026.csv,BELKA39917-USD,kept,ok
VERISIGN,15.0,2011-01-10,WARNDatabaseMasterExcluding2026.csv,VRSN,kept,ok
"ALBERTSON'S, INC.",4.0,2011-01-09,WARNDatabaseMasterExcluding2026.csv,ACI,kept,ok
SEARS HOLDINGS CORPORATION,85.0,2011-01-07,WARNDatabaseMasterExcluding2026.csv,SHLD,kept,ok
FLUOR,132.0,2011-01-06,WARNDatabaseMasterExcluding2026.csv,FLR,kept,ok
FLUOR,132.0,2011-01-06,WARNDatabaseMasterExcluding2026.csv,FLR,kept,ok
NORTHROP GRUMMAN,70.0,2011-01-06,WARNDatabaseMasterExcluding2026.csv,NOC,kept,ok
"BJ'S WHOLESALE CLUB, INC.",99.0,2011-01-05,WARNDatabaseMasterExcluding2026.csv,BJ,kept,ok
BOSTON SCIENTIFIC CORPORATION,76.0,2011-01-05,WARNDatabaseMasterExcluding2026.csv,BSX,kept,ok
"HILTON WORLDWIDE, DESIGN & CONSTRUCTION DEPARTMENT",1.0,2011-01-05,WARNDatabaseMasterExcluding2026.csv,HLT,kept,ok
THE BOEING COMPANY,47.0,2011-01-03,WARNDatabaseMasterExcluding2026.csv,BA,kept,ok
THE BOEING COMPANY,59.0,2011-01-03,WARNDatabaseMasterExcluding2026.csv,BA,kept,ok
THE BOEING COMPANY,2.0,2011-01-03,WARNDatabaseMasterExcluding2026.csv,BA,kept,ok
THE BOEING COMPANY,30.0,2011-01-03,WARNDatabaseMasterExcluding2026.csv,BA,kept,ok
AGY,1.0,2011-01-01,WARNDatabaseMasterExcluding2026.csv,AGYS,kept,ok
"EXEL, INC. HERSHEY SITE",86.0,2011-01-01,WARNDatabaseMasterExcluding2026.csv,EXEL,kept,ok
"EXEL, INC.",71.0,2010-12-31,WARNDatabaseMasterExcluding2026.csv,EXEL,kept,ok
"JAL TRANS, INC.",78.0,2010-12-31,WARNDatabaseMasterExcluding2026.csv,JALAN-SM.NS,kept,ok
"JOHNSON CONTROLS, INC.",5.0,2010-12-31,WARNDatabaseMasterExcluding2026.csv,JCI,kept,ok
LIFE TECHNOLOGIES,44.0,2010-12-31,WARNDatabaseMasterExcluding2026.csv,LIFE,kept,ok
NORTHROP GRUMMAN,300.0,2010-12-31,WARNDatabaseMasterExcluding2026.csv,NOC,kept,ok
PFIZER,27.0,2010-12-28,WARNDatabaseMasterExcluding2026.csv,PFE,kept,ok
PFIZER,,2010-12-28,WARNDatabaseMasterExcluding2026.csv,PFE,kept,ok
UNIVERSAL MUSIC GROUP,8.0,2010-12-27,WARNDatabaseMasterExcluding2026.csv,UMGNF,kept,ok
"DI-PRO, INC.",19.0,2010-12-24,WARNDatabaseMasterExcluding2026.csv,DIB.JO,kept,ok
BOEING,3.0,2010-12-17,WARNDatabaseMasterExcluding2026.csv,BA,kept,ok
LIFE TECHNOLOGIES,60.0,2010-12-17,WARNDatabaseMasterExcluding2026.csv,LIFE,kept,ok
THE BOEING COMPANY,32.0,2010-12-17,WARNDatabaseMasterExcluding2026.csv,BA,kept,ok
SONOCO PRODUCTS,50.0,2010-12-14,WARNDatabaseMasterExcluding2026.csv,SON,kept,ok
VERISIGN,3.0,2010-12-10,WARNDatabaseMasterExcluding2026.csv,VRSN,kept,ok
SEARS HOLDINGS CORPORATION,77.0,2010-12-07,WARNDatabaseMasterExcluding2026.csv,SHLD,kept,ok
"QUADGRAPHICS, INC. N",312.0,2010-12-06,WARNDatabaseMasterExcluding2026.csv,BRK-B,kept,ok
WELLS FARGO,101.0,2010-12-05,WARNDatabaseMasterExcluding2026.csv,WFC,kept,ok
BANK OF AMERICA,113.0,2010-12-03,WARNDatabaseMasterExcluding2026.csv,BAC,kept,ok
BANK OF AMERICA,25.0,2010-12-03,WARNDatabaseMasterExcluding2026.csv,BAC,kept,ok
ABBOTT LABORATORIES,7.0,2010-12-02,WARNDatabaseMasterExcluding2026.csv,ABT,kept,ok
BANK OF AMERICA,299.0,2010-12-01,WARNDatabaseMasterExcluding2026.csv,BAC,kept,ok
"BIOMERIEUX, INC.",80.0,2010-12-01,WARNDatabaseMasterExcluding2026.csv,BIMP.XD,kept,ok
STERIS CORPORATION,12.0,2010-12-01,WARNDatabaseMasterExcluding2026.csv,STE,kept,ok
LIFE TECHNOLOGIES,2.0,2010-12-01,WARNDatabaseMasterExcluding2026.csv,LIFE,kept,ok
"DI-PRO, INC.",114.0,2010-11-30,WARNDatabaseMasterExcluding2026.csv,DIB.JO,kept,ok
"JAL TRANS, INC.",30.0,2010-11-30,WARNDatabaseMasterExcluding2026.csv,JALAN-SM.NS,kept,ok
FEDEX,222.0,2010-11-29,WARNDatabaseMasterExcluding2026.csv,FDX,kept,ok
"STMICROELECTRONICS, INC.",2.0,2010-11-29,WARNDatabaseMasterExcluding2026.csv,STM,kept,ok
"STMICROELECTRONICS, INC.",1.0,2010-11-29,WARNDatabaseMasterExcluding2026.csv,STM,kept,ok
"ABBOTT LABORATORIES, INC.",2.0,2010-11-23,WARNDatabaseMasterExcluding2026.csv,ABT,kept,ok
CEMEX,49.0,2010-11-22,WARNDatabaseMasterExcluding2026.csv,CEMEX,kept,ok
BOEING,3.0,2010-11-19,WARNDatabaseMasterExcluding2026.csv,BA,kept,ok
THE BOEING COMPANY,14.0,2010-11-19,WARNDatabaseMasterExcluding2026.csv,BA,kept,ok
THE BOEING COMPANY,36.0,2010-11-19,WARNDatabaseMasterExcluding2026.csv,BA,kept,ok
THE BOEING COMPANY,42.0,2010-11-19,WARNDatabaseMasterExcluding2026.csv,BA,kept,ok
THE BOEING COMPANY,3.0,2010-11-19,WARNDatabaseMasterExcluding2026.csv,BA,kept,ok
NORTHROP GRUMMAN,75.0,2010-11-18,WARNDatabaseMasterExcluding2026.csv,NOC,kept,ok
CAPITAL ONE,42.0,2010-11-18,WARNDatabaseMasterExcluding2026.csv,COF,kept,ok
"ALTRON, INC.",79.0,2010-11-17,WARNDatabaseMasterExcluding2026.csv,AEL.JO,kept,ok
COMCAST,321.0,2010-11-15,WARNDatabaseMasterExcluding2026.csv,CMCSA,kept,ok
INTERNATIONAL PAPER,78.0,2010-11-15,WARNDatabaseMasterExcluding2026.csv,IP,kept,ok
TARGET,74.0,2010-11-12,WARNDatabaseMasterExcluding2026.csv,TGT,kept,ok
ELECTROLUX,36.0,2010-11-10,WARNDatabaseMasterExcluding2026.csv,ELXA.F,kept,ok
ELECTROLUX,36.0,2010-11-10,WARNDatabaseMasterExcluding2026.csv,ELXA.F,kept,ok
VERISIGN,4.0,2010-11-10,WARNDatabaseMasterExcluding2026.csv,VRSN,kept,ok
DJSP ENTERPRISES,435.0,2010-11-09,WARNDatabaseMasterExcluding2026.csv,DJSP,kept,ok
OWENS CORNING,140.0,2010-11-03,WARNDatabaseMasterExcluding2026.csv,OC,kept,ok
EXEL,146.0,2010-11-02,WARNDatabaseMasterExcluding2026.csv,EXEL,kept,ok
MERCK & CO. INC.,54.0,2010-11-01,WARNDatabaseMasterExcluding2026.csv,MRK,kept,ok
"SODEXO, INC.",68.0,2010-11-01,WARNDatabaseMasterExcluding2026.csv,SJ7.DU,kept,ok
"JOHNSON & JOHNSON, PRD (JANSEN SUPPLY CHAIN)",79.0,2010-11-01,WARNDatabaseMasterExcluding2026.csv,JNJ,kept,ok
"ARMSTRONG WORLD INDUSTRIES, INC.",30.0,2010-11-01,WARNDatabaseMasterExcluding2026.csv,AWI,kept,ok
LIFE TECHNOLOGIES,28.0,2010-11-01,WARNDatabaseMasterExcluding2026.csv,LIFE,kept,ok
"JOHNSON CONTROLS, INC.",1.0,2010-10-29,WARNDatabaseMasterExcluding2026.csv,JCI,kept,ok
"JOHNSON CONTROLS, INC.",2.0,2010-10-29,WARNDatabaseMasterExcluding2026.csv,JCI,kept,ok
ELECTROLUX,295.0,2010-10-28,WARNDatabaseMasterExcluding2026.csv,ELXA.F,kept,ok
ELECTROLUX,295.0,2010-10-28,WARNDatabaseMasterExcluding2026.csv,ELXA.F,kept,ok
LOCKHEED MARTIN CORP.,59.0,2010-10-27,WARNDatabaseMasterExcluding2026.csv,LMT,kept,ok
PRINCIPAL FINANCIAL GROUP,82.0,2010-10-25,WARNDatabaseMasterExcluding2026.csv,PFG,kept,ok
NORTHROP GRUMMAN,175.0,2010-10-25,WARNDatabaseMasterExcluding2026.csv,NOC,kept,ok
PRINCIPAL FINANCIAL GROUP,10.0,2010-10-22,WARNDatabaseMasterExcluding2026.csv,PFG,kept,ok
PRINCIPAL FINANCIAL GROUP,67.0,2010-10-22,WARNDatabaseMasterExcluding2026.csv,PFG,kept,ok
PRINCIPAL FINANCIAL GROUP,6.0,2010-10-22,WARNDatabaseMasterExcluding2026.csv,PFG,kept,ok
CAPITAL ONE,24.0,2010-10-20,WARNDatabaseMasterExcluding2026.csv,COF,kept,ok
"ABBOTT LABORATORIES, INC.",23.0,2010-10-20,WARNDatabaseMasterExcluding2026.csv,ABT,kept,ok
VI,83.0,2010-10-19,WARNDatabaseMasterExcluding2026.csv,SPCE,kept,ok
DEVON ENERGY CORPORATION,34.0,2010-10-18,WARNDatabaseMasterExcluding2026.csv,DVN,kept,ok
BOEING,97.0,2010-10-15,WARNDatabaseMasterExcluding2026.csv,BA,kept,ok
THE COCA-COLA COMPANY,87.0,2010-10-15,WARNDatabaseMasterExcluding2026.csv,KO,kept,ok
ALBERTSONS',86.0,2010-10-15,WARNDatabaseMasterExcluding2026.csv,ACI,kept,ok
ALBERTSONS',66.0,2010-10-15,WARNDatabaseMasterExcluding2026.csv,ACI,kept,ok
URS,96.0,2010-10-13,WARNDatabaseMasterExcluding2026.csv,URSP,kept,ok
PRINCIPAL FINANCIAL GROUP,2.0,2010-10-11,WARNDatabaseMasterExcluding2026.csv,PFG,kept,ok
PRINCIPAL FINANCIAL GROUP,60.0,2010-10-11,WARNDatabaseMasterExcluding2026.csv,PFG,kept,ok
PRINCIPAL FINANCIAL GROUP,60.0,2010-10-11,WARNDatabaseMasterExcluding2026.csv,PFG,kept,ok
PRINCIPAL FINANCIAL GROUP,2.0,2010-10-11,WARNDatabaseMasterExcluding2026.csv,PFG,kept,ok
VERISIGN,53.0,2010-10-11,WARNDatabaseMasterExcluding2026.csv,VRSN,kept,ok
PFIZER,13.0,2010-10-07,WARNDatabaseMasterExcluding2026.csv,PFE,kept,ok
BECTON DICKINSON,50.0,2010-10-06,WARNDatabaseMasterExcluding2026.csv,BDX,kept,ok
PFIZER,4.0,2010-10-06,WARNDatabaseMasterExcluding2026.csv,PFE,kept,ok
TARGET,165.0,2010-10-05,WARNDatabaseMasterExcluding2026.csv,TGT,kept,ok
LIFE TECHNOLOGIES,22.0,2010-10-01,WARNDatabaseMasterExcluding2026.csv,LIFE,kept,ok
"JOHNSON CONTROLS, INC",4.0,2010-09-30,WARNDatabaseMasterExcluding2026.csv,JCI,kept,ok
NORTHROP GRUMMAN,106.0,2010-09-27,WARNDatabaseMasterExcluding2026.csv,NOC,kept,ok
AMERICAN AIRLINES,60.0,2010-09-24,WARNDatabaseMasterExcluding2026.csv,AAL,kept,ok
"AMERICAN AIRLINES, INC.",148.0,2010-09-24,WARNDatabaseMasterExcluding2026.csv,AAL,kept,ok
THE BOEING COMPANY,24.0,2010-09-24,WARNDatabaseMasterExcluding2026.csv,BA,kept,ok
THE BOEING COMPANY,64.0,2010-09-24,WARNDatabaseMasterExcluding2026.csv,BA,kept,ok
AT&T CORPORATION,96.0,2010-09-22,WARNDatabaseMasterExcluding2026.csv,9563.T,kept,ok
"TRAVELERS ONE TOWER SQUARE HARTFORD, CT",88.0,2010-09-22,WARNDatabaseMasterExcluding2026.csv,0P0001HHNX.L,kept,ok
"XANODYNE PHARMACEUTICAL, INC.ONE RIVERFRONT PLACE NEWPORT, KY",3.0,2010-09-21,WARNDatabaseMasterExcluding2026.csv,CADKYD=X,kept,ok
"DILLARD'S, INC.",61.0,2010-09-20,WARNDatabaseMasterExcluding2026.csv,DDS,kept,ok
"DILLARD'S, INC.",67.0,2010-09-20,WARNDatabaseMasterExcluding2026.csv,DDS,kept,ok
BOEING,17.0,2010-09-17,WARNDatabaseMasterExcluding2026.csv,BA,kept,ok
"NETFLIX, INC.",24.0,2010-09-17,WARNDatabaseMasterExcluding2026.csv,NFLX,kept,ok
"CARDINA, INC.",1.0,2010-09-10,WARNDatabaseMasterExcluding2026.csv,CAH,kept,ok
"O'REILLY AUTOMOTIVE, INC.",45.0,2010-09-09,WARNDatabaseMasterExcluding2026.csv,ORLY,kept,ok
"NETFLIX, INC.3RD PARTY AGENCY SPHERION",101.0,2010-09-07,WARNDatabaseMasterExcluding2026.csv,NFLX,kept,ok
ZEBRA TECHNOLOGIES,3.0,2010-09-04,WARNDatabaseMasterExcluding2026.csv,ZBRA,kept,ok
BANK OF NEW YORK MELLON,98.0,2010-09-01,WARNDatabaseMasterExcluding2026.csv,BNY,kept,ok
"SODEXO, INC",99.0,2010-09-01,WARNDatabaseMasterExcluding2026.csv,SW.VI,kept,ok
"SODEXO, INC.",18.0,2010-09-01,WARNDatabaseMasterExcluding2026.csv,SJ7.DU,kept,ok
"SODEXO, INC.",4.0,2010-09-01,WARNDatabaseMasterExcluding2026.csv,SJ7.DU,kept,ok
"SODEXO, INC.",38.0,2010-09-01,WARNDatabaseMasterExcluding2026.csv,SJ7.DU,kept,ok
"LONZA, INC.",106.0,2010-09-01,WARNDatabaseMasterExcluding2026.csv,LONN.SW,kept,ok
ARMSTRONG WORLD INDUSTRIES,8.0,2010-09-01,WARNDatabaseMasterExcluding2026.csv,AWI,kept,ok
FEDERAL MOGUL,73.0,2010-09-01,WARNDatabaseMasterExcluding2026.csv,FMGOETZE.NS,kept,ok
"INTUIT, INC.",3.0,2010-09-01,WARNDatabaseMasterExcluding2026.csv,ISRG,kept,ok
LIFE TECHNOLOGIES,17.0,2010-09-01,WARNDatabaseMasterExcluding2026.csv,LIFE,kept,ok
WELL FARGO,103.0,2010-08-31,WARNDatabaseMasterExcluding2026.csv,WFC,kept,ok
GENERAL DYNAMICS,132.0,2010-08-31,WARNDatabaseMasterExcluding2026.csv,GD,kept,ok
WELL FARGO,103.0,2010-08-31,WARNDatabaseMasterExcluding2026.csv,WFC,kept,ok
MOVIE STAR,34.0,2010-08-30,WARNDatabaseMasterExcluding2026.csv,MSI,kept,ok
INTUIT INC,2.0,2010-08-30,WARNDatabaseMasterExcluding2026.csv,INTU,kept,ok
INTUIT INC.,8.0,2010-08-30,WARNDatabaseMasterExcluding2026.csv,INTU,kept,ok
"INTUIT, INC.",1.0,2010-08-30,WARNDatabaseMasterExcluding2026.csv,ISRG,kept,ok
NORTHROP GRUMMAN,500.0,2010-08-25,WARNDatabaseMasterExcluding2026.csv,NOC,kept,ok
BANK OF AMERICA,89.0,2010-08-23,WARNDatabaseMasterExcluding2026.csv,BAC,kept,ok
QUAD/GRAPHICS INC.,396.0,2010-08-20,WARNDatabaseMasterExcluding2026.csv,QUAD,kept,ok
BOEING,12.0,2010-08-20,WARNDatabaseMasterExcluding2026.csv,BA,kept,ok
"WESTERN UNION, LLC",6.0,2010-08-20,WARNDatabaseMasterExcluding2026.csv,WU,kept,ok
AT&T CORP.,57.0,2010-08-20,WARNDatabaseMasterExcluding2026.csv,9563.T,kept,ok
"SPA CHAKRA ACQUISITION CORPORATION, NOURISH",29.0,2010-08-20,WARNDatabaseMasterExcluding2026.csv,0P0000NNDQ.BO,kept,ok
THE BOEING COMPANY,9.0,2010-08-20,WARNDatabaseMasterExcluding2026.csv,BA,kept,ok
THE BOEING COMPANY,6.0,2010-08-20,WARNDatabaseMasterExcluding2026.csv,BA,kept,ok
THE BOEING COMPANY,46.0,2010-08-20,WARNDatabaseMasterExcluding2026.csv,BA,kept,ok
THE BOEING COMPANY,28.0,2010-08-20,WARNDatabaseMasterExcluding2026.csv,BA,kept,ok
THE BOEING COMPANY,5.0,2010-08-20,WARNDatabaseMasterExcluding2026.csv,BA,kept,ok
RAYTHEON,80.0,2010-08-16,WARNDatabaseMasterExcluding2026.csv,^RTX,kept,ok
URS,21.0,2010-08-16,WARNDatabaseMasterExcluding2026.csv,URSP,kept,ok
"APPLIED MATERIALS, INC.",4.0,2010-08-16,WARNDatabaseMasterExcluding2026.csv,AMAT,kept,ok
"APPLIED MATERIALS, INC.",51.0,2010-08-16,WARNDatabaseMasterExcluding2026.csv,AMAT,kept,ok
"APPLIED MATERIALS, INC.",2.0,2010-08-16,WARNDatabaseMasterExcluding2026.csv,AMAT,kept,ok
INTUIT INC.,3.0,2010-08-16,WARNDatabaseMasterExcluding2026.csv,INTU,kept,ok
"NETFLIX, INC.",29.0,2010-08-15,WARNDatabaseMasterExcluding2026.csv,NFLX,kept,ok
KONGSBERG AUTOMOTIVE,63.0,2010-08-13,WARNDatabaseMasterExcluding2026.csv,KOA.OL,kept,ok
URS,74.0,2010-08-13,WARNDatabaseMasterExcluding2026.csv,URSP,kept,ok
ELI LILLY AND COMPANY,500.0,2010-08-09,WARNDatabaseMasterExcluding2026.csv,LLY,kept,ok
ELI LILLY AND COMPANY,500.0,2010-08-09,WARNDatabaseMasterExcluding2026.csv,LLY,kept,ok
INTUIT INC.,11.0,2010-08-09,WARNDatabaseMasterExcluding2026.csv,INTU,kept,ok
INTUIT INC.,1.0,2010-08-09,WARNDatabaseMasterExcluding2026.csv,INTU,kept,ok
"INTUIT, INC.",4.0,2010-08-09,WARNDatabaseMasterExcluding2026.csv,ISRG,kept,ok
"INTUIT, INC.",1.0,2010-08-09,WARNDatabaseMasterExcluding2026.csv,ISRG,kept,ok
NORTHROP GRUMMAN,92.0,2010-08-06,WARNDatabaseMasterExcluding2026.csv,NOC,kept,ok
QUAD GRAPHICS,400.0,2010-08-06,WARNDatabaseMasterExcluding2026.csv,QUAD,kept,ok
"COMMUNITY MEDICAL CENTERS, FOUNDATION",4.0,2010-08-06,WARNDatabaseMasterExcluding2026.csv,DE000SL0GEJ4.SG,kept,ok
"COMMUNITY MEDICAL CENTERS, MARKETING",4.0,2010-08-06,WARNDatabaseMasterExcluding2026.csv,MWWC,kept,ok
"JOHN B. SANFILIPPO & SON, INC.",65.0,2010-08-06,WARNDatabaseMasterExcluding2026.csv,JO1.F,kept,ok
"EXPEDIA, INC.",129.0,2010-08-04,WARNDatabaseMasterExcluding2026.csv,EXPE,kept,ok
"EXPEDIA, INC. - ARLINGTON",167.0,2010-08-04,WARNDatabaseMasterExcluding2026.csv,EXPE,kept,ok
LOCKHEED MARTIN CORPORATION,77.0,2010-08-03,WARNDatabaseMasterExcluding2026.csv,LMT,kept,ok
NORTHROP GRUMMAN,4703.0,2010-08-02,WARNDatabaseMasterExcluding2026.csv,NOC,kept,ok
NORTHROP GRUMMAN,95.0,2010-08-02,WARNDatabaseMasterExcluding2026.csv,NOC,kept,ok
"COMMUNITY MEDICAL CENTERS, SIERRA",22.0,2010-08-02,WARNDatabaseMasterExcluding2026.csv,SNX.XA,kept,ok
AT&T CORP,50.0,2010-08-01,WARNDatabaseMasterExcluding2026.csv,9563.T,kept,ok
INGERSOLL RAND,131.0,2010-08-01,WARNDatabaseMasterExcluding2026.csv,IR,kept,ok
BAE SYSTEMS,124.0,2010-08-01,WARNDatabaseMasterExcluding2026.csv,BA.L,kept,ok
"COMMUNITY MEDICAL CENTERS, TEP",6.0,2010-08-01,WARNDatabaseMasterExcluding2026.csv,TPE.F,kept,ok
LIFE TECHNOLOGIES,18.0,2010-08-01,WARNDatabaseMasterExcluding2026.csv,LIFE,kept,ok
BANK OF AMERICA,133.0,2010-07-31,WARNDatabaseMasterExcluding2026.csv,BAC,kept,ok
ZEBRA TECHNOLOGIES,10.0,2010-07-31,WARNDatabaseMasterExcluding2026.csv,ZBRA,kept,ok
"CITIGROUP, INC.",272.0,2010-07-30,WARNDatabaseMasterExcluding2026.csv,C,kept,ok
NORTHROP GRUMMAN,51.0,2010-07-30,WARNDatabaseMasterExcluding2026.csv,NOC,kept,ok
BANK OF AMERICA,50.0,2010-07-30,WARNDatabaseMasterExcluding2026.csv,BAC,kept,ok
"JOHNSON CONTROLS, INC",1.0,2010-07-30,WARNDatabaseMasterExcluding2026.csv,JCI,kept,ok
"JOHNSON CONTROLS, INC.",9.0,2010-07-30,WARNDatabaseMasterExcluding2026.csv,JCI,kept,ok
"JOHNSON CONTROLS, INC.",1.0,2010-07-30,WARNDatabaseMasterExcluding2026.csv,JCI,kept,ok
"MATTEL, INC.",106.0,2010-07-30,WARNDatabaseMasterExcluding2026.csv,MAT,kept,ok
U.S. BANK,3.0,2010-07-30,WARNDatabaseMasterExcluding2026.csv,^DJUSBK,kept,ok
U.S. BANK,3.0,2010-07-30,WARNDatabaseMasterExcluding2026.csv,^DJUSBK,kept,ok
LOCKHEED MARTIN CORP.,544.0,2010-07-28,WARNDatabaseMasterExcluding2026.csv,LMT,kept,ok
DEVON ENERGY CORPORATION,2.0,2010-07-27,WARNDatabaseMasterExcluding2026.csv,DVN,kept,ok
JP MORGAN CHASE,561.0,2010-07-27,WARNDatabaseMasterExcluding2026.csv,JPM,kept,ok
DEVON ENERGY CORPORATION,15.0,2010-07-27,WARNDatabaseMasterExcluding2026.csv,DVN,kept,ok
VISTEON CORP.,0.0,2010-07-27,WARNDatabaseMasterExcluding2026.csv,VC,kept,ok
ARAMARK,78.0,2010-07-26,WARNDatabaseMasterExcluding2026.csv,ARMK,kept,ok
NORTHROP GRUMMAN,200.0,2010-07-26,WARNDatabaseMasterExcluding2026.csv,NOC,kept,ok
BOEING,102.0,2010-07-23,WARNDatabaseMasterExcluding2026.csv,BA,kept,ok
"THE GEO GROUP, INC.",320.0,2010-07-23,WARNDatabaseMasterExcluding2026.csv,GEO,kept,ok
THE BOEING COMPANY,23.0,2010-07-23,WARNDatabaseMasterExcluding2026.csv,BA,kept,ok
THE BOEING COMPANY,11.0,2010-07-23,WARNDatabaseMasterExcluding2026.csv,BA,kept,ok
THE BOEING COMPANY,46.0,2010-07-23,WARNDatabaseMasterExcluding2026.csv,BA,kept,ok
THE BOEING COMPANY,25.0,2010-07-23,WARNDatabaseMasterExcluding2026.csv,BA,kept,ok
THE BOEING COMPANY,6.0,2010-07-23,WARNDatabaseMasterExcluding2026.csv,BA,kept,ok
THE BOEING COMPANY,11.0,2010-07-23,WARNDatabaseMasterExcluding2026.csv,BA,kept,ok
MICHELIN,75.0,2010-07-21,WARNDatabaseMasterExcluding2026.csv,MGDDY,kept,ok
BANK OF AMERICA,50.0,2010-07-21,WARNDatabaseMasterExcluding2026.csv,BAC,kept,ok
"CPMC PACIFIC,CALIF,DAVUES,FOLSOM & ST LUKE'S CAMPU",160.0,2010-07-20,WARNDatabaseMasterExcluding2026.csv,PACB,kept,ok
SMART,0.0,2010-07-19,WARNDatabaseMasterExcluding2026.csv,SRU-UN.TO,kept,ok
"ASSURANT, INC.",1.0,2010-07-18,WARNDatabaseMasterExcluding2026.csv,AIZ,kept,ok
COMMERCIAL VEHICLE GROUP,12.0,2010-07-16,WARNDatabaseMasterExcluding2026.csv,CVGI,kept,ok
U.S. BANK,2.0,2010-07-16,WARNDatabaseMasterExcluding2026.csv,^DJUSBK,kept,ok
LOCKHEED MARTIN CORPORATION,245.0,2010-07-15,WARNDatabaseMasterExcluding2026.csv,LMT,kept,ok
U.S. BANK,3.0,2010-07-15,WARNDatabaseMasterExcluding2026.csv,^DJUSBK,kept,ok
U.S. BANK,2.0,2010-07-15,WARNDatabaseMasterExcluding2026.csv,^DJUSBK,kept,ok
INTUIT,1.0,2010-07-14,WARNDatabaseMasterExcluding2026.csv,ISRG,kept,ok
INTUIT INC.,2.0,2010-07-14,WARNDatabaseMasterExcluding2026.csv,INTU,kept,ok
INTUIT INC.,2.0,2010-07-14,WARNDatabaseMasterExcluding2026.csv,INTU,kept,ok
CHEVRON,150.0,2010-07-12,WARNDatabaseMasterExcluding2026.csv,CVX,kept,ok
"CHEVRON GLOBAL DOWNSTREAM,BUS REAL ESTATE,IT COMPA",6.0,2010-07-12,WARNDatabaseMasterExcluding2026.csv,ITERZZX,kept,ok
"APPLIED MATERIALS, INC.",1.0,2010-07-10,WARNDatabaseMasterExcluding2026.csv,AMAT,kept,ok
"PRECOR, INC.",15.0,2010-07-09,WARNDatabaseMasterExcluding2026.csv,PRCG.CN,kept,ok
U.S. BANK,2.0,2010-07-09,WARNDatabaseMasterExcluding2026.csv,^DJUSBK,kept,ok
PRIME RETAIL,44.0,2010-07-07,WARNDatabaseMasterExcluding2026.csv,PRAXX,kept,ok
ARAMARK,140.0,2010-07-06,WARNDatabaseMasterExcluding2026.csv,ARMK,kept,ok
THE BOEING COMPANY,9.0,2010-07-05,WARNDatabaseMasterExcluding2026.csv,BA,kept,ok
TEREX,115.0,2010-07-02,WARNDatabaseMasterExcluding2026.csv,TEX,kept,ok
TEREX,115.0,2010-07-02,WARNDatabaseMasterExcluding2026.csv,TEX,kept,ok
ZEBRA TECHNOLOGIES,46.0,2010-07-02,WARNDatabaseMasterExcluding2026.csv,ZBRA,kept,ok
DEVON ENERGY CORPORATION,50.0,2010-07-01,WARNDatabaseMasterExcluding2026.csv,DVN,kept,ok
"MERCK & CO, INC",90.0,2010-07-01,WARNDatabaseMasterExcluding2026.csv,MRK,kept,ok
SCIENCE APPLICATIONS INTERNATIONAL CORP,49.0,2010-07-01,WARNDatabaseMasterExcluding2026.csv,SAIC,kept,ok
BANK OF AMERICA,89.0,2010-07-01,WARNDatabaseMasterExcluding2026.csv,BAC,kept,ok
BANK OF AMERICA,50.0,2010-07-01,WARNDatabaseMasterExcluding2026.csv,BAC,kept,ok
"JOHNSON CONTROLS, INC",5.0,2010-07-01,WARNDatabaseMasterExcluding2026.csv,JCI,kept,ok
"JOHNSON CONTROLS, INC.",1.0,2010-07-01,WARNDatabaseMasterExcluding2026.csv,JCI,kept,ok
LIFE TECHNOLOGIES,9.0,2010-07-01,WARNDatabaseMasterExcluding2026.csv,LIFE,kept,ok
PFIZER,27.0,2010-06-30,WARNDatabaseMasterExcluding2026.csv,PFE,kept,ok
PFIZER,22.0,2010-06-30,WARNDatabaseMasterExcluding2026.csv,PFE,kept,ok
IGT,8.0,2010-06-30,WARNDatabaseMasterExcluding2026.csv,IGTI4.SA,kept,ok
U.S. BANK,6.0,2010-06-30,WARNDatabaseMasterExcluding2026.csv,^DJUSBK,kept,ok
U.S. BANK,7.0,2010-06-30,WARNDatabaseMasterExcluding2026.csv,^DJUSBK,kept,ok
NORTHROP GRUMMAN,59.0,2010-06-28,WARNDatabaseMasterExcluding2026.csv,NOC,kept,ok
DEVON ENERGY CORPORATION,41.0,2010-06-28,WARNDatabaseMasterExcluding2026.csv,DVN,kept,ok
"NETFLIX,INC(SPHERION 3RD PARTY TEMP AGEMCU EMPLOY)",131.0,2010-06-27,WARNDatabaseMasterExcluding2026.csv,NFLX,kept,ok
EXCEL INC.,69.0,2010-06-23,WARNDatabaseMasterExcluding2026.csv,8987.T,kept,ok
BOEING,37.0,2010-06-18,WARNDatabaseMasterExcluding2026.csv,BA,kept,ok
THE BOEING COMPANY,6.0,2010-06-18,WARNDatabaseMasterExcluding2026.csv,BA,kept,ok
THE BOEING COMPANY,2.0,2010-06-18,WARNDatabaseMasterExcluding2026.csv,BA,kept,ok
THE BOEING COMPANY,24.0,2010-06-18,WARNDatabaseMasterExcluding2026.csv,BA,kept,ok
THE BOEING COMPANY,16.0,2010-06-18,WARNDatabaseMasterExcluding2026.csv,BA,kept,ok
THE BOEING COMPANY,2.0,2010-06-18,WARNDatabaseMasterExcluding2026.csv,BA,kept,ok
THE BOEING COMPANY,6.0,2010-06-18,WARNDatabaseMasterExcluding2026.csv,BA,kept,ok
"BECTON, DICKINSON AND COMPANY, MED-SAFE SYSTEMS",35.0,2010-06-17,WARNDatabaseMasterExcluding2026.csv,BDX,kept,ok
3M,125.0,2010-06-16,WARNDatabaseMasterExcluding2026.csv,MMM,kept,ok
"T&T, HUMAN RESOURCES FIELD OPERATIONS",1.0,2010-06-15,WARNDatabaseMasterExcluding2026.csv,THBTWD=X,kept,ok
U.S. BANK,47.0,2010-06-11,WARNDatabaseMasterExcluding2026.csv,^DJUSBK,kept,ok
LOCKHEED MARTIN CORP.,33.0,2010-06-10,WARNDatabaseMasterExcluding2026.csv,LMT,kept,ok
U.S. BANK,1.0,2010-06-08,WARNDatabaseMasterExcluding2026.csv,^DJUSBK,kept,ok
"PRECOR, INC. (NOTIFICATION LETTER TO GROUP 5)",11.0,2010-06-07,WARNDatabaseMasterExcluding2026.csv,PRCG.CN,kept,ok
LEGG MASON,141.0,2010-06-03,WARNDatabaseMasterExcluding2026.csv,WAEXX,kept,ok
CATERPILLAR,289.0,2010-06-03,WARNDatabaseMasterExcluding2026.csv,CAT,kept,ok
DEVON ENERGY CORPORATION,50.0,2010-06-02,WARNDatabaseMasterExcluding2026.csv,DVN,kept,ok
WHIRLPOOL CORP.,216.0,2010-06-02,WARNDatabaseMasterExcluding2026.csv,WHR,kept,ok
PACE AMERICAN,150.0,2010-06-01,WARNDatabaseMasterExcluding2026.csv,USAI,kept,ok
"THOMSON, INC",62.0,2010-06-01,WARNDatabaseMasterExcluding2026.csv,TRI,kept,ok
BANK OF NEW YORK MELLON CORPORATION,39.0,2010-06-01,WARNDatabaseMasterExcluding2026.csv,BNY,kept,ok
PACE AMERICAN,150.0,2010-06-01,WARNDatabaseMasterExcluding2026.csv,USAI,kept,ok
LIFE TECHNOLOGIES,1.0,2010-06-01,WARNDatabaseMasterExcluding2026.csv,LIFE,kept,ok
U.S. BANK,2.0,2010-06-01,WARNDatabaseMasterExcluding2026.csv,^DJUSBK,kept,ok
ABBOTT LABORATORIES,11.0,2010-05-31,WARNDatabaseMasterExcluding2026.csv,ABT,kept,ok
U.S. BANK,52.0,2010-05-28,WARNDatabaseMasterExcluding2026.csv,^DJUSBK,kept,ok
U.S. BANK,8.0,2010-05-28,WARNDatabaseMasterExcluding2026.csv,^DJUSBK,kept,ok
U.S. BANK,38.0,2010-05-28,WARNDatabaseMasterExcluding2026.csv,^DJUSBK,kept,ok
ZEBRA TECHNOLOGIES,7.0,2010-05-28,WARNDatabaseMasterExcluding2026.csv,ZBRA,kept,ok
"THE GEO GROUP, INC.",226.0,2010-05-26,WARNDatabaseMasterExcluding2026.csv,GEO,kept,ok
WELLS FARGO & CO.,72.0,2010-05-25,WARNDatabaseMasterExcluding2026.csv,WFC,kept,ok
LOCKHEED MARTIN CORP.,94.0,2010-05-25,WARNDatabaseMasterExcluding2026.csv,LMT,kept,ok
INTUIT INC.,11.0,2010-05-24,WARNDatabaseMasterExcluding2026.csv,INTU,kept,ok
"PRECOR, INC. (NOTIFICATIONS LETTERS TO GROUP 4B)",1.0,2010-05-22,WARNDatabaseMasterExcluding2026.csv,PRCG.CN,kept,ok
BOEING,17.0,2010-05-21,WARNDatabaseMasterExcluding2026.csv,BA,kept,ok
BOEING,22.0,2010-05-21,WARNDatabaseMasterExcluding2026.csv,BA,kept,ok
"PRECOR, INC. (NOTIFICATION TO GROUP 4A)",2.0,2010-05-21,WARNDatabaseMasterExcluding2026.csv,PRCG.CN,kept,ok
THE BOEING COMPANY,18.0,2010-05-21,WARNDatabaseMasterExcluding2026.csv,BA,kept,ok
THE BOEING COMPANY,41.0,2010-05-21,WARNDatabaseMasterExcluding2026.csv,BA,kept,ok
THE BOEING COMPANY,36.0,2010-05-21,WARNDatabaseMasterExcluding2026.csv,BA,kept,ok
THE BOEING COMPANY,22.0,2010-05-21,WARNDatabaseMasterExcluding2026.csv,BA,kept,ok
THE BOEING COMPANY,16.0,2010-05-21,WARNDatabaseMasterExcluding2026.csv,BA,kept,ok
THE BOEING COMPANY,9.0,2010-05-21,WARNDatabaseMasterExcluding2026.csv,BA,kept,ok
U.S. BANK,5.0,2010-05-21,WARNDatabaseMasterExcluding2026.csv,^DJUSBK,kept,ok
U.S. BANK,8.0,2010-05-21,WARNDatabaseMasterExcluding2026.csv,^DJUSBK,kept,ok
DEVON ENERGY CORPORATION,45.0,2010-05-18,WARNDatabaseMasterExcluding2026.csv,DVN,kept,ok
"PRECOR, INC.",26.0,2010-05-18,WARNDatabaseMasterExcluding2026.csv,PRCG.CN,kept,ok
AT&T CORP,59.0,2010-05-14,WARNDatabaseMasterExcluding2026.csv,9563.T,kept,ok
"SODEXO, INC",189.0,2010-05-14,WARNDatabaseMasterExcluding2026.csv,SW.VI,kept,ok
U.S. BANK,33.0,2010-05-14,WARNDatabaseMasterExcluding2026.csv,^DJUSBK,kept,ok
U.S. BANK,1.0,2010-05-14,WARNDatabaseMasterExcluding2026.csv,^DJUSBK,kept,ok
ASTRAZENECA,450.0,2010-05-13,WARNDatabaseMasterExcluding2026.csv,AZN,kept,ok
"ISP, INNOVATIVE SURGICAL PRODUCTS",55.0,2010-05-13,WARNDatabaseMasterExcluding2026.csv,ALISP.PA,kept,ok
U.S. BANK,20.0,2010-05-11,WARNDatabaseMasterExcluding2026.csv,^DJUSBK,kept,ok
BELK,36.0,2010-05-10,WARNDatabaseMasterExcluding2026.csv,BELKA39917-USD,kept,ok
"EXELIXIS, INC",36.0,2010-05-10,WARNDatabaseMasterExcluding2026.csv,EXEL,kept,ok
"EXELIXIS, INC",234.0,2010-05-10,WARNDatabaseMasterExcluding2026.csv,EXEL,kept,ok
"CHEVRON USA, INC. - 2",285.0,2010-05-07,WARNDatabaseMasterExcluding2026.csv,0P0000XQPT.L,kept,ok
"JOHNSON CONTROLS, INC",70.0,2010-05-07,WARNDatabaseMasterExcluding2026.csv,JCI,kept,ok
ARCHER DANIELS MIDLAND COMPANY,57.0,2010-05-06,WARNDatabaseMasterExcluding2026.csv,ADM,kept,ok
CONMED CORPORATION,41.0,2010-05-06,WARNDatabaseMasterExcluding2026.csv,EC8.F,kept,ok
JPMORGAN CHASE & CO.,276.0,2010-05-04,WARNDatabaseMasterExcluding2026.csv,JPM,kept,ok
ABB,1.0,2010-05-03,WARNDatabaseMasterExcluding2026.csv,ABBV,kept,ok
"APPLIED MATERIALS, INC.",17.0,2010-05-03,WARNDatabaseMasterExcluding2026.csv,AMAT,kept,ok
"APPLIED MATERIALS, INC.",47.0,2010-05-03,WARNDatabaseMasterExcluding2026.csv,AMAT,kept,ok
PNC FINANCIAL SERVICES GROUP INC.,73.0,2010-05-01,WARNDatabaseMasterExcluding2026.csv,PNC,kept,ok
LIFE TECHNOLOGIES,12.0,2010-05-01,WARNDatabaseMasterExcluding2026.csv,LIFE,kept,ok
CDS GLOBAL,209.0,2010-04-30,WARNDatabaseMasterExcluding2026.csv,0P0000VUBO.TO,kept,ok
CSC,61.0,2010-04-30,WARNDatabaseMasterExcluding2026.csv,CSC=F,kept,ok
CDS GLOBAL,209.0,2010-04-30,WARNDatabaseMasterExcluding2026.csv,0P0000VUBO.TO,kept,ok
BANK OF AMERICA,50.0,2010-04-30,WARNDatabaseMasterExcluding2026.csv,BAC,kept,ok
WSI,15.0,2010-04-30,WARNDatabaseMasterExcluding2026.csv,299170.KQ,kept,ok
"SODEXO, INC.",178.0,2010-04-28,WARNDatabaseMasterExcluding2026.csv,SJ7.DU,kept,ok
"SODEXO, INC",154.0,2010-04-28,WARNDatabaseMasterExcluding2026.csv,SW.VI,kept,ok
STAPLES,64.0,2010-04-28,WARNDatabaseMasterExcluding2026.csv,XAP=F,kept,ok
SCIENCE APPLICATIONS INTERNATIONAL CORPORATION,82.0,2010-04-27,WARNDatabaseMasterExcluding2026.csv,SAIC,kept,ok
LEAR CORPORATION,74.0,2010-04-26,WARNDatabaseMasterExcluding2026.csv,LEA,kept,ok
THE BOEING COMPANY,6.0,2010-04-26,WARNDatabaseMasterExcluding2026.csv,BA,kept,ok
ZEBRA TECHNOLOGIES,75.0,2010-04-26,WARNDatabaseMasterExcluding2026.csv,ZBRA,kept,ok
DEVON ENERGY CORPORATION,2.0,2010-04-23,WARNDatabaseMasterExcluding2026.csv,DVN,kept,ok
THE BOEING COMPANY,23.0,2010-04-23,WARNDatabaseMasterExcluding2026.csv,BA,kept,ok
THE BOEING COMPANY,25.0,2010-04-23,WARNDatabaseMasterExcluding2026.csv,BA,kept,ok
THE BOEING COMPANY,36.0,2010-04-23,WARNDatabaseMasterExcluding2026.csv,BA,kept,ok
THE BOEING COMPANY,61.0,2010-04-23,WARNDatabaseMasterExcluding2026.csv,BA,kept,ok
THE BOEING COMPANY,89.0,2010-04-23,WARNDatabaseMasterExcluding2026.csv,BA,kept,ok
TEREX,,2010-04-20,WARNDatabaseMasterExcluding2026.csv,TEX,kept,ok
TEREX,,2010-04-20,WARNDatabaseMasterExcluding2026.csv,TEX,kept,ok
BOEING,125.0,2010-04-19,WARNDatabaseMasterExcluding2026.csv,BA,kept,ok
"PRECOR, INC.",11.0,2010-04-19,WARNDatabaseMasterExcluding2026.csv,PRCG.CN,kept,ok
BOEING,42.0,2010-04-16,WARNDatabaseMasterExcluding2026.csv,BA,kept,ok
"VERTIS, INC.",7.0,2010-04-16,WARNDatabaseMasterExcluding2026.csv,RJ1.F,kept,ok
U.S. BANK,1.0,2010-04-15,WARNDatabaseMasterExcluding2026.csv,^DJUSBK,kept,ok
DEVON ENERGY CORPORATION,3.0,2010-04-14,WARNDatabaseMasterExcluding2026.csv,DVN,kept,ok
COVANCE,63.0,2010-04-14,WARNDatabaseMasterExcluding2026.csv,COVANCE.BO,kept,ok
DEVON ENERGY CORPORATION,50.0,2010-04-12,WARNDatabaseMasterExcluding2026.csv,DVN,kept,ok
THOMSON REUTERS,132.0,2010-04-12,WARNDatabaseMasterExcluding2026.csv,TRI,kept,ok
DEVON ENERGY CORPORATION,15.0,2010-04-12,WARNDatabaseMasterExcluding2026.csv,DVN,kept,ok
USAA,109.0,2010-04-12,WARNDatabaseMasterExcluding2026.csv,UPMMX,kept,ok
"AMERICAN AIRLINES, INC",7.0,2010-04-10,WARNDatabaseMasterExcluding2026.csv,AAL,kept,ok
SEARS,80.0,2010-04-08,WARNDatabaseMasterExcluding2026.csv,SRSCQ,kept,ok
DEVON ENERGY CORPORATION,15.0,2010-04-08,WARNDatabaseMasterExcluding2026.csv,DVN,kept,ok
U.S. BANK,1.0,2010-04-07,WARNDatabaseMasterExcluding2026.csv,^DJUSBK,kept,ok
"AVIAT US, INC.",96.0,2010-04-06,WARNDatabaseMasterExcluding2026.csv,AVI27642-USD,kept,ok
THE TIMKEN COMPANY,57.0,2010-04-05,WARNDatabaseMasterExcluding2026.csv,TKR,kept,ok
WELLS FARGO,37.0,2010-04-02,WARNDatabaseMasterExcluding2026.csv,WFC,kept,ok
XEROX CORPORATION,43.0,2010-04-02,WARNDatabaseMasterExcluding2026.csv,XRX,kept,ok
COMMERCIAL METALS COMPANY,112.0,2010-04-01,WARNDatabaseMasterExcluding2026.csv,CMC,kept,ok
TELEPERFORMANCE,87.0,2010-04-01,WARNDatabaseMasterExcluding2026.csv,TEP.PA,kept,ok
"OWENS ILLINOIS, INC.",402.0,2010-04-01,WARNDatabaseMasterExcluding2026.csv,OI,kept,ok
CONMED CORPORATION,69.0,2010-04-01,WARNDatabaseMasterExcluding2026.csv,EC8.F,kept,ok
U.S. BANK,2.0,2010-04-01,WARNDatabaseMasterExcluding2026.csv,^DJUSBK,kept,ok
"WKS/RESIDENTIAL RESOURCES OF THE EMPIRE, STATE, INC.",10.0,2010-03-31,WARNDatabaseMasterExcluding2026.csv,SPY,kept,ok
U.S. BANK,22.0,2010-03-31,WARNDatabaseMasterExcluding2026.csv,^DJUSBK,kept,ok
U.S. BANK,15.0,2010-03-31,WARNDatabaseMasterExcluding2026.csv,^DJUSBK,kept,ok
"CONAGRA FOODS, INC.",218.0,2010-03-30,WARNDatabaseMasterExcluding2026.csv,CAG,kept,ok
CUMMINS,,2010-03-29,WARNDatabaseMasterExcluding2026.csv,CMI,kept,ok
"STMICROELECTRONICS, INC.",4.0,2010-03-29,WARNDatabaseMasterExcluding2026.csv,STM,kept,ok
"STMICROELECTRONICS, INC.",4.0,2010-03-29,WARNDatabaseMasterExcluding2026.csv,STM,kept,ok
CUMMINS,,2010-03-29,WARNDatabaseMasterExcluding2026.csv,CMI,kept,ok
"BRITISH AIRWAYS, PLC,",75.0,2010-03-29,WARNDatabaseMasterExcluding2026.csv,ARM,kept,ok
ARROW ELECTRONICS,1.0,2010-03-26,WARNDatabaseMasterExcluding2026.csv,ARW,kept,ok
"PRECOR, INC.",17.0,2010-03-26,WARNDatabaseMasterExcluding2026.csv,PRCG.CN,kept,ok
THE BOEING COMPANY,20.0,2010-03-26,WARNDatabaseMasterExcluding2026.csv,BA,kept,ok
THE BOEING COMPANY,35.0,2010-03-26,WARNDatabaseMasterExcluding2026.csv,BA,kept,ok
THE BOEING COMPANY,9.0,2010-03-26,WARNDatabaseMasterExcluding2026.csv,BA,kept,ok
"WMI,WMI I, WMIRE, WILLIAMS MECHANICAL, INC.",65.0,2010-03-26,WARNDatabaseMasterExcluding2026.csv,WMI.XA,kept,ok
ZEBRA TECHNOLOGIES,29.0,2010-03-26,WARNDatabaseMasterExcluding2026.csv,ZBRA,kept,ok
ABB INC.,5.0,2010-03-25,WARNDatabaseMasterExcluding2026.csv,ABBV,kept,ok
ABB INC.,5.0,2010-03-25,WARNDatabaseMasterExcluding2026.csv,ABBV,kept,ok
"JOHNSON CONTROLS, INC",239.0,2010-03-25,WARNDatabaseMasterExcluding2026.csv,JCI,kept,ok
LOCKHEED MARTIN CORP.,39.0,2010-03-24,WARNDatabaseMasterExcluding2026.csv,LMT,kept,ok
BOEING,65.0,2010-03-19,WARNDatabaseMasterExcluding2026.csv,BA,kept,ok
"GENCOR INDUSTRIES, INC.",86.0,2010-03-19,WARNDatabaseMasterExcluding2026.csv,GENC,kept,ok
BOEING,25.0,2010-03-19,WARNDatabaseMasterExcluding2026.csv,BA,kept,ok
"GENCOR INDUSTRIES, INC.",86.0,2010-03-19,WARNDatabaseMasterExcluding2026.csv,GENC,kept,ok
"WKS/RESIDENTIAL RESOURCES OF THE EMPIRE, STATE, INC.",2.0,2010-03-19,WARNDatabaseMasterExcluding2026.csv,SPY,kept,ok
THE BOEING COMPANY,4.0,2010-03-19,WARNDatabaseMasterExcluding2026.csv,BA,kept,ok
THE BOEING COMPANY,2.0,2010-03-19,WARNDatabaseMasterExcluding2026.csv,BA,kept,ok
THE BOEING COMPANY,2.0,2010-03-19,WARNDatabaseMasterExcluding2026.csv,BA,kept,ok
THE BOEING COMPANY,27.0,2010-03-19,WARNDatabaseMasterExcluding2026.csv,BA,kept,ok
THE BOEING COMPANY,5.0,2010-03-19,WARNDatabaseMasterExcluding2026.csv,BA,kept,ok
DEVON ENERGY CORPORATION,5.0,2010-03-17,WARNDatabaseMasterExcluding2026.csv,DVN,kept,ok
DEVON ENERGY CORPORATION,11.0,2010-03-17,WARNDatabaseMasterExcluding2026.csv,DVN,kept,ok
"ARROW ELECTRONICS, INC",1.0,2010-03-17,WARNDatabaseMasterExcluding2026.csv,ARW,kept,ok
"PITNEY BOWES, INC.",73.0,2010-03-15,WARNDatabaseMasterExcluding2026.csv,PBI,kept,ok
"STMICROELECTRONICS, INC.",1.0,2010-03-15,WARNDatabaseMasterExcluding2026.csv,STM,kept,ok
"VERTIS, INC.",46.0,2010-03-15,WARNDatabaseMasterExcluding2026.csv,RJ1.F,kept,ok
"AMERICAN AIRLINES, INC",73.0,2010-03-13,WARNDatabaseMasterExcluding2026.csv,AAL,kept,ok
"AMERICAN AIRLINES, INC",16.0,2010-03-13,WARNDatabaseMasterExcluding2026.csv,AAL,kept,ok
ARROW ELECTRONICS,1.0,2010-03-13,WARNDatabaseMasterExcluding2026.csv,ARW,kept,ok
UNITEDHEALTH GROUP,191.0,2010-03-12,WARNDatabaseMasterExcluding2026.csv,UNH,kept,ok
NORTHROP GRUMMAN,174.0,2010-03-11,WARNDatabaseMasterExcluding2026.csv,NOC,kept,ok
"WAL-MART STORES, INC DBA SAM'S",146.0,2010-03-11,WARNDatabaseMasterExcluding2026.csv,GJO,kept,ok
"WAL-MART STORES, INC DBA SAM'S CLUB",114.0,2010-03-11,WARNDatabaseMasterExcluding2026.csv,GJO,kept,ok
"WAL-MART STORES, INC DBA SAM'S CLUB",151.0,2010-03-11,WARNDatabaseMasterExcluding2026.csv,GJO,kept,ok
"WAL-MART STORES, INC DBA SAM'S CLUB",149.0,2010-03-11,WARNDatabaseMasterExcluding2026.csv,GJO,kept,ok
"ARROW ELECTRONICS, INC",2.0,2010-03-10,WARNDatabaseMasterExcluding2026.csv,ARW,kept,ok
DEVON ENERGY CORPORATION,1.0,2010-03-09,WARNDatabaseMasterExcluding2026.csv,DVN,kept,ok
GENERAL DYNAMICS,80.0,2010-03-08,WARNDatabaseMasterExcluding2026.csv,GD,kept,ok
CORRECTIONS CORPORATION OF AMERICA,335.0,2010-03-08,WARNDatabaseMasterExcluding2026.csv,CXW,kept,ok
"PRECOR, INC.",20.0,2010-03-08,WARNDatabaseMasterExcluding2026.csv,PRCG.CN,kept,ok
SEARS HOLDINGS,101.0,2010-03-05,WARNDatabaseMasterExcluding2026.csv,SHLD,kept,ok
CINTAS CORPORATION,60.0,2010-03-03,WARNDatabaseMasterExcluding2026.csv,CTAS,kept,ok
APPLIED MATERIALS,7.0,2010-03-03,WARNDatabaseMasterExcluding2026.csv,AMAT,kept,ok
"APPLIED MATERIALS, INC. - AUSTIN4",5.0,2010-03-03,WARNDatabaseMasterExcluding2026.csv,AMAT,kept,ok
"APPLIED MATERIALS, INC. - AUSTIN11",1.0,2010-03-03,WARNDatabaseMasterExcluding2026.csv,AMAT,kept,ok
DEVON ENERGY CORPORATION,10.0,2010-03-02,WARNDatabaseMasterExcluding2026.csv,DVN,kept,ok
"CMX, INC.",196.0,2010-03-01,WARNDatabaseMasterExcluding2026.csv,CXC.CN,kept,ok
BOEING,90.0,2010-03-01,WARNDatabaseMasterExcluding2026.csv,BA,kept,ok
"RESEARCH ANALYSIS & MAINTENANCE, INC. (RAM)",104.0,2010-03-01,WARNDatabaseMasterExcluding2026.csv,0P0001IP9N.SW,kept,ok
U.S. BANK,1.0,2010-03-01,WARNDatabaseMasterExcluding2026.csv,^DJUSBK,kept,ok
"CURTISS-WRIGHT CONTROLS, INTEGRATED SENSING, SEN",86.0,2010-02-28,WARNDatabaseMasterExcluding2026.csv,^HSI,kept,ok
ZEBRA TECHNOLOGIES,10.0,2010-02-26,WARNDatabaseMasterExcluding2026.csv,ZBRA,kept,ok
JP MORGAN CHASE,239.0,2010-02-25,WARNDatabaseMasterExcluding2026.csv,JPM,kept,ok
LOCKHEED MARTIN CORP.,184.0,2010-02-24,WARNDatabaseMasterExcluding2026.csv,LMT,kept,ok
"ARROW ELECTRONICS, INC",2.0,2010-02-24,WARNDatabaseMasterExcluding2026.csv,ARW,kept,ok
UNIVERSAL MUSIC GROUP,34.0,2010-02-23,WARNDatabaseMasterExcluding2026.csv,UMGNF,kept,ok
UNIVERSAL MUSIC GROUP,34.0,2010-02-23,WARNDatabaseMasterExcluding2026.csv,UMGNF,kept,ok
"LOGISTICS SERVICES, INC.",105.0,2010-02-23,WARNDatabaseMasterExcluding2026.csv,4263.SR,kept,ok
ZUMIEZ INC.,172.0,2010-02-22,WARNDatabaseMasterExcluding2026.csv,ZUMZ,kept,ok
DEVON ENERGY CORPORATION,50.0,2010-02-22,WARNDatabaseMasterExcluding2026.csv,DVN,kept,ok
"CORVEST, SPV",201.0,2010-02-22,WARNDatabaseMasterExcluding2026.csv,SPVI.BK,kept,ok
BOEING,527.0,2010-02-19,WARNDatabaseMasterExcluding2026.csv,BA,kept,ok
BOEING,22.0,2010-02-19,WARNDatabaseMasterExcluding2026.csv,BA,kept,ok
THE BOEING COMPANY,1.0,2010-02-19,WARNDatabaseMasterExcluding2026.csv,BA,kept,ok
THE BOEING COMPANY,10.0,2010-02-19,WARNDatabaseMasterExcluding2026.csv,BA,kept,ok
THE BOEING COMPANY,2.0,2010-02-19,WARNDatabaseMasterExcluding2026.csv,BA,kept,ok
THE BOEING COMPANY,7.0,2010-02-19,WARNDatabaseMasterExcluding2026.csv,BA,kept,ok
THE BOEING COMPANY,7.0,2010-02-19,WARNDatabaseMasterExcluding2026.csv,BA,kept,ok
MOSAIC,94.0,2010-02-17,WARNDatabaseMasterExcluding2026.csv,MOS,kept,ok
PFIZER,10.0,2010-02-17,WARNDatabaseMasterExcluding2026.csv,PFE,kept,ok
PFIZER,11.0,2010-02-17,WARNDatabaseMasterExcluding2026.csv,PFE,kept,ok
"ARROW ELECTRONICS, INC.",3.0,2010-02-17,WARNDatabaseMasterExcluding2026.csv,ARW,kept,ok
TEREX,137.0,2010-02-12,WARNDatabaseMasterExcluding2026.csv,TEX,kept,ok
TEREX,137.0,2010-02-12,WARNDatabaseMasterExcluding2026.csv,TEX,kept,ok
"APPLIED MATERIAL, INC.",9.0,2010-02-12,WARNDatabaseMasterExcluding2026.csv,AMAT,kept,ok
"APPLIED MATERIALS, INC",8.0,2010-02-12,WARNDatabaseMasterExcluding2026.csv,AMAT,kept,ok
"APPLIED MATERIALS, INC",16.0,2010-02-12,WARNDatabaseMasterExcluding2026.csv,AMAT,kept,ok
"APPLIED MATERIALS, INC",10.0,2010-02-12,WARNDatabaseMasterExcluding2026.csv,AMAT,kept,ok
"APPLIED MATERIALS, INC",19.0,2010-02-12,WARNDatabaseMasterExcluding2026.csv,AMAT,kept,ok
"APPLIED MATERIALS, INC",9.0,2010-02-12,WARNDatabaseMasterExcluding2026.csv,AMAT,kept,ok
"APPLIED MATERIALS, INC",10.0,2010-02-12,WARNDatabaseMasterExcluding2026.csv,AMAT,kept,ok
"APPLIED MATERIALS, INC",16.0,2010-02-12,WARNDatabaseMasterExcluding2026.csv,AMAT,kept,ok
"APPLIED MATERIALS, INC",5.0,2010-02-12,WARNDatabaseMasterExcluding2026.csv,AMAT,kept,ok
"APPLIED MATERIALS, INC",11.0,2010-02-12,WARNDatabaseMasterExcluding2026.csv,AMAT,kept,ok
"APPLIED MATERIALS, INC",22.0,2010-02-12,WARNDatabaseMasterExcluding2026.csv,AMAT,kept,ok
"APPLIED MATERIALS, INC",9.0,2010-02-12,WARNDatabaseMasterExcluding2026.csv,AMAT,kept,ok
"APPLIED MATERIALS, INC",47.0,2010-02-12,WARNDatabaseMasterExcluding2026.csv,AMAT,kept,ok
"WKS/RESIDENTIAL RESOURCES OF THE EMPIRE, STATE, INC.",1.0,2010-02-11,WARNDatabaseMasterExcluding2026.csv,SPY,kept,ok
"WKS/RESIDENTIAL RESOURCES OF THE EMPIRE, STATE, INC.",10.0,2010-02-11,WARNDatabaseMasterExcluding2026.csv,SPY,kept,ok
ABB INC.,39.0,2010-02-08,WARNDatabaseMasterExcluding2026.csv,ABBV,kept,ok
SEARS HOLDINGS CORPORATION,74.0,2010-02-08,WARNDatabaseMasterExcluding2026.csv,SHLD,kept,ok
TELEPERFORMANCE,176.0,2010-02-05,WARNDatabaseMasterExcluding2026.csv,TEP.PA,kept,ok
"CORE MOLDING TECHNOLOGIES, INC.",156.0,2010-02-04,WARNDatabaseMasterExcluding2026.csv,XQN.F,kept,ok
GENERAL MOTORS CORPORATION,64.0,2010-02-04,WARNDatabaseMasterExcluding2026.csv,GM,kept,ok
CARDINAL HEALTH,49.0,2010-02-03,WARNDatabaseMasterExcluding2026.csv,CAH,kept,ok
CARDINAL HEALTH,49.0,2010-02-03,WARNDatabaseMasterExcluding2026.csv,CAH,kept,ok
SEARS HOLDINGS,82.0,2010-02-01,WARNDatabaseMasterExcluding2026.csv,SHLD,kept,ok
SEARS HOLDINGS,10.0,2010-02-01,WARNDatabaseMasterExcluding2026.csv,SHLD,kept,ok
DOW JONES,47.0,2010-02-01,WARNDatabaseMasterExcluding2026.csv,^DJI,kept,ok
"STMICROELECTRONICS, INC.",2.0,2010-02-01,WARNDatabaseMasterExcluding2026.csv,STM,kept,ok
"WKS/RESIDENTIAL RESOURCES OF THE EMPIRE, STATE, INC.",1.0,2010-02-01,WARNDatabaseMasterExcluding2026.csv,SPY,kept,ok
"WKS/RESIDENTIAL RESOURCES OF THE EMPIRE, STATE, INC.",33.0,2010-02-01,WARNDatabaseMasterExcluding2026.csv,SPY,kept,ok
"WKS/RESIDENTIAL RESOURCES OF THE EMPIRE, STATE, INC.",13.0,2010-02-01,WARNDatabaseMasterExcluding2026.csv,SPY,kept,ok
BANK OF AMERICA,174.0,2010-01-31,WARNDatabaseMasterExcluding2026.csv,BAC,kept,ok
UNITED,12.0,2010-01-31,WARNDatabaseMasterExcluding2026.csv,UPS,kept,ok
ZEBRA TECHNOLOGIES,10.0,2010-01-30,WARNDatabaseMasterExcluding2026.csv,ZBRA,kept,ok
ABB INC.,3.0,2010-01-28,WARNDatabaseMasterExcluding2026.csv,ABBV,kept,ok
ABB INC.,82.0,2010-01-27,WARNDatabaseMasterExcluding2026.csv,ABBV,kept,ok
"ARROW ELECTRONICS, INC",3.0,2010-01-27,WARNDatabaseMasterExcluding2026.csv,ARW,kept,ok
VISTEON,15.0,2010-01-26,WARNDatabaseMasterExcluding2026.csv,VC,kept,ok
VISTEON,15.0,2010-01-26,WARNDatabaseMasterExcluding2026.csv,VC,kept,ok
DOLLAR TREE,98.0,2010-01-25,WARNDatabaseMasterExcluding2026.csv,DLTR,kept,ok
ABERCROMBIE & FITCH,45.0,2010-01-23,WARNDatabaseMasterExcluding2026.csv,ANF,kept,ok
ABERCROMBIE & FITCH,53.0,2010-01-23,WARNDatabaseMasterExcluding2026.csv,ANF,kept,ok
BOEING,9.0,2010-01-22,WARNDatabaseMasterExcluding2026.csv,BA,kept,ok
"TYSON FOODS, INC.",480.0,2010-01-22,WARNDatabaseMasterExcluding2026.csv,TSN,kept,ok
"TYSON FOODS, INC.",480.0,2010-01-22,WARNDatabaseMasterExcluding2026.csv,TSN,kept,ok
THE BOEING COMPANY,20.0,2010-01-22,WARNDatabaseMasterExcluding2026.csv,BA,kept,ok
THE BOEING COMPANY,3.0,2010-01-22,WARNDatabaseMasterExcluding2026.csv,BA,kept,ok
THE BOEING COMPANY,50.0,2010-01-22,WARNDatabaseMasterExcluding2026.csv,BA,kept,ok
THE BOEING COMPANY,18.0,2010-01-22,WARNDatabaseMasterExcluding2026.csv,BA,kept,ok
LOCKHEED MARTIN CORP.,35.0,2010-01-20,WARNDatabaseMasterExcluding2026.csv,LMT,kept,ok
"ARROW ELECTRONICS, INC",1.0,2010-01-20,WARNDatabaseMasterExcluding2026.csv,ARW,kept,ok
"ARROW ELECTRONICS, INC.",9.0,2010-01-20,WARNDatabaseMasterExcluding2026.csv,ARW,kept,ok
"STMICROELECTRONICS, INC.",6.0,2010-01-18,WARNDatabaseMasterExcluding2026.csv,STM,kept,ok
ARAMARK,74.0,2010-01-18,WARNDatabaseMasterExcluding2026.csv,ARMK,kept,ok
INTUIT INC.,1.0,2010-01-18,WARNDatabaseMasterExcluding2026.csv,INTU,kept,ok
ELECTRONIC ARTS INC.,229.0,2010-01-17,WARNDatabaseMasterExcluding2026.csv,EA,kept,ok
BOEING,20.0,2010-01-15,WARNDatabaseMasterExcluding2026.csv,BA,kept,ok
BOEING,7.0,2010-01-15,WARNDatabaseMasterExcluding2026.csv,BA,kept,ok
ABB INC.,1.0,2010-01-15,WARNDatabaseMasterExcluding2026.csv,ABBV,kept,ok
RAYTHEON,152.0,2010-01-15,WARNDatabaseMasterExcluding2026.csv,^RTX,kept,ok
INTERNATIONAL PAPER,2.0,2010-01-14,WARNDatabaseMasterExcluding2026.csv,IP,kept,ok
BANK OF AMERICA,50.0,2010-01-14,WARNDatabaseMasterExcluding2026.csv,BAC,kept,ok
"ARROW ELECTRONICS, INC",1.0,2010-01-13,WARNDatabaseMasterExcluding2026.csv,ARW,kept,ok
"RADIOLOGY ASSOCIATES OF SAN ANTONIO, P.A.",14.0,2010-01-12,WARNDatabaseMasterExcluding2026.csv,7225.KL,kept,ok
ADOBE SYSTEMS INCORPORATED,95.0,2010-01-12,WARNDatabaseMasterExcluding2026.csv,ADBE,kept,ok
ADOBE SYSTEMS INCORPORATED,196.0,2010-01-12,WARNDatabaseMasterExcluding2026.csv,ADBE,kept,ok
COLUMBUS MCKINNON CORPORATION,,2010-01-11,WARNDatabaseMasterExcluding2026.csv,CMCO,kept,ok
COLUMBUS MCKINNON CORPORATION,,2010-01-11,WARNDatabaseMasterExcluding2026.csv,CMCO,kept,ok
MODINE MANUFACTURING COMPANY,50.0,2010-01-11,WARNDatabaseMasterExcluding2026.csv,MOD,kept,ok
MODINE MANUFACTURING COMPANY,1.0,2010-01-11,WARNDatabaseMasterExcluding2026.csv,MOD,kept,ok
COLUMBUS MCKINNON CORPORATION,,2010-01-11,WARNDatabaseMasterExcluding2026.csv,CMCO,kept,ok
COLUMBUS MCKINNON CORPORATION,,2010-01-11,WARNDatabaseMasterExcluding2026.csv,CMCO,kept,ok
"WAL-MART STORES, INC./NEW YORK SAM'S CLUB",128.0,2010-01-11,WARNDatabaseMasterExcluding2026.csv,GJO,kept,ok
UNITED,47.0,2010-01-10,WARNDatabaseMasterExcluding2026.csv,UPS,kept,ok
ELECTRONIC ARTS INC.,111.0,2010-01-09,WARNDatabaseMasterExcluding2026.csv,EA,kept,ok
ABB INC.,2.0,2010-01-08,WARNDatabaseMasterExcluding2026.csv,ABBV,kept,ok
ABB INC.,3.0,2010-01-08,WARNDatabaseMasterExcluding2026.csv,ABBV,kept,ok
ALBERTSONS,85.0,2010-01-08,WARNDatabaseMasterExcluding2026.csv,ACI,kept,ok
ALBERTSONS,91.0,2010-01-08,WARNDatabaseMasterExcluding2026.csv,ACI,kept,ok
ALBERTSONS,89.0,2010-01-08,WARNDatabaseMasterExcluding2026.csv,ACI,kept,ok
ALBERTSONS,93.0,2010-01-08,WARNDatabaseMasterExcluding2026.csv,ACI,kept,ok
ALBERTSONS,88.0,2010-01-08,WARNDatabaseMasterExcluding2026.csv,ACI,kept,ok
ALBERTSONS,87.0,2010-01-08,WARNDatabaseMasterExcluding2026.csv,ACI,kept,ok
ALBERTSONS,90.0,2010-01-08,WARNDatabaseMasterExcluding2026.csv,ACI,kept,ok
ALBERTSONS,88.0,2010-01-08,WARNDatabaseMasterExcluding2026.csv,ACI,kept,ok
"BLACKROCK, INC",89.0,2010-01-08,WARNDatabaseMasterExcluding2026.csv,BLK,kept,ok
MACY'S,107.0,2010-01-06,WARNDatabaseMasterExcluding2026.csv,M,kept,ok
MACY'S,130.0,2010-01-06,WARNDatabaseMasterExcluding2026.csv,M,kept,ok
INTUIT INC.,1.0,2010-01-04,WARNDatabaseMasterExcluding2026.csv,INTU,kept,ok
LOCKHEED MARTIN,6.0,2010-01-04,WARNDatabaseMasterExcluding2026.csv,LMT,kept,ok
LOCKHEED MARTIN CORPORATION,36.0,2010-01-04,WARNDatabaseMasterExcluding2026.csv,LMT,kept,ok
ESTEE LAUDER COMPANIES,77.0,2010-01-01,WARNDatabaseMasterExcluding2026.csv,EL,kept,ok
"USM, INC",90.0,2010-01-01,WARNDatabaseMasterExcluding2026.csv,BIHI39.SA,kept,ok
THE BOEING COMPANY,32.0,2010-01-01,WARNDatabaseMasterExcluding2026.csv,BA,kept,ok
THE BOEING COMPANY,11.0,2010-01-01,WARNDatabaseMasterExcluding2026.csv,BA,kept,ok
THE BOEING COMPANY,51.0,2010-01-01,WARNDatabaseMasterExcluding2026.csv,BA,kept,ok
THE BOEING COMPANY,99.0,2010-01-01,WARNDatabaseMasterExcluding2026.csv,BA,kept,ok
U.S. BANK,2.0,2009-12-31,WARNDatabaseMasterExcluding2026.csv,^DJUSBK,kept,ok
"ARROW ELECTRONICS, INC.",2.0,2009-12-30,WARNDatabaseMasterExcluding2026.csv,ARW,kept,ok
"SODEXO, INC",107.0,2009-12-30,WARNDatabaseMasterExcluding2026.csv,SW.VI,kept,ok
ZEBRA TECHNOLOGIES,18.0,2009-12-29,WARNDatabaseMasterExcluding2026.csv,ZBRA,kept,ok
ABB INC.,2.0,2009-12-28,WARNDatabaseMasterExcluding2026.csv,ABBV,kept,ok
GUARANTY BANK,279.0,2009-12-21,WARNDatabaseMasterExcluding2026.csv,LUMB,kept,ok
ABB INC.,1.0,2009-12-21,WARNDatabaseMasterExcluding2026.csv,ABBV,kept,ok
"EXTREME NETWORKS, INC.",60.0,2009-12-21,WARNDatabaseMasterExcluding2026.csv,EXTR,kept,ok
LOCKHEED MARTIN CORPORATION,63.0,2009-12-19,WARNDatabaseMasterExcluding2026.csv,LMT,kept,ok
BOEING,56.0,2009-12-18,WARNDatabaseMasterExcluding2026.csv,BA,kept,ok
BOEING,54.0,2009-12-18,WARNDatabaseMasterExcluding2026.csv,BA,kept,ok
LOCKHEED MARTIN CORP.,40.0,2009-12-17,WARNDatabaseMasterExcluding2026.csv,LMT,kept,ok
ABB INC.,1.0,2009-12-16,WARNDatabaseMasterExcluding2026.csv,ABBV,kept,ok
ABB INC.,1.0,2009-12-16,WARNDatabaseMasterExcluding2026.csv,ABBV,kept,ok
PITNEY BOWES,59.0,2009-12-15,WARNDatabaseMasterExcluding2026.csv,PBI,kept,ok
"PFIZER, INC.",170.0,2009-12-14,WARNDatabaseMasterExcluding2026.csv,PFE,kept,ok
SATURN,66.0,2009-12-14,WARNDatabaseMasterExcluding2026.csv,SOIL.TO,kept,ok
THERMO FISHER SCIENTIFIC,129.0,2009-12-10,WARNDatabaseMasterExcluding2026.csv,TMO,kept,ok
ARROW ELECTRONICS,5.0,2009-12-09,WARNDatabaseMasterExcluding2026.csv,ARW,kept,ok
"ARROW ELECTRONICS, INC",12.0,2009-12-09,WARNDatabaseMasterExcluding2026.csv,ARW,kept,ok
COMCAST,77.0,2009-12-08,WARNDatabaseMasterExcluding2026.csv,CMCSA,kept,ok
"STMICROELECTRONICS, INC.",2.0,2009-12-07,WARNDatabaseMasterExcluding2026.csv,STM,kept,ok
"STMICROELECTRONICS, INC.",2.0,2009-12-07,WARNDatabaseMasterExcluding2026.csv,STM,kept,ok
COLUMBUS MCKINNON CORPORATION,144.0,2009-12-02,WARNDatabaseMasterExcluding2026.csv,CMCO,kept,ok
COLUMBUS MCKINNON CORPORATION,,2009-12-02,WARNDatabaseMasterExcluding2026.csv,CMCO,kept,ok
LOCKHEED MARTIN,600.0,2009-12-02,WARNDatabaseMasterExcluding2026.csv,LMT,kept,ok
COLUMBUS MCKINNON CORPORATION,144.0,2009-12-02,WARNDatabaseMasterExcluding2026.csv,CMCO,kept,ok
COLUMBUS MCKINNON CORPORATION,,2009-12-02,WARNDatabaseMasterExcluding2026.csv,CMCO,kept,ok
"ARROW ELECTRONICS, INC",8.0,2009-12-02,WARNDatabaseMasterExcluding2026.csv,ARW,kept,ok
MERCK & CO. INC.,500.0,2009-12-01,WARNDatabaseMasterExcluding2026.csv,MRK,kept,ok
PFIZER,400.0,2009-12-01,WARNDatabaseMasterExcluding2026.csv,PFE,kept,ok
CUMMINS INC.,452.0,2009-12-01,WARNDatabaseMasterExcluding2026.csv,CMI,kept,ok
INTUIT,3.0,2009-11-30,WARNDatabaseMasterExcluding2026.csv,ISRG,kept,ok
INTUIT,5.0,2009-11-30,WARNDatabaseMasterExcluding2026.csv,ISRG,kept,ok
INTUIT,8.0,2009-11-30,WARNDatabaseMasterExcluding2026.csv,ISRG,kept,ok
INTUIT,1.0,2009-11-30,WARNDatabaseMasterExcluding2026.csv,ISRG,kept,ok
INTUIT INC.,1.0,2009-11-30,WARNDatabaseMasterExcluding2026.csv,INTU,kept,ok
ZEBRA TECHNOLOGIES CORPORATION,6.0,2009-11-27,WARNDatabaseMasterExcluding2026.csv,ZBRA,kept,ok
EXEL,86.0,2009-11-26,WARNDatabaseMasterExcluding2026.csv,EXEL,kept,ok
