company,date,quarter,bs_Minority Interest,bs_Other Equity Adjustments,bs_Capital Lease Obligations,bs_Other Current Liabilities,bs_Current Debt And Capital Lease Obligation,bs_Current Capital Lease Obligation,bs_Pensionand Other Post Retirement Benefit Plans Current,bs_Accumulated Depreciation,bs_Gross PPE,bs_Leases,bs_Construction In Progress,bs_Machinery Furniture Equipment,bs_Properties,bs_Current Deferred Assets,bs_Prepaid Assets,bs_Treasury Shares Number,bs_Ordinary Shares Number,bs_Share Issued,bs_Net Debt,bs_Total Debt,bs_Tangible Book Value,bs_Invested Capital,bs_Working Capital,bs_Net Tangible Assets,bs_Common Stock Equity,bs_Total Capitalization,bs_Total Equity Gross Minority Interest,bs_Stockholders Equity,bs_Gains Losses Not Affecting Retained Earnings,bs_Foreign Currency Translation Adjustments,bs_Treasury Stock,bs_Retained Earnings,bs_Additional Paid In Capital,bs_Capital Stock,bs_Common Stock,bs_Total Liabilities Net Minority Interest,bs_Total Non Current Liabilities Net Minority Interest,bs_Other Non Current Liabilities,bs_Non Current Deferred Liabilities,bs_Non Current Deferred Taxes Liabilities,bs_Long Term Debt And Capital Lease Obligation,bs_Long Term Debt,bs_Current Liabilities,bs_Current Deferred Liabilities,bs_Current Deferred Revenue,bs_Payables And Accrued Expenses,bs_Current Accrued Expenses,bs_Payables,bs_Accounts Payable,bs_Total Assets,bs_Total Non Current Assets,bs_Other Non Current Assets,bs_Non Current Deferred Assets,bs_Non Current Deferred Taxes Assets,bs_Goodwill And Other Intangible Assets,bs_Other Intangible Assets,bs_Goodwill,bs_Net PPE,bs_Current Assets,bs_Other Current Assets,bs_Receivables,bs_Accounts Receivable,bs_Allowance For Doubtful Accounts Receivable,bs_Gross Accounts Receivable,bs_Cash Cash Equivalents And Short Term Investments,bs_Cash And Cash Equivalents,bs_Tradeand Other Payables Non Current,bs_Non Current Deferred Revenue,bs_Long Term Capital Lease Obligation,bs_Current Debt,bs_Other Payable,bs_Total Tax Payable,bs_Investmentin Financial Assets,bs_Available For Sale Securities,bs_Other Properties,bs_Inventory,bs_Inventories Adjustments Allowances,bs_Other Inventories,bs_Finished Goods,bs_Work In Process,bs_Raw Materials,bs_Other Receivables,bs_Cash Equivalents,bs_Cash Financial,bs_Held To Maturity Securities,bs_Preferred Stock,bs_Line Of Credit,bs_Investments And Advances,bs_Other Investments,bs_Buildings And Improvements,bs_Land And Improvements,bs_Other Short Term Investments,bs_Other Equity Interest,bs_Derivative Product Liabilities,bs_Employee Benefits,bs_Long Term Provisions,bs_Other Current Borrowings,bs_Income Tax Payable,bs_Non Current Note Receivables,bs_Non Current Accounts Receivable,bs_Financial Assets,bs_Financial Assets Designatedas Fair Value Through Profitor Loss Total,bs_Long Term Equity Investment,bs_Investmentsin Associatesat Cost,bs_Hedging Assets Current,bs_Assets Held For Sale Current,bs_Receivables Adjustments Allowances,bs_Taxes Receivable,bs_Loans Receivable,bs_Dueto Related Parties Current,bs_Restricted Cash,bs_Liabilities Heldfor Sale Non Current,bs_Interest Payable,bs_Non Current Accrued Expenses,bs_Current Provisions,bs_Non Current Pension And Other Postretirement Benefit Plans,bs_Fixed Assets Revaluation Reserve,bs_Dueto Related Parties Non Current,bs_Non Current Prepaid Assets,bs_Dividends Payable,bs_Investments In Other Ventures Under Equity Method,bs_Defined Pension Benefit,bs_Preferred Stock Equity,bs_Accrued Interest Receivable,bs_Commercial Paper,bs_Current Notes Payable,bs_Investment Properties,bs_Preferred Securities Outside Stock Equity,bs_Total Partnership Capital,bs_General Partnership Capital,bs_Limited Partnership Capital,bs_Current Deferred Taxes Liabilities,cf_Cash Flow From Discontinued Operation,cf_Net Investment Purchase And Sale,cf_Sale Of Investment,cf_Purchase Of Investment,cf_Amortization Cash Flow,cf_Amortization Of Intangibles,cf_Free Cash Flow,cf_Repurchase Of Capital Stock,cf_Repayment Of Debt,cf_Capital Expenditure,cf_End Cash Position,cf_Beginning Cash Position,cf_Effect Of Exchange Rate Changes,cf_Changes In Cash,cf_Financing Cash Flow,cf_Cash Flow From Continuing Financing Activities,cf_Net Other Financing Charges,cf_Net Common Stock Issuance,cf_Common Stock Payments,cf_Net Issuance Payments Of Debt,cf_Net Long Term Debt Issuance,cf_Long Term Debt Payments,cf_Investing Cash Flow,cf_Cash Flow From Continuing Investing Activities,cf_Net PPE Purchase And Sale,cf_Sale Of PPE,cf_Capital Expenditure Reported,cf_Operating Cash Flow,cf_Cash Flow From Continuing Operating Activities,cf_Change In Working Capital,cf_Change In Other Working Capital,cf_Change In Other Current Liabilities,cf_Change In Other Current Assets,cf_Change In Payables And Accrued Expense,cf_Change In Payable,cf_Change In Account Payable,cf_Change In Receivables,cf_Changes In Account Receivables,cf_Other Non Cash Items,cf_Stock Based Compensation,cf_Provisionand Write Offof Assets,cf_Deferred Tax,cf_Deferred Income Tax,cf_Depreciation Amortization Depletion,cf_Depreciation And Amortization,cf_Depreciation,cf_Net Income From Continuing Operations,cf_Operating Gains Losses,cf_Issuance Of Debt,cf_Long Term Debt Issuance,cf_Cash Dividends Paid,cf_Purchase Of PPE,cf_Cash Flowsfromusedin Operating Activities Direct,cf_Taxes Refund Paid Direct,cf_Classesof Cash Payments,cf_Other Cash Paymentsfrom Operating Activities,cf_Paymentson Behalfof Employees,cf_Paymentsto Suppliersfor Goodsand Services,cf_Classesof Cash Receiptsfrom Operating Activities,cf_Other Cash Receiptsfrom Operating Activities,cf_Receiptsfrom Customers,cf_Net Business Purchase And Sale,cf_Sale Of Business,cf_Common Stock Dividend Paid,cf_Interest Paid Supplemental Data,cf_Income Tax Paid Supplemental Data,cf_Proceeds From Stock Option Exercised,cf_Purchase Of Business,cf_Change In Prepaid Assets,cf_Gain Loss On Investment Securities,cf_Earnings Losses From Equity Investments,cf_Net Other Investing Changes,cf_Net Intangibles Purchase And Sale,cf_Purchase Of Intangibles,cf_Taxes Refund Paid,cf_Interest Received Cfo,cf_Interest Paid Cfo,cf_Change In Tax Payable,cf_Change In Income Tax Payable,cf_Unrealized Gain Loss On Investment Securities,cf_Gain Loss On Sale Of PPE,cf_Gain Loss On Sale Of Business,cf_Asset Impairment Charge,cf_Change In Accrued Expense,cf_Change In Inventory,cf_Net Foreign Currency Exchange Gain Loss,cf_Issuance Of Capital Stock,cf_Common Stock Issuance,cf_Dividends Received Cfi,cf_Other Cash Adjustment Outside Changein Cash,cf_Depletion,cf_Interest Paid Cff,cf_Interest Received Cfi,cf_Amortization Of Securities,cf_Net Short Term Debt Issuance,cf_Short Term Debt Issuance,cf_Cash From Discontinued Financing Activities,cf_Cash From Discontinued Investing Activities,cf_Sale Of Intangibles,cf_Cash From Discontinued Operating Activities,cf_Short Term Debt Payments,cf_Pension And Employee Benefit Expense,cf_Net Preferred Stock Issuance,cf_Preferred Stock Issuance,cf_Dividend Received Cfo,cf_Preferred Stock Dividend Paid,fin_Net Income Discontinuous Operations,fin_Amortization,fin_Amortization Of Intangibles Income Statement,fin_Minority Interests,fin_Tax Effect Of Unusual Items,fin_Tax Rate For Calcs,fin_Normalized EBITDA,fin_Total Unusual Items,fin_Total Unusual Items Excluding Goodwill,fin_Net Income From Continuing Operation Net Minority Interest,fin_Reconciled Depreciation,fin_Reconciled Cost Of Revenue,fin_EBITDA,fin_EBIT,fin_Net Interest Income,fin_Interest Expense,fin_Interest Income,fin_Normalized Income,fin_Net Income From Continuing And Discontinued Operation,fin_Total Expenses,fin_Total Operating Income As Reported,fin_Diluted Average Shares,fin_Basic Average Shares,fin_Diluted EPS,fin_Basic EPS,fin_Diluted NI Availto Com Stockholders,fin_Net Income Common Stockholders,fin_Net Income,fin_Net Income Including Noncontrolling Interests,fin_Net Income Continuous Operations,fin_Tax Provision,fin_Pretax Income,fin_Other Income Expense,fin_Other Non Operating Income Expenses,fin_Special Income Charges,fin_Restructuring And Mergern Acquisition,fin_Net Non Operating Interest Income Expense,fin_Interest Expense Non Operating,fin_Interest Income Non Operating,fin_Operating Income,fin_Operating Expense,fin_Depreciation Amortization Depletion Income Statement,fin_Depreciation And Amortization In Income Statement,fin_Depreciation Income Statement,fin_Research And Development,fin_Selling General And Administration,fin_Selling And Marketing Expense,fin_General And Administrative Expense,fin_Other Gand A,fin_Gross Profit,fin_Cost Of Revenue,fin_Total Revenue,fin_Operating Revenue,fin_Other Special Charges,fin_Impairment Of Capital Assets,fin_Otherunder Preferred Stock Dividend,fin_Write Off,fin_Total Other Finance Cost,fin_Other Operating Expenses,fin_Gain On Sale Of Security,fin_Earnings From Equity Interest,fin_Gain On Sale Of Business,fin_Other Taxes,fin_Salaries And Wages,fin_Gain On Sale Of Ppe,fin_Securities Amortization,fin_Average Dilution Earnings,fin_Provision For Doubtful Accounts,fin_Net Income From Tax Loss Carryforward,fin_Preferred Stock Dividends,fin_Earnings From Equity Interest Net Of Tax
ANGI,2024-09-30,2024Q3,0.0,3278000.0,,,,,,,,,,,,,,,,,,,,,,,,,,,,,,,,,,,,,,,,,,,,,,,,,,,,,,,,,,,,,,,,,,,,,,,,,,,,,,,,,,,,,,,,,,,,,,,,,,,,,,,,,,,,,,,,,,,,,,,,,,,,,,,,,,,0.0,0.0,0.0,0.0,0.0,0.0,,,,,,,,,,,,,,,,,,,,,,,,,,,,,,,,,,,,,,,,,,,,,,,,,,,,,,,,,,,,,,,,,,,,,,,,,,,,,,,,,,,,,,,,,,,,,,,,,,,,,0.0,0.0,0.0,,,,,,,,,,,,,,,,,,,,,,,,,,,,,,,,,,,,,,,,,,,,,,,,,,,,,,,,,,,,,,,,,,,,
ANGI,2024-12-31,2024Q4,0.0,,12824000.0,69223000.0,12824000.0,12824000.0,57665000.0,-241448000.0,321012000.0,14194000.0,34348000.0,272470000.0,0.0,24874000.0,13077000.0,,,,,,,,,,,,,,,,,,,,,,,,,,,,,,,,,,,,,,,,,,,,,,,,,,,,,,,,,,,,,,,,,,,,,,,,,,,,,,,,,,,,,,,,,,,,,,,,,,,,,,,,,,,,,,,,,,,,,,,0.0,0.0,0.0,2600000.0,2600000.0,,,,,,,,,,,,,,,,,,,,,,,,,,,,,,,,,,,,,,,,,,,,,,,,,,,,,,,,,,,,,,,,,,,,,,,,,,,,,,,,,,,,,,,,,,,,,,,,,,,,,0.0,2600000.0,2600000.0,0.0,,,,,,,,,,,,,,,,,,,,,,,,,,,,,,,,,,,,,,,,,,,,,,,,,,,,,,,,,,,,,,,,,,,
ANGI,2025-03-31,2025Q1,0.0,,,,,,,-241742000.0,325627000.0,,,,,,,4362000.0,49538076.0,53900076.0,110477000.0,497041000.0,-4619000.0,1546081000.0,249159000.0,-4619000.0,1049040000.0,1546081000.0,1049040000.0,1049040000.0,384000.0,384000.0,216552000.0,-179909000.0,1444580000.0,537000.0,537000.0,756494000.0,540443000.0,41869000.0,1533000.0,1533000.0,497041000.0,497041000.0,216051000.0,35341000.0,35341000.0,180710000.0,152026000.0,28684000.0,28684000.0,1805534000.0,1340324000.0,33175000.0,169605000.0,169605000.0,1053659000.0,168079000.0,885580000.0,83885000.0,465210000.0,38171000.0,40475000.0,40475000.0,-19212000.0,59687000.0,386564000.0,386564000.0,,,,,,,,,,,,,,,,,,,,,,,,,,,,,,,,,,,,,,,,,,,,,,,,,,,,,,,,,,,,,,,,,,,,,,,,,-15687000.0,-9801000.0,0.0,-12574000.0,386564000.0,416545000.0,-26000.0,-29955000.0,-14343000.0,-14343000.0,-4542000.0,-9801000.0,-9801000.0,0.0,0.0,0.0,-12499000.0,-12499000.0,75000.0,75000.0,-12574000.0,-3113000.0,-3113000.0,-41246000.0,-5282000.0,-3270000.0,2469000.0,-20390000.0,-20390000.0,-20390000.0,-14773000.0,-14773000.0,1335000.0,-2287000.0,11314000.0,2717000.0,2717000.0,9948000.0,9948000.0,9948000.0,15106000.0,,,,,,,,,,,,,,,,,,,,,,,,,,,,,,,,,,,,,,,,,,,,,,,,,,,,,,,,,,,,,,,0.0,0.0,0.236569,34779000.0,0.0,0.0,15106000.0,9948000.0,13015000.0,34779000.0,24831000.0,-730000.0,5044000.0,4314000.0,15106000.0,15106000.0,225910000.0,20003000.0,50353333.0,50353333.0,0.3,0.3,15106000.0,15106000.0,15106000.0,15106000.0,15106000.0,4681000.0,19787000.0,514000.0,514000.0,0.0,0.0,-730000.0,5044000.0,4314000.0,20003000.0,212895000.0,9948000.0,9948000.0,9948000.0,27087000.0,175860000.0,118541000.0,57319000.0,57319000.0,232898000.0,13015000.0,245913000.0,245913000.0,,,,,,,,,,,,,,,,,,
ANGI,2025-06-30,2025Q2,,,,,,,,-235617000.0,322995000.0,,,,,,,8943000.0,45131000.0,54074000.0,134771000.0,497248000.0,-56638000.0,1499472000.0,195327000.0,-56638000.0,1002224000.0,1499472000.0,1002224000.0,1002224000.0,6350000.0,6350000.0,284565000.0,-169012000.0,1448914000.0,537000.0,537000.0,786566000.0,538664000.0,39810000.0,1606000.0,1606000.0,497248000.0,497248000.0,247902000.0,32952000.0,32952000.0,214950000.0,175146000.0,39804000.0,39804000.0,1788790000.0,1345561000.0,32392000.0,166929000.0,166929000.0,1058862000.0,168931000.0,889931000.0,87378000.0,443229000.0,35941000.0,44811000.0,44811000.0,-21280000.0,66091000.0,362477000.0,362477000.0,,,,,,,,,,,,,,,,,,,,,,,,,,,,,,,,,,,,,,,,,,,,,,,,,,,,,,,,,,,,,,,,,,,,,,,,,44871000.0,-66585000.0,,-12250000.0,362477000.0,386564000.0,-144000.0,-23943000.0,-68814000.0,-68814000.0,-2229000.0,-66585000.0,-66585000.0,,,,-12250000.0,-12250000.0,0.0,0.0,-12250000.0,57121000.0,57121000.0,12332000.0,-5076000.0,-3180000.0,4206000.0,32748000.0,32748000.0,32748000.0,-16366000.0,-16366000.0,1124000.0,5054000.0,12729000.0,4707000.0,4707000.0,10278000.0,10278000.0,10278000.0,10897000.0,,,,,,,,,,,,,,,,,,,,,,,,,,,,,,,,,,,,,,,,,,,,,,,,,,,,,,,,,,,,,,,0.0,0.0,0.375208,32770000.0,,,10897000.0,10278000.0,13142000.0,32770000.0,22492000.0,-1173000.0,5051000.0,3878000.0,10897000.0,10897000.0,260548000.0,17673000.0,49065000.0,48494000.0,0.23,0.23,10897000.0,10897000.0,10897000.0,10897000.0,10897000.0,6544000.0,17441000.0,941000.0,941000.0,,,-1173000.0,5051000.0,3878000.0,17673000.0,247406000.0,10278000.0,10278000.0,10278000.0,23594000.0,213534000.0,139453000.0,74081000.0,74081000.0,265079000.0,13142000.0,278221000.0,278221000.0,,,,,,,,,,,,,,,,,,
ANGI,2025-09-30,2025Q3,,,,,,,,-237471000.0,330565000.0,,,,,,,10453000.0,43687000.0,54140000.0,156768000.0,497457000.0,-64447000.0,1491527000.0,192128000.0,-64447000.0,994070000.0,1491527000.0,994070000.0,994070000.0,5816000.0,5816000.0,309964000.0,-158104000.0,1455785000.0,537000.0,537000.0,753321000.0,538086000.0,39606000.0,1023000.0,1023000.0,497457000.0,497457000.0,215235000.0,29937000.0,29937000.0,185298000.0,146401000.0,38897000.0,38897000.0,1747391000.0,1340028000.0,31141000.0,157276000.0,157276000.0,1058517000.0,168855000.0,889662000.0,93094000.0,407363000.0,28320000.0,38354000.0,38354000.0,-18992000.0,57346000.0,340689000.0,340689000.0,,,,,,,,,,,,,,,,,,,,,,,,,,,,,,,,,,,,,,,,,,,,,,,,,,,,,,,,,,,,,,,,,,,,,,,,,4933000.0,-26271000.0,,-16048000.0,340689000.0,362477000.0,-314000.0,-21474000.0,-26407000.0,-26407000.0,-136000.0,-26271000.0,-26271000.0,,,,-16048000.0,-16048000.0,0.0,0.0,-16048000.0,20981000.0,20981000.0,-32005000.0,-3560000.0,-3295000.0,7797000.0,-26223000.0,-26223000.0,-26223000.0,-6724000.0,-6724000.0,1781000.0,5982000.0,13230000.0,9470000.0,9470000.0,11918000.0,11918000.0,11918000.0,10605000.0,,,,,,,,,,,,,,,,,,,,,,,,,,,,,,,,,,,,,,,,,,,,,,,,,,,,,,,,,,,,,,,0.0,0.0,0.21,37790000.0,,,10605000.0,11918000.0,12460000.0,37790000.0,25872000.0,-1236000.0,5069000.0,3833000.0,10605000.0,10605000.0,243851000.0,21782000.0,45133000.0,44294000.0,0.23,0.24,10605000.0,10605000.0,10605000.0,10605000.0,10605000.0,10198000.0,20803000.0,257000.0,257000.0,,,-1236000.0,5069000.0,3833000.0,21782000.0,231391000.0,11918000.0,11918000.0,11918000.0,20749000.0,198724000.0,129314000.0,69410000.0,69410000.0,253173000.0,12460000.0,265633000.0,265633000.0,,,,,,,,,,,,,,,,,,
ANGI,2025-12-31,2025Q4,,,13460000.0,83292000.0,13460000.0,13460000.0,41222000.0,-222024000.0,321125000.0,13454000.0,22742000.0,284929000.0,0.0,7866000.0,15535000.0,14220000.0,40062000.0,54282000.0,193966000.0,511127000.0,-129842000.0,1425033000.0,143944000.0,-129842000.0,927366000.0,1425033000.0,927366000.0,927366000.0,5938000.0,5938000.0,355923000.0,-150880000.0,1427693000.0,538000.0,538000.0,753002000.0,530564000.0,31399000.0,1498000.0,1498000.0,497667000.0,497667000.0,222438000.0,22096000.0,22096000.0,62368000.0,28337000.0,34031000.0,34031000.0,1680368000.0,1313986000.0,31448000.0,126229000.0,126229000.0,1057208000.0,167142000.0,890066000.0,99101000.0,366382000.0,6226000.0,33054000.0,33054000.0,-15890000.0,48944000.0,303701000.0,303701000.0,,,,,,,,,,,,,,,,,,,,,,,,,,,,,,,,,,,,,,,,,,,,,,,,,,,,,,,,,,,,,,,,,,,,,,,,,11356000.0,-46019000.0,,-18728000.0,303701000.0,340689000.0,364000.0,-37352000.0,-48778000.0,-48778000.0,-2759000.0,-46019000.0,-46019000.0,,,,-18658000.0,-18658000.0,70000.0,70000.0,-18728000.0,30084000.0,30084000.0,-7550000.0,-7293000.0,-3325000.0,-1081000.0,10040000.0,10040000.0,10040000.0,-5891000.0,-5891000.0,1936000.0,6009000.0,11218000.0,-3728000.0,-3728000.0,14975000.0,14975000.0,13175000.0,7224000.0,,,,,,,,,,,,,,,,,,,,,,,,,,,,,,,,,,,,,,,,,,,,,,,,,,,,,,,,,,,,,,,0.0,0.0,0.21,24776000.0,,,7224000.0,14975000.0,8819000.0,24776000.0,9801000.0,-1587000.0,5305000.0,3718000.0,7224000.0,7224000.0,222031000.0,5948000.0,42494118.0,42494118.0,0.17,0.17,7224000.0,7224000.0,7224000.0,7224000.0,7224000.0,-2728000.0,4496000.0,-12654000.0,135000.0,,,-1587000.0,5305000.0,3718000.0,18737000.0,213212000.0,14975000.0,14975000.0,13175000.0,15931000.0,182306000.0,120238000.0,62068000.0,62068000.0,231949000.0,8819000.0,240768000.0,240768000.0,,,,,,,,,,,,,,,,,,
ANGI,2026-03-31,2026Q1,,,,,,,,,,,,,,,,14220000.0,40421000.0,54641000.0,226809000.0,471389000.0,-141474000.0,1386113000.0,104106000.0,-141474000.0,914724000.0,1386113000.0,914724000.0,914724000.0,5760000.0,5760000.0,355923000.0,-159858000.0,1424207000.0,538000.0,538000.0,710541000.0,501343000.0,28499000.0,1455000.0,1455000.0,471389000.0,471389000.0,209198000.0,20996000.0,20996000.0,188202000.0,153137000.0,35065000.0,35065000.0,1625265000.0,1311961000.0,29073000.0,125317000.0,125317000.0,1056198000.0,166978000.0,889220000.0,101373000.0,313304000.0,31358000.0,37366000.0,37366000.0,-18795000.0,56161000.0,244580000.0,244580000.0,,,,,,,,,,,,,,,,,,,,,,,,,,,,,,,,,,,,,,,,,,,,,,,,,,,,,,,,,,,,,,,,,,,,,,,,,-33628000.0,0.0,-23744000.0,-15725000.0,244580000.0,303701000.0,17000.0,-59138000.0,-25542000.0,-25542000.0,-1798000.0,0.0,0.0,-23744000.0,-23744000.0,-23744000.0,-15693000.0,-15693000.0,32000.0,32000.0,-15725000.0,-17903000.0,-17903000.0,-36817000.0,-3132000.0,-3461000.0,851000.0,-16285000.0,-16285000.0,-16285000.0,-14790000.0,-14790000.0,2365000.0,2752000.0,10338000.0,482000.0,482000.0,14694000.0,14694000.0,14694000.0,-8978000.0,-2739000.0,,,,,,,,,,,,,,,,,,,,,,,,,,,,,,,,,,,,,,,,,,,,,,,,,,,,,,,,,,,,,,,-901075.605982,0.073956,22513000.0,-12184000.0,-12184000.0,-8978000.0,14694000.0,9693000.0,10329000.0,-4365000.0,-2822000.0,5330000.0,2508000.0,2304924.394018,-8978000.0,232691000.0,-9464000.0,40152000.0,40152000.0,-0.22,-0.22,-8978000.0,-8978000.0,-8978000.0,-8978000.0,-8978000.0,-717000.0,-9695000.0,-12332000.0,-148000.0,-12184000.0,14923000.0,-2822000.0,5330000.0,2508000.0,5459000.0,222998000.0,14694000.0,14694000.0,14694000.0,10440000.0,197864000.0,139933000.0,57931000.0,57931000.0,228457000.0,9693000.0,238150000.0,238150000.0,-2739000.0,,,,,,,,,,,,,,,,,
002058.SZ,2024-09-30,2024Q3,43949437.59,,,,,,,,,,,,,,,,,,,,,,,,,,,,,,,,,,,,,,,,,,,,,,,,,,,,,,,,,,,,,,,,,,,,,,,,,,,,,,,,,,,,,,,,,,,,,,,,,,,,,,,,,,,,,,,,,,,,,,,,,,,,,,,,,,,,,,,,,,,,,-8872.64,,,,,,,-555893.6,,,,,,,,,0.0,,,,,,,,,,,,,,,,,,,,,,,17000000.0,17000000.0,,,,,,,,,,,,,,,,,,,,,,,,,,,,,,,,,,,,,,,,,,,,,,,,,,,,,,,,,,,,,,,,,,,,,,,,,,,,,,,,,,,,,,,,,,8125.62,,,,,,,,,,,,,,,,,,,,0.0,0.0,,,,,,,,,,,,,,,,
002058.SZ,2024-12-31,2024Q4,425939861.91,,61426029.03,42533045.7,237407575.43,,,-145159074.7,599880641.95,,1622530.52,101650380.81,46368023.61,,12638530.09,,143448332.0,143448332.0,190445660.48,383909223.28,235282794.95,583417333.01,355286983.52,235282794.95,272183800.3,357259419.12,698123662.21,272183800.3,,,,68254662.17,3750345.72,143448332.0,143448332.0,651728956.1,195537306.86,,,,146501647.85,85075618.82,456191649.24,,,,,135104708.25,95012797.83,1349852618.31,538373985.55,2544820.66,9939815.82,19911404.67,36901005.35,36901005.35,,454721567.25,811478632.76,13083877.16,,326981977.87,-23299733.19,61474839.62,120787872.23,120787872.23,35530000.0,13505659.01,61426029.03,226157913.89,29180004.18,10911906.24,14355371.8,14355371.8,450239707.01,243936237.11,0.0,150220052.63,44959301.96,28887265.03,19869617.49,94050138.3,471689.88,89151537.95,,,,,,,,,,,,,,,,,,,,,,,,,,,,,,,,,,,,,,,,,,,,,,,,,,,,,,,12390189.4,,-5000000.0,,89076894.91,60652506.42,589432.55,27834955.94,13511302.82,,-1260394.4,,,15000000.0,15000000.0,-5000000.0,2015465.14,,83865.14,1863.72,,,,,,,,,,,,,,,,,,,,,,,20000000.0,20000000.0,-228302.78,82001.42,12308187.98,-4257825.2,-35302063.33,-1554961.0,-14290849.13,-19456253.2,51868076.51,4179933.72,47688142.79,,,,,,,,,,,,,,,,,,,,,,,,,,,,,,,,,,,,,,,,,,,,,,,,,-3501657.32,-1579268.342733,0.188586,4480982.63,-8374261.15,-8374261.15,-6944232.62,,26961991.87,-3893278.52,-3893278.52,920891.53,349408.03,984316.86,-149239.812733,-6944232.62,42873761.94,-4247355.58,,,,,,-6944232.62,-6944232.62,-3442575.3,-3442575.3,-800111.25,-4242686.55,,4669.03,-8374261.15,,920891.53,349408.03,984316.86,2546255.28,15911770.07,,,,2607976.08,-17943280.76,-7342900.16,-10600380.6,,18458025.35,26961991.87,45420017.22,45420017.22,0.0,3924947.14,0.0,4449314.01,-285982.7,655444.11,,,,,,,,,,,,
002058.SZ,2025-03-31,2025Q1,47570619.9,,1587752.52,3690664.99,50152508.14,,,,24964611.56,,,,,,1466823.8,,143448332.0,143448332.0,,51740260.66,115019530.63,167179010.79,105925055.13,115019530.63,120150985.79,120150985.79,167721605.69,120150985.79,,,,-44132891.29,,143448332.0,143448332.0,136395094.44,4587752.52,,,,1587752.52,,131807341.92,,,,,31681438.71,26402035.69,304116700.13,66384303.08,,5421313.31,16511551.25,5131455.16,5131455.16,,24964611.56,237732397.05,3603532.3,,44879335.51,,,73434613.4,73434613.4,,3000000.0,1587752.52,47028025.0,2799243.49,2480159.53,14355371.8,14355371.8,24964611.56,98513584.59,,,,,,15834507.45,,,,,,,,,,,,,,,,,,,,,,,,,,,,,,,,,,,,,,,,,,,,,,,,,,,,,,,,,-18299688.57,,-27000000.0,-1298938.74,162511775.5,120241539.31,107423.2,42162812.99,60462501.56,,-582143.6,,,63000000.0,63000000.0,-27000000.0,-1298938.74,,-1298938.74,,,,,,,,,,,,,,,,,,,,,,,,90000000.0,90000000.0,-1955354.84,-1298938.74,-17000749.83,-11044396.6,-94113435.91,-10193067.22,-38585256.75,-45335111.94,88157082.68,7687631.85,80469450.83,,,,,,,,,,,,,,,,,,,,,,,,,,,,,,,,,,,,,,,,,,,,,,,,,-7418854.1,2901.335866,0.101206,7778412.45,28667.62,28667.62,-2817019.16,,141239487.38,7807080.07,7807080.07,-2897787.49,2687069.18,84227.25,-2842785.444134,-2817019.16,172147704.14,4761375.13,140850958.0,140850958.0,-0.02,-0.02,,-2817019.16,-2817019.16,4601834.94,4601834.94,518175.95,5120010.89,,358635.76,28667.62,,-2897787.49,2687069.18,84227.25,7630495.0,30908216.76,,,,11167729.35,20213280.67,6334733.22,13878547.45,,38538711.76,141239487.38,179778199.14,179778199.14,,443359.91,0.0,-472027.53,294945.56,1064950.79,,,,,,,,,,,,
002058.SZ,2025-06-30,2025Q2,,,1620770.65,1649982.85,21580018.08,,,-55780734.21,65211013.81,,,59490679.16,,,622371.93,,143448332.0,143448332.0,,23200788.73,302083722.9,323528735.94,275050231.46,302083722.9,303519402.61,303519402.61,303519402.61,303519402.61,,,,138595926.45,4389944.8,143448332.0,143448332.0,127807290.84,4620770.65,,,,1620770.65,,123186520.19,,,,,61463899.76,17706245.17,431326693.45,33089941.8,,646133.63,6722477.06,1435679.71,1435679.71,,9430279.6,398236751.65,706673.08,,22969995.56,,,303992765.07,303992765.07,,3000000.0,1620770.65,20009333.33,2958466.97,40799187.62,14855371.8,14855371.8,5720334.65,59749841.48,0.0,,48661364.95,9498727.6,1589748.93,10195104.53,36473.48,303956291.59,,,,,,,,,,,,,,,,,,,,,,,,,,,,,,,,,,,,,,,,,,,,,,,,,,,,,,,3685905.4,,-17000000.0,-300800.0,303956291.59,72927743.52,326069.45,231247518.06,9219298.07,,-555893.6,,,10000000.0,10000000.0,-17000000.0,218041514.59,,-295800.0,,,,,,,,,,,,,,,,,,,,,,,,,,-224808.33,-300800.0,3986705.4,-1706175.16,-26334512.36,-3124236.69,-11610411.1,-11599864.57,32027392.92,1258432.3,30768960.62,,,,,,,,,,,,,,,,,,,,,,,,,,,,,,,,,,,,,,,,,,,,,,,,,-348125.17,-94931.212718,0.175114,222752793.05,-542111.95,-542111.95,182728817.74,,17220085.74,222210681.1,222210681.1,236712.98,268655.77,620378.77,183175998.477282,182728817.74,27054036.78,221948389.55,,,,,,182728817.74,182728817.74,183076942.91,183076942.91,38865082.42,221942025.33,,,-542111.95,,236712.98,268655.77,620378.77,-549704.32,9833951.04,,,,2514233.99,-4705445.2,-2456671.44,-2248773.76,,9284246.72,17220085.74,26504332.46,26504332.46,,,0.0,-403197.54,115010.02,303606.61,,,,,,,,,,,,
002058.SZ,2025-12-31,2025Q4,275965758.8,,55075937.68,39873687.77,329336241.02,,,-157138653.48,557086916.39,,,286039393.28,188848710.65,,16623227.14,,143448332.0,143448332.0,378825379.06,674412178.7,24258164.44,570981939.89,281840263.25,24258164.44,55841471.84,345841471.84,331807230.64,55841471.84,,,,-87647883.17,0.0,143448332.0,143448332.0,916591255.73,400228020.27,,,,345075937.68,290000000.0,516363235.46,,,,,124951717.81,85754456.69,1248398486.37,450194987.66,2317202.16,1609284.48,8915254.06,31583307.4,31583307.4,,399948262.91,798203498.71,3089721.84,,305343586.44,,,136315088.99,136315088.99,36705300.0,18446782.59,55075937.68,225140468.05,30378547.88,8818713.24,5821676.65,5821676.65,82198812.46,175942938.07,0.0,,99502408.13,52668324.93,23772205.01,160888936.23,36445.32,136278643.67,,,,,,,,,,,,,,,,,,,,,,,,,,,,,,,,,,,,,,,,,,,,,,,,,,331271246.85,10395782.0,320875464.85,,,-8693421.67,,-75000000.0,-4079897.46,104136751.81,100829216.95,12373.92,3295160.94,-319282564.24,,-588123622.16,,,270000000.0,270000000.0,-75000000.0,327191249.39,,-4079997.46,-100.0,,,,,,,,,,,,,,,,,,,,,,,345000000.0,345000000.0,-9440079.58,-4079897.46,-4613524.21,-8900722.82,-125552593.29,-37838910.75,-27415985.19,-60297697.35,129839791.9,3714366.73,126125425.17,0.0,0.0,,,,,,,,,,,,,,,,,,,,,,,,,,,,,,,,,,,,,,,,,,,,,,,-9795805.32,59309.914747,0.182927,22948957.45,324227.96,324227.96,6448958.44,,163651580.95,23273185.41,23273185.41,-4008461.58,3391540.09,81741.47,6184040.394747,6448958.44,197119780.5,20247604.08,,,,,,6448958.44,6448958.44,16244763.76,16244763.76,3636881.56,19881645.32,,-365958.76,154723.11,,-4008461.58,3391540.09,81741.47,29121765.77,33468199.55,,,,12343828.86,-23847911.7,-9477582.11,-14370329.59,,62589965.32,163651580.95,226241546.27,226241546.27,28763.17,1455475.6,0.0,-1638961.88,698662.96,1226555.51,,,,,,,,,,,,
002058.SZ,2026-03-31,2026Q1,285829897.12,,98429604.16,34079152.4,321540565.73,,,,438546801.88,,1290387.37,,,,12688931.42,,143448332.0,143448332.0,399606635.71,710195725.44,32577009.86,568712392.64,306415483.94,32577009.86,63353277.87,353578833.42,349183174.99,63353277.87,,,,-80136077.14,,143448332.0,143448332.0,921282877.37,443463071.47,,,,388655159.71,290225555.55,477819805.9,,,,,95287994.79,67419783.74,1270466052.36,486230762.52,910111.25,770166.3,9405738.43,30776268.01,30776268.01,,438546801.88,784235289.84,3273991.56,,298063806.35,,,105752479.06,105752479.06,36995100.0,17812811.76,98429604.16,215133559.22,22086040.29,5782170.76,5821676.65,5821676.65,437256414.51,187878516.43,,,,,,176577565.02,,,,,,,,,,,,,,,,,,,,,,,,,,,,,,,,,,,,,,,,,,,,,,,,,,,,,,,,,15705182.65,,-80000000.0,-8383776.01,105588706.8,104136751.81,-622154.43,2074109.42,-13631073.23,,,,,-10000000.0,-10000000.0,-80000000.0,-8383776.01,,-8383776.01,,,,,,,,,,,,,,,,,,,,,,,,70000000.0,70000000.0,-3631073.23,-8383776.01,24088958.66,-11618690.06,-90789433.35,-7020837.27,-36703483.77,-47065112.31,126497082.07,36008532.1,90488549.97,,,,,,,,,,,,,,,,,,,,,,,,,,,,,,,,,,,,,,,,,,,,,,,,,-9864138.34,-59867.691093,0.142552,25435616.52,-419969.61,-419969.61,7511806.03,,133620420.34,25015646.91,25015646.91,-6073603.33,4750915.74,56189.34,7871907.948907,7511806.03,155680991.77,20196898.01,150236121.0,150236121.0,0.05,0.05,,7511806.03,7511806.03,17375944.37,17375944.37,2888786.8,20264731.17,,67833.16,-419969.61,,-6073603.33,4750915.74,56189.34,26690470.95,22060571.43,,,,6961213.64,15275370.41,3972415.74,11302954.67,,48751042.38,133620420.34,182371462.72,182371462.72,,253717.27,0.0,166252.34,1378876.93,1156760.47,,,,,,,,,,,,
CRM,2024-10-31,2024Q4,,,,,,,,,,,,,,,,,,,435000000.0,,,,,,,,,,,,,,,,,,,,,,,,,,,,,,,,,,,,,,,,,,,,,,,,,,,,,,,,,,,,,,,,,,93000000.0,,,,,,,,,,,,,,,,,,,,,,,,,,,,,,,,,,,,,,,,,,,,,,,,,,,,,,,,,,,,,,,,,,,,,,,,,,,,,,,,,,32000000.0,,,,,,,,,,,,,,,,,,,,,,,,,,,,,-382000000.0,,,,,,,,,,,,,,,,,,,,,,,,,,,,,,,,,,,,,,,,,,,,,,,,,,,,,,,,,,,,,,,,,,,,,,,,,,,,,,,,,,,,,,,,,,,,,,,,,,,,,,,,,,,,,,,,,
CRM,2025-01-31,2025Q1,,-266000000.0,2959000000.0,,579000000.0,579000000.0,,-3682000000.0,9075000000.0,1556000000.0,,4577000000.0,0.0,1971000000.0,,94000000.0,962000000.0,1056000000.0,,11392000000.0,5462000000.0,69606000000.0,1747000000.0,5462000000.0,61173000000.0,69606000000.0,61173000000.0,61173000000.0,-266000000.0,,19507000000.0,16369000000.0,64576000000.0,1000000.0,1000000.0,41755000000.0,13775000000.0,2962000000.0,,,10813000000.0,8433000000.0,27980000000.0,20743000000.0,20743000000.0,6658000000.0,,,,102928000000.0,73201000000.0,4770000000.0,2475000000.0,4770000000.0,55711000000.0,4428000000.0,51283000000.0,5393000000.0,29727000000.0,1779000000.0,11945000000.0,11945000000.0,,,14032000000.0,8848000000.0,,,2380000000.0,,,,4811000000.0,4811000000.0,2157000000.0,,,,,,,,,,41000000.0,0.0,0.0,4852000000.0,41000000.0,492000000.0,293000000.0,5184000000.0,,,,,,,,,,,,,,,,,,,,,,,,,,,,,,,,,,,,,,,,,,-565000000.0,1438000000.0,-2003000000.0,,,3816000000.0,-76000000.0,-98000000.0,-154000000.0,8848000000.0,7997000000.0,-110000000.0,961000000.0,-73000000.0,-73000000.0,,-76000000.0,-76000000.0,-98000000.0,-98000000.0,-98000000.0,-2936000000.0,-2936000000.0,,,-154000000.0,3970000000.0,3970000000.0,151000000.0,6123000000.0,-161000000.0,,1592000000.0,1592000000.0,1592000000.0,-7171000000.0,-7171000000.0,527000000.0,803000000.0,,,,877000000.0,877000000.0,,1708000000.0,-96000000.0,,,-383000000.0,,,,,,,,,,,-2217000000.0,,-383000000.0,87000000.0,673000000.0,484000000.0,-2217000000.0,-232000000.0,-96000000.0,,,,,,,,,,,,,,,,,,,,,,,,,,,,,,,,,,,,,,,,,-28450704.225352,0.140845,3197000000.0,-202000000.0,-202000000.0,1708000000.0,877000000.0,2217000000.0,2995000000.0,2118000000.0,,,,1881549295.774648,1708000000.0,7875000000.0,1820000000.0,974000000.0,959000000.0,1.75,1.78,,1708000000.0,1708000000.0,1708000000.0,1708000000.0,280000000.0,1988000000.0,-130000000.0,72000000.0,-448000000.0,298000000.0,,,,2118000000.0,5658000000.0,,,,1420000000.0,4238000000.0,3471000000.0,767000000.0,767000000.0,7776000000.0,2217000000.0,9993000000.0,9993000000.0,,,,150000000.0,,,246000000.0,,,,,,,,,,,
CRM,2025-04-30,2025Q2,,-130000000.0,2934000000.0,,593000000.0,593000000.0,,,5260000000.0,,,,,1924000000.0,,104000000.0,958000000.0,1062000000.0,,11369000000.0,5352000000.0,69101000000.0,1670000000.0,5352000000.0,60666000000.0,69101000000.0,60666000000.0,60666000000.0,-130000000.0,,22199000000.0,17504000000.0,65490000000.0,1000000.0,1000000.0,37944000000.0,13748000000.0,2972000000.0,,,10776000000.0,8435000000.0,24196000000.0,17799000000.0,17799000000.0,5804000000.0,,,,98610000000.0,72744000000.0,4887000000.0,2342000000.0,4887000000.0,55314000000.0,4033000000.0,51281000000.0,5260000000.0,25866000000.0,2180000000.0,4354000000.0,4354000000.0,,,17408000000.0,10928000000.0,,,2341000000.0,,,,4905000000.0,4905000000.0,5260000000.0,,,,,,,,,,36000000.0,,,4941000000.0,36000000.0,,,6480000000.0,,,,,,,,,,,,,,,,,,,,,,,,,,,,,,,,,,,,,,,,,,-1388000000.0,847000000.0,-2235000000.0,,,6297000000.0,-2633000000.0,-179000000.0,-179000000.0,10928000000.0,8848000000.0,91000000.0,1989000000.0,-2920000000.0,-2920000000.0,,-2633000000.0,-2633000000.0,-179000000.0,-179000000.0,-179000000.0,-1567000000.0,-1567000000.0,,,-179000000.0,6476000000.0,6476000000.0,2670000000.0,-3309000000.0,-124000000.0,,-1007000000.0,-1007000000.0,-1007000000.0,7591000000.0,7591000000.0,545000000.0,814000000.0,,,,843000000.0,843000000.0,,1541000000.0,63000000.0,,,-402000000.0,,,,,,,,,,,0.0,,-402000000.0,28000000.0,99000000.0,294000000.0,0.0,-481000000.0,63000000.0,,,,,,,,,,,,,,,,,,,,,,,,,,,,,,,,,,,,,,,,,-21780000.0,0.22,2920000000.0,-99000000.0,-99000000.0,1541000000.0,843000000.0,2265000000.0,2821000000.0,1978000000.0,,,,1618220000.0,1541000000.0,7851000000.0,1942000000.0,970000000.0,960000000.0,1.59,1.61,,1541000000.0,1541000000.0,1541000000.0,1541000000.0,433000000.0,1974000000.0,-4000000.0,95000000.0,-83000000.0,36000000.0,,,,1978000000.0,5586000000.0,,,,1460000000.0,4126000000.0,3429000000.0,697000000.0,697000000.0,7564000000.0,2265000000.0,9829000000.0,9829000000.0,,,,47000000.0,,,-16000000.0,,,,,,,,,,,
CRM,2025-07-31,2025Q3,,47000000.0,2801000000.0,,580000000.0,580000000.0,,,5182000000.0,,,,,1862000000.0,,112000000.0,955000000.0,1067000000.0,,11237000000.0,6221000000.0,69764000000.0,2799000000.0,6221000000.0,61328000000.0,69764000000.0,61328000000.0,61328000000.0,47000000.0,,24408000000.0,18987000000.0,66701000000.0,1000000.0,1000000.0,36245000000.0,13713000000.0,3056000000.0,,,10657000000.0,8436000000.0,22532000000.0,16555000000.0,16555000000.0,5397000000.0,,,,97573000000.0,72242000000.0,4602000000.0,2266000000.0,4602000000.0,55107000000.0,3669000000.0,51438000000.0,5182000000.0,25331000000.0,2501000000.0,5596000000.0,5596000000.0,,,15372000000.0,10365000000.0,,,2221000000.0,,,,5040000000.0,5040000000.0,5182000000.0,,,,,,,,,,,,,5085000000.0,45000000.0,,,5007000000.0,,,,,,,,,,,,,,,,,,,,,,,,,,,,,,,,,,,,,,,,,,1354000000.0,2646000000.0,-1292000000.0,,,605000000.0,-2225000000.0,-99000000.0,-135000000.0,10365000000.0,10928000000.0,35000000.0,-598000000.0,-2503000000.0,-2503000000.0,-12000000.0,-2225000000.0,-2225000000.0,-99000000.0,-99000000.0,-99000000.0,1165000000.0,1165000000.0,,,-135000000.0,740000000.0,740000000.0,-3295000000.0,-1650000000.0,-154000000.0,,-217000000.0,-217000000.0,-217000000.0,-1242000000.0,-1242000000.0,544000000.0,793000000.0,,,,817000000.0,817000000.0,,1887000000.0,-6000000.0,,,-399000000.0,,,,,,,,,,,-54000000.0,,,87000000.0,891000000.0,232000000.0,-54000000.0,-32000000.0,-6000000.0,,,,,,,,,,,,,,,,,,,,,,,,,,,,,,,,,,,,,,,,,440000.0,0.22,3151000000.0,2000000.0,2000000.0,1887000000.0,817000000.0,2242000000.0,3153000000.0,2336000000.0,,,,1885440000.0,1887000000.0,7900000000.0,2332000000.0,962000000.0,956000000.0,1.96,1.97,,1887000000.0,1887000000.0,1887000000.0,1887000000.0,519000000.0,2406000000.0,70000000.0,68000000.0,-90000000.0,4000000.0,,,,2336000000.0,5658000000.0,,,,1481000000.0,4177000000.0,3443000000.0,734000000.0,734000000.0,7994000000.0,2242000000.0,10236000000.0,10236000000.0,,,,86000000.0,,,92000000.0,,,,,,,,,,,
CRM,2025-10-31,2025Q4,,154000000.0,2701000000.0,,564000000.0,564000000.0,,,5096000000.0,,,,,1835000000.0,,127000000.0,942000000.0,1069000000.0,,11139000000.0,4073000000.0,68459000000.0,-347000000.0,4073000000.0,60021000000.0,68459000000.0,60021000000.0,60021000000.0,154000000.0,,28255000000.0,20673000000.0,67448000000.0,1000000.0,1000000.0,35123000000.0,13713000000.0,3138000000.0,,,10575000000.0,8438000000.0,21410000000.0,14996000000.0,14996000000.0,5850000000.0,,,,95144000000.0,74081000000.0,4334000000.0,2293000000.0,4334000000.0,55948000000.0,3491000000.0,52457000000.0,5096000000.0,21063000000.0,2431000000.0,5474000000.0,5474000000.0,,,11323000000.0,8978000000.0,,,2137000000.0,,,,6366000000.0,6366000000.0,5096000000.0,,,,,,,,,,,,,6410000000.0,44000000.0,,,2345000000.0,,,,,,,,,,,,,,,,,,,,,,,,,,,,,,,,,,,,,,,,,,1636000000.0,3125000000.0,-1489000000.0,,,2177000000.0,-3801000000.0,-160000000.0,-139000000.0,8978000000.0,10365000000.0,22000000.0,-1409000000.0,-4244000000.0,-4244000000.0,-127000000.0,-3801000000.0,-3801000000.0,-160000000.0,-160000000.0,-160000000.0,519000000.0,519000000.0,,,-139000000.0,2316000000.0,2316000000.0,-1725000000.0,-2107000000.0,-137000000.0,,0.0,,0.0,123000000.0,123000000.0,548000000.0,819000000.0,,,,851000000.0,851000000.0,,2086000000.0,-263000000.0,,,-395000000.0,,,,,,,,,,,-978000000.0,,-395000000.0,28000000.0,133000000.0,239000000.0,-978000000.0,396000000.0,-263000000.0,,,,,,,,,,,,,,,,,,,,,,,,,,,,,,,,,,,,,,,,,510000.0,0.17,3296000000.0,3000000.0,3000000.0,2086000000.0,851000000.0,2255000000.0,3299000000.0,2448000000.0,,,,2083510000.0,2086000000.0,7811000000.0,2188000000.0,952000000.0,948000000.0,2.19,2.2,,2086000000.0,2086000000.0,2086000000.0,2086000000.0,426000000.0,2512000000.0,64000000.0,61000000.0,-429000000.0,260000000.0,,,,2448000000.0,5556000000.0,,,,1433000000.0,4123000000.0,3456000000.0,667000000.0,667000000.0,8004000000.0,2255000000.0,10259000000.0,10259000000.0,,,,169000000.0,,,432000000.0,,,,,,,,,,,
CRM,2026-01-31,2026Q1,,313000000.0,2737000000.0,,4548000000.0,548000000.0,,-3703000000.0,8826000000.0,1617000000.0,,4349000000.0,0.0,2075000000.0,,144000000.0,929000000.0,1073000000.0,7112000000.0,17176000000.0,-5614000000.0,73581000000.0,-8896000000.0,-5614000000.0,59142000000.0,69581000000.0,59142000000.0,59142000000.0,313000000.0,,32228000000.0,22221000000.0,68835000000.0,1000000.0,1000000.0,53163000000.0,16045000000.0,3417000000.0,,,12628000000.0,10439000000.0,37118000000.0,24317000000.0,24317000000.0,8253000000.0,,,,112305000000.0,84083000000.0,3628000000.0,2985000000.0,,64756000000.0,6815000000.0,57941000000.0,5123000000.0,28222000000.0,2243000000.0,14339000000.0,14339000000.0,,,9565000000.0,7327000000.0,,,2189000000.0,4000000000.0,,,7547000000.0,7547000000.0,2003000000.0,,,,,,,,,,,0.0,4000000000.0,7591000000.0,44000000.0,500000000.0,357000000.0,2238000000.0,,,,,,,,,,,,,,,,,,,,,,,,,,,,,,,,,,,,,,,,,,-330000000.0,375000000.0,-705000000.0,,,5323000000.0,-3937000000.0,-146000000.0,-141000000.0,7327000000.0,8978000000.0,4000000.0,-1655000000.0,1588000000.0,1588000000.0,-212000000.0,-3937000000.0,-3937000000.0,5854000000.0,5854000000.0,-146000000.0,-8707000000.0,-8707000000.0,,,-141000000.0,5464000000.0,5464000000.0,1569000000.0,7179000000.0,-152000000.0,,2238000000.0,2238000000.0,2238000000.0,-8632000000.0,-8632000000.0,560000000.0,1083000000.0,,,,1120000000.0,1120000000.0,,1943000000.0,-811000000.0,,,-391000000.0,,,,,,,,,,,-8236000000.0,,-391000000.0,133000000.0,159000000.0,274000000.0,-8236000000.0,936000000.0,-811000000.0,,,,,,,,,,,,,,,,,,,,,,,,,,,,,,,,,,,,,,,,,136843607.305936,0.260654,2750000000.0,525000000.0,525000000.0,1943000000.0,1120000000.0,2508000000.0,3275000000.0,2155000000.0,,,,1554843607.305936,1943000000.0,9046000000.0,1869000000.0,940000000.0,935000000.0,2.07,2.08,,1943000000.0,1943000000.0,1943000000.0,1943000000.0,685000000.0,2628000000.0,473000000.0,-52000000.0,-480000000.0,286000000.0,,,,2155000000.0,6538000000.0,,,,1619000000.0,3924000000.0,3022000000.0,902000000.0,902000000.0,8693000000.0,2508000000.0,11201000000.0,11201000000.0,,,,194000000.0,,,1005000000.0,,,,,,,,,,,
STNE,2024-09-30,2024Q3,,,,,,,,,,,,,,,,,,,,,,,,,,,,,,,,,,,,,,,,,,,,,,,,,,,,,,,,,,,,,,,,,,,,,,,,,,32629000.0,,,,,,,,,,,,,,,,,,,,,,,,,,,,,,,,,,,,,,,,,,,,,,,,,,,,,,,,,,,,,,,,,,,,,,,,,,,,,,,,,,,,,,,,,,,,,,,,,,,,,,,,,,,,,,,,,,,,,,,,,,,,,,,,,-1923000.0,,,,,,,,,,,,,,,,,,,,,,,,,,,,,,,,,,,,,,,,,,,,,,,,,,,,,,,,,,,,,,,,,,,,,,,,,,,,,,,,,,,,,,,,,,,,,,,,,,,,,,,,,,
STNE,2024-12-31,2024Q4,51298000.0,684255000.0,247004000.0,291666000.0,4969839000.0,49896000.0,578345000.0,-1880043000.0,3714040000.0,,29687000.0,201609000.0,0.0,,,28234942.0,286012578.0,314247520.0,7421283000.0,12895941000.0,6317882000.0,24424921000.0,12431211000.0,6317882000.0,11775984000.0,19504978000.0,11827282000.0,11775984000.0,684255000.0,,1805896000.0,-346360000.0,13825325000.0,76000.0,76000.0,42986181000.0,9452368000.0,236822000.0,680672000.0,680672000.0,7926102000.0,7728994000.0,33533813000.0,8704809000.0,8704809000.0,18989154000.0,,18989154000.0,672184000.0,54813463000.0,8848439000.0,159159000.0,871640000.0,871640000.0,5458102000.0,3379987000.0,2078115000.0,1833997000.0,45965024000.0,370255000.0,30886545000.0,29622395000.0,-60888000.0,29814543000.0,14551410000.0,5227654000.0,50674000.0,,197108000.0,4919943000.0,17756720000.0,560250000.0,32629000.0,,3239321000.0,,,,,,,,,,0.0,,,108380000.0,0.0,243423000.0,,9323756000.0,-581416000.0,281177000.0,39515000.0,237406000.0,4919943000.0,431715000.0,172014000.0,141773000.0,103374000.0,32629000.0,75751000.0,75751000.0,156814000.0,0.0,-131260000.0,372432000.0,891718000.0,,,,,,,,,,,,,,,,,,,,,,,,,-135043000.0,-135043000.0,,70171000.0,70171000.0,-623255000.0,-608339000.0,-495802000.0,-322465000.0,5227654000.0,4013279000.0,-2098000.0,1216473000.0,1996547000.0,1996547000.0,1590230000.0,-608339000.0,-608339000.0,1014656000.0,1014656000.0,-495802000.0,-479284000.0,-479284000.0,-203426000.0,,,-300790000.0,-300790000.0,-2341010000.0,,-27237000.0,,-513593000.0,-513593000.0,7835552000.0,-1811735000.0,-1636857000.0,13923000.0,74313000.0,21187000.0,-59450000.0,-59450000.0,244002000.0,244002000.0,173831000.0,-2921823000.0,262189000.0,1510458000.0,1510458000.0,,-203426000.0,,,,,,,,,,-19128000.0,,,,,,-19128000.0,-33355000.0,233399000.0,-53296000.0,-2648000.0,-119039000.0,-119039000.0,-54499000.0,1335536000.0,-202629000.0,158198000.0,158198000.0,-230578000.0,23576000.0,58510000.0,,,,,,,,,,,,,,,,,,,,,,,,,,,,-2186000.0,-1212608640.0,0.34,1305620000.0,-3566496000.0,-3566496000.0,-2924009000.0,244002000.0,878783000.0,-2260876000.0,-2504878000.0,-908351000.0,318379000.0,118675000.0,-570121640.0,-2924009000.0,1731179000.0,,293100000.0,293100000.0,-9.968611,-9.968611,-2924009000.0,-2924009000.0,-2924009000.0,-2921823000.0,-2921823000.0,98566000.0,-2823257000.0,-3674489000.0,-108126000.0,,,-908351000.0,318379000.0,118675000.0,1759583000.0,852396000.0,,,,,852396000.0,549112000.0,303284000.0,303284000.0,2611979000.0,878783000.0,3490762000.0,3490762000.0,,,,,708647000.0,,-8447000.0,133000.0,,,,,,,,,,
STNE,2025-03-31,2025Q1,50881000.0,13856409000.0,245277000.0,389487000.0,4939061000.0,,422929000.0,-2021279000.0,3901594000.0,,30161000.0,224875000.0,0.0,,,42705429.0,271542091.0,314247520.0,7540158000.0,13435797000.0,5934695000.0,24606813000.0,12605795000.0,5934695000.0,11416293000.0,19667752000.0,11467174000.0,11416293000.0,13856409000.0,,2608290000.0,168098000.0,,76000.0,76000.0,42466736000.0,10146904000.0,237616000.0,786153000.0,786153000.0,8496736000.0,8251459000.0,32319832000.0,8279604000.0,8279604000.0,18288751000.0,,18288751000.0,721675000.0,53933910000.0,9008283000.0,152385000.0,1033865000.0,1033865000.0,5481598000.0,3403814000.0,2077784000.0,1880315000.0,44925627000.0,480497000.0,36477703000.0,35109065000.0,-71874000.0,35180939000.0,7935550000.0,5650362000.0,51206000.0,,245277000.0,4939061000.0,16947853000.0,619223000.0,32174000.0,11335000.0,3403789000.0,,,,,,,,,,0.0,,,110026000.0,0.0,242769000.0,,2285188000.0,,262116000.0,57265000.0,255812000.0,4939061000.0,,204895000.0,140406000.0,4793000.0,20839000.0,77852000.0,77852000.0,31877000.0,,-143999000.0,432787000.0,1079850000.0,,,,,,,,,,,,,,,,,,,,,,,,,374089000.0,374089000.0,,78970000.0,78970000.0,336816000.0,-843411000.0,-1199511000.0,-287515000.0,5650362000.0,5227654000.0,-12344000.0,435052000.0,-268587000.0,-268587000.0,259399000.0,-843411000.0,-843411000.0,315425000.0,315425000.0,-1199511000.0,79308000.0,79308000.0,-180218000.0,,,624331000.0,624331000.0,-1732108000.0,,-162591000.0,,-2770105000.0,-2770105000.0,23601000.0,1300279000.0,1491889000.0,167498000.0,87129000.0,69878000.0,-12198000.0,-12198000.0,258399000.0,258399000.0,179429000.0,516747000.0,-77699000.0,1514936000.0,1514936000.0,,-180218000.0,,,,,,,,,,-7283000.0,,,,,,-7283000.0,-99691000.0,-73186000.0,,17000.0,-107297000.0,-107297000.0,-108038000.0,1528869000.0,-143852000.0,162294000.0,162294000.0,69706000.0,-4152000.0,-361000.0,,,,,,,,,,,,,,,,,,,,,,,,,,,,-2289000.0,-627760.0,0.19,1288030000.0,-3304000.0,-3304000.0,514458000.0,258399000.0,933863000.0,1284726000.0,1026327000.0,-904074000.0,388730000.0,189312000.0,517134240.0,514458000.0,1804894000.0,,286082045.0,279845233.0,1.8,1.84,514458000.0,514458000.0,514458000.0,516747000.0,516747000.0,120850000.0,637597000.0,-134067000.0,-131124000.0,,,-904074000.0,388730000.0,189312000.0,1675738000.0,871031000.0,,,,,871031000.0,593097000.0,277934000.0,277934000.0,2546769000.0,933863000.0,3480632000.0,3480632000.0,,,,,704656000.0,,-3304000.0,361000.0,,,,,,,,,,
STNE,2025-06-30,2025Q2,52713000.0,13702127000.0,,1206493000.0,5115969000.0,,439490000.0,-1969745000.0,3793094000.0,,30963000.0,112406000.0,0.0,,,46723105.0,267524415.0,314247520.0,8770767000.0,13956346000.0,9654238000.0,25522945000.0,16000307000.0,9654238000.0,11566599000.0,20406976000.0,11619312000.0,11566599000.0,13702127000.0,,2902211000.0,766607000.0,,76000.0,76000.0,43536412000.0,9854333000.0,246055000.0,290892000.0,290892000.0,8840377000.0,8840377000.0,33682079000.0,8829972000.0,8829972000.0,18090155000.0,,18090155000.0,685144000.0,55155724000.0,5473338000.0,155347000.0,1089038000.0,1089038000.0,1912361000.0,1237727000.0,674634000.0,1823349000.0,49682386000.0,403877000.0,37850481000.0,36275143000.0,-75924000.0,36351067000.0,7048158000.0,5185579000.0,46216000.0,,,5115969000.0,16762051000.0,642960000.0,20839000.0,,3471800000.0,,,,,,,,,,0.0,,,95739000.0,0.0,177925000.0,,1862579000.0,,172437000.0,72251000.0,186105000.0,5115969000.0,,268956000.0,128465000.0,83000.0,20839000.0,74900000.0,74900000.0,26472000.0,4353398000.0,-150855000.0,421596000.0,1304597000.0,,,,,,,,,,,,,,,,,,,,,,,,,-77624000.0,-77624000.0,,84196000.0,84196000.0,68629000.0,-397864000.0,-466056000.0,-318970000.0,5585720000.0,5650362000.0,-10627000.0,-54015000.0,-42982000.0,-42982000.0,381282000.0,-397864000.0,-397864000.0,-26400000.0,-26400000.0,-466056000.0,-398632000.0,-398632000.0,-211313000.0,,,387599000.0,387599000.0,-2360800000.0,,63896000.0,,-2417034000.0,-2417034000.0,-31684000.0,-79347000.0,141383000.0,275500000.0,96876000.0,139294000.0,-71988000.0,-71988000.0,270888000.0,270888000.0,186692000.0,602979000.0,-160459000.0,439656000.0,439656000.0,,-211313000.0,,,,,,,,,,-2087000.0,,,,,,-2087000.0,71685000.0,-127884000.0,,49000.0,-107657000.0,-107657000.0,-74089000.0,1782949000.0,-240118000.0,114915000.0,114915000.0,126567000.0,-31088000.0,361000.0,,,,,,,,,,,,,,,,,,,,,,,,,,,,15812000.0,-969269.0,0.151,1418867000.0,-6419000.0,-6419000.0,602979000.0,270888000.0,850390000.0,1412448000.0,1141560000.0,-870751000.0,450261000.0,214677000.0,608428731.0,602979000.0,1606495000.0,,275904799.0,269231262.0,2.17,2.22,602979000.0,602979000.0,602979000.0,587167000.0,587167000.0,104132000.0,691299000.0,-117696000.0,-110778000.0,,,-870751000.0,450261000.0,214677000.0,1679746000.0,756105000.0,,,,,756105000.0,530999000.0,225106000.0,225106000.0,2435851000.0,850390000.0,3286241000.0,3286241000.0,,,,,635167000.0,,-6419000.0,-499000.0,,,,,,,,,,
STNE,2025-09-30,2025Q3,42801000.0,13616136000.0,,1352519000.0,7632024000.0,,520957000.0,-2115641000.0,3859784000.0,,45479000.0,115941000.0,0.0,,,51904653.0,262342867.0,314247520.0,10601322000.0,16155578000.0,9794952000.0,27903005000.0,15805041000.0,9794952000.0,11747427000.0,20270981000.0,11790228000.0,11747427000.0,13616136000.0,,3342166000.0,1473381000.0,,76000.0,76000.0,46806758000.0,9688677000.0,260681000.0,289216000.0,289216000.0,8523554000.0,8523554000.0,37118081000.0,9018165000.0,9018165000.0,18594416000.0,,18594416000.0,672169000.0,58596986000.0,5673864000.0,175338000.0,1161343000.0,1161343000.0,1952475000.0,1277841000.0,674634000.0,1744143000.0,52923122000.0,447600000.0,40723059000.0,38748129000.0,-81571000.0,38829700000.0,7525930000.0,5554256000.0,55984000.0,,,7632024000.0,17118103000.0,804144000.0,37123000.0,,3521042000.0,,,,,,,,,,0.0,,,109806000.0,0.0,177324000.0,,1971674000.0,,254529000.0,96794000.0,207919000.0,7632024000.0,,377905000.0,152289000.0,565000.0,37123000.0,72683000.0,72683000.0,41138000.0,4185395000.0,-158809000.0,518694000.0,1615045000.0,,,,,,,,,,,,,,,,,,,,,,,,,-120215000.0,-120215000.0,,47873000.0,47873000.0,-1319313000.0,-465234000.0,-608429000.0,-273798000.0,5797403000.0,5585720000.0,-6787000.0,218470000.0,1648030000.0,1648030000.0,732390000.0,-465234000.0,-465234000.0,1380874000.0,1380874000.0,-608429000.0,-384045000.0,-384045000.0,-154594000.0,,,-1045515000.0,-1045515000.0,-3990258000.0,,80615000.0,,-1665817000.0,-1665817000.0,-7394671000.0,-2396506000.0,-2007296000.0,390839000.0,70112000.0,142975000.0,-23895000.0,-23895000.0,232020000.0,232020000.0,184147000.0,715250000.0,-52806000.0,1989303000.0,1989303000.0,,-154594000.0,,,,,,,,,,10030000.0,,,,,,-8493000.0,-8550000.0,3552000.0,-138000.0,-62000.0,-119204000.0,-119204000.0,-112882000.0,1950641000.0,-362433000.0,272589000.0,272589000.0,-5078000.0,-961000.0,-55259000.0,,,,,,,,,,,,,,,,,,,,,,,,,47105000.0,,,-8476000.0,-1326008.0,0.166,1585959000.0,-7988000.0,-7988000.0,659669000.0,232020000.0,817754000.0,1577971000.0,1345951000.0,-966440000.0,545092000.0,172667000.0,666330992.0,706774000.0,1578640000.0,,272000407.0,264785128.0,2.6,2.67,706774000.0,706774000.0,706774000.0,715250000.0,668145000.0,132714000.0,800859000.0,-48184000.0,-39005000.0,,,-966440000.0,545092000.0,172667000.0,1815483000.0,760886000.0,,,,,760886000.0,527170000.0,233716000.0,233716000.0,2576369000.0,817754000.0,3394123000.0,3394123000.0,,,,,594015000.0,,-7988000.0,-1191000.0,,,,,,,,,,
STNE,2025-12-31,2025Q4,39755000.0,570619000.0,169380000.0,1103374000.0,8643759000.0,27091000.0,536364000.0,-2263902000.0,3989408000.0,,43277000.0,115551000.0,0.0,,,65342853.0,248904667.0,314247520.0,12590982000.0,17582065000.0,9008081000.0,28407701000.0,15242999000.0,9008081000.0,10995016000.0,19791033000.0,11034771000.0,10995016000.0,570619000.0,,4591288000.0,1973342000.0,13825325000.0,76000.0,76000.0,51262125000.0,10058068000.0,264294000.0,309136000.0,309136000.0,8938306000.0,8796017000.0,41204057000.0,11090985000.0,11090985000.0,19829575000.0,,19829575000.0,848341000.0,62296896000.0,5849840000.0,166555000.0,1256150000.0,1256150000.0,1986935000.0,1315555000.0,671380000.0,1725506000.0,56447056000.0,372634000.0,44196410000.0,41497689000.0,,,7796635000.0,4821703000.0,72383000.0,,142289000.0,8616668000.0,18081964000.0,899270000.0,24586000.0,,3659488000.0,,,,,,,,,,0.0,,,96200000.0,0.0,171092000.0,,2974932000.0,-783058000.0,176166000.0,82869000.0,214914000.0,8616668000.0,802553000.0,438380000.0,168650000.0,11464000.0,24586000.0,71614000.0,71614000.0,58554000.0,4022823000.0,,690285000.0,2008436000.0,,,,,,,,,,,,,,,,,,,,,,,,,-746483000.0,-176250000.0,,58879000.0,58879000.0,401876000.0,-1280525000.0,-1052709000.0,-308275000.0,5052346000.0,5797403000.0,6851000.0,-751908000.0,-405878000.0,-405878000.0,-244275000.0,-1280525000.0,-1280525000.0,1118922000.0,1118922000.0,-1052709000.0,-1056181000.0,-1056181000.0,-159440000.0,,,710151000.0,710151000.0,-2375418000.0,,-2171000.0,,-1272096000.0,-1272096000.0,7662100000.0,-1126083000.0,-617341000.0,321821000.0,42905000.0,252161000.0,-40402000.0,-40402000.0,241533000.0,241533000.0,182654000.0,504183000.0,24195000.0,2171631000.0,2171631000.0,,-159440000.0,,,,,,,,,,-1421000.0,0.0,,,,,-1421000.0,24932000.0,-6474000.0,2456000.0,-2000.0,-148835000.0,-148835000.0,-41249000.0,2091399000.0,-473025000.0,114238000.0,114238000.0,4057000.0,26729000.0,1484000.0,,,,,,,,,,,,,,,,,,,,,,,,,-105886000.0,,,-4222000.0,366063.089231,0.088937,1446333000.0,4116000.0,4116000.0,605847000.0,241533000.0,911495000.0,1450449000.0,1208916000.0,-971817000.0,539293000.0,185657000.0,602097063.089231,499961000.0,1728784000.0,,248904667.0,248904667.0,2.951733,2.951733,499961000.0,499961000.0,499961000.0,504183000.0,610069000.0,59554000.0,669623000.0,-169450000.0,-172439000.0,,,-971817000.0,539293000.0,185657000.0,1810890000.0,817289000.0,,,,,817289000.0,562228000.0,255061000.0,255061000.0,2628179000.0,911495000.0,3539674000.0,3539674000.0,,,,,618181000.0,,4116000.0,-1127000.0,,,,,,,,,,
MBLY,2024-09-30,2024Q3,,,,,,,,,,,,,,,,,,,,,,,,,,,,,,,,,,,,,,,,,,,,,,,,,,,,,,,,,,,,,,,,,,,,,,,,,,,,,,,,,,,1228000000.0,65000000.0,,,,,,,,,,,,,,,,,,,,,,,,,,,,,,,,,,,,,,,,,,,,,,,,,,,,,,,,,,,,,,,,,-5000000.0,,,,,,,,,,,,,,21000000.0,,,,,,,,2000000.0,,,,,,,,,,,,,,,,,,,,,,,,,,,5000000.0,,,,,,,,,,,,,,,,,,,,,,,,,,,,,,,,,,,,,,,,,,,,,,,,,,,,,,,,,,,,,,,,,,,,,,,,,-2695000000.0,,,,,,,,,,,,,,,,,,,,,,,,,,,,,,,,,,,,,,
MBLY,2024-12-31,2024Q4,,,,,,,,,,,,,,,,,,,,,,,,,,,,,,,,,,,,,,,,,,,,,,,,,,,,,,,,,,,,,,,,,,,,,,,,,,,,,,,,,,,,,,,,,,,,,,,,,,,,,,,,,,,,,,,,,,,,,,,,,,,,,,,,,,,,,,,,,,,,,,,,,,,,-50000000.0,-50000000.0,,,,,,,,,,,,,,,,,,,,,,,,,,,,,,,,,,,,,,,,,,,,,,,,,1000000.0,,,,,,,,,,,,,,,,,0.0,,,,,,,,,,,,,,,,,,,,,,,,,,,,,,,0.0,0.0,,,,,,,,,,,,,,,,,,,,,,,,0.0,,0.0,,,,,,,,,,,,,,,,,,,,0.0,,,,,,,,,,,,,,,,
MBLY,2025-03-31,2025Q1,,-1000000.0,,31000000.0,,,104000000.0,-145000000.0,595000000.0,45000000.0,,233000000.0,0.0,,,,811996663.0,811996663.0,,,2351000000.0,12049000000.0,1925000000.0,2351000000.0,12049000000.0,12049000000.0,12049000000.0,12049000000.0,-1000000.0,,,-3162000000.0,15204000000.0,8000000.0,8000000.0,449000000.0,159000000.0,55000000.0,41000000.0,41000000.0,,,290000000.0,,,155000000.0,,155000000.0,150000000.0,12498000000.0,10283000000.0,135000000.0,,,9698000000.0,1498000000.0,8200000000.0,450000000.0,2215000000.0,122000000.0,217000000.0,217000000.0,,,1512000000.0,1512000000.0,,,,,,,,,,364000000.0,,,334000000.0,0.0,30000000.0,,,,,,,,,317000000.0,,,,,63000000.0,,,,,,,,,,,,,,,5000000.0,,,,,,,,,,,,,,,,,,,,,,,,-11000000.0,14000000.0,-25000000.0,111000000.0,111000000.0,95000000.0,,,-14000000.0,1527000000.0,1438000000.0,2000000.0,87000000.0,3000000.0,3000000.0,3000000.0,,,,,,-25000000.0,-25000000.0,-14000000.0,,,109000000.0,109000000.0,25000000.0,,-3000000.0,18000000.0,-36000000.0,-36000000.0,-36000000.0,-5000000.0,-5000000.0,,65000000.0,,-6000000.0,-6000000.0,129000000.0,129000000.0,18000000.0,-102000000.0,-2000000.0,,,,-14000000.0,,,,,,,,,,0.0,,,,,,0.0,,,,,,,,,,,,,,,0.0,0.0,51000000.0,-2000000.0,,,,,,,,,,,,,,,,,,,,,,,,,0.0,0.23,12000000.0,0.0,0.0,-102000000.0,129000000.0,231000000.0,12000000.0,-117000000.0,18000000.0,,,-102000000.0,-102000000.0,555000000.0,-117000000.0,812000000.0,812000000.0,-0.13,-0.13,-102000000.0,-102000000.0,-102000000.0,-102000000.0,-102000000.0,3000000.0,-99000000.0,,,0.0,,18000000.0,,,-117000000.0,324000000.0,,,,275000000.0,49000000.0,31000000.0,18000000.0,18000000.0,207000000.0,231000000.0,438000000.0,438000000.0,,0.0,,,-18000000.0,,,,,,,,,,,,,
MBLY,2025-06-30,2025Q2,,17000000.0,,29000000.0,,,115000000.0,-163000000.0,617000000.0,48000000.0,,250000000.0,0.0,,,,815079323.0,815079323.0,,,2479000000.0,12066000000.0,2050000000.0,2479000000.0,12066000000.0,12066000000.0,12066000000.0,12066000000.0,17000000.0,,,-3229000000.0,15270000000.0,8000000.0,8000000.0,512000000.0,165000000.0,60000000.0,36000000.0,36000000.0,,,347000000.0,,,203000000.0,,203000000.0,199000000.0,12578000000.0,10181000000.0,140000000.0,,,9587000000.0,1387000000.0,8200000000.0,454000000.0,2397000000.0,146000000.0,217000000.0,217000000.0,,,1709000000.0,1709000000.0,,,,,,,,,,325000000.0,,,300000000.0,0.0,25000000.0,,,,,,,,,319000000.0,,,,,69000000.0,,,,,,,,,,,,,,,4000000.0,,,,,,,,,,,,,,,,,,,,,,,,0.0,19000000.0,-19000000.0,111000000.0,111000000.0,199000000.0,,,-14000000.0,1729000000.0,1527000000.0,6000000.0,196000000.0,-3000000.0,-3000000.0,,,,,,,-14000000.0,-14000000.0,-14000000.0,,,213000000.0,213000000.0,90000000.0,,2000000.0,-8000000.0,57000000.0,40000000.0,40000000.0,0.0,0.0,,69000000.0,,-5000000.0,-5000000.0,129000000.0,129000000.0,18000000.0,-67000000.0,-7000000.0,,,,-14000000.0,,,,,,,,,,,,,,,,,,,,,,,,,,,,,,,,17000000.0,39000000.0,-6000000.0,,,,,,,,,,,,,,,,,,,,,,,,,0.0,0.23,55000000.0,,,-67000000.0,129000000.0,254000000.0,55000000.0,-74000000.0,13000000.0,,,-67000000.0,-67000000.0,580000000.0,-74000000.0,812000000.0,812000000.0,-0.08,-0.08,-67000000.0,-67000000.0,-67000000.0,-67000000.0,-67000000.0,6000000.0,-61000000.0,,,,,13000000.0,,,-74000000.0,326000000.0,,,,282000000.0,44000000.0,25000000.0,19000000.0,19000000.0,252000000.0,254000000.0,506000000.0,506000000.0,,,,,-13000000.0,,,,,,,,,,,,,
MBLY,2025-09-30,2025Q3,,12000000.0,,34000000.0,,,125000000.0,-182000000.0,635000000.0,51000000.0,,264000000.0,0.0,,,,813773953.0,813773953.0,,,2459000000.0,11935000000.0,2042000000.0,2459000000.0,11935000000.0,11935000000.0,11935000000.0,11935000000.0,12000000.0,,,-3325000000.0,15240000000.0,8000000.0,8000000.0,545000000.0,171000000.0,65000000.0,32000000.0,32000000.0,,,374000000.0,,,215000000.0,,215000000.0,211000000.0,12480000000.0,10064000000.0,135000000.0,,,9476000000.0,1276000000.0,8200000000.0,453000000.0,2416000000.0,148000000.0,201000000.0,201000000.0,,,1749000000.0,1749000000.0,,,,,,,,,,318000000.0,,,296000000.0,1000000.0,21000000.0,,,,,,,,,320000000.0,,,,,74000000.0,,,,,,,,,,,,,,,4000000.0,,,,,,,,,,,,,,,,,,,,,,,,-1000000.0,34000000.0,-35000000.0,111000000.0,111000000.0,143000000.0,,,-24000000.0,1769000000.0,1729000000.0,0.0,40000000.0,-102000000.0,-102000000.0,,,,,,,-25000000.0,-25000000.0,-24000000.0,,,167000000.0,167000000.0,65000000.0,,7000000.0,2000000.0,33000000.0,18000000.0,18000000.0,16000000.0,16000000.0,1000000.0,72000000.0,,-5000000.0,-5000000.0,129000000.0,129000000.0,18000000.0,-96000000.0,1000000.0,,,,-24000000.0,,,,,,,,,,,,,,4000000.0,,,,,,,,,,,,,,,,,,15000000.0,7000000.0,0.0,,,,,,,,,,,,,,,,,,,,,,,,,0.0,0.23,20000000.0,0.0,0.0,-96000000.0,129000000.0,261000000.0,20000000.0,-109000000.0,17000000.0,,,-96000000.0,-96000000.0,613000000.0,-109000000.0,814000000.0,814000000.0,-0.12,-0.12,-96000000.0,-96000000.0,-96000000.0,-96000000.0,-96000000.0,4000000.0,-92000000.0,,,0.0,,17000000.0,,,-109000000.0,352000000.0,,,,304000000.0,48000000.0,29000000.0,19000000.0,19000000.0,243000000.0,261000000.0,504000000.0,504000000.0,,0.0,,,-17000000.0,,,,,,,,,,,,,
MBLY,2025-12-31,2025Q4,,17000000.0,,33000000.0,,,141000000.0,-171000000.0,644000000.0,56000000.0,,266000000.0,0.0,,,,814748862.0,814748862.0,,,2515000000.0,11881000000.0,2072000000.0,2515000000.0,11881000000.0,11881000000.0,11881000000.0,11881000000.0,17000000.0,,,-3452000000.0,15308000000.0,8000000.0,8000000.0,611000000.0,205000000.0,67000000.0,60000000.0,60000000.0,,,406000000.0,,,232000000.0,,232000000.0,228000000.0,12492000000.0,10014000000.0,175000000.0,,,9366000000.0,1166000000.0,8200000000.0,473000000.0,2478000000.0,184000000.0,131000000.0,131000000.0,,,1836000000.0,1836000000.0,,,,,,,,,,327000000.0,,,306000000.0,0.0,21000000.0,,,,,,,,,322000000.0,,,,,78000000.0,,,,,,,,,,,,,,,4000000.0,,,,,,,,,,,,,,,,,,,,,,,,0.0,27000000.0,-27000000.0,110000000.0,110000000.0,86000000.0,0.0,,-27000000.0,1860000000.0,1769000000.0,9000000.0,82000000.0,-4000000.0,-4000000.0,-4000000.0,0.0,0.0,,,,-27000000.0,-27000000.0,-27000000.0,,,113000000.0,113000000.0,44000000.0,,-1000000.0,-41000000.0,24000000.0,4000000.0,4000000.0,70000000.0,70000000.0,4000000.0,71000000.0,,1000000.0,1000000.0,130000000.0,130000000.0,20000000.0,-127000000.0,-10000000.0,,,,-27000000.0,,,,,,,,,,,,,,,,,,,,,,,,,,,,,,,0.0,20000000.0,-8000000.0,-9000000.0,,,,,,,,,,,,,,,,,,,,,,,,,0.0,0.23,-10000000.0,0.0,0.0,-127000000.0,130000000.0,244000000.0,-10000000.0,-140000000.0,15000000.0,,,-127000000.0,-127000000.0,586000000.0,-140000000.0,814000000.0,814000000.0,-0.16,-0.16,-127000000.0,-127000000.0,-127000000.0,-127000000.0,-127000000.0,2000000.0,-125000000.0,,,0.0,,15000000.0,,,-140000000.0,342000000.0,,,,290000000.0,52000000.0,28000000.0,24000000.0,24000000.0,202000000.0,244000000.0,446000000.0,446000000.0,,0.0,,,-15000000.0,,,,,,,,,,,,,
MBLY,2026-03-31,2026Q1,,9000000.0,,51000000.0,,,137000000.0,-191000000.0,659000000.0,58000000.0,,275000000.0,0.0,,,,841424410.0,841424410.0,,,2072000000.0,8164000000.0,1574000000.0,2072000000.0,8164000000.0,8164000000.0,8164000000.0,8164000000.0,9000000.0,,,-7270000000.0,15417000000.0,8000000.0,8000000.0,571000000.0,152000000.0,69000000.0,5000000.0,5000000.0,,,419000000.0,,,231000000.0,,231000000.0,228000000.0,8735000000.0,6742000000.0,182000000.0,,,6092000000.0,1181000000.0,4911000000.0,468000000.0,1993000000.0,120000000.0,226000000.0,226000000.0,,,1344000000.0,1211000000.0,,,,,,,,,,303000000.0,,,282000000.0,0.0,21000000.0,,,,,,,,,326000000.0,,133000000.0,,,78000000.0,,,,,,,,,,,,,,,3000000.0,,,,,,,,,,,,,,,,,,,,,,,,-78000000.0,47000000.0,-125000000.0,113000000.0,113000000.0,45000000.0,,,-30000000.0,1238000000.0,1860000000.0,2000000.0,-624000000.0,0.0,,,,,,,,-699000000.0,-699000000.0,-30000000.0,,,75000000.0,75000000.0,-34000000.0,,20000000.0,8000000.0,9000000.0,14000000.0,14000000.0,-95000000.0,-95000000.0,,80000000.0,,-72000000.0,-72000000.0,133000000.0,133000000.0,20000000.0,-3818000000.0,-2000000.0,,,,-30000000.0,,,,,,,,,,-591000000.0,,,,,,-591000000.0,,,,,,,,,,,,,,,3788000000.0,-5000000.0,24000000.0,-2000000.0,,,,,,,,,,,,,,,,,,,,,,,,,-62450283.359093,0.016486,3813000000.0,-3788000000.0,-3788000000.0,-3818000000.0,133000000.0,283000000.0,25000000.0,-108000000.0,14000000.0,,,-92450283.359093,-3818000000.0,666000000.0,-3896000000.0,817000000.0,817000000.0,-4.68,-4.68,-3818000000.0,-3818000000.0,-3818000000.0,-3818000000.0,-3818000000.0,-64000000.0,-3882000000.0,-3788000000.0,,-3788000000.0,,14000000.0,,,-108000000.0,383000000.0,,,,323000000.0,60000000.0,29000000.0,31000000.0,31000000.0,275000000.0,283000000.0,558000000.0,558000000.0,,3788000000.0,,,-14000000.0,,,,,,,,,,,,,
EXPE,2024-09-30,2024Q3,,,,,,,,,,,,,,,,,,,1541000000.0,,,,,,,,,,,,,,,,,,,,,,,,,,,,,,,,,,,,,,,,,,,,,,,,,,,,,,,,,,,,,,,,,,,,,,,,,,,,,,1042000000.0,,,,,,,,,,,,,,,,,,,,,,,,,,,,,,,,,,,,,,,,,,,,0.0,,,,,,,,-1000000.0,,,0.0,0.0,0.0,,,,,,,,,,,,,,,,,,,,,,,,,,,0.0,0.0,0.0,,,,,,,,,,,,,0.0,,,,,,,,,,,,,,,,,,,,,,,,,,,,,,,,,,,,,,,,,,,,,,,,,,,,,,,,,,,,,,,,,,,,,,,,,,,,-2000000.0,,,,,,,,,,,,,,,,,,,,59000000.0,33000000.0,,,,,,,2000000.0,0.0,,,,,,,,
EXPE,2024-12-31,2024Q4,1242000000.0,-232000000.0,265000000.0,,1043000000.0,,,-2814000000.0,5532000000.0,,3569000000.0,285000000.0,0.0,,,171515000.0,128794452.0,293032452.0,2083000000.0,6531000000.0,-6104000000.0,7823000000.0,-3796000000.0,-6104000000.0,1557000000.0,6780000000.0,2799000000.0,1557000000.0,-232000000.0,,14856000000.0,602000000.0,16043000000.0,0.0,0.0,19589000000.0,5978000000.0,471000000.0,19000000.0,19000000.0,5488000000.0,5223000000.0,13611000000.0,8681000000.0,8681000000.0,3887000000.0,766000000.0,3121000000.0,3070000000.0,22388000000.0,12573000000.0,1698000000.0,496000000.0,496000000.0,7661000000.0,817000000.0,6844000000.0,2718000000.0,9815000000.0,689000000.0,3252000000.0,3213000000.0,-55000000.0,3268000000.0,4483000000.0,4183000000.0,,,265000000.0,1043000000.0,,51000000.0,,,305000000.0,,,,,,,,,,,,,,,1227000000.0,146000000.0,300000000.0,,,,,1043000000.0,51000000.0,,,,,,,,,,39000000.0,,,1391000000.0,,,,,,,,,,,,,,,,,,,,,,,-109000000.0,35000000.0,-144000000.0,13000000.0,13000000.0,7000000.0,-198000000.0,,-191000000.0,5574000000.0,6046000000.0,,-318000000.0,-155000000.0,-155000000.0,4000000.0,-198000000.0,-198000000.0,,,,-361000000.0,-361000000.0,,,-191000000.0,198000000.0,198000000.0,-528000000.0,-959000000.0,,,-195000000.0,-195000000.0,-195000000.0,540000000.0,540000000.0,10000000.0,93000000.0,,8000000.0,8000000.0,212000000.0,212000000.0,199000000.0,301000000.0,-12000000.0,,,,,,,,,,,,,,,,,34000000.0,87000000.0,39000000.0,,86000000.0,-107000000.0,,-61000000.0,,,,,,,,,,,114000000.0,,,95000000.0,,,,,,,,,,,,,,,,,,,,,,13000000.0,13000000.0,-2000000.0,-913432.835821,0.101493,618000000.0,-9000000.0,-9000000.0,299000000.0,212000000.0,335000000.0,609000000.0,397000000.0,-12000000.0,62000000.0,50000000.0,307086567.164179,299000000.0,2828000000.0,216000000.0,135732000.0,128569000.0,2.2,2.32,299000000.0,299000000.0,299000000.0,301000000.0,301000000.0,34000000.0,335000000.0,,,-140000000.0,8000000.0,-12000000.0,62000000.0,50000000.0,356000000.0,2493000000.0,212000000.0,212000000.0,199000000.0,322000000.0,1959000000.0,1749000000.0,210000000.0,57000000.0,2849000000.0,335000000.0,3184000000.0,3184000000.0,18000000.0,114000000.0,,,,,131000000.0,,0.0,0.0,153000000.0,,,,,,,
EXPE,2025-03-31,2025Q1,1249000000.0,-220000000.0,256000000.0,,1746000000.0,,,,2723000000.0,,,,,,,173534000.0,127743452.0,294000452.0,496000000.0,6467000000.0,-6583000000.0,7283000000.0,-4986000000.0,-6583000000.0,1072000000.0,5537000000.0,2321000000.0,1072000000.0,-220000000.0,,15243000000.0,351000000.0,16184000000.0,0.0,0.0,23793000000.0,5220000000.0,479000000.0,20000000.0,20000000.0,4721000000.0,4465000000.0,18573000000.0,13091000000.0,13091000000.0,3736000000.0,766000000.0,2970000000.0,2938000000.0,26114000000.0,12527000000.0,1608000000.0,541000000.0,541000000.0,7655000000.0,808000000.0,6847000000.0,2723000000.0,13587000000.0,930000000.0,4512000000.0,4449000000.0,-58000000.0,4507000000.0,6126000000.0,5715000000.0,,,256000000.0,1746000000.0,,32000000.0,,,2723000000.0,,,,,,,,,,,,,,,,,411000000.0,,,,,,32000000.0,,,,,,,,,,63000000.0,,,2019000000.0,,,,,,,,,,,,,,,,,,,,,,,-211000000.0,118000000.0,-329000000.0,11000000.0,11000000.0,2756000000.0,-384000000.0,-1044000000.0,-196000000.0,7734000000.0,5574000000.0,,2099000000.0,-469000000.0,-469000000.0,,-384000000.0,-384000000.0,-59000000.0,-59000000.0,-1044000000.0,-384000000.0,-384000000.0,,,-196000000.0,2952000000.0,2952000000.0,2770000000.0,4366000000.0,,,-134000000.0,-134000000.0,-134000000.0,-1241000000.0,-1241000000.0,9000000.0,98000000.0,,-46000000.0,-46000000.0,219000000.0,219000000.0,208000000.0,-197000000.0,99000000.0,985000000.0,985000000.0,-51000000.0,,,,,,,,,,,,,-51000000.0,99000000.0,47000000.0,25000000.0,,-221000000.0,136000000.0,,23000000.0,,,,,,,,,,,,,,-37000000.0,,,,,,,,,,,,,,,,,,,,,,11000000.0,11000000.0,-3000000.0,-15364000.0,0.092,227000000.0,-167000000.0,-167000000.0,-200000000.0,219000000.0,357000000.0,60000000.0,-159000000.0,-4000000.0,58000000.0,54000000.0,-48364000.0,-200000000.0,3032000000.0,-70000000.0,128641000.0,128641000.0,-1.56,-1.56,-200000000.0,-200000000.0,-200000000.0,-197000000.0,-197000000.0,-20000000.0,-217000000.0,,-2000000.0,-23000000.0,26000000.0,-4000000.0,58000000.0,54000000.0,-44000000.0,2675000000.0,219000000.0,219000000.0,208000000.0,320000000.0,2136000000.0,1956000000.0,180000000.0,34000000.0,2631000000.0,357000000.0,2988000000.0,2988000000.0,,,,,,,-144000000.0,,3000000.0,,146000000.0,,,,,,,
EXPE,2025-06-30,2025Q2,1250000000.0,-187000000.0,269000000.0,,1747000000.0,,,,2760000000.0,,,,,,,177657000.0,124492452.0,294872452.0,,6482000000.0,-6820000000.0,7049000000.0,-4881000000.0,-6820000000.0,836000000.0,5302000000.0,2086000000.0,836000000.0,-187000000.0,,15924000000.0,630000000.0,16317000000.0,0.0,0.0,24890000000.0,5276000000.0,520000000.0,21000000.0,21000000.0,4735000000.0,4466000000.0,19614000000.0,13582000000.0,13582000000.0,4285000000.0,923000000.0,3362000000.0,3346000000.0,26976000000.0,12243000000.0,1331000000.0,496000000.0,496000000.0,7656000000.0,801000000.0,6855000000.0,2760000000.0,14733000000.0,929000000.0,4982000000.0,4949000000.0,-75000000.0,5024000000.0,6671000000.0,6304000000.0,,,269000000.0,1747000000.0,,16000000.0,,,2760000000.0,,,,,,,,,,,,,,,,,367000000.0,,,,,1747000000.0,16000000.0,,,,,,,,,,33000000.0,,,2151000000.0,,,,,,,,,,,,,,,,,,,,,,,224000000.0,323000000.0,-99000000.0,11000000.0,11000000.0,921000000.0,-688000000.0,0.0,-200000000.0,8455000000.0,7734000000.0,,574000000.0,-711000000.0,-711000000.0,,-688000000.0,-688000000.0,0.0,0.0,0.0,164000000.0,164000000.0,,,-200000000.0,1121000000.0,1121000000.0,528000000.0,526000000.0,,,549000000.0,549000000.0,549000000.0,-518000000.0,-518000000.0,34000000.0,105000000.0,,47000000.0,47000000.0,223000000.0,223000000.0,212000000.0,322000000.0,-138000000.0,0.0,0.0,-51000000.0,,,,,,,,,,,,,-51000000.0,1000000.0,39000000.0,0.0,,-29000000.0,-38000000.0,,140000000.0,,,,,,,,,,,,,,-100000000.0,,,,,,,,,,,,,,,,,,,,,,11000000.0,11000000.0,8000000.0,-28652482.269504,0.238771,824000000.0,-120000000.0,-120000000.0,330000000.0,223000000.0,377000000.0,704000000.0,481000000.0,16000000.0,58000000.0,74000000.0,421320000.0,330000000.0,3255000000.0,485000000.0,132809000.0,126453000.0,2.48,2.61,330000000.0,330000000.0,330000000.0,322000000.0,322000000.0,101000000.0,423000000.0,,-4000000.0,-46000000.0,44000000.0,16000000.0,58000000.0,74000000.0,531000000.0,2878000000.0,223000000.0,223000000.0,212000000.0,325000000.0,2330000000.0,2133000000.0,197000000.0,46000000.0,3409000000.0,377000000.0,3786000000.0,3786000000.0,2000000.0,,,,,,-74000000.0,,,,151000000.0,,,,,,,
EXPE,2025-09-30,2025Q3,1256000000.0,-194000000.0,262000000.0,,1748000000.0,,,,2774000000.0,,,,,,,180338961.0,123038231.0,296100192.0,390000000.0,6478000000.0,-6334000000.0,7553000000.0,-4412000000.0,-6334000000.0,1337000000.0,5805000000.0,2593000000.0,1337000000.0,-194000000.0,,16458000000.0,1540000000.0,16449000000.0,0.0,0.0,22515000000.0,5253000000.0,502000000.0,21000000.0,21000000.0,4730000000.0,4468000000.0,17262000000.0,11304000000.0,11304000000.0,4210000000.0,932000000.0,3278000000.0,3215000000.0,25108000000.0,12258000000.0,1416000000.0,397000000.0,397000000.0,7671000000.0,797000000.0,6874000000.0,2774000000.0,12850000000.0,722000000.0,4522000000.0,4482000000.0,-74000000.0,4556000000.0,6170000000.0,5826000000.0,,,262000000.0,1748000000.0,,63000000.0,,,2774000000.0,,,,,,,,,,,,,,,,,344000000.0,,,,,,63000000.0,,,,,,,,,,40000000.0,,,1436000000.0,,,,,,,,,,,,,,,,,,,,,,,85000000.0,175000000.0,-90000000.0,10000000.0,10000000.0,-686000000.0,-531000000.0,0.0,-189000000.0,7262000000.0,8455000000.0,,-1176000000.0,-567000000.0,-567000000.0,-12000000.0,-531000000.0,-531000000.0,0.0,0.0,0.0,-112000000.0,-112000000.0,,,-189000000.0,-497000000.0,-497000000.0,-1753000000.0,-2314000000.0,,,-131000000.0,-131000000.0,-131000000.0,470000000.0,470000000.0,-7000000.0,90000000.0,,101000000.0,101000000.0,225000000.0,225000000.0,215000000.0,964000000.0,-117000000.0,0.0,0.0,-49000000.0,,,,,,,,,,,,,-49000000.0,111000000.0,49000000.0,25000000.0,,222000000.0,-136000000.0,,-8000000.0,,,,,,,,,,,,,,19000000.0,,,,,,,,,,,,,,,,,,,,,,10000000.0,10000000.0,-5000000.0,147000.0,0.147,1417000000.0,1000000.0,1000000.0,959000000.0,225000000.0,376000000.0,1418000000.0,1193000000.0,7000000.0,62000000.0,69000000.0,958147000.0,959000000.0,3284000000.0,1036000000.0,131014000.0,123699000.0,7.33,7.76,959000000.0,959000000.0,959000000.0,964000000.0,964000000.0,167000000.0,1131000000.0,,-5000000.0,-92000000.0,6000000.0,7000000.0,62000000.0,69000000.0,1128000000.0,2908000000.0,225000000.0,225000000.0,215000000.0,310000000.0,2373000000.0,2187000000.0,186000000.0,46000000.0,4036000000.0,376000000.0,4412000000.0,4412000000.0,86000000.0,0.0,,,,,93000000.0,,,,140000000.0,,,,,,,
EXPE,2025-12-31,2025Q4,1263000000.0,-191000000.0,254000000.0,,1692000000.0,,,-3069000000.0,5812000000.0,,3831000000.0,295000000.0,0.0,,,181749380.0,122498649.0,296971029.0,748000000.0,6415000000.0,-6407000000.0,7445000000.0,-4458000000.0,-6407000000.0,1284000000.0,5753000000.0,2547000000.0,1284000000.0,-191000000.0,,16786000000.0,1696000000.0,16565000000.0,0.0,0.0,21905000000.0,5248000000.0,505000000.0,20000000.0,20000000.0,4723000000.0,4469000000.0,16657000000.0,10591000000.0,10591000000.0,4374000000.0,1027000000.0,3347000000.0,3291000000.0,24452000000.0,12253000000.0,1387000000.0,432000000.0,432000000.0,7691000000.0,819000000.0,6872000000.0,2743000000.0,12199000000.0,699000000.0,4204000000.0,4166000000.0,-74000000.0,4240000000.0,5733000000.0,5413000000.0,,,254000000.0,1692000000.0,,56000000.0,,,296000000.0,,,,,,,,,,,,,,,1244000000.0,146000000.0,320000000.0,,,,,1692000000.0,56000000.0,,,,,,,,,,38000000.0,,,1563000000.0,,,,,,,,,,,,,,,,,,,,,,,21000000.0,131000000.0,-110000000.0,8000000.0,8000000.0,119000000.0,-327000000.0,0.0,-185000000.0,6976000000.0,7262000000.0,,-284000000.0,-389000000.0,-389000000.0,-13000000.0,-327000000.0,-327000000.0,0.0,0.0,0.0,-199000000.0,-199000000.0,,,-185000000.0,304000000.0,304000000.0,-372000000.0,-737000000.0,,,34000000.0,34000000.0,34000000.0,306000000.0,306000000.0,88000000.0,105000000.0,,-24000000.0,-24000000.0,220000000.0,220000000.0,212000000.0,212000000.0,75000000.0,0.0,0.0,-49000000.0,,,,,,,,,,,,,-49000000.0,2000000.0,83000000.0,0.0,,25000000.0,77000000.0,,-35000000.0,,,,,,,,,,,0.0,,,-2000000.0,,,,,,,,,,,,,,,,,,,,,,8000000.0,8000000.0,-7000000.0,-36377952.755906,0.165354,815000000.0,-220000000.0,-220000000.0,205000000.0,220000000.0,346000000.0,595000000.0,375000000.0,-63000000.0,121000000.0,58000000.0,388622047.244094,205000000.0,2999000000.0,420000000.0,128239000.0,122743000.0,1.6,1.67,205000000.0,205000000.0,205000000.0,212000000.0,212000000.0,42000000.0,254000000.0,,-11000000.0,-125000000.0,31000000.0,-63000000.0,121000000.0,58000000.0,548000000.0,2653000000.0,220000000.0,220000000.0,212000000.0,322000000.0,2111000000.0,1909000000.0,202000000.0,52000000.0,3201000000.0,346000000.0,3547000000.0,3547000000.0,97000000.0,0.0,,,,,-95000000.0,,,,150000000.0,,,,,,,
SNPS,2024-10-31,2024Q4,,,,,,,,-929981000.0,,271753000.0,,1099236000.0,0.0,,,,,,,,,,,,,,,,,,,,,,,,,,,36557000.0,,,,,,,,,,,,,,,,,,,,,,,,,,,,,,,,,,,,,,,,,,44166000.0,,,,,,,,103779000.0,18219000.0,,,,,,,,,,,,,,,0.0,-51008000.0,,,,,0.0,0.0,,,,,,,,,,,,,,,,,,,,,,,,,,,0.0,,,,,,,,,,,0.0,,,,,,,,0.0,,,,,,,,,,,,,,,,,,,,,-868830000.0,,,,,,,,,,,,,,,,,,,,0.0,,0.0,,,,,,,,,,,,,,,,,,,,,,,,,,,,,,,,,,,,,,,,,,,,,,,,,,,,,,,,,,,,,,,,,,,,,,,,0.0,,,,,,,,,,,,,,,,,,,,,,,,,,0.0,,,,,,,,,
SNPS,2025-01-31,2025Q1,109000.0,-241919000.0,650817000.0,,99310000.0,99310000.0,,,1092273000.0,,,,,,,2643000.0,154618000.0,157261000.0,,665037000.0,5690473000.0,9319012000.0,3965022000.0,5690473000.0,9304792000.0,9319012000.0,9304901000.0,9304792000.0,-241919000.0,,860967000.0,9278950000.0,1127181000.0,1547000.0,1547000.0,3736188000.0,1377594000.0,81687000.0,730180000.0,,565727000.0,14220000.0,2358594000.0,1320605000.0,1320605000.0,938679000.0,593160000.0,345519000.0,101520000.0,13041089000.0,6717473000.0,203835000.0,1807046000.0,1393044000.0,3614319000.0,180950000.0,3433369000.0,1092273000.0,6323616000.0,1206401000.0,892647000.0,892647000.0,,,3809369000.0,3653880000.0,,316178000.0,551507000.0,,,243999000.0,,,1092273000.0,415199000.0,,,,,,,,,,0.0,,,,,,155489000.0,,,,,,243999000.0,,,,,,,,,,,,,,,,,,,,,,,,,,,,,,,,,,,,-4462000.0,36095000.0,-40557000.0,,,-108170000.0,,-1289000.0,-40715000.0,3657780000.0,3898729000.0,-9676000.0,-231273000.0,-141838000.0,-141838000.0,-154966000.0,14417000.0,,-1289000.0,-1289000.0,-1289000.0,-21980000.0,-21980000.0,-40715000.0,,,-67455000.0,-67455000.0,-518700000.0,-9982000.0,-23102000.0,-43494000.0,-313651000.0,,,30948000.0,30948000.0,48593000.0,186463000.0,9919000.0,-139075000.0,-139075000.0,47934000.0,47934000.0,,297411000.0,,,,,-40715000.0,,,,,,,,,,23808000.0,23808000.0,,,,,0.0,-103567000.0,,,-611000.0,,,,,,,,,,,,,-55852000.0,,14417000.0,14417000.0,,,,,,,,,,,,,,,,,,,0.0,4000000.0,4000000.0,-1728000.0,13230.0,0.21,350127000.0,63000.0,63000.0,295683000.0,47934000.0,226041000.0,350190000.0,302256000.0,24582000.0,11139000.0,35721000.0,295633230.0,295683000.0,1203476000.0,251839000.0,156189000.0,154408000.0,1.89,1.91,295683000.0,295683000.0,295683000.0,297411000.0,297411000.0,-6294000.0,291117000.0,14696000.0,14633000.0,0.0,0.0,24582000.0,11139000.0,35721000.0,251839000.0,933501000.0,4000000.0,4000000.0,,553216000.0,376285000.0,209199000.0,167086000.0,167086000.0,1185340000.0,269975000.0,1455315000.0,1455315000.0,,,,,,,63000.0,,0.0,,,,,,,,,
SNPS,2025-04-30,2025Q2,-113000.0,-240136000.0,691608000.0,,127132000.0,104170000.0,,,1157686000.0,,,,,,,2115000.0,155146000.0,157261000.0,,10742251000.0,6281052000.0,19966361000.0,14472953000.0,6281052000.0,9915718000.0,19943399000.0,9915605000.0,9915718000.0,-240136000.0,,689001000.0,9624282000.0,1219021000.0,1552000.0,1552000.0,13840912000.0,11434836000.0,99733000.0,719984000.0,,10615119000.0,10027681000.0,2406076000.0,1375398000.0,1375398000.0,903546000.0,699234000.0,204312000.0,84740000.0,23756517000.0,6877488000.0,187126000.0,1898010000.0,1509159000.0,3634666000.0,173394000.0,3461272000.0,1157686000.0,16879029000.0,1217584000.0,1002195000.0,1002195000.0,,,14263911000.0,14119095000.0,,331133000.0,587438000.0,22962000.0,,119572000.0,,,1157686000.0,395339000.0,,,,,,,,,,0.0,,,,,,144816000.0,,,,,22962000.0,119572000.0,,,,,,,,,,,,,,,,,,,,,,,,,,,,,,,,,,,,11012000.0,21381000.0,-10369000.0,,,219777000.0,,0.0,-55588000.0,14123433000.0,3657780000.0,17862000.0,10447791000.0,10096449000.0,10096449000.0,-41906000.0,103891000.0,,10034464000.0,10034464000.0,0.0,75977000.0,75977000.0,18691000.0,,,275365000.0,275365000.0,-137122000.0,-64300000.0,-25515000.0,7436000.0,71122000.0,,,-105046000.0,-105046000.0,-50525000.0,201723000.0,6021000.0,-98095000.0,-98095000.0,48904000.0,48904000.0,,345110000.0,,,,,-55588000.0,,,,,,,,,,46274000.0,46274000.0,,,,,0.0,-36905000.0,,,0.0,,,,,,,,,,,,,16086000.0,,103891000.0,103891000.0,,,,,,,,,,,,,,,,,,,-3900000.0,3996000.0,3996000.0,222000.0,5803868.0,0.119,490659000.0,48772000.0,48772000.0,349232000.0,48904000.0,273439000.0,539431000.0,490527000.0,-4446000.0,94336000.0,89890000.0,306263868.0,345332000.0,1227840000.0,376426000.0,156088000.0,154927000.0,2.21,2.23,345332000.0,345332000.0,345332000.0,345110000.0,349010000.0,47181000.0,396191000.0,24211000.0,-24561000.0,48950000.0,,-4446000.0,94336000.0,89890000.0,376426000.0,909493000.0,3996000.0,3996000.0,,553979000.0,351518000.0,215021000.0,136497000.0,136497000.0,1285919000.0,318347000.0,1604266000.0,1604266000.0,,,,,,,-178000.0,,-2435000.0,,,51385000.0,,,,,,
SNPS,2025-07-31,2025Q3,-345000.0,-231895000.0,800181000.0,20005000.0,149569000.0,127452000.0,,,1393056000.0,,,,,,,1756000.0,185460000.0,187216000.0,11813658000.0,15140314000.0,-12411104000.0,41954664000.0,2151421000.0,-12411104000.0,27614531000.0,41932547000.0,27614186000.0,27614531000.0,-231895000.0,,572091000.0,9866791000.0,18549871000.0,1855000.0,1855000.0,20616070000.0,17171863000.0,182027000.0,1999091000.0,1188824000.0,14990745000.0,14318016000.0,3444207000.0,1991429000.0,1991429000.0,1283204000.0,1133196000.0,150008000.0,132945000.0,48230256000.0,42634628000.0,336212000.0,523923000.0,97061000.0,40025635000.0,13079912000.0,26945723000.0,1393056000.0,5595628000.0,1153172000.0,1392373000.0,1392373000.0,,,2593710000.0,2526475000.0,,383405000.0,672729000.0,22117000.0,,17063000.0,,,1393056000.0,382056000.0,,,,,,,,,,0.0,,,,,,67235000.0,,,,,22117000.0,17063000.0,,355802000.0,,,,,,74317000.0,,,,,,,201103000.0,,,,,,,,,,,,,,,,,,,,,147715000.0,148433000.0,-718000.0,,,632355000.0,,-1290000.0,-38605000.0,2532170000.0,14123433000.0,463000.0,-11591726000.0,4236997000.0,4236997000.0,-76382000.0,19793000.0,,4293586000.0,4293586000.0,-1290000.0,-16499683000.0,-16499683000.0,-38605000.0,0.0,,670960000.0,670960000.0,79065000.0,-85997000.0,-29743000.0,-391735000.0,273913000.0,,,46109000.0,46109000.0,48047000.0,267723000.0,7619000.0,-89440000.0,-89440000.0,114469000.0,114469000.0,,242277000.0,1200000.0,4294876000.0,4294876000.0,,-38605000.0,,,,,,,,,,-16608793000.0,72464000.0,,,,,-16681257000.0,260820000.0,1200000.0,,0.0,,,,,,,,,0.0,0.0,,,5698000.0,,19793000.0,19793000.0,,,,,,,,,,,,,,,,,,,0.0,28573000.0,28573000.0,232000.0,4410.0,0.21,450260000.0,21000.0,21000.0,242509000.0,114469000.0,294668000.0,450281000.0,335812000.0,-15085000.0,146502000.0,131417000.0,242492410.0,242509000.0,1574468000.0,165269000.0,161682000.0,160174000.0,1.5,1.51,242509000.0,242509000.0,242509000.0,242277000.0,242277000.0,-52967000.0,189310000.0,39126000.0,39105000.0,-1200000.0,,-15085000.0,146502000.0,131417000.0,165269000.0,1193904000.0,28573000.0,28573000.0,,625301000.0,540030000.0,259480000.0,280550000.0,280550000.0,1359173000.0,380564000.0,1739737000.0,1739737000.0,,,,,,,1221000.0,,-1200000.0,,,0.0,,,,,,
SNPS,2025-10-31,2025Q4,-587000.0,-232414000.0,808903000.0,,150322000.0,128205000.0,,-965115000.0,2363816000.0,295917000.0,,1251987000.0,0.0,,,1222000.0,185994000.0,187216000.0,10596485000.0,14293418000.0,-11251204000.0,41812117000.0,2289608000.0,-11251204000.0,28327602000.0,41790000000.0,28327015000.0,28327602000.0,-232414000.0,,398278000.0,10315487000.0,18640947000.0,1860000.0,1860000.0,19897446000.0,16174952000.0,200997000.0,1830859000.0,1001070000.0,14143096000.0,13462398000.0,3722494000.0,2245961000.0,2245961000.0,1326211000.0,1066781000.0,259430000.0,164766000.0,48224461000.0,42212359000.0,1122693000.0,112159000.0,112159000.0,39578806000.0,12679591000.0,26899215000.0,1398701000.0,6012102000.0,1180526000.0,1505427000.0,1548858000.0,,,2960959000.0,2888030000.0,,382557000.0,680698000.0,22117000.0,,94664000.0,,,702008000.0,365190000.0,,,,,,45528000.0,,,,0.0,,,,100016000.0,13888000.0,72929000.0,,,,,22117000.0,94664000.0,,,,,,,,,-88959000.0,,,,,,49826000.0,,,,,,,,,,,,,,,,,,,,,-5287000.0,12877000.0,-18164000.0,,,605192000.0,,-861058000.0,-34546000.0,2893721000.0,2532170000.0,-6753000.0,368304000.0,-835851000.0,-835851000.0,-65110000.0,90317000.0,,-861058000.0,-861058000.0,-861058000.0,564417000.0,564417000.0,-34546000.0,0.0,,639738000.0,639738000.0,80164000.0,401891000.0,-35243000.0,-53583000.0,-44871000.0,,,-146151000.0,-146151000.0,57707000.0,237385000.0,27332000.0,-144083000.0,-144083000.0,449123000.0,449123000.0,,448453000.0,-516343000.0,0.0,0.0,,-34546000.0,,,,,,,,,,604004000.0,604004000.0,,,,,0.0,-53430000.0,0.0,,246000.0,,,,,,,,,0.0,-516343000.0,,,11551000.0,,90317000.0,90317000.0,,,,,,,,,,,,,,,,,,,0.0,155956000.0,155956000.0,243000.0,72435512.351798,0.131787,610757000.0,549642000.0,549642000.0,448696000.0,449123000.0,361496000.0,1160399000.0,711276000.0,-174095000.0,194752000.0,20657000.0,-28510487.648202,448696000.0,2133467000.0,121393000.0,187502000.0,185779000.0,2.39,2.42,448696000.0,448696000.0,448696000.0,448453000.0,448453000.0,68071000.0,516524000.0,569226000.0,19584000.0,548906000.0,,-174095000.0,194752000.0,20657000.0,121393000.0,1478804000.0,155956000.0,155956000.0,,746842000.0,576006000.0,390491000.0,185515000.0,185515000.0,1600197000.0,654663000.0,2254860000.0,2254860000.0,,,,,,,736000.0,,548906000.0,,,0.0,,,,,,
SNPS,2026-01-31,2026Q1,-829000.0,-203683000.0,824347000.0,23625000.0,155215000.0,133098000.0,,,1390287000.0,,,,,,,589000.0,191449000.0,192038000.0,7914638000.0,10868557000.0,-8621591000.0,40593037000.0,1430988000.0,-8621591000.0,30548827000.0,40570920000.0,30547998000.0,30548827000.0,-203683000.0,,191851000.0,10380445000.0,20562001000.0,1915000.0,1915000.0,16689930000.0,12747280000.0,194060000.0,1839878000.0,954115000.0,10713342000.0,10022093000.0,3942650000.0,2459122000.0,2459122000.0,1304688000.0,1079865000.0,224823000.0,113263000.0,47237928000.0,41864290000.0,1186199000.0,117386000.0,117386000.0,39170418000.0,12289529000.0,26880889000.0,1390287000.0,5373638000.0,1088118000.0,1640665000.0,1640665000.0,,,2203482000.0,2129572000.0,,420887000.0,691249000.0,22117000.0,,111560000.0,,,1390287000.0,393221000.0,,,,,,,,,,0.0,,,,,,73910000.0,,,,,22117000.0,111560000.0,,,,,,,,48152000.0,,,,,,,170480000.0,,,,,,,,,,,,,,,,,,,,,-1186000.0,3718000.0,-4904000.0,,,821512000.0,,-3451310000.0,-35320000.0,2134314000.0,2893721000.0,3432000.0,-762839000.0,-1583165000.0,-1583165000.0,-144597000.0,2012742000.0,,-3451310000.0,-3451310000.0,-3451310000.0,-36506000.0,-36506000.0,-35320000.0,,,856832000.0,856832000.0,58215000.0,282676000.0,-32345000.0,-81413000.0,-37286000.0,,,-128651000.0,-128651000.0,68059000.0,258724000.0,8206000.0,-51776000.0,-51776000.0,450688000.0,450688000.0,,64716000.0,,,,,-35320000.0,,,,,,,,,,0.0,0.0,,,,,,84616000.0,,,,,,,,,,,,,,,,-29382000.0,,2012742000.0,2012742000.0,,,,,,,,,,,,,,,,,,,484000.0,155993000.0,155993000.0,-242000.0,-22463910.0,0.181,816566000.0,-124110000.0,-124110000.0,64474000.0,450688000.0,342687000.0,692456000.0,241768000.0,-145282000.0,162715000.0,17433000.0,166120090.0,64958000.0,2087470000.0,203046000.0,190762000.0,189593000.0,0.34,0.34,64958000.0,64958000.0,64958000.0,65200000.0,64716000.0,14337000.0,79053000.0,-96993000.0,27117000.0,-118282000.0,118282000.0,-145282000.0,162715000.0,17433000.0,321328000.0,1450088000.0,155993000.0,155993000.0,,714988000.0,579107000.0,396375000.0,182732000.0,182732000.0,1771416000.0,637382000.0,2408798000.0,2408798000.0,,,,,,,-5828000.0,,,,,,,,,,,
SPOT,2024-09-30,2024Q3,,,,,,,,,,,,,,,,,,,,,,,,,,,,,,,,,,,,,,,,,,1340000000.0,,,,,,,,,,,,,,,,,,,,,,,,,,,,,,,,,,,,,,,,,,,,,,,,,,,,,,,,,,,,,,,,,,,,,,,,,,,,,,,,,,,,,,,,,,,,,,,,,,,,,,,,,,,,,,,,,,,,,,,,,,,,,,,,,,,,,,,,,,,0.0,0.0,,,,,,,,,,,,,,,,,,,,7000000.0,,,,,,,,,,,,,,,,,,,0.0,,,,,,,,,,,,,,,,,,,,,,,,,,,,,,,,,,,,,,,,,,,,,,,,,,,,,,,,,,,,,,,,,,,,,,,,,,,,,,,,,,,,,,,,
SPOT,2024-12-31,2024Q4,,,,,,75000000.0,,,,,,,,,,,,,,,,,,,,,,,,,,,,,,,,,,,,1539000000.0,,,,,,,,,,,,,,,,,,,,,,,,,,,,,,,,,,,,,,,,,,,,,,,,597000000.0,,,,,,,,,,,,,,,,,,,,,,,,,,,,,,,,,,,,,,,,,,,,,,,,,,,,,,,,,,,,,,,,,,,,,,,,,,,,,,,,,,,,,,,,,,-60000000.0,0.0,0.0,,,,,,,,,,,,,,,,,,,,-1000000.0,,,,,,,,,,,,,,,,-59000000.0,,,1000000.0,,,,,,,,,,,,,,,,,,,,,,,,,,,,,,,,,,,,,,,,,,,,,,,,,,,,,,,,,,,,,,,,,,,,,,,,,,,,,,,,,,,,,,,,
SPOT,2025-03-31,2025Q1,,3000000000.0,448000000.0,54000000.0,1654000000.0,,,-665000000.0,1066000000.0,379000000.0,,,0.0,,,2928882.0,205056333.0,207985215.0,,2102000000.0,5048000000.0,7901000000.0,2889000000.0,5048000000.0,6247000000.0,6247000000.0,6247000000.0,6247000000.0,3000000000.0,,262000000.0,-2819000000.0,6328000000.0,0.0,0.0,6440000000.0,475000000.0,,21000000.0,21000000.0,448000000.0,,5965000000.0,675000000.0,675000000.0,3543000000.0,2471000000.0,1072000000.0,693000000.0,12687000000.0,3833000000.0,65000000.0,136000000.0,136000000.0,1199000000.0,43000000.0,1156000000.0,401000000.0,8854000000.0,121000000.0,795000000.0,531000000.0,-3000000.0,534000000.0,7913000000.0,5019000000.0,,,448000000.0,1654000000.0,,379000000.0,,,99000000.0,,,,,,,218000000.0,,,,,,1958000000.0,,588000000.0,,2894000000.0,,,,2000000.0,1654000000.0,40000000.0,,74000000.0,,,,,25000000.0,,,46000000.0,,,,,,4000000.0,39000000.0,,,,,,,,,,,,,,,,,,,-299000000.0,3630000000.0,-3929000000.0,7000000.0,7000000.0,533000000.0,0.0,-22000000.0,-6000000.0,5019000000.0,4781000000.0,-113000000.0,351000000.0,126000000.0,126000000.0,-56000000.0,0.0,0.0,-22000000.0,-22000000.0,-22000000.0,-314000000.0,-314000000.0,-6000000.0,,,539000000.0,539000000.0,-79000000.0,15000000.0,,,-90000000.0,-90000000.0,-90000000.0,-4000000.0,-4000000.0,181000000.0,42000000.0,,103000000.0,103000000.0,27000000.0,27000000.0,20000000.0,225000000.0,58000000.0,,,,-6000000.0,,,,,,,,,,-7000000.0,,,,,204000000.0,-7000000.0,,,,-2000000.0,,,-19000000.0,70000000.0,-13000000.0,,,,,,2000000.0,,,58000000.0,,,0.0,,,,,,,,,,,,,,,,,,,,,,-74494000.0,0.313,601000000.0,-238000000.0,-238000000.0,225000000.0,27000000.0,2864000000.0,363000000.0,336000000.0,57000000.0,8000000.0,67000000.0,388506000.0,225000000.0,3681000000.0,509000000.0,210243478.0,204467927.0,1.07,1.1,225000000.0,225000000.0,225000000.0,225000000.0,225000000.0,103000000.0,328000000.0,-238000000.0,,,,57000000.0,8000000.0,67000000.0,509000000.0,817000000.0,,,,379000000.0,438000000.0,314000000.0,124000000.0,124000000.0,1326000000.0,2864000000.0,4190000000.0,4190000000.0,,,,,2000000.0,,-238000000.0,,,,,,,,,,,
SPOT,2025-06-30,2025Q2,,3374000000.0,453000000.0,42000000.0,1929000000.0,,,-284000000.0,701000000.0,347000000.0,,,0.0,,,2707454.0,205777761.0,208485215.0,,2382000000.0,5516000000.0,8556000000.0,2987000000.0,5516000000.0,6627000000.0,6627000000.0,6627000000.0,6627000000.0,3374000000.0,,262000000.0,-2905000000.0,6420000000.0,0.0,0.0,6838000000.0,526000000.0,,66000000.0,66000000.0,453000000.0,,6312000000.0,665000000.0,665000000.0,3629000000.0,2442000000.0,1187000000.0,803000000.0,13465000000.0,4166000000.0,59000000.0,94000000.0,94000000.0,1111000000.0,37000000.0,1074000000.0,417000000.0,9299000000.0,105000000.0,819000000.0,509000000.0,-4000000.0,513000000.0,8344000000.0,5161000000.0,,,453000000.0,1929000000.0,,384000000.0,,,354000000.0,,,,,,,227000000.0,,,,,,2417000000.0,,,,3183000000.0,,,,3000000.0,1929000000.0,42000000.0,,68000000.0,,,,,31000000.0,,,83000000.0,,,,,,4000000.0,47000000.0,,,,,,,,,,,,,,,,,,,-415000000.0,4228000000.0,-4643000000.0,6000000.0,6000000.0,699000000.0,,-22000000.0,-10000000.0,5161000000.0,5019000000.0,-174000000.0,316000000.0,11000000.0,11000000.0,-59000000.0,,,-22000000.0,-22000000.0,-22000000.0,-404000000.0,-404000000.0,-10000000.0,,,709000000.0,709000000.0,202000000.0,20000000.0,,,201000000.0,201000000.0,201000000.0,-19000000.0,-19000000.0,315000000.0,73000000.0,,134000000.0,134000000.0,26000000.0,26000000.0,20000000.0,-86000000.0,-7000000.0,,,,-10000000.0,,,,,,,,,,-2000000.0,,,,,92000000.0,-2000000.0,,,,1000000.0,,,-58000000.0,57000000.0,-6000000.0,,,,,,1000000.0,,,15000000.0,,,,,,,,,,,,,,,,,,,,,,,,,-86940000.0,0.21,496000000.0,-414000000.0,-414000000.0,-86000000.0,26000000.0,2873000000.0,82000000.0,56000000.0,56000000.0,8000000.0,61000000.0,241060000.0,-86000000.0,3787000000.0,406000000.0,205426999.0,205426999.0,-0.42,-0.42,-86000000.0,-86000000.0,-86000000.0,-86000000.0,-86000000.0,134000000.0,48000000.0,-414000000.0,,,,56000000.0,8000000.0,61000000.0,406000000.0,914000000.0,,,,415000000.0,499000000.0,364000000.0,135000000.0,135000000.0,1320000000.0,2873000000.0,4193000000.0,4193000000.0,,,,,-3000000.0,,-414000000.0,,,,,,,,,,,
SPOT,2025-09-30,2025Q3,,3654000000.0,505000000.0,47000000.0,1802000000.0,61000000.0,,-626000000.0,1042000000.0,345000000.0,,,0.0,,,2901506.0,206083709.0,208985215.0,,2246000000.0,6668000000.0,9520000000.0,3818000000.0,6668000000.0,7779000000.0,7779000000.0,7779000000.0,7779000000.0,3654000000.0,,328000000.0,-2006000000.0,6459000000.0,0.0,0.0,6910000000.0,671000000.0,,223000000.0,223000000.0,444000000.0,,6239000000.0,692000000.0,692000000.0,3648000000.0,2458000000.0,1190000000.0,802000000.0,14689000000.0,4632000000.0,61000000.0,87000000.0,87000000.0,1111000000.0,33000000.0,1078000000.0,416000000.0,10057000000.0,120000000.0,852000000.0,511000000.0,-5000000.0,516000000.0,9062000000.0,5456000000.0,,,444000000.0,1741000000.0,,388000000.0,,,697000000.0,,,,,,,224000000.0,,,,,,2888000000.0,,,,3606000000.0,,,,3000000.0,1741000000.0,31000000.0,,69000000.0,,,,,23000000.0,,,117000000.0,,,,,,1000000.0,50000000.0,,,,,,,,,,,,,,,,,,,-414000000.0,4369000000.0,-4783000000.0,5000000.0,5000000.0,806000000.0,,-15000000.0,-23000000.0,5456000000.0,5161000000.0,4000000.0,291000000.0,-100000000.0,-100000000.0,-66000000.0,,,-15000000.0,-15000000.0,-15000000.0,-438000000.0,-438000000.0,-23000000.0,,,829000000.0,829000000.0,101000000.0,27000000.0,,,100000000.0,100000000.0,100000000.0,-26000000.0,-26000000.0,-55000000.0,75000000.0,,-72000000.0,-72000000.0,24000000.0,24000000.0,19000000.0,899000000.0,-189000000.0,,,,-23000000.0,,,,,,,,,,0.0,,,,,39000000.0,0.0,,-198000000.0,,-2000000.0,,,-5000000.0,57000000.0,-11000000.0,,,,,,5000000.0,,,9000000.0,,,1000000.0,,,,,,,,,,,,,,,,,,,,,,39690000.0,0.21,670000000.0,189000000.0,189000000.0,899000000.0,24000000.0,2921000000.0,859000000.0,835000000.0,56000000.0,8000000.0,59000000.0,749690000.0,899000000.0,3690000000.0,582000000.0,213789735.0,205964504.0,3.28,4.36,899000000.0,899000000.0,899000000.0,899000000.0,899000000.0,-72000000.0,827000000.0,189000000.0,,,,56000000.0,8000000.0,59000000.0,582000000.0,769000000.0,,,,309000000.0,460000000.0,349000000.0,111000000.0,111000000.0,1351000000.0,2921000000.0,4272000000.0,4272000000.0,,,,,-5000000.0,,189000000.0,,,,,,,,,,,
SPOT,2025-12-31,2025Q4,,3366000000.0,498000000.0,41000000.0,1523000000.0,65000000.0,,-641000000.0,1063000000.0,348000000.0,,,0.0,,,3652688.0,205832527.0,209485215.0,,1956000000.0,7205000000.0,9787000000.0,4411000000.0,7205000000.0,8329000000.0,8329000000.0,8329000000.0,8329000000.0,3366000000.0,,701000000.0,-832000000.0,6496000000.0,0.0,0.0,6686000000.0,601000000.0,,163000000.0,163000000.0,433000000.0,,6085000000.0,711000000.0,711000000.0,3759000000.0,2524000000.0,1235000000.0,783000000.0,15015000000.0,4519000000.0,61000000.0,662000000.0,662000000.0,1124000000.0,41000000.0,1083000000.0,422000000.0,10496000000.0,103000000.0,918000000.0,536000000.0,-5000000.0,541000000.0,9467000000.0,5258000000.0,,,433000000.0,1458000000.0,,452000000.0,,,136000000.0,,,,,,,266000000.0,,,,,,2181000000.0,,579000000.0,,4209000000.0,,,,3000000.0,1458000000.0,72000000.0,,69000000.0,,,,,8000000.0,,,116000000.0,,,,,,2000000.0,51000000.0,,,,,,,,,,,,,,,,,,,-598000000.0,5318000000.0,-5916000000.0,5000000.0,5000000.0,834000000.0,-381000000.0,-14000000.0,-22000000.0,5258000000.0,5456000000.0,-7000000.0,-191000000.0,-418000000.0,-418000000.0,-60000000.0,-381000000.0,-381000000.0,-14000000.0,-14000000.0,-14000000.0,-629000000.0,-629000000.0,-22000000.0,,,856000000.0,856000000.0,24000000.0,20000000.0,,,70000000.0,70000000.0,70000000.0,-66000000.0,-66000000.0,-534000000.0,57000000.0,,-153000000.0,-153000000.0,25000000.0,25000000.0,20000000.0,1174000000.0,215000000.0,,,,-22000000.0,,,,,,,,,,-9000000.0,,,,,37000000.0,-9000000.0,,197000000.0,,0.0,,,-4000000.0,58000000.0,-6000000.0,,,,,,0.0,,,18000000.0,,,0.0,,,,,,,,,,,,,,,,,,,,,,55230000.0,0.21,790000000.0,263000000.0,263000000.0,1174000000.0,25000000.0,3032000000.0,1053000000.0,1028000000.0,57000000.0,7000000.0,58000000.0,966230000.0,1174000000.0,3830000000.0,701000000.0,212493318.0,205771982.0,4.43,5.71,1174000000.0,1174000000.0,1174000000.0,1174000000.0,1174000000.0,-153000000.0,1021000000.0,263000000.0,,,,57000000.0,7000000.0,58000000.0,701000000.0,798000000.0,,,,290000000.0,508000000.0,399000000.0,109000000.0,109000000.0,1499000000.0,3032000000.0,4531000000.0,4531000000.0,,,,,-6000000.0,,263000000.0,,,,,,,,,,,
SPOT,2026-03-31,2026Q1,,2581000000.0,476000000.0,52000000.0,62000000.0,62000000.0,,-649000000.0,1058000000.0,346000000.0,,,0.0,,,4121207.0,205620061.0,209741268.0,,476000000.0,6870000000.0,8010000000.0,4971000000.0,6870000000.0,8010000000.0,8010000000.0,8010000000.0,8010000000.0,2581000000.0,,1007000000.0,-124000000.0,6560000000.0,0.0,0.0,5118000000.0,430000000.0,,11000000.0,11000000.0,414000000.0,,4688000000.0,750000000.0,750000000.0,3775000000.0,2409000000.0,1366000000.0,821000000.0,13128000000.0,3469000000.0,59000000.0,596000000.0,596000000.0,1140000000.0,41000000.0,1099000000.0,409000000.0,9659000000.0,126000000.0,777000000.0,463000000.0,-4000000.0,467000000.0,8746000000.0,5255000000.0,,,414000000.0,,,545000000.0,,,130000000.0,,,,,,,220000000.0,,,,,,1194000000.0,,582000000.0,,3491000000.0,,,,3000000.0,,150000000.0,,71000000.0,,,,,10000000.0,,,94000000.0,,,,,,2000000.0,49000000.0,,,,,,,,,,,,,,,,,,,744000000.0,7484000000.0,-6740000000.0,6000000.0,6000000.0,831000000.0,-306000000.0,-20000000.0,-5000000.0,5255000000.0,5258000000.0,40000000.0,-43000000.0,-1611000000.0,-1611000000.0,-1349000000.0,-306000000.0,-306000000.0,-20000000.0,-20000000.0,-20000000.0,732000000.0,732000000.0,-5000000.0,,,836000000.0,836000000.0,29000000.0,32000000.0,,,-94000000.0,-94000000.0,-94000000.0,91000000.0,91000000.0,-224000000.0,56000000.0,,216000000.0,216000000.0,26000000.0,26000000.0,20000000.0,721000000.0,,,,,-5000000.0,,,,,,,,,,0.0,,,,,64000000.0,0.0,,,,-7000000.0,,,-36000000.0,52000000.0,-8000000.0,,,,,,4000000.0,,,,,,,,,,,,,,,,,,,,,,,,,,,,38180000.0,0.23,804000000.0,166000000.0,166000000.0,721000000.0,26000000.0,3038000000.0,970000000.0,944000000.0,56000000.0,7000000.0,54000000.0,593180000.0,721000000.0,3818000000.0,715000000.0,209280449.0,205716853.0,3.45,3.5,721000000.0,721000000.0,721000000.0,721000000.0,721000000.0,216000000.0,937000000.0,166000000.0,,,,56000000.0,7000000.0,54000000.0,715000000.0,780000000.0,,,,331000000.0,449000000.0,342000000.0,107000000.0,107000000.0,1495000000.0,3038000000.0,4533000000.0,4533000000.0,,,,,-9000000.0,,166000000.0,,,,,,,,,,,
TRUE-B.ST,2024-09-30,2024Q3,,,106785000.0,227266000.0,33676000.0,33676000.0,,,118236000.0,,,,,,,9477832.0,343562582.0,346940414.0,,106785000.0,1279599000.0,1347600000.0,1208276000.0,1279599000.0,1347600000.0,1347600000.0,1347600000.0,1347600000.0,,,,-383770000.0,1738246000.0,763000.0,763000.0,389964000.0,129022000.0,12082000.0,,36115000.0,73109000.0,,260942000.0,,,,,,,1737564000.0,268346000.0,1000.0,,35615000.0,68001000.0,23194000.0,44807000.0,118236000.0,1469218000.0,,,363241000.0,,,1105977000.0,334361000.0,,,73109000.0,,,,32698000.0,,118236000.0,,,,,,,,,,,,,,,,,771616000.0,101000.0,,,,,,,,,32698000.0,,,,,,,,,,,,,,7716000.0,,,,,,,,,,,,,,,,,,-200000000.0,0.0,-200000000.0,,,119677000.0,-80468000.0,,-1990000.0,334361000.0,512617000.0,-9248000.0,-169007000.0,-88684000.0,,-89000.0,-80468000.0,-80468000.0,,,,-201990000.0,,-468000.0,,,121667000.0,,-19892000.0,,5565000.0,,,,,-25457000.0,,,,,,,,,,158178000.0,,,,,-468000.0,,,,,,,,,,0.0,,0.0,,,,0.0,,,,,-1522000.0,-1522000.0,-44632000.0,,,,,,,,,,,,0.0,0.0,,-1000.0,,,,,,,,,,,,,,,,,,,,,0.0,,167414000.0,,,117830000.0,12716000.0,207347000.0,167414000.0,154698000.0,3480000.0,,,117830000.0,117830000.0,302608000.0,154698000.0,344875897.0,344875897.0,0.34,0.34,117830000.0,117830000.0,117830000.0,117830000.0,117830000.0,40348000.0,158178000.0,,,,,3480000.0,,,154698000.0,95261000.0,,12716000.0,12716000.0,,,,,,249959000.0,207347000.0,457306000.0,457306000.0,,,0.0,,,82572000.0,,,,,,,,,,,,
TRUE-B.ST,2024-12-31,2024Q4,,,100129000.0,33979000.0,25798000.0,25798000.0,53206000.0,-15367000.0,125566000.0,,,,0.0,,24021000.0,10045332.0,343033748.0,346979080.0,,100129000.0,1429769000.0,1506440000.0,1360871000.0,1429769000.0,1506440000.0,1506440000.0,1506440000.0,1506440000.0,,,,-237350000.0,1738172000.0,764000.0,764000.0,449039000.0,132893000.0,13777000.0,,35399000.0,74331000.0,,316146000.0,,,,,44105000.0,32476000.0,1955479000.0,278461000.0,-1000.0,,36229000.0,76671000.0,27588000.0,49083000.0,110199000.0,1677017000.0,109179000.0,,122641000.0,,,1323997000.0,496047000.0,,,74331000.0,,,11629000.0,32698000.0,,29822000.0,,,,,,,97179000.0,,496047000.0,,,,,,95744000.0,,827950000.0,-1000.0,,,,,,,,,32698000.0,,,,,,,,,,,,,,9386000.0,,,,,,,,,,,,,,,,,,-55664000.0,0.0,-55664000.0,,,235989000.0,-23665000.0,,-6405000.0,496047000.0,334361000.0,13327000.0,148357000.0,-31968000.0,,,-23665000.0,-23665000.0,,,,-62069000.0,,-720000.0,,,242394000.0,,52143000.0,,43915000.0,,,,,8228000.0,,,,,,,,,,202558000.0,,,,,-720000.0,,,,,,,,,,0.0,,0.0,,,,0.0,,,,4809000.0,-5685000.0,-5685000.0,-46238000.0,,,,,,,,,,,,0.0,0.0,,2000.0,,,,,,,,,,,,,,,,,,,,,0.0,0.257,200895000.0,,,150430000.0,13120000.0,234432000.0,200895000.0,187775000.0,14674000.0,,,150430000.0,150430000.0,335001000.0,187884000.0,343170960.0,343170960.0,0.44,0.44,150430000.0,150430000.0,150430000.0,150321000.0,150321000.0,52128000.0,202449000.0,,,,,14674000.0,,,187775000.0,100569000.0,,13120000.0,13120000.0,,,,,,288344000.0,234432000.0,522776000.0,522776000.0,,,0.0,,,87502000.0,,,,,,,,,,,,
TRUE-B.ST,2025-03-31,2025Q1,,,96629000.0,293682000.0,37328000.0,37328000.0,,,100333000.0,,,,,,,10045332.0,343033748.0,346979080.0,,96629000.0,1534463000.0,1610395000.0,1474821000.0,1534463000.0,1610395000.0,1610395000.0,1610395000.0,1610395000.0,,,,-108927000.0,1738172000.0,764000.0,764000.0,448050000.0,117040000.0,13831000.0,,34709000.0,59301000.0,,331010000.0,,,,,,,2058445000.0,252614000.0,,,36267000.0,75932000.0,31783000.0,44149000.0,100333000.0,1805831000.0,,,408860000.0,,,1396971000.0,461980000.0,,,59301000.0,,,,32698000.0,,100333000.0,,,,,,,,,,,,,,,,,934991000.0,1000.0,,,,,,,,,32698000.0,,,,,,,,,,,,,,9199000.0,,,,,,,,,,,,,,,,,,-100000000.0,0.0,-100000000.0,,,100153000.0,0.0,,-9836000.0,461980000.0,496046000.0,-24756000.0,-9311000.0,-9463000.0,,1000.0,0.0,0.0,,,,-109837000.0,,-1278000.0,,,109989000.0,,-11203000.0,,40573000.0,,,,,-51776000.0,,,,,,,,,,140633000.0,,,,,-1278000.0,,,,,,,,,,0.0,,0.0,,,,0.0,,,,-1000.0,-8558000.0,-8558000.0,-68018000.0,,,,,,,,,,,,0.0,0.0,,1000.0,,,,,,,,,,,,,,,,,,,,,0.0,0.277,148992000.0,,,101732000.0,15400000.0,246416000.0,148992000.0,133592000.0,7041000.0,,,101732000.0,101732000.0,363286000.0,133593000.0,343033748.0,343033748.0,0.3,0.3,101732000.0,101732000.0,101732000.0,101732000.0,101732000.0,38901000.0,140633000.0,,,,,7041000.0,,,133592000.0,116870000.0,,15400000.0,15400000.0,,,,,,250462000.0,246416000.0,496878000.0,496878000.0,,,0.0,,,102581000.0,,,,,,,,,,,,
TRUE-B.ST,2025-06-30,2025Q2,,,93069000.0,397037000.0,43732000.0,43732000.0,,,94068000.0,,,,,,,9214118.0,344535935.0,348736267.0,,93069000.0,1089099000.0,1172078000.0,1023215000.0,1089099000.0,1172078000.0,1172078000.0,1172078000.0,1172078000.0,,,,-561913000.0,1766918000.0,765000.0,765000.0,542850000.0,102081000.0,14176000.0,,29362000.0,49337000.0,,440769000.0,,,,,,,1714928000.0,250944000.0,1000.0,,34106000.0,82979000.0,38040000.0,44939000.0,94068000.0,1463984000.0,,,426526000.0,,,1037458000.0,446880000.0,,,49337000.0,,,,32698000.0,,94068000.0,,,,,,,,,,,,,,,,,590578000.0,1000.0,,,,,,,,,32698000.0,,,,,,,,,,,,,,9206000.0,,,,,,,,,,,,,,,,,,350000000.0,350000000.0,0.0,,,251465000.0,-16770000.0,,-10557000.0,446880000.0,461980000.0,-7880000.0,-7221000.0,-582137000.0,,1000.0,11976000.0,-16770000.0,,,,312894000.0,,-838000.0,,,262022000.0,,94112000.0,,53751000.0,,,,,40361000.0,,,,,,,,,,166178000.0,,,,-583158000.0,-838000.0,,,,,,,,,,,,-583158000.0,,,,,,,,-26549000.0,-9719000.0,-9719000.0,-52790000.0,,,,,,,,,,,,28746000.0,28746000.0,,1000.0,,,,,,,,,,,,,,,,,,,,,0.0,0.29,172835000.0,,,117989000.0,15832000.0,238882000.0,172835000.0,157003000.0,9176000.0,,,117989000.0,117989000.0,339435000.0,157002000.0,344572966.0,344572966.0,0.34,0.34,117989000.0,117989000.0,117989000.0,117989000.0,117989000.0,48189000.0,166178000.0,,,,,9176000.0,,,157003000.0,100553000.0,,15832000.0,15832000.0,,,,,,257556000.0,238882000.0,496438000.0,496438000.0,,,0.0,,,84760000.0,,,,,,,,,,,,
TRUE-B.ST,2025-09-30,2025Q3,,,,,,,,,,,,,,,,,,,,,,,,,,,,,,,,,,,,,,,,,,,,,,,,,,,,,,,,,,,,,,,,,,,,,,,,,,,,,,,,,,,,,,,,,,,,,,,,,,,,,,,,,,,,,,,,,,,,,,,,,,,,,,,,,,,,,,,,,,,,,,,,,,,,,,,,,,,,,,,,,,,,,,,,,,,,,,,,,,,,,,,,,,,,,,,,,,,,,,,,,,,,,,,,,,,,,,,,,,,,,,,,,,,,,,,,,,,,,,,,,,,,0.269,,,,,,,,,,,,,,,,,,,,,,,,,,,,,,,,,,,,,,,,,,,,,,,,,,,,,,,,,,,,,,,,,
TRUE-B.ST,2025-12-31,2025Q4,,,67807000.0,32944000.0,21395000.0,21395000.0,44836000.0,-19450000.0,87249000.0,,,,0.0,,38109000.0,15850171.0,337940550.0,348776935.0,,67807000.0,1158335000.0,1250969000.0,1096785000.0,1158335000.0,1250969000.0,1250969000.0,1250969000.0,1250969000.0,,,,-467789000.0,1768943000.0,765000.0,765000.0,382164000.0,97829000.0,15373000.0,,25191000.0,46412000.0,,284335000.0,,,,,51978000.0,26272000.0,1633133000.0,252013000.0,-1000.0,,32116000.0,92634000.0,47802000.0,44832000.0,67799000.0,1381120000.0,84796000.0,,114131000.0,,,979508000.0,380984000.0,,,46412000.0,,,25706000.0,32698000.0,,28532000.0,,,,,,,164576000.0,,380984000.0,,,,,,58717000.0,,598524000.0,-1000.0,,,,,,,,,32698000.0,,,,,,,,,,,,,,10853000.0,,,,,,,,,,,,,,,,,,0.0,0.0,0.0,,,114054000.0,-107046000.0,,-9502000.0,380984000.0,395337000.0,-12161000.0,-2192000.0,-116246000.0,,,-107046000.0,-107046000.0,,,,-9502000.0,,-326000.0,,,123556000.0,,-30053000.0,,-45741000.0,,,,,15688000.0,,,,,,,,,,93822000.0,,,,,-326000.0,,,,,,,,,,0.0,,0.0,,,,0.0,,,,,-9176000.0,-9176000.0,-27049000.0,,,,,,,,,,,,0.0,0.0,,,,,,,,,,,,,,,,,,,,,,,0.0,0.356,102975000.0,,,60394000.0,16465000.0,271012000.0,102975000.0,86510000.0,7311000.0,,,60394000.0,60394000.0,364427000.0,86511000.0,341648385.0,341648385.0,0.18,0.18,60394000.0,60394000.0,60394000.0,60393000.0,60393000.0,33428000.0,93821000.0,,,,,7311000.0,,,86510000.0,93415000.0,,16465000.0,16465000.0,,,,,,179925000.0,271012000.0,450937000.0,450937000.0,,,0.0,,,79273000.0,,,,,,,,,,,,
ADSK,2024-10-31,2024Q4,,,,,,,,,,,,,,,,,,,,,,,,,,,,,,,,,,,,,,,,,,,,,,,,,,,,,,,,,,,,,,,,,,,,,,300000000.0,,,,,,,,,,,,,,,,,,,,,,,,,,,300000000.0,,,,,,,,,,,,,,,,,,,,,,,,,,,,,,,,,,,,,,,,,,,,0.0,,,,,,,,,,,0.0,0.0,0.0,,,,,,,,,,,,,,,,,,,,,,,,,,,0.0,0.0,,,,,,,,,,,,,,,,,,,,,,,,,,,,,,,,,0.0,,,,,,,,,,,,,,,,,,,,,,,,,,,,,,,,,,,,,,,,6000000.0,,,,,,,,,,,,,,,,,,0.0,0.0,,,6000000.0,,,,,,,,,,,,,,,,,,,-2000000.0,,-3000000.0,,,,,,,,,,,
ADSK,2025-01-31,2025Q1,,-285000000.0,272000000.0,,358000000.0,58000000.0,506000000.0,-461000000.0,747000000.0,,,245000000.0,333000000.0,,,,214000000.0,214000000.0,688000000.0,2559000000.0,-2195000000.0,4908000000.0,-1669000000.0,-2195000000.0,2621000000.0,4608000000.0,2621000000.0,2621000000.0,-285000000.0,,,-1333000000.0,,4239000000.0,4239000000.0,8212000000.0,3061000000.0,287000000.0,373000000.0,32000000.0,2201000000.0,1987000000.0,5151000000.0,3787000000.0,3787000000.0,500000000.0,196000000.0,304000000.0,242000000.0,10833000000.0,7351000000.0,777000000.0,1205000000.0,1205000000.0,4816000000.0,574000000.0,4242000000.0,286000000.0,3482000000.0,588000000.0,1008000000.0,1008000000.0,-78000000.0,1086000000.0,1886000000.0,1599000000.0,200000000.0,341000000.0,214000000.0,300000000.0,,62000000.0,267000000.0,267000000.0,169000000.0,,,,,,,,,,,0.0,,267000000.0,,,,287000000.0,,,,,300000000.0,62000000.0,,,,,,,,,,,,,,,,,,,,,,,,,,,,,,,,,,,,-12000000.0,171000000.0,-183000000.0,,,673000000.0,-409000000.0,,-19000000.0,1599000000.0,1437000000.0,-6000000.0,168000000.0,-457000000.0,-457000000.0,-48000000.0,-409000000.0,-409000000.0,,,,-67000000.0,-67000000.0,,,-14000000.0,692000000.0,692000000.0,136000000.0,478000000.0,,,234000000.0,234000000.0,237000000.0,-309000000.0,-309000000.0,82000000.0,186000000.0,,-61000000.0,-61000000.0,46000000.0,46000000.0,46000000.0,303000000.0,,,,,,,,,,,,,,,-24000000.0,,,,,,-24000000.0,-267000000.0,,,-12000000.0,-5000000.0,-5000000.0,,,,-3000000.0,-3000000.0,,,,0.0,,,,0.0,0.0,,,,,,,,,,,,,,,,,,,,12000000.0,12000000.0,,-2411290.322581,0.185484,440000000.0,-13000000.0,-13000000.0,303000000.0,46000000.0,120000000.0,427000000.0,381000000.0,4000000.0,,,313588709.677419,303000000.0,1258000000.0,366000000.0,217000000.0,214000000.0,1.4,1.42,303000000.0,303000000.0,303000000.0,303000000.0,303000000.0,69000000.0,372000000.0,-13000000.0,,,,4000000.0,,,381000000.0,1104000000.0,12000000.0,12000000.0,,393000000.0,699000000.0,526000000.0,173000000.0,173000000.0,1485000000.0,154000000.0,1639000000.0,1532000000.0,,,,,,,2000000.0,,,,,,,,,,,
ADSK,2025-04-30,2025Q2,,-248000000.0,256000000.0,,357000000.0,57000000.0,399000000.0,-479000000.0,737000000.0,,,255000000.0,335000000.0,,,,213944535.0,213944535.0,472000000.0,2544000000.0,-2207000000.0,4905000000.0,-1704000000.0,-2207000000.0,2617000000.0,4605000000.0,2617000000.0,2617000000.0,-248000000.0,,,-1459000000.0,,4324000000.0,4324000000.0,7968000000.0,3049000000.0,316000000.0,340000000.0,31000000.0,2187000000.0,1988000000.0,4919000000.0,3620000000.0,3620000000.0,543000000.0,182000000.0,361000000.0,277000000.0,10585000000.0,7370000000.0,899000000.0,1128000000.0,1128000000.0,4824000000.0,549000000.0,4275000000.0,258000000.0,3215000000.0,681000000.0,494000000.0,494000000.0,,,2040000000.0,1816000000.0,206000000.0,309000000.0,199000000.0,300000000.0,,84000000.0,261000000.0,8000000.0,147000000.0,,,,,,,,,,253000000.0,,,261000000.0,,,,224000000.0,,,,,300000000.0,84000000.0,,,,,,,,,,,,,,,,,,,,,,,,,,,,,,,,,,,,74000000.0,175000000.0,-101000000.0,,,549000000.0,-354000000.0,,-15000000.0,1816000000.0,1599000000.0,10000000.0,207000000.0,-415000000.0,-415000000.0,-136000000.0,-279000000.0,-354000000.0,,,,58000000.0,58000000.0,,,-8000000.0,564000000.0,564000000.0,-77000000.0,-204000000.0,,,-84000000.0,-84000000.0,-111000000.0,515000000.0,515000000.0,133000000.0,230000000.0,,78000000.0,78000000.0,48000000.0,48000000.0,48000000.0,152000000.0,,,,,,,,,,,,,,,0.0,,,,,,0.0,-304000000.0,,,-1000000.0,-7000000.0,-7000000.0,,,,27000000.0,27000000.0,,,,,,,,75000000.0,75000000.0,,,,,,,,,,,,,,,,,,,,13000000.0,13000000.0,,-36094017.094017,0.350427,387000000.0,-103000000.0,-103000000.0,152000000.0,48000000.0,125000000.0,284000000.0,236000000.0,-2000000.0,2000000.0,,218905982.905983,152000000.0,1295000000.0,233000000.0,216000000.0,214000000.0,0.7,0.71,152000000.0,152000000.0,152000000.0,152000000.0,152000000.0,82000000.0,234000000.0,-102000000.0,1000000.0,-105000000.0,105000000.0,-2000000.0,2000000.0,,338000000.0,1135000000.0,13000000.0,13000000.0,,394000000.0,728000000.0,566000000.0,162000000.0,162000000.0,1473000000.0,160000000.0,1633000000.0,1540000000.0,,,,,,,2000000.0,,,,,,,,,,,
ADSK,2025-07-31,2025Q3,,-254000000.0,253000000.0,,56000000.0,56000000.0,388000000.0,-483000000.0,741000000.0,,,258000000.0,334000000.0,,,,213000000.0,213000000.0,478000000.0,2734000000.0,-2081000000.0,5196000000.0,-1077000000.0,-2081000000.0,2715000000.0,5196000000.0,2715000000.0,2715000000.0,-254000000.0,,,-1487000000.0,,4456000000.0,4456000000.0,8141000000.0,3575000000.0,363000000.0,324000000.0,30000000.0,2678000000.0,2481000000.0,4566000000.0,3550000000.0,3550000000.0,572000000.0,188000000.0,384000000.0,324000000.0,10856000000.0,7367000000.0,978000000.0,1053000000.0,1053000000.0,4796000000.0,521000000.0,4275000000.0,258000000.0,3489000000.0,721000000.0,532000000.0,532000000.0,,,2236000000.0,2003000000.0,210000000.0,294000000.0,197000000.0,,,60000000.0,282000000.0,7000000.0,149000000.0,,,,,,,,,,275000000.0,,,282000000.0,,,,233000000.0,,,,,,60000000.0,,,,,,,,,,,,,,,,,,,,,,,,,,,,,,,,,,,,-30000000.0,178000000.0,-208000000.0,,,444000000.0,-358000000.0,,-16000000.0,2003000000.0,1816000000.0,-4000000.0,191000000.0,-219000000.0,-219000000.0,-60000000.0,-358000000.0,-358000000.0,,,,-50000000.0,-50000000.0,,,-9000000.0,460000000.0,460000000.0,-249000000.0,-83000000.0,,,108000000.0,108000000.0,128000000.0,-39000000.0,-39000000.0,83000000.0,191000000.0,,75000000.0,75000000.0,47000000.0,47000000.0,47000000.0,313000000.0,,,,,,,,,,,,,,,0.0,,,,,,0.0,-235000000.0,,,-4000000.0,-7000000.0,-7000000.0,,,,-20000000.0,-20000000.0,,,,,,,,0.0,0.0,,,,,,,,,,,,,,,,,,,,14000000.0,14000000.0,,-1881578.947368,0.313596,503000000.0,-6000000.0,-6000000.0,313000000.0,47000000.0,126000000.0,497000000.0,450000000.0,11000000.0,,11000000.0,317118421.052632,313000000.0,1313000000.0,444000000.0,215000000.0,213000000.0,1.46,1.47,313000000.0,313000000.0,313000000.0,313000000.0,313000000.0,143000000.0,456000000.0,-5000000.0,1000000.0,-6000000.0,6000000.0,11000000.0,,11000000.0,450000000.0,1154000000.0,14000000.0,14000000.0,,413000000.0,727000000.0,559000000.0,168000000.0,168000000.0,1604000000.0,159000000.0,1763000000.0,1667000000.0,,,,,,,,,,,,,,,,,,
ADSK,2025-10-31,2025Q4,,-263000000.0,252000000.0,,57000000.0,57000000.0,442000000.0,-470000000.0,740000000.0,,,244000000.0,344000000.0,,,,212000000.0,212000000.0,493000000.0,2734000000.0,-1878000000.0,5375000000.0,-840000000.0,-1878000000.0,2893000000.0,5375000000.0,2893000000.0,2893000000.0,-263000000.0,,,-1432000000.0,,4588000000.0,4588000000.0,8305000000.0,3570000000.0,381000000.0,296000000.0,27000000.0,2677000000.0,2482000000.0,4735000000.0,3577000000.0,3577000000.0,659000000.0,177000000.0,482000000.0,384000000.0,11198000000.0,7303000000.0,1024000000.0,936000000.0,936000000.0,4771000000.0,493000000.0,4278000000.0,270000000.0,3895000000.0,800000000.0,806000000.0,806000000.0,,,2289000000.0,1989000000.0,216000000.0,269000000.0,195000000.0,,,98000000.0,302000000.0,302000000.0,152000000.0,,,,,,,,,,,,,302000000.0,,,,300000000.0,,,,,,98000000.0,,,,,,,,,,,,,,,,,,,,,,,,,,,,,,,,,,,,-83000000.0,230000000.0,-313000000.0,,,417000000.0,-359000000.0,0.0,-22000000.0,1989000000.0,2003000000.0,1000000.0,-15000000.0,-345000000.0,-345000000.0,-48000000.0,-297000000.0,-359000000.0,0.0,0.0,0.0,-109000000.0,-109000000.0,,,-9000000.0,439000000.0,439000000.0,-432000000.0,1000000.0,,,121000000.0,121000000.0,78000000.0,-274000000.0,-274000000.0,174000000.0,186000000.0,,118000000.0,118000000.0,50000000.0,50000000.0,50000000.0,343000000.0,,0.0,0.0,,,,,,,,,,,,0.0,,,,,,0.0,-280000000.0,,,-4000000.0,-13000000.0,-13000000.0,,,,43000000.0,43000000.0,,,,,,,,62000000.0,62000000.0,,,,,,,,,,,,,,,,,,,,13000000.0,13000000.0,,-4807692.307692,0.267094,543000000.0,-18000000.0,-18000000.0,343000000.0,50000000.0,128000000.0,525000000.0,475000000.0,11000000.0,,9000000.0,356192307.692308,343000000.0,1378000000.0,470000000.0,215000000.0,213000000.0,1.6,1.61,343000000.0,343000000.0,343000000.0,343000000.0,343000000.0,125000000.0,468000000.0,-18000000.0,,-5000000.0,5000000.0,11000000.0,,9000000.0,475000000.0,1213000000.0,13000000.0,13000000.0,,416000000.0,784000000.0,612000000.0,172000000.0,172000000.0,1688000000.0,165000000.0,1853000000.0,1742000000.0,,,,,-2000000.0,,-13000000.0,,,,,,,,,,,
ADSK,2026-01-31,2026Q1,,-232000000.0,251000000.0,,52000000.0,52000000.0,659000000.0,-483000000.0,761000000.0,,,255000000.0,349000000.0,,,,212000000.0,212000000.0,234000000.0,2734000000.0,-1717000000.0,5528000000.0,-866000000.0,-1717000000.0,3045000000.0,5528000000.0,3045000000.0,3045000000.0,-232000000.0,,,-1432000000.0,,4709000000.0,4709000000.0,9422000000.0,3614000000.0,424000000.0,327000000.0,40000000.0,2682000000.0,2483000000.0,5808000000.0,4406000000.0,4406000000.0,691000000.0,215000000.0,476000000.0,422000000.0,12467000000.0,7525000000.0,1267000000.0,842000000.0,842000000.0,4762000000.0,467000000.0,4295000000.0,278000000.0,4942000000.0,906000000.0,1439000000.0,1439000000.0,-96000000.0,1535000000.0,2597000000.0,2249000000.0,181000000.0,287000000.0,199000000.0,,,54000000.0,376000000.0,376000000.0,157000000.0,,,,,,,,,,,0.0,,376000000.0,,,,348000000.0,,,,,,54000000.0,,,,,,,,,,,,,,,,,,,,,,,,,,,,,,,,,,,,-337000000.0,202000000.0,-539000000.0,,,966000000.0,-331000000.0,0.0,-23000000.0,2249000000.0,1989000000.0,3000000.0,257000000.0,-382000000.0,-382000000.0,-51000000.0,-331000000.0,-331000000.0,0.0,0.0,0.0,-350000000.0,-350000000.0,,,-17000000.0,989000000.0,989000000.0,257000000.0,841000000.0,,,281000000.0,281000000.0,360000000.0,-633000000.0,-633000000.0,155000000.0,181000000.0,,30000000.0,30000000.0,50000000.0,50000000.0,50000000.0,316000000.0,,0.0,0.0,,,,,,,,,,,,0.0,,,,,,0.0,-232000000.0,,,10000000.0,-6000000.0,-6000000.0,,,,-79000000.0,-79000000.0,,,,,,,,0.0,0.0,,,,,,,,,,,,,,,,,,,,13000000.0,13000000.0,,-26379775.280899,0.289888,672000000.0,-91000000.0,-91000000.0,316000000.0,50000000.0,129000000.0,581000000.0,531000000.0,5000000.0,,9000000.0,380620224.719101,316000000.0,1426000000.0,431000000.0,214000000.0,212000000.0,1.48,1.49,316000000.0,316000000.0,316000000.0,316000000.0,316000000.0,129000000.0,445000000.0,-91000000.0,,-100000000.0,100000000.0,5000000.0,,9000000.0,531000000.0,1260000000.0,13000000.0,13000000.0,,420000000.0,827000000.0,636000000.0,191000000.0,191000000.0,1791000000.0,166000000.0,1957000000.0,1827000000.0,,,,,,,9000000.0,,,,,,,,,,,
0GJ.F,2024-09-30,2024Q3,,,,,,,,,,,,,,,,,,,,,,,,,,,,,,-17101000.0,,,,,,,,,,,,,,,,,,,,,,,,,,,,,,5912000.0,,,,,,,,,,,43804000.0,,,,,,,,,,,,,,,,,,,,,839000.0,60030000.0,,,,77718000.0,,,,9120000.0,,,,,,,,,,,,,,28461000.0,,-1139000.0,,,,,,,,,,,,,,,,,,,,,,,,,,,,,,,,,0.0,,,,,,,,,,,,,,,,,,,,,,,,,,,,,,,,,,,,,,,,,,,,70000.0,70000.0,,,,,,,,,103000.0,,,,,,,,,,,,,,,0.0,0.0,,,-38000.0,,,,,,,,,,,,,,,,,,,,,,,,,,,,,,,,,,,,,760049404.0,758258475.0,0.02,0.02,,,,,,,,,,,0.0,,,,,,,,,,,,,,,,,,,,,,,,,,0.0,,,,,,,,,
0GJ.F,2024-12-31,2024Q4,408203000.0,47355000.0,246969000.0,14594000.0,249443000.0,46646000.0,,-2713108000.0,8431357000.0,,171817000.0,4118301000.0,3743639000.0,,27660000.0,,761894175.0,761894175.0,807212000.0,1185774000.0,3054605000.0,3993410000.0,-152980000.0,3054605000.0,3054605000.0,3790613000.0,3462808000.0,3054605000.0,47355000.0,,,254054000.0,,2753196000.0,2753196000.0,2902224000.0,2208160000.0,7256000.0,782800000.0,636783000.0,936331000.0,736008000.0,694064000.0,11389000.0,11389000.0,400589000.0,,400589000.0,330183000.0,6365032000.0,5823948000.0,16366000.0,50475000.0,50475000.0,,,,5718249000.0,541084000.0,2676000.0,147765000.0,96977000.0,,,131593000.0,131593000.0,0.0,146017000.0,200323000.0,202797000.0,47575000.0,16345000.0,1439000.0,1439000.0,397600000.0,209448000.0,,,63267000.0,20961000.0,125220000.0,27120000.0,,,,,117049000.0,1439000.0,,,,753000.0,,1340000.0,5083000.0,234761000.0,85748000.0,16345000.0,,1155000.0,11723000.0,,,,24618000.0,,,23668000.0,,6486000.0,,,,,18049000.0,5083000.0,,240589000.0,24541000.0,,,,,,,,,,,,,,,,,,,,39534000.0,,-67443000.0,-126852000.0,131593000.0,137780000.0,-935000.0,-5252000.0,-44785000.0,-44785000.0,5802000.0,2000.0,,-25443000.0,-25443000.0,-67443000.0,-126853000.0,-126853000.0,-126852000.0,,,166386000.0,166386000.0,48582000.0,,12316000.0,31978000.0,-19995000.0,,,31974000.0,,8891000.0,205000.0,,2731000.0,2731000.0,100604000.0,99799000.0,99799000.0,47158000.0,-41029000.0,42000000.0,42000000.0,0.0,-126852000.0,,,,,,,,,,0.0,0.0,,,,90000.0,,,-4917000.0,,-53000.0,,,-5312000.0,,,,,,,,4556000.0,,-7691000.0,-37375000.0,2000.0,2000.0,,,,-25236000.0,0.0,,,,,,,,,,,,,,,,,-1278000.0,2059125.277984,0.080059,157710000.0,25720000.0,25720000.0,45880000.0,100604000.0,389841000.0,183430000.0,82826000.0,,31564000.0,1186000.0,22219125.277984,45880000.0,400097000.0,47121000.0,,,,,45880000.0,45880000.0,45880000.0,47158000.0,47158000.0,4104000.0,51262000.0,,14297000.0,-1303000.0,0.0,,31564000.0,1186000.0,46785000.0,10256000.0,,,,,9350000.0,,9350000.0,9145000.0,57041000.0,389841000.0,446882000.0,473475000.0,,,,,,906000.0,27023000.0,,5998000.0,,205000.0,,,,,,,
0GJ.F,2025-03-31,2025Q1,413818000.0,50353000.0,245229000.0,22794000.0,279076000.0,49472000.0,,-2842624000.0,8557462000.0,,183950000.0,4145972000.0,3819012000.0,,20886000.0,,762150156.0,762150156.0,863880000.0,1452779000.0,3051725000.0,4259275000.0,118342000.0,3051725000.0,3051725000.0,4029671000.0,3465543000.0,3051725000.0,50353000.0,,,247269000.0,,2754103000.0,2754103000.0,3169109000.0,2468062000.0,5132000.0,789172000.0,643183000.0,1173703000.0,977946000.0,701047000.0,11405000.0,11405000.0,369364000.0,,369364000.0,354708000.0,6634652000.0,5815263000.0,17520000.0,55031000.0,55031000.0,,,,5714838000.0,819389000.0,5253000.0,222136000.0,156295000.0,,,344424000.0,343670000.0,10400000.0,145989000.0,195757000.0,229604000.0,,8170000.0,957000.0,957000.0,408528000.0,218111000.0,,,63216000.0,25553000.0,129342000.0,33100000.0,,,,,133831000.0,957000.0,,,,754000.0,,573000.0,5234000.0,241854000.0,95773000.0,8170000.0,,939000.0,7933000.0,,,,8579000.0,,,32741000.0,,6486000.0,,,,,18408000.0,5234000.0,,241994000.0,18045000.0,,,,,,,,,,,,,,,0.0,0.0,0.0,,,14761000.0,,-428381000.0,-107048000.0,343670000.0,131593000.0,117000.0,211960000.0,197199000.0,197199000.0,-14303000.0,0.0,,231363000.0,231363000.0,-428381000.0,-107048000.0,-107048000.0,-107048000.0,,,121809000.0,121809000.0,-46039000.0,,-2446000.0,5932000.0,19087000.0,,,-67472000.0,,35024000.0,4163000.0,,15329000.0,15329000.0,120074000.0,120074000.0,120074000.0,-1170000.0,16051000.0,659744000.0,659744000.0,0.0,-107048000.0,,,,,,,,,,,,,,,115000.0,,,10901000.0,,,,,-22593000.0,,,,,,,,970000.0,,-1140000.0,5150000.0,0.0,0.0,,,,-19976000.0,0.0,,,,,,,,,,,,,,,,,-5615000.0,-2440500.0,0.15,177829000.0,-16270000.0,-16270000.0,-6785000.0,120074000.0,448464000.0,161559000.0,41485000.0,-29951000.0,27543000.0,1001000.0,7044500.0,-6785000.0,465114000.0,71729000.0,761966779.0,761966779.0,-0.01,-0.01,-6785000.0,-6785000.0,-6785000.0,-1170000.0,-1170000.0,15112000.0,13942000.0,-24317000.0,-5729000.0,0.0,0.0,-29951000.0,27543000.0,1001000.0,68210000.0,16650000.0,,,,,12606000.0,,12606000.0,8443000.0,84860000.0,448464000.0,533324000.0,536541000.0,,,,,3409000.0,4044000.0,-16270000.0,,,,4163000.0,-33000.0,2318000.0,,,,,
0GJ.F,2025-06-30,2025Q2,419885000.0,51388000.0,272453000.0,22886000.0,212608000.0,63342000.0,22079000.0,-2974265000.0,8745784000.0,,209520000.0,4181432000.0,3905523000.0,,20049000.0,,762229684.0,762190166.0,767315000.0,1350567000.0,3077082000.0,4155196000.0,73890000.0,3077082000.0,3077082000.0,4005930000.0,3496967000.0,3077082000.0,51388000.0,,,271238000.0,,2754456000.0,2754456000.0,3114780000.0,2443898000.0,9424000.0,794890000.0,650073000.0,1137959000.0,928848000.0,670882000.0,11421000.0,11421000.0,406060000.0,39274000.0,406060000.0,311058000.0,6611747000.0,5866975000.0,19997000.0,55038000.0,55038000.0,,,,5771519000.0,744772000.0,5367000.0,156700000.0,110797000.0,,,311601000.0,310799000.0,0.0,144817000.0,209111000.0,149266000.0,,22123000.0,1001000.0,1001000.0,449309000.0,250170000.0,,,74350000.0,26451000.0,149369000.0,26717000.0,,,,,149266000.0,1001000.0,,,,802000.0,,222000.0,5347000.0,252665000.0,,11723000.0,,1374000.0,0.0,,,,885000.0,,,19186000.0,,6486000.0,,,,,17907000.0,5347000.0,,243391000.0,18046000.0,,,,,,,,,,,,,,,,,,,,114386000.0,,-541305000.0,-121998000.0,310799000.0,343670000.0,83000.0,-32954000.0,-147291000.0,-147291000.0,15404000.0,0.0,,-132734000.0,-132734000.0,-541305000.0,-122047000.0,-122047000.0,-121998000.0,,,236384000.0,236384000.0,19296000.0,,-803000.0,-3688000.0,-5401000.0,,,54909000.0,,37014000.0,3658000.0,0.0,22705000.0,22705000.0,119216000.0,128620000.0,128620000.0,30036000.0,10690000.0,408571000.0,408571000.0,0.0,-121998000.0,,,,,,,,,,,,,,,131000.0,,,14019000.0,,-49000.0,,,-9296000.0,,,,,,,,3065000.0,,-25721000.0,2225000.0,0.0,0.0,,,-9404000.0,-30092000.0,0.0,,,,,,,,,,,,,,,,,-6067000.0,287100.0,0.15,203462000.0,1914000.0,1914000.0,23969000.0,119216000.0,436099000.0,205376000.0,86160000.0,-31447000.0,32983000.0,2957000.0,22342100.0,23969000.0,454115000.0,92801000.0,762349353.0,761878360.0,0.03,0.03,23969000.0,23969000.0,23969000.0,30036000.0,30036000.0,23141000.0,53177000.0,-4422000.0,-4241000.0,5374000.0,0.0,-31447000.0,32983000.0,2957000.0,89046000.0,18016000.0,,,,,11926000.0,,11926000.0,8268000.0,107062000.0,436099000.0,543161000.0,565464000.0,-5431000.0,,,,1421000.0,6090000.0,-3460000.0,,,,3658000.0,-57000.0,2095000.0,,,,,
0GJ.F,2025-09-30,2025Q3,,,,,,,,,,,,,,,,,,,,,,,,,,,,,,,,,,,,,,,,,,,,,,,,,,,,,,,,,,,,,,,,,,,,,,,,,,,,,,,,,,,,,,,,,,,,,,,,,,,,,,,,,,,,,,,,,,,,,,,,,,,,,,,,,,,,,,,,,,,,,,,,,,,,,,,,,,,,,,,,,,,,,,,,,,,,,,,,,,,,,,,,,,,,,,,,,,,,,,,,,,,,,,,,,,,,,,,,,,,,,,,,,,,,,,,,,,,,,,,,,,,,,,,,,,,,,-29547000.0,,,,,,,,,,,,,,,,,,199665000.0,,,,-29547000.0,,,,,,,,,,,,,,,,,,,,,1980000.0,,,,,,,,2238000.0,,,,,
0GJ.F,2025-12-31,2025Q4,442140000.0,52701000.0,278339000.0,68523000.0,108499000.0,68606000.0,,-3213299000.0,9338851000.0,,175432000.0,4364706000.0,4312708000.0,,12857000.0,,763656709.0,763656709.0,749651000.0,1332182000.0,3389465000.0,4443308000.0,154821000.0,3389465000.0,3389465000.0,4403415000.0,3831605000.0,3389465000.0,52701000.0,,,569928000.0,,2766836000.0,2766836000.0,3365272000.0,2579709000.0,17700000.0,826952000.0,695949000.0,1223683000.0,1013950000.0,785563000.0,13416000.0,13416000.0,595125000.0,,595125000.0,501314000.0,7196877000.0,6256493000.0,23403000.0,79426000.0,79426000.0,,,,6125552000.0,940384000.0,,353217000.0,299949000.0,,,304192000.0,304192000.0,0.0,131003000.0,209733000.0,39893000.0,13762000.0,73563000.0,4350000.0,4350000.0,486005000.0,270099000.0,,,52391000.0,27665000.0,190043000.0,29870000.0,,,,,39893000.0,4350000.0,,,,,,0.0,5726000.0,259472000.0,,63163000.0,,1374000.0,0.0,,,,19000.0,,,23398000.0,,6486000.0,,,,,,5726000.0,,246176000.0,22388000.0,,,,,,,,,,,,,,,,,,,,15809000.0,,-89791000.0,-157787000.0,304192000.0,309271000.0,667000.0,-5746000.0,-21634000.0,-21634000.0,-1000.0,10000000.0,,-34791000.0,-34791000.0,-89791000.0,-157708000.0,-157708000.0,-157787000.0,,,173596000.0,173596000.0,-108911000.0,,3396000.0,9302000.0,19172000.0,,,-136972000.0,,35049000.0,6265000.0,,78538000.0,78538000.0,113019000.0,100766000.0,100766000.0,58401000.0,8096000.0,55000000.0,55000000.0,0.0,-157787000.0,,,,,,,,,,,,,,,929000.0,,,6024000.0,,,,,-7414000.0,,,,,,,,-9447000.0,,-3809000.0,4338000.0,10000000.0,10000000.0,,,,2229000.0,0.0,,,,,,,,,,,,,,,,,-7805000.0,-4014450.0,0.15,301909000.0,-26763000.0,-26763000.0,50596000.0,113019000.0,452366000.0,275146000.0,162127000.0,-25130000.0,25188000.0,1676000.0,73344550.0,50596000.0,471802000.0,217089000.0,,,,,50596000.0,50596000.0,50596000.0,58401000.0,58401000.0,78538000.0,136939000.0,-51095000.0,-23068000.0,-8644000.0,0.0,-25130000.0,25188000.0,1676000.0,213164000.0,19436000.0,,,,,13189000.0,,13189000.0,6924000.0,232600000.0,452366000.0,684966000.0,677732000.0,0.0,0.0,,,1618000.0,6247000.0,-18119000.0,,2266000.0,,6265000.0,,1264000.0,,,,,
0GJ.F,2026-03-31,2026Q1,451635000.0,55709000.0,284987000.0,26953000.0,137344000.0,71875000.0,35821000.0,-3317900000.0,9504986000.0,,198699000.0,4400719000.0,4395476000.0,,16505000.0,,763743112.0,763743112.0,735230000.0,1414348000.0,3495419000.0,4624780000.0,237509000.0,3495419000.0,3495419000.0,4559311000.0,3947054000.0,3495419000.0,55709000.0,,,672389000.0,,2767321000.0,2767321000.0,3287808000.0,2600341000.0,1745000.0,820649000.0,721883000.0,1277004000.0,1063892000.0,687467000.0,13418000.0,13418000.0,468521000.0,37207000.0,431314000.0,325800000.0,7234862000.0,6309886000.0,31365000.0,66868000.0,66868000.0,,,,6187086000.0,924976000.0,10486000.0,198251000.0,146422000.0,,,394131000.0,394131000.0,0.0,98766000.0,213112000.0,65469000.0,17933000.0,81095000.0,5148000.0,5148000.0,510092000.0,291519000.0,,,57412000.0,29403000.0,204704000.0,34671000.0,,,,,65469000.0,5148000.0,,,,,,,5628000.0,248113000.0,,64089000.0,,1374000.0,,,,,14084000.0,,,17158000.0,,6486000.0,,,1620000.0,,5410000.0,5628000.0,,247202000.0,18045000.0,,,,,,,,,,,,,,,41000.0,475000.0,-434000.0,,,65912000.0,,-97528000.0,-155604000.0,394131000.0,304192000.0,-91000.0,90030000.0,24324000.0,24324000.0,26000000.0,,,26472000.0,26472000.0,-97528000.0,-155810000.0,-155810000.0,-155604000.0,,,221516000.0,221516000.0,3661000.0,,-1448000.0,-14133000.0,-116541000.0,,,156576000.0,,-19772000.0,469000.0,,76820000.0,76820000.0,95698000.0,95698000.0,95698000.0,111956000.0,-11395000.0,124000000.0,124000000.0,0.0,-155604000.0,,,,,,,,,,,,,,,207000.0,,,-2864000.0,,,,,-37684000.0,,,,,,,,1763000.0,,-20793000.0,-8531000.0,,,,,,-28355000.0,-247000.0,,,,,,,,,,,,,,,,,-9495000.0,5904400.0,0.4,297154000.0,14761000.0,14761000.0,102461000.0,95698000.0,416743000.0,311915000.0,216217000.0,-27423000.0,27441000.0,1749000.0,93604400.0,102461000.0,431627000.0,223527000.0,767117936.0,763668362.0,0.13,0.13,102461000.0,102461000.0,102461000.0,111956000.0,111956000.0,76820000.0,188776000.0,-4661000.0,-17509000.0,13922000.0,,-27423000.0,27441000.0,1749000.0,220860000.0,14884000.0,,,,,9920000.0,,9920000.0,9451000.0,235744000.0,416743000.0,652487000.0,658809000.0,-13922000.0,,,,1731000.0,4964000.0,839000.0,,,,469000.0,,1913000.0,,,,,
0M5.MU,2024-12-31,2024Q4,,,,,33373000.0,,,,,,,,,,,,,,,,,,,,,,,,,,,,,,,,,,,,,,,,,,,,,,,,,,,,,,,,,,,,,,,,,33373000.0,,,,,,,,,,,,,,,,,,,,,,,,,,,33373000.0,,,,,,,,,,,,,,,,,,,,,,,,,,,,,,,,,,,,,,,,,,,,,,,,,,,,,,,,,,,,,,,,,,,,,,,,,,,,,,,,,,,,,,,,,,,,,,,,,,,,,,,,,,,,,,,,,,,,,,,,,,,,,,,,,,,,,,,,,,,,,,,,,,,,,,,,,,,,,,,,,,,104480000.0,103102000.0,-0.06,0.33,,,,,,,,,,,,,,,,,,,,,,,,,,,,,-40472000.0,,,,1003000.0,,,,,,,,,-39983000.0,,,,
0M5.MU,2025-03-31,2025Q1,,7277000.0,60694000.0,,33397000.0,,32998000.0,,162913000.0,,,,,,,,102710000.0,102710000.0,665446000.0,1773877000.0,1235982000.0,5583644000.0,2786258000.0,1235982000.0,3870461000.0,5550247000.0,3870461000.0,3870461000.0,7277000.0,,,-1468715000.0,5331897000.0,2000.0,2000.0,5762175000.0,1744599000.0,3874000.0,245000.0,,1740480000.0,1679786000.0,4017576000.0,3678958000.0,3678958000.0,272223000.0,262921000.0,9302000.0,9302000.0,9632636000.0,2828802000.0,31410000.0,,,2634479000.0,237970000.0,2396509000.0,162913000.0,6803834000.0,241332000.0,732198000.0,26663000.0,,,2173086000.0,1047737000.0,,245000.0,60694000.0,33397000.0,,,,,162913000.0,,,,,,,705535000.0,,,,,,,,,,1125349000.0,,,,,33397000.0,,,,,,,,,,,,,,3657218000.0,,,,,,,,,,,,,,,,,,,,,,,-479791000.0,624617000.0,-1104408000.0,18279000.0,18279000.0,90923000.0,0.0,0.0,-8607000.0,3171150000.0,3820707000.0,591000.0,-650148000.0,-105573000.0,-105573000.0,-106093000.0,0.0,0.0,0.0,0.0,0.0,-644105000.0,-644105000.0,-1147000.0,,-7460000.0,99530000.0,99530000.0,21741000.0,8000.0,-498000.0,-516000.0,11204000.0,3834000.0,3834000.0,2442000.0,2442000.0,3770000.0,62230000.0,14945000.0,,,21450000.0,21450000.0,3171000.0,-11589000.0,0.0,0.0,0.0,,-1147000.0,,,,,,,,,,,,,,,520000.0,,9101000.0,,,-155707000.0,0.0,0.0,,,,,,,,,,7370000.0,,,,,,,,,,-13017000.0,,,,,,,,,,,,,,,,,0.0,0.21,14574000.0,0.0,0.0,-11589000.0,21450000.0,53619000.0,14574000.0,-6876000.0,18862000.0,3420000.0,23666000.0,-11589000.0,-11589000.0,387163000.0,-28946000.0,102219000.0,102219000.0,-0.11,-0.11,-11589000.0,-11589000.0,-11589000.0,-11589000.0,-11589000.0,1293000.0,-10296000.0,-212000.0,-212000.0,0.0,0.0,18862000.0,3420000.0,23666000.0,-28946000.0,319951000.0,7857000.0,7857000.0,,86540000.0,210609000.0,136758000.0,73851000.0,73851000.0,291005000.0,67212000.0,358217000.0,358217000.0,,,,,1384000.0,,,,,,,,,0.0,14945000.0,,,
0M5.MU,2025-06-30,2025Q2,,10197000.0,58372000.0,,213426000.0,,39581000.0,-90089000.0,262786000.0,39855000.0,,166845000.0,0.0,,,,103012468.0,103012468.0,676124000.0,1772842000.0,1294726000.0,5628510000.0,2650133000.0,1294726000.0,3914040000.0,5415084000.0,3914040000.0,3914040000.0,10197000.0,,,-1510804000.0,5414645000.0,2000.0,2000.0,6149942000.0,1561282000.0,1581000.0,285000.0,,1559416000.0,1501044000.0,4588660000.0,4066905000.0,4066905000.0,268748000.0,252455000.0,16293000.0,16293000.0,10063982000.0,2825189000.0,33178000.0,,,2619314000.0,222805000.0,2396509000.0,172697000.0,7238793000.0,258418000.0,717449000.0,32341000.0,,,2218456000.0,1038346000.0,,285000.0,58372000.0,213426000.0,,,,,56086000.0,,,,,,,685108000.0,,,,0.0,,,,,,1180110000.0,,,,,213426000.0,,,,,,,,,,,,,,4044470000.0,,,,,,,,,,,,,,,,,,,,,,,-44323000.0,710479000.0,-754802000.0,18726000.0,18726000.0,68479000.0,-30001000.0,0.0,-15337000.0,3550884000.0,3171150000.0,-109000.0,379844000.0,339617000.0,339617000.0,362438000.0,-30001000.0,-30001000.0,0.0,0.0,0.0,-43589000.0,-43589000.0,-2789000.0,,-12548000.0,83816000.0,83816000.0,4087000.0,734000.0,-4440000.0,19000.0,22294000.0,6453000.0,6453000.0,-5740000.0,-5740000.0,2935000.0,59761000.0,15785000.0,,,21886000.0,21886000.0,3160000.0,-7072000.0,0.0,0.0,0.0,,-2789000.0,,,,,,,,,,,,,,,7180000.0,,-8780000.0,,,16071000.0,0.0,0.0,,,,,,,,,,15841000.0,,,,,,,,,,-13566000.0,0.0,0.0,,,,,,,,,,,,,,,0.0,0.21,18439000.0,0.0,0.0,-7072000.0,21886000.0,59611000.0,18439000.0,-3447000.0,20172000.0,-379000.0,24532000.0,-7072000.0,-7072000.0,405598000.0,-22249000.0,103231000.0,103231000.0,-0.07,-0.07,32912000.0,-7072000.0,-7072000.0,-7072000.0,-7072000.0,4004000.0,-3068000.0,-991000.0,-991000.0,0.0,0.0,20172000.0,-379000.0,24532000.0,-22249000.0,332010000.0,7909000.0,7909000.0,,90050000.0,218266000.0,148097000.0,70169000.0,70169000.0,309761000.0,73588000.0,383349000.0,383349000.0,0.0,,,,,,,,,,,,,,15785000.0,,,
0M5.MU,2025-09-30,2025Q3,,13202000.0,55947000.0,,33446000.0,,35950000.0,,183023000.0,,,,,,,,101815003.0,101815003.0,766142000.0,1921717000.0,1278562000.0,5748481000.0,2951589000.0,1278562000.0,3882711000.0,5715035000.0,3882711000.0,3882711000.0,13202000.0,,,-1595479000.0,5464986000.0,2000.0,2000.0,6268534000.0,1890278000.0,1661000.0,346000.0,,1888271000.0,1832324000.0,4378256000.0,3995456000.0,3995456000.0,313404000.0,306405000.0,6999000.0,6999000.0,10151245000.0,2821400000.0,34228000.0,,,2604149000.0,207640000.0,2396509000.0,183023000.0,7329845000.0,269326000.0,770878000.0,32113000.0,,,2314967000.0,1099628000.0,,346000.0,55947000.0,33446000.0,,,,,183023000.0,,,,,,,738765000.0,,,,,,,,,,1215339000.0,,,,,33446000.0,,,,,,,,,,,,,,3974674000.0,,,,,,,,,,,,,,,,,,,,,,,-44093000.0,328254000.0,-372347000.0,19672000.0,19672000.0,82262000.0,-83145000.0,,-14593000.0,3540194000.0,3550885000.0,75000.0,-10766000.0,1100000.0,1100000.0,-66031000.0,-83145000.0,-83145000.0,150000000.0,150000000.0,,-108721000.0,-108721000.0,-1299000.0,,-13294000.0,96855000.0,96855000.0,11405000.0,-1591000.0,-2331000.0,-1378000.0,11029000.0,-9797000.0,-9797000.0,273000.0,273000.0,3997000.0,58805000.0,16096000.0,,,23511000.0,23511000.0,3839000.0,-2962000.0,,150000000.0,150000000.0,,-1299000.0,,,,,,,,,,,,,,,276000.0,,5403000.0,,,-50035000.0,,,,,,,,,,,,20826000.0,,,,,,,,,,-13997000.0,,,,,,,,,,,,,,,,,-1862700.0,0.21,34688000.0,-8870000.0,-8870000.0,-2962000.0,23511000.0,61559000.0,25818000.0,2307000.0,18436000.0,5120000.0,25166000.0,4045300.0,-2962000.0,407590000.0,-20719000.0,,,,,-2962000.0,-2962000.0,-2962000.0,-2962000.0,-2962000.0,149000.0,-2813000.0,-9400000.0,-530000.0,-8870000.0,8870000.0,18436000.0,5120000.0,25166000.0,-11849000.0,330587000.0,8067000.0,8067000.0,,80289000.0,226135000.0,149216000.0,76919000.0,76919000.0,318738000.0,77003000.0,395741000.0,395741000.0,,,,,1610000.0,,,,,,,,,,16096000.0,,,
0M5.MU,2025-12-31,2025Q4,,13775000.0,53490000.0,,,,33081000.0,,179045000.0,,,,,,,,99966687.0,99966687.0,739070000.0,1887090000.0,1217825000.0,5640409000.0,2895191000.0,1217825000.0,3806809000.0,5640409000.0,3806809000.0,3806809000.0,13775000.0,,,-1731047000.0,5524079000.0,2000.0,2000.0,6319625000.0,1889385000.0,1871000.0,424000.0,,1887090000.0,1833600000.0,4430240000.0,4053098000.0,4053098000.0,344061000.0,339017000.0,5044000.0,5044000.0,10126434000.0,2801003000.0,32974000.0,,,2588984000.0,192475000.0,2396509000.0,179045000.0,7325431000.0,278473000.0,773247000.0,41163000.0,,,2241500000.0,1094530000.0,,424000.0,53490000.0,,,,,,179045000.0,,,,,,,732084000.0,,,,,,,,,,1146970000.0,,,,,,,,,,,,,,,,,,,4032211000.0,,,,,,,,,,,,,,,,,,,,,,,142414000.0,453200000.0,-310786000.0,27775000.0,27775000.0,91133000.0,-132651000.0,,-14184000.0,3669067000.0,3540194000.0,-2000.0,128875000.0,-113016000.0,-113016000.0,47892000.0,-132651000.0,-132651000.0,-33463000.0,-33463000.0,,136574000.0,136574000.0,-1492000.0,,-12692000.0,105317000.0,105317000.0,-4942000.0,183000.0,-2360000.0,1168000.0,-2368000.0,-724000.0,-724000.0,-9075000.0,-9075000.0,4143000.0,64256000.0,22624000.0,,,35390000.0,35390000.0,7615000.0,-2588000.0,,0.0,0.0,,-1492000.0,,,,,,,,,,,,,,,5206000.0,,7510000.0,,,8344000.0,,,,,,,,,,,,-1644000.0,,,,,,,,,,-13566000.0,,,,,,,,,,,,,,,,,-86520.0,0.21,38807000.0,-412000.0,-412000.0,-2588000.0,35390000.0,56579000.0,38395000.0,3005000.0,16629000.0,5071000.0,23325000.0,-2262520.0,-2588000.0,432335000.0,-18076000.0,100532000.0,100532000.0,-0.03,-0.03,-2588000.0,-2588000.0,-2588000.0,-2588000.0,-2588000.0,522000.0,-2066000.0,-1031000.0,-619000.0,-412000.0,412000.0,16629000.0,5071000.0,23325000.0,-17664000.0,348747000.0,8381000.0,8381000.0,,82806000.0,234936000.0,155439000.0,79497000.0,79497000.0,331083000.0,83588000.0,414671000.0,414671000.0,,,,,1625000.0,,,,,,,,,0.0,22624000.0,,,
0M5.MU,2026-03-31,2026Q1,,1992000.0,51000000.0,,,,32665000.0,,188453000.0,,,,,,,,99966687.0,99966687.0,840182000.0,1885854000.0,1228915000.0,5637589000.0,2898024000.0,1228915000.0,3802735000.0,5637589000.0,3802735000.0,3802735000.0,1992000.0,,,-1770362000.0,5571103000.0,2000.0,2000.0,6276071000.0,1890311000.0,4077000.0,380000.0,,1885854000.0,1834854000.0,4385760000.0,4020426000.0,4020426000.0,332669000.0,325521000.0,7148000.0,7148000.0,10078806000.0,2795022000.0,32749000.0,,,2573820000.0,177311000.0,2396509000.0,188453000.0,7283784000.0,259804000.0,851499000.0,32140000.0,,,2173345000.0,994672000.0,,380000.0,51000000.0,,,,,,188453000.0,,,,,,,819359000.0,,,,,,,,,,1178673000.0,,,,,,,,,,,,,,,,,,,3999136000.0,,,,,,,,,,,,,,,,,,,,,,,-184200000.0,465876000.0,-650076000.0,23085000.0,23085000.0,84732000.0,-56862000.0,0.0,-17942000.0,3361260000.0,3669067000.0,69000.0,-307876000.0,-109562000.0,-109562000.0,-53383000.0,-56862000.0,-56862000.0,0.0,0.0,0.0,-300988000.0,-300988000.0,-168000.0,,-17774000.0,102674000.0,102674000.0,-2708000.0,359000.0,-1654000.0,284000.0,-9395000.0,2046000.0,2046000.0,9212000.0,9212000.0,3785000.0,53937000.0,18834000.0,,,28382000.0,28382000.0,5297000.0,12785000.0,,0.0,0.0,,-168000.0,,,,,,,,,,,,,,,683000.0,,-1514000.0,,,-98846000.0,0.0,0.0,,,,,,,,,,-11441000.0,,,,,,,,,,-12341000.0,,,,,,,,,,,,,,,,,-679019.695431,0.134619,52808000.0,-5044000.0,-5044000.0,12786000.0,28382000.0,54805000.0,47764000.0,19382000.0,15671000.0,4607000.0,21869000.0,17150980.304569,12786000.0,401918000.0,-399000.0,112677000.0,99285000.0,0.12,0.13,13744000.0,12786000.0,12786000.0,12786000.0,12786000.0,1989000.0,14775000.0,-5541000.0,-497000.0,-5044000.0,5044000.0,15671000.0,4607000.0,21869000.0,4645000.0,327210000.0,8479000.0,8479000.0,,74385000.0,225512000.0,153226000.0,72286000.0,72286000.0,331855000.0,74708000.0,406563000.0,406563000.0,,,,,1591000.0,,,,,,,,,958000.0,18834000.0,,,
IAC,2024-09-30,2024Q3,,,,,,,,,,,,,,,,,,,,,,,,,,,,,,,,,,,,,,,,,,,,,,,,,,,,,,,,,,,,,,,,,,,,,,,,,,,,,,,,,,,,,,,,,0.0,,,24947000.0,,,,,43125000.0,,,,,,,,,,,,,,,,,,,,,,,,,,,,,,,,,,,,,,,,,,,,,,,,,,,,,,,,,,,,,,,,,,,,,,,,,,,,16343000.0,,,,,,,,,,,,,,,,,,,,,,,,,,,,,-16530000.0,,,,,,,,,,,,11673000.0,,,,,,,,,,,,,,,,,,,,,,,,,,,,,,,,,,,,,,,,,,,,,,,,,,,,,,,,,,,-11673000.0,,,,,,,,,,,,,,,,,,,,0.0,,,,,,,-11673000.0,,,,,0.0,,,,
IAC,2024-12-31,2024Q4,,,,469519000.0,,,152977000.0,-178092000.0,491289000.0,78130000.0,5839000.0,28919000.0,0.0,,38725000.0,,,,,,,,,,,,,,,,,,,,,,,,,,,,,,,,62705000.0,,,,,,,,,,,,,,,,-7409000.0,490429000.0,,,,,,,,,,,126656000.0,,,,,,,,,,,,,,,165700000.0,86045000.0,0.0,,,,,35000000.0,,,,,,,,,,,,,,,,,,,,,,,,,,,,,,,,,,,,,,,,,,,,,,,,,,,,,,,,,,,,,,,,,,,,,,,,,,,,15958000.0,,,,,,,,,,,,,,,,,,,,,,,,,,,,,0.0,,,,,,,,,,,,6037000.0,0.0,,,,,,,,,,,,,,,,,,,,,,,,,,,,,,,,,,,,,,,,,,,,,,,,,,,,,,,,,,-6157000.0,,,,,,,,,,,,,,,,,,,,0.0,0.0,,,,,,-6157000.0,,,,,0.0,,,,
IAC,2025-03-31,2025Q1,49173000.0,-10993000.0,,,42331000.0,,,,,,,,,,,8274000.0,80137073.0,88411073.0,302650000.0,1461875000.0,2189317000.0,6175434000.0,1066356000.0,2189317000.0,4713559000.0,6133103000.0,4762732000.0,4713559000.0,-10993000.0,,433268000.0,-755779000.0,5913590000.0,9000.0,9000.0,2424393000.0,1796997000.0,304368000.0,73085000.0,73085000.0,1419544000.0,1419544000.0,627396000.0,78567000.0,78567000.0,506498000.0,459496000.0,47002000.0,47002000.0,7187125000.0,5493373000.0,322352000.0,,,2524242000.0,530940000.0,1993302000.0,307883000.0,1693752000.0,142723000.0,391804000.0,391804000.0,,,1159225000.0,1159225000.0,,,,42331000.0,,,420489000.0,420489000.0,,,,,,,,,,,,,,2338896000.0,,,,,,,,,42331000.0,,,,,,1918407000.0,1918407000.0,,0.0,,,,,,0.0,,,,,,,,,,,,,,,,,,,,,-29600000.0,15344000.0,15344000.0,0.0,22418000.0,22418000.0,-6830000.0,-179394000.0,-8750000.0,-4136000.0,1168339000.0,1807255000.0,362000.0,-639278000.0,-248344000.0,-233982000.0,-45838000.0,-179394000.0,-179394000.0,-8750000.0,-8750000.0,-8750000.0,-388240000.0,-375221000.0,134000.0,134000.0,-4136000.0,-2694000.0,-27311000.0,-23242000.0,2305000.0,-33950000.0,-32650000.0,-35588000.0,-35588000.0,-35588000.0,76641000.0,76641000.0,-25966000.0,-21390000.0,,-63833000.0,-63833000.0,33659000.0,33659000.0,11241000.0,-258342000.0,331803000.0,,,,,,,,,,,,,,0.0,0.0,,,,,-386563000.0,,7538000.0,324265000.0,134000.0,0.0,,,,,,,,0.0,,,,,,,,-386563000.0,,,,,,,,-14362000.0,-13019000.0,0.0,24617000.0,,,,,,,43774000.0,22418000.0,22418000.0,-2237000.0,-64636517.864991,0.194752,73041000.0,-331891000.0,-331891000.0,-260579000.0,33659000.0,187315000.0,-258850000.0,-292509000.0,-13957000.0,28314000.0,14357000.0,6675482.135009,-216805000.0,457562000.0,24124000.0,82214000.0,82214000.0,-2.64,-2.64,-216805000.0,-216805000.0,-216805000.0,-214568000.0,-258342000.0,-62481000.0,-320823000.0,-330990000.0,901000.0,,,-13957000.0,28314000.0,14357000.0,24124000.0,270247000.0,33659000.0,33659000.0,11241000.0,35742000.0,200846000.0,157369000.0,43477000.0,43477000.0,294371000.0,187315000.0,481686000.0,481686000.0,,,0.0,,,,-331891000.0,,,,,,,0.0,,0.0,,
IAC,2025-06-30,2025Q2,51690000.0,-11102000.0,,,21000000.0,,,,,,,,,,,8838000.0,79897499.0,88735499.0,339466000.0,1433332000.0,2410258000.0,6344424000.0,1042929000.0,2410258000.0,4911092000.0,6323424000.0,4962782000.0,4911092000.0,-11102000.0,,453966000.0,-544327000.0,5920478000.0,9000.0,9000.0,2397613000.0,1838965000.0,291809000.0,134824000.0,134824000.0,1412332000.0,1412332000.0,558648000.0,65059000.0,65059000.0,472589000.0,424730000.0,47859000.0,47859000.0,7360395000.0,5758818000.0,317824000.0,,,2500834000.0,507532000.0,1993302000.0,304742000.0,1601577000.0,131519000.0,376192000.0,376192000.0,,,1093866000.0,1093866000.0,,,,21000000.0,,,409574000.0,409574000.0,,,,,,,,,,,,,,2635418000.0,,,,,,,,,,,,,,,2225844000.0,2225844000.0,,0.0,,,,,,0.0,,,,,,,,,,,,,,,,,,,,,,-6859000.0,-6859000.0,0.0,24523000.0,24523000.0,-7730000.0,-20606000.0,-1417023000.0,-4975000.0,1103459000.0,1168339000.0,1248000.0,-66128000.0,-64693000.0,-64712000.0,-18534000.0,379394000.0,-20606000.0,-425572000.0,-425572000.0,-1417023000.0,1320000.0,800000.0,115000.0,115000.0,-4975000.0,-2755000.0,24620000.0,-33559000.0,3920000.0,-30453000.0,10043000.0,-34032000.0,-34032000.0,-34032000.0,16963000.0,16963000.0,16418000.0,20465000.0,,45124000.0,45124000.0,33208000.0,33208000.0,8685000.0,239094000.0,-296130000.0,,,,,,,,,,,,,,-376707000.0,9856000.0,,,,,0.0,,,-307437000.0,2529000.0,,,,,,,,,,,,,,,,,,,,,,,,,19000.0,520000.0,,-27375000.0,,,,,,,0.0,23408000.0,23408000.0,819000.0,68130140.0,0.23,47830000.0,296218000.0,296218000.0,211452000.0,33208000.0,200151000.0,344048000.0,310840000.0,-25897000.0,37167000.0,11270000.0,-16635860.0,211452000.0,586353000.0,575000.0,82206000.0,80195000.0,2.57,2.64,211452000.0,211452000.0,211452000.0,210633000.0,210633000.0,63040000.0,273673000.0,298995000.0,2777000.0,-11219000.0,,-25897000.0,37167000.0,11270000.0,575000.0,384382000.0,31388000.0,31388000.0,7980000.0,49826000.0,303168000.0,185825000.0,117343000.0,117343000.0,384957000.0,201971000.0,586928000.0,586928000.0,,,0.0,,,,307437000.0,,-11219000.0,,,,,,,,,
IAC,2025-09-30,2025Q3,53207000.0,-11879000.0,,,22750000.0,,,,,,,,,,,11605000.0,77423499.0,89028499.0,424094000.0,1429590000.0,2313061000.0,6220076000.0,923774000.0,2313061000.0,4790486000.0,6197326000.0,4843693000.0,4790486000.0,-11879000.0,,554848000.0,-566206000.0,5923410000.0,9000.0,9000.0,2343959000.0,1752286000.0,238867000.0,106579000.0,106579000.0,1406840000.0,1406840000.0,591673000.0,64120000.0,64120000.0,504803000.0,462127000.0,42676000.0,42676000.0,7187652000.0,5672205000.0,242596000.0,,,2477425000.0,484123000.0,1993302000.0,299290000.0,1515447000.0,112549000.0,397402000.0,397402000.0,,,1005496000.0,1005496000.0,,,,22750000.0,,,409574000.0,409574000.0,,,,,,,,,,,,,,2652894000.0,,,,,,,,,22750000.0,,,,,,2243320000.0,2243320000.0,,0.0,,,,,,0.0,,,,,,,,,,,,,,,,,,,,,,3463000.0,3463000.0,0.0,23511000.0,23511000.0,25271000.0,-100000000.0,-4375000.0,-4877000.0,1015468000.0,1103459000.0,-959000.0,-87032000.0,-120440000.0,-120440000.0,-16065000.0,-500000000.0,-100000000.0,395625000.0,395625000.0,-4375000.0,3260000.0,3260000.0,4006000.0,4006000.0,-4877000.0,30148000.0,30148000.0,9894000.0,-1148000.0,-14243000.0,17435000.0,30799000.0,30799000.0,30799000.0,-22949000.0,-22949000.0,38150000.0,16992000.0,,-28182000.0,-28182000.0,32507000.0,32507000.0,8996000.0,-21737000.0,-17476000.0,400000000.0,400000000.0,,,,,,,,,,,,0.0,0.0,,,,,0.0,,,-17476000.0,668000.0,,,,,,,,,,,,,,,,,,,,,,,,,0.0,0.0,,0.0,,,,,,,0.0,23511000.0,23511000.0,-142000.0,-3176040.0,0.21,26271000.0,-15124000.0,-15124000.0,-21879000.0,32507000.0,207457000.0,11147000.0,-21360000.0,-16215000.0,27636000.0,11421000.0,-9931040.0,-21879000.0,610191000.0,-20398000.0,79629000.0,79629000.0,-0.27,-0.27,-21879000.0,-21879000.0,-21879000.0,-21737000.0,-21737000.0,-27259000.0,-48996000.0,-12383000.0,2741000.0,-32600000.0,,-16215000.0,27636000.0,11421000.0,-20398000.0,402734000.0,32507000.0,32507000.0,8996000.0,49485000.0,320742000.0,188373000.0,132369000.0,132369000.0,382336000.0,207457000.0,589793000.0,589793000.0,32600000.0,,0.0,,,,17476000.0,,0.0,,,,,0.0,,,,
IAC,2025-12-31,2025Q4,55196000.0,-11842000.0,,207244000.0,24500000.0,,133681000.0,-198653000.0,486046000.0,76936000.0,6745000.0,36240000.0,0.0,,39737000.0,12026000.0,77344499.0,89370499.0,465613000.0,1425824000.0,2476492000.0,6159651000.0,983883000.0,2476492000.0,4733827000.0,6135151000.0,4789023000.0,4733827000.0,-11842000.0,,571032000.0,-643000000.0,5959692000.0,9000.0,9000.0,2341706000.0,1780839000.0,230913000.0,148602000.0,148602000.0,1401324000.0,1401324000.0,560867000.0,157923000.0,157923000.0,37519000.0,,37519000.0,37519000.0,7130729000.0,5585979000.0,230153000.0,,,2257335000.0,465860000.0,1791475000.0,287393000.0,1544750000.0,95988000.0,448814000.0,448814000.0,-9984000.0,458798000.0,960211000.0,960211000.0,,,,24500000.0,,,409240000.0,409240000.0,114132000.0,,,,,,,,,,,,,2811098000.0,,165948000.0,86045000.0,,,,,,,,,,,,2401858000.0,2401858000.0,,0.0,,,,,,0.0,,,,,,,,,,,,,,,,,,,,,,-38025000.0,1986000.0,-40011000.0,22663000.0,22663000.0,31365000.0,-15041000.0,-4375000.0,-5213000.0,986831000.0,1015468000.0,108000.0,-28745000.0,-31869000.0,-31869000.0,-12453000.0,384959000.0,-15041000.0,-404375000.0,-404375000.0,-4375000.0,-33454000.0,-33454000.0,13203000.0,13203000.0,-5213000.0,36578000.0,36578000.0,-94154000.0,-14420000.0,-10016000.0,6544000.0,-19773000.0,-19773000.0,-19773000.0,-56489000.0,-56489000.0,-3234000.0,16246000.0,,74487000.0,74487000.0,31251000.0,31251000.0,8588000.0,-75772000.0,-119697000.0,-400000000.0,-400000000.0,,,,,,,,,,,,388066000.0,1503000.0,,,,,,,,-118527000.0,-4922000.0,,,,,,,,,,,,,,,,,,,,,,,,,0.0,0.0,,0.0,,,,,,,-26000.0,22663000.0,22663000.0,-996000.0,-15612030.0,0.21,135033000.0,-74343000.0,-74343000.0,-76768000.0,31251000.0,195054000.0,60690000.0,29439000.0,-17485000.0,26910000.0,9425000.0,-18037030.0,-76794000.0,551897000.0,-113369000.0,77569697.0,77569697.0,-0.99,-0.99,-76794000.0,-76794000.0,-76794000.0,-75798000.0,-75772000.0,78301000.0,2529000.0,-74068000.0,275000.0,-175195000.0,,-17485000.0,26910000.0,9425000.0,94082000.0,356843000.0,31251000.0,31251000.0,8588000.0,46497000.0,279095000.0,173108000.0,105987000.0,105987000.0,450925000.0,195054000.0,645979000.0,645979000.0,-13411000.0,,0.0,,,,100852000.0,,,,,,,0.0,,,,
IAC,2026-03-31,2026Q1,45233000.0,-14054000.0,,,24500000.0,,,,,,,,,,,15310000.0,74562499.0,89872499.0,307829000.0,1420274000.0,2666200000.0,5969726000.0,1130839000.0,2666200000.0,4549452000.0,5945226000.0,4594685000.0,4549452000.0,-14054000.0,,695890000.0,-714882000.0,5974269000.0,9000.0,9000.0,2225532000.0,1805750000.0,217010000.0,192966000.0,192966000.0,1395774000.0,1395774000.0,419782000.0,20923000.0,20923000.0,374359000.0,338544000.0,35815000.0,35815000.0,6820217000.0,5269596000.0,222991000.0,,,1883252000.0,375341000.0,1507911000.0,285630000.0,1550621000.0,109404000.0,328772000.0,328772000.0,,,1112445000.0,1112445000.0,,,,24500000.0,,,404628000.0,404628000.0,,,,,,,,,,,,,,2877723000.0,,,,,,,,,,,,,,,2473095000.0,2473095000.0,,0.0,,,,,,0.0,,,,,,,,,,,,,,,,,,,,,,-37194000.0,38000.0,-37232000.0,19040000.0,19040000.0,7427000.0,-123574000.0,-6125000.0,-7961000.0,1120240000.0,986831000.0,-1411000.0,134820000.0,-141152000.0,-141152000.0,-11453000.0,-123574000.0,-123574000.0,-6125000.0,-6125000.0,-6125000.0,260584000.0,260644000.0,,,-7961000.0,15388000.0,9964000.0,11131000.0,1912000.0,-14545000.0,-940000.0,-61564000.0,-61564000.0,-61564000.0,86268000.0,86268000.0,10371000.0,16412000.0,,-15121000.0,-15121000.0,26354000.0,26354000.0,7314000.0,-2252000.0,-36931000.0,,,,,,,,,,,,,,295697000.0,295697000.0,,,,,,,4574000.0,-34005000.0,2602000.0,7500000.0,,,,,,,,-7500000.0,,,,,,,,0.0,,,,,,,,0.0,-60000.0,7500000.0,5424000.0,,,,,,,7225000.0,19040000.0,19040000.0,-1212000.0,11772400.0,0.4,4951000.0,29431000.0,29431000.0,-3464000.0,26354000.0,159773000.0,34382000.0,8028000.0,-16329000.0,25858000.0,9529000.0,-21122600.0,3761000.0,462959000.0,-40066000.0,76742000.0,76742000.0,-0.94,-0.94,-71882000.0,-71882000.0,-71882000.0,-70670000.0,-2252000.0,-15578000.0,-17830000.0,38565000.0,9134000.0,,,-16329000.0,25858000.0,9529000.0,-40066000.0,303186000.0,26354000.0,26354000.0,7314000.0,39695000.0,237137000.0,133030000.0,104107000.0,104107000.0,263120000.0,159773000.0,422893000.0,422893000.0,,,,,,,29431000.0,,,,,,,,,-75643000.0,,
TTD,2024-12-31,2024Q4,,,,,,,,-215016000.0,,156423000.0,34537000.0,233388000.0,0.0,,,,,,,,,,,,,,,,,,,,,,,,,,,,,,,,,,,,,,,,,,14621000.0,14621000.0,,,,,,,,,,,,,,,,,,,,,,,,,,,,,,,,,,,,,,,,,,,,,,,,,,,,,,,,,,,,,,,,,,,,,,,,,,,,,,,,,,,,,,,,,,,,,,,,,,,,,,,,,,,,,,,,,,,,,16000.0,,,,,,,,,,,,,,,,,,,,,,,,,,,,,,,,,,,,,,,,,,,,,,,,,,,,,,,,,,,,,,,,,,,,,,,,,,,,,,,,,,,,,,,,,,,,,,,,,,,,,,,,,,,,,,,,,,,,,,,,,,,,,,,,,,,,,,,,
TTD,2025-03-31,2025Q1,,,334968000.0,,72301000.0,72301000.0,,,530058000.0,,,,,,,,491569276.0,491569276.0,,334968000.0,2716684000.0,2716684000.0,2174273000.0,2716684000.0,2716684000.0,2716684000.0,2716684000.0,2716684000.0,,,,4518000.0,2712166000.0,0.0,0.0,2988757000.0,306695000.0,44028000.0,,,262667000.0,,2682062000.0,,,2609761000.0,210813000.0,2398948000.0,2398948000.0,5705441000.0,849106000.0,90100000.0,228948000.0,228948000.0,,,,530058000.0,4856335000.0,64036000.0,3051928000.0,3051928000.0,-11679000.0,3063607000.0,1740371000.0,1118545000.0,,,262667000.0,,,,,,530058000.0,,,,,,,,892145000.0,226400000.0,,0.0,,,,,,621826000.0,,,,,,,,,,,,,,,,,,,,,,,,,,,,,,,,,,,,,,,,,,-66466000.0,165114000.0,-231580000.0,,,229660000.0,-386250000.0,,-61773000.0,1118545000.0,1369463000.0,,-250918000.0,-409762000.0,-409762000.0,-31452000.0,-386250000.0,-386250000.0,,,,-132589000.0,-132589000.0,-59113000.0,,-2660000.0,291433000.0,291433000.0,82939000.0,,-13854000.0,,-205561000.0,-234666000.0,-234666000.0,282336000.0,282336000.0,5086000.0,128253000.0,492000.0,,,23985000.0,23985000.0,,50678000.0,,,,,-59113000.0,,,,,,,,,,-4350000.0,,,,,7940000.0,-4350000.0,20018000.0,,,,,,,,,,,,,,,29105000.0,,,,,,,,,,,,,,,,,,,,,,,,,,,392414.245932,0.331151,98945000.0,1185000.0,1185000.0,50678000.0,23985000.0,142839000.0,100130000.0,76145000.0,20132000.0,376000.0,20508000.0,49885414.245932,50678000.0,561569000.0,54452000.0,502944000.0,494927000.0,0.1,0.1,50678000.0,50678000.0,50678000.0,50678000.0,50678000.0,25091000.0,75769000.0,1185000.0,,,,20132000.0,376000.0,20508000.0,54452000.0,418730000.0,,,,132402000.0,286328000.0,152743000.0,133585000.0,133585000.0,473182000.0,142839000.0,616021000.0,616021000.0,,,,,-20132000.0,,1185000.0,,,,,,,,,,,
TTD,2025-06-30,2025Q2,,,343549000.0,,72414000.0,72414000.0,,,579284000.0,,,,,,,,489898494.0,489898494.0,,343549000.0,2695833000.0,2695833000.0,2104731000.0,2695833000.0,2695833000.0,2695833000.0,2695833000.0,2695833000.0,,,,-162356000.0,2858189000.0,0.0,0.0,3261976000.0,312992000.0,41857000.0,,,271135000.0,,2948984000.0,,,2876570000.0,152477000.0,2724093000.0,2724093000.0,5957809000.0,904094000.0,95862000.0,228948000.0,228948000.0,,,,579284000.0,5053715000.0,111546000.0,3254908000.0,3254908000.0,-12338000.0,3267246000.0,1687261000.0,896387000.0,,,271135000.0,,,,,,579284000.0,,,,,,,,644764000.0,251623000.0,,0.0,,,,,,790874000.0,,,,,,,,,,,,,,,,,,,,,,,,,,,,,,,,,,,,,,,,,,-165248000.0,181006000.0,-346254000.0,,,116695000.0,-260843000.0,,-48318000.0,896387000.0,1118545000.0,,-222158000.0,-173605000.0,-173605000.0,-25596000.0,-260843000.0,-260843000.0,,,,-213566000.0,-213566000.0,-45239000.0,,-3079000.0,165013000.0,165013000.0,-96658000.0,,-17697000.0,,161641000.0,214827000.0,214827000.0,-202303000.0,-202303000.0,15268000.0,128885000.0,685000.0,,,26704000.0,26704000.0,,90129000.0,,,,,-45239000.0,,,,,,,,,,0.0,,,,,38595000.0,0.0,-38299000.0,,,,,,,,,,,,,,,-53186000.0,,,,,,,,,,,,,,,,,,,,,,,,,,,-520934.467459,0.323361,145092000.0,-1611000.0,-1611000.0,90129000.0,26704000.0,150980000.0,143481000.0,116777000.0,18035000.0,,18035000.0,91219065.532541,90129000.0,577262000.0,116777000.0,495776000.0,490631000.0,0.18,0.18,90129000.0,90129000.0,90129000.0,90129000.0,90129000.0,43072000.0,133201000.0,-1611000.0,,,,18035000.0,,18035000.0,116777000.0,426282000.0,,,,134251000.0,292031000.0,161131000.0,130900000.0,130900000.0,543059000.0,150980000.0,694039000.0,694039000.0,,,,,,,-1611000.0,,,,,,,,,,,
TTD,2025-09-30,2025Q3,,,375977000.0,,73129000.0,73129000.0,,,609611000.0,,,,,,,,484728936.0,484728936.0,,375977000.0,2600786000.0,2600786000.0,2125515000.0,2600786000.0,2600786000.0,2600786000.0,2600786000.0,2600786000.0,,,,-364445000.0,2965231000.0,0.0,0.0,3339615000.0,344844000.0,41996000.0,,,302848000.0,,2994771000.0,,,2921642000.0,160381000.0,2761261000.0,2761261000.0,5940401000.0,820115000.0,99990000.0,110514000.0,110514000.0,,,,609611000.0,5120286000.0,196501000.0,3478338000.0,3478338000.0,-12210000.0,3490548000.0,1445447000.0,653134000.0,,,302848000.0,,,,,,609611000.0,,,,,,,,410301000.0,242833000.0,,0.0,,,,,,792313000.0,,,,,,,,,,,,,,,,,,,,,,,,,,,,,,,,,,,,,,,,,,2917000.0,251293000.0,-248376000.0,,,154996000.0,-310447000.0,,-69690000.0,653134000.0,896387000.0,,-243253000.0,-401166000.0,-401166000.0,-22678000.0,-310447000.0,-310447000.0,,,,-66773000.0,-66773000.0,-66336000.0,,-3354000.0,224686000.0,224686000.0,-180835000.0,,-15959000.0,,137503000.0,140220000.0,140220000.0,-229086000.0,-229086000.0,17039000.0,121316000.0,321000.0,,,33135000.0,33135000.0,,115547000.0,,,,,-66336000.0,,,,,,,,,,0.0,,,,,6198000.0,0.0,-73293000.0,,,,,,,,,,,,,,,-2717000.0,,,,,,,,,,,,,,,,,,,,,,,,,,,644997.576858,0.356352,192544000.0,1810000.0,1810000.0,115547000.0,33135000.0,162154000.0,194354000.0,161219000.0,16490000.0,,16490000.0,114381997.576858,115547000.0,578214000.0,161219000.0,492984000.0,487729000.0,0.23,0.24,115547000.0,115547000.0,115547000.0,115547000.0,115547000.0,63972000.0,179519000.0,1810000.0,,,,16490000.0,,16490000.0,161219000.0,416060000.0,,,,127893000.0,288167000.0,156830000.0,131337000.0,131337000.0,577279000.0,162154000.0,739433000.0,739433000.0,,,,,,,1810000.0,,,,,,,,,,,
TTD,2025-12-31,2025Q4,,,436330000.0,,76355000.0,76355000.0,,-262213000.0,1001074000.0,213978000.0,117857000.0,327197000.0,0.0,,,,475923000.0,475923000.0,,436330000.0,2464462000.0,2484391000.0,1995007000.0,2464462000.0,2484391000.0,2484391000.0,2484391000.0,2484391000.0,,,,-590912000.0,3075303000.0,0.0,0.0,3668829000.0,402832000.0,42857000.0,,,359975000.0,,3265997000.0,,,3189642000.0,181991000.0,3007651000.0,3007651000.0,6153220000.0,892216000.0,77726000.0,55700000.0,55700000.0,19929000.0,19929000.0,,738861000.0,5261004000.0,187753000.0,3770194000.0,3770194000.0,-12199000.0,3782393000.0,1303057000.0,658175000.0,,,359975000.0,,,,,,342042000.0,,,,,,,,417259000.0,240916000.0,,0.0,,,,,,644882000.0,,,,,,,,,,,,,,,,,,,,,,,,,,,,,,,,,,,,,,,,,,150278000.0,278341000.0,-128063000.0,,,281607000.0,-422882000.0,,-29982000.0,658175000.0,653134000.0,,5041000.0,-426844000.0,-426844000.0,-17928000.0,-422882000.0,-422882000.0,,,,120296000.0,120296000.0,-26323000.0,,-3659000.0,311589000.0,311589000.0,-80575000.0,,-16314000.0,,204416000.0,170692000.0,170692000.0,-283665000.0,-283665000.0,13052000.0,112173000.0,,49527000.0,49527000.0,31960000.0,31960000.0,,186950000.0,,,,,-26323000.0,,,,,,,,,,0.0,,,,,13966000.0,0.0,14988000.0,,,,,,,,,,,,,,,33724000.0,,,,,,,,,,,,,,,,,,,,,,,,,,,-205618.805177,0.308274,289500000.0,-667000.0,-667000.0,186950000.0,31960000.0,163094000.0,288833000.0,256873000.0,14060000.0,,14060000.0,187411381.194823,186950000.0,589918000.0,256873000.0,482725000.0,479994000.0,0.39,0.39,186950000.0,186950000.0,186950000.0,186950000.0,186950000.0,83316000.0,270266000.0,-667000.0,,,,14060000.0,,14060000.0,256873000.0,426824000.0,,,,130595000.0,296229000.0,173596000.0,122633000.0,122633000.0,683697000.0,163094000.0,846791000.0,846791000.0,,,,,,,-667000.0,,,,,,,,,,,
TTD,2026-03-31,2026Q1,,,423575000.0,,77505000.0,77505000.0,,,715670000.0,,,,,,,,470097769.0,470097769.0,,423575000.0,2453486000.0,2453486000.0,1971221000.0,2453486000.0,2453486000.0,2453486000.0,2453486000.0,2453486000.0,,,,-724950000.0,3178436000.0,0.0,0.0,3280898000.0,390456000.0,44386000.0,,,346070000.0,,2890442000.0,,,2812937000.0,179907000.0,2633030000.0,2633030000.0,5734384000.0,872721000.0,101351000.0,55700000.0,55700000.0,,,,715670000.0,4861663000.0,132075000.0,3323673000.0,3323673000.0,-16225000.0,3339898000.0,1405915000.0,878377000.0,,,346070000.0,,,,,,715670000.0,,,,,,,,543741000.0,334636000.0,,0.0,,,,,,527538000.0,,,,,,,,,,,,,,,,,,,,,,,,,,,,,,,,,,,,,,,,,,116236000.0,238297000.0,-122061000.0,,,276035000.0,-163514000.0,,-115770000.0,878377000.0,658175000.0,,220202000.0,-172069000.0,-172069000.0,-10649000.0,-163514000.0,-163514000.0,,,,466000.0,466000.0,-112741000.0,,-3029000.0,391805000.0,391805000.0,182363000.0,,-17117000.0,,-288336000.0,-279385000.0,-279385000.0,429285000.0,429285000.0,24942000.0,109046000.0,4026000.0,,,31431000.0,31431000.0,,39997000.0,,,,,-112741000.0,,,,,,,,,,0.0,,,,,2094000.0,0.0,58531000.0,,,,,,,,,,,,,,,-8951000.0,,,,,,,,,,,,,,,,,,,,,,,,,,,-423200.0,0.4,111820000.0,-1058000.0,-1058000.0,39997000.0,31431000.0,181970000.0,110762000.0,79331000.0,13369000.0,373000.0,13742000.0,40631800.0,39997000.0,622210000.0,66647000.0,476883000.0,474663000.0,0.08,0.08,39997000.0,39997000.0,39997000.0,39997000.0,39997000.0,38961000.0,78958000.0,-1058000.0,,,,13369000.0,373000.0,13742000.0,66647000.0,440240000.0,,,,142720000.0,297520000.0,172179000.0,125341000.0,125341000.0,506887000.0,181970000.0,688857000.0,688857000.0,,,,,,,-1058000.0,,,,,,,,,,,
HP,2024-09-30,2024Q3,0.0,,76730000.0,,16997000.0,16997000.0,41040000.0,,,66842000.0,,,,8329000.0,51972000.0,,,,,,,,,,,,,,,,,,,,,,,,,,,,,32168000.0,32168000.0,,,,,,,,,,,,,,,4849000.0,,,,,,,,10123000.0,59733000.0,,,43359000.0,,,,,,,,,,11269000.0,,,,,,,,,,,,,69317000.0,,,7020000.0,,,,,,,,0.0,,18000.0,,,,,,,,28277000.0,,,,,,,,,,,,,,,,,,,,,,,,0.0,,,,,,,,,,0.0,0.0,,,,,,,,,,,,,,,,,,,,,,,,,,,,,,,,,,,,,,,,,,,,,-42042000.0,,,,,,,,,,,,,,,,,,,,,,,,,,,,,,,,,,,,,,,,,,,,,,,,,,,,,,,,,,,,,,,,,,,,,,,,,,,,,,,,,,,,,,,,,,,,,,,,,,,,,,,,,,,,,,,,,
HP,2024-12-31,2024Q4,,-5987000.0,,,,,,-4890748000.0,7967618000.0,,132367000.0,,7253076000.0,,70898000.0,13036022.0,99186843.0,112222865.0,1390495000.0,1781674000.0,2848581000.0,4728455000.0,789118000.0,2848581000.0,2946781000.0,4728455000.0,2946781000.0,2946781000.0,-5987000.0,,473181000.0,2913211000.0,501516000.0,11222000.0,11222000.0,2869840000.0,2434127000.0,166771000.0,485682000.0,485682000.0,1781674000.0,1781674000.0,435713000.0,,,435713000.0,261807000.0,173906000.0,148752000.0,5816621000.0,4591790000.0,1315068000.0,,,98200000.0,52547000.0,45653000.0,3076870000.0,1224831000.0,,426933000.0,426933000.0,-2720000.0,429653000.0,526496000.0,391179000.0,,,,,,,,,582175000.0,127288000.0,,,,,127288000.0,,,,,0.0,,101652000.0,,,,135317000.0,,,,,,,,,,,,,,,,,,,73216000.0,,,,,,,,,25154000.0,,,,,,,,,,,,,,146318000.0,242920000.0,-96602000.0,,,51873000.0,0.0,0.0,-106485000.0,1706519000.0,1528660000.0,0.0,177859000.0,-33150000.0,-33150000.0,-8129000.0,0.0,0.0,0.0,0.0,0.0,52651000.0,52651000.0,,,-106485000.0,158358000.0,158358000.0,-68000.0,,9328000.0,-7933000.0,13407000.0,4492000.0,4492000.0,-6404000.0,-6404000.0,2009000.0,6851000.0,,-9923000.0,-9923000.0,99080000.0,99080000.0,,54772000.0,5637000.0,,,-25021000.0,,,,,,,,,,,,,,0.0,4284000.0,,,1034000.0,13367000.0,,12818000.0,,,,,,,,,-9403000.0,,0.0,8915000.0,-9500000.0,,,,,,,,,,,,,,,,,,,,,,,,,0.0,-4832791.0,0.283,214874000.0,-17077000.0,-17077000.0,54772000.0,99080000.0,509996000.0,197797000.0,98717000.0,-557000.0,22298000.0,21741000.0,67016209.0,54772000.0,583609000.0,90888000.0,99159000.0,98867000.0,0.54,0.55,54013000.0,54012000.0,54772000.0,54772000.0,54772000.0,21647000.0,76419000.0,-16717000.0,360000.0,-2805000.0,10535000.0,-557000.0,22298000.0,21741000.0,93693000.0,73613000.0,,,,9359000.0,63098000.0,,,,167306000.0,509996000.0,677302000.0,674613000.0,,0.0,760000.0,,,1156000.0,-14272000.0,,,,,7730000.0,,1000.0,,,,
HP,2025-03-31,2025Q1,117289000.0,1064000.0,,,6755000.0,,,-5003668000.0,9602679000.0,,239259000.0,,8647066000.0,,120971000.0,12807584.0,99415281.0,112222865.0,2065611000.0,2240374000.0,2079862000.0,5175348000.0,605623000.0,2079862000.0,2934974000.0,5168593000.0,3052263000.0,2934974000.0,1064000.0,,464901000.0,2889608000.0,497981000.0,11222000.0,11222000.0,4190000000.0,3302435000.0,314486000.0,646213000.0,646213000.0,2233619000.0,2233619000.0,887565000.0,,,880810000.0,582798000.0,298012000.0,272802000.0,7242263000.0,5749075000.0,162904000.0,,,855112000.0,511295000.0,343817000.0,4599011000.0,1493188000.0,,786343000.0,786343000.0,-16860000.0,803203000.0,195582000.0,174763000.0,,,,6755000.0,,,,,716354000.0,321620000.0,,,,,321620000.0,,,,,0.0,,132048000.0,,,,20819000.0,,,108117000.0,,6755000.0,,,,,,,,,,,,,,68672000.0,,,,,108117000.0,,,,25210000.0,,,,,,,,,,,,,,113789000.0,121158000.0,-7369000.0,,,-102703000.0,0.0,-25000000.0,-158749000.0,245054000.0,1706519000.0,6406000.0,-1467871000.0,344257000.0,344257000.0,-5436000.0,0.0,0.0,375000000.0,375000000.0,-25000000.0,-1868174000.0,-1868174000.0,,,-158749000.0,56046000.0,56046000.0,-54908000.0,,20220000.0,-9002000.0,-16096000.0,21870000.0,21870000.0,5074000.0,5074000.0,3404000.0,8098000.0,,-24390000.0,-24390000.0,157657000.0,157657000.0,,2986000.0,-38645000.0,,,-25307000.0,,,,,,,,,,,,,,14388000.0,96518000.0,,,-53501000.0,-27788000.0,,15638000.0,,,,,,,,,-9973000.0,,1844000.0,-37966000.0,-1603000.0,,,,,,,,,,,,,,,,,,,,,,,,,-1332000.0,192360.0,0.21,229527000.0,916000.0,916000.0,1654000.0,157657000.0,859314000.0,230443000.0,72786000.0,-21081000.0,28338000.0,7257000.0,930360.0,1654000.0,953022000.0,42163000.0,99381000.0,99360000.0,0.01,0.01,1250000.0,1250000.0,1654000.0,2986000.0,2986000.0,41462000.0,44448000.0,2512000.0,1596000.0,-20854000.0,29867000.0,-21081000.0,28338000.0,7257000.0,63017000.0,93708000.0,,,,9421000.0,80802000.0,,,,156725000.0,859314000.0,1016039000.0,1012394000.0,,1844000.0,404000.0,,,3485000.0,21770000.0,,,,,10857000.0,,0.0,,,,
HP,2025-06-30,2025Q2,102767000.0,9501000.0,,,6859000.0,,,-5117266000.0,9645635000.0,113902000.0,203822000.0,,8707584000.0,,116853000.0,12788576.0,99434289.0,112222865.0,2025621000.0,2191695000.0,2103606000.0,4955655000.0,680743000.0,2103606000.0,2763960000.0,4948796000.0,2866727000.0,2763960000.0,9501000.0,,464069000.0,2701649000.0,505657000.0,11222000.0,11222000.0,3995276000.0,3185507000.0,266435000.0,614633000.0,614633000.0,2184836000.0,2184836000.0,809769000.0,,,802910000.0,536842000.0,266068000.0,240864000.0,6862003000.0,5371491000.0,80320000.0,,,660354000.0,493795000.0,166559000.0,4528369000.0,1490512000.0,,782625000.0,782625000.0,-16803000.0,799428000.0,187399000.0,166074000.0,,,,6859000.0,,,,,620327000.0,329985000.0,,,,,329985000.0,,,,,0.0,,102448000.0,,,,21325000.0,,,119603000.0,,,,,,,,,,,14238000.0,,,,,59412000.0,,,,,119603000.0,,,,25204000.0,,,,,,,,,,,,,,31178000.0,40940000.0,-9762000.0,,,24598000.0,0.0,-48000000.0,-96998000.0,227126000.0,245054000.0,7916000.0,-25844000.0,-90453000.0,-90453000.0,-17247000.0,0.0,0.0,-48000000.0,-48000000.0,-48000000.0,-56987000.0,-56987000.0,,,-96998000.0,121596000.0,121596000.0,-46935000.0,,29174000.0,2325000.0,-71303000.0,-27470000.0,-27470000.0,3629000.0,3629000.0,5218000.0,7888000.0,,-30336000.0,-30336000.0,179491000.0,179491000.0,,-161899000.0,-5089000.0,0.0,0.0,-25206000.0,,,,,,,,,,,0.0,,,53336000.0,63829000.0,,0.0,-4325000.0,337000.0,,8833000.0,,,,,,,,,-6773000.0,,173258000.0,-43833000.0,-6435000.0,,,,,,,,,,,,,,,,,,,,,,,,,-859000.0,-40044690.0,0.21,266472000.0,-190689000.0,-190689000.0,-162758000.0,179491000.0,883715000.0,75783000.0,-103708000.0,-26344000.0,29200000.0,2856000.0,-12113690.0,-162758000.0,988057000.0,-128269000.0,99422000.0,99422000.0,-1.64,-1.64,-163103000.0,-163103000.0,-162758000.0,-161899000.0,-161899000.0,28991000.0,-132908000.0,-159431000.0,31258000.0,-181136000.0,13304000.0,-26344000.0,29200000.0,2856000.0,52867000.0,104342000.0,,,,7777000.0,65506000.0,,,,157209000.0,883715000.0,1040924000.0,1037876000.0,,173258000.0,345000.0,,,31059000.0,-9553000.0,,,,,5426000.0,,0.0,,,,
HP,2025-09-30,2025Q3,104548000.0,44964000.0,146080000.0,,42819000.0,35960000.0,39067000.0,-5265838000.0,9702510000.0,113877000.0,182942000.0,,8776560000.0,20291000.0,52522000.0,12776288.0,99446577.0,112222865.0,1867095000.0,2210023000.0,2056396000.0,4788733000.0,650639000.0,2056396000.0,2724790000.0,4781874000.0,2829338000.0,2724790000.0,44964000.0,,463536000.0,2619090000.0,513050000.0,11222000.0,11222000.0,3876400000.0,3061564000.0,25902000.0,654121000.0,624000000.0,2167204000.0,2057084000.0,814836000.0,59823000.0,59823000.0,673127000.0,344127000.0,329000000.0,217923000.0,6705738000.0,5240263000.0,66999000.0,,,668394000.0,485540000.0,182854000.0,4436672000.0,1465475000.0,15250000.0,792099000.0,752808000.0,-19647000.0,772455000.0,218344000.0,196848000.0,,30121000.0,110120000.0,6859000.0,,85878000.0,,,629131000.0,324326000.0,,,,,324326000.0,9455000.0,,,,0.0,,68198000.0,,,,21496000.0,,,214337000.0,,6859000.0,11871000.0,,,,,,,,15231000.0,,29836000.0,,,27412000.0,,21898000.0,,,132611000.0,,,,25199000.0,,,,,,,,,,,,,,-1295000.0,5325000.0,-6620000.0,,,142809000.0,0.0,-127000000.0,-64141000.0,225900000.0,227126000.0,-1351000.0,125000.0,-153993000.0,-153993000.0,-1792000.0,0.0,0.0,-127000000.0,-127000000.0,-127000000.0,-52832000.0,-52832000.0,,,-64141000.0,206950000.0,206950000.0,22133000.0,,2839000.0,3151000.0,-21961000.0,-20238000.0,-20238000.0,-50897000.0,-50897000.0,9477000.0,8757000.0,,-14012000.0,-14012000.0,188857000.0,188857000.0,,-55807000.0,28617000.0,0.0,0.0,-25201000.0,,,,,,,,,,,2780000.0,,,14571000.0,40987000.0,,2780000.0,98314000.0,36461000.0,,9824000.0,,,,,,,,,-7249000.0,,18928000.0,-1723000.0,-9313000.0,,,,,,,,,,,,,,,,,,,,,,,,,-1556000.0,-5472185.607037,0.100931,208974000.0,-54217000.0,-54217000.0,-57363000.0,188857000.0,883468000.0,154757000.0,-34100000.0,-24619000.0,27972000.0,3353000.0,-8618185.607037,-57363000.0,988999000.0,-1462000.0,99441000.0,99441000.0,-0.58,-0.58,-57658000.0,-57658000.0,-57363000.0,-55807000.0,-55807000.0,-6265000.0,-62072000.0,-60202000.0,-5985000.0,-24211000.0,13127000.0,-24619000.0,27972000.0,3353000.0,22749000.0,105531000.0,,,,7567000.0,77645000.0,,,,128280000.0,883468000.0,1011748000.0,953777000.0,,-14470000.0,295000.0,,,20319000.0,-30006000.0,,,,,-25554000.0,,0.0,,,,
HP,2025-12-31,2025Q4,99266000.0,42680000.0,,,6859000.0,,,-5008097000.0,9225468000.0,,171645000.0,,8308073000.0,,,12373377.0,99849488.0,112222865.0,1785978000.0,2033173000.0,1958941000.0,4636183000.0,740485000.0,1958941000.0,2603010000.0,4629324000.0,2702276000.0,2603010000.0,42680000.0,,447763000.0,2496928000.0,499943000.0,11222000.0,11222000.0,3756820000.0,3034968000.0,272738000.0,631121000.0,631121000.0,2026314000.0,2026314000.0,721852000.0,,,714993000.0,501264000.0,213729000.0,188312000.0,6459096000.0,4995170000.0,63192000.0,,,644069000.0,461493000.0,182576000.0,4217371000.0,1462337000.0,85030000.0,726819000.0,726819000.0,-20206000.0,747025000.0,268970000.0,247195000.0,,,,6859000.0,,,,,745750000.0,324814000.0,,,,,324814000.0,,,,,0.0,,70538000.0,,,,21775000.0,,,104795000.0,,,,,,,,,,,25820000.0,,,,,30884000.0,,,,,104795000.0,,,,25417000.0,,,,,,,,,,,,,,-1374000.0,16645000.0,-18019000.0,,,114864000.0,,-30000000.0,-67565000.0,279508000.0,225900000.0,-740000.0,54348000.0,-69788000.0,-69788000.0,-14550000.0,,,-30000000.0,-30000000.0,-30000000.0,-58293000.0,-58293000.0,,,-67565000.0,182429000.0,182429000.0,-17896000.0,,-7808000.0,3383000.0,-81727000.0,-28457000.0,-28457000.0,54484000.0,54484000.0,-1095000.0,9287000.0,,7182000.0,7182000.0,181919000.0,181919000.0,,-94931000.0,-5123000.0,,,-25238000.0,,,,,,,,,,,,,,36424000.0,17414000.0,,,14160000.0,-929000.0,,10646000.0,,,,,,,,,-6120000.0,,103086000.0,-53270000.0,-388000.0,,,,,,,,,,,,,,,,,,,,,,,,,-1775000.0,-21615720.0,0.21,226728000.0,-102932000.0,-102932000.0,-96706000.0,181919000.0,864699000.0,123796000.0,-58123000.0,-22849000.0,25607000.0,2758000.0,-15389720.0,-96706000.0,973049000.0,-59911000.0,99544000.0,99544000.0,-0.98,-0.98,-97160000.0,-97160000.0,-96706000.0,-94931000.0,-94931000.0,11201000.0,-83730000.0,-104858000.0,-1926000.0,-103888000.0,4996000.0,-22849000.0,25607000.0,2758000.0,43977000.0,108350000.0,,,,6646000.0,70444000.0,,,,152327000.0,864699000.0,1017026000.0,981125000.0,,103086000.0,454000.0,,,31260000.0,956000.0,,,,,4194000.0,,0.0,,,,
L360.F,2024-09-30,2024Q3,,,,,356000.0,356000.0,,,,,,,,,,,,,,,,,,,,,,,,,,,,,,,,,,,,,,,,,,,,,,,,,,,,,,,,,,,,,,,,,,,,,,,,,,,,,,,,,,,,,,,,0.0,,,,,,,,,,,,,,,,,,,,,,,,,,,,,,,,,,,,,,,,0.0,,0.0,,,,,,,,,,,,,,0.0,,0.0,0.0,,,,,,,,,,,,,,,,,,,,0.0,,,,,,,891000.0,0.0,0.0,,,,,,,,,,,,0.0,,,0.0,,1103000.0,0.0,,891000.0,,,,,,,,,,-5389000.0,,,0.0,,,,0.0,0.0,,,,,,,,,,,,,,,,,,,,,,,,,,5389000.0,5389000.0,,,,,,2069000.0,,2069000.0,,,,,82083976.0,74232140.0,0.09,0.1,,,,,,,,,,0.0,,2069000.0,,2069000.0,,,,,,,,,,,,,,,,,,,,,5389000.0,,,,,,,,,,,
L360.F,2024-12-31,2024Q4,,44000.0,359000.0,1747000.0,,,3834000.0,-1036000.0,3498000.0,101000.0,362000.0,326000.0,0.0,1098000.0,11074000.0,,75404996.0,75404996.0,,359000.0,184297000.0,358545000.0,163651000.0,184297000.0,358545000.0,358545000.0,358545000.0,358545000.0,44000.0,,,-289698000.0,648124000.0,75000.0,75000.0,83035000.0,5697000.0,,5338000.0,,359000.0,,77338000.0,39860000.0,39860000.0,29080000.0,23617000.0,5463000.0,5463000.0,441580000.0,200591000.0,1221000.0,1049000.0,0.0,174248000.0,40574000.0,133674000.0,2462000.0,240989000.0,,61522000.0,57997000.0,-394000.0,58391000.0,159238000.0,159238000.0,,5338000.0,359000.0,,,,0.0,,2026000.0,8057000.0,,,8033000.0,,24000.0,3525000.0,,,0.0,,,0.0,0.0,683000.0,,,,0.0,,,,,,,19762000.0,,,,,,,,,,,,,,2817000.0,,,,1849000.0,,,,,,,,,,,,,,,,,,,,10482000.0,,0.0,-1841000.0,160459000.0,160185000.0,,274000.0,-5208000.0,-5208000.0,-14197000.0,0.0,,0.0,0.0,0.0,-6841000.0,-6841000.0,-1124000.0,,,12323000.0,12323000.0,-11260000.0,1172000.0,-94000.0,,-5251000.0,-12491000.0,-12491000.0,-9447000.0,-9447000.0,1259000.0,11762000.0,,,,2804000.0,2804000.0,2804000.0,8498000.0,-1040000.0,0.0,0.0,,-1124000.0,,,,,,,,,,,,,0.0,63000.0,8989000.0,,-3371000.0,-1040000.0,,,-717000.0,,,,,,,0.0,,,0.0,7240000.0,5731000.0,,0.0,0.0,,,,,,,,,,,,,,,,,,,,,,,0.0,0.21,8521000.0,0.0,0.0,8498000.0,2804000.0,30023000.0,8521000.0,5717000.0,,,,8498000.0,8498000.0,109812000.0,5717000.0,,,,,1440000.0,8498000.0,8498000.0,8498000.0,8498000.0,-2217000.0,6281000.0,564000.0,564000.0,0.0,,,,,5717000.0,79789000.0,,,,29788000.0,50001000.0,33532000.0,16469000.0,16469000.0,85506000.0,30023000.0,115529000.0,102511000.0,0.0,,,,,,0.0,,,,,,,-7058000.0,,,,
L360.F,2025-03-31,2025Q1,,45000.0,263000.0,2041000.0,,,5566000.0,-1115000.0,4311000.0,86000.0,1263000.0,326000.0,0.0,1178000.0,14972000.0,,76418660.0,76418660.0,,263000.0,198617000.0,376280000.0,176075000.0,198617000.0,376280000.0,376280000.0,376280000.0,376280000.0,45000.0,,,-285320000.0,661479000.0,76000.0,76000.0,79142000.0,5108000.0,,4845000.0,,263000.0,,74034000.0,41757000.0,41757000.0,22847000.0,17635000.0,5212000.0,5212000.0,455422000.0,205313000.0,1503000.0,1000000.0,,177663000.0,43044000.0,134619000.0,3196000.0,250109000.0,,55536000.0,52009000.0,0.0,52009000.0,168852000.0,168852000.0,,4845000.0,263000.0,,,,,,2038000.0,9571000.0,,,9504000.0,,67000.0,3527000.0,,,,,,,,598000.0,,,,,,,,,,,19762000.0,,,,,,,,,,,,,,1823000.0,,,,2189000.0,,,,,,,,,,,,,,,,,,,,10538000.0,,,-1522000.0,170355000.0,160459000.0,,9896000.0,2183000.0,2183000.0,2183000.0,,,,,,-4347000.0,-4347000.0,-124000.0,,,12060000.0,12060000.0,-5408000.0,1457000.0,-96000.0,,-6665000.0,-139000.0,-139000.0,5648000.0,5648000.0,283000.0,9889000.0,339000.0,,,2946000.0,2946000.0,2946000.0,4378000.0,-367000.0,,,,-124000.0,,,,,,,,,,-2825000.0,,,,0.0,,-2825000.0,-4238000.0,-367000.0,,,-1398000.0,,,,,,,,,,,-6526000.0,-1514000.0,,,,,,,,,,,,,,,,,,,,,,,,,,0.0,0.21,5135000.0,,,4378000.0,2946000.0,20075000.0,5135000.0,2189000.0,,,,4378000.0,4378000.0,101435000.0,2189000.0,83445337.0,75699493.0,0.05,0.06,4378000.0,4378000.0,4378000.0,4378000.0,4378000.0,-214000.0,4164000.0,1975000.0,1975000.0,,,,,,2189000.0,81360000.0,,,,30403000.0,50957000.0,35308000.0,15649000.0,15649000.0,83549000.0,20075000.0,103624000.0,90781000.0,,,,,,,,,,,,,,,,,,
L360.F,2025-06-30,2025Q2,,-56000.0,165000.0,2259000.0,,,3652000.0,-1210000.0,4764000.0,86000.0,1802000.0,326000.0,0.0,1231000.0,14932000.0,,77516232.0,77516232.0,,309463000.0,189519000.0,675956000.0,448258000.0,189519000.0,366658000.0,675956000.0,366658000.0,366658000.0,-56000.0,,,-278314000.0,644950000.0,78000.0,78000.0,386921000.0,313970000.0,,4507000.0,,309463000.0,309298000.0,72951000.0,42833000.0,42833000.0,22498000.0,19532000.0,2966000.0,2966000.0,753579000.0,232370000.0,1518000.0,965000.0,,177139000.0,42520000.0,134619000.0,3554000.0,521209000.0,,62663000.0,58854000.0,-94000.0,58948000.0,432710000.0,432710000.0,,4507000.0,165000.0,,,,25387000.0,,2038000.0,9673000.0,,,9623000.0,,50000.0,3809000.0,,,25387000.0,,,31269000.0,5882000.0,512000.0,,,,,,,,,,,14762000.0,,0.0,,,,,,,,,,,,1709000.0,,,,3163000.0,,0.0,,,,,,,,,,,,,,,,,,10581000.0,,,-2742000.0,434228000.0,170355000.0,,263873000.0,278292000.0,278292000.0,-71278000.0,,,,,,-27742000.0,-27742000.0,-642000.0,,,13323000.0,13323000.0,-11033000.0,679000.0,-98000.0,,-3440000.0,-2446000.0,-2446000.0,-6854000.0,-6854000.0,492000.0,15229000.0,11000.0,,,3156000.0,3156000.0,3156000.0,7006000.0,-269000.0,,,,-642000.0,,,,,,,,,,0.0,,,,25000.0,,0.0,-1218000.0,-269000.0,,,-2100000.0,,,,,,,,,,,-994000.0,-102000.0,,,,,,,,,,,,,,,,,,,,,,,,,,266490.0,0.21,3879000.0,1269000.0,1269000.0,7006000.0,3156000.0,24880000.0,5148000.0,1992000.0,,,,6003490.0,7006000.0,113389000.0,1992000.0,84476048.0,76797385.0,0.08,0.09,7006000.0,7006000.0,7006000.0,7006000.0,7006000.0,-392000.0,6614000.0,4622000.0,3353000.0,0.0,,,,,1992000.0,88509000.0,,,,32258000.0,56251000.0,38873000.0,17378000.0,17378000.0,90501000.0,24880000.0,115381000.0,100848000.0,,,,,,,1269000.0,,,,,,,,,,,
L360.F,2025-09-30,2025Q3,,129000.0,67000.0,3382000.0,,,5185000.0,-1304000.0,4903000.0,86000.0,2029000.0,326000.0,0.0,1255000.0,16378000.0,,78268702.0,78268702.0,,309909000.0,216832000.0,701289000.0,475046000.0,216832000.0,391447000.0,701289000.0,391447000.0,391447000.0,129000.0,,,-268521000.0,659761000.0,78000.0,78000.0,396007000.0,314064000.0,,4155000.0,,309909000.0,309842000.0,81943000.0,46050000.0,46050000.0,25832000.0,16941000.0,8891000.0,8891000.0,787454000.0,230465000.0,1494000.0,946000.0,,174615000.0,39996000.0,134619000.0,3599000.0,556989000.0,,69488000.0,66062000.0,-94000.0,66156000.0,455733000.0,455733000.0,,4155000.0,67000.0,,,,26208000.0,,2038000.0,14135000.0,,,14092000.0,,43000.0,3426000.0,,,26208000.0,,,32090000.0,5882000.0,424000.0,,,,,,,,,,,14762000.0,,0.0,,,,,,,,,,,,1494000.0,,,,2959000.0,,0.0,,,,,,,,,,,,,0.0,,0.0,,,24608000.0,,,-1839000.0,457227000.0,434228000.0,,22999000.0,-1609000.0,-1609000.0,-22809000.0,0.0,,0.0,0.0,,-1839000.0,-1839000.0,-799000.0,,,26447000.0,26447000.0,-2498000.0,2791000.0,-100000.0,,7815000.0,6125000.0,6125000.0,-7684000.0,-7684000.0,-21000.0,14867000.0,475000.0,,,4016000.0,4016000.0,4016000.0,9793000.0,,0.0,0.0,,-799000.0,,,,,,,,,,0.0,,,0.0,92000.0,21200000.0,0.0,-858000.0,,,,-1040000.0,,,,,,,-821000.0,,,,1690000.0,-4462000.0,,0.0,0.0,,,,,,,,,,,,,,,,,,,,,,,34302.054795,0.041781,8886000.0,821000.0,821000.0,9793000.0,4016000.0,27362000.0,9707000.0,5691000.0,4710000.0,,4710000.0,9006302.054795,9793000.0,118806000.0,5691000.0,85794178.0,77736272.0,0.11,0.13,9793000.0,9793000.0,9793000.0,9793000.0,9793000.0,427000.0,10220000.0,-181000.0,-1002000.0,0.0,,4710000.0,,4710000.0,5691000.0,91444000.0,,,,32410000.0,59034000.0,39024000.0,20010000.0,20010000.0,97135000.0,27362000.0,124497000.0,107612000.0,,,,,,,821000.0,,,,,,,,,,,
L360.F,2025-12-31,2025Q4,,48000.0,0.0,3905000.0,,,7121000.0,-1460000.0,4814000.0,86000.0,0.0,326000.0,0.0,1211000.0,17838000.0,,79359589.0,79359589.0,,310386000.0,375286000.0,858568000.0,509314000.0,375286000.0,548182000.0,858568000.0,548182000.0,548182000.0,48000.0,,,-138866000.0,686921000.0,79000.0,79000.0,411506000.0,314716000.0,,4330000.0,,310386000.0,310386000.0,96790000.0,46377000.0,46377000.0,37315000.0,28904000.0,8411000.0,8411000.0,959688000.0,353584000.0,1567000.0,127287000.0,126418000.0,172896000.0,38277000.0,134619000.0,3354000.0,606104000.0,,82927000.0,80715000.0,-94000.0,80809000.0,494261000.0,494261000.0,,4330000.0,0.0,,,,24726000.0,,4067000.0,9867000.0,,,9827000.0,,40000.0,2212000.0,,,24726000.0,,,30608000.0,5882000.0,335000.0,,,,,,,,,,,14762000.0,,,,,,,,,,,,,,2072000.0,,,,3110000.0,,,,,,,,,,,,,,,0.0,,0.0,,,35395000.0,,,-1405000.0,495828000.0,457227000.0,,38601000.0,3206000.0,3206000.0,-15544000.0,0.0,,0.0,0.0,,-1405000.0,-1405000.0,-227000.0,,,36800000.0,36800000.0,4370000.0,525000.0,-65000.0,,14662000.0,-480000.0,-480000.0,-14628000.0,-14628000.0,1814000.0,15475000.0,-26000.0,,,3559000.0,3559000.0,3559000.0,129655000.0,,0.0,0.0,,-227000.0,,,,,,,,,,0.0,,,0.0,776000.0,18750000.0,0.0,-392000.0,,,,-1178000.0,,,,,,,1481000.0,,,,15142000.0,4268000.0,,0.0,0.0,,,,,,,,,,,,,,,,,,,,,,,-343140.0,0.21,14300000.0,-1634000.0,-1634000.0,129655000.0,3559000.0,36322000.0,12666000.0,9107000.0,4666000.0,,4666000.0,130945860.0,129655000.0,136872000.0,8954000.0,,,,,129655000.0,129655000.0,129655000.0,129655000.0,129655000.0,-117994000.0,11661000.0,-2112000.0,-478000.0,-153000.0,,4666000.0,,4666000.0,9107000.0,100550000.0,,,,33338000.0,67212000.0,41758000.0,25454000.0,25454000.0,109657000.0,36322000.0,145979000.0,121828000.0,,,,,,,-1481000.0,,,,,,,,,,,
GPRO,2024-09-30,2024Q3,,,,,,,,,,,,,,,,26608000.0,,,,,,,,,,,,,,,,,,,,,,,,,,93053000.0,,,,,,,,,,,,,,,,,,,,,,,,,,,,,,,,,,,,,,,,,,,,,,,,,,0.0,,,,,,,,,,,,,,,,,,,,,,,6102000.0,,,,,,,,,,,,,,,,,,,,,0.0,,,,0.0,0.0,,,,,,,,,,0.0,0.0,,,,,,,,,,,,,,,,,,,,,,,,,,,,,0.0,,,,,,,,,,,,,,,,,,,,,,,,,,,,,,,,,,,,,,,,,,,,,,,,,,,,,,,,,,,,,,,,,,,,,,,,,,,,,,,,,,,,,,,,,,,,,,,,,,,,,,,,,,,,,,,,0.0,,,,,,,,,,,,,,,,
GPRO,2024-12-31,2024Q4,,,29003000.0,11173000.0,104144000.0,10936000.0,7401000.0,-78045000.0,101144000.0,23996000.0,156000.0,54355000.0,0.0,,,26608000.0,155454546.0,182062546.0,,122211000.0,-6615000.0,244897000.0,-17022000.0,-6615000.0,151689000.0,151689000.0,151689000.0,151689000.0,,,193231000.0,-681607000.0,,1026527000.0,1026527000.0,391989000.0,35722000.0,6034000.0,,,18067000.0,,356267000.0,58112000.0,58112000.0,175437000.0,89501000.0,85936000.0,85936000.0,543678000.0,204433000.0,14715000.0,765000.0,765000.0,158304000.0,5953000.0,152351000.0,23099000.0,339245000.0,29774000.0,85944000.0,85944000.0,,,102811000.0,102811000.0,11621000.0,,18067000.0,93208000.0,,,,,22637000.0,120716000.0,,,101309000.0,,19407000.0,,,,,0.0,,,,,,0.0,,,,,93208000.0,,,,,,,,,,,,,,,,,,4913000.0,,,,7550000.0,,,,,,,,,,,,,,,0.0,0.0,0.0,,,-25515000.0,0.0,,-416000.0,102811000.0,130195000.0,-1637000.0,-25747000.0,-232000.0,-232000.0,-232000.0,0.0,0.0,,,,-416000.0,-416000.0,-416000.0,,,-25099000.0,-25099000.0,2678000.0,1337000.0,,,-85969000.0,-85969000.0,-85969000.0,47037000.0,47037000.0,2423000.0,5199000.0,,12000.0,12000.0,1780000.0,1780000.0,,-37191000.0,,,,,-416000.0,,,,,,,,,,0.0,,,,,,0.0,5730000.0,,,,,,,,,,,,,,0.0,,34543000.0,,0.0,0.0,,,,,,,,,,,,,,,,,,,,,,,-244038.566449,0.060691,-32736000.0,-4021000.0,-4021000.0,-37191000.0,1780000.0,131181000.0,-36757000.0,-38537000.0,-1057000.0,1057000.0,,-33414038.566449,-37191000.0,235961000.0,-39100000.0,155091000.0,155091000.0,-0.24,-0.24,-37191000.0,-37191000.0,-37191000.0,-37191000.0,-37191000.0,-2403000.0,-39594000.0,-3458000.0,563000.0,-4021000.0,4021000.0,-1057000.0,1057000.0,,-35079000.0,104780000.0,,,,50025000.0,54755000.0,39095000.0,15660000.0,13162000.0,69701000.0,131181000.0,200882000.0,200882000.0,,,,,,,,,,,2498000.0,,,,,,,
GPRO,2025-03-31,2025Q1,,,27853000.0,9115000.0,129602000.0,11239000.0,7286000.0,-75717000.0,98094000.0,23996000.0,54000.0,51113000.0,0.0,,,26608000.0,157549215.0,184157215.0,48729000.0,146216000.0,-29255000.0,228343000.0,-38042000.0,-29255000.0,109980000.0,109980000.0,109980000.0,109980000.0,,,193231000.0,-728316000.0,,1031527000.0,1031527000.0,352530000.0,35639000.0,5755000.0,,,16614000.0,,316891000.0,56971000.0,56971000.0,113917000.0,59108000.0,54809000.0,54809000.0,462510000.0,183661000.0,13844000.0,693000.0,693000.0,139235000.0,5484000.0,133751000.0,22377000.0,278849000.0,36246000.0,76687000.0,76687000.0,,,69634000.0,69634000.0,13270000.0,,16614000.0,118363000.0,,,,,22931000.0,96282000.0,,,85553000.0,,10729000.0,,,,,0.0,,,,,,,,,,,118363000.0,,,,,,,,,,,,,,,,,,4116000.0,,,,7512000.0,,,,,,,,,,,,,,,0.0,0.0,,,,-58491000.0,,,-1305000.0,69634000.0,102811000.0,443000.0,-33620000.0,24871000.0,24871000.0,-503000.0,374000.0,,25000000.0,25000000.0,,-1305000.0,-1305000.0,-1305000.0,,,-57186000.0,-57186000.0,-36159000.0,-1784000.0,,,-63050000.0,-63050000.0,-63050000.0,9309000.0,9309000.0,-109000.0,5370000.0,,103000.0,103000.0,1718000.0,1718000.0,,-46709000.0,,25000000.0,25000000.0,,-1305000.0,,,,,,,,,,0.0,,,,,,0.0,-5068000.0,,,,,,,,,,,,,,18600000.0,,24434000.0,,374000.0,374000.0,,,,,,,25000000.0,25000000.0,,,,,,,,,,,,,,,-4256490.0,0.21,-22273000.0,-20269000.0,-20269000.0,-46709000.0,1718000.0,91159000.0,-42542000.0,-44260000.0,-797000.0,797000.0,,-30696490.0,-46709000.0,159247000.0,-45208000.0,156438000.0,156438000.0,-0.3,-0.3,-46709000.0,-46709000.0,-46709000.0,-46709000.0,-46709000.0,1652000.0,-45057000.0,-19321000.0,948000.0,-20269000.0,1669000.0,-797000.0,797000.0,,-24939000.0,68088000.0,,,,29557000.0,38531000.0,21899000.0,16632000.0,14330000.0,43149000.0,91159000.0,134308000.0,134308000.0,,18600000.0,,,,,,,,,2302000.0,,,,,,,
GPRO,2025-06-30,2025Q2,,,25154000.0,7804000.0,109760000.0,11242000.0,8692000.0,-76947000.0,97988000.0,24014000.0,843000.0,51541000.0,0.0,,,,158183095.0,184791095.0,39947000.0,123672000.0,-40851000.0,196433000.0,-53643000.0,-40851000.0,97915000.0,97915000.0,97915000.0,97915000.0,,,193231000.0,-744738000.0,,1035884000.0,1035884000.0,341075000.0,31964000.0,3011000.0,,,13912000.0,,309111000.0,54757000.0,54757000.0,128098000.0,66966000.0,61132000.0,61132000.0,438990000.0,183522000.0,12655000.0,686000.0,686000.0,138766000.0,5015000.0,133751000.0,21041000.0,255468000.0,28934000.0,83481000.0,83481000.0,,,58571000.0,58571000.0,15041000.0,,13912000.0,98518000.0,,,,,21590000.0,84482000.0,,,77964000.0,,6518000.0,,,,,0.0,,,,,,,,,,,98518000.0,,,,,,,,,,,,,,,,,,,,,,10374000.0,,,,,,,,,,,,,,,0.0,0.0,,,,8274000.0,,,-478000.0,58571000.0,69634000.0,784000.0,-11847000.0,-20121000.0,-20121000.0,-121000.0,0.0,,-20000000.0,,,-478000.0,-478000.0,-478000.0,,,8752000.0,8752000.0,17047000.0,-2099000.0,,,7183000.0,7183000.0,7183000.0,-6628000.0,-6628000.0,1546000.0,5116000.0,,-233000.0,-233000.0,1698000.0,1698000.0,,-16422000.0,,0.0,,,-478000.0,,,,,,,,,,0.0,,,,,,0.0,6791000.0,,,,,,,,,,,,,,0.0,,11800000.0,,0.0,0.0,,,,,,,-20000000.0,0.0,,,,,,,,,,,,,,,-150360.0,0.21,-11263000.0,-716000.0,-716000.0,-16422000.0,1698000.0,97980000.0,-11979000.0,-13677000.0,-1436000.0,1436000.0,,-15856360.0,-16422000.0,165934000.0,-14007000.0,157843000.0,157843000.0,-0.1,-0.1,-16422000.0,-16422000.0,-16422000.0,-16422000.0,-16422000.0,1309000.0,-15113000.0,-386000.0,330000.0,-716000.0,716000.0,-1436000.0,1436000.0,,-13291000.0,67954000.0,,,,30503000.0,37451000.0,24308000.0,13143000.0,10948000.0,54663000.0,97980000.0,152643000.0,152643000.0,,0.0,,,,,,,,,2195000.0,,,,,,,
GPRO,2025-09-30,2025Q3,,,22545000.0,6923000.0,150347000.0,11884000.0,7451000.0,-78111000.0,97677000.0,24014000.0,411000.0,52450000.0,0.0,,,26608000.0,159728546.0,186336546.0,123948000.0,204924000.0,-57803000.0,262873000.0,-20321000.0,-57803000.0,80494000.0,124410000.0,80494000.0,80494000.0,,,193231000.0,-765990000.0,,1039715000.0,1039715000.0,458114000.0,79023000.0,8389000.0,,,54577000.0,43916000.0,379091000.0,53345000.0,53345000.0,161025000.0,83189000.0,77836000.0,77836000.0,538608000.0,179838000.0,11082000.0,687000.0,687000.0,138297000.0,4546000.0,133751000.0,19566000.0,358770000.0,34547000.0,87388000.0,87388000.0,,,58431000.0,58431000.0,16057000.0,,10661000.0,138463000.0,,,,,20802000.0,84064000.0,,,79555000.0,,4509000.0,,,,,0.0,,,,,,,,,,,138463000.0,,,,,,,,,,,,,,94340000.0,,,,,,,,10206000.0,,,,,,,,,,,,,,,0.0,0.0,,,,11228000.0,,-2601000.0,-934000.0,152771000.0,58571000.0,-113000.0,94313000.0,83085000.0,83085000.0,-2820000.0,332000.0,,85573000.0,,,-934000.0,-934000.0,-934000.0,,,12162000.0,12162000.0,25573000.0,-755000.0,,,33602000.0,33602000.0,33602000.0,-3869000.0,-3869000.0,1400000.0,4663000.0,,-22000.0,-22000.0,1800000.0,1800000.0,,-21252000.0,,88174000.0,,,-934000.0,,,,,,,,,,0.0,,,,,,0.0,-3823000.0,,,,,,,,,,,,,,0.0,,418000.0,,332000.0,332000.0,,,,,,,,,,,,,,,,,,,,,,,-13440.0,0.21,-15902000.0,-64000.0,-64000.0,-21252000.0,1800000.0,105751000.0,-15966000.0,-17766000.0,-2715000.0,2715000.0,,-21201440.0,-21252000.0,178739000.0,-15885000.0,158933000.0,158933000.0,-0.13,-0.13,-21252000.0,-21252000.0,-21252000.0,-21252000.0,-21252000.0,771000.0,-20481000.0,-1945000.0,-1881000.0,-64000.0,64000.0,-2715000.0,2715000.0,,-15821000.0,72988000.0,,,,34603000.0,38385000.0,24117000.0,14268000.0,12416000.0,57167000.0,105751000.0,162918000.0,162918000.0,,0.0,,,,,,,,,1852000.0,,,,,,,
GPRO,2025-12-31,2025Q4,,,19398000.0,8771000.0,31667000.0,12069000.0,8255000.0,-75728000.0,92769000.0,24014000.0,132000.0,48853000.0,0.0,,,26608000.0,162314676.0,188922676.0,14246000.0,83318000.0,-61279000.0,140470000.0,-24602000.0,-61279000.0,76550000.0,120872000.0,76550000.0,76550000.0,,,193231000.0,-775094000.0,,1044875000.0,1044875000.0,351433000.0,74262000.0,9067000.0,,,51651000.0,44322000.0,277171000.0,53852000.0,53852000.0,174626000.0,77614000.0,97012000.0,97012000.0,427983000.0,175414000.0,9986000.0,581000.0,581000.0,137829000.0,4078000.0,133751000.0,17041000.0,252569000.0,30951000.0,93513000.0,93513000.0,,,49674000.0,49674000.0,13544000.0,,7329000.0,19598000.0,,,,,19770000.0,78431000.0,,,75877000.0,,2554000.0,,,,,0.0,,,,,,,,,,,19598000.0,,,,,,,,,,,,,,,,,,,,,,9977000.0,,,,,,,,,,,,,,,0.0,0.0,,,,14958000.0,,-119193000.0,-645000.0,49674000.0,152771000.0,-108000.0,-102989000.0,-117947000.0,-117947000.0,-754000.0,2000000.0,,-119193000.0,-119193000.0,-119193000.0,-645000.0,-645000.0,-645000.0,,,15603000.0,15603000.0,16068000.0,515000.0,,,11131000.0,11131000.0,11131000.0,-6109000.0,-6109000.0,1965000.0,4393000.0,,432000.0,432000.0,1849000.0,1849000.0,,-9104000.0,,0.0,0.0,,-645000.0,,,,,,,,,,0.0,,,,,,0.0,4898000.0,,,,,,,,,,,,,,0.0,,5633000.0,,2000000.0,2000000.0,,,,,,,,,,,,,,,,,,,,,,,-27126.887098,0.156803,-5271000.0,-173000.0,-173000.0,-9104000.0,1849000.0,137486000.0,-5444000.0,-7293000.0,-3504000.0,3504000.0,,-8958126.887098,-9104000.0,209741000.0,-8241000.0,161046000.0,161046000.0,-0.06,-0.06,-9104000.0,-9104000.0,-9104000.0,-9104000.0,-9104000.0,-1693000.0,-10797000.0,775000.0,948000.0,-173000.0,173000.0,-3504000.0,3504000.0,,-8068000.0,72255000.0,,,,32133000.0,40122000.0,26357000.0,13765000.0,11911000.0,64187000.0,137486000.0,201673000.0,201673000.0,,0.0,,,,,,,,,1854000.0,,,,,,,
PAYO,2024-09-30,2024Q3,,,,467000.0,,,,,,,,,,,,,,,,,,,,,,,,,,,,,,,,,,4990000.0,,,,,,,,,,,,,,,,,,,,,,,,,,,,,,,,13219000.0,,,,,,,,,,,,,,,,,,,,,,,,0.0,,,13219000.0,,,,,,,,,,,,,,,,,,,,,,,,,,,,,,,,,,,,,,,,,,,,,,,,,,,,,,,,,,,,,,,,,,,,,,,,,,,,,,,,,,,,,,,,,,,,,,,,,-48219000.0,0.0,,,,-8546000.0,-48219000.0,,14746000.0,,,,,,,,,,,,,,,,,,,,,,,,,,,,,,,,,,,,,,,,,,,,-14746000.0,-14746000.0,,,38058000.0,,,,,,,,,,374303470.0,357297824.0,0.11,0.12,,,,,,,,-14746000.0,,,,,,,,,,,,,,,,,145054000.0,38058000.0,,,,,,,,,-14746000.0,,,,,,,,,,,
PAYO,2024-12-31,2024Q4,,-12609000.0,21380000.0,,5735000.0,5735000.0,81482000.0,-42082000.0,77538000.0,8846000.0,,49289000.0,0.0,,54905000.0,35872339.0,360093249.0,395965588.0,,21380000.0,544615000.0,724790000.0,-31434000.0,544615000.0,724790000.0,724790000.0,724790000.0,724790000.0,-12609000.0,,193724000.0,105967000.0,821196000.0,3960000.0,3960000.0,7205590000.0,74514000.0,8021000.0,48803000.0,48803000.0,15645000.0,,7131076000.0,6964153000.0,6964153000.0,79706000.0,14704000.0,65002000.0,37302000.0,7930380000.0,830738000.0,572827000.0,41523000.0,41523000.0,180175000.0,102390000.0,77785000.0,35456000.0,7099642000.0,7356000.0,92833000.0,11937000.0,-382000.0,12319000.0,497467000.0,497467000.0,,,15645000.0,,23937000.0,3763000.0,,,19403000.0,,,,,,,80896000.0,,,,0.0,,,,,,,,0.0,2045000.0,,,3763000.0,,,,,,,1295000.0,,,,,,6445786000.0,,,,,2045000.0,,,,,,757000.0,,,,,,,,,,,,-160286000.0,63000000.0,-223286000.0,11088000.0,11088000.0,29609000.0,-17056000.0,-13219000.0,-16277000.0,5658210000.0,4898477000.0,-3697000.0,763430000.0,864705000.0,864705000.0,897176000.0,-40071000.0,-17056000.0,-13219000.0,-13219000.0,-13219000.0,-147161000.0,-147161000.0,-3740000.0,,-12537000.0,45886000.0,45886000.0,5905000.0,326395000.0,10025000.0,-16859000.0,263244000.0,263244000.0,-7777000.0,-247388000.0,1592000.0,,18614000.0,,-5543000.0,-5543000.0,13205000.0,13205000.0,2117000.0,18190000.0,3631000.0,0.0,0.0,,-3740000.0,,,,,,,,,,1000.0,0.0,,,,20819000.0,1000.0,,0.0,,29401000.0,,,,,,,,,,,461000.0,,,3631000.0,,,,,,,,,,,,,,,,,,,,,,,,,0.0,0.305884,-17745000.0,0.0,0.0,18190000.0,13205000.0,43582000.0,-17745000.0,-31411000.0,57617000.0,,57617000.0,18190000.0,18190000.0,232555000.0,29184000.0,,,,,18190000.0,18190000.0,18190000.0,18190000.0,18190000.0,8016000.0,26206000.0,0.0,,,,57617000.0,,57617000.0,-31411000.0,232555000.0,13666000.0,13666000.0,,40384000.0,92251000.0,59024000.0,33227000.0,33227000.0,158023000.0,43121000.0,201144000.0,198233000.0,,,,,,86254000.0,0.0,,,,,,,,,,,
PAYO,2025-03-31,2025Q1,,-3859000.0,21888000.0,9009000.0,7208000.0,7208000.0,58590000.0,-44155000.0,81274000.0,8960000.0,,52308000.0,0.0,,41837000.0,37752648.0,362508704.0,400261352.0,,21888000.0,568277000.0,750731000.0,-18174000.0,568277000.0,750731000.0,750731000.0,750731000.0,750731000.0,-3859000.0,,210702000.0,126544000.0,834745000.0,4003000.0,4003000.0,6799431000.0,68436000.0,,51728000.0,51728000.0,14680000.0,,6730995000.0,6578390000.0,6578390000.0,77798000.0,14102000.0,63696000.0,32889000.0,7550162000.0,837341000.0,575779000.0,41249000.0,41249000.0,182454000.0,104669000.0,77785000.0,37119000.0,6712821000.0,12357000.0,71032000.0,9382000.0,-382000.0,9764000.0,524150000.0,524150000.0,,,14680000.0,,23164000.0,7643000.0,,,20006000.0,,,,,,,61650000.0,,,,0.0,,,,,,,,,2028000.0,,,7643000.0,,,,,,,76000.0,,,,,,6063369000.0,,,,,2028000.0,,,,,,740000.0,,,,,,,,,,,,-7468000.0,64500000.0,-71968000.0,12254000.0,12254000.0,32923000.0,-22153000.0,0.0,-20793000.0,5263372000.0,5658210000.0,1878000.0,-396716000.0,-402446000.0,-402446000.0,-380293000.0,-22153000.0,-22153000.0,0.0,0.0,0.0,-47986000.0,-47986000.0,-4726000.0,,-16067000.0,53716000.0,53716000.0,6652000.0,95590000.0,-781000.0,13357000.0,-19991000.0,-19991000.0,-2883000.0,2555000.0,2555000.0,-2568000.0,18755000.0,,-2279000.0,-2279000.0,14390000.0,14390000.0,2136000.0,20577000.0,-1811000.0,0.0,0.0,,-4726000.0,,,,,,,,,,,,,,,,,-84078000.0,,,-19725000.0,,,,,,,,,,,,,,-1811000.0,,,,,,,,,,,,,,,,,,,,,,,,,0.0,0.26,-14263000.0,,,20577000.0,14390000.0,39349000.0,-14263000.0,-28653000.0,56422000.0,,57972000.0,20577000.0,20577000.0,217298000.0,29319000.0,382215129.0,362979571.0,0.05,0.06,20577000.0,20577000.0,20577000.0,20577000.0,20577000.0,7192000.0,27769000.0,,,,,56422000.0,,57972000.0,-28653000.0,217298000.0,14390000.0,14390000.0,,37271000.0,84630000.0,54726000.0,29904000.0,29904000.0,149296000.0,39349000.0,188645000.0,186263000.0,,,,,1550000.0,81007000.0,,,,,,,,,,,,
PAYO,2025-06-30,2025Q2,,4648000.0,45882000.0,9119000.0,6567000.0,6567000.0,66616000.0,-46454000.0,109118000.0,9443000.0,,54891000.0,0.0,,42317000.0,42564814.0,362236351.0,404801165.0,,45882000.0,489180000.0,770905000.0,4364000.0,489180000.0,770905000.0,770905000.0,770905000.0,770905000.0,4648000.0,,243405000.0,146024000.0,859590000.0,4048000.0,4048000.0,7339523000.0,131357000.0,,89839000.0,81583000.0,39315000.0,,7208166000.0,7037593000.0,7033839000.0,88271000.0,13570000.0,74701000.0,42375000.0,8110428000.0,897898000.0,508068000.0,44644000.0,44644000.0,281725000.0,203940000.0,77785000.0,62664000.0,7212530000.0,6518000.0,68666000.0,13904000.0,-336000.0,14240000.0,497144000.0,497144000.0,,,39315000.0,,29575000.0,2751000.0,,,44784000.0,,,,,,,54762000.0,,,,0.0,,,,,,,,,2203000.0,,,2751000.0,,,,,,,5440000.0,,,,,,6592445000.0,,,,,2203000.0,,,,,,797000.0,,,,,,,,,,,,-10006000.0,191000000.0,-201006000.0,12993000.0,12993000.0,54181000.0,-27603000.0,0.0,-16504000.0,5657385000.0,5263372000.0,4167000.0,389846000.0,404686000.0,404686000.0,434472000.0,-27603000.0,-27603000.0,0.0,0.0,0.0,-85525000.0,-85525000.0,-2578000.0,,-13926000.0,70685000.0,70685000.0,24628000.0,96276000.0,4352000.0,-3358000.0,15016000.0,15016000.0,8826000.0,-4513000.0,-4513000.0,672000.0,20059000.0,,-5678000.0,-5678000.0,15553000.0,15553000.0,2560000.0,19480000.0,-4029000.0,0.0,0.0,,-2578000.0,,,,,,,,,,,,,,,,,-83145000.0,,,-25934000.0,,,,,,,,,,,,,,-4029000.0,,,,,,,,,,,,,,,,,,,,,,,,,0.0,0.35,45630000.0,,,19480000.0,15553000.0,40566000.0,45630000.0,30077000.0,58107000.0,227000.0,58334000.0,19480000.0,19480000.0,230537000.0,30077000.0,380632789.0,368770598.0,0.05,0.05,19480000.0,19480000.0,19480000.0,19480000.0,19480000.0,10370000.0,29850000.0,,,,,58107000.0,227000.0,58334000.0,-28257000.0,230537000.0,15553000.0,15553000.0,,37387000.0,94328000.0,57312000.0,37016000.0,37016000.0,161714000.0,40566000.0,202280000.0,200496000.0,,,,,,83269000.0,,,,,,,,,,,,
PAYO,2025-09-30,2025Q3,,-1266000.0,54426000.0,8272000.0,6555000.0,6555000.0,74814000.0,-46638000.0,115967000.0,12738000.0,,54452000.0,0.0,,38466000.0,49184557.0,358836004.0,408020561.0,,54426000.0,466812000.0,750487000.0,93077000.0,466812000.0,750487000.0,750487000.0,750487000.0,750487000.0,-1266000.0,,287978000.0,160147000.0,875504000.0,4080000.0,4080000.0,7454969000.0,146650000.0,,96467000.0,88043000.0,47871000.0,,7308319000.0,7126742000.0,7122912000.0,91936000.0,15078000.0,76858000.0,39676000.0,8205456000.0,804060000.0,400345000.0,49898000.0,49898000.0,283675000.0,205890000.0,77785000.0,69329000.0,7401396000.0,8730000.0,89409000.0,14351000.0,-339000.0,14690000.0,479448000.0,479448000.0,,,47871000.0,,34404000.0,2778000.0,,,48777000.0,,,,,,,75058000.0,,,,0.0,,,,,,,,,2312000.0,,,2778000.0,,,,,,,3772000.0,,,,,,6781571000.0,,,,,2312000.0,,,,,,813000.0,,,,,,,,,,,,-5850000.0,73000000.0,-78850000.0,13454000.0,13454000.0,35302000.0,-45273000.0,0.0,-18874000.0,5709604000.0,5657385000.0,-868000.0,53087000.0,34779000.0,34779000.0,82438000.0,-45273000.0,-45273000.0,0.0,0.0,0.0,-35868000.0,-35868000.0,-4981000.0,,-13893000.0,54176000.0,54176000.0,9233000.0,57656000.0,9515000.0,1442000.0,9251000.0,9251000.0,-3061000.0,-447000.0,-447000.0,-190000.0,17799000.0,,-3804000.0,-3804000.0,16140000.0,16140000.0,2686000.0,14123000.0,875000.0,0.0,0.0,,-4981000.0,,,,,,,,,,0.0,,,,,-2386000.0,0.0,-68184000.0,,,-11144000.0,,,,,,,,,,,,,,875000.0,,,,,,,,,,,,,,,,,,,,,,,,,0.0,0.21,52487000.0,,,14123000.0,16140000.0,42483000.0,52487000.0,36347000.0,53695000.0,5836000.0,59531000.0,14123000.0,14123000.0,234503000.0,36347000.0,377633523.0,368266611.0,0.04,0.04,14123000.0,14123000.0,14123000.0,14123000.0,14123000.0,16388000.0,30511000.0,,,,,53695000.0,5836000.0,59531000.0,-23184000.0,234503000.0,16140000.0,16140000.0,,39864000.0,95630000.0,59489000.0,36141000.0,36141000.0,168836000.0,42483000.0,211319000.0,209686000.0,,,,,,82869000.0,,,,,,,,,,,,
PAYO,2025-12-31,2025Q4,,-6277000.0,72333000.0,8453000.0,7249000.0,7249000.0,78567000.0,-40909000.0,135603000.0,21289000.0,,52057000.0,0.0,,32617000.0,63121771.0,348704315.0,411826086.0,,72333000.0,418589000.0,704427000.0,27196000.0,418589000.0,704427000.0,704427000.0,704427000.0,704427000.0,-6277000.0,,368867000.0,179159000.0,896294000.0,4118000.0,4118000.0,8252162000.0,168442000.0,,100452000.0,93232000.0,65084000.0,,8083720000.0,7894541000.0,7894541000.0,94910000.0,17428000.0,77482000.0,44611000.0,8956589000.0,845673000.0,407387000.0,56898000.0,56898000.0,285838000.0,208053000.0,77785000.0,94694000.0,8110916000.0,11512000.0,97767000.0,10412000.0,-501000.0,10913000.0,415537000.0,415537000.0,,,65084000.0,,28857000.0,4014000.0,,,62257000.0,,,,,,,87355000.0,,,,0.0,,,,,,,,,2906000.0,,,4014000.0,,,,,,,2852000.0,,,,,,7550631000.0,,,,,2906000.0,,,,,,856000.0,,,,,,,,,,,,-35429000.0,75000000.0,-110429000.0,14991000.0,14991000.0,23354000.0,-78572000.0,0.0,-31558000.0,6416707000.0,5709604000.0,135000.0,706968000.0,701022000.0,701022000.0,775643000.0,-78572000.0,-78572000.0,0.0,0.0,0.0,-48966000.0,-48966000.0,-14589000.0,,-16969000.0,54912000.0,54912000.0,15681000.0,77379000.0,4974000.0,4451000.0,2795000.0,2795000.0,4986000.0,3939000.0,3939000.0,-10104000.0,16491000.0,,-5644000.0,-5644000.0,17643000.0,17643000.0,2652000.0,19012000.0,-66000.0,0.0,0.0,,-14589000.0,,,,,,,,,,0.0,,,,,3951000.0,0.0,-77857000.0,,,18021000.0,,,,,,,,,,,,,,-66000.0,,,,,,,,,,,,,,,,,,,,,,,,,0.0,0.307597,48466000.0,,,19012000.0,17643000.0,,48466000.0,28924000.0,54311000.0,1466000.0,55777000.0,19012000.0,19012000.0,245769000.0,28924000.0,,,,,19012000.0,19012000.0,19012000.0,19012000.0,19012000.0,8446000.0,27458000.0,,,,,54311000.0,1466000.0,55777000.0,-26853000.0,245769000.0,19542000.0,19542000.0,,40901000.0,101967000.0,63623000.0,38344000.0,38344000.0,,,218916000.0,216968000.0,,,,,,83359000.0,,,,,,,,,,,,
ORCL,2024-08-31,2024Q3,,,,,,,,,,,,,,,,,,,,,,,,,,,,,,,,,,,,,,,3442000000.0,3442000000.0,,,,,,,,,,,,,,,,,,,,,,,,,,,,,,,,,,,,,,,,,,,,,,,,,,,,,,,,,,,,,,,,,,,,,,,,,,,,,,,,,,,,,,,,,,,,,,,,,,,,,,,,,,,,,,,,,,,,,,,,,,,,,,,,,,,130000000.0,,,,,,,,,,,,,,,,,,,,,,,,,,,,,,,,,,,,,,,,,,,,,,,,,,,,,,,,,,,,,,-396000000.0,,,,,,,,,,,,,,,,,,,,,,,,,,,,,,,,,,,,,,,,,,,,,,,,,,,,,,,,,,,,,,,,,,,,,,,,,,,,
ORCL,2024-11-30,2024Q4,,,,,,,,,,,,,,,,,,,,,,,,,,,,,,,,,,,,,,,2864000000.0,2864000000.0,,,,,,,,,,,,,,,,,,,,,,,,,,,,,,,,,,,,,,,,,,,,,,,,,,,,,,,,,,,,,,,,,,,,,,,,,,,,,,,,,,,,,,,,,,,,,,,,,,,,,,,,,,,,,,,,,,,,,,,,,,,,,,,,,,,168000000.0,,,,,,,,,,,,,,,,,,,,,,,,,,,,,,,,,,,,,,,,,,,,,,,,,,,,,,,,,,,,,,,,,,,,,,,,,,,,,,,,,,,,,,,,,2869000000.0,2790000000.0,1.1,1.13,,,,,,,,,,,,,,,,,,,,,,,,,,,,,,,,,,,,,,,,,,,,,,
ORCL,2025-02-28,2025Q1,531000000.0,-1593000000.0,,8175000000.0,8167000000.0,,1839000000.0,,,,,,,,,,2803000000.0,2803000000.0,78870000000.0,96276000000.0,-50572000000.0,113006000000.0,493000000.0,-50572000000.0,16730000000.0,104839000000.0,17261000000.0,16730000000.0,-1593000000.0,,,-17368000000.0,,35691000000.0,35691000000.0,144117000000.0,114494000000.0,14364000000.0,2208000000.0,2208000000.0,88109000000.0,88109000000.0,29623000000.0,9019000000.0,9019000000.0,2423000000.0,,2423000000.0,2423000000.0,161378000000.0,131262000000.0,20191000000.0,11799000000.0,11799000000.0,67302000000.0,5131000000.0,62171000000.0,31970000000.0,30116000000.0,4242000000.0,8051000000.0,8051000000.0,-556000000.0,8607000000.0,17823000000.0,17406000000.0,9813000000.0,,,8167000000.0,,,,,,,,,,,,,,,,0.0,,,,,,417000000.0,,,,,,,,,,,,,,,,,,,,,,,,,,,,,,,,,,,,,,,,,,-114000000.0,88000000.0,-202000000.0,548000000.0,548000000.0,71000000.0,-152000000.0,-71000000.0,-5862000000.0,17406000000.0,10941000000.0,-51000000.0,6516000000.0,6559000000.0,6559000000.0,-23000000.0,61000000.0,-152000000.0,7640000000.0,7640000000.0,-71000000.0,-5976000000.0,-5976000000.0,,,-5862000000.0,5933000000.0,5933000000.0,620000000.0,-419000000.0,,,973000000.0,973000000.0,510000000.0,139000000.0,139000000.0,124000000.0,1198000000.0,,-496000000.0,-496000000.0,1551000000.0,1551000000.0,1003000000.0,2936000000.0,124000000.0,7711000000.0,7711000000.0,-1119000000.0,,,,,,,,,,,0.0,,-1119000000.0,,,,0.0,-73000000.0,124000000.0,,,,,,,,463000000.0,463000000.0,,,,,,,,213000000.0,213000000.0,,,,,,,0.0,,,,,,,,,,,,,548000000.0,548000000.0,,-27767981.438515,0.148492,6078000000.0,-187000000.0,-187000000.0,2936000000.0,1551000000.0,3192000000.0,5891000000.0,4340000000.0,-757000000.0,892000000.0,135000000.0,3095232018.561485,2936000000.0,9681000000.0,4358000000.0,2874000000.0,2799000000.0,1.02,1.05,2936000000.0,2936000000.0,2936000000.0,2936000000.0,2936000000.0,512000000.0,3448000000.0,-244000000.0,-9000000.0,-91000000.0,91000000.0,-757000000.0,892000000.0,135000000.0,4449000000.0,5486000000.0,548000000.0,548000000.0,,2429000000.0,2509000000.0,2119000000.0,390000000.0,289000000.0,9935000000.0,4195000000.0,14130000000.0,14130000000.0,,,,,,,-96000000.0,-48000000.0,,,101000000.0,,,,,,,
ORCL,2025-05-31,2025Q2,518000000.0,-1175000000.0,11536000000.0,8629000000.0,7271000000.0,,2243000000.0,-16032000000.0,59554000000.0,,16510000000.0,30811000000.0,0.0,,,,2807000000.0,2807000000.0,81782000000.0,104104000000.0,-46343000000.0,113019000000.0,-8064000000.0,-46343000000.0,20451000000.0,105748000000.0,20969000000.0,20451000000.0,-1175000000.0,,,-15481000000.0,,37107000000.0,37107000000.0,147392000000.0,114749000000.0,7647000000.0,,,96833000000.0,85297000000.0,32643000000.0,9387000000.0,9387000000.0,5113000000.0,,5113000000.0,5113000000.0,168361000000.0,143782000000.0,21589000000.0,11877000000.0,11877000000.0,66794000000.0,4587000000.0,62207000000.0,43522000000.0,24579000000.0,4818000000.0,8558000000.0,8558000000.0,-557000000.0,9115000000.0,11203000000.0,10786000000.0,10269000000.0,,11536000000.0,7271000000.0,,,,,,,,,,,,,,,,0.0,,,,10881000000.0,1352000000.0,417000000.0,,,,,,,,,,,,,,,,,,,,,,,,,,,,,,,,,,,,,,,,,,-102000000.0,332000000.0,-434000000.0,544000000.0,544000000.0,-2923000000.0,-150000000.0,-6070000000.0,-9080000000.0,10786000000.0,17406000000.0,219000000.0,-6839000000.0,-3814000000.0,-3814000000.0,1391000000.0,-17000000.0,-150000000.0,-3785000000.0,-6070000000.0,-6070000000.0,-9182000000.0,-9182000000.0,,,-9080000000.0,6157000000.0,6157000000.0,29000000.0,119000000.0,,,588000000.0,588000000.0,25000000.0,-341000000.0,-341000000.0,245000000.0,1300000000.0,,-540000000.0,-540000000.0,1696000000.0,1696000000.0,1152000000.0,3427000000.0,,0.0,0.0,-1403000000.0,,,,,,,,,,,0.0,,-1403000000.0,,,,0.0,-337000000.0,,,,,,,,,563000000.0,563000000.0,,,,,,,,133000000.0,133000000.0,,,,,,,2285000000.0,,,,,,,,,,,,,544000000.0,544000000.0,,-30557562.620424,0.174615,7001000000.0,-175000000.0,-175000000.0,3427000000.0,1696000000.0,3589000000.0,6826000000.0,5130000000.0,-818000000.0,978000000.0,160000000.0,3571442437.379576,3427000000.0,10712000000.0,5109000000.0,,,,,3427000000.0,3427000000.0,3427000000.0,3427000000.0,3427000000.0,725000000.0,4152000000.0,-221000000.0,0.0,-82000000.0,82000000.0,-818000000.0,978000000.0,160000000.0,5191000000.0,5971000000.0,544000000.0,544000000.0,,2654000000.0,2773000000.0,2306000000.0,467000000.0,314000000.0,11162000000.0,4741000000.0,15903000000.0,15903000000.0,,,,,,,-93000000.0,-46000000.0,,,153000000.0,,,,,,,
ORCL,2025-08-31,2025Q3,512000000.0,-1170000000.0,14094000000.0,8700000000.0,9079000000.0,,1794000000.0,,,,,,,,,,2841000000.0,2841000000.0,80870000000.0,105409000000.0,-42224000000.0,115469000000.0,-15240000000.0,-42224000000.0,24154000000.0,106390000000.0,24666000000.0,24154000000.0,-1170000000.0,,,-14054000000.0,,39378000000.0,39378000000.0,155783000000.0,115909000000.0,8996000000.0,,,96330000000.0,82236000000.0,39874000000.0,12098000000.0,12098000000.0,8203000000.0,,8203000000.0,8203000000.0,180449000000.0,155815000000.0,24509000000.0,11734000000.0,11734000000.0,66378000000.0,4167000000.0,62211000000.0,53194000000.0,24634000000.0,4786000000.0,8843000000.0,8843000000.0,-526000000.0,9369000000.0,11005000000.0,10445000000.0,10583000000.0,,14094000000.0,9079000000.0,,,,,,,,,,,,,,,,0.0,,,,,,560000000.0,,,,,,,,,,,,,,,,,,,,,,,,,,,,,,,,,,,,,,,,,,-216000000.0,255000000.0,-471000000.0,420000000.0,420000000.0,-362000000.0,-112000000.0,-1290000000.0,-8502000000.0,10445000000.0,10786000000.0,27000000.0,-368000000.0,210000000.0,210000000.0,1855000000.0,1058000000.0,-112000000.0,-1290000000.0,-1052000000.0,-1052000000.0,-8718000000.0,-8718000000.0,,,-8502000000.0,8140000000.0,8140000000.0,1639000000.0,2550000000.0,,,-725000000.0,-725000000.0,-334000000.0,-245000000.0,-245000000.0,164000000.0,1124000000.0,,515000000.0,515000000.0,1771000000.0,1771000000.0,1351000000.0,2927000000.0,,0.0,0.0,-1413000000.0,,,,,,,,,,,,,-1413000000.0,,,,,59000000.0,,,,,,,,,-391000000.0,-391000000.0,,,,,,,,1170000000.0,1170000000.0,,,,,,,-238000000.0,,,,,,-238000000.0,,,,,,,420000000.0,420000000.0,,-72658301.721622,0.1459,6619000000.0,-498000000.0,-498000000.0,2927000000.0,1771000000.0,3533000000.0,6121000000.0,4350000000.0,-820000000.0,923000000.0,103000000.0,3352341698.278378,2927000000.0,10234000000.0,4277000000.0,2909000000.0,2826000000.0,1.01,1.04,2927000000.0,2927000000.0,2927000000.0,2927000000.0,2927000000.0,500000000.0,3427000000.0,-445000000.0,100000000.0,-415000000.0,415000000.0,-820000000.0,923000000.0,103000000.0,4692000000.0,5350000000.0,420000000.0,420000000.0,,2491000000.0,2439000000.0,2063000000.0,376000000.0,288000000.0,10042000000.0,4884000000.0,14926000000.0,14926000000.0,,,,,,,-83000000.0,-47000000.0,,,88000000.0,,,,,,,
ORCL,2025-11-30,2025Q4,506000000.0,-1271000000.0,16311000000.0,7677000000.0,8091000000.0,,1947000000.0,,,,,,,,,5543793997.0,2872573090.0,8416367087.0,88834000000.0,124386000000.0,-36016000000.0,138026000000.0,-3429000000.0,-36016000000.0,29951000000.0,129935000000.0,30457000000.0,29951000000.0,-1271000000.0,,,-9355000000.0,,40577000000.0,40577000000.0,174527000000.0,136732000000.0,9552000000.0,,,116295000000.0,99984000000.0,37795000000.0,9940000000.0,9940000000.0,10140000000.0,,10140000000.0,10140000000.0,204984000000.0,170618000000.0,25245000000.0,11531000000.0,11531000000.0,65967000000.0,3760000000.0,62207000000.0,67875000000.0,34366000000.0,5160000000.0,9440000000.0,9440000000.0,-539000000.0,9979000000.0,19766000000.0,19241000000.0,10885000000.0,,16311000000.0,8091000000.0,,,,,,,,,,,,,,,,0.0,,,,,,525000000.0,,,,,,,,,,,,,,,,,,,,,,,,,,,,,,,,,,,,,,,,,,4319000000.0,4482000000.0,-163000000.0,406000000.0,406000000.0,-9967000000.0,-92000000.0,-832000000.0,-12033000000.0,19241000000.0,10445000000.0,-43000000.0,8839000000.0,14487000000.0,14487000000.0,-2058000000.0,46000000.0,-92000000.0,17934000000.0,16810000000.0,-1070000000.0,-7714000000.0,-7714000000.0,,,-12033000000.0,2066000000.0,2066000000.0,-4761000000.0,-2083000000.0,,,-3249000000.0,-3249000000.0,-1032000000.0,-655000000.0,-655000000.0,,1156000000.0,,-183000000.0,-183000000.0,2110000000.0,2110000000.0,1704000000.0,6135000000.0,,17880000000.0,17880000000.0,-1435000000.0,,,,,,,,,,,,,-1435000000.0,,,,,1226000000.0,,,,,,,,,-2217000000.0,-2217000000.0,,,,,,,,138000000.0,138000000.0,,,,,,,1124000000.0,,,,,,,,,,,,,407000000.0,407000000.0,,66519394.512772,0.03264,7471000000.0,2038000000.0,2038000000.0,6135000000.0,2110000000.0,3671000000.0,9509000000.0,7399000000.0,-865000000.0,1057000000.0,192000000.0,4163519394.512772,6135000000.0,10900000000.0,4731000000.0,2922000000.0,2864000000.0,2.1,2.14,6135000000.0,6135000000.0,6135000000.0,6135000000.0,6135000000.0,207000000.0,6342000000.0,2049000000.0,57000000.0,-427000000.0,427000000.0,-865000000.0,1057000000.0,192000000.0,5158000000.0,5526000000.0,407000000.0,407000000.0,,2561000000.0,2558000000.0,2149000000.0,409000000.0,315000000.0,10684000000.0,5374000000.0,16058000000.0,16058000000.0,,,,,,,2465000000.0,-46000000.0,,,94000000.0,,,,,,,
ORCL,2026-02-28,2026Q1,556000000.0,-1277000000.0,18512000000.0,9555000000.0,9887000000.0,,1940000000.0,,,,,,,,,5543793997.0,2875000000.0,8418793997.0,96150000000.0,153117000000.0,-32374000000.0,168146000000.0,14137000000.0,-27420000000.0,33541000000.0,163213000000.0,39051000000.0,38495000000.0,-1277000000.0,,,-7092000000.0,,46864000000.0,41910000000.0,206189000000.0,165452000000.0,10820000000.0,,,143230000000.0,124718000000.0,40737000000.0,9881000000.0,9881000000.0,9474000000.0,,9474000000.0,9474000000.0,245240000000.0,190366000000.0,29474000000.0,11360000000.0,11360000000.0,65915000000.0,3641000000.0,62274000000.0,83617000000.0,54874000000.0,5023000000.0,10719000000.0,10719000000.0,-549000000.0,11268000000.0,39132000000.0,38455000000.0,11402000000.0,,18512000000.0,9887000000.0,,,,,,,,,,,,,,,,4954000000.0,,,,,,677000000.0,,,,,,,,,,,,,,,,,,,,,,,,,,,,,,,4954000000.0,,,,,,,,,,,-909000000.0,120000000.0,-1029000000.0,413000000.0,413000000.0,-11484000000.0,-2000000.0,-71000000.0,-18635000000.0,38455000000.0,19241000000.0,109000000.0,19105000000.0,31498000000.0,31498000000.0,-12000000.0,7000000.0,-2000000.0,27986000000.0,26593000000.0,-71000000.0,-19544000000.0,-19544000000.0,,,-18635000000.0,7151000000.0,7151000000.0,85000000.0,-217000000.0,,,1502000000.0,1502000000.0,545000000.0,-1301000000.0,-1301000000.0,,1328000000.0,,-627000000.0,-627000000.0,2566000000.0,2566000000.0,2153000000.0,3721000000.0,78000000.0,26664000000.0,26664000000.0,-1437000000.0,,,,,,,,,,,,,-1437000000.0,,,,,101000000.0,78000000.0,,,,,,,,957000000.0,957000000.0,,,,,,,,4963000000.0,9000000.0,,,,,,,1393000000.0,,,,,,,,,,,,,413000000.0,413000000.0,,-36355298.913043,0.157382,8393000000.0,-231000000.0,-231000000.0,3721000000.0,2566000000.0,3939000000.0,8162000000.0,5596000000.0,-984000000.0,1180000000.0,196000000.0,3915644701.086957,3721000000.0,11553000000.0,5464000000.0,2912000000.0,2874000000.0,1.27,1.29,3699000000.0,3699000000.0,3721000000.0,3721000000.0,3721000000.0,695000000.0,4416000000.0,-237000000.0,47000000.0,-173000000.0,173000000.0,-984000000.0,1180000000.0,196000000.0,5637000000.0,5461000000.0,413000000.0,413000000.0,,2607000000.0,2441000000.0,2052000000.0,389000000.0,295000000.0,11098000000.0,6092000000.0,17190000000.0,17190000000.0,,,,,,,-58000000.0,-53000000.0,,,94000000.0,,,,,,22000000.0,
COIN,2024-09-30,2024Q3,,,,,,,,,,,,,,,,,,,,,,,,,,,,,,,,,,,,,,,,,,,,,,,,,,,,,,,,,,,,,,,-20778000.0,,,,,,,,,,,,,,,,,,,,6087747000.0,1636059000.0,,,,,,,,,,,,,,,,,,,,,,,,,,,,,,,,,,,,,,,,,,,,,,,,,,,,,,,,,0.0,,,,,,,,,,,,,0.0,,,,,,,,,548293000.0,,,,,,,,,,,,,,,,,,,,,,,,,,,,,,,,,,0.0,31555000.0,,,,,,,,,,,,,,386751000.0,,,0.0,,,,,,,,,,,,,,,,,,,,,,,,,,,,,,,,,,,,,,,,,,,,,,,,,,,,,,,,,,0.0,0.0,,,,,,,,,,,,,,,,,,,0.0,,,,,,,,,,,,,,,,
COIN,2024-12-31,2024Q4,,,,,374268000.0,,,-184618000.0,,,,,,,,,,,,,,,,,,,,,,,,,,,,,,,,,,,,,,,,,,,,,,,,,,,,,,,,,,,,,,374268000.0,,,,,,,,,,,,,6607023000.0,1936880000.0,,,,,,,,,,,,,374268000.0,,,,,,,,,,,,,,,,,,,,,,,,,,,,,,,,,,,,,,,,,,,,0.0,,,,,,,,,,,,0.0,0.0,,,,,,,,,-458661000.0,,,,,,,,,,,,,,,,,,,0.0,,,,,,,,,,,,,,,35119000.0,-113107000.0,,,,,,,,,,,,,,0.0,,,18717000.0,,,,,,,,,,,,,,,,,,,,,,,,,,,,,,,,,,,,,,,,,,,,,,,,,,,,,,,,,,0.0,0.0,,,,,,,,,,,,,,,,,,,0.0,,,,,,,,,,,,14277000.0,,,,
COIN,2025-03-31,2025Q1,,-42092000.0,85050000.0,6271327000.0,,,,,302105000.0,,,218445000.0,,,109562000.0,,254589946.0,254589946.0,,4322140000.0,9268020000.0,14705330000.0,10520419000.0,9268020000.0,10468240000.0,14705330000.0,10468240000.0,10468240000.0,-42092000.0,,,5026509000.0,5483821000.0,2000.0,2000.0,11262766000.0,4329397000.0,7257000.0,,,4322140000.0,4237090000.0,6933369000.0,,,662042000.0,321654000.0,340388000.0,62515000.0,21731006000.0,4277218000.0,33550000.0,995529000.0,995529000.0,1200220000.0,46599000.0,1153621000.0,302105000.0,17453788000.0,104138000.0,768079000.0,146914000.0,,146914000.0,10148027000.0,8051169000.0,,,85050000.0,,150276000.0,127597000.0,,,83660000.0,,,,,,,125525000.0,6153826000.0,1897343000.0,,0.0,,1685260000.0,1685260000.0,,,2096858000.0,,,,,,127597000.0,,60554000.0,,,,,,,-27327000.0,5762000.0,517205000.0,,6323982000.0,,,,,,,,,,,,,,,,,,,,,,,-158317000.0,22247000.0,-180564000.0,,,852694000.0,0.0,-1026491000.0,,15505557000.0,15683456000.0,1655000.0,-179554000.0,-906913000.0,-906913000.0,-93638000.0,0.0,0.0,-831598000.0,0.0,,-125335000.0,-125335000.0,,,,852694000.0,852694000.0,-91081000.0,-1126502000.0,-12385000.0,-78696000.0,,,,,,115321000.0,190729000.0,,-54540000.0,-54540000.0,33333000.0,33333000.0,,65608000.0,593324000.0,194893000.0,0.0,,,,,,,,,,,,-16683000.0,,,,,18323000.0,-16683000.0,,593324000.0,,49665000.0,,,,,,,,,,,,,,,,,,,,,,,-831598000.0,194893000.0,,,,,-1026491000.0,,,,,,,,,,-128253908.411759,0.204327,763989000.0,-627689000.0,-627689000.0,65608000.0,33333000.0,499619000.0,136300000.0,102967000.0,-20511000.0,20511000.0,,565043091.588241,65608000.0,1294124000.0,705806000.0,271251000.0,253878000.0,0.24,0.26,65608000.0,65608000.0,65608000.0,65608000.0,65608000.0,16848000.0,82456000.0,-637204000.0,-9515000.0,,,-20511000.0,20511000.0,,740171000.0,794505000.0,,,,355368000.0,445036000.0,213827000.0,231209000.0,231209000.0,1534676000.0,499619000.0,2034295000.0,1936821000.0,,,0.0,,,-5899000.0,-627689000.0,,,,,,,0.0,,,,
COIN,2025-06-30,2025Q2,,-60000.0,169393000.0,6362851000.0,1266577000.0,,,,377745000.0,,,241776000.0,,,92578000.0,,256433000.0,256433000.0,,4409515000.0,10899959000.0,16335011000.0,9259718000.0,10899959000.0,12094889000.0,15068434000.0,12094889000.0,12094889000.0,-60000.0,,,6455409000.0,5639538000.0,2000.0,2000.0,11381149000.0,3150367000.0,7429000.0,,,3142938000.0,2973545000.0,8230782000.0,,,601354000.0,320115000.0,281239000.0,68518000.0,23476038000.0,5985538000.0,37669000.0,541354000.0,541354000.0,1194930000.0,41309000.0,1153621000.0,377745000.0,17490500000.0,271803000.0,1142621000.0,137525000.0,,137525000.0,9546635000.0,7539388000.0,,,169393000.0,1266577000.0,206257000.0,6464000.0,,,135969000.0,,,,,,,98294000.0,5980319000.0,1559069000.0,,0.0,,3772730000.0,3772730000.0,,,2007247000.0,,,,,1266577000.0,6464000.0,,61110000.0,,,,,,,-12823000.0,40823000.0,878802000.0,,6436863000.0,,,,,,,,,,,,,,,,,,,,,,,-237968000.0,40196000.0,-278164000.0,,,-706947000.0,,,,12634286000.0,15505557000.0,78190000.0,-1876447000.0,-378026000.0,-378026000.0,-1251861000.0,,,831598000.0,0.0,,-791474000.0,-791474000.0,,,,-706947000.0,-706947000.0,-945169000.0,90252000.0,,,,,,,,-66739000.0,196160000.0,,454511000.0,454511000.0,33901000.0,33901000.0,,1428900000.0,-1808511000.0,-194893000.0,0.0,,,,,,,,,,,,,,,,,42237000.0,,,-1834174000.0,,-570189000.0,,,,,,,,,,,,,,,,,,,,,,,,,,,,,,,,,,,,,,,404068973.0,0.217,16140000.0,1862069000.0,1862069000.0,1428900000.0,33901000.0,426219000.0,1878209000.0,1844308000.0,-20535000.0,20535000.0,,-29100027.0,1428900000.0,1530560000.0,-24650000.0,278913000.0,255188000.0,5.14,5.6,1432511000.0,1428900000.0,1428900000.0,1428900000.0,1428900000.0,394873000.0,1823773000.0,1877660000.0,15591000.0,,,-20535000.0,20535000.0,,-33352000.0,1104341000.0,,,,387322000.0,408994000.0,203926000.0,205068000.0,205068000.0,1070989000.0,426219000.0,1497208000.0,1420096000.0,,,0.0,,,308025000.0,1862069000.0,,,,,,,3611000.0,,,,
COIN,2025-09-30,2025Q3,,3538000.0,170108000.0,7085805000.0,1268081000.0,,,,399117000.0,,,262591000.0,,,69858000.0,,268736000.0,268736000.0,,7371636000.0,10601289000.0,23224752000.0,12903835000.0,10601289000.0,16023224000.0,21956671000.0,16023224000.0,16023224000.0,3538000.0,,,6887961000.0,9131722000.0,3000.0,3000.0,15328143000.0,6138789000.0,35234000.0,,,6103555000.0,5933447000.0,9189354000.0,,,835468000.0,406043000.0,429425000.0,85863000.0,31351367000.0,9258178000.0,52353000.0,324096000.0,324096000.0,5421935000.0,1417823000.0,4004112000.0,399117000.0,22093189000.0,201244000.0,1298844000.0,167004000.0,,167004000.0,13331921000.0,8676275000.0,,,170108000.0,1268081000.0,280218000.0,63344000.0,,,136526000.0,,,,,,,155488000.0,7041586000.0,1634689000.0,,0.0,,2999005000.0,2999005000.0,,,4655646000.0,,,,,1268081000.0,63344000.0,,61672000.0,,,,,,,-14069000.0,74203000.0,916218000.0,,7191322000.0,,,,,,,,,,,,,,,,,,,,,,,-57275000.0,163928000.0,-221203000.0,,,-784515000.0,,,,14305255000.0,12634286000.0,10023000.0,1660946000.0,3181035000.0,3181035000.0,196971000.0,,,2957135000.0,2957135000.0,,-735574000.0,-735574000.0,,,,-784515000.0,-784515000.0,-1474596000.0,,,,,,,,,-41752000.0,222069000.0,,86527000.0,86527000.0,50078000.0,50078000.0,,432552000.0,-59393000.0,2957135000.0,2957135000.0,,,,,,,,,,,,,,,,16689000.0,26929000.0,,,-23653000.0,,9335000.0,,,,,,,,,,,,,,,,,,,,,,,,,,,,,,,,,,,,,,,8255627.0,0.139,514602000.0,59393000.0,59393000.0,432552000.0,50078000.0,474496000.0,573995000.0,523917000.0,-21774000.0,21774000.0,,381414627.0,432552000.0,1423901000.0,480532000.0,291958000.0,262831000.0,1.5,1.65,437095000.0,432552000.0,432552000.0,432552000.0,432552000.0,69591000.0,502143000.0,79125000.0,19732000.0,,,-21774000.0,21774000.0,,444792000.0,949405000.0,,,,430585000.0,457540000.0,222963000.0,234577000.0,234577000.0,1394197000.0,474496000.0,1868693000.0,1792984000.0,,,0.0,,,61280000.0,59393000.0,,,,,,,4543000.0,,,,
COIN,2025-12-31,2025Q4,,4973000.0,172735000.0,6174311000.0,1721690000.0,,,-271509000.0,677713000.0,,,454324000.0,,,94886000.0,,267836000.0,267836000.0,,7831459000.0,9226297000.0,22451782000.0,11687163000.0,9226297000.0,14793058000.0,20730092000.0,14793058000.0,14793058000.0,4973000.0,,,6221228000.0,8566854000.0,3000.0,3000.0,14878774000.0,6177492000.0,67723000.0,,,6109769000.0,5937034000.0,8701282000.0,,,805281000.0,425235000.0,380046000.0,117605000.0,29671832000.0,9283387000.0,55514000.0,570819000.0,570819000.0,5566761000.0,1397794000.0,4168967000.0,406204000.0,20388445000.0,149383000.0,1725537000.0,177079000.0,,177079000.0,11914066000.0,11285452000.0,,,172735000.0,1721690000.0,196459000.0,65982000.0,,,223389000.0,,,,,,,133202000.0,,,,0.0,,2621856000.0,2621856000.0,,,628614000.0,,,,,1721690000.0,65982000.0,,62233000.0,,,,,,,-3162000.0,63726000.0,1354692000.0,,6504573000.0,,,,,,,,,,,,,,,,,,,,,,,45157000.0,530473000.0,-485316000.0,,,3065151000.0,,,,16893420000.0,14305255000.0,2982000.0,1512170000.0,-1155814000.0,-1155814000.0,-435296000.0,,,45764000.0,0.0,,-397167000.0,-397167000.0,,,,3065151000.0,3065151000.0,2479439000.0,,,,,,,,,55416000.0,230482000.0,,-248190000.0,-248190000.0,71116000.0,71116000.0,,-666733000.0,1143621000.0,626428000.0,0.0,,,,,,,,,,,,-54404000.0,,,,16869000.0,23913000.0,-54404000.0,,1133544000.0,,-387920000.0,,,,,,,,,,,,,,,,,,,,,,,,,,,,,,,,,,,,,,,-283321058.565486,0.24774,351023000.0,-1143621000.0,-1143621000.0,-666733000.0,71116000.0,417864000.0,-792598000.0,-863714000.0,-22593000.0,22593000.0,,193566941.434514,-666733000.0,1476595000.0,273753000.0,268267000.0,268267000.0,-2.49,-2.49,-661498000.0,-666733000.0,-666733000.0,-666733000.0,-666733000.0,-219574000.0,-886307000.0,-1168248000.0,-24627000.0,,,-22593000.0,22593000.0,,304534000.0,1058731000.0,,,,497330000.0,568681000.0,281632000.0,287049000.0,287049000.0,1363265000.0,417864000.0,1781129000.0,1710039000.0,,,0.0,,,-7280000.0,-1143621000.0,,,,,,,5235000.0,,,,
COIN,2026-03-31,2026Q1,,-13309000.0,188129000.0,6628475000.0,1835666000.0,,,,407352000.0,,,251121000.0,,,133172000.0,,263411114.0,263411114.0,,7964423000.0,7907201000.0,21256867000.0,10488920000.0,7907201000.0,13480573000.0,19421201000.0,13480573000.0,13480573000.0,-13309000.0,,,5827111000.0,7666768000.0,3000.0,3000.0,15368219000.0,6177329000.0,48572000.0,,,6128757000.0,5940628000.0,9190890000.0,,,726749000.0,409911000.0,316838000.0,112206000.0,28848792000.0,9168982000.0,44136000.0,647664000.0,647664000.0,5573372000.0,1364983000.0,4208389000.0,407352000.0,19679810000.0,137842000.0,1811360000.0,181345000.0,,181345000.0,10684382000.0,10205022000.0,,,188129000.0,1835666000.0,140939000.0,63693000.0,,,156231000.0,,,,,,,119178000.0,,,,0.0,,2433651000.0,2433651000.0,,,479360000.0,,,,,1835666000.0,63693000.0,,62807000.0,,,,,,,-4286000.0,70390000.0,1444733000.0,,6913054000.0,,,,,,,,,,,,,,,,,,,,,,,-152592000.0,147877000.0,-300469000.0,,,182744000.0,-1062234000.0,-101932000.0,,15934022000.0,16893420000.0,-38171000.0,-921227000.0,-864907000.0,-864907000.0,-112758000.0,-1062234000.0,-1062234000.0,291411000.0,,,-239064000.0,-239064000.0,,,,182744000.0,182744000.0,-156214000.0,,-130868000.0,-25346000.0,,,,,,58631000.0,248055000.0,,-77176000.0,-77176000.0,68006000.0,68006000.0,,-394117000.0,435559000.0,393343000.0,,,,,,,,,,,,,-22085000.0,,,,,18674000.0,-22085000.0,,435559000.0,,-64387000.0,,,,,,,,,,,,,,,,,,,,,,,291411000.0,393343000.0,,,,,-101932000.0,,,,,,,,,,-71500150.590159,0.151899,96580000.0,-470710000.0,-470710000.0,-394117000.0,68006000.0,428598000.0,-374130000.0,-442136000.0,-22569000.0,22569000.0,,5092849.409841,-394117000.0,1399252000.0,-21421000.0,264775000.0,264775000.0,-1.49,-1.49,-394117000.0,-394117000.0,-394117000.0,-394117000.0,-394117000.0,-70588000.0,-464705000.0,-455866000.0,14844000.0,,,-22569000.0,22569000.0,,13730000.0,970654000.0,,,,525648000.0,410081000.0,227348000.0,182733000.0,182733000.0,984384000.0,428598000.0,1412982000.0,1339348000.0,,,,,,34925000.0,-470710000.0,,,,,,,,,,,
ETOR,2024-09-30,2024Q3,,,,,,,,,,,,,,,,,,,,,,,,,,,,,,,,,,,,,,,,,,,,,,,,,,,,,,,,,,,,,,,,,,,,,,,,,,,,,,,,,,,,,,,,,,,,,,,,,,,,,,,,,,,,,,,,,,,,,,,,,,,,,,,,,,,,,,,0.0,,,,,,,,,,,,,,,0.0,,,,,,,,,,,,,,,,,,,,,,,,,,,,,,,,,,,,,,,,,,,,,,,,,,,,,,,,,,,,,,,,,,,,,0.0,0.0,,,,,,,,,,,,,,,,,,,,,,,,,,,,,,,,,,,,,,,,81915536.0,81915536.0,0.469996,0.469996,,,,,,,,,,,,,,,,,,,,,,,,,,,,,,,,,,,,,,,,,,,,,,
ETOR,2024-12-31,2024Q4,,1868000.0,48304000.0,,4758000.0,4758000.0,,-41358000.0,90771000.0,5359000.0,,21909000.0,0.0,,15891000.0,,81915536.0,81915536.0,,48304000.0,786029000.0,832375000.0,769759000.0,786029000.0,832375000.0,832375000.0,832375000.0,832375000.0,1868000.0,,2625000.0,-47447000.0,871488000.0,0.0,0.0,358987000.0,53420000.0,5653000.0,2968000.0,2968000.0,43546000.0,,305567000.0,,,300809000.0,142199000.0,158610000.0,4201000.0,1191362000.0,116036000.0,11630000.0,8647000.0,8647000.0,46346000.0,27668000.0,18678000.0,49413000.0,1075326000.0,120555000.0,80580000.0,3039000.0,,,640395000.0,575395000.0,,,43546000.0,,103493000.0,50916000.0,,,,,,,,,,61854000.0,,,,,,,,63503000.0,,65000000.0,9091000.0,,1253000.0,,,50916000.0,,,,,,,216912000.0,,,1011000.0,,,993000.0,,,,,,,,,,,,,14676000.0,,,,,,,,,,-65000000.0,,-65000000.0,,,65134000.0,,-1116000.0,-562000.0,575395000.0,586764000.0,-10020000.0,-1349000.0,-874000.0,-874000.0,,0.0,,-1116000.0,-1116000.0,-1116000.0,-66171000.0,-66171000.0,-359000.0,,,65696000.0,65696000.0,-23606000.0,-22000.0,,-52033000.0,24851000.0,-11065000.0,-11065000.0,3598000.0,,-639000.0,3313000.0,,32079000.0,32079000.0,3097000.0,3097000.0,12000.0,59184000.0,,,,,-359000.0,,,,,,,,,,,,,,,242000.0,,,,,,-203000.0,-203000.0,-3252000.0,,-24000.0,,,-4456000.0,,,,35916000.0,,,,,,,,,,,,,,,,,,,,,,,,,,,0.0,0.351501,103915000.0,,,59184000.0,3097000.0,5712293000.0,103915000.0,100818000.0,-7045000.0,9555000.0,4366000.0,59184000.0,59184000.0,5743880000.0,,,,,,59184000.0,59184000.0,59184000.0,59184000.0,59184000.0,32079000.0,91263000.0,,,,,-7045000.0,9555000.0,4366000.0,98592000.0,31587000.0,,,,31991000.0,-9431000.0,31578000.0,-41009000.0,-41009000.0,130179000.0,5712293000.0,5842472000.0,5842472000.0,,,,,,,,,,,,,,,,,,
ETOR,2025-03-31,2025Q1,,-361000.0,47387000.0,,4940000.0,4940000.0,,,48019000.0,,,,4965000.0,,,,81915536.0,81915536.0,,47387000.0,849101000.0,894665000.0,834966000.0,849101000.0,894665000.0,894665000.0,894665000.0,894665000.0,-361000.0,,2625000.0,12505000.0,876055000.0,0.0,0.0,361059000.0,58343000.0,7484000.0,7210000.0,7210000.0,42447000.0,,302716000.0,,,297776000.0,176718000.0,121058000.0,5768000.0,1255724000.0,118042000.0,11751000.0,12708000.0,12708000.0,45564000.0,,,48019000.0,1137682000.0,340603000.0,60700000.0,,,,736060000.0,660060000.0,,,42447000.0,,115290000.0,,,,48019000.0,,,,,,,60700000.0,,,,,,,,,,76000000.0,9091000.0,,1202000.0,,,,,,,,,,,,,,,,319000.0,,,,,,,,,,,,,,,,,,,,,,,-11000000.0,,-11000000.0,,,89153000.0,,-1147000.0,-579000.0,660060000.0,575395000.0,7379000.0,77286000.0,-867000.0,-867000.0,,,,-1147000.0,-1147000.0,-1147000.0,-11579000.0,-11579000.0,-522000.0,,,89732000.0,89732000.0,-33785000.0,-153000.0,,-6180000.0,-20423000.0,-670000.0,-670000.0,-7029000.0,,-1562000.0,4287000.0,,10589000.0,10589000.0,3011000.0,3011000.0,3011000.0,59952000.0,,,,,-522000.0,,,,,,,,,,,,,,,280000.0,,,,,,-57000.0,-57000.0,-5557000.0,967000.0,967000.0,,,51830000.0,,,,-19753000.0,,,,,,,,,,,,,,,,,,,,,,,,,,,0.0,0.150111,82711000.0,,,59952000.0,3011000.0,3528853000.0,82711000.0,79700000.0,-4478000.0,9159000.0,4681000.0,59952000.0,59952000.0,3676198000.0,,81915536.0,81915536.0,0.731876,0.731876,59952000.0,59952000.0,59952000.0,59952000.0,59952000.0,10589000.0,70541000.0,,,,,-4478000.0,9159000.0,4681000.0,75019000.0,147345000.0,,,,36621000.0,110724000.0,61222000.0,49502000.0,49502000.0,222364000.0,3528853000.0,3751217000.0,3751217000.0,,,,,,,,,,,,,,,,,,
ETOR,2025-06-30,2025Q2,,6832000.0,51248000.0,,5682000.0,5682000.0,,,47032000.0,,,,5147000.0,,,,81915536.0,81915536.0,,51248000.0,1273628000.0,1318681000.0,1267071000.0,1273628000.0,1318681000.0,1318681000.0,1318681000.0,1318681000.0,6832000.0,,0.0,42690000.0,1260068000.0,0.0,0.0,431193000.0,64256000.0,14967000.0,2356000.0,2356000.0,45566000.0,,366937000.0,,,361255000.0,212223000.0,149032000.0,3574000.0,1749874000.0,115866000.0,11485000.0,12296000.0,12296000.0,45053000.0,,,47032000.0,1634008000.0,373253000.0,72565000.0,,,,1187860000.0,987860000.0,,,45566000.0,,145458000.0,,,,47032000.0,,,,,,,72565000.0,,,,,,,,,,200000000.0,9091000.0,,1367000.0,,,,,,,,,,,,,,,,330000.0,,,,,,,,,,,,,,,,,,,,,,,-124500000.0,,-124500000.0,,,59851000.0,,-1071000.0,-1095000.0,987860000.0,660060000.0,11549000.0,316251000.0,380900000.0,380900000.0,,378818000.0,,-1071000.0,-1071000.0,-1071000.0,-125595000.0,-125595000.0,-759000.0,,,60946000.0,60946000.0,32188000.0,325000.0,,21108000.0,11337000.0,-10433000.0,-10433000.0,-582000.0,,11433000.0,3545000.0,,5434000.0,5434000.0,2988000.0,2988000.0,2988000.0,30185000.0,,,,,-759000.0,,,,,,,,,,,,,,,3153000.0,,,,,,-336000.0,-336000.0,-2159000.0,7127000.0,7127000.0,,,-29795000.0,,,,21770000.0,,,378818000.0,378818000.0,,,,,,,,,,,,,,,,,,,,,,,0.0,0.152559,52433000.0,,,30185000.0,2988000.0,1877089000.0,52433000.0,49445000.0,-6395000.0,13826000.0,7431000.0,30185000.0,30185000.0,2044790000.0,,97003106.0,80274455.0,0.31,0.38,30185000.0,30185000.0,30185000.0,30185000.0,30185000.0,5434000.0,35619000.0,,,,,-6395000.0,13826000.0,7431000.0,42014000.0,167701000.0,,,,38853000.0,128848000.0,52578000.0,76270000.0,76270000.0,209715000.0,1877089000.0,2086804000.0,2086804000.0,,,,,,,,,,,,,,,,,,
ETOR,2025-09-30,2025Q3,,5620000.0,51014000.0,,5687000.0,5687000.0,,,46900000.0,,,,6299000.0,,,,81915536.0,81915536.0,,51014000.0,1333587000.0,1378008000.0,1322787000.0,1333587000.0,1378008000.0,1378008000.0,1378008000.0,1378008000.0,5620000.0,,0.0,99507000.0,1263790000.0,0.0,0.0,422578000.0,58004000.0,9616000.0,2185000.0,2185000.0,45327000.0,,364574000.0,,,358887000.0,209187000.0,149700000.0,5764000.0,1800586000.0,113225000.0,11586000.0,10318000.0,10318000.0,44421000.0,,,46900000.0,1687361000.0,388491000.0,74074000.0,,,,1224467000.0,1093467000.0,,,45327000.0,,143936000.0,,,,46900000.0,,,,,,,74074000.0,,,,,,,,,,131000000.0,9091000.0,,876000.0,,,,,,,,,,,,,,,,329000.0,,,,,,,,,,,,,,,,,,,,,,,93000000.0,93000000.0,0.0,,,39898000.0,-875000.0,-1122000.0,-2015000.0,1093467000.0,987860000.0,-1591000.0,107198000.0,-1700000.0,-1700000.0,,-875000.0,-875000.0,-1122000.0,-1122000.0,-1122000.0,66985000.0,66985000.0,-1785000.0,,,41913000.0,41913000.0,52464000.0,-597000.0,,61629000.0,-2226000.0,1196000.0,1196000.0,-6342000.0,,-6095000.0,4300000.0,,11987000.0,11987000.0,3153000.0,3153000.0,3153000.0,56817000.0,,,,,-1785000.0,,,,,,,,,,,,,,,297000.0,,,,,-24000000.0,-230000.0,-230000.0,-5667000.0,,-4385000.0,,,-70661000.0,,,,-3422000.0,,,,,,,,,,,,,,,,,,,,,,,,,,,0.0,0.17422,84301000.0,,,56817000.0,3153000.0,3889146000.0,84301000.0,81148000.0,-2934000.0,12344000.0,9410000.0,56817000.0,56817000.0,4032387000.0,,100396074.0,86648439.0,0.53,0.66,56817000.0,56817000.0,56817000.0,56817000.0,56817000.0,11987000.0,68804000.0,,,,,-2934000.0,12344000.0,9410000.0,71738000.0,143241000.0,,,,37906000.0,105335000.0,47901000.0,57434000.0,57434000.0,214979000.0,3889146000.0,4104125000.0,4104125000.0,,,,,,,,,,,,,,,,,,
ETOR,2025-12-31,2025Q4,,5441000.0,54463000.0,8994000.0,5978000.0,5978000.0,,-49482000.0,98716000.0,8025000.0,,23986000.0,0.0,,29985000.0,,82851422.0,82851422.0,,54463000.0,1351379000.0,1394590000.0,1332787000.0,1351379000.0,1394590000.0,1394590000.0,1394590000.0,1394590000.0,5441000.0,,62085000.0,168249000.0,1273894000.0,0.0,0.0,396757000.0,54106000.0,,4659000.0,4659000.0,48485000.0,,342651000.0,,,327679000.0,146917000.0,180762000.0,4435000.0,1791347000.0,115909000.0,11688000.0,11776000.0,11776000.0,43211000.0,24533000.0,18678000.0,49234000.0,1675438000.0,62903000.0,58134000.0,879000.0,,,1275329000.0,1072641000.0,,,48485000.0,,107830000.0,68497000.0,,,,,,,,,,42297000.0,,,,,,,,66705000.0,,202688000.0,9091000.0,,962000.0,,,68497000.0,,,,,,,243186000.0,,,201000.0,,,5901000.0,,,,,,,,,,,,,14757000.0,,,,,,,,,,-316563000.0,110701000.0,-427264000.0,,,123867000.0,,-1233000.0,-1787000.0,1072641000.0,1093467000.0,-14746000.0,-6080000.0,-58384000.0,-58384000.0,,-59547000.0,,-1233000.0,-1233000.0,-1233000.0,-73350000.0,-73350000.0,-1775000.0,,,125654000.0,125654000.0,-68602000.0,-4000.0,,-75833000.0,379000.0,-2964000.0,-2964000.0,6856000.0,,-988000.0,4013000.0,,9695000.0,9695000.0,3631000.0,3631000.0,51000.0,68742000.0,,,,,-1775000.0,,,,,,,,,,,,,,,2396000.0,,,,,,-12000.0,-12000.0,-5047000.0,,-335000.0,,,114355000.0,,,,3343000.0,,,0.0,0.0,,,,,,,,,,,,,,,,,,,,,,,0.0,0.123602,88513000.0,,,68742000.0,3631000.0,3754933000.0,88513000.0,84882000.0,498000.0,6445000.0,9062000.0,68742000.0,68742000.0,3782188000.0,,99635590.0,86740531.0,0.69,0.79,68742000.0,68742000.0,68742000.0,68742000.0,68742000.0,9695000.0,78437000.0,,,,,498000.0,6445000.0,9062000.0,83531000.0,27255000.0,,,,37867000.0,-21555000.0,19149000.0,-40704000.0,-40704000.0,110786000.0,3754933000.0,3865719000.0,3865719000.0,,,,,,,,,,,,,,,,,,
DKNG,2024-09-30,2024Q3,,,,,,,,,,,,,,,,,,,,,,,,,,,,,,,,,,,,,,,,,,,,,,,,,,,,,,,,,,,,,,,,,,,,,,,,,,,,,,,,,,,,,,,,,,,,,,,,,,,,,,,,,,,,,,,,,,,,,,,,,,,,,,,,,,,,,,0.0,0.0,,,,,,0.0,,,,,,,,,,,0.0,0.0,0.0,,,,,,,,,-23000.0,,,,,,,,,,,,,,,,,,0.0,0.0,,,,,,,,,,,,-488000.0,,,0.0,,,-488000.0,,,,,,,,,,,,,,,,,,,,,,,,,,,,,,,,,,,,,,,,,,,,,,,,,,,,,,872000.0,9200000.0,,,,,,,,,,,,,,,,,,,,,872000.0,9200000.0,,,,,,,,,,,,,,,,,,,-8328000.0,,,,,,,,,,,,,
DKNG,2024-12-31,2024Q4,,36488000.0,78653000.0,982753000.0,10993000.0,10993000.0,87192000.0,-88367000.0,213834000.0,56346000.0,,82571000.0,0.0,,,15651000.0,489071000.0,504722000.0,468142000.0,1335082000.0,-1477611000.0,2267055000.0,-121230000.0,-1477611000.0,1010626000.0,2267055000.0,1010626000.0,1010626000.0,36488000.0,,563146000.0,-6441228000.0,7978425000.0,87000.0,87000.0,3273099000.0,1618108000.0,195611000.0,,,1324089000.0,1256429000.0,1654991000.0,46390000.0,46390000.0,527663000.0,343600000.0,184063000.0,53662000.0,4283725000.0,2749964000.0,123060000.0,,,2488237000.0,933121000.0,1555116000.0,125467000.0,1533761000.0,145729000.0,57839000.0,57839000.0,,,788287000.0,788287000.0,76375000.0,,67660000.0,,,130401000.0,,,74917000.0,,,,,,,,,,,,,13200000.0,,,,,,22033000.0,,,,,,,,,13200000.0,,,,,,,,541906000.0,,,,,,,,,,,,,,,,,,,,,,,0.0,0.0,,,,298359000.0,-72794000.0,,-26830000.0,1330193000.0,1156515000.0,,173678000.0,-73094000.0,-73094000.0,,-72794000.0,-72794000.0,,,,-78417000.0,-78417000.0,-2028000.0,,,325189000.0,325189000.0,284304000.0,-15000.0,65970000.0,,-60295000.0,-60295000.0,-62835000.0,282951000.0,3676000.0,1606000.0,110060000.0,,-12129000.0,-12129000.0,66099000.0,66099000.0,,-134851000.0,10100000.0,,,,-2028000.0,,,,,,,,,,-48986000.0,,,,,2367000.0,-48986000.0,-4307000.0,9603000.0,449000.0,-2601000.0,-24802000.0,-24802000.0,,,,2540000.0,2540000.0,,,48000.0,,,,,,,,,,,,,,,,,,,,,,,,,,,,,255270.69777,0.076497,-82013000.0,3337000.0,3337000.0,-134851000.0,66099000.0,834644000.0,-78676000.0,-144775000.0,8020000.0,760000.0,8780000.0,-137932729.30223,-134851000.0,1531951000.0,-139179000.0,488000000.0,488000000.0,-0.28,-0.28,-134851000.0,-134851000.0,-134851000.0,-134851000.0,-134851000.0,-11133000.0,-145535000.0,-14376000.0,-17713000.0,,,8020000.0,760000.0,8780000.0,-139179000.0,697307000.0,,,,112063000.0,585244000.0,368602000.0,216642000.0,216642000.0,558128000.0,834644000.0,1392772000.0,1075513000.0,,,,,,,3337000.0,,,,,,,,,,,-449000.0
DKNG,2025-03-31,2025Q1,,36488000.0,76375000.0,910712000.0,11084000.0,11084000.0,,,125345000.0,,,,,,,20834000.0,496339000.0,517173000.0,722829000.0,1918944000.0,-1586726000.0,2715484000.0,301928000.0,-1586726000.0,872915000.0,2715484000.0,872915000.0,872915000.0,36488000.0,,779742000.0,-6475092000.0,8091174000.0,87000.0,87000.0,3642898000.0,2144025000.0,150156000.0,,,1907860000.0,1842569000.0,1498873000.0,,,577077000.0,,,,4515813000.0,2715012000.0,116871000.0,,,2459641000.0,904525000.0,1555116000.0,125345000.0,1800801000.0,108293000.0,147527000.0,147527000.0,,,1119740000.0,1119740000.0,75443000.0,,65291000.0,,,,,,125345000.0,,,,,,,,,,,,,13155000.0,,,,,,10566000.0,,,,,,,,,13155000.0,,,,,,,,425241000.0,,,,,,,,,,,,,,,,,,,,,,,,,,,,-154540000.0,-216596000.0,,-35524000.0,1544981000.0,1330193000.0,,214788000.0,372823000.0,372823000.0,-2093000.0,-216596000.0,-216596000.0,588116000.0,588116000.0,,-39019000.0,-39019000.0,-2647000.0,,,-119016000.0,-119016000.0,-235265000.0,,-113494000.0,,-69882000.0,-69882000.0,-68950000.0,-27146000.0,-8738000.0,2775000.0,78846000.0,,826000.0,826000.0,70116000.0,70116000.0,,-33864000.0,-2450000.0,588116000.0,588116000.0,,-2647000.0,,,,,,,,,,,,,3139000.0,,3396000.0,,-24743000.0,-2495000.0,45000.0,-3495000.0,-32877000.0,-32877000.0,,,,-932000.0,-932000.0,,,,,,,,,,,,,,,,,,,,,,,,,,,,,,,,354290.0,0.142,33296000.0,2495000.0,2495000.0,-33864000.0,70116000.0,843803000.0,35791000.0,-34325000.0,4395000.0,5094000.0,9489000.0,-36004710.0,-33864000.0,1455137000.0,-46331000.0,493300000.0,493300000.0,-0.07,-0.07,-33864000.0,-33864000.0,-33864000.0,-33864000.0,-33864000.0,-5600000.0,-39419000.0,2517000.0,22000.0,,,4395000.0,5094000.0,9489000.0,-46331000.0,611334000.0,,,,103260000.0,508074000.0,343680000.0,164394000.0,164394000.0,565003000.0,843803000.0,1408806000.0,1305428000.0,,,,,,,2495000.0,,,,,,,,,,,-45000.0
DKNG,2025-06-30,2025Q2,,36488000.0,73693000.0,770030000.0,11361000.0,11361000.0,,,122280000.0,,,,,,,24486000.0,496051000.0,520537000.0,574281000.0,1909943000.0,-1425484000.0,2845878000.0,452146000.0,-1425484000.0,1009628000.0,2845878000.0,1009628000.0,1009628000.0,36488000.0,,907739000.0,-6317156000.0,8197948000.0,87000.0,87000.0,3464674000.0,2130121000.0,133006000.0,,,1898582000.0,1836250000.0,1334553000.0,,,553162000.0,,,,4474302000.0,2687603000.0,116329000.0,,,2435112000.0,879996000.0,1555116000.0,122280000.0,1786699000.0,86172000.0,136573000.0,136573000.0,,,1261969000.0,1261969000.0,84328000.0,,62332000.0,,,,,,122280000.0,,,,,,,,,,,,,13882000.0,,,,,,14205000.0,,,,,,,,,13882000.0,,,,,,,,301985000.0,,,,,,,,,,,,,,,,,,,,,,,,,,,,139834000.0,-127997000.0,,-34087000.0,1563954000.0,1544981000.0,,18973000.0,-119689000.0,-119689000.0,0.0,-127997000.0,-127997000.0,-1500000.0,-1500000.0,,-35259000.0,-35259000.0,-4316000.0,,,173921000.0,173921000.0,-121069000.0,,-136375000.0,,-20606000.0,-20606000.0,-29491000.0,10954000.0,-2373000.0,-18258000.0,84701000.0,,-730000.0,-730000.0,65299000.0,65299000.0,,157936000.0,6042000.0,0.0,0.0,,-4316000.0,,,,,,,,,,,,,6282000.0,,9808000.0,,24958000.0,5851000.0,191000.0,-1172000.0,-29771000.0,-29771000.0,,,,8885000.0,8885000.0,,,,,,,,,,,,,,,,,,,,,,,,,,,,,,,,-403719.0,0.069,252707000.0,-5851000.0,-5851000.0,157936000.0,65299000.0,854559000.0,246856000.0,181557000.0,665000.0,11640000.0,12305000.0,163383281.0,157936000.0,1361863000.0,150644000.0,529454000.0,496517000.0,0.3,0.32,157936000.0,157936000.0,157936000.0,157936000.0,157936000.0,11790000.0,169917000.0,18608000.0,24459000.0,,,665000.0,11640000.0,12305000.0,150644000.0,507304000.0,,,,108417000.0,398887000.0,233187000.0,165700000.0,165700000.0,657948000.0,854559000.0,1512507000.0,1427532000.0,,,,,,,-5851000.0,,,,,,,,,,,-191000.0
DKNG,2025-09-30,2025Q3,,36488000.0,70645000.0,1053482000.0,11464000.0,11464000.0,,,118194000.0,,,,,,,26807000.0,496503000.0,523310000.0,607671000.0,1906591000.0,-1683871000.0,2568232000.0,168697000.0,-1683871000.0,732286000.0,2568232000.0,732286000.0,732286000.0,36488000.0,,1010579000.0,-6573944000.0,8280234000.0,87000.0,87000.0,3891949000.0,2115617000.0,125080000.0,,,1895127000.0,1835946000.0,1776332000.0,,,711386000.0,,,,4624235000.0,2679206000.0,125467000.0,,,2416157000.0,861041000.0,1555116000.0,118194000.0,1945029000.0,115370000.0,121472000.0,121472000.0,,,1228275000.0,1228275000.0,88043000.0,,59181000.0,,,,,,118194000.0,,,,,,,,,,,,,19388000.0,,,,,,7367000.0,,,,,,,,,19388000.0,,,,,,,,479912000.0,,,,,,,,,,,,,,,,,,,,,,,,,,,,247917000.0,-102840000.0,-1500000.0,-39560000.0,1708187000.0,1563954000.0,,144233000.0,-101413000.0,-101413000.0,0.0,-102840000.0,-102840000.0,-1500000.0,-1500000.0,-1500000.0,-41831000.0,-41831000.0,-4433000.0,,,287477000.0,287477000.0,432995000.0,,299155000.0,,157144000.0,157144000.0,153429000.0,5144000.0,-6562000.0,-17767000.0,72473000.0,,-3617000.0,-3617000.0,66071000.0,66071000.0,,-256788000.0,-5890000.0,0.0,0.0,,-4433000.0,,,,,,,,,,0.0,,,9209000.0,,2927000.0,0.0,-28448000.0,-4233000.0,-1657000.0,-2271000.0,-35127000.0,-35127000.0,,,,3715000.0,3715000.0,,,,,,,,,,,,,,,,,,,,,,,,,,,,,,,,190485.0,0.045,-210052000.0,4233000.0,4233000.0,-256788000.0,66071000.0,784079000.0,-205819000.0,-271890000.0,-19573000.0,,,-260830515.0,-256788000.0,1415909000.0,-271890000.0,496600000.0,496600000.0,-0.52,-0.52,-256788000.0,-256788000.0,-256788000.0,-256788000.0,-256788000.0,-12065000.0,-270510000.0,20953000.0,16720000.0,,,-19573000.0,,,-271890000.0,631830000.0,,,,114680000.0,517150000.0,360370000.0,156780000.0,156780000.0,359940000.0,784079000.0,1144019000.0,1047419000.0,,,,,19573000.0,,4233000.0,,,,,,,,,,,1657000.0
DKNG,2025-12-31,2025Q4,,36488000.0,54186000.0,960235000.0,9795000.0,9795000.0,101849000.0,-104801000.0,205692000.0,61517000.0,,94365000.0,0.0,,,38243000.0,495053000.0,533296000.0,708095000.0,1889826000.0,-1855387000.0,2467101000.0,59538000.0,-1855387000.0,631461000.0,2467101000.0,631461000.0,631461000.0,36488000.0,,1392433000.0,-6437518000.0,8424833000.0,91000.0,91000.0,3899323000.0,2143852000.0,172203000.0,,,1880031000.0,1835640000.0,1755471000.0,56433000.0,56433000.0,627159000.0,388103000.0,239056000.0,67860000.0,4530784000.0,2715775000.0,109098000.0,,,2486848000.0,889201000.0,1597647000.0,100891000.0,1815009000.0,104837000.0,105577000.0,105577000.0,,,1127545000.0,1127545000.0,91618000.0,,44391000.0,,,171196000.0,,,49810000.0,,,,,,,,,,,,,18938000.0,,,,,,0.0,,,,,,,,,18938000.0,,,,,,,,477050000.0,,,,,,,,,,,,,,,,,,,,,,,,,,,,275182000.0,-381854000.0,-1500000.0,-45291000.0,1604595000.0,1708187000.0,,-103592000.0,-374177000.0,-374177000.0,-508000.0,-366611000.0,-381854000.0,-1500000.0,-1500000.0,-1500000.0,-49888000.0,-49888000.0,-3956000.0,,,320473000.0,320473000.0,20687000.0,,-87883000.0,,80769000.0,80769000.0,77194000.0,14041000.0,-40022000.0,-215000.0,103291000.0,,-14704000.0,-14704000.0,74002000.0,74002000.0,,136426000.0,986000.0,0.0,0.0,,-3956000.0,,,,,,,,,,-16381000.0,,,9251000.0,,-5558000.0,-16381000.0,13760000.0,536000.0,450000.0,11784000.0,-41335000.0,-41335000.0,,,,3575000.0,3575000.0,,,0.0,,,,,,,,,,,,,,,,,,,,,,,,,,,,,267142.526781,0.069029,221892000.0,3870000.0,3870000.0,136426000.0,74002000.0,1074506000.0,225762000.0,151760000.0,-5428000.0,,,132823142.526781,136426000.0,1837433000.0,151760000.0,545704000.0,532000000.0,0.25,0.28,128683000.0,128683000.0,136426000.0,136426000.0,136426000.0,10149000.0,147025000.0,693000.0,-3177000.0,,,-5428000.0,,,151760000.0,762927000.0,,,,133555000.0,629372000.0,442643000.0,186729000.0,186729000.0,914687000.0,1074506000.0,1989193000.0,1851325000.0,,,,,5428000.0,,3870000.0,,,,,,,,,,,-450000.0
VSCO,2024-10-31,2024Q4,,,,,,,,,,,,,,,,,,,,,,,,,,,,,,,,,,,,,,,,,,,,,,,,,,,,,,,,,,,,,,,,,,,,,,,,,,,,,,,,,,,,,,,,,,,,,,,,,,,,,,,,,,,,,,,,,,,,,,,,,,,,,,,,,,,,,,,,,,,,0.0,,,,,,,,,,0.0,0.0,,,,,,,,,,,,,,,,,,,,,,,,,,,,,0.0,,,,,,,,,,,,,,0.0,0.0,,,,0.0,,,,,1000000.0,,,,,,,,,,,,,,,,,,,,,,,,,,,,,,,,,,,,,,,,,,,,,,,,,,,,,,,,,,,,,,,,,,,-1000000.0,-1000000.0,,,,,,,,,,,,,,,,,,,,,,,,,,,,,,,,,,,,,
VSCO,2025-01-31,2025Q1,24000000.0,-1000000.0,1721000000.0,80000000.0,291000000.0,287000000.0,,-2729000000.0,4984000000.0,1004000000.0,27000000.0,2225000000.0,0.0,,,,79000000.0,79000000.0,750000000.0,2698000000.0,-103000000.0,1617000000.0,66000000.0,-103000000.0,640000000.0,1613000000.0,664000000.0,640000000.0,-1000000.0,,,343000000.0,297000000.0,1000000.0,1000000.0,3868000000.0,2493000000.0,75000000.0,11000000.0,11000000.0,2407000000.0,973000000.0,1375000000.0,256000000.0,256000000.0,731000000.0,86000000.0,645000000.0,419000000.0,4532000000.0,3091000000.0,71000000.0,22000000.0,22000000.0,743000000.0,376000000.0,367000000.0,2255000000.0,1441000000.0,100000000.0,159000000.0,159000000.0,,,227000000.0,227000000.0,,,1434000000.0,4000000.0,,226000000.0,,,1481000000.0,955000000.0,,,901000000.0,,54000000.0,,,,,0.0,,,,219000000.0,28000000.0,,,,,,4000000.0,32000000.0,,,,,,,,,,,,,,,7000000.0,,17000000.0,,,,,,,,,,,,,,,,,,,,,,,,646000000.0,0.0,-441000000.0,-28000000.0,227000000.0,161000000.0,-1000000.0,67000000.0,-587000000.0,-587000000.0,-151000000.0,0.0,0.0,-441000000.0,-441000000.0,-441000000.0,-20000000.0,-20000000.0,,,-28000000.0,674000000.0,674000000.0,450000000.0,77000000.0,,,36000000.0,36000000.0,-23000000.0,3000000.0,3000000.0,,15000000.0,,-30000000.0,-30000000.0,66000000.0,66000000.0,,194000000.0,18000000.0,0.0,0.0,,,,,,,,,,,,0.0,,,,,5000000.0,,,,,8000000.0,,,,,,59000000.0,59000000.0,,,,,,334000000.0,,,,,,,,,,,,,,,,,,,,,,,,,-1000000.0,0.0,0.204918,330000000.0,,,193000000.0,66000000.0,1293000000.0,330000000.0,264000000.0,-20000000.0,20000000.0,,193000000.0,193000000.0,1838000000.0,268000000.0,83148000.0,83148000.0,2.326117,2.326117,193000000.0,193000000.0,193000000.0,194000000.0,194000000.0,50000000.0,244000000.0,-4000000.0,-4000000.0,,,-20000000.0,20000000.0,,268000000.0,545000000.0,,,,,545000000.0,,545000000.0,545000000.0,813000000.0,1293000000.0,2106000000.0,2106000000.0,,,,,,,,,,,,,,,,,,
VSCO,2025-04-30,2025Q2,28000000.0,1000000.0,1742000000.0,100000000.0,264000000.0,260000000.0,,-2728000000.0,5025000000.0,,,,,,,,79838968.0,79838968.0,944000000.0,2824000000.0,-91000000.0,1727000000.0,199000000.0,-91000000.0,645000000.0,1723000000.0,673000000.0,645000000.0,1000000.0,,,341000000.0,302000000.0,1000000.0,1000000.0,3907000000.0,2651000000.0,75000000.0,16000000.0,16000000.0,2560000000.0,1078000000.0,1256000000.0,241000000.0,241000000.0,635000000.0,67000000.0,568000000.0,423000000.0,4580000000.0,3125000000.0,69000000.0,23000000.0,23000000.0,736000000.0,369000000.0,367000000.0,2297000000.0,1455000000.0,121000000.0,153000000.0,153000000.0,,,138000000.0,138000000.0,,,1482000000.0,4000000.0,,145000000.0,,,5025000000.0,1043000000.0,,,988000000.0,,55000000.0,,,,,0.0,,,,,,,,,,,4000000.0,26000000.0,,,,,,,,,,,,,,,14000000.0,,16000000.0,,,,,,,,,,,,,,,,,,,,,,,,-193000000.0,,-56000000.0,-43000000.0,138000000.0,227000000.0,-2000000.0,-87000000.0,106000000.0,106000000.0,2000000.0,,,104000000.0,104000000.0,-56000000.0,-43000000.0,-43000000.0,,,-43000000.0,-150000000.0,-150000000.0,-234000000.0,-51000000.0,,,-105000000.0,-105000000.0,-98000000.0,8000000.0,8000000.0,,14000000.0,,5000000.0,5000000.0,62000000.0,62000000.0,,3000000.0,,160000000.0,160000000.0,,,,,,,,,,,,,,,,,,,,,,,,,,,,-7000000.0,-7000000.0,,,,,,-86000000.0,,,,,,,,,,,,,,,,,,,,,,,,,-5000000.0,0.0,0.21,85000000.0,,,-2000000.0,62000000.0,879000000.0,85000000.0,23000000.0,-17000000.0,17000000.0,,-2000000.0,-2000000.0,1333000000.0,20000000.0,82800000.0,79468000.0,-0.020839,-0.020839,-2000000.0,-2000000.0,-2000000.0,3000000.0,3000000.0,3000000.0,6000000.0,3000000.0,3000000.0,,,-17000000.0,17000000.0,,20000000.0,454000000.0,,,,,454000000.0,,454000000.0,454000000.0,474000000.0,879000000.0,1353000000.0,1353000000.0,,,,,,,,,,,,,,,,,,
VSCO,2025-07-31,2025Q3,30000000.0,2000000.0,1822000000.0,99000000.0,262000000.0,258000000.0,,-2705000000.0,5094000000.0,,,,,,,,79852504.0,79852504.0,864000000.0,2874000000.0,-50000000.0,1732000000.0,194000000.0,-50000000.0,680000000.0,1728000000.0,710000000.0,680000000.0,2000000.0,,0.0,357000000.0,320000000.0,1000000.0,1000000.0,4045000000.0,2700000000.0,74000000.0,14000000.0,14000000.0,2612000000.0,1048000000.0,1345000000.0,229000000.0,229000000.0,739000000.0,84000000.0,655000000.0,480000000.0,4755000000.0,3216000000.0,75000000.0,22000000.0,22000000.0,730000000.0,363000000.0,367000000.0,2389000000.0,1539000000.0,127000000.0,166000000.0,166000000.0,,,188000000.0,188000000.0,,,1564000000.0,4000000.0,,175000000.0,,,5094000000.0,1058000000.0,,,981000000.0,,77000000.0,,,,,0.0,,,,,,,,,,,4000000.0,3000000.0,,,,,,,,,,,,,,,7000000.0,,16000000.0,,,,,,,,,,,,,,,,,,,,,,,,88000000.0,,-116000000.0,-68000000.0,188000000.0,138000000.0,1000000.0,49000000.0,-39000000.0,-39000000.0,-9000000.0,,,-31000000.0,-31000000.0,-116000000.0,-68000000.0,-68000000.0,,,-68000000.0,156000000.0,156000000.0,62000000.0,4000000.0,,,84000000.0,84000000.0,117000000.0,-12000000.0,-12000000.0,,15000000.0,,-2000000.0,-2000000.0,63000000.0,63000000.0,,18000000.0,,85000000.0,85000000.0,,,,,,,,,,,,,,,,,,,,,,,,,,,,-33000000.0,-33000000.0,,,,,,-14000000.0,,,,,,,,,,,,,,,,,,,,,,,,,-2000000.0,0.0,0.257,105000000.0,,,16000000.0,63000000.0,940000000.0,105000000.0,42000000.0,-18000000.0,18000000.0,,16000000.0,16000000.0,1418000000.0,41000000.0,82205000.0,82205000.0,0.197409,0.197409,16000000.0,16000000.0,16000000.0,18000000.0,18000000.0,6000000.0,24000000.0,1000000.0,1000000.0,,,-18000000.0,18000000.0,,41000000.0,478000000.0,,,,,478000000.0,,478000000.0,478000000.0,519000000.0,940000000.0,1459000000.0,1459000000.0,,,,,,,,,,,,,,,,,,
VSCO,2025-10-31,2025Q4,36000000.0,2000000.0,1835000000.0,89000000.0,288000000.0,284000000.0,,-2735000000.0,5096000000.0,,,,,,,,80164485.0,80164485.0,1102000000.0,3186000000.0,-71000000.0,2004000000.0,454000000.0,-71000000.0,653000000.0,2000000000.0,689000000.0,653000000.0,2000000.0,,,320000000.0,330000000.0,1000000.0,1000000.0,4445000000.0,2954000000.0,43000000.0,13000000.0,13000000.0,2898000000.0,1347000000.0,1491000000.0,229000000.0,229000000.0,860000000.0,124000000.0,736000000.0,546000000.0,5134000000.0,3189000000.0,82000000.0,22000000.0,22000000.0,724000000.0,357000000.0,367000000.0,2361000000.0,1945000000.0,129000000.0,190000000.0,190000000.0,,,249000000.0,249000000.0,,,1551000000.0,4000000.0,,190000000.0,,,5096000000.0,1377000000.0,,,1322000000.0,,55000000.0,,,,,0.0,,,,,,,,,,,4000000.0,11000000.0,,,,,,,,,,,,,,,15000000.0,,25000000.0,,,,,,,,,,,,,,,,,,,,,,,,-232000000.0,,-1000000.0,-52000000.0,249000000.0,188000000.0,0.0,61000000.0,293000000.0,293000000.0,-7000000.0,,,299000000.0,299000000.0,-1000000.0,-52000000.0,-52000000.0,,,-52000000.0,-180000000.0,-180000000.0,-219000000.0,-7000000.0,,,133000000.0,133000000.0,113000000.0,-25000000.0,-25000000.0,,12000000.0,,-1000000.0,-1000000.0,60000000.0,60000000.0,,-32000000.0,,300000000.0,300000000.0,,,,,,,,,,,,,,,,,1000000.0,,,,,,,,,,,20000000.0,20000000.0,,,,,,-320000000.0,,,,,,,,,,,,,,,,,,,,,,,,,-6000000.0,0.0,0.16,41000000.0,,,-37000000.0,60000000.0,936000000.0,41000000.0,-19000000.0,-18000000.0,18000000.0,,-37000000.0,-37000000.0,1491000000.0,-19000000.0,81191304.0,80632000.0,-0.463191,-0.463191,-37000000.0,-37000000.0,-37000000.0,-31000000.0,-31000000.0,-6000000.0,-37000000.0,,,,,-18000000.0,18000000.0,,-19000000.0,555000000.0,,,,,555000000.0,,555000000.0,555000000.0,536000000.0,936000000.0,1472000000.0,1472000000.0,,,,,,,,,,,,,,,,,,
VSCO,2026-01-31,2026Q1,54000000.0,6000000.0,1871000000.0,94000000.0,299000000.0,295000000.0,,-2530000000.0,4892000000.0,997000000.0,31000000.0,1997000000.0,0.0,,,,80268924.0,80268924.0,457000000.0,2846000000.0,243000000.0,1831000000.0,376000000.0,243000000.0,856000000.0,1827000000.0,910000000.0,856000000.0,6000000.0,,,504000000.0,345000000.0,1000000.0,1000000.0,4103000000.0,2596000000.0,44000000.0,5000000.0,5000000.0,2547000000.0,971000000.0,1507000000.0,248000000.0,248000000.0,849000000.0,88000000.0,761000000.0,493000000.0,5013000000.0,3130000000.0,90000000.0,65000000.0,65000000.0,613000000.0,246000000.0,367000000.0,2362000000.0,1883000000.0,108000000.0,186000000.0,186000000.0,,,518000000.0,518000000.0,,,1576000000.0,4000000.0,,268000000.0,,,1631000000.0,1071000000.0,,,1013000000.0,,58000000.0,,,,,0.0,,,,209000000.0,27000000.0,,,,,,4000000.0,42000000.0,,,,,,,,,,,,,,,5000000.0,,17000000.0,,,,,,,,,,,,,,,,,,,,,,,,649000000.0,,-376000000.0,-24000000.0,518000000.0,249000000.0,1000000.0,268000000.0,-384000000.0,-384000000.0,-10000000.0,,,-376000000.0,-376000000.0,-376000000.0,-21000000.0,-21000000.0,,,-24000000.0,673000000.0,673000000.0,338000000.0,8000000.0,,,17000000.0,17000000.0,-18000000.0,5000000.0,5000000.0,,14000000.0,,-51000000.0,-51000000.0,53000000.0,53000000.0,,200000000.0,,0.0,0.0,,,,,,,,,,,,,,,,,2000000.0,,,,,,,,,,,35000000.0,35000000.0,,,,,,308000000.0,,,,,,,,,,,,,,,,,,,,,,,,,-16000000.0,0.0,0.069767,285000000.0,,,184000000.0,53000000.0,1414000000.0,285000000.0,232000000.0,-17000000.0,17000000.0,,184000000.0,184000000.0,2040000000.0,229000000.0,85850000.0,85850000.0,2.13901,2.13901,184000000.0,184000000.0,184000000.0,200000000.0,200000000.0,15000000.0,215000000.0,3000000.0,3000000.0,,,-17000000.0,17000000.0,,229000000.0,626000000.0,,,,,626000000.0,,626000000.0,626000000.0,855000000.0,1414000000.0,2269000000.0,2269000000.0,,,,,,,,,,,,,,,,,,
BOLT,2024-09-30,2024Q3,,,,,,,,,,,,,,,,,,,,,,,,,,,,,,,,,,,,,,,,,,,,,,,,,,,,,,,,,,,,,,,,,,,,,,,,,,,,,,,,,,,,,,0.0,,,,,,,,,,,,,,,,,,,,,,,,,,,,,,,,,,,,,,,,,,,,,,,,,,,,,,,,,,,,,,0.0,,0.0,,,,,,,,,,,,,,,,,,,,,,,,,,,,,,,,,,-41000.0,,,,,,,,,,,,,,,,,,,,,,,,,,,,,,,,,,,0.0,0.0,,,,,,,,,,,,,,,,,,,,,,,,,,0.0,0.0,,,,,,,,,,,,,,,,,,,,,,,,,,0.0,0.0,,,,,,,,,,,,,,,,,,,,,,,,,,,,,,,,,,,
BOLT,2024-12-31,2024Q4,,97000.0,25209000.0,,2251000.0,2251000.0,4203000.0,-7278000.0,32173000.0,286000.0,,386000.0,0.0,,1033000.0,,1916984.0,1916984.0,,25209000.0,57198000.0,57198000.0,34958000.0,57198000.0,57198000.0,57198000.0,57198000.0,57198000.0,97000.0,,,-427403000.0,484504000.0,0.0,0.0,42434000.0,26578000.0,,3620000.0,,22958000.0,,15856000.0,3015000.0,3015000.0,6387000.0,4880000.0,1507000.0,1507000.0,99632000.0,48818000.0,1043000.0,,,,,,24895000.0,50814000.0,509000.0,1165000.0,,,,47323000.0,7205000.0,,3620000.0,22958000.0,,,,22880000.0,22880000.0,31501000.0,,,,,,,1165000.0,,,,,,22880000.0,,,,40118000.0,,,,,,,,,,,,,,,,,,,784000.0,,,,,,,,,,,,,,,,,,,,,,,12232000.0,25485000.0,-13253000.0,,,-14430000.0,,,,8970000.0,11139000.0,,-2169000.0,29000.0,29000.0,,29000.0,,,,,12232000.0,12232000.0,0.0,0.0,,-14430000.0,-14430000.0,-1196000.0,797000.0,630000.0,,-2698000.0,,,,,-67000.0,1182000.0,,,,426000.0,426000.0,,-15936000.0,0.0,,,,0.0,,,,,,,,,,,,,,,,,75000.0,,,,,,,,,,,,0.0,,,,,,29000.0,29000.0,,,,,,-308000.0,,,,,,,,,,,,,,,,,0.0,0.0,-13996000.0,-1247000.0,-1247000.0,-15936000.0,426000.0,,-15243000.0,-15669000.0,980000.0,,980000.0,-14689000.0,-15936000.0,15669000.0,-16916000.0,1914274.0,1914274.0,-8.4,-8.4,-15936000.0,-15936000.0,-15936000.0,-15936000.0,-15936000.0,,-15936000.0,-1247000.0,0.0,-1247000.0,-222000.0,980000.0,,980000.0,-15669000.0,15669000.0,,,,11722000.0,3947000.0,,3947000.0,3947000.0,,,0.0,0.0,,,,,,,,,,,,,,,,,,
BOLT,2025-03-31,2025Q1,,40000.0,24709000.0,,2400000.0,2400000.0,2524000.0,-6495000.0,29701000.0,286000.0,,386000.0,0.0,,,,1916984.0,1916984.0,,24709000.0,46810000.0,46810000.0,28947000.0,46810000.0,46810000.0,46810000.0,46810000.0,46810000.0,40000.0,,,-438443000.0,485213000.0,0.0,0.0,39052000.0,25490000.0,132000.0,3049000.0,,22309000.0,,13562000.0,3083000.0,3083000.0,5555000.0,4021000.0,1534000.0,1534000.0,85862000.0,43353000.0,1032000.0,,,,,,23206000.0,42509000.0,2887000.0,,,,,38838000.0,8391000.0,,3049000.0,22309000.0,,,,19115000.0,19115000.0,29029000.0,,,,,,,,,,,,,19115000.0,,,,30447000.0,,,,,,,,,,,,,,,,,,,784000.0,,,,,,,,,,,,,,,,,,,,,,,13588000.0,14580000.0,-992000.0,,,-13365000.0,,,,10156000.0,8970000.0,,1186000.0,0.0,,,,,,,,14551000.0,14551000.0,963000.0,963000.0,,-13365000.0,-13365000.0,-3551000.0,-503000.0,-368000.0,,-2511000.0,,,,,615000.0,709000.0,,,,399000.0,399000.0,,-11040000.0,-288000.0,,,,,,,,,,,,,,,,,,,,,-169000.0,,,,,,,,,,,,-288000.0,,,,,,,,,,,,,-209000.0,,,,,,,,,,,,,,,,,0.0,0.0,-11716000.0,,,-11040000.0,399000.0,,-11716000.0,-12115000.0,1053000.0,,1053000.0,-11040000.0,-11040000.0,13337000.0,-12115000.0,1916984.0,1916984.0,-5.8,-5.8,-11040000.0,-11040000.0,-11040000.0,-11040000.0,-11040000.0,,-11040000.0,22000.0,22000.0,,,1053000.0,,1053000.0,-12115000.0,13337000.0,,,,9512000.0,3825000.0,,3825000.0,3825000.0,,,1222000.0,1222000.0,,,,,,,,,,,,,,,,,,
BOLT,2025-06-30,2025Q2,,-6000.0,24183000.0,,2559000.0,2559000.0,3295000.0,-6842000.0,29077000.0,286000.0,,386000.0,0.0,,,,1919441.0,1919441.0,,24183000.0,38842000.0,38842000.0,26026000.0,38842000.0,38842000.0,38842000.0,38842000.0,38842000.0,-6000.0,,,-447004000.0,485852000.0,0.0,0.0,36657000.0,24347000.0,133000.0,2590000.0,,21624000.0,,12310000.0,2512000.0,2512000.0,3944000.0,2092000.0,1852000.0,1852000.0,75499000.0,37163000.0,1203000.0,,,,,,22235000.0,38336000.0,2783000.0,,,,,34769000.0,9601000.0,,2590000.0,21624000.0,,,,13725000.0,13725000.0,28405000.0,,,,,,,,,,,,,13725000.0,,,,25168000.0,,,,,,,,,,,,,,,,,,,784000.0,,,,,,,,,,,,,,,,,,,,,,,10793000.0,25258000.0,-14465000.0,,,-9597000.0,,,,11366000.0,10156000.0,,1210000.0,14000.0,,,,,,,,10793000.0,10793000.0,0.0,0.0,,-9597000.0,-9597000.0,-2462000.0,-1030000.0,-525000.0,,-840000.0,,,,,624000.0,625000.0,,,,347000.0,347000.0,,-8561000.0,0.0,,,,,,,,,,,,,,,,,,,,,-67000.0,,,,,,,,,,,,0.0,,,,,,,,,,,,,-170000.0,,,,,,,,,,,,,,,,,0.0,0.0,-8863000.0,0.0,0.0,-8561000.0,347000.0,,-8863000.0,-9210000.0,599000.0,,599000.0,-8561000.0,-8561000.0,11014000.0,-9210000.0,1917629.0,1917629.0,-4.46,-4.46,-8561000.0,-8561000.0,-8561000.0,-8561000.0,-8561000.0,,-8561000.0,50000.0,50000.0,0.0,0.0,599000.0,,599000.0,-9210000.0,11014000.0,,,,7498000.0,3516000.0,,3516000.0,3516000.0,,,1804000.0,1804000.0,,,,,,,,,,,,,,,,,,
BOLT,2025-09-30,2025Q3,,-10000.0,23589000.0,,2700000.0,2700000.0,1932000.0,-7132000.0,28513000.0,386000.0,,358000.0,0.0,,,,1919441.0,1919441.0,,23589000.0,32101000.0,32101000.0,25640000.0,32101000.0,32101000.0,32101000.0,32101000.0,32101000.0,-10000.0,,,-454148000.0,486259000.0,0.0,0.0,32952000.0,22986000.0,133000.0,1964000.0,,20889000.0,,9966000.0,1909000.0,1909000.0,3425000.0,1907000.0,1518000.0,1518000.0,65053000.0,29447000.0,1160000.0,,,,,,21381000.0,35606000.0,2912000.0,,,,,31910000.0,17753000.0,,1964000.0,20889000.0,,,,6906000.0,6906000.0,27769000.0,,,,,,,,,,,,,6906000.0,,,,14157000.0,,,,,,,,,,,,,,,,,,,784000.0,,,,,,,,,,,,,,,,,,,,,,,17956000.0,19675000.0,-1719000.0,,,-9804000.0,,,,19518000.0,11366000.0,,8152000.0,0.0,0.0,,0.0,,,,,17884000.0,17884000.0,-72000.0,0.0,,-9732000.0,-9732000.0,-3791000.0,-1229000.0,-594000.0,,-1882000.0,,,,,636000.0,407000.0,,,,290000.0,290000.0,,-7144000.0,0.0,,,,,,,,,,,,,,,,,,,,,-86000.0,,,,,,,,,,,,0.0,,,,,,0.0,0.0,,,,,,-130000.0,,,,,,,,,,,,,,,,,0.0,0.0,-7413000.0,0.0,0.0,-7144000.0,290000.0,,-7413000.0,-7703000.0,477000.0,,477000.0,-7144000.0,-7144000.0,9872000.0,-7703000.0,1919441.0,1919441.0,-3.72,-3.72,-7144000.0,-7144000.0,-7144000.0,-7144000.0,-7144000.0,,-7144000.0,82000.0,82000.0,0.0,0.0,477000.0,,477000.0,-7703000.0,9872000.0,,,,6535000.0,3337000.0,,3337000.0,3337000.0,,,2169000.0,2169000.0,,,,,,,,,,,,,,,,,,
BOLT,2025-12-31,2025Q4,,-21000.0,22958000.0,,2826000.0,2826000.0,1642000.0,-7387000.0,27862000.0,358000.0,,386000.0,0.0,,929000.0,,1920566.0,1920566.0,,22958000.0,26505000.0,26505000.0,21825000.0,26505000.0,26505000.0,26505000.0,26505000.0,26505000.0,-21000.0,,,-460779000.0,487305000.0,0.0,0.0,30243000.0,21808000.0,132000.0,1544000.0,,20132000.0,,8435000.0,449000.0,449000.0,3518000.0,2075000.0,1443000.0,1443000.0,56748000.0,26488000.0,1676000.0,,,,,,20475000.0,30260000.0,653000.0,973000.0,,,,27505000.0,11703000.0,,1544000.0,20132000.0,,,,4337000.0,4337000.0,27118000.0,,,,,,,973000.0,,,,,,4337000.0,,,,15802000.0,,,,,,,,,,,,,,,,,,,200000.0,,,,,,,,,,,,,,,,,,,,,,,1074000.0,12914000.0,-11840000.0,,,-7156000.0,,,,13441000.0,19518000.0,,-6077000.0,5000.0,5000.0,,5000.0,,,,,1074000.0,1074000.0,0.0,0.0,,-7156000.0,-7156000.0,-2311000.0,-1880000.0,-632000.0,,-197000.0,,,,,651000.0,1041000.0,,,,255000.0,255000.0,,-6631000.0,0.0,,,,0.0,,,,,,,,,,,,,,,,,398000.0,,,,,,,,,,,,0.0,,,,,,5000.0,5000.0,,,,,,-161000.0,,,,,,,,,,,,,,,,,0.0,0.0,-3870000.0,-1480000.0,-1480000.0,-6631000.0,255000.0,,-5350000.0,-5605000.0,367000.0,,367000.0,-5151000.0,-6631000.0,8105000.0,-7085000.0,1727222.0,1727222.0,-3.84,-3.84,-6631000.0,-6631000.0,-6631000.0,-6631000.0,-6631000.0,,-6631000.0,-1393000.0,87000.0,-1480000.0,1480000.0,367000.0,,367000.0,-5605000.0,8105000.0,,,,4988000.0,3117000.0,,3117000.0,3117000.0,,,2500000.0,2500000.0,,,,,,,,,,,,,,,,,,
WDAY,2024-10-31,2024Q4,,,,,,,,,,,,,,,,,,,,,,,,,,,,,,,,,,,,,,,,,,,,,,,,,,,,,,,,,,,,,,,,,,,,,,,,,,,,,,,,,,,,,,,,,,,,,,,,,,,,,,,,,,,,,,,,,,,,,,,,,,,,,,,,,,,,,,,,,20000000.0,20000000.0,,,,,,,,,,,,,,,,,,,,,,,,,,,,,-15000000.0,,,,,,,,,,,60000000.0,,,,,,,,,,,,,,,,,,,,13000000.0,0.0,,,,,,-2000000.0,-2000000.0,,,,,,,,,,,,,,,,,,,,,,,,,,,,,,,,,,,,,,,,0.0,0.0,,,,,,,,,,,,,,,,,,,,,,,,,5000000.0,0.0,0.0,,,,,,,,,,,,,,,,,,,,,,,,,,,,,,,,,,,
WDAY,2025-01-31,2025Q1,,84000000.0,378000000.0,,99000000.0,99000000.0,578000000.0,-1324000000.0,2899000000.0,252000000.0,,1478000000.0,0.0,267000000.0,,5916000.0,266352000.0,272268000.0,1441000000.0,3362000000.0,5170000000.0,12018000000.0,4997000000.0,5170000000.0,9034000000.0,12018000000.0,9034000000.0,9034000000.0,84000000.0,,1308000000.0,-1205000000.0,11463000000.0,0.0,0.0,8943000000.0,3395000000.0,52000000.0,80000000.0,,3263000000.0,2984000000.0,5548000000.0,4467000000.0,4467000000.0,404000000.0,296000000.0,108000000.0,108000000.0,17977000000.0,7432000000.0,24000000.0,1600000000.0,1039000000.0,3864000000.0,386000000.0,3478000000.0,1575000000.0,10545000000.0,311000000.0,1950000000.0,1950000000.0,-10000000.0,1960000000.0,8017000000.0,1543000000.0,,80000000.0,279000000.0,,,,,,336000000.0,,,,,,,,,,,0.0,,247000000.0,,752000000.0,81000000.0,6474000000.0,,,,,,,,44000000.0,52000000.0,,247000000.0,,,,,,,,,,,,,,,,26000000.0,,,,,,,,,,,,,,,-640000000.0,1024000000.0,-1664000000.0,,,1026000000.0,-103000000.0,,-86000000.0,1554000000.0,1323000000.0,0.0,231000000.0,-154000000.0,-154000000.0,-131000000.0,-103000000.0,-103000000.0,,,,-727000000.0,-727000000.0,,,-86000000.0,1112000000.0,1112000000.0,442000000.0,877000000.0,,,123000000.0,28000000.0,28000000.0,-551000000.0,,106000000.0,397000000.0,,-5000000.0,-5000000.0,91000000.0,91000000.0,,94000000.0,10000000.0,,,,,,,,,,,,,,-1000000.0,,,0.0,17000000.0,80000000.0,-1000000.0,-7000000.0,10000000.0,,,0.0,0.0,,,,,,,,,,95000000.0,,,,,,,,,,-23000000.0,,,,,,,,,,,,,,,,,0.0,0.216667,239000000.0,,,94000000.0,91000000.0,539000000.0,239000000.0,148000000.0,55000000.0,28000000.0,83000000.0,94000000.0,94000000.0,2052000000.0,75000000.0,270007000.0,265837000.0,0.35,0.35,94000000.0,94000000.0,94000000.0,94000000.0,94000000.0,26000000.0,120000000.0,-94000000.0,-10000000.0,,,55000000.0,28000000.0,83000000.0,159000000.0,1513000000.0,,,,674000000.0,839000000.0,628000000.0,211000000.0,211000000.0,1672000000.0,539000000.0,2211000000.0,2211000000.0,,,,,,,,,,,,,,,,,,
WDAY,2025-04-30,2025Q2,,-44000000.0,408000000.0,,98000000.0,98000000.0,548000000.0,-1280000000.0,2775000000.0,255000000.0,,1420000000.0,0.0,268000000.0,,5916000.0,266596000.0,272512000.0,2013000000.0,3393000000.0,5077000000.0,11904000000.0,5142000000.0,5077000000.0,8919000000.0,11904000000.0,8919000000.0,8919000000.0,-44000000.0,,1601000000.0,-1137000000.0,11701000000.0,0.0,0.0,8293000000.0,3472000000.0,112000000.0,65000000.0,,3295000000.0,2985000000.0,4821000000.0,3812000000.0,3812000000.0,363000000.0,271000000.0,92000000.0,92000000.0,17212000000.0,7249000000.0,20000000.0,1557000000.0,1013000000.0,3842000000.0,364000000.0,3478000000.0,1495000000.0,9963000000.0,362000000.0,1363000000.0,1363000000.0,,,7970000000.0,972000000.0,,65000000.0,310000000.0,,,,,,355000000.0,,,,,,,,,,,,,249000000.0,,668000000.0,77000000.0,6998000000.0,,,,,,,,57000000.0,4000000.0,,249000000.0,,,,,,,,,,,,,,,,25000000.0,,,,,,,,,,,,,,,-487000000.0,862000000.0,-1349000000.0,21000000.0,21000000.0,421000000.0,-290000000.0,,-36000000.0,988000000.0,1554000000.0,1000000.0,-567000000.0,-501000000.0,-501000000.0,-211000000.0,-290000000.0,-290000000.0,,,,-523000000.0,-523000000.0,,,-36000000.0,457000000.0,457000000.0,-295000000.0,-723000000.0,,,-135000000.0,-4000000.0,-4000000.0,601000000.0,,142000000.0,459000000.0,,18000000.0,18000000.0,84000000.0,84000000.0,62000000.0,68000000.0,1000000.0,,,,,,,,,,,,,,0.0,,,55000000.0,10000000.0,,0.0,-38000000.0,1000000.0,,,,,,,,,,,,,,-131000000.0,,,,,,,,,,-20000000.0,,,,,,,,,,,,,,,,,-56407766.990291,0.339806,382000000.0,-166000000.0,-166000000.0,68000000.0,84000000.0,537000000.0,216000000.0,132000000.0,64000000.0,29000000.0,93000000.0,177592233.009709,68000000.0,2035000000.0,39000000.0,270296000.0,266516000.0,0.25,0.25,68000000.0,68000000.0,68000000.0,68000000.0,68000000.0,35000000.0,103000000.0,-166000000.0,,-166000000.0,132000000.0,64000000.0,29000000.0,93000000.0,205000000.0,1498000000.0,,,,663000000.0,835000000.0,623000000.0,212000000.0,212000000.0,1703000000.0,537000000.0,2240000000.0,2240000000.0,,34000000.0,,,,,,,,,,,,,,,,
WDAY,2025-07-31,2025Q3,,-74000000.0,791000000.0,,110000000.0,110000000.0,537000000.0,-1307000000.0,3147000000.0,259000000.0,,1407000000.0,0.0,278000000.0,,5916000.0,267000000.0,272916000.0,1721000000.0,3776000000.0,5351000000.0,12157000000.0,5462000000.0,5351000000.0,9172000000.0,12157000000.0,9172000000.0,9172000000.0,-74000000.0,,1900000000.0,-909000000.0,12055000000.0,0.0,0.0,8789000000.0,3844000000.0,113000000.0,65000000.0,,3666000000.0,2985000000.0,4945000000.0,3852000000.0,3852000000.0,446000000.0,346000000.0,100000000.0,100000000.0,17961000000.0,7554000000.0,44000000.0,1521000000.0,959000000.0,3821000000.0,343000000.0,3478000000.0,1840000000.0,10407000000.0,334000000.0,1609000000.0,1609000000.0,,,8186000000.0,1264000000.0,,65000000.0,681000000.0,,,,,,719000000.0,,,,,,,,,,,,,254000000.0,,685000000.0,77000000.0,6922000000.0,,,,,,,,45000000.0,6000000.0,,254000000.0,,,,,,,,,,,,,,,,23000000.0,,,,,,,,,,,,,,,41000000.0,918000000.0,-877000000.0,,,588000000.0,-299000000.0,,-28000000.0,1269000000.0,988000000.0,1000000.0,280000000.0,-349000000.0,-349000000.0,-161000000.0,-299000000.0,-299000000.0,,,,13000000.0,13000000.0,,,-28000000.0,616000000.0,616000000.0,-233000000.0,-58000000.0,,,36000000.0,,4000000.0,-264000000.0,,99000000.0,392000000.0,,66000000.0,66000000.0,81000000.0,81000000.0,,228000000.0,1000000.0,,,,,,,,,,,,,,0.0,,,0.0,48000000.0,,0.0,53000000.0,1000000.0,,,,,,,,,,,,,,32000000.0,,,,,,,,,,-18000000.0,,,,,,,,,,,,,,,,,-250000.0,0.25,415000000.0,-1000000.0,-1000000.0,228000000.0,81000000.0,582000000.0,414000000.0,333000000.0,59000000.0,29000000.0,88000000.0,228750000.0,228000000.0,2099000000.0,248000000.0,270180000.0,266777000.0,0.84,0.86,228000000.0,228000000.0,228000000.0,228000000.0,228000000.0,76000000.0,304000000.0,-4000000.0,-3000000.0,-1000000.0,1000000.0,59000000.0,29000000.0,88000000.0,249000000.0,1517000000.0,,,,660000000.0,857000000.0,641000000.0,216000000.0,216000000.0,1766000000.0,582000000.0,2348000000.0,2348000000.0,,,,,,,,,,,,,,,,,,
WDAY,2025-10-31,2025Q4,,-69000000.0,807000000.0,,117000000.0,117000000.0,574000000.0,-1356000000.0,3209000000.0,282000000.0,,1427000000.0,0.0,286000000.0,,5916000.0,264000000.0,269916000.0,377000000.0,3793000000.0,4043000000.0,11865000000.0,4158000000.0,4043000000.0,8879000000.0,11865000000.0,8879000000.0,8879000000.0,-69000000.0,,2706000000.0,-657000000.0,12311000000.0,0.0,0.0,8872000000.0,3855000000.0,109000000.0,70000000.0,,3676000000.0,2986000000.0,5017000000.0,3871000000.0,3871000000.0,455000000.0,352000000.0,103000000.0,103000000.0,17751000000.0,8576000000.0,60000000.0,1478000000.0,905000000.0,4836000000.0,573000000.0,4263000000.0,1853000000.0,9175000000.0,296000000.0,1750000000.0,1750000000.0,,,6843000000.0,2609000000.0,,70000000.0,690000000.0,,,,,,721000000.0,,,,,,,,,,,,,239000000.0,,702000000.0,77000000.0,4234000000.0,,,,,,,,54000000.0,12000000.0,,239000000.0,,,,,,,,,,,,,,,,44000000.0,,,,,,,,,,,,,,,2699000000.0,2940000000.0,-241000000.0,,,550000000.0,-802000000.0,,-38000000.0,2618000000.0,1269000000.0,-1000000.0,1350000000.0,-925000000.0,-925000000.0,-123000000.0,-802000000.0,-802000000.0,,,,1687000000.0,1687000000.0,,,-38000000.0,588000000.0,588000000.0,-256000000.0,-125000000.0,,,-32000000.0,,-7000000.0,-126000000.0,,110000000.0,376000000.0,,61000000.0,61000000.0,85000000.0,85000000.0,,252000000.0,-26000000.0,,,,,,,,,,,,,,-974000000.0,,,55000000.0,14000000.0,0.0,-974000000.0,27000000.0,-26000000.0,,,,,,,,,,,,,,-25000000.0,,,,,,,,,,-14000000.0,,,,,,,,,,,,,,,,,-1272189.349112,0.254438,457000000.0,-5000000.0,-5000000.0,252000000.0,85000000.0,591000000.0,452000000.0,367000000.0,55000000.0,29000000.0,84000000.0,255727810.650888,252000000.0,2168000000.0,259000000.0,268629000.0,265870000.0,0.94,0.95,252000000.0,252000000.0,252000000.0,252000000.0,252000000.0,86000000.0,338000000.0,19000000.0,24000000.0,-5000000.0,5000000.0,55000000.0,29000000.0,84000000.0,264000000.0,1577000000.0,,,,666000000.0,911000000.0,677000000.0,234000000.0,234000000.0,1841000000.0,591000000.0,2432000000.0,2432000000.0,,,,,,,,,,,,,,,,,,
WDAY,2026-01-31,2026Q1,,-136000000.0,834000000.0,,130000000.0,130000000.0,642000000.0,-1402000000.0,3214000000.0,334000000.0,,1397000000.0,0.0,306000000.0,,18688000.0,259131000.0,277819000.0,1486000000.0,3821000000.0,1874000000.0,10792000000.0,2051000000.0,1874000000.0,7805000000.0,10792000000.0,7805000000.0,7805000000.0,-136000000.0,,4220000000.0,-512000000.0,12673000000.0,0.0,0.0,10269000000.0,3891000000.0,129000000.0,71000000.0,,3691000000.0,2987000000.0,6378000000.0,5010000000.0,5010000000.0,596000000.0,454000000.0,142000000.0,142000000.0,18074000000.0,9645000000.0,67000000.0,1463000000.0,829000000.0,5931000000.0,702000000.0,5229000000.0,1812000000.0,8429000000.0,348000000.0,2332000000.0,2332000000.0,-16000000.0,2348000000.0,5443000000.0,1501000000.0,,71000000.0,704000000.0,,,,,,719000000.0,,,,,,,,,,,0.0,,233000000.0,,690000000.0,74000000.0,3942000000.0,,,,,,,,59000000.0,2000000.0,,233000000.0,,,,,,,,,,,,,,,,78000000.0,,,,,,,,,,,,,,,300000000.0,575000000.0,-275000000.0,,,1218000000.0,-1504000000.0,,-60000000.0,1509000000.0,2618000000.0,1000000.0,-1110000000.0,-1544000000.0,-1544000000.0,-121000000.0,-1504000000.0,-1504000000.0,,,,-844000000.0,-844000000.0,,,-60000000.0,1278000000.0,1278000000.0,455000000.0,971000000.0,,,111000000.0,13000000.0,13000000.0,-571000000.0,,64000000.0,399000000.0,,73000000.0,73000000.0,97000000.0,97000000.0,,145000000.0,-63000000.0,,,,,,,,,,,,,,-1105000000.0,,,0.0,,81000000.0,-1105000000.0,-56000000.0,-63000000.0,,,0.0,0.0,,,,,,,,,,98000000.0,,,,,,,,,,-9000000.0,,,,,,,,,,,,,,,,,-52400000.0,0.4,520000000.0,-131000000.0,-131000000.0,145000000.0,97000000.0,611000000.0,389000000.0,292000000.0,27000000.0,28000000.0,55000000.0,223600000.0,145000000.0,2227000000.0,174000000.0,263411000.0,261273000.0,0.55,0.56,145000000.0,145000000.0,145000000.0,145000000.0,145000000.0,119000000.0,264000000.0,-68000000.0,63000000.0,-131000000.0,131000000.0,27000000.0,28000000.0,55000000.0,305000000.0,1616000000.0,,,,691000000.0,925000000.0,675000000.0,250000000.0,250000000.0,1921000000.0,611000000.0,2532000000.0,2532000000.0,,,,,,,,,,,,,,,,,,
GOOG,2024-09-30,2024Q3,,,,6851000000.0,2971000000.0,2971000000.0,,,,12468000000.0,46009000000.0,625000000.0,,,,,,,,,,,,,,,,,,,,,,,,,,,1721000000.0,706000000.0,,,,,,,,,,,,,,,,,,,,,,,,,,,,1015000000.0,,,,,,,,,,,,,,,9209000000.0,10750000000.0,,,,,,,80300000000.0,,,,,,,,,,,,,,,,,,,,,,,,,,,,,,,,,,,,,,,,,,,,,,,,,,,,,,,,,,,,,,,,,,,,,,,,,,,,,,,,,,,,,,,,,,,,,,,,,,,,,,,,,,,,,,,,,,,,,,,,,,,,,,,,,,,,,,,,,,,,,,,,,,,,,,,,,,,,,,,,,,,,,,,,,,,,,,,,,,,,,,,,,,,,,,,,,,,,,,,,,,,,,,,,,,,,,,,,,,
GOOG,2024-12-31,2024Q4,,,,6322000000.0,2887000000.0,2887000000.0,,,,,,,,,,,,,,22574000000.0,,,,,,,,,,,,,,,,,,,,,,,,,,,,,,,,,,,,,,,,,,,,,,,,,,,,,,,,,,,,,,,,,,,,,,,,,,,,,,,,,,,,,,,,,,,,,,,,,,,,,,,,,,,,,,,,,,,,,,,,,,,,,,,,,,,,,,,,,,,,,,,,,,,,,,,,,,,,,,,,,,,,,,,,,,,,,,,,,,,,,,,,,,,,,,,,,,,,,,,,,,,,,,,,,,,,,,,,,,,,,,,,,,,,,,,,,,,,,,,,,,,,,,,,,,,,,-87000000.0,,,,,,,,,,,,,,,,,,,,,,87000000.0,,,,,,,,,,,,,,
GOOG,2025-03-31,2025Q1,,-4086000000.0,11678000000.0,6534000000.0,1000000000.0,,9984000000.0,-83778000000.0,282562000000.0,,,,0.0,,,,12155000000.0,12155000000.0,,,313094000000.0,357153000000.0,70398000000.0,313094000000.0,345267000000.0,356153000000.0,345267000000.0,345267000000.0,-4086000000.0,,,262628000000.0,,86725000000.0,86725000000.0,130107000000.0,38453000000.0,6116000000.0,,,22564000000.0,10886000000.0,91654000000.0,4908000000.0,4908000000.0,69228000000.0,46682000000.0,22546000000.0,8497000000.0,475374000000.0,313322000000.0,12950000000.0,18386000000.0,18386000000.0,32173000000.0,,32173000000.0,198784000000.0,162052000000.0,15724000000.0,51000000000.0,51000000000.0,-915000000.0,51915000000.0,95328000000.0,23264000000.0,9773000000.0,,11678000000.0,1000000000.0,4889000000.0,9160000000.0,51029000000.0,51029000000.0,237691000000.0,,,,,,,,13319000000.0,9945000000.0,,0.0,,51029000000.0,,44871000000.0,,72064000000.0,,,,,1000000000.0,9160000000.0,,,,,,,,,,,,,,,,,,,,,,,,,,,,,,,,,,,,1193000000.0,20604000000.0,-19411000000.0,,,18953000000.0,-15068000000.0,-4521000000.0,-17197000000.0,23264000000.0,23466000000.0,43000000.0,-245000000.0,-20201000000.0,-20201000000.0,400000000.0,-15068000000.0,-15068000000.0,11000000.0,11000000.0,-4521000000.0,-16194000000.0,-16194000000.0,-17197000000.0,,,36150000000.0,36150000000.0,2238000000.0,7697000000.0,,-1288000000.0,-5809000000.0,-880000000.0,-880000000.0,1638000000.0,1638000000.0,481000000.0,5516000000.0,,-1152000000.0,-1152000000.0,4487000000.0,4487000000.0,4487000000.0,34540000000.0,-9960000000.0,4532000000.0,4532000000.0,-2434000000.0,-17197000000.0,,,,,,,,,,-340000000.0,,-2434000000.0,,,-3110000000.0,-340000000.0,,-9960000000.0,,150000000.0,,,,,,,,,,,,-4929000000.0,,,,,,,,,,,,,,,,,,,,,,,,,,,1704742000.0,0.173,36456000000.0,9854000000.0,9854000000.0,34540000000.0,4487000000.0,36361000000.0,46310000000.0,41823000000.0,967000000.0,34000000.0,1001000000.0,26390742000.0,34540000000.0,59628000000.0,30606000000.0,12291000000.0,12183000000.0,2.81,2.84,34540000000.0,34540000000.0,34540000000.0,34540000000.0,34540000000.0,7249000000.0,41789000000.0,10216000000.0,384000000.0,-22000000.0,,967000000.0,34000000.0,1001000000.0,30606000000.0,23267000000.0,,,,13556000000.0,9711000000.0,6172000000.0,3539000000.0,3539000000.0,53873000000.0,36361000000.0,90234000000.0,90234000000.0,,,,22000000.0,,,9854000000.0,-22000000.0,,,,,,0.0,,,,
GOOG,2025-06-30,2025Q2,,-2127000000.0,11952000000.0,7099000000.0,,,12168000000.0,-89349000000.0,306835000000.0,,,,0.0,,,,12104000000.0,12104000000.0,2571000000.0,,330581000000.0,386523000000.0,78906000000.0,330581000000.0,362916000000.0,386523000000.0,362916000000.0,362916000000.0,-2127000000.0,,,275760000000.0,,89283000000.0,89283000000.0,139137000000.0,51827000000.0,6241000000.0,,,35559000000.0,23607000000.0,87310000000.0,4969000000.0,4969000000.0,63074000000.0,50829000000.0,12245000000.0,8347000000.0,502053000000.0,335837000000.0,14153000000.0,19289000000.0,19289000000.0,32335000000.0,,32335000000.0,217486000000.0,166216000000.0,16020000000.0,55048000000.0,55048000000.0,-878000000.0,55926000000.0,95148000000.0,21036000000.0,10027000000.0,,11952000000.0,,3112000000.0,786000000.0,52574000000.0,52574000000.0,261342000000.0,,,,,,,,9413000000.0,11623000000.0,,0.0,,52574000000.0,,45493000000.0,,74112000000.0,,,,,,786000000.0,,,,,,,,,,,,,,,,,,,,,,,,,,,,,,,,,,,,-1572000000.0,21199000000.0,-22771000000.0,,,5301000000.0,-13638000000.0,-13876000000.0,-22446000000.0,21036000000.0,23264000000.0,401000000.0,-2629000000.0,-5832000000.0,-5832000000.0,0.0,-13638000000.0,-13638000000.0,12970000000.0,12970000000.0,-13876000000.0,-24544000000.0,-24544000000.0,-22446000000.0,,,27747000000.0,27747000000.0,-10110000000.0,-9495000000.0,,-1479000000.0,3703000000.0,553000000.0,553000000.0,-2839000000.0,-2839000000.0,560000000.0,5998000000.0,,-444000000.0,-444000000.0,4998000000.0,4998000000.0,4998000000.0,28196000000.0,-1451000000.0,26846000000.0,26846000000.0,-2543000000.0,-22446000000.0,,,,,,,,,,-13000000.0,,-2543000000.0,,,-2621000000.0,-13000000.0,,-1451000000.0,,-513000000.0,,,,,,,,,,,,3150000000.0,,,,,,,,,,,,,,,,,,,,,,,,,,,233558000.0,0.169,37810000000.0,1382000000.0,1382000000.0,28196000000.0,4998000000.0,39039000000.0,39192000000.0,34194000000.0,789000000.0,261000000.0,1050000000.0,27047558000.0,28196000000.0,65157000000.0,31271000000.0,12198000000.0,12122000000.0,2.31,2.33,28196000000.0,28196000000.0,28196000000.0,28196000000.0,28196000000.0,5737000000.0,33933000000.0,1873000000.0,72000000.0,419000000.0,,789000000.0,261000000.0,1050000000.0,31271000000.0,26118000000.0,,,,13808000000.0,12310000000.0,7101000000.0,5209000000.0,5209000000.0,57389000000.0,39039000000.0,96428000000.0,96428000000.0,,,,-419000000.0,,,1382000000.0,419000000.0,,,,,,,,,,
GOOG,2025-09-30,2025Q3,,-2054000000.0,12106000000.0,10564000000.0,,,13944000000.0,-93950000000.0,332261000000.0,,,,0.0,,,,12077000000.0,12077000000.0,,,353598000000.0,408474000000.0,74397000000.0,353598000000.0,386867000000.0,408474000000.0,386867000000.0,386867000000.0,-2054000000.0,,,297226000000.0,,91695000000.0,91695000000.0,149602000000.0,50052000000.0,6267000000.0,,,33713000000.0,21607000000.0,99550000000.0,5542000000.0,5542000000.0,69500000000.0,54399000000.0,15101000000.0,10546000000.0,536469000000.0,362522000000.0,16811000000.0,10331000000.0,10331000000.0,33269000000.0,,33269000000.0,238311000000.0,173947000000.0,18303000000.0,57148000000.0,57148000000.0,-918000000.0,58066000000.0,98496000000.0,23090000000.0,10072000000.0,,12106000000.0,,4004000000.0,551000000.0,63800000000.0,63800000000.0,286546000000.0,,,,,,,,11040000000.0,12050000000.0,,0.0,,63800000000.0,,45715000000.0,,75406000000.0,,,,,,551000000.0,,,,,,,,,,,,,,,,,,,,,,,,,,,,,,,,,,,,-1270000000.0,20694000000.0,-21964000000.0,,,24461000000.0,-11504000000.0,-7697000000.0,-23953000000.0,23090000000.0,21036000000.0,-200000000.0,2254000000.0,-18383000000.0,-18383000000.0,0.0,-11504000000.0,-11504000000.0,-1073000000.0,-1073000000.0,-7697000000.0,-27777000000.0,-27777000000.0,-23953000000.0,,,48414000000.0,48414000000.0,3783000000.0,3115000000.0,,-1293000000.0,4342000000.0,-3736000000.0,-444000000.0,-2381000000.0,-2381000000.0,-198000000.0,6368000000.0,,8726000000.0,8726000000.0,5611000000.0,5611000000.0,5611000000.0,34979000000.0,-10855000000.0,6624000000.0,6624000000.0,-2536000000.0,-23953000000.0,,,,,,,,,,-1072000000.0,,-2536000000.0,,,-3270000000.0,-1072000000.0,,-10855000000.0,,-1482000000.0,,,,,,,,,,,,8078000000.0,,,,,,,,,,,,,,,,,,,,,,,,,,,2196165000.0,0.205,39028000000.0,10713000000.0,10713000000.0,34979000000.0,5611000000.0,41369000000.0,49741000000.0,44130000000.0,933000000.0,143000000.0,1076000000.0,26462165000.0,34979000000.0,71118000000.0,31228000000.0,12203000000.0,12086000000.0,2.87,2.89,34979000000.0,34979000000.0,34979000000.0,34979000000.0,34979000000.0,9008000000.0,43987000000.0,11826000000.0,1143000000.0,-30000000.0,,933000000.0,143000000.0,1076000000.0,31228000000.0,29749000000.0,,,,15151000000.0,14598000000.0,7205000000.0,7393000000.0,7393000000.0,60977000000.0,41369000000.0,102346000000.0,102346000000.0,,,,30000000.0,,,10713000000.0,-30000000.0,,,,,,,,,,
GOOG,2025-12-31,2025Q4,,-1916000000.0,12744000000.0,,,,17546000000.0,-98485000000.0,360303000000.0,,,,0.0,,,,12088000000.0,12088000000.0,15839000000.0,,381885000000.0,461812000000.0,103293000000.0,381885000000.0,415265000000.0,461812000000.0,415265000000.0,415265000000.0,-1916000000.0,,,324055000000.0,,93126000000.0,93126000000.0,180016000000.0,77271000000.0,8449000000.0,,,59291000000.0,46547000000.0,102745000000.0,6578000000.0,6578000000.0,78621000000.0,64948000000.0,13673000000.0,12200000000.0,595281000000.0,389243000000.0,16245000000.0,9113000000.0,9113000000.0,33380000000.0,,33380000000.0,261818000000.0,206038000000.0,16309000000.0,62886000000.0,62886000000.0,-924000000.0,63810000000.0,126843000000.0,30708000000.0,9531000000.0,,12744000000.0,,950000000.0,523000000.0,68687000000.0,68687000000.0,311955000000.0,,,,,,,,,,,0.0,,68687000000.0,,48348000000.0,,96135000000.0,,,,,,523000000.0,,,,,,,,,,,,,,,,,,,,,,,,,,,,,,,,,,,,-23233000000.0,22110000000.0,-45343000000.0,,,24551000000.0,-5499000000.0,-6333000000.0,-27851000000.0,30708000000.0,23090000000.0,-36000000.0,7654000000.0,7028000000.0,7028000000.0,0.0,-5499000000.0,-5499000000.0,20229000000.0,20229000000.0,-6333000000.0,-51776000000.0,-51776000000.0,-27851000000.0,,,52402000000.0,52402000000.0,4707000000.0,-2123000000.0,,-482000000.0,12509000000.0,4970000000.0,1678000000.0,-5197000000.0,-5197000000.0,1265000000.0,7071000000.0,,1218000000.0,1218000000.0,6040000000.0,6040000000.0,6040000000.0,34455000000.0,-2354000000.0,26562000000.0,26562000000.0,-2536000000.0,-27851000000.0,,,,,,,,,,-167000000.0,,-2536000000.0,,,-5166000000.0,-167000000.0,,-2354000000.0,,-525000000.0,,,,,,,,,,,,7539000000.0,,,,,,,,,,,,,,,,,,,,,,,,,,,272805123.092262,0.119181,43166000000.0,2289000000.0,2289000000.0,34455000000.0,6040000000.0,45767000000.0,45455000000.0,39415000000.0,911000000.0,298000000.0,1209000000.0,32438805123.092262,34455000000.0,77895000000.0,35934000000.0,12228000000.0,12073000000.0,2.82,2.85,34455000000.0,34455000000.0,34455000000.0,34455000000.0,34455000000.0,4662000000.0,39117000000.0,2272000000.0,69000000.0,-86000000.0,,911000000.0,298000000.0,1209000000.0,35934000000.0,32128000000.0,,,,18572000000.0,13556000000.0,8215000000.0,5341000000.0,5341000000.0,68062000000.0,45767000000.0,113829000000.0,113829000000.0,,,,86000000.0,,,2289000000.0,-86000000.0,,,,,,,,,,
GOOG,2026-03-31,2026Q1,,-2180000000.0,12983000000.0,,,,13947000000.0,-100180000000.0,396709000000.0,,,,0.0,,,,12116000000.0,12116000000.0,39438000000.0,90484000000.0,411528000000.0,556247000000.0,102565000000.0,411528000000.0,478746000000.0,556247000000.0,478746000000.0,478746000000.0,-2180000000.0,,,384024000000.0,,96902000000.0,96902000000.0,225173000000.0,113985000000.0,11044000000.0,,,90484000000.0,77501000000.0,111188000000.0,7162000000.0,7162000000.0,90079000000.0,68691000000.0,21388000000.0,16852000000.0,703919000000.0,490166000000.0,17478000000.0,1995000000.0,1995000000.0,67218000000.0,9444000000.0,57774000000.0,296529000000.0,213753000000.0,23914000000.0,62999000000.0,62999000000.0,-962000000.0,63961000000.0,126840000000.0,38063000000.0,12457000000.0,,12983000000.0,,631000000.0,3905000000.0,106946000000.0,106946000000.0,347937000000.0,,,,,,,,22655000000.0,15408000000.0,,0.0,,106946000000.0,,48772000000.0,,88777000000.0,,,,,,3905000000.0,,,,,,,,,,,,,,,,,,,,,,,,,,,,,,,,,,,,6902000000.0,38849000000.0,-31947000000.0,,,10116000000.0,0.0,-1477000000.0,-35674000000.0,38063000000.0,30708000000.0,-123000000.0,7478000000.0,25077000000.0,25077000000.0,3200000000.0,0.0,0.0,29902000000.0,29902000000.0,-1477000000.0,-63389000000.0,-63389000000.0,-35674000000.0,,,45790000000.0,45790000000.0,-1402000000.0,8606000000.0,,-3403000000.0,-6242000000.0,-240000000.0,-240000000.0,-363000000.0,-363000000.0,1265000000.0,6751000000.0,,6920000000.0,6920000000.0,6482000000.0,6482000000.0,6482000000.0,62578000000.0,-36804000000.0,31379000000.0,31379000000.0,-2542000000.0,-35674000000.0,,,,,,,,,,-33621000000.0,,-2542000000.0,,,-5483000000.0,-33621000000.0,,-36804000000.0,,-996000000.0,,,,,,,,,,,,-6002000000.0,,,,,,,,,,,,,,,,,,,,,,,,,,,7080508189.944711,0.191624,47477000000.0,36950000000.0,36950000000.0,62578000000.0,6482000000.0,41271000000.0,84427000000.0,77945000000.0,848000000.0,533000000.0,1381000000.0,32708508189.94471,62578000000.0,70200000000.0,39696000000.0,12238000000.0,12099000000.0,5.11,5.17,62578000000.0,62578000000.0,62578000000.0,62578000000.0,62578000000.0,14834000000.0,77412000000.0,36868000000.0,-142000000.0,,,848000000.0,533000000.0,1381000000.0,39696000000.0,28929000000.0,,,,17032000000.0,11897000000.0,7606000000.0,4291000000.0,4291000000.0,68625000000.0,41271000000.0,109896000000.0,109896000000.0,,,,,,,36950000000.0,60000000.0,,,,,,0.0,,,,
FORM,2024-09-30,2024Q3,,,,,,,,,,,,,,,,,,,,,,,,,,,,,,,,,,,,,,,,,,,,,,,,,,,,,,,,,,,,,,,,,,,,,,,,,,,,,,,,,,,,,,,,,,,,,,,,,,,,,,,,,,,,,,,,,,,,,,,,,,,,,,,,,,,,,,,,,640000.0,640000.0,,-16940000.0,,,,,,,,,,,-16940000.0,,,,,,,,,,,,,,,,,,,,,,,,,,,,,0.0,,,,,,,,,,,,,,,,,,,,,,,,,,,,,,,,,,,,,,,,,,,,,,,,,,,,,,,,,,,,,,,,,,,,,,,,,,,,,,,,,,,,,,,,,,,,,,,,,,,,,,,,,,,,,,,,,,,,,,,,,,,,,,,,,
FORM,2024-12-31,2024Q4,,,,,,,,,,,,,,,,,,,,,,,,,,,,,,,,,,,,,,,,0.0,,,,,,,,,,,,,,,,,,,,,,,,,,,,,,,,,,,,,,,,,,,,,,0.0,,,,,,,,,,,,,,,,,,,,,,,,,,,,,,,,,,,,,,,,,,,,,,,,,,,662000.0,662000.0,,,,,,,,,,,,,,,,,,,,,,,,,,,,,,,,,,,,,,,,,,1509000.0,,,,,,,,,,,,,,,0.0,,,,,,,,,0.0,,,,,,,,,,0.0,1674000.0,,,,,,,,,,,,,,,,,,,,,,,,,,,,,,,,,,,,,,,,,,,,,,,,,,,,,,,,,,,,,,,,,,,,,,,,,,,,,,,,,,,,,0.0,,,,,,,,,
FORM,2025-03-31,2025Q1,,-6037000.0,24441000.0,,9574000.0,8461000.0,24354000.0,-387142000.0,615513000.0,102588000.0,56886000.0,372377000.0,0.0,,,,77075636.0,77075636.0,,37481000.0,756493000.0,,427226000.0,756493000.0,965874000.0,977801000.0,965874000.0,965874000.0,-6037000.0,,,127346000.0,844488000.0,77000.0,77000.0,190293000.0,66278000.0,20371000.0,18000000.0,,27907000.0,11927000.0,124015000.0,14996000.0,14996000.0,75091000.0,8727000.0,66364000.0,64536000.0,1156167000.0,604926000.0,5748000.0,92759000.0,92759000.0,209381000.0,9681000.0,199700000.0,228371000.0,551241000.0,42716000.0,98605000.0,98605000.0,-12000.0,98617000.0,298988000.0,129889000.0,,18000000.0,15980000.0,1113000.0,,1828000.0,,,20054000.0,109965000.0,,,20566000.0,42526000.0,46873000.0,,,,,,,68667000.0,,46484000.0,17124000.0,169099000.0,,,,,1113000.0,1828000.0,,,,,68667000.0,,,,,,,,967000.0,,,,,,,,,,,,,,,,,,,,,,,1080000.0,27410000.0,-26330000.0,674000.0,674000.0,4955000.0,,-273000.0,-18584000.0,133301000.0,197206000.0,180000.0,-64085000.0,-2964000.0,-2964000.0,-2132000.0,21576000.0,,-273000.0,-273000.0,-273000.0,-84660000.0,-84660000.0,-18584000.0,,,23539000.0,23539000.0,-6557000.0,-620000.0,-1318000.0,469000.0,2609000.0,10535000.0,10535000.0,6293000.0,6293000.0,1078000.0,9796000.0,2879000.0,-691000.0,-691000.0,8830000.0,8830000.0,8830000.0,6401000.0,,,,,-18584000.0,,,,,,,,,,-67156000.0,0.0,,92000.0,1826000.0,-22135000.0,-67156000.0,-3794000.0,,0.0,,,,,,,,,,,0.0,1803000.0,-7926000.0,-10196000.0,,21576000.0,21576000.0,,,,,,,,,,,,,,,,,,,,,,,0.0,0.143793,12099000.0,0.0,0.0,6401000.0,8830000.0,106833000.0,12099000.0,3269000.0,3317000.0,,3317000.0,6401000.0,6401000.0,168087000.0,3269000.0,77884000.0,77345000.0,0.08,0.08,6401000.0,6401000.0,6401000.0,6401000.0,6401000.0,1075000.0,7476000.0,890000.0,890000.0,0.0,,3317000.0,,3317000.0,3269000.0,61254000.0,,,,27800000.0,33454000.0,,,,64523000.0,106833000.0,171356000.0,171356000.0,,,,,,,,,0.0,,,,,,,,,0.0
FORM,2025-06-30,2025Q2,,3450000.0,23150000.0,,9040000.0,7919000.0,28383000.0,-398043000.0,676806000.0,103978000.0,86863000.0,384724000.0,0.0,,,,77111430.0,77111430.0,,35915000.0,780148000.0,,401295000.0,780148000.0,990023000.0,1001667000.0,990023000.0,990023000.0,3450000.0,,,136432000.0,850064000.0,77000.0,77000.0,191585000.0,67618000.0,22743000.0,18000000.0,,26875000.0,11644000.0,123967000.0,16450000.0,16450000.0,70094000.0,8149000.0,61945000.0,59932000.0,1181608000.0,656346000.0,5649000.0,94795000.0,94795000.0,209875000.0,9017000.0,200858000.0,278763000.0,525262000.0,48884000.0,115199000.0,115199000.0,-36000.0,115235000.0,249329000.0,67380000.0,,18000000.0,15231000.0,1121000.0,,2013000.0,,,19475000.0,110789000.0,,,19861000.0,42181000.0,48747000.0,,,,,,,67264000.0,,46492000.0,35274000.0,181949000.0,,,,,1121000.0,2013000.0,,,,,67264000.0,,,,,,,,1061000.0,,,,,,,,,,,,,,,,,,,,,,,-12400000.0,35093000.0,-47493000.0,665000.0,665000.0,-47363000.0,,-276000.0,-66256000.0,70905000.0,133301000.0,1478000.0,-63874000.0,-4214000.0,-4214000.0,-1487000.0,-24586000.0,,-276000.0,-276000.0,-276000.0,-78553000.0,-78553000.0,-66256000.0,,,18893000.0,18893000.0,-15809000.0,1753000.0,-227000.0,-9000.0,2631000.0,-886000.0,-886000.0,-15863000.0,-15863000.0,3219000.0,9391000.0,3816000.0,-1948000.0,-1948000.0,9560000.0,9560000.0,8221000.0,9086000.0,,,,,-66256000.0,,,,,,,,,,103000.0,103000.0,,95000.0,3617000.0,,0.0,-1923000.0,,3484000.0,,,,,,,,,,,-103000.0,,3517000.0,-2171000.0,,0.0,0.0,,,,,,,,,,,,,,,,,,,,,,,0.0,0.159,21866000.0,0.0,0.0,9086000.0,9560000.0,122860000.0,21866000.0,12306000.0,2642000.0,,2642000.0,9086000.0,9086000.0,183492000.0,12306000.0,77527000.0,77107000.0,0.12,0.12,9086000.0,9086000.0,9086000.0,9086000.0,9086000.0,2372000.0,14942000.0,-6000.0,-6000.0,0.0,,2642000.0,,2642000.0,12306000.0,60632000.0,,,,28793000.0,31839000.0,,,,72938000.0,122860000.0,195798000.0,195798000.0,,,,,,,,,0.0,,,,,,,,,-3484000.0
FORM,2025-09-30,2025Q3,,48000.0,20717000.0,,8529000.0,7400000.0,30984000.0,-405132000.0,680515000.0,104552000.0,89872000.0,386862000.0,0.0,,,,77517097.0,77517097.0,,33205000.0,800389000.0,,429145000.0,800389000.0,1009615000.0,1020974000.0,1009615000.0,1009615000.0,48000.0,,,152088000.0,857401000.0,78000.0,78000.0,193377000.0,63262000.0,20586000.0,18000000.0,,24676000.0,11359000.0,130115000.0,21623000.0,21623000.0,68979000.0,7906000.0,61073000.0,58389000.0,1202992000.0,643732000.0,4417000.0,88265000.0,88265000.0,209226000.0,8385000.0,200841000.0,275383000.0,559260000.0,50027000.0,133316000.0,133316000.0,-121000.0,133437000.0,266029000.0,97678000.0,,18000000.0,13317000.0,1129000.0,,2684000.0,,,17471000.0,108830000.0,,,19263000.0,42912000.0,46655000.0,,,,,,,66441000.0,,46484000.0,35274000.0,168351000.0,,,,,1129000.0,2684000.0,,,,,66441000.0,,,,,,,,1058000.0,,,,,,,,,,,,,,,,,,,,,,,14223000.0,35778000.0,-21555000.0,,,19486000.0,-1658000.0,-277000.0,-7505000.0,101111000.0,70905000.0,-1121000.0,31327000.0,-2382000.0,-2382000.0,-4990000.0,2885000.0,-1658000.0,-277000.0,-277000.0,-277000.0,6718000.0,6718000.0,-7505000.0,,,26991000.0,26991000.0,-18780000.0,5055000.0,-3912000.0,-529000.0,-537000.0,-3950000.0,-3950000.0,-18502000.0,-18502000.0,-2949000.0,9516000.0,3227000.0,6490000.0,6490000.0,9771000.0,9771000.0,11110000.0,15656000.0,-1168000.0,,,,-7505000.0,,,,,,,,,,0.0,0.0,,89000.0,2171000.0,,0.0,1190000.0,,-1168000.0,,,,,,,,,,,0.0,,3413000.0,-1545000.0,,4543000.0,4543000.0,,,,,,,,,,,,,,,,,,,,,,,-280524.0,0.291,29704000.0,-964000.0,-964000.0,15656000.0,9771000.0,122050000.0,28740000.0,18969000.0,1976000.0,,1976000.0,16339476.0,15656000.0,183707000.0,18005000.0,77734000.0,77387000.0,0.2,0.2,15656000.0,15656000.0,15656000.0,15656000.0,15656000.0,5937000.0,20425000.0,-520000.0,444000.0,-964000.0,,1976000.0,,1976000.0,18969000.0,61657000.0,,,,28686000.0,32971000.0,,,,80626000.0,122050000.0,202676000.0,202676000.0,964000.0,,,,,,,,0.0,,,,,,,,,1168000.0
FORM,2025-12-31,2025Q4,,-3528000.0,20150000.0,,8799000.0,7662000.0,36685000.0,-390323000.0,666593000.0,104262000.0,94151000.0,369202000.0,0.0,,,,77647935.0,77647935.0,,32358000.0,803072000.0,,433193000.0,803072000.0,1035403000.0,1046474000.0,1035403000.0,1035403000.0,-3528000.0,,,175306000.0,863547000.0,78000.0,78000.0,188959000.0,65098000.0,21939000.0,19600000.0,1600000.0,23559000.0,11071000.0,123861000.0,20091000.0,20091000.0,58286000.0,7752000.0,50534000.0,47436000.0,1224362000.0,667308000.0,5087000.0,89524000.0,89524000.0,232331000.0,16302000.0,216029000.0,276270000.0,557054000.0,44519000.0,125416000.0,125416000.0,-29000.0,125445000.0,275172000.0,103330000.0,,18000000.0,12488000.0,1137000.0,,3098000.0,,,17202000.0,110884000.0,,,20103000.0,42812000.0,47969000.0,,,,,0.0,,64096000.0,,46502000.0,35274000.0,171842000.0,,,,,1137000.0,3098000.0,,,,,64096000.0,,,,,,,,1063000.0,,,,,,,,,,,,,,,,,,,,,,,-3080000.0,27849000.0,-30929000.0,,,34662000.0,,-280000.0,-11313000.0,107047000.0,101111000.0,-993000.0,6929000.0,-4073000.0,-4073000.0,-3793000.0,26244000.0,,-280000.0,-280000.0,-280000.0,-34973000.0,-34973000.0,-11313000.0,,,45975000.0,45975000.0,-1819000.0,-1699000.0,-348000.0,-414000.0,-5784000.0,-11381000.0,-11381000.0,7916000.0,7916000.0,7651000.0,9873000.0,4931000.0,-1924000.0,-1924000.0,9428000.0,9428000.0,9428000.0,23218000.0,1820000.0,,,,-11313000.0,,,,,,,,,,-20580000.0,0.0,,86000.0,1318000.0,,-20580000.0,5261000.0,,-290000.0,,,,,,,,,,,0.0,-5228000.0,5597000.0,-6751000.0,,0.0,0.0,,,,,,,,,,,,,,,,,,,,,,,-232351.96625,0.136357,46143000.0,-1704000.0,-1704000.0,23218000.0,9428000.0,124399000.0,44439000.0,35011000.0,2184000.0,,2705000.0,24689648.03375,23218000.0,189969000.0,23490000.0,78864000.0,77581000.0,0.29,0.3,23218000.0,23218000.0,23218000.0,23218000.0,23218000.0,3620000.0,26548000.0,-830000.0,874000.0,-1704000.0,,2184000.0,,2705000.0,25194000.0,65570000.0,,,,30403000.0,35167000.0,,,,90764000.0,124399000.0,215163000.0,215163000.0,1704000.0,,,,,,,,0.0,,,,,,,,,290000.0
FORM,2026-03-31,2026Q1,,-7658000.0,19964000.0,,9471000.0,8326000.0,33197000.0,-393325000.0,658173000.0,102391000.0,92766000.0,364830000.0,0.0,,,,77954440.0,77954440.0,,31891000.0,827905000.0,1070726000.0,468695000.0,827905000.0,1058799000.0,1069581000.0,1058799000.0,1058799000.0,-7658000.0,,,195690000.0,870689000.0,78000.0,78000.0,197051000.0,64940000.0,22952000.0,19568000.0,1568000.0,22420000.0,10782000.0,132111000.0,26291000.0,26291000.0,63152000.0,7791000.0,55361000.0,54226000.0,1255850000.0,655044000.0,4423000.0,90632000.0,90632000.0,230894000.0,15482000.0,215412000.0,264848000.0,600806000.0,51596000.0,132155000.0,132155000.0,-6000.0,132161000.0,303281000.0,123539000.0,,18000000.0,11638000.0,1145000.0,,1135000.0,,,16404000.0,112877000.0,,,19713000.0,41362000.0,51802000.0,,,,,,,64247000.0,,46508000.0,35274000.0,179742000.0,,,,,1145000.0,1135000.0,,,,,64247000.0,,,,,,,,897000.0,,,,,,,,,,,,,,,,,,,,,,,-8291000.0,28819000.0,-37110000.0,,,29769000.0,,-281000.0,-15192000.0,126448000.0,107047000.0,-957000.0,20358000.0,-1196000.0,-1196000.0,-6751000.0,5836000.0,,-281000.0,-281000.0,-281000.0,-23407000.0,-23407000.0,-15192000.0,,,44961000.0,44961000.0,-12394000.0,5981000.0,-483000.0,32000.0,2261000.0,7525000.0,7525000.0,-7014000.0,-7014000.0,16019000.0,8063000.0,4804000.0,-1136000.0,-1136000.0,9172000.0,9172000.0,9172000.0,20384000.0,-1517000.0,,,,-15192000.0,,,,,,,,,,0.0,,,85000.0,1042000.0,0.0,0.0,-5743000.0,,-1517000.0,76000.0,,,,,,,,,,,1566000.0,-5264000.0,-7428000.0,,5836000.0,5836000.0,,,,,,,,,,,,,,,,,,,,,,,-145424.077247,0.020558,39968000.0,-7074000.0,-7074000.0,20384000.0,9172000.0,139350000.0,32894000.0,23722000.0,2174000.0,,2174000.0,27312575.922753,20384000.0,202422000.0,16648000.0,79415000.0,77825000.0,0.26,0.26,20384000.0,20384000.0,20384000.0,20384000.0,20384000.0,396000.0,19263000.0,-6633000.0,441000.0,-7074000.0,,2174000.0,,2174000.0,23722000.0,63072000.0,,,,30780000.0,32292000.0,,,,86794000.0,139350000.0,226144000.0,226144000.0,7074000.0,,,,,,,,,,,,,,,,,1517000.0
TRIP,2024-09-30,2024Q3,,-61000000.0,,,,,,,,,,,,,,,,,,,,,,,,,,,,,,,,,,,,,,,,,,,,,,,,,,,,,,,,,,,,,,,,,77000000.0,24000000.0,,,,,,,,,,,,,,,,,,,,,,,,,,,,,,,,,,,,,,,,46000000.0,,,,,1000000.0,,,,,,,,,,,,,,,,,,,,,,,,1000000.0,1000000.0,,0.0,,,,,,,,,,0.0,0.0,,,,,,,,,,,,,,,,,,,,,,,,,,,20000000.0,,,,,,,,,,,,,,,,,,,,,,,,,,,,,,,,,,,,,,,,,,,,,,,,,,,,,,,,,,,,,,,,,,,,,,,,,,,,,,,,,,,,,,,,,,,,,,,,,,,,,,,,,,,,,,,,,,,,,,,,,,,,,,,,,,,
TRIP,2024-12-31,2024Q4,,,,,,,,,,24000000.0,,71000000.0,0.0,,,26260252.0,,,,,,,,,,,,,,-91000000.0,,,,,,,,,,,,,,,,,,,,,,,,,,,,,,,,,,,,,78000000.0,23000000.0,,,,,,,,,,,,,,,,,,,,,,,,,,,,,,,,,,,,,,,,,,,,,1000000.0,,,,,,,,,,,,,,,,,,,,,,,,1000000.0,1000000.0,,0.0,,,,,,,,,,0.0,0.0,,,,,,,,,,,,,,,,,,,,,,3000000.0,,,,,21000000.0,,,,,,,,,,,,,,,,,,,,-25000000.0,,,,,,,,,,,,,,,,,,,,,,,,,,,,,,,,,,,,,,,,,,1000000.0,1000000.0,,,,,,,,,,,,,,,,,,,,,,,,,,,,,,-20000000.0,6000000.0,,,,,,,,,,21000000.0,,,,,,,,,,,,,,,,,,,,,,,,,,,
TRIP,2025-03-31,2025Q1,,-75000000.0,83000000.0,63000000.0,30000000.0,12000000.0,,-586000000.0,824000000.0,,,,,,,26260252.0,141806677.0,168066929.0,31000000.0,1268000000.0,-217000000.0,1828000000.0,701000000.0,-217000000.0,643000000.0,1810000000.0,643000000.0,643000000.0,-402000000.0,-327000000.0,847000000.0,265000000.0,1627000000.0,0.0,0.0,2113000000.0,1330000000.0,91000000.0,1000000.0,1000000.0,1238000000.0,1167000000.0,783000000.0,82000000.0,82000000.0,608000000.0,141000000.0,467000000.0,61000000.0,2756000000.0,1272000000.0,44000000.0,100000000.0,100000000.0,860000000.0,35000000.0,825000000.0,238000000.0,1484000000.0,67000000.0,263000000.0,229000000.0,-27000000.0,256000000.0,1154000000.0,1154000000.0,,,71000000.0,18000000.0,365000000.0,41000000.0,,,824000000.0,,,,,,,34000000.0,318000000.0,836000000.0,,0.0,,30000000.0,,,,,,,,,18000000.0,25000000.0,,,,,,,,,,,,,,,1000000.0,,,,,,,,,,,,,,,,,,,,,,,,,,82700000.0,,-334800000.0,-19000000.0,1154000000.0,1064300000.0,9300000.0,80400000.0,-2300000.0,-2300000.0,-8900000.0,,,6600000.0,6600000.0,-334800000.0,-19000000.0,-19000000.0,,,-19000000.0,101700000.0,101700000.0,55600000.0,122500000.0,,,-1800000.0,-1800000.0,-1800000.0,-65100000.0,-65100000.0,6600000.0,27900000.0,,1300000.0,1300000.0,21300000.0,21300000.0,,-11000000.0,,341400000.0,341400000.0,,,,,,,,,,,,,,,10500000.0,2000000.0,,,,,,,,,,,,,,,,,,,,,,,,,,,,,,,,,,,,,,,,,,700000.0,700000.0,,-2121000.0,0.21,22800000.0,-10100000.0,-10100000.0,-11000000.0,21300000.0,26800000.0,12700000.0,-8600000.0,-1700000.0,11700000.0,10000000.0,-3021000.0,-11000000.0,403600000.0,-15500000.0,141000000.0,141000000.0,-0.08,-0.08,-11000000.0,-11000000.0,-11000000.0,-11000000.0,-11000000.0,-9300000.0,-20300000.0,-13200000.0,-3100000.0,-10100000.0,10100000.0,-1700000.0,11700000.0,10000000.0,-5400000.0,376800000.0,21300000.0,21300000.0,20600000.0,,332800000.0,171600000.0,161200000.0,17400000.0,371400000.0,26800000.0,398200000.0,398200000.0,,,,,,22700000.0,,,,,143800000.0,,,,,,,
TRIP,2025-06-30,2025Q2,,-46000000.0,87000000.0,65000000.0,367000000.0,14000000.0,,-612000000.0,864000000.0,,,,,,,,116050247.0,141806677.0,,1262000000.0,-251000000.0,1802000000.0,298000000.0,-251000000.0,627000000.0,1449000000.0,627000000.0,627000000.0,-46000000.0,,40000000.0,301000000.0,412000000.0,0.0,0.0,2240000000.0,991000000.0,95000000.0,1000000.0,1000000.0,895000000.0,822000000.0,1249000000.0,85000000.0,85000000.0,732000000.0,150000000.0,582000000.0,80000000.0,2867000000.0,1320000000.0,45000000.0,116000000.0,116000000.0,878000000.0,35000000.0,843000000.0,252000000.0,1547000000.0,51000000.0,284000000.0,247000000.0,-29000000.0,276000000.0,1212000000.0,1212000000.0,,,73000000.0,353000000.0,473000000.0,29000000.0,,,864000000.0,,,,,,,37000000.0,338000000.0,874000000.0,,0.0,,29000000.0,,,,,,,,,353000000.0,21000000.0,,,,,,,,,,,,,,,,,,,,,,,,,,,,,,,,,,,,,,,,,177300000.0,,326800000.0,-25000000.0,1212000000.0,1154000000.0,10700000.0,47600000.0,-127700000.0,-127700000.0,-3100000.0,,,326400000.0,326400000.0,326800000.0,-27000000.0,-27000000.0,,,-25000000.0,202300000.0,202300000.0,105400000.0,103500000.0,,,16800000.0,,,-14900000.0,-14900000.0,9400000.0,29100000.0,,-300000.0,-300000.0,22700000.0,22700000.0,,36000000.0,,-400000.0,-400000.0,,,,,,,,,,,,,,,16500000.0,13000000.0,,,,,,,,,,,,,,,,,,,,,,,,,,,,,,,,,,,,,,,,,,,,,0.0,0.232,87000000.0,0.0,0.0,36000000.0,22700000.0,42300000.0,87000000.0,64000000.0,-7000000.0,17000000.0,10000000.0,36000000.0,36000000.0,470000000.0,59000000.0,130000000.0,125000000.0,0.28,0.29,36000000.0,36000000.0,36000000.0,36000000.0,36000000.0,11000000.0,47000000.0,-5000000.0,-5000000.0,0.0,0.0,-7000000.0,17000000.0,10000000.0,59000000.0,428000000.0,23000000.0,23000000.0,,,380000000.0,218000000.0,162000000.0,13000000.0,487000000.0,42000000.0,529000000.0,529000000.0,,,,,,25000000.0,,,,,149000000.0,,,0.0,,,,
TRIP,2025-09-30,2025Q3,,-47000000.0,83000000.0,61000000.0,367000000.0,14000000.0,,-627000000.0,876000000.0,,,,,,,2808080.0,116802970.0,119611050.0,,1257000000.0,-170000000.0,1881000000.0,374000000.0,-170000000.0,707000000.0,1528000000.0,707000000.0,707000000.0,-47000000.0,,40000000.0,354000000.0,440000000.0,0.0,0.0,2138000000.0,988000000.0,97000000.0,1000000.0,1000000.0,890000000.0,821000000.0,1150000000.0,65000000.0,65000000.0,657000000.0,162000000.0,495000000.0,65000000.0,2845000000.0,1321000000.0,44000000.0,123000000.0,123000000.0,877000000.0,34000000.0,843000000.0,249000000.0,1524000000.0,48000000.0,258000000.0,226000000.0,-30000000.0,256000000.0,1218000000.0,1218000000.0,,,69000000.0,353000000.0,393000000.0,37000000.0,,,876000000.0,,,,,,,32000000.0,396000000.0,822000000.0,,0.0,,28000000.0,,,,,,,,,353000000.0,27000000.0,,,,,,,,,,,,,,,,,,,,,,,,,,,,,,,,,,,,,,,,,25000000.0,0.0,-4000000.0,-19000000.0,1218000000.0,1212000000.0,-12000000.0,18000000.0,-7000000.0,-7000000.0,-3000000.0,0.0,0.0,-4000000.0,-4000000.0,-4000000.0,-19000000.0,-19000000.0,,,-19000000.0,44000000.0,44000000.0,-57000000.0,-77000000.0,,,-3000000.0,,,23000000.0,23000000.0,3000000.0,28000000.0,,-7000000.0,-7000000.0,24000000.0,24000000.0,,53000000.0,,0.0,0.0,,,,,,,,,,,,,,,16000000.0,5000000.0,,,,,,0.0,,,,,,,,,,,,,,,,,,,,,,,,,,,,,,,,,,,,700000.0,700000.0,,0.0,0.16,104000000.0,0.0,0.0,53000000.0,24000000.0,40500000.0,104000000.0,80000000.0,-7000000.0,17000000.0,10000000.0,53000000.0,53000000.0,482500000.0,70000000.0,124000000.0,116000000.0,0.43,0.46,53000000.0,53000000.0,53000000.0,53000000.0,53000000.0,10000000.0,63000000.0,,,0.0,0.0,-7000000.0,17000000.0,10000000.0,70500000.0,441500000.0,23500000.0,23500000.0,22800000.0,,392000000.0,227000000.0,165000000.0,18000000.0,512000000.0,41000000.0,553000000.0,553000000.0,,,,,,26000000.0,,,,,147000000.0,,,,,,,
TRIP,2025-12-31,2025Q4,,,79000000.0,68000000.0,367000000.0,14000000.0,,-161000000.0,250000000.0,28000000.0,,73000000.0,0.0,,,6105262.0,114472043.0,120577305.0,137000000.0,1251000000.0,-388000000.0,1817000000.0,293000000.0,-388000000.0,645000000.0,1464000000.0,645000000.0,645000000.0,-41000000.0,-41000000.0,90000000.0,316000000.0,460000000.0,0.0,0.0,1980000000.0,982000000.0,4000000.0,21000000.0,1000000.0,884000000.0,819000000.0,998000000.0,53000000.0,53000000.0,510000000.0,138000000.0,372000000.0,23000000.0,2625000000.0,1334000000.0,47000000.0,137000000.0,137000000.0,1033000000.0,189000000.0,844000000.0,89000000.0,1291000000.0,47000000.0,209000000.0,180000000.0,-27000000.0,207000000.0,1035000000.0,1035000000.0,73000000.0,20000000.0,65000000.0,353000000.0,308000000.0,41000000.0,,,149000000.0,,,,,,,29000000.0,369000000.0,666000000.0,,0.0,,28000000.0,,,,,,,,,353000000.0,32000000.0,,,,,,,,,,,,,,,,,,,,,,,,,,,,,,,,,,,,,,,,,-122000000.0,-50000000.0,-5000000.0,-19000000.0,1035000000.0,1218000000.0,-1000000.0,-182000000.0,-60000000.0,-60000000.0,-5000000.0,-50000000.0,-50000000.0,-5000000.0,-5000000.0,-5000000.0,-19000000.0,-19000000.0,,,-19000000.0,-103000000.0,-103000000.0,-123000000.0,-114000000.0,,,-58000000.0,,,49000000.0,49000000.0,-1000000.0,23000000.0,,4000000.0,4000000.0,24000000.0,24000000.0,,-38000000.0,,0.0,0.0,,,,,,,,,,,,,,,16000000.0,9000000.0,,,,,,0.0,,,,,,,,,,,,,,,,,,,,,,,,,,,,,,,,,,,,600000.0,600000.0,,-6533333.333333,0.155556,37700000.0,-42000000.0,-42000000.0,-38000000.0,24000000.0,35700000.0,-4300000.0,-29000000.0,-7000000.0,16000000.0,9000000.0,-2533333.333333,-38000000.0,412700000.0,-34000000.0,116000000.0,116000000.0,-0.33,-0.33,-38000000.0,-38000000.0,-38000000.0,-38000000.0,-38000000.0,-7000000.0,-45000000.0,-37000000.0,7000000.0,-33000000.0,33000000.0,-7000000.0,16000000.0,9000000.0,-1700000.0,377700000.0,24700000.0,24700000.0,24100000.0,,327000000.0,174000000.0,153000000.0,20000000.0,376000000.0,35000000.0,411000000.0,411000000.0,,,,,,26000000.0,,,,,133000000.0,,,,,,,
TRIP,2026-03-31,2026Q1,,-48500000.0,75100000.0,59400000.0,368000000.0,14500000.0,,-634600000.0,872400000.0,,,,,,,6105262.0,116294499.0,122399761.0,50600000.0,1246100000.0,-249300000.0,1794700000.0,280600000.0,-249300000.0,623700000.0,1441200000.0,623700000.0,623700000.0,-48500000.0,,90200000.0,284200000.0,478100000.0,100000.0,100000.0,2101800000.0,975600000.0,96400000.0,1100000.0,1100000.0,878100000.0,817500000.0,1126200000.0,86400000.0,86400000.0,612400000.0,128800000.0,483600000.0,61500000.0,2725500000.0,1318700000.0,45800000.0,134500000.0,134500000.0,873000000.0,32900000.0,840100000.0,237800000.0,1406800000.0,61400000.0,225000000.0,178600000.0,-28500000.0,207100000.0,1120400000.0,1120400000.0,,,60600000.0,353500000.0,405700000.0,16400000.0,,,872400000.0,,,,,,,46400000.0,90700000.0,1029700000.0,,0.0,,27600000.0,,,,,,,,,353500000.0,6300000.0,,,,,,,,,,,,,,,,,,,,,,,,,,,,,,,,,,,,,,,,,101300000.0,,-4000000.0,-16500000.0,1120400000.0,1034900000.0,-6300000.0,91800000.0,-9500000.0,-9500000.0,-5500000.0,,,-4000000.0,-4000000.0,-4000000.0,-16500000.0,-16500000.0,,,-16500000.0,117800000.0,117800000.0,99400000.0,113800000.0,,,21000000.0,21000000.0,21000000.0,-35400000.0,-35400000.0,2500000.0,20700000.0,,3000000.0,3000000.0,24600000.0,24600000.0,,-32400000.0,,0.0,0.0,,,,,,,,,,,,,,,14300000.0,,,,,,,,,,,,,,,,,,,,,,,,,,,,,,,,,,,,,,,,,,,500000.0,500000.0,,-1320000.0,0.4,12000000.0,-3300000.0,-3300000.0,-32400000.0,24600000.0,32800000.0,8700000.0,-15900000.0,-7800000.0,15700000.0,7900000.0,-30420000.0,-32400000.0,404300000.0,-25200000.0,115400000.0,115400000.0,-0.28,-0.28,-32400000.0,-32400000.0,-32400000.0,-32400000.0,-32400000.0,800000.0,-31600000.0,-1900000.0,1400000.0,-3300000.0,3300000.0,-7800000.0,15700000.0,7900000.0,-21900000.0,371500000.0,24600000.0,24600000.0,24100000.0,,321900000.0,177600000.0,144300000.0,14700000.0,349600000.0,32800000.0,382400000.0,382400000.0,,,,,,25000000.0,,,,,129600000.0,,,,,,,
CARS,2024-09-30,2024Q3,,,,,,,,,,,,,,,,,,,,,,,,,,,,,,,,,,,,,,,,,,,,,,,,,,,,,,,,,,,,,,,,,,,,,,,,,,,,,,,,,,,,,,,,,,,,,,,,,,,,,,,,,,,,,,,,,,,,,,,,,,,,,,,,,,,,,,,,,,,,,,,,,,,,,0.0,,,,,,,,,,,,,,,,,,,,,,,,,,,,,,,,,,,,,,,,,,,,,,,,,,,,,,,,,,,,,,,,,,,,,,,,,,,,,,,,,,,,,,,,,,,,,,,,,,,,,,,,,,,,,,,,,,,,,,,,,,,,,,,,,,,,,,,,,,,,,,,,,,,,,,,,,,,,,,,,
CARS,2024-12-31,2024Q4,,-1598000.0,,,,,36295000.0,-103095000.0,143799000.0,17398000.0,,126401000.0,0.0,,13782000.0,,64391000.0,64391000.0,404615000.0,455288000.0,-217484000.0,966773000.0,97445000.0,-217484000.0,511485000.0,966773000.0,511485000.0,511485000.0,-1598000.0,,,-961546000.0,1473986000.0,643000.0,643000.0,600380000.0,483495000.0,21434000.0,6773000.0,6773000.0,455288000.0,455288000.0,116885000.0,,,80590000.0,47092000.0,33498000.0,33498000.0,1111865000.0,897535000.0,27332000.0,100530000.0,100530000.0,728969000.0,585690000.0,143279000.0,40704000.0,214330000.0,16134000.0,133741000.0,133741000.0,-2455000.0,136196000.0,50673000.0,50673000.0,,,,,,,,,,,,,,,,,,,,0.0,,,,,,,,,,,,,,,,,,,,,,,,,,,,,,,,,,,,,,,,,,,,,,,,,,,17312000.0,17312000.0,24442000.0,-13493000.0,-10000000.0,-5565000.0,50673000.0,49573000.0,-441000.0,1541000.0,-22903000.0,-22903000.0,0.0,-13493000.0,-13493000.0,-10000000.0,-10000000.0,-10000000.0,-5563000.0,-5563000.0,-954000.0,,-4611000.0,30007000.0,30007000.0,-11286000.0,,-17391000.0,,8537000.0,1157000.0,1157000.0,-9747000.0,-9747000.0,376000.0,6864000.0,755000.0,-575000.0,-575000.0,24683000.0,24683000.0,7371000.0,17304000.0,-8114000.0,,,,-954000.0,,,,,,,,,,2000.0,,,14072000.0,981000.0,590000.0,2000.0,7315000.0,,,,,,,,,,,,,,,7380000.0,,2732000.0,,,,,,,,,,,,,,,,,,,,,,,,,0.0,0.139361,52528000.0,,,17304000.0,24683000.0,31730000.0,52528000.0,27845000.0,-7739000.0,7739000.0,,17304000.0,17304000.0,160650000.0,19781000.0,66802000.0,65071000.0,0.26,0.27,17304000.0,17304000.0,17304000.0,17304000.0,17304000.0,2802000.0,20106000.0,8064000.0,8064000.0,,,-7739000.0,7739000.0,,19781000.0,128920000.0,24683000.0,24683000.0,,29040000.0,75197000.0,53838000.0,21359000.0,21359000.0,148701000.0,31730000.0,180431000.0,177296000.0,,,,,,,,,,,,,,,,,,
CARS,2025-03-31,2025Q1,,-2054000.0,,,,,28212000.0,,,,,,,,11931000.0,,63710000.0,63710000.0,424156000.0,455591000.0,-246339000.0,945506000.0,71778000.0,-246339000.0,489915000.0,945506000.0,489915000.0,489915000.0,-2054000.0,,,-963559000.0,1454891000.0,637000.0,637000.0,593768000.0,482816000.0,20427000.0,6798000.0,6798000.0,455591000.0,455591000.0,110952000.0,,,82740000.0,53325000.0,29415000.0,29415000.0,1083683000.0,900953000.0,26923000.0,101259000.0,101259000.0,736254000.0,571006000.0,165248000.0,36517000.0,182730000.0,8391000.0,130973000.0,130973000.0,,,31435000.0,31435000.0,,,,,,,,,,,,,,,,,,,,0.0,,,,,,,,,,,,,,,,,,,,,,,,,,,,,,,,,,,,,,,,,,,,,,,,9481000.0,9481000.0,,17378000.0,17378000.0,23660000.0,-21538000.0,-10000000.0,-5795000.0,31435000.0,50673000.0,-570000.0,-18668000.0,-27387000.0,-27387000.0,,-21538000.0,-21538000.0,0.0,0.0,-10000000.0,-20736000.0,-20736000.0,-811000.0,,-4984000.0,29455000.0,29455000.0,-5340000.0,,4396000.0,,-13116000.0,-4696000.0,-4696000.0,2410000.0,2410000.0,1431000.0,8334000.0,359000.0,-343000.0,-343000.0,27039000.0,27039000.0,9661000.0,-2013000.0,-12000.0,10000000.0,10000000.0,,-811000.0,,,,,,,,,,-24422000.0,,,1164000.0,1321000.0,-5849000.0,-24422000.0,970000.0,,,,,,,,,,,,,,,-8420000.0,,-12000.0,,,,,,,,,,,,,,,,,,,,,,,,,0.0,0.21,33474000.0,,,-2013000.0,27039000.0,30939000.0,33474000.0,6435000.0,-7668000.0,7668000.0,,-2013000.0,-2013000.0,172564000.0,6460000.0,64467000.0,64467000.0,-0.03,-0.03,-2013000.0,-2013000.0,-2013000.0,-2013000.0,-2013000.0,780000.0,-1233000.0,-25000.0,-25000.0,,,-7668000.0,7668000.0,,6460000.0,141625000.0,27039000.0,27039000.0,,28478000.0,86108000.0,60225000.0,25883000.0,25883000.0,148085000.0,30939000.0,179024000.0,175423000.0,,,,,,,,,,,,,,,,,,
CARS,2025-06-30,2025Q2,,-261000.0,,,,,22528000.0,,,,,,,,11320000.0,,61799000.0,61799000.0,428193000.0,455897000.0,-239708000.0,939114000.0,80719000.0,-239708000.0,483217000.0,939114000.0,483217000.0,483217000.0,-261000.0,,,-956550000.0,1439410000.0,618000.0,618000.0,581437000.0,482511000.0,19407000.0,7207000.0,7207000.0,455897000.0,455897000.0,98926000.0,,,76398000.0,45463000.0,30935000.0,30935000.0,1064654000.0,885009000.0,26314000.0,99772000.0,99772000.0,722925000.0,555363000.0,167562000.0,35998000.0,179645000.0,7769000.0,132852000.0,132852000.0,,,27704000.0,27704000.0,,,,,,,,,,,,,,,,,,,,0.0,,,,,,,,,,,,,,,,,,,,,,,,,,,,,,,,,,,,,,,,,,,,,,,,0.0,0.0,,17458000.0,17458000.0,18187000.0,-23106000.0,0.0,-8041000.0,27704000.0,31435000.0,385000.0,-4116000.0,-21956000.0,-21956000.0,,-23106000.0,-23106000.0,0.0,-10000000.0,0.0,-8388000.0,-8388000.0,-2531000.0,,-5510000.0,26228000.0,26228000.0,-12928000.0,,-7607000.0,,-3929000.0,2221000.0,2221000.0,-1615000.0,-1615000.0,958000.0,6679000.0,598000.0,1501000.0,1501000.0,24873000.0,24873000.0,7415000.0,7009000.0,-2462000.0,0.0,,,-2531000.0,,,,,,,,,,-347000.0,,,13903000.0,767000.0,1150000.0,-347000.0,223000.0,,,,,,,,,,,,,,,-6150000.0,,-2462000.0,,,,,,,,,,,,,,,,,,,,,,,,,0.0,0.29685,42485000.0,,,7009000.0,24873000.0,30547000.0,42485000.0,17612000.0,-7644000.0,7644000.0,,7009000.0,7009000.0,163493000.0,15246000.0,63842000.0,63163000.0,0.11,0.11,7009000.0,7009000.0,7009000.0,7009000.0,7009000.0,2959000.0,9968000.0,2366000.0,2366000.0,,,-7644000.0,7644000.0,,15246000.0,132946000.0,24873000.0,24873000.0,,28634000.0,79439000.0,57757000.0,21682000.0,21682000.0,148192000.0,30547000.0,178739000.0,175114000.0,,,,,,,,,,,,,,,,,,
CARS,2025-09-30,2025Q3,,-972000.0,,,,,28890000.0,,,,,,,,15483000.0,,60360000.0,60360000.0,396134000.0,451206000.0,-226208000.0,928775000.0,95533000.0,-226208000.0,477569000.0,928775000.0,477569000.0,477569000.0,-972000.0,,,-948892000.0,1426829000.0,604000.0,604000.0,593818000.0,476999000.0,19135000.0,6658000.0,6658000.0,451206000.0,451206000.0,116819000.0,,,87929000.0,54889000.0,33040000.0,33040000.0,1071387000.0,859035000.0,25694000.0,94280000.0,94280000.0,703777000.0,537174000.0,166603000.0,35284000.0,212352000.0,12972000.0,128825000.0,128825000.0,,,55072000.0,55072000.0,,,,,,,,,,,,,,,,,,,,0.0,,,,,,,,,,,,,,,,,,,,,,,,,,,,,,,,,,,,,,,,,,,,,,,,0.0,0.0,,17463000.0,17463000.0,52642000.0,-19695000.0,-5000000.0,-6196000.0,55072000.0,27704000.0,-51000.0,27419000.0,-25223000.0,-25223000.0,,-19695000.0,-19695000.0,-5000000.0,5000000.0,-5000000.0,-6196000.0,-6196000.0,-559000.0,,-5637000.0,58838000.0,58838000.0,12282000.0,,9657000.0,,8606000.0,2155000.0,2155000.0,3262000.0,3262000.0,1325000.0,7420000.0,544000.0,5111000.0,5111000.0,23464000.0,23464000.0,6001000.0,7658000.0,1034000.0,0.0,,,-559000.0,,,,,,,,,,0.0,,,1986000.0,135000.0,-528000.0,0.0,-9243000.0,,,,,,,,,,,,,,,6451000.0,,1034000.0,,,,,,,,,,,,,,,,,,,,,,,,,0.0,0.284433,41797000.0,,,7658000.0,23464000.0,30063000.0,41797000.0,18333000.0,-7631000.0,7631000.0,,7658000.0,7658000.0,164768000.0,16805000.0,63070000.0,61708000.0,0.12,0.12,7658000.0,7658000.0,7658000.0,7658000.0,7658000.0,3044000.0,10702000.0,1528000.0,1528000.0,,,-7631000.0,7631000.0,,16805000.0,134705000.0,23464000.0,23464000.0,,27580000.0,83661000.0,59336000.0,24325000.0,24325000.0,151510000.0,30063000.0,181573000.0,178189000.0,,,,,,,,,,,,,,,,,,
CARS,2025-12-31,2025Q4,,-556000.0,,,,,38074000.0,-117057000.0,152280000.0,20130000.0,,132150000.0,0.0,,15491000.0,,58636000.0,58636000.0,395280000.0,451516000.0,-221759000.0,924046000.0,98205000.0,-221759000.0,472530000.0,924046000.0,472530000.0,472530000.0,-556000.0,,,-941494000.0,1413994000.0,586000.0,586000.0,589888000.0,476501000.0,18744000.0,6241000.0,6241000.0,451516000.0,451516000.0,113387000.0,,,75313000.0,47564000.0,27749000.0,27749000.0,1062418000.0,850826000.0,32720000.0,88594000.0,88594000.0,694289000.0,527082000.0,167207000.0,35223000.0,211592000.0,7920000.0,131945000.0,131945000.0,-2473000.0,134418000.0,56236000.0,56236000.0,,,,,,,,,,,,,,,,,,,,0.0,,,,,,,,,,,,,,,,,,,,,,,,,,,,,,,,,,,,,,,,,,,,,,,,0.0,0.0,,10527000.0,10527000.0,31245000.0,-22568000.0,0.0,-5873000.0,56236000.0,55072000.0,181000.0,983000.0,-22056000.0,-22056000.0,,-22568000.0,-22568000.0,0.0,0.0,0.0,-14079000.0,-14079000.0,-385000.0,,-5488000.0,37118000.0,37118000.0,-1191000.0,,-7160000.0,,3634000.0,-5365000.0,-5365000.0,-3456000.0,-3456000.0,551000.0,8894000.0,460000.0,5181000.0,5181000.0,16466000.0,16466000.0,5939000.0,7398000.0,-641000.0,0.0,0.0,,-385000.0,,,,,,,,,,0.0,,,12902000.0,345000.0,512000.0,0.0,5791000.0,,,,,,,,,,,,,,,8999000.0,,-641000.0,,,,,,,,,,,,,,,,,,,,,,,,,0.0,0.21,38774000.0,,,7398000.0,16466000.0,31779000.0,38774000.0,22308000.0,-7439000.0,7439000.0,,7398000.0,7398000.0,162164000.0,21739000.0,61730000.0,60258000.0,0.12,0.12,7398000.0,7398000.0,7398000.0,7398000.0,7398000.0,7471000.0,14869000.0,569000.0,569000.0,,,-7439000.0,7439000.0,,21739000.0,130385000.0,16466000.0,16466000.0,,32638000.0,81281000.0,62047000.0,19234000.0,19234000.0,152124000.0,31779000.0,183903000.0,180632000.0,,,,,,,,,,,,,,,,,,
AMZN,2024-09-30,2024Q3,,,,,,,,,,,,,,,,,,,,,,,,,,,,,,,,,,,,,,,,,,,,,,,,,,,,,,,,,,,,,,,,,,,,,,,,,,,,,,,,,,,,,,,,,,,,,,,,,,,,,,,,,,,,,,,,,,,,,,,,,,,,,,,,,,,,,,,,,,,,,,,,,,,,,-78000000.0,,,,,,,,,,,,,,,,,,,,,,,,,,,,,,,,,,,,,,,,,,,,,,,,,,,,,,,,,,,,,,,,,,,,,,,,,,,,,,,,,,,,,,,,,,,,,,,,,,,,,,,,,,,,,,,,,,,,,,,,,,,,,,,,,,,,,,,,,,,,,,,,,,,,,,,,,,,,,,,,
AMZN,2024-12-31,2024Q4,,,,,,,,-141390000000.0,,,46636000000.0,,123039000000.0,,,,,,,,,,,,,,,,,,,,,,,,,,,,,,,,,,,,,,,,,,,8602000000.0,,,,,,,,,,,,,,,,,,,,,,,,,,,,,,,,,,,,,,,,,,,,,,,,,,,,,,,,,,,,,,,,,,,,,,,,,,,,,,,,,,,,,,,,,,,,,,,,,,,,,,,,,,,,,,,,,,,,,,,,,,,,,,,,,,,,,,,,,,,,,,,,-2535000000.0,,,,,,,,,,,,,,,,,,,,,,,,,,,,,,,,,,,,,,,,,,,,,,,,,,,,,,,,,,,,,,,,,,,,,,,,,,,,,,,,,,,,,,,,,,,,,,,,,,,,,,,,,,,,,
AMZN,2025-03-31,2025Q1,,-914000000.0,79871000000.0,,,,,,351276000000.0,,,,,,,515000000.0,10613000000.0,11128000000.0,,133245000000.0,282778000000.0,359241000000.0,8474000000.0,282778000000.0,305867000000.0,359241000000.0,305867000000.0,305867000000.0,-914000000.0,,7837000000.0,189993000000.0,124514000000.0,111000000.0,111000000.0,337389000000.0,161218000000.0,27973000000.0,,,133245000000.0,53374000000.0,176171000000.0,20599000000.0,20599000000.0,155572000000.0,66331000000.0,89241000000.0,89241000000.0,643256000000.0,458611000000.0,84246000000.0,,,23089000000.0,,23089000000.0,351276000000.0,184645000000.0,,54216000000.0,54216000000.0,-2000000000.0,56216000000.0,94565000000.0,66207000000.0,,,79871000000.0,,,,,,351276000000.0,35864000000.0,-2800000000.0,38664000000.0,,,,,,,,0.0,,,,,,28358000000.0,,,,,,,,,,,,,,,,,,,,,,,,,,,,,,,,,,,,,,,,,,-5596000000.0,7737000000.0,-13333000000.0,,,-8004000000.0,,-2608000000.0,-25019000000.0,69893000000.0,82312000000.0,416000000.0,-12835000000.0,-47000000.0,-47000000.0,,,,-47000000.0,220000000.0,-526000000.0,-29803000000.0,-29803000000.0,-24255000000.0,764000000.0,,17015000000.0,17015000000.0,-15753000000.0,728000000.0,,-3402000000.0,-13104000000.0,-9043000000.0,-9043000000.0,1247000000.0,1247000000.0,-2817000000.0,3689000000.0,,507000000.0,507000000.0,14262000000.0,14262000000.0,,17127000000.0,,2561000000.0,746000000.0,,-25019000000.0,,,,,,,,,,48000000.0,48000000.0,,362000000.0,877000000.0,,,,,,,,,,,,,,,,,,-4061000000.0,-1222000000.0,,,,,,,,,,-267000000.0,1815000000.0,,,,,-2082000000.0,,,,,,,,,,584272614.050464,0.210019,33700000000.0,2782000000.0,2782000000.0,17127000000.0,14262000000.0,76976000000.0,36482000000.0,22220000000.0,525000000.0,541000000.0,1066000000.0,14929272614.050465,17127000000.0,137262000000.0,18405000000.0,10793000000.0,10603000000.0,1.59,1.62,17127000000.0,17127000000.0,17127000000.0,17127000000.0,17127000000.0,4553000000.0,21679000000.0,2749000000.0,-33000000.0,,,525000000.0,541000000.0,1066000000.0,18405000000.0,60286000000.0,,,,,12391000000.0,9763000000.0,2628000000.0,2628000000.0,78691000000.0,76976000000.0,155667000000.0,155667000000.0,,,,,,47895000000.0,2782000000.0,,,,,,,,,,,1000000.0
AMZN,2025-06-30,2025Q2,,2420000000.0,83221000000.0,,,,,,379741000000.0,,,,,,,515000000.0,10660000000.0,11175000000.0,,133939000000.0,310620000000.0,384493000000.0,4499000000.0,310620000000.0,333775000000.0,384493000000.0,333775000000.0,333775000000.0,2420000000.0,,7837000000.0,208157000000.0,130923000000.0,112000000.0,112000000.0,348395000000.0,161474000000.0,27535000000.0,,,133939000000.0,50718000000.0,186921000000.0,21662000000.0,21662000000.0,165259000000.0,66974000000.0,98285000000.0,98285000000.0,682170000000.0,490750000000.0,87854000000.0,,,23155000000.0,,23155000000.0,379741000000.0,191420000000.0,,57415000000.0,57415000000.0,-2100000000.0,59515000000.0,93180000000.0,57741000000.0,,,83221000000.0,,,,,,379741000000.0,40825000000.0,-2800000000.0,43625000000.0,,,,,,,,0.0,,,,,,35439000000.0,,,,,,,,,,,,,,,,,,,,,,,,,,,,,,,,,,,,,,,,,,-6356000000.0,11441000000.0,-17797000000.0,,,332000000.0,,-4632000000.0,-32183000000.0,61453000000.0,69893000000.0,1008000000.0,-9448000000.0,-2539000000.0,-2539000000.0,,,,-2539000000.0,-3240000000.0,-3240000000.0,-39424000000.0,-39424000000.0,-31368000000.0,815000000.0,,32515000000.0,32515000000.0,-6163000000.0,-119000000.0,,-2971000000.0,2106000000.0,7058000000.0,7058000000.0,-1125000000.0,-1125000000.0,-1258000000.0,6534000000.0,,11000000.0,11000000.0,15227000000.0,15227000000.0,,18164000000.0,,2093000000.0,0.0,,-32183000000.0,,,,,,,,,,-1700000000.0,,,647000000.0,4761000000.0,,-1700000000.0,,,,,,,,,,,,,,,,-4952000000.0,-4054000000.0,,,,,,,,,,701000000.0,2093000000.0,,,,,-1392000000.0,,,,,,,,,,143677518.339167,0.128398,35481000000.0,1119000000.0,1119000000.0,18164000000.0,15227000000.0,80809000000.0,36600000000.0,21373000000.0,569000000.0,516000000.0,1085000000.0,17188677518.33917,18164000000.0,148531000000.0,19171000000.0,10806000000.0,10637000000.0,1.68,1.71,18164000000.0,18164000000.0,18164000000.0,18164000000.0,18164000000.0,2678000000.0,20857000000.0,1117000000.0,-2000000.0,,,569000000.0,516000000.0,1085000000.0,19171000000.0,67722000000.0,,,,,14381000000.0,11416000000.0,2965000000.0,2965000000.0,86893000000.0,80809000000.0,167702000000.0,167702000000.0,,,,,,53341000000.0,1119000000.0,,,,,,,,,,,-15000000.0
AMZN,2025-09-30,2025Q3,,12333000000.0,84677000000.0,,,,,,407891000000.0,,,,,,,515000000.0,10687000000.0,11202000000.0,,135419000000.0,346371000000.0,420373000000.0,1670000000.0,346371000000.0,369631000000.0,420373000000.0,369631000000.0,369631000000.0,12333000000.0,,7837000000.0,229344000000.0,135679000000.0,112000000.0,112000000.0,358290000000.0,163094000000.0,27675000000.0,,,135419000000.0,50742000000.0,195196000000.0,21113000000.0,21113000000.0,174083000000.0,68051000000.0,106032000000.0,106032000000.0,727921000000.0,531055000000.0,99904000000.0,,,23260000000.0,,23260000000.0,407891000000.0,196866000000.0,,61175000000.0,61175000000.0,-2300000000.0,63475000000.0,94197000000.0,66922000000.0,,,84677000000.0,,,,,,407891000000.0,41494000000.0,-2900000000.0,44394000000.0,,,,,,,,0.0,,,,,,27275000000.0,,,,,,,,,,,,,,,,,,,,,,,,,,,,,,,,,,,,,,,,,,8941000000.0,16367000000.0,-7426000000.0,,,430000000.0,,-3185000000.0,-35095000000.0,70464000000.0,61453000000.0,-397000000.0,9408000000.0,-44000000.0,-44000000.0,-82000000.0,,,38000000.0,-1359000000.0,-1359000000.0,-26073000000.0,-26073000000.0,-34228000000.0,867000000.0,,35525000000.0,35525000000.0,-7323000000.0,-632000000.0,,-4039000000.0,152000000.0,2151000000.0,2151000000.0,-1977000000.0,-1977000000.0,-10112000000.0,4847000000.0,,10130000000.0,10130000000.0,16796000000.0,16796000000.0,,21187000000.0,,3223000000.0,0.0,,-35095000000.0,,,,,,,,,,-786000000.0,,,377000000.0,1136000000.0,,-786000000.0,,,,,,,,,,,,,,,,-1999000000.0,-827000000.0,,,,,,,,,,1397000000.0,3223000000.0,,,,,-1826000000.0,,,,,,,,,,2500796947.106851,0.245296,35309000000.0,10195000000.0,10195000000.0,21187000000.0,16796000000.0,88670000000.0,45504000000.0,28708000000.0,562000000.0,538000000.0,1100000000.0,13492796947.106852,21187000000.0,162747000000.0,17422000000.0,10845000000.0,10674000000.0,1.95,1.98,21187000000.0,21187000000.0,21187000000.0,21187000000.0,21187000000.0,6910000000.0,28170000000.0,10186000000.0,-9000000.0,,,562000000.0,538000000.0,1100000000.0,17422000000.0,74077000000.0,,,,,14561000000.0,11686000000.0,2875000000.0,2875000000.0,91499000000.0,88670000000.0,180169000000.0,180169000000.0,,,,,,59516000000.0,10195000000.0,,,,,,,,,,,-73000000.0
AMZN,2025-12-31,2025Q4,,28230000000.0,87339000000.0,,,,,-177073000000.0,620152000000.0,,71745000000.0,,155121000000.0,,,515000000.0,10731000000.0,11246000000.0,,152987000000.0,378595000000.0,476713000000.0,11078000000.0,378595000000.0,411065000000.0,476713000000.0,411065000000.0,411065000000.0,28230000000.0,,7837000000.0,250536000000.0,140024000000.0,112000000.0,112000000.0,406977000000.0,188972000000.0,35985000000.0,,,152987000000.0,65648000000.0,218005000000.0,20576000000.0,20576000000.0,197429000000.0,75520000000.0,121909000000.0,121909000000.0,818042000000.0,588959000000.0,113410000000.0,,,32470000000.0,9197000000.0,23273000000.0,443079000000.0,229083000000.0,,67729000000.0,67729000000.0,-2400000000.0,70129000000.0,123029000000.0,86810000000.0,,,87339000000.0,,,,,,393286000000.0,38325000000.0,-3300000000.0,41625000000.0,,,,,,,,0.0,,,,,,36219000000.0,,,,,,,,,,,,,,,,,,,,,,,,,,,,,,,,,,,,,,,,,,-7373000000.0,8841000000.0,-16214000000.0,,,14937000000.0,,-5101000000.0,-39522000000.0,90106000000.0,70464000000.0,137000000.0,19505000000.0,12291000000.0,12291000000.0,,,,12015000000.0,12952000000.0,-1975000000.0,-47245000000.0,-47245000000.0,-38469000000.0,1053000000.0,,54459000000.0,54459000000.0,9270000000.0,-191000000.0,,-5220000000.0,17058000000.0,11065000000.0,11065000000.0,-5478000000.0,-5478000000.0,-693000000.0,4397000000.0,,822000000.0,822000000.0,19471000000.0,19471000000.0,,21192000000.0,,17116000000.0,14927000000.0,,-39522000000.0,,,,,,,,,,-1403000000.0,,,563000000.0,1521000000.0,,-1403000000.0,,,,,,,,,,,,,,,,5993000000.0,3101000000.0,,,,,,,,,,-937000000.0,2189000000.0,,,,,-3126000000.0,,,,,,,,,,227547603.833866,0.185905,45531000000.0,1224000000.0,1224000000.0,21192000000.0,19471000000.0,109959000000.0,46755000000.0,27284000000.0,451000000.0,679000000.0,1130000000.0,20195547603.833862,21192000000.0,188409000000.0,24977000000.0,10863000000.0,10709000000.0,1.95,1.98,21192000000.0,21192000000.0,21192000000.0,21192000000.0,21192000000.0,4946000000.0,26605000000.0,1177000000.0,-47000000.0,,,451000000.0,679000000.0,1130000000.0,24977000000.0,78450000000.0,,,,,16968000000.0,14264000000.0,2704000000.0,2704000000.0,103427000000.0,109959000000.0,213386000000.0,213386000000.0,,,,,,61482000000.0,1224000000.0,,,,,,,,,,,-467000000.0
AMZN,2026-03-31,2026Q1,,24868000000.0,90814000000.0,,,,,,486199000000.0,,,,,,,515000000.0,10754251799.0,11269251799.0,17258000000.0,209888000000.0,418465000000.0,560988000000.0,38399000000.0,418465000000.0,441914000000.0,560988000000.0,441914000000.0,441914000000.0,24868000000.0,,7837000000.0,280791000000.0,143979000000.0,113000000.0,113000000.0,474716000000.0,257960000000.0,48072000000.0,,,209888000000.0,119074000000.0,216756000000.0,20887000000.0,20887000000.0,195869000000.0,71120000000.0,124749000000.0,124749000000.0,916630000000.0,661475000000.0,151827000000.0,,,23449000000.0,,23449000000.0,486199000000.0,255155000000.0,,75532000000.0,75532000000.0,-2600000000.0,78132000000.0,143089000000.0,101816000000.0,,,90814000000.0,,,,,,486199000000.0,36534000000.0,-2800000000.0,39334000000.0,,,,,,,,0.0,,,,,,41273000000.0,,,,,,,,,,,,,,,,,,,,,,,,,,,,,,,,,,,,,,,,,,-5570000000.0,17686000000.0,-23256000000.0,,,-18171000000.0,,-6692000000.0,-44203000000.0,104692000000.0,90106000000.0,-1000000.0,14587000000.0,52767000000.0,52767000000.0,,,,52767000000.0,52858000000.0,-583000000.0,-64212000000.0,-64212000000.0,-43234000000.0,969000000.0,,26032000000.0,26032000000.0,-24366000000.0,355000000.0,,-3811000000.0,-16782000000.0,-8737000000.0,-8737000000.0,-5750000000.0,-5750000000.0,-15632000000.0,4032000000.0,,12798000000.0,12798000000.0,18945000000.0,18945000000.0,,30255000000.0,,59459000000.0,53441000000.0,,-44203000000.0,,,,,,,,,,-15408000000.0,,,452000000.0,1323000000.0,,-15408000000.0,,,,,,,,,,,,,,,,-8045000000.0,1622000000.0,,,,,,,,,,-91000000.0,6018000000.0,,,,,-6109000000.0,,,,,,,,,,3763137018.627303,0.239996,43899000000.0,15680000000.0,15680000000.0,30255000000.0,18945000000.0,87463000000.0,59579000000.0,40634000000.0,335000000.0,800000000.0,1135000000.0,18338137018.627304,30255000000.0,157667000000.0,23852000000.0,10874000000.0,10743000000.0,2.78,2.82,30255000000.0,30255000000.0,30255000000.0,30255000000.0,30255000000.0,9560000000.0,39834000000.0,15647000000.0,-33000000.0,,,335000000.0,800000000.0,1135000000.0,23852000000.0,70204000000.0,,,,,12901000000.0,10314000000.0,2587000000.0,2587000000.0,94056000000.0,87463000000.0,181519000000.0,181519000000.0,,,,,,57303000000.0,15680000000.0,,,,,,,,,,,-19000000.0
AVGO,2024-10-31,2024Q4,,,39000000.0,,,26000000.0,,-4504000000.0,7025000000.0,,57000000.0,5246000000.0,0.0,,,,,,,,,,,,,,,,,,,,,,,,,,,,,,,,,,,,,,,,,,,,,,,,,,,,,,,,13000000.0,,,,,,,,,,,,,,,,,,,,,1518000000.0,204000000.0,,,,,,1245000000.0,,,,,,,,,,,,,,,,,,,,,,,,,,,,,,,,,,,,,,,,,,,,,,,,,,,,,,,,,,,,,,,,,,,,,,,,,,,,,,,,,,,,,,,,,,,,,,,,,0.0,0.0,,,,,0.0,,,,,,,,,,,,,,,,,,,126000000.0,126000000.0,,,,,,,,,,,,,,,,,,,119000000.0,,,,,,,,,,,,,,,,,,,,,,,,,,,,,,,,,,,,,,,,,,,,,,,,,,,,,,,,,,,,,,,,,,,,,,
AVGO,2025-01-31,2025Q1,,207000000.0,22000000.0,1124000000.0,5653000000.0,11000000.0,922000000.0,,,,,,,,1285000000.0,,4702000000.0,4702000000.0,57250000000.0,66579000000.0,-66665000000.0,136346000000.0,80000000.0,-66665000000.0,69789000000.0,130704000000.0,69789000000.0,69789000000.0,207000000.0,,,2729000000.0,66848000000.0,5000000.0,5000000.0,95569000000.0,74659000000.0,1467000000.0,8645000000.0,4017000000.0,60926000000.0,60915000000.0,20910000000.0,9908000000.0,9908000000.0,3303000000.0,575000000.0,2728000000.0,1905000000.0,165358000000.0,144368000000.0,5449000000.0,,,136454000000.0,38583000000.0,97871000000.0,2465000000.0,20990000000.0,813000000.0,7677000000.0,4955000000.0,,,9307000000.0,9307000000.0,3621000000.0,4628000000.0,11000000.0,5642000000.0,,823000000.0,,,,1908000000.0,,,565000000.0,950000000.0,393000000.0,2722000000.0,,,,0.0,,,,,,,,,,,1650000000.0,,,,,,,,,,,,,,,,575000000.0,,,,,,,,,,,,3992000000.0,,,,,,,,,-87000000.0,18000000.0,-105000000.0,2032000000.0,2032000000.0,6013000000.0,-2036000000.0,-8090000000.0,-100000000.0,9307000000.0,9348000000.0,,-41000000.0,-5980000000.0,-5980000000.0,-46000000.0,-2036000000.0,-2036000000.0,-1124000000.0,-5104000000.0,-8090000000.0,-174000000.0,-174000000.0,-100000000.0,,,6113000000.0,6113000000.0,-2351000000.0,-1905000000.0,,,241000000.0,241000000.0,241000000.0,-539000000.0,-539000000.0,138000000.0,1280000000.0,,-696000000.0,-696000000.0,2174000000.0,2174000000.0,142000000.0,5503000000.0,65000000.0,6966000000.0,2986000000.0,-2774000000.0,-100000000.0,,,,,,,,,,0.0,,,671000000.0,404000000.0,,0.0,,,,13000000.0,,,,,,,,,,,,,-148000000.0,,,,,,,,,,3980000000.0,3980000000.0,,,,,,,,,,,0.0,511000000.0,511000000.0,,-36120000.0,0.21,8709000000.0,-172000000.0,-172000000.0,5503000000.0,2174000000.0,3108000000.0,8537000000.0,6363000000.0,-873000000.0,873000000.0,,5638880000.0,5503000000.0,8484000000.0,6260000000.0,4836000000.0,4695000000.0,1.14,1.17,5503000000.0,5503000000.0,5503000000.0,5503000000.0,5503000000.0,-13000000.0,5490000000.0,-69000000.0,103000000.0,-172000000.0,172000000.0,-873000000.0,873000000.0,,6432000000.0,3713000000.0,511000000.0,511000000.0,,2253000000.0,949000000.0,,,,10145000000.0,4771000000.0,14916000000.0,14916000000.0,,,,,,,,,,,,,,,,,,
AVGO,2025-04-30,2025Q2,,206000000.0,11000000.0,992000000.0,5531000000.0,4000000.0,1266000000.0,,,,,,,,936000000.0,,4703000000.0,4703000000.0,57799000000.0,67282000000.0,-64608000000.0,136857000000.0,1584000000.0,-64608000000.0,69586000000.0,131330000000.0,69586000000.0,69586000000.0,206000000.0,,,2686000000.0,66689000000.0,5000000.0,5000000.0,95044000000.0,74447000000.0,1445000000.0,7519000000.0,3365000000.0,61751000000.0,61744000000.0,20597000000.0,10303000000.0,10303000000.0,2505000000.0,562000000.0,1943000000.0,1297000000.0,164630000000.0,142449000000.0,5793000000.0,,,134194000000.0,36393000000.0,97801000000.0,2462000000.0,22181000000.0,959000000.0,8797000000.0,5563000000.0,,,9472000000.0,9472000000.0,3732000000.0,4154000000.0,7000000.0,5527000000.0,,646000000.0,,,,2017000000.0,,,500000000.0,1119000000.0,398000000.0,3234000000.0,,,,0.0,,,,,,,,,,,1650000000.0,,,,,,,,,,,,,,,,562000000.0,,,,,,,,,,,,3877000000.0,,,,,,,,,21000000.0,78000000.0,-57000000.0,2024000000.0,2024000000.0,6411000000.0,-4216000000.0,0.0,-144000000.0,9472000000.0,9307000000.0,,165000000.0,-6257000000.0,-6257000000.0,-4000000.0,-4098000000.0,-4216000000.0,630000000.0,749000000.0,0.0,-133000000.0,-133000000.0,-144000000.0,,,6555000000.0,6555000000.0,-1910000000.0,-598000000.0,,,-613000000.0,-613000000.0,-613000000.0,-590000000.0,-590000000.0,134000000.0,1771000000.0,,-571000000.0,-571000000.0,2166000000.0,2166000000.0,142000000.0,4965000000.0,0.0,630000000.0,749000000.0,-2785000000.0,-144000000.0,,,,,,,,,,0.0,,,700000000.0,608000000.0,,0.0,,,,-10000000.0,,,,,,,,,,,,,-109000000.0,,,,,,,,,,-119000000.0,-119000000.0,,,,,,,,,,,0.0,506000000.0,506000000.0,,-2029498.525074,0.023599,8106000000.0,-86000000.0,-86000000.0,4965000000.0,2166000000.0,3147000000.0,8020000000.0,5854000000.0,-769000000.0,769000000.0,,5048970501.474926,4965000000.0,9089000000.0,5829000000.0,4826000000.0,4707000000.0,1.03,1.05,4965000000.0,4965000000.0,4965000000.0,4965000000.0,4965000000.0,120000000.0,5085000000.0,-61000000.0,25000000.0,-86000000.0,86000000.0,-769000000.0,769000000.0,,5915000000.0,4282000000.0,506000000.0,506000000.0,,2693000000.0,1083000000.0,,,,10197000000.0,4807000000.0,15004000000.0,15004000000.0,,,,,,,,,,,,,,,,,,
AVGO,2025-07-31,2025Q3,,221000000.0,10000000.0,795000000.0,1399000000.0,3000000.0,1719000000.0,,,,,,,,793000000.0,,4722000000.0,4722000000.0,53501000000.0,64229000000.0,-58868000000.0,137496000000.0,8294000000.0,-58868000000.0,73277000000.0,136100000000.0,73277000000.0,73277000000.0,221000000.0,,,4040000000.0,69011000000.0,5000000.0,5000000.0,92344000000.0,75640000000.0,1410000000.0,7583000000.0,3552000000.0,62830000000.0,62823000000.0,16704000000.0,10305000000.0,10305000000.0,2486000000.0,644000000.0,1842000000.0,1432000000.0,165621000000.0,140623000000.0,6027000000.0,,,132145000000.0,34344000000.0,97801000000.0,2451000000.0,24998000000.0,656000000.0,10651000000.0,6494000000.0,,,10718000000.0,10718000000.0,3817000000.0,4031000000.0,7000000.0,1396000000.0,,410000000.0,,,,2180000000.0,,,477000000.0,1349000000.0,354000000.0,4157000000.0,,,,0.0,,,,,,,,,,,900000000.0,,,,,,,,,,,,,,,,644000000.0,,,,,,,,,,,,496000000.0,,,,,,,,,-48000000.0,51000000.0,-99000000.0,2060000000.0,2060000000.0,7024000000.0,-58000000.0,-6750000000.0,-142000000.0,10718000000.0,9472000000.0,,1246000000.0,-6014000000.0,-6014000000.0,-7000000.0,-58000000.0,-58000000.0,-3163000000.0,210000000.0,-6750000000.0,94000000.0,94000000.0,-142000000.0,,,7166000000.0,7166000000.0,-1894000000.0,-930000000.0,,,136000000.0,136000000.0,136000000.0,-937000000.0,-937000000.0,59000000.0,2322000000.0,,284000000.0,284000000.0,2202000000.0,2202000000.0,142000000.0,4140000000.0,53000000.0,3587000000.0,6960000000.0,-2786000000.0,-142000000.0,,,,,,,,,,300000000.0,,,602000000.0,822000000.0,,0.0,,,,-16000000.0,,,,,,,,,,,,,-163000000.0,,0.0,0.0,,,,,,,-3373000000.0,-3373000000.0,,,,,,,,,,,0.0,507000000.0,507000000.0,,-40513718.070009,0.216651,8481000000.0,-187000000.0,-187000000.0,4140000000.0,2202000000.0,3554000000.0,8294000000.0,6092000000.0,-807000000.0,807000000.0,,4286486281.929991,4140000000.0,9878000000.0,5887000000.0,4860000000.0,4714000000.0,0.85,0.88,4140000000.0,4140000000.0,4140000000.0,4140000000.0,4140000000.0,1145000000.0,5285000000.0,18000000.0,205000000.0,-187000000.0,187000000.0,-807000000.0,807000000.0,,6074000000.0,4629000000.0,507000000.0,507000000.0,,3050000000.0,1072000000.0,,,,10703000000.0,5249000000.0,15952000000.0,15952000000.0,,,,,,,,,,,,,,,,,,
AVGO,2025-10-31,2025Q4,,218000000.0,0.0,663000000.0,3152000000.0,0.0,2129000000.0,-4896000000.0,7426000000.0,,78000000.0,5656000000.0,0.0,,518000000.0,,4741000000.0,4741000000.0,48958000000.0,65136000000.0,-48782000000.0,146428000000.0,13059000000.0,-48782000000.0,81292000000.0,143276000000.0,81292000000.0,81292000000.0,218000000.0,,,9761000000.0,71308000000.0,5000000.0,5000000.0,89800000000.0,71286000000.0,1423000000.0,6251000000.0,2704000000.0,61984000000.0,61984000000.0,18514000000.0,9469000000.0,9469000000.0,3101000000.0,620000000.0,2481000000.0,1560000000.0,171092000000.0,139519000000.0,6915000000.0,,,130074000000.0,32273000000.0,97801000000.0,2530000000.0,31573000000.0,457000000.0,12150000000.0,7145000000.0,,,16178000000.0,16178000000.0,1628000000.0,3547000000.0,0.0,3152000000.0,,921000000.0,,,,2270000000.0,,,682000000.0,1280000000.0,308000000.0,5005000000.0,,,,0.0,,,,1488000000.0,204000000.0,,,,,,3152000000.0,,,,,,,,,,,,,,,,620000000.0,,,,,,,,,,,,,,,,,,,,,-235000000.0,101000000.0,-336000000.0,2085000000.0,2085000000.0,7466000000.0,0.0,-3638000000.0,-237000000.0,16178000000.0,10718000000.0,,5460000000.0,-1876000000.0,-1876000000.0,-27000000.0,103000000.0,0.0,845000000.0,1333000000.0,-3638000000.0,-367000000.0,-367000000.0,-237000000.0,,,7703000000.0,7703000000.0,-2345000000.0,-1722000000.0,,,118000000.0,118000000.0,118000000.0,-651000000.0,-651000000.0,107000000.0,2195000000.0,,-3025000000.0,-3025000000.0,2233000000.0,2233000000.0,148000000.0,8518000000.0,20000000.0,4483000000.0,4971000000.0,-2797000000.0,-237000000.0,,,,,,,,,,0.0,0.0,,699000000.0,755000000.0,,0.0,,,,105000000.0,,,,,,,,,,,,,-90000000.0,,103000000.0,103000000.0,,,,,,,,,,,,,,,,,,,0.0,507000000.0,507000000.0,,-34230000.0,0.21,10026000000.0,-163000000.0,-163000000.0,8518000000.0,2233000000.0,4040000000.0,9863000000.0,7630000000.0,-414000000.0,761000000.0,,8646770000.0,8518000000.0,10361000000.0,7508000000.0,4889000000.0,4732000000.0,1.74,1.8,8518000000.0,8518000000.0,8518000000.0,8518000000.0,8518000000.0,-1649000000.0,6869000000.0,-371000000.0,-208000000.0,-146000000.0,146000000.0,-414000000.0,761000000.0,,7654000000.0,4595000000.0,507000000.0,507000000.0,,2981000000.0,1107000000.0,,,,12249000000.0,5766000000.0,18015000000.0,18015000000.0,,,,,,,,,,,,,,,,,,
AVGO,2026-01-31,2026Q1,,212000000.0,,682000000.0,2252000000.0,,864000000.0,,,,,,,,641000000.0,,4736000000.0,4736000000.0,51883000000.0,66057000000.0,-48231000000.0,145929000000.0,15203000000.0,-48231000000.0,79872000000.0,143677000000.0,79872000000.0,79872000000.0,212000000.0,,,6520000000.0,73135000000.0,5000000.0,5000000.0,90031000000.0,73172000000.0,1810000000.0,5889000000.0,2222000000.0,63805000000.0,63805000000.0,16859000000.0,9188000000.0,9188000000.0,3873000000.0,673000000.0,3200000000.0,2112000000.0,169903000000.0,137841000000.0,7139000000.0,,,128103000000.0,30302000000.0,97801000000.0,2599000000.0,32062000000.0,289000000.0,13996000000.0,8460000000.0,,,14174000000.0,14174000000.0,1668000000.0,3667000000.0,,2252000000.0,,1088000000.0,,,,2962000000.0,,,842000000.0,1544000000.0,576000000.0,5536000000.0,,,,0.0,,,,,,,,,,,,,,,,,,,,,,,,,,,673000000.0,,,,,,,,,,,,,,,,,,,,,130000000.0,244000000.0,-114000000.0,2003000000.0,2003000000.0,8010000000.0,-7850000000.0,-3650000000.0,-250000000.0,14174000000.0,16178000000.0,,-2004000000.0,-10149000000.0,-10149000000.0,-37000000.0,-7850000000.0,-7850000000.0,824000000.0,824000000.0,-3650000000.0,-115000000.0,-115000000.0,-250000000.0,,,8260000000.0,8260000000.0,-3105000000.0,-1632000000.0,,,534000000.0,534000000.0,534000000.0,-1315000000.0,-1315000000.0,87000000.0,2176000000.0,,-455000000.0,-455000000.0,2153000000.0,2153000000.0,150000000.0,7349000000.0,55000000.0,4474000000.0,4474000000.0,-3086000000.0,-250000000.0,,,,,,,,,,,,,619000000.0,782000000.0,,,,,,5000000.0,,,,,,,,,,,,,-692000000.0,,,,,,,,,,0.0,0.0,,,,,,,,,,,,507000000.0,507000000.0,,-10633068.944478,0.103234,11252000000.0,-103000000.0,-103000000.0,7349000000.0,2153000000.0,4508000000.0,11149000000.0,8996000000.0,-801000000.0,801000000.0,,7441366931.055522,7349000000.0,10645000000.0,8563000000.0,4888000000.0,4741000000.0,1.5,1.55,7349000000.0,7349000000.0,7349000000.0,7349000000.0,7349000000.0,846000000.0,8195000000.0,330000000.0,433000000.0,-103000000.0,103000000.0,-801000000.0,801000000.0,,8666000000.0,4491000000.0,507000000.0,507000000.0,,2965000000.0,1019000000.0,,,,13157000000.0,6154000000.0,19311000000.0,19311000000.0,,,,,,,,,,,,,,,,,,
EBAY,2024-09-30,2024Q3,,,,476000000.0,,,,,,,,,,,,,,,,,,,,,,,,,,,,,,,,,,,,,,,,,,,,,,,,,,,,,,,,,,,,,,,,,,,,,,,,,,,,,,,,,,,,,1534000000.0,,,,,,,,,,,,,,1910000000.0,,,,,,,,,,,,,,,,,,,,,,,,,,,,,,,,,,,,,,,,,,,,,,,,,,,,,,,,,,,,,,,,,,,,,,,,,,,,,,,,,,,,,,,,,,,,-7000000.0,,,,,,,,,2000000.0,,,,,,,,,,,,,,,,,,,,,,,,,,,,0.0,,,,,,,,,,,,,,,,,,,,,,,,,,,,,,,,,,,,,,,,,,,,,,,,,,,,,,,,,,,,,,,,,,,,,,,,,,,,,
EBAY,2024-12-31,2024Q4,,,,,,,,-4869000000.0,,428000000.0,76000000.0,4818000000.0,0.0,,,,,,,,,,,,,,,,,,,,,,,,,,,,,,,,,,,,,,,,,,,,,,,,,,,,,,,,,,,,,,,,,,,,,,,,,,,,,,810000000.0,,,,,,,,,,,,,,,,,,,,,,,,,,,,,,,,,,448000000.0,,,,,,,,,,,,,,,,,,,,,,,,,,,,,,,,,,,,,,,,,,,,,,,,87000000.0,,,,,,,,,,,,,,,,,,,,,,1931000000.0,,,,,,,,70000000.0,-54000000.0,,,,,,,,,,,,,,,,,,,,,,,,,,,,0.0,,,,,,,,,,,,,,,,,,,,,,,,,,,,,,,,,,,,,,,,,,,,,,,,,,,,,,,,,,,,,,,,,,,,,,,,,,,,,
EBAY,2025-03-31,2025Q1,,192000000.0,433000000.0,462000000.0,1125000000.0,131000000.0,382000000.0,,1712000000.0,,,,,,139000000.0,1283000000.0,463000000.0,1746000000.0,3714000000.0,7178000000.0,593000000.0,11695000000.0,992000000.0,593000000.0,4950000000.0,10701000000.0,4950000000.0,4950000000.0,192000000.0,,51920000000.0,38314000000.0,18362000000.0,2000000.0,2000000.0,14004000000.0,8124000000.0,658000000.0,1413000000.0,1413000000.0,6053000000.0,5751000000.0,5880000000.0,40000000.0,40000000.0,3768000000.0,381000000.0,3387000000.0,292000000.0,18954000000.0,12082000000.0,507000000.0,2920000000.0,2920000000.0,4357000000.0,,4357000000.0,1712000000.0,6872000000.0,236000000.0,1510000000.0,1105000000.0,,,4791000000.0,3031000000.0,,,302000000.0,994000000.0,1353000000.0,1742000000.0,1128000000.0,1128000000.0,1712000000.0,,,,,,,290000000.0,,,,,,2586000000.0,,,,1760000000.0,,,,,419000000.0,1024000000.0,,,,,1458000000.0,,40000000.0,,,115000000.0,,,156000000.0,,69000000.0,,103000000.0,,,,,,,,,,575000000.0,,,,,,,,,1544000000.0,4587000000.0,-3043000000.0,,,644000000.0,-615000000.0,-1241000000.0,-111000000.0,4156000000.0,3286000000.0,19000000.0,851000000.0,-1248000000.0,-1248000000.0,174000000.0,-615000000.0,-615000000.0,-673000000.0,-800000000.0,-800000000.0,1344000000.0,1344000000.0,-111000000.0,,,755000000.0,755000000.0,-47000000.0,,,,,,,,,,136000000.0,81000000.0,30000000.0,30000000.0,52000000.0,52000000.0,,501000000.0,2000000.0,568000000.0,,-134000000.0,-111000000.0,,,,,,,,,,-89000000.0,,-134000000.0,45000000.0,26000000.0,,-89000000.0,,2000000.0,0.0,,,,,,,,,,,,,,,,0.0,0.0,0.0,,,,,,127000000.0,568000000.0,,,,0.0,-441000000.0,,,,,,-2000000.0,6000000.0,6000000.0,,406995.230525,0.203498,740000000.0,2000000.0,2000000.0,501000000.0,52000000.0,651000000.0,742000000.0,690000000.0,16000000.0,61000000.0,77000000.0,499406995.230525,499000000.0,1974000000.0,611000000.0,475000000.0,467000000.0,1.06,1.08,499000000.0,499000000.0,499000000.0,499000000.0,501000000.0,128000000.0,629000000.0,2000000.0,,,,16000000.0,61000000.0,77000000.0,611000000.0,1277000000.0,6000000.0,6000000.0,,393000000.0,797000000.0,536000000.0,261000000.0,261000000.0,1888000000.0,697000000.0,2585000000.0,2585000000.0,,,,,,81000000.0,2000000.0,,,,,,,,,,,
EBAY,2025-06-30,2025Q2,,195000000.0,414000000.0,573000000.0,1873000000.0,127000000.0,438000000.0,,1731000000.0,,,,,,137000000.0,1292000000.0,459000000.0,1751000000.0,4678000000.0,7162000000.0,363000000.0,11497000000.0,-21000000.0,363000000.0,4749000000.0,9751000000.0,4749000000.0,4749000000.0,195000000.0,,52548000000.0,38542000000.0,18558000000.0,2000000.0,2000000.0,13212000000.0,7272000000.0,687000000.0,1296000000.0,1296000000.0,5289000000.0,5002000000.0,5940000000.0,40000000.0,40000000.0,2926000000.0,334000000.0,2592000000.0,336000000.0,17961000000.0,12042000000.0,505000000.0,2900000000.0,2900000000.0,4386000000.0,,4386000000.0,1731000000.0,5919000000.0,213000000.0,1621000000.0,1141000000.0,,,3750000000.0,2070000000.0,,,287000000.0,1746000000.0,1445000000.0,811000000.0,1608000000.0,1608000000.0,1731000000.0,,,,,,,338000000.0,,,,,,2520000000.0,,,,1680000000.0,,,,,1175000000.0,125000000.0,,,,,912000000.0,,46000000.0,,,142000000.0,,,152000000.0,,41000000.0,,90000000.0,,,,,,,,,,571000000.0,,,,,,,,,-21000000.0,1943000000.0,-1964000000.0,,,-441000000.0,-624000000.0,-377000000.0,-166000000.0,3231000000.0,4156000000.0,31000000.0,-956000000.0,-716000000.0,-716000000.0,-49000000.0,-531000000.0,-624000000.0,-2000000.0,0.0,0.0,35000000.0,35000000.0,-166000000.0,,,-275000000.0,-275000000.0,-942000000.0,,,,,,,,,,165000000.0,86000000.0,-86000000.0,-86000000.0,134000000.0,134000000.0,,373000000.0,-5000000.0,375000000.0,,-134000000.0,-166000000.0,,,,,,,,,,89000000.0,,-134000000.0,87000000.0,1094000000.0,,,,-5000000.0,0.0,,,,,,,,,,,,,,,,93000000.0,93000000.0,225000000.0,,,,,,-2000000.0,375000000.0,,,,,-377000000.0,,,,,,-1000000.0,6000000.0,6000000.0,,-2037735.849057,0.226415,682000000.0,-9000000.0,-9000000.0,369000000.0,134000000.0,648000000.0,673000000.0,539000000.0,2000000.0,62000000.0,64000000.0,375962264.150943,368000000.0,2246000000.0,484000000.0,470000000.0,461000000.0,0.79,0.8,368000000.0,368000000.0,368000000.0,368000000.0,369000000.0,108000000.0,477000000.0,-9000000.0,,,,2000000.0,62000000.0,64000000.0,484000000.0,1470000000.0,6000000.0,6000000.0,,421000000.0,957000000.0,586000000.0,371000000.0,371000000.0,1954000000.0,776000000.0,2730000000.0,2730000000.0,,,,,,86000000.0,-9000000.0,,,,,,,,,,,
EBAY,2025-09-30,2025Q3,,212000000.0,382000000.0,509000000.0,1866000000.0,118000000.0,581000000.0,,1700000000.0,,,,,,124000000.0,1299000000.0,454000000.0,1753000000.0,4328000000.0,7133000000.0,343000000.0,11470000000.0,-438000000.0,343000000.0,4719000000.0,9722000000.0,4719000000.0,4719000000.0,212000000.0,,53178000000.0,39037000000.0,18646000000.0,2000000.0,2000000.0,13072000000.0,7241000000.0,597000000.0,1377000000.0,1377000000.0,5267000000.0,5003000000.0,5831000000.0,41000000.0,41000000.0,2750000000.0,410000000.0,2340000000.0,308000000.0,17791000000.0,12398000000.0,576000000.0,2898000000.0,2898000000.0,4376000000.0,,4376000000.0,1700000000.0,5393000000.0,205000000.0,1524000000.0,1069000000.0,,,3378000000.0,2423000000.0,,,264000000.0,1748000000.0,1365000000.0,667000000.0,1945000000.0,1945000000.0,1700000000.0,,,,,,,315000000.0,,,,,,2848000000.0,,,,955000000.0,,,,,1175000000.0,173000000.0,,,,,903000000.0,,20000000.0,,,140000000.0,,,142000000.0,,69000000.0,,84000000.0,,,,,,,,,,573000000.0,,,,,,,,,398000000.0,1491000000.0,-1093000000.0,,,765000000.0,-626000000.0,-628000000.0,-131000000.0,3513000000.0,3231000000.0,-5000000.0,287000000.0,-874000000.0,-874000000.0,-128000000.0,-618000000.0,-626000000.0,4000000.0,0.0,0.0,265000000.0,265000000.0,-131000000.0,,,896000000.0,934000000.0,-101000000.0,,,,,,,,,,147000000.0,106000000.0,70000000.0,70000000.0,106000000.0,106000000.0,,597000000.0,9000000.0,632000000.0,,-132000000.0,-131000000.0,,,,,,,,,,0.0,0.0,-132000000.0,37000000.0,124000000.0,,,,9000000.0,0.0,-4000000.0,,,,,,,,,,,,,,,8000000.0,8000000.0,2000000.0,,,,,,4000000.0,632000000.0,,,,,-628000000.0,,,,,,35000000.0,6000000.0,6000000.0,,-1260000.0,0.21,747000000.0,-6000000.0,-6000000.0,597000000.0,106000000.0,721000000.0,741000000.0,635000000.0,3000000.0,62000000.0,65000000.0,601740000.0,632000000.0,2244000000.0,576000000.0,467000000.0,456000000.0,1.35,1.39,632000000.0,632000000.0,632000000.0,632000000.0,597000000.0,-24000000.0,573000000.0,-6000000.0,,,,3000000.0,62000000.0,65000000.0,576000000.0,1423000000.0,6000000.0,6000000.0,,423000000.0,888000000.0,606000000.0,282000000.0,282000000.0,1999000000.0,821000000.0,2820000000.0,2820000000.0,,,,,,106000000.0,-6000000.0,,,,,,,,,,,
EBAY,2025-12-31,2025Q4,,207000000.0,434000000.0,,869000000.0,119000000.0,644000000.0,-3771000000.0,5537000000.0,445000000.0,76000000.0,3766000000.0,0.0,,126000000.0,1307000000.0,449000000.0,1756000000.0,4879000000.0,7180000000.0,148000000.0,11361000000.0,449000000.0,148000000.0,4615000000.0,10611000000.0,4615000000.0,4615000000.0,207000000.0,,53807000000.0,39428000000.0,18785000000.0,2000000.0,2000000.0,12995000000.0,8358000000.0,575000000.0,1472000000.0,1472000000.0,6311000000.0,5996000000.0,4637000000.0,43000000.0,43000000.0,2991000000.0,852000000.0,2139000000.0,242000000.0,17610000000.0,12524000000.0,565000000.0,2959000000.0,2959000000.0,4467000000.0,,4467000000.0,1766000000.0,5086000000.0,245000000.0,1609000000.0,1152000000.0,,,2919000000.0,1867000000.0,,,315000000.0,750000000.0,1280000000.0,617000000.0,,,428000000.0,,,,,,,263000000.0,,,,,,2767000000.0,,,822000000.0,1052000000.0,,,,,750000000.0,108000000.0,,,,,,,17000000.0,,,194000000.0,,,170000000.0,,45000000.0,,90000000.0,,,,,,,,,,0.0,,,,,,,,,5000000.0,640000000.0,-635000000.0,,,466000000.0,-635000000.0,-1414000000.0,-117000000.0,3055000000.0,3513000000.0,6000000.0,-464000000.0,-823000000.0,-823000000.0,-96000000.0,-595000000.0,-635000000.0,-1000000.0,569000000.0,-425000000.0,-224000000.0,-224000000.0,-117000000.0,,,583000000.0,595000000.0,-339000000.0,,,,,,,,,,159000000.0,,30000000.0,30000000.0,115000000.0,115000000.0,,525000000.0,-18000000.0,1413000000.0,,-131000000.0,-117000000.0,,,,,,,,,,-208000000.0,0.0,-131000000.0,87000000.0,213000000.0,,,,-18000000.0,0.0,,,,,,,,,,,,,,,,40000000.0,40000000.0,0.0,,,,,,-570000000.0,419000000.0,,,,-12000000.0,-989000000.0,,,,,,3000000.0,6000000.0,6000000.0,,3775280.898876,0.157303,775000000.0,24000000.0,24000000.0,525000000.0,115000000.0,740000000.0,799000000.0,684000000.0,-2000000.0,61000000.0,59000000.0,504775280.898876,528000000.0,2364000000.0,601000000.0,460000000.0,451000000.0,1.15,1.17,528000000.0,528000000.0,528000000.0,528000000.0,525000000.0,98000000.0,623000000.0,24000000.0,,,,-2000000.0,61000000.0,59000000.0,601000000.0,1515000000.0,6000000.0,6000000.0,,436000000.0,950000000.0,666000000.0,284000000.0,284000000.0,2116000000.0,849000000.0,2965000000.0,2965000000.0,,,,,,123000000.0,24000000.0,,,,,,,,,,,
EBAY,2026-03-31,2026Q1,,211000000.0,458000000.0,,876000000.0,126000000.0,487000000.0,,1644000000.0,,,,,,136000000.0,1313000000.0,446000000.0,1759000000.0,3850000000.0,7202000000.0,-51000000.0,11156000000.0,1125000000.0,-51000000.0,4412000000.0,10406000000.0,4412000000.0,4412000000.0,211000000.0,,54310000000.0,39665000000.0,18844000000.0,2000000.0,2000000.0,13481000000.0,8347000000.0,583000000.0,1438000000.0,1438000000.0,6326000000.0,5994000000.0,5134000000.0,50000000.0,50000000.0,3618000000.0,1141000000.0,2477000000.0,311000000.0,17893000000.0,11634000000.0,568000000.0,2949000000.0,2949000000.0,4463000000.0,,4463000000.0,1644000000.0,6259000000.0,240000000.0,1835000000.0,1338000000.0,,,3860000000.0,2894000000.0,,,332000000.0,750000000.0,1491000000.0,675000000.0,,,1644000000.0,,,,,,,304000000.0,,,,,,2010000000.0,,,,966000000.0,,,,,750000000.0,125000000.0,,,,,,,35000000.0,,,193000000.0,,,153000000.0,,70000000.0,,103000000.0,,,,,,,,,,,,,,,,,,,672000000.0,1036000000.0,-364000000.0,,,897000000.0,-486000000.0,0.0,-72000000.0,4234000000.0,3055000000.0,-12000000.0,1191000000.0,-561000000.0,-561000000.0,62000000.0,-484000000.0,-486000000.0,0.0,0.0,0.0,783000000.0,783000000.0,-72000000.0,,,969000000.0,970000000.0,72000000.0,,,,,,,,,,156000000.0,138000000.0,21000000.0,21000000.0,93000000.0,93000000.0,,512000000.0,-22000000.0,0.0,,-139000000.0,-72000000.0,,,,,,,,,,-11000000.0,,-139000000.0,36000000.0,81000000.0,,-11000000.0,,-22000000.0,,,,,,,,,,,,,,,,,2000000.0,2000000.0,194000000.0,,,,,,0.0,0.0,,,,-1000000.0,0.0,,,,,,0.0,5000000.0,5000000.0,,1715210.355987,0.171521,762000000.0,10000000.0,10000000.0,512000000.0,93000000.0,714000000.0,772000000.0,679000000.0,-3000000.0,61000000.0,58000000.0,503715210.355987,512000000.0,2478000000.0,611000000.0,457000000.0,448000000.0,1.12,1.14,512000000.0,512000000.0,512000000.0,512000000.0,512000000.0,106000000.0,618000000.0,10000000.0,,,,-3000000.0,61000000.0,58000000.0,611000000.0,1676000000.0,5000000.0,5000000.0,,450000000.0,1083000000.0,673000000.0,410000000.0,410000000.0,2287000000.0,802000000.0,3089000000.0,3089000000.0,,,,,,138000000.0,10000000.0,,,,,,,,,,,
NET,2024-09-30,2024Q3,,,,,,,,,,,,,,,,,,,,,,,,,,,,,,,,,,,,,,,,,,,,,,,,,,,,,,,,,,,,,,,,,,,,,,,,,,,,,,,,,,,,,,,,,,,,,,,,,,,,,,,,,,,,,,,,,,,,,,,,,,,,,,,,,,,,,,,,,,,,0.0,0.0,,,,,,,,,0.0,0.0,0.0,0.0,0.0,,,,,,,,,,,,,,,,,,,,,,,,,,,,,,,,,,,,,,,,,,,,,,,,,,,,,,,,,,,,,,,,,,,,,,,,,,,,,,,,,,,,,,,,,,,,0.0,0.0,,,,,,,,,,,,,,,,,,,,,,,,,,0.0,,,,,,,,,,,,,,,,,,,,,,,,,,,,,,,,,,,,
NET,2024-12-31,2024Q4,,-4253000.0,175892000.0,,47626000.0,47626000.0,80854000.0,-280318000.0,916117000.0,49047000.0,68973000.0,140092000.0,0.0,,,,344855000.0,344855000.0,1139630000.0,1463213000.0,843249000.0,2333522000.0,1475343000.0,843249000.0,1046201000.0,2333522000.0,1046201000.0,1046201000.0,-4253000.0,,,-1102640000.0,2152750000.0,344000.0,344000.0,2254961000.0,1461307000.0,23625000.0,22095000.0,,1415587000.0,1287321000.0,793654000.0,477765000.0,477765000.0,187409000.0,81602000.0,105807000.0,105807000.0,3301162000.0,1032165000.0,21197000.0,172217000.0,,202952000.0,21865000.0,181087000.0,635799000.0,2268997000.0,75484000.0,333321000.0,316753000.0,-8166000.0,324919000.0,1855919000.0,147691000.0,,22095000.0,128266000.0,,,,,,658005000.0,,,,,,,16568000.0,102804000.0,44887000.0,,,,,,,,1708228000.0,,,,,,,,,,,,,,,,,,,4273000.0,,,,,,,,,,,,,,,,,,,,,,,-64511000.0,320315000.0,-384826000.0,,,47754000.0,0.0,0.0,-79554000.0,154214000.0,185906000.0,,-31692000.0,8032000.0,8032000.0,-5183000.0,0.0,0.0,0.0,0.0,0.0,-167032000.0,-167032000.0,-73153000.0,,-6401000.0,127308000.0,127308000.0,-24849000.0,47123000.0,-19125000.0,1549000.0,28135000.0,10809000.0,10809000.0,-69617000.0,-66507000.0,36238000.0,94492000.0,2681000.0,3449000.0,3449000.0,36246000.0,36246000.0,,-12848000.0,,,,,-73153000.0,,,,,,,,,,,,,5000.0,971000.0,13215000.0,,-12914000.0,,,-22967000.0,,,,,,,,,,,,17326000.0,,,,,,,,,,-8101000.0,,,,,,,,,,,,,,,,,0.0,0.21,26848000.0,0.0,0.0,-12848000.0,36246000.0,108686000.0,26848000.0,-9398000.0,20543000.0,1445000.0,21988000.0,-12848000.0,-12848000.0,494665000.0,-34719000.0,,,,,-12848000.0,-12848000.0,-12848000.0,-12848000.0,-12848000.0,2005000.0,-10843000.0,3333000.0,3333000.0,0.0,,20543000.0,1445000.0,21988000.0,-34719000.0,385979000.0,,,,120213000.0,265766000.0,191967000.0,73799000.0,73799000.0,351260000.0,108686000.0,459946000.0,459946000.0,,,,,,,,,,,,,,,,,,
NET,2025-03-31,2025Q1,,3654000.0,187583000.0,,53062000.0,53062000.0,76457000.0,-314280000.0,1006237000.0,49569000.0,69958000.0,152202000.0,0.0,,,,346529032.0,346529032.0,1083852000.0,1475894000.0,1220895000.0,2714189000.0,1803282000.0,1220895000.0,1425878000.0,2714189000.0,1425878000.0,1425878000.0,3654000.0,,,-1141094000.0,2562972000.0,346000.0,346000.0,2295381000.0,1474372000.0,23985000.0,27555000.0,,1422832000.0,1288311000.0,821009000.0,508094000.0,508094000.0,183396000.0,89615000.0,93781000.0,93781000.0,3721259000.0,1096968000.0,25485000.0,174543000.0,,204983000.0,23896000.0,181087000.0,691957000.0,2624291000.0,402737000.0,302307000.0,286319000.0,-8300000.0,294619000.0,1914874000.0,204459000.0,,27555000.0,134521000.0,,,,,,734508000.0,,,,,,,15988000.0,174858000.0,29601000.0,,,,,,,,1710415000.0,,,,,,,,,,,,,,,,,,,4373000.0,,,,,,,,,,,,,,,,,,,,,,,5097000.0,408769000.0,-403672000.0,,,52867000.0,,,-92917000.0,211082000.0,154214000.0,,56868000.0,3522000.0,3522000.0,-7707000.0,,,,,,-92438000.0,-92438000.0,-85889000.0,,-7028000.0,145784000.0,145784000.0,10464000.0,10331000.0,-12416000.0,5118000.0,6980000.0,-842000.0,-842000.0,27740000.0,27160000.0,39286000.0,95535000.0,3274000.0,-156000.0,-156000.0,42207000.0,42207000.0,,-38454000.0,,,,,-85889000.0,,,,,,,,,,,,,2000.0,1030000.0,11229000.0,,-27289000.0,,,-4618000.0,,,,,,,,,,,,7822000.0,,,,,,,,,,-6372000.0,,,,,,,,,,,,,,,,,0.0,0.21,6891000.0,,,-38454000.0,42207000.0,115576000.0,6891000.0,-35316000.0,19956000.0,1443000.0,21399000.0,-38454000.0,-38454000.0,532334000.0,-53247000.0,345723000.0,345723000.0,-0.11,-0.11,-38454000.0,-38454000.0,-38454000.0,-38454000.0,-38454000.0,1695000.0,-36759000.0,-3468000.0,-3468000.0,,,19956000.0,1443000.0,21399000.0,-53247000.0,416758000.0,,,,115089000.0,301669000.0,214011000.0,87658000.0,87658000.0,363511000.0,115576000.0,479087000.0,479087000.0,,,,,,,,,,,,,,,,,,
NET,2025-06-30,2025Q2,,16628000.0,201607000.0,,56812000.0,56812000.0,77940000.0,-353269000.0,1085973000.0,49660000.0,63771000.0,166112000.0,0.0,,,,348415000.0,348415000.0,1741898000.0,3462113000.0,1036530000.0,4500233000.0,3548238000.0,1036530000.0,1239727000.0,4500233000.0,1239727000.0,1239727000.0,16628000.0,,,-1191540000.0,2414291000.0,348000.0,348000.0,4322634000.0,3465041000.0,23935000.0,35805000.0,,3405301000.0,3260506000.0,857593000.0,546698000.0,546698000.0,176143000.0,80463000.0,95680000.0,95680000.0,5562361000.0,1156530000.0,36710000.0,183919000.0,,203197000.0,22110000.0,181087000.0,732704000.0,4405831000.0,112956000.0,328782000.0,307507000.0,-7300000.0,314807000.0,3959720000.0,1518608000.0,,35805000.0,144795000.0,,,,,,806430000.0,,,,,,,21275000.0,1488381000.0,30227000.0,,,,,,,,2441112000.0,,,,,,,,,,,,,,,,,,,4373000.0,,,,,,,,,,,,,,,,,,,,,,,-725047000.0,402056000.0,-1127103000.0,,,33280000.0,,,-66516000.0,1525456000.0,211082000.0,,1314374000.0,2007603000.0,2007603000.0,-12167000.0,,,,,,-793025000.0,-793025000.0,-59897000.0,,-6619000.0,99796000.0,99796000.0,-59516000.0,13314000.0,-12575000.0,-806000.0,-9383000.0,595000.0,595000.0,-31016000.0,-25729000.0,43298000.0,122377000.0,4541000.0,-324000.0,-324000.0,45481000.0,45481000.0,,-50446000.0,,,,,-59897000.0,,,,,,,,,,,,,7000.0,2473000.0,19770000.0,,-19050000.0,,,-1462000.0,,,,,,,,,,,,-9978000.0,,,,,,,,,,-5615000.0,,,,,,,,,,,,,,,,,0.0,0.21,-284000.0,,,-50446000.0,45481000.0,128677000.0,-284000.0,-45765000.0,23882000.0,1524000.0,25406000.0,-50446000.0,-50446000.0,579580000.0,-67264000.0,347489000.0,347489000.0,-0.15,-0.15,-50446000.0,-50446000.0,-50446000.0,-50446000.0,-50446000.0,3157000.0,-47289000.0,-3907000.0,-3907000.0,,,23882000.0,1524000.0,25406000.0,-67264000.0,450903000.0,,,,134557000.0,316346000.0,219359000.0,96987000.0,96987000.0,383639000.0,128677000.0,512316000.0,512316000.0,,,,,,,,,,,,,,,,,,
NET,2025-09-30,2025Q3,,14304000.0,238753000.0,,1355612000.0,65321000.0,90201000.0,-387268000.0,1197777000.0,50500000.0,69857000.0,181503000.0,0.0,,,,350202000.0,350202000.0,2210354000.0,3501751000.0,1147518000.0,4610014000.0,2313582000.0,1147518000.0,1347016000.0,3319723000.0,1347016000.0,1347016000.0,14304000.0,,,-1192830000.0,2525193000.0,349000.0,349000.0,4439379000.0,2216196000.0,24157000.0,45900000.0,,2146139000.0,1972707000.0,2223183000.0,598978000.0,598978000.0,178392000.0,92514000.0,85878000.0,85878000.0,5786395000.0,1249630000.0,45588000.0,194035000.0,,199498000.0,18411000.0,181087000.0,810509000.0,4536765000.0,114349000.0,374535000.0,351890000.0,-8000000.0,359890000.0,4043508000.0,1052644000.0,,45900000.0,173432000.0,1290291000.0,,,,,895917000.0,,,,,,,22645000.0,893457000.0,159187000.0,,,,,,,,2990864000.0,,,,,1290291000.0,,,,,,,,,,,,,,4373000.0,,,,,,,,,,,,,,,,,,,,,,,-537663000.0,518131000.0,-1055794000.0,,,74971000.0,,,-92152000.0,1059492000.0,1525456000.0,,-465964000.0,-3569000.0,-3569000.0,-15082000.0,,,0.0,0.0,,-629518000.0,-629518000.0,-84641000.0,,-7511000.0,167123000.0,167123000.0,-32380000.0,25855000.0,-16741000.0,130000.0,25031000.0,-4082000.0,-4082000.0,-50716000.0,-49346000.0,46002000.0,109917000.0,4963000.0,0.0,0.0,49468000.0,49468000.0,,-1290000.0,,0.0,0.0,,-84641000.0,,,,,,,,,,,,,15000.0,2339000.0,11513000.0,,-15939000.0,,,297000.0,,,,,,,,,,,,29113000.0,,,,,,,,,,-9557000.0,,,,,,,,,,,,,,,,,0.0,0.21,54230000.0,,,-1290000.0,49468000.0,146316000.0,54230000.0,4762000.0,39617000.0,2912000.0,42529000.0,-1290000.0,-1290000.0,599487000.0,-37460000.0,349312000.0,349312000.0,0.0,0.0,-1290000.0,-1290000.0,-1290000.0,-1290000.0,-1290000.0,3140000.0,1850000.0,-307000.0,-307000.0,,,39617000.0,2912000.0,42529000.0,-37460000.0,453171000.0,,,,120956000.0,332215000.0,236309000.0,95906000.0,95906000.0,415711000.0,146316000.0,562027000.0,562027000.0,,,,,,,,,,,,,,,,,,
NET,2025-12-31,2025Q4,,12259000.0,252926000.0,,1362182000.0,70901000.0,111005000.0,-379445000.0,1235782000.0,50906000.0,58372000.0,161269000.0,0.0,,,,351887000.0,351887000.0,2321865000.0,3518327000.0,1190761000.0,4724524000.0,2294274000.0,1190761000.0,1459123000.0,3433243000.0,1459123000.0,1459123000.0,12259000.0,,,-1204907000.0,2651420000.0,351000.0,351000.0,4577133000.0,2226570000.0,29337000.0,41088000.0,,2156145000.0,1974120000.0,2350563000.0,684207000.0,684207000.0,193169000.0,109054000.0,84115000.0,84115000.0,6036256000.0,1391419000.0,47221000.0,219499000.0,,268362000.0,41799000.0,226563000.0,856337000.0,4644837000.0,128203000.0,406019000.0,382488000.0,-7079000.0,389567000.0,4101251000.0,943536000.0,,41088000.0,182025000.0,1291281000.0,,,,,965235000.0,,,,,,,23531000.0,886060000.0,57476000.0,,,,,,,,3157715000.0,,,,,1291281000.0,,,,,,,,,,,,,,9364000.0,,,,,,,,,,,,,,,,,,,,,,,-157479000.0,793037000.0,-950516000.0,,,99444000.0,,,-90967000.0,954357000.0,1059492000.0,,-105135000.0,-3827000.0,-3827000.0,-19873000.0,,,0.0,0.0,,-291719000.0,-291719000.0,-85190000.0,,-5777000.0,190411000.0,190411000.0,-15890000.0,25410000.0,-23156000.0,2350000.0,28333000.0,13193000.0,13193000.0,-31110000.0,-32680000.0,46496000.0,123625000.0,2211000.0,1813000.0,1813000.0,52586000.0,52586000.0,,-12077000.0,,0.0,0.0,,-85190000.0,,,,,,,,,,,,,5000.0,1925000.0,16046000.0,,-17717000.0,,,-43273000.0,,,,,,,,,,,,15140000.0,,,,,,,,,,-8353000.0,,,,,,,,,,,,,,,,,0.0,0.21,44965000.0,,,-12077000.0,52586000.0,161956000.0,44965000.0,-7621000.0,38998000.0,2887000.0,41885000.0,-12077000.0,-12077000.0,663741000.0,-49234000.0,351087000.0,351087000.0,-0.03,-0.03,-12077000.0,-12077000.0,-12077000.0,-12077000.0,-12077000.0,1569000.0,-10508000.0,-272000.0,-272000.0,,,38998000.0,2887000.0,41885000.0,-49234000.0,501785000.0,,,,141887000.0,359898000.0,251138000.0,108760000.0,108760000.0,452551000.0,161956000.0,614507000.0,614507000.0,,,,,,,,,,,,,,,,,,
NET,2026-03-31,2026Q1,,,,,,,,,,,,,,,,,,,,,,,,,,,,,,,,,,,,,,,,,,,,,,,,,,,,,,,,,,,,,,,,,,,,,,,,,,,,,,,,,,,,,,,,,,,,,,,,,,,,,,,,,,,,,,,,,,,,,,,,,,,,,,,,,,,,,,,,,,,,,,,,,,,,,,,,,,,,,,,,,,,,,,,,,,,,,,,,,,,,,,,,,,,,,,,,,,,,,,,,,,,,,,,,,,,,,,,,,,,,,,,,,,,,,,,,,,,,,,,,,,,,,,,,,,,,,,,,,,,,352625000.0,352625000.0,-0.07,-0.07,,,,,,,,,,,,,,,,,,,,,,,,,,,,,,,,,,,,,,,,,,,,,,
CTEV,2024-09-30,2024Q3,,,,,,,,,,,,,,,,,,,,,,,,,,,,,,,,,,,,,,11675000.0,,,,,,,,,,,,,,,,,,,,,,,,,,,,,,,,,,8123000.0,,,,,,,,,,,,,,,,,,,,,,1000.0,,,,,,,,,,,,,,,,,,,,,,,,,,,,,,,,,,,,,,,,,,,,,,,,,,,,,,,,,,,,,,,,,,,,,,,,,,,,,,,,,,,,,,,0.0,0.0,,,,,,,,,,,,0.0,,,,,,0.0,,-87000.0,,,,,,,,,,,25000.0,,,,,,,,,,,,,,,,,,,,,,,,,,,,,,,,,,,,,,,,,,,,,,,16143520.0,16143520.0,-24.25,-24.25,,,,,,,,,,,,,,,,,,,,,,,,,,,,,,,,,,,87000.0,,,,,,,,,,,
CTEV,2024-12-31,2024Q4,0.0,-5063000.0,18242000.0,3115000.0,17635000.0,4385000.0,33690000.0,-420427000.0,729173000.0,2465000.0,,710611000.0,0.0,,27240000.0,742859.0,16187968.0,16930827.0,4506127000.0,4541217000.0,-4545441000.0,4606997000.0,-38275000.0,-4545441000.0,84022000.0,4593747000.0,84022000.0,84022000.0,-5063000.0,,138733000.0,-2145138000.0,2372954000.0,2000.0,2000.0,5066805000.0,4853015000.0,3599000.0,325834000.0,325834000.0,4523582000.0,4509725000.0,213790000.0,,,159350000.0,73023000.0,86327000.0,86327000.0,5150827000.0,4975312000.0,37103000.0,,,4629463000.0,2226323000.0,2403140000.0,308746000.0,175515000.0,6995000.0,111608000.0,89758000.0,-448000.0,90206000.0,16848000.0,16848000.0,,,13857000.0,13250000.0,,,,,16097000.0,,,,,,,21850000.0,,,,0.0,,,,,,,,0.0,,,13250000.0,,,,,,,,,,,,,,12824000.0,,55532000.0,,,,,,,,,,,,,,,,,,,,,,,,85970000.0,85970000.0,-63847000.0,0.0,-3312000.0,-30434000.0,29672000.0,97168000.0,,-67496000.0,-3649000.0,-3649000.0,-616000.0,0.0,0.0,-3245000.0,-3245000.0,-3312000.0,-30434000.0,-30434000.0,-30434000.0,,,-33413000.0,-33413000.0,-22155000.0,,-657000.0,,15170000.0,15170000.0,15170000.0,-7626000.0,-7626000.0,2186000.0,6816000.0,,-55009000.0,-55009000.0,109775000.0,109775000.0,23805000.0,-137965000.0,8439000.0,,,,-30434000.0,,,,,,,,,,0.0,,,96655000.0,22229000.0,212000.0,0.0,-29042000.0,-1000.0,,,,,,,,,,,8440000.0,,54500000.0,,,,,,,,,,,,,,,,,,,,,,,,,85970000.0,85970000.0,,-30646432.96388,0.258775,123325000.0,-118429000.0,-118429000.0,-137965000.0,109775000.0,120192000.0,4896000.0,-104879000.0,-80844000.0,81252000.0,408000.0,-50182432.96388,-137965000.0,219004000.0,-41358000.0,,,,,-137965000.0,-137965000.0,-137965000.0,-137965000.0,-137965000.0,-48166000.0,-186131000.0,-118429000.0,,-118430000.0,63930000.0,-80844000.0,81252000.0,408000.0,13141000.0,97825000.0,108788000.0,108788000.0,22818000.0,,-10963000.0,,-10963000.0,-15693000.0,110966000.0,121179000.0,232145000.0,232145000.0,0.0,54500000.0,,,,,1000.0,,,,4730000.0,,,,,,,
CTEV,2025-03-31,2025Q1,,-6687000.0,17461000.0,,19297000.0,4607000.0,21781000.0,,315880000.0,,,,,,27169000.0,742859.0,16436369.0,17179228.0,4591234000.0,4631824000.0,-4528667000.0,4629188000.0,4363000.0,-4528667000.0,14825000.0,4614498000.0,14825000.0,14825000.0,-6687000.0,,138733000.0,-2216457000.0,2376700000.0,2000.0,2000.0,5069699000.0,4889227000.0,4198000.0,272502000.0,272502000.0,4612527000.0,4599673000.0,180472000.0,,,139394000.0,79499000.0,59895000.0,34506000.0,5084524000.0,4899689000.0,40317000.0,,,4543492000.0,2140352000.0,2403140000.0,315880000.0,184835000.0,7188000.0,116578000.0,93466000.0,,,23129000.0,23129000.0,,,12854000.0,14690000.0,,25389000.0,,,315880000.0,,,,,,,23112000.0,,,,0.0,,,,,,,,0.0,,,14690000.0,,,,,,,,,,,,,,10771000.0,,53409000.0,,,,,,,,,,,,,,,,,,,,,,,,85971000.0,85971000.0,-68922000.0,0.0,-50000000.0,-38866000.0,33900000.0,29672000.0,,4228000.0,73150000.0,73150000.0,-7151000.0,0.0,0.0,80000000.0,80000000.0,-50000000.0,-38866000.0,-38866000.0,-38866000.0,,,-30056000.0,-30056000.0,-39741000.0,,-1121000.0,,-36747000.0,-36747000.0,-36747000.0,-3708000.0,-3708000.0,14936000.0,6329000.0,,-52820000.0,-52820000.0,111539000.0,111539000.0,25568000.0,-71319000.0,1020000.0,130000000.0,130000000.0,,-38866000.0,,,,,,,,,,,,,82003000.0,2532000.0,301000.0,,1835000.0,,,,,,,,,,,,350000.0,,0.0,,,,,,,,,,,,,,,,,,,,,,,,,85971000.0,85971000.0,,-1746579.850447,0.206403,121769000.0,-8462000.0,-8462000.0,-71319000.0,111539000.0,59414000.0,113307000.0,1768000.0,-91148000.0,91636000.0,488000.0,-64603579.850447,-71319000.0,221588000.0,9742000.0,16273439.0,16273439.0,-4.38,-4.38,-71319000.0,-71319000.0,-71319000.0,-71319000.0,-71319000.0,-18549000.0,-89868000.0,-8462000.0,,-8462000.0,7792000.0,-91148000.0,91636000.0,488000.0,9742000.0,161152000.0,110517000.0,110517000.0,24546000.0,,50635000.0,,50635000.0,45694000.0,170894000.0,60436000.0,231330000.0,231330000.0,670000.0,0.0,,,,,,,,,4941000.0,,,,,,,
CTEV,2025-06-30,2025Q2,,-5934000.0,21673000.0,,19156000.0,4466000.0,37982000.0,,323414000.0,,,,,,26241000.0,742859.0,16472126.0,17214985.0,4571378000.0,4649441000.0,-4497429000.0,4587860000.0,-6004000.0,-4497429000.0,-39908000.0,4573170000.0,-39908000.0,-39908000.0,-5934000.0,,138733000.0,-2279097000.0,2383854000.0,2000.0,2000.0,5111888000.0,4858746000.0,2584000.0,225877000.0,225877000.0,4630285000.0,4613078000.0,253142000.0,,,196004000.0,141664000.0,54340000.0,43431000.0,5071980000.0,4824842000.0,43907000.0,,,4457521000.0,2054381000.0,2403140000.0,323414000.0,247138000.0,11037000.0,142572000.0,123579000.0,,,56390000.0,56390000.0,,,17207000.0,14690000.0,,10909000.0,,,323414000.0,,,,,,,18993000.0,,,,0.0,,,,,,,,0.0,,,14690000.0,,,,,,,,,,,,,,10898000.0,,100254000.0,,,,,,,,,,,,,,,,,,,,,,,,85971000.0,85971000.0,36614000.0,0.0,-3674000.0,-24623000.0,67288000.0,33900000.0,,33388000.0,-3226000.0,-3226000.0,0.0,0.0,0.0,-3674000.0,-3674000.0,-3674000.0,-24623000.0,-24623000.0,-24623000.0,,,61237000.0,61237000.0,32778000.0,,-1233000.0,,66843000.0,66843000.0,66843000.0,-30113000.0,-30113000.0,19106000.0,6706000.0,,-46862000.0,-46862000.0,112019000.0,112019000.0,26048000.0,-62640000.0,130000.0,0.0,0.0,,-24623000.0,,,,,,,,,,,,,35507000.0,41445000.0,448000.0,,-2719000.0,,,,,,,,,,,,130000.0,,0.0,,,,,,,,,,,,,,,,,,,,,,,,,85971000.0,85971000.0,,-21287.367964,0.244682,128920000.0,-87000.0,-87000.0,-62640000.0,112019000.0,78343000.0,128833000.0,16814000.0,-99423000.0,99746000.0,323000.0,-62574287.367964,-62640000.0,224992000.0,16578000.0,16453896.0,16453896.0,-3.81,-3.81,-62640000.0,-62640000.0,-62640000.0,-62640000.0,-62640000.0,-20292000.0,-82932000.0,-87000.0,,-87000.0,87000.0,-99423000.0,99746000.0,323000.0,16578000.0,145862000.0,111232000.0,111232000.0,25261000.0,,34630000.0,,34630000.0,28050000.0,162440000.0,79130000.0,241570000.0,241570000.0,,0.0,,,,,,,,,6580000.0,,,,,,,
CTEV,2025-09-30,2025Q3,,-5140000.0,21065000.0,,19516000.0,4826000.0,53199000.0,,330290000.0,,,,,,54787000.0,742859.0,16509496.0,17252355.0,4592209000.0,4652426000.0,-4473386000.0,4529526000.0,44141000.0,-4473386000.0,-101835000.0,4514836000.0,-101835000.0,-101835000.0,-5140000.0,,138733000.0,-2348850000.0,2390886000.0,2000.0,2000.0,5092136000.0,4878819000.0,,245909000.0,245909000.0,4632910000.0,4616671000.0,213317000.0,,,140602000.0,101676000.0,38926000.0,38926000.0,4990301000.0,4732843000.0,31002000.0,,,4371551000.0,1968411000.0,2403140000.0,330290000.0,257458000.0,9672000.0,142354000.0,126992000.0,,,39152000.0,39152000.0,,,16239000.0,14690000.0,,,,,330290000.0,,,,,,,15362000.0,,,,0.0,,,,,,,,,,,14690000.0,,,,,,,,,,,,,,11493000.0,,54255000.0,,,,,,,,,,,,,,,,,,,,,,,,85971000.0,85971000.0,-16346000.0,0.0,-108671000.0,-36203000.0,50645000.0,67288000.0,,-16643000.0,-13630000.0,-13630000.0,-607000.0,0.0,0.0,-13671000.0,-13671000.0,-108671000.0,-22870000.0,-22870000.0,-36203000.0,,,19857000.0,19857000.0,-71040000.0,,-1232000.0,,-40301000.0,-77497000.0,-77497000.0,-3413000.0,-3413000.0,18396000.0,6991000.0,,19782000.0,19782000.0,112618000.0,112618000.0,26647000.0,-69753000.0,2863000.0,95000000.0,95000000.0,,-36203000.0,,,,,,,,,,,,,129547000.0,936000.0,648000.0,,-26094000.0,,,,,,,,,,,,196000.0,,0.0,,,,,,,,,,,,,,,,,,,,,,,,,85971000.0,85971000.0,,-674398.68896,0.252868,123156000.0,-2667000.0,-2667000.0,-69753000.0,112618000.0,81627000.0,120489000.0,7871000.0,-100761000.0,101232000.0,471000.0,-67760398.68896,-69753000.0,235892000.0,10067000.0,16480703.0,16480703.0,-4.23,-4.23,-69753000.0,-69753000.0,-69753000.0,-69753000.0,-69753000.0,-23608000.0,-93361000.0,-2667000.0,,0.0,0.0,-100761000.0,101232000.0,471000.0,10067000.0,153586000.0,111939000.0,111939000.0,25968000.0,,41647000.0,,41647000.0,34204000.0,163653000.0,82306000.0,245959000.0,245959000.0,,0.0,,,,,-2667000.0,,,,7443000.0,,,,,,,
CTEV,2025-12-31,2025Q4,6725000.0,-4172000.0,20941000.0,6052000.0,19395000.0,4705000.0,45238000.0,-473460000.0,813752000.0,3131000.0,,796655000.0,0.0,,43518000.0,742859.0,16552723.0,17295582.0,4578316000.0,4616071000.0,-4464357000.0,4421230000.0,-36991000.0,-4464357000.0,-173900000.0,4406540000.0,-167175000.0,-173900000.0,-4172000.0,,138733000.0,-2429420000.0,2398423000.0,2000.0,2000.0,5055633000.0,4794275000.0,,197599000.0,197599000.0,4596676000.0,4580440000.0,261358000.0,,,190673000.0,130210000.0,60463000.0,60463000.0,4888458000.0,4664091000.0,33342000.0,,,4290457000.0,1884604000.0,2405853000.0,340292000.0,224367000.0,14330000.0,138178000.0,127615000.0,-470000.0,128085000.0,16814000.0,16814000.0,,,16236000.0,14690000.0,,,,,13966000.0,,,,,,,10563000.0,,,,0.0,,,,,,,,,,,14690000.0,,,,,,,,,,,,,,11527000.0,,100009000.0,,,,,,,,,,,,,,,,,,,,,0.0,0.0,,85844000.0,85844000.0,36377000.0,0.0,-58672000.0,-29909000.0,28341000.0,50645000.0,,-22304000.0,-53931000.0,-53931000.0,-604000.0,0.0,0.0,-53672000.0,-53672000.0,-58672000.0,-34659000.0,-34659000.0,-29909000.0,,,66286000.0,66286000.0,49137000.0,,-1548000.0,,41786000.0,21537000.0,21537000.0,10664000.0,10664000.0,17572000.0,7796000.0,,-48608000.0,-48608000.0,112278000.0,112278000.0,26434000.0,-80570000.0,8681000.0,5000000.0,5000000.0,,-29909000.0,,,,,,,,,,,,,35698000.0,-418000.0,345000.0,,-1765000.0,,,,,,,,,,,,,,0.0,20249000.0,,,,,,,,,,,,,,,,,,,,,,,,85844000.0,85844000.0,,-4055905.730613,0.246425,121228000.0,-16459000.0,-16459000.0,-80570000.0,112278000.0,77494000.0,104769000.0,-7509000.0,-99129000.0,99408000.0,279000.0,-68166905.730613,-80570000.0,237883000.0,-7622000.0,16527052.0,16527052.0,-4.88,-4.88,-80570000.0,-80570000.0,-80570000.0,-80570000.0,-80570000.0,-26347000.0,-106917000.0,-16459000.0,,-16459000.0,166000.0,-99129000.0,99408000.0,279000.0,8671000.0,159849000.0,111738000.0,111738000.0,25894000.0,,48111000.0,,48111000.0,41307000.0,168520000.0,78034000.0,246554000.0,246554000.0,6936000.0,0.0,,,,,0.0,,,,6804000.0,,,,,,,
MELI,2024-09-30,2024Q3,,,,,,,,,,,,,,,,,,,,,,,,,,,,,,,,,,,,,,,,,,,,,,,,,,,,,,,,,,,,,,,,,,,,,,,,,,,,,,,,,,,,,,,,,,,,,,,,,,,,,,,,,,,,,,,,,,,,,,,,,,,,,,,,,,,,,,,,,,,,0.0,,,,,,,,,,0.0,0.0,,,,,,,,,,,,,,,,,,,-31000000.0,,,,,,,,,,,,,,,,,,,,,,,,,,,,,,,,,0.0,,-1000000.0,-1000000.0,,,,,,,,,,,,,,,,,,,,,,,,,,,,,,,,,,,,,,,,,,,,,,,,,,,,,,,,,,,,,,,,,,,,,,,,,,,,,,,,,,,,,,,,0.0,,,,,,,,,,,0.0,,,,0.0
MELI,2024-12-31,2024Q4,,-920000000.0,1257000000.0,103000000.0,3069000000.0,282000000.0,,-1033000000.0,3511000000.0,,144000000.0,1913000000.0,74000000.0,,98000000.0,225474.0,50697375.0,50922849.0,2958000000.0,6850000000.0,4141000000.0,9944000000.0,3539000000.0,4141000000.0,4351000000.0,7157000000.0,4351000000.0,4351000000.0,-920000000.0,,311000000.0,3812000000.0,1770000000.0,0.0,0.0,20845000000.0,4242000000.0,22000000.0,213000000.0,204000000.0,3781000000.0,2806000000.0,16603000000.0,106000000.0,106000000.0,13325000000.0,,13325000000.0,3196000000.0,25196000000.0,5054000000.0,67000000.0,802000000.0,802000000.0,210000000.0,61000000.0,149000000.0,2478000000.0,20142000000.0,51000000.0,10475000000.0,255000000.0,-15000000.0,270000000.0,3750000000.0,2635000000.0,41000000.0,9000000.0,975000000.0,2787000000.0,9604000000.0,525000000.0,1191000000.0,65000000.0,1380000000.0,296000000.0,,,,,,5354000000.0,910000000.0,1725000000.0,1126000000.0,,26000000.0,1191000000.0,,,,1115000000.0,,14000000.0,,171000000.0,2761000000.0,,179000000.0,107000000.0,20000000.0,,,,38000000.0,,,150000000.0,4716000000.0,,5434000000.0,,,,,,,,,,,,,,,0.0,,,,,,,,-445000000.0,3884000000.0,-4329000000.0,,,2619000000.0,0.0,-6140000000.0,-305000000.0,4699000000.0,3478000000.0,-332000000.0,1553000000.0,757000000.0,757000000.0,,0.0,0.0,757000000.0,757000000.0,-6140000000.0,-2128000000.0,-2128000000.0,-309000000.0,,,2924000000.0,2924000000.0,1417000000.0,,-185000000.0,-38000000.0,2815000000.0,2815000000.0,638000000.0,-1172000000.0,-63000000.0,-302000000.0,,703000000.0,-76000000.0,-76000000.0,152000000.0,152000000.0,,639000000.0,347000000.0,6897000000.0,6897000000.0,,-309000000.0,,,,,,,,,,,,,,,,,,-24000000.0,0.0,-1372000000.0,,,,59000000.0,,,,-15000000.0,,,,,-3000000.0,110000000.0,,,,,,,,,,,,,,,,,,,,,,,,,-8125819.134993,0.162516,1013000000.0,-50000000.0,-50000000.0,639000000.0,152000000.0,3310000000.0,963000000.0,811000000.0,-7000000.0,48000000.0,41000000.0,680874180.865007,639000000.0,5239000000.0,820000000.0,50697384.0,50697384.0,12.61,12.61,639000000.0,639000000.0,639000000.0,639000000.0,639000000.0,124000000.0,763000000.0,-50000000.0,,,,-7000000.0,48000000.0,41000000.0,820000000.0,1929000000.0,,,,512000000.0,890000000.0,636000000.0,254000000.0,254000000.0,2749000000.0,3310000000.0,6059000000.0,6059000000.0,,,0.0,,,,-50000000.0,,,,,,,0.0,527000000.0,,,0.0
MELI,2025-03-31,2025Q1,,-761000000.0,1408000000.0,236000000.0,3853000000.0,323000000.0,,-1454000000.0,4279000000.0,,,,,,,225474.0,50697375.0,50922849.0,3340000000.0,7725000000.0,4757000000.0,11321000000.0,3675000000.0,4757000000.0,5004000000.0,7791000000.0,5004000000.0,5004000000.0,-761000000.0,,311000000.0,4306000000.0,1770000000.0,0.0,0.0,22678000000.0,4613000000.0,407000000.0,270000000.0,270000000.0,3872000000.0,2787000000.0,18065000000.0,,,13976000000.0,,13976000000.0,3330000000.0,27682000000.0,5942000000.0,367000000.0,968000000.0,968000000.0,247000000.0,92000000.0,155000000.0,2825000000.0,21740000000.0,508000000.0,11294000000.0,261000000.0,,,3718000000.0,2977000000.0,64000000.0,,1085000000.0,3530000000.0,10159000000.0,487000000.0,1310000000.0,66000000.0,4279000000.0,358000000.0,,,,,,5532000000.0,1225000000.0,1752000000.0,1244000000.0,,0.0,1310000000.0,,,,741000000.0,,,,,3530000000.0,,225000000.0,,,,,,,,,,5501000000.0,,5862000000.0,,,,,,,,,,,,,,,,,,,,,,,-335000000.0,3907000000.0,-4242000000.0,,,759000000.0,,-8466000000.0,-272000000.0,4498000000.0,4699000000.0,145000000.0,-346000000.0,465000000.0,465000000.0,,,,465000000.0,465000000.0,-8466000000.0,-1842000000.0,-1842000000.0,-272000000.0,,,1031000000.0,1031000000.0,-369000000.0,,41000000.0,-247000000.0,-46000000.0,-46000000.0,-191000000.0,-71000000.0,-4000000.0,-89000000.0,,626000000.0,-60000000.0,-60000000.0,172000000.0,172000000.0,,494000000.0,118000000.0,8931000000.0,8931000000.0,,-272000000.0,,,,,,,,,,,,,,,,,,28000000.0,,-1235000000.0,,,,127000000.0,,,,12000000.0,,,,,-46000000.0,-2000000.0,,,,,,,,,,,,,,,,92000000.0,,,,,,,,,-16500000.0,0.3,972000000.0,-55000000.0,-55000000.0,494000000.0,172000000.0,3164000000.0,917000000.0,745000000.0,-2000000.0,39000000.0,37000000.0,532500000.0,494000000.0,5172000000.0,763000000.0,50697375.0,50697375.0,9.74,9.74,494000000.0,494000000.0,494000000.0,494000000.0,494000000.0,212000000.0,706000000.0,-55000000.0,,,,-2000000.0,39000000.0,37000000.0,763000000.0,2008000000.0,,,,551000000.0,854000000.0,599000000.0,255000000.0,255000000.0,2771000000.0,3164000000.0,5935000000.0,5935000000.0,,,,,,,-55000000.0,,,,,,,,603000000.0,,,
MELI,2025-06-30,2025Q2,,-575000000.0,1791000000.0,342000000.0,4162000000.0,386000000.0,,-1678000000.0,5141000000.0,,,,,,,225474.0,50697375.0,50922849.0,4180000000.0,8979000000.0,5445000000.0,12901000000.0,4312000000.0,5445000000.0,5713000000.0,9125000000.0,5713000000.0,5713000000.0,-575000000.0,,311000000.0,4829000000.0,1770000000.0,0.0,0.0,27235000000.0,5485000000.0,300000000.0,293000000.0,293000000.0,4817000000.0,3412000000.0,21750000000.0,,,17246000000.0,,17246000000.0,3875000000.0,32948000000.0,6886000000.0,363000000.0,1139000000.0,1139000000.0,268000000.0,108000000.0,160000000.0,3463000000.0,26062000000.0,634000000.0,13472000000.0,313000000.0,,,3968000000.0,3008000000.0,75000000.0,,1405000000.0,3776000000.0,12605000000.0,766000000.0,1376000000.0,67000000.0,5141000000.0,434000000.0,,,,,,6552000000.0,1803000000.0,1205000000.0,1309000000.0,,8000000.0,1376000000.0,,,,960000000.0,,,,,3768000000.0,,277000000.0,,,,,,,,,,6607000000.0,,7554000000.0,,,,,,,,,,,,,,,,,,,,,,,683000000.0,2898000000.0,-2215000000.0,,,2630000000.0,,-9181000000.0,-287000000.0,6888000000.0,4498000000.0,85000000.0,2305000000.0,613000000.0,613000000.0,,,,613000000.0,613000000.0,-9181000000.0,-1225000000.0,-1225000000.0,-287000000.0,,,2917000000.0,2917000000.0,1340000000.0,,-144000000.0,4000000.0,2520000000.0,2520000000.0,614000000.0,-986000000.0,-56000000.0,-63000000.0,,718000000.0,-94000000.0,-94000000.0,199000000.0,199000000.0,,523000000.0,217000000.0,9794000000.0,9794000000.0,,-287000000.0,,,,,,,,,,,,,,,,,,24000000.0,,-1621000000.0,,,,93000000.0,,,,-16000000.0,,,,,-54000000.0,97000000.0,,,,,,,,,,,,,,,,96000000.0,,,,,,,,,-31537709.497207,0.269553,1068000000.0,-117000000.0,-117000000.0,523000000.0,199000000.0,3696000000.0,951000000.0,752000000.0,8000000.0,36000000.0,44000000.0,608462290.502793,523000000.0,5965000000.0,825000000.0,50697375.0,50697375.0,10.31,10.31,523000000.0,523000000.0,523000000.0,523000000.0,523000000.0,193000000.0,716000000.0,-117000000.0,,,,8000000.0,36000000.0,44000000.0,825000000.0,2269000000.0,,,,567000000.0,1012000000.0,751000000.0,261000000.0,261000000.0,3094000000.0,3696000000.0,6790000000.0,6790000000.0,,,,,,,-117000000.0,,,,,,,,690000000.0,,,
MELI,2025-09-30,2025Q3,,-491000000.0,2149000000.0,399000000.0,4832000000.0,443000000.0,,-1849000000.0,5949000000.0,,,,,,,225931.0,50697182.0,50923113.0,5146000000.0,9877000000.0,5941000000.0,13946000000.0,4273000000.0,5941000000.0,6218000000.0,9557000000.0,6218000000.0,6218000000.0,-491000000.0,,312000000.0,5250000000.0,1771000000.0,0.0,0.0,30473000000.0,5951000000.0,449000000.0,341000000.0,341000000.0,5045000000.0,3339000000.0,24522000000.0,,,19291000000.0,,19291000000.0,4053000000.0,36691000000.0,7896000000.0,433000000.0,1376000000.0,1376000000.0,277000000.0,116000000.0,161000000.0,4100000000.0,28795000000.0,593000000.0,14756000000.0,298000000.0,,,4078000000.0,2582000000.0,116000000.0,,1706000000.0,4389000000.0,14350000000.0,888000000.0,1328000000.0,72000000.0,5949000000.0,532000000.0,,,,,,6648000000.0,1262000000.0,1320000000.0,1256000000.0,,26000000.0,1328000000.0,,,,1496000000.0,,,,,4363000000.0,,382000000.0,,,,,,,,,,7810000000.0,,8836000000.0,,,,,,,,,,,,,,,,,,,,,,,976000000.0,4440000000.0,-3464000000.0,,,2602000000.0,-1000000.0,-11533000000.0,-357000000.0,9199000000.0,6888000000.0,19000000.0,2292000000.0,444000000.0,444000000.0,,-1000000.0,-1000000.0,445000000.0,445000000.0,-11533000000.0,-1111000000.0,-1111000000.0,-357000000.0,,,2959000000.0,2959000000.0,1576000000.0,,83000000.0,9000000.0,1617000000.0,1617000000.0,295000000.0,-46000000.0,16000000.0,-175000000.0,,835000000.0,-156000000.0,-156000000.0,209000000.0,209000000.0,,421000000.0,58000000.0,11978000000.0,11978000000.0,,-357000000.0,,,,,,,,,,,,,,,,,,44000000.0,,-1730000000.0,,,,200000000.0,,,,-9000000.0,,,,,-87000000.0,202000000.0,,,,,,,,,,,,,,,,,,,,,,,,,-34481132.075472,0.33805,982000000.0,-102000000.0,-102000000.0,421000000.0,209000000.0,4200000000.0,880000000.0,671000000.0,14000000.0,35000000.0,49000000.0,488518867.924528,421000000.0,6685000000.0,724000000.0,50697284.0,50697265.0,8.32,8.32,421000000.0,421000000.0,421000000.0,421000000.0,421000000.0,215000000.0,636000000.0,-102000000.0,,,,14000000.0,35000000.0,49000000.0,724000000.0,2485000000.0,,,,567000000.0,1103000000.0,833000000.0,270000000.0,270000000.0,3209000000.0,4200000000.0,7409000000.0,7409000000.0,,,,,,,-102000000.0,,,,,,,,815000000.0,,,
MELI,2025-12-31,2025Q4,,-520000000.0,2329000000.0,240000000.0,5053000000.0,478000000.0,,-1424000000.0,5928000000.0,,374000000.0,2800000000.0,79000000.0,,136000000.0,225931.0,50697182.0,50923113.0,5393000000.0,11392000000.0,6552000000.0,15811000000.0,4940000000.0,6552000000.0,6748000000.0,11236000000.0,6748000000.0,6748000000.0,-520000000.0,,312000000.0,5809000000.0,1771000000.0,0.0,0.0,35919000000.0,7286000000.0,51000000.0,517000000.0,372000000.0,6339000000.0,4488000000.0,28633000000.0,169000000.0,169000000.0,23171000000.0,,23171000000.0,4502000000.0,42667000000.0,9094000000.0,173000000.0,1541000000.0,1541000000.0,196000000.0,33000000.0,163000000.0,4504000000.0,33573000000.0,88000000.0,16591000000.0,369000000.0,-25000000.0,394000000.0,5513000000.0,3670000000.0,187000000.0,145000000.0,1851000000.0,4575000000.0,17529000000.0,1140000000.0,1756000000.0,112000000.0,2675000000.0,570000000.0,,,,,,6943000000.0,1488000000.0,2182000000.0,1644000000.0,,16000000.0,1756000000.0,,,,1843000000.0,,5000000.0,,187000000.0,4432000000.0,,510000000.0,395000000.0,19000000.0,,,,22000000.0,,,424000000.0,8855000000.0,,10653000000.0,,,,,,,,,,,,,,,127000000.0,,,,,,,,424000000.0,5348000000.0,-4924000000.0,,,4782000000.0,0.0,-11965000000.0,-427000000.0,13537000000.0,9199000000.0,-252000000.0,4590000000.0,1382000000.0,1382000000.0,,0.0,0.0,1382000000.0,1382000000.0,-11965000000.0,-2001000000.0,-2001000000.0,-427000000.0,,,5209000000.0,5209000000.0,3376000000.0,,-243000000.0,-257000000.0,4329000000.0,4329000000.0,769000000.0,-405000000.0,,-493000000.0,,1018000000.0,-159000000.0,-159000000.0,238000000.0,238000000.0,,559000000.0,484000000.0,13347000000.0,13347000000.0,,-427000000.0,,,,,,,,,,,,,,,,,,21000000.0,,-2073000000.0,,,,164000000.0,,,,3000000.0,,,,,-48000000.0,160000000.0,,,,,,,,,,,,,,,,,,,,,,,,,-18080357.142857,0.28699,1135000000.0,-63000000.0,-63000000.0,559000000.0,238000000.0,4975000000.0,1072000000.0,834000000.0,-42000000.0,50000000.0,8000000.0,603919642.857143,559000000.0,7870000000.0,889000000.0,50697250.0,50697182.0,11.03,11.03,559000000.0,559000000.0,559000000.0,559000000.0,559000000.0,225000000.0,784000000.0,-63000000.0,,,,-42000000.0,50000000.0,8000000.0,889000000.0,2895000000.0,,,,584000000.0,1328000000.0,1036000000.0,292000000.0,292000000.0,3784000000.0,4975000000.0,8759000000.0,8759000000.0,,,,,,,-63000000.0,,,,,,,,983000000.0,,,
DELL,2024-10-31,2024Q4,,,,211000000.0,,,,,,,,,,,,,,,,,,,,,,,,,,,,,,,,,,,,,,,,,,,,,,,,,,,,,,,,,,,,,,,,,,,,,,,,,,,,,,,,,,,,,,,,,,,,,,,,,,,,,,,,,,,,,,,,,,,,,,,,,,,,,,,,,,,,,,,,,,,,,,,,,,,,,,,,,,,,,,,,,,,,,,,,,,,,,,,,,,,,,,,,,,,,,,,0.0,,,,,,,,,,,,,,,,,,,,,,,,0.0,0.0,,,,,,,,,,,,,,,,,,,,,,,,,,,,,,,,,,,,,,,,,,,,,,,,,,,,,-71000000.0,71000000.0,,,,,,,,,,,,,,,,,,,,,,,,,,0.0,,,,,,,,,
DELL,2025-01-31,2025Q1,95000000.0,-939000000.0,,221000000.0,5204000000.0,,,-7760000000.0,14096000000.0,,,6054000000.0,2838000000.0,,,138000000.0,696130464.0,834130464.0,20934000000.0,24567000000.0,-25590000000.0,23085000000.0,-10298000000.0,-25590000000.0,-1482000000.0,17881000000.0,-1387000000.0,-1482000000.0,-939000000.0,,8502000000.0,-1160000000.0,,9119000000.0,9119000000.0,81133000000.0,34606000000.0,2951000000.0,12292000000.0,,19363000000.0,19363000000.0,46527000000.0,13673000000.0,13673000000.0,27429000000.0,6597000000.0,20832000000.0,20832000000.0,79746000000.0,43517000000.0,5650000000.0,,,24108000000.0,4988000000.0,19120000000.0,6336000000.0,36229000000.0,9610000000.0,15602000000.0,10298000000.0,-63000000.0,10361000000.0,3633000000.0,3633000000.0,,12292000000.0,,5204000000.0,,,,,5204000000.0,6716000000.0,,,1156000000.0,1128000000.0,4432000000.0,5304000000.0,,,,,,1496000000.0,,,,,,,,,,,,5927000000.0,,,,,,668000000.0,,,,,,,,,,,,,,,,,,,,,,,,,,,,3000000.0,45000000.0,-42000000.0,,,-150000000.0,-751000000.0,-976000000.0,-735000000.0,3819000000.0,5404000000.0,-101000000.0,-1484000000.0,-1391000000.0,-1391000000.0,2000000.0,-751000000.0,-751000000.0,-331000000.0,-331000000.0,-976000000.0,-678000000.0,-678000000.0,,,-735000000.0,585000000.0,585000000.0,-2074000000.0,301000000.0,,,-2386000000.0,-2386000000.0,-2386000000.0,204000000.0,736000000.0,-168000000.0,186000000.0,,214000000.0,214000000.0,774000000.0,774000000.0,,1653000000.0,,645000000.0,645000000.0,-311000000.0,,,,,,,,,,,0.0,,-311000000.0,,,,0.0,,,,54000000.0,,,,,,,,,,,,,-193000000.0,,0.0,0.0,,,,,,,,,,,,,,,,,,,,,,1000000.0,27315094.339623,0.220283,3114000000.0,124000000.0,124000000.0,1654000000.0,774000000.0,18105000000.0,3238000000.0,2464000000.0,-311000000.0,344000000.0,33000000.0,1557315094.339623,1654000000.0,21624000000.0,2307000000.0,713023256.0,696130464.0,2.15,2.202173,1654000000.0,1654000000.0,1654000000.0,1653000000.0,1653000000.0,467000000.0,2120000000.0,124000000.0,,,,-311000000.0,344000000.0,33000000.0,2307000000.0,3519000000.0,,,,773000000.0,2746000000.0,,,,5826000000.0,18105000000.0,23931000000.0,23931000000.0,,,,,,,124000000.0,,,,,,,,,,,
DELL,2025-04-30,2025Q2,0.0,-926000000.0,,,4845000000.0,,,-8265000000.0,14648000000.0,,,6195000000.0,2894000000.0,,,160000000.0,683477567.0,843477567.0,21081000000.0,28781000000.0,-27207000000.0,25757000000.0,-7497000000.0,-27207000000.0,-3024000000.0,20912000000.0,-3024000000.0,-3024000000.0,-926000000.0,,10488000000.0,-567000000.0,,8957000000.0,8957000000.0,89893000000.0,39471000000.0,3122000000.0,12413000000.0,,23936000000.0,23936000000.0,50422000000.0,13907000000.0,13907000000.0,31670000000.0,6321000000.0,25349000000.0,25349000000.0,86869000000.0,43944000000.0,5745000000.0,,,24183000000.0,4868000000.0,19315000000.0,6383000000.0,42925000000.0,12644000000.0,15166000000.0,9785000000.0,-82000000.0,9867000000.0,7700000000.0,7700000000.0,,12413000000.0,,4845000000.0,,,,,5559000000.0,7415000000.0,,,941000000.0,1229000000.0,5245000000.0,5381000000.0,,,,,,1591000000.0,,,,,,,,,,,,6042000000.0,,,,,,0.0,,,,,,,,,,,,,,,,,,,,,,,,,,,,-66000000.0,31000000.0,-97000000.0,,,2228000000.0,-2332000000.0,-2310000000.0,-568000000.0,7853000000.0,3819000000.0,89000000.0,3945000000.0,1237000000.0,1237000000.0,-33000000.0,-2332000000.0,-2332000000.0,3998000000.0,3998000000.0,-2310000000.0,-88000000.0,-88000000.0,,,-568000000.0,2796000000.0,2796000000.0,985000000.0,-3506000000.0,,,4511000000.0,4511000000.0,4511000000.0,714000000.0,691000000.0,174000000.0,190000000.0,,-256000000.0,-256000000.0,738000000.0,738000000.0,,965000000.0,,6308000000.0,6308000000.0,-396000000.0,,,,,,,,,,,533000000.0,533000000.0,-396000000.0,,,,,,,,13000000.0,,,,,,,,,,,,,-734000000.0,,,,,,,,,,,,,,,,,,,,,,,,,0.0,27021237.303786,0.108957,1934000000.0,248000000.0,248000000.0,965000000.0,738000000.0,18441000000.0,2182000000.0,1444000000.0,-330000000.0,361000000.0,31000000.0,744021237.303786,965000000.0,22213000000.0,1165000000.0,704379562.0,683477567.0,1.37,1.411897,965000000.0,965000000.0,965000000.0,965000000.0,965000000.0,118000000.0,1083000000.0,248000000.0,,236000000.0,,-330000000.0,361000000.0,31000000.0,1165000000.0,3772000000.0,,,,808000000.0,2964000000.0,,,,4937000000.0,18441000000.0,23378000000.0,23378000000.0,,,,,,,12000000.0,,236000000.0,,,,,,,,,
DELL,2025-07-31,2025Q3,0.0,-710000000.0,,,7154000000.0,,,-8559000000.0,15017000000.0,,,6381000000.0,2963000000.0,,,168000000.0,674708671.0,842708671.0,20544000000.0,28689000000.0,-26850000000.0,25923000000.0,-9350000000.0,-26850000000.0,-2766000000.0,18769000000.0,-2766000000.0,-2766000000.0,-710000000.0,,11419000000.0,231000000.0,,9132000000.0,9132000000.0,91942000000.0,37080000000.0,3123000000.0,12422000000.0,,21535000000.0,21535000000.0,54862000000.0,13759000000.0,13759000000.0,33949000000.0,6486000000.0,27463000000.0,27463000000.0,89176000000.0,43664000000.0,5455000000.0,,,24084000000.0,4748000000.0,19336000000.0,6458000000.0,45512000000.0,9181000000.0,20975000000.0,15023000000.0,-83000000.0,15106000000.0,8145000000.0,8145000000.0,,12422000000.0,,7154000000.0,,,,,5673000000.0,7211000000.0,,,931000000.0,1603000000.0,4677000000.0,5952000000.0,,,,,,1596000000.0,,,,,,,,,,,,6071000000.0,,,,,,0.0,,,,,,,,,,,,,,,,,,,,,,,,,,,,0.0,28000000.0,-28000000.0,,,1868000000.0,-945000000.0,-1114000000.0,-675000000.0,8291000000.0,7853000000.0,15000000.0,423000000.0,-1465000000.0,-1465000000.0,-3000000.0,-944000000.0,-945000000.0,-152000000.0,-152000000.0,-1114000000.0,-655000000.0,-655000000.0,,,-675000000.0,2543000000.0,2543000000.0,94000000.0,3728000000.0,,,2104000000.0,2104000000.0,2104000000.0,-5857000000.0,-5265000000.0,215000000.0,179000000.0,,129000000.0,129000000.0,762000000.0,762000000.0,,1164000000.0,,962000000.0,962000000.0,-366000000.0,,,,,,,,,,,0.0,0.0,-366000000.0,,,,,,,,20000000.0,,,,,,,,,,,,,119000000.0,,,,,,,,,,,,,,,,,,,,,,,,,0.0,-2108333.333333,0.191667,2612000000.0,-11000000.0,-11000000.0,1164000000.0,762000000.0,24329000000.0,2601000000.0,1839000000.0,-322000000.0,399000000.0,77000000.0,1172891666.666667,1164000000.0,28003000000.0,1773000000.0,684705882.0,674708671.0,1.7,1.720922,1164000000.0,1164000000.0,1164000000.0,1164000000.0,1164000000.0,276000000.0,1440000000.0,-11000000.0,,0.0,,-322000000.0,399000000.0,77000000.0,1773000000.0,3674000000.0,,,,785000000.0,2889000000.0,,,,5447000000.0,24329000000.0,29776000000.0,29776000000.0,,,,,,,-11000000.0,,0.0,,,,,,,,,
DELL,2025-10-31,2025Q4,0.0,-654000000.0,,,7394000000.0,,,-8718000000.0,15256000000.0,,,6570000000.0,3052000000.0,,,177000000.0,666762341.0,843762341.0,21674000000.0,31243000000.0,-26606000000.0,28623000000.0,-7414000000.0,-26606000000.0,-2620000000.0,21229000000.0,-2620000000.0,-2620000000.0,-654000000.0,,12665000000.0,1420000000.0,,9279000000.0,9279000000.0,90099000000.0,39583000000.0,3275000000.0,12459000000.0,,23849000000.0,23849000000.0,50516000000.0,12649000000.0,12649000000.0,30473000000.0,6679000000.0,23794000000.0,23794000000.0,87479000000.0,44377000000.0,5368000000.0,,,23986000000.0,4628000000.0,19358000000.0,6538000000.0,43102000000.0,8436000000.0,18148000000.0,11721000000.0,-75000000.0,11796000000.0,9569000000.0,9569000000.0,,12459000000.0,,7394000000.0,,,,,5634000000.0,6949000000.0,,,1085000000.0,1268000000.0,4596000000.0,6427000000.0,,,,,,1760000000.0,,,,,,,,,,,,6725000000.0,,,,,,0.0,,,,,,,,,,,,,,,,,,,,,,,,,,,,25000000.0,71000000.0,-46000000.0,,,503000000.0,-1269000000.0,-3977000000.0,-669000000.0,9733000000.0,8291000000.0,30000000.0,1412000000.0,857000000.0,857000000.0,-52000000.0,-1265000000.0,-1269000000.0,2525000000.0,2525000000.0,-3977000000.0,-617000000.0,-617000000.0,,,-669000000.0,1172000000.0,1172000000.0,-1457000000.0,-142000000.0,,,-3696000000.0,-3696000000.0,-3696000000.0,2175000000.0,3310000000.0,48000000.0,165000000.0,,112000000.0,112000000.0,756000000.0,756000000.0,,1548000000.0,,6502000000.0,6502000000.0,-351000000.0,,,,,,,,,,,0.0,0.0,-351000000.0,,,,,,,,27000000.0,,,,,,,,,,,,,206000000.0,,4000000.0,4000000.0,,,,,,,,,,,,,,,,,,,,,,0.0,17574000.0,0.202,3006000000.0,87000000.0,87000000.0,1548000000.0,756000000.0,21412000000.0,3093000000.0,2337000000.0,-314000000.0,396000000.0,82000000.0,1478574000.0,1548000000.0,24837000000.0,2119000000.0,678947368.0,666762341.0,2.28,2.321667,1548000000.0,1548000000.0,1548000000.0,1548000000.0,1548000000.0,393000000.0,1941000000.0,87000000.0,,-49000000.0,49000000.0,-314000000.0,396000000.0,82000000.0,2168000000.0,3425000000.0,,,,752000000.0,2673000000.0,,,,5593000000.0,21412000000.0,27005000000.0,27005000000.0,,,,,,,136000000.0,,0.0,,,,,,,,,
DELL,2026-01-31,2026Q1,0.0,-719000000.0,,,7990000000.0,,,-8167000000.0,14843000000.0,,,5932000000.0,3134000000.0,,,192000000.0,651771798.0,843771798.0,19975000000.0,31503000000.0,-26550000000.0,29033000000.0,-5667000000.0,-26550000000.0,-2470000000.0,21043000000.0,-2470000000.0,-2470000000.0,-719000000.0,,14533000000.0,3325000000.0,,9457000000.0,9457000000.0,103756000000.0,40487000000.0,3378000000.0,13596000000.0,,23513000000.0,23513000000.0,63269000000.0,13334000000.0,13334000000.0,41945000000.0,8315000000.0,33630000000.0,33630000000.0,101286000000.0,43684000000.0,5376000000.0,,,24080000000.0,4533000000.0,19547000000.0,6676000000.0,57602000000.0,9594000000.0,26043000000.0,17585000000.0,-77000000.0,17662000000.0,11528000000.0,11528000000.0,,13596000000.0,,7990000000.0,,,,,5777000000.0,10437000000.0,,,969000000.0,2772000000.0,6696000000.0,8458000000.0,,,,,,1730000000.0,,,,,,,,,,,,5822000000.0,,,,,,0.0,,,,,,,,,,,,,,,,,,,,,,,,,,,,90000000.0,116000000.0,-26000000.0,,,3953000000.0,-1858000000.0,-1121000000.0,-721000000.0,11706000000.0,9733000000.0,87000000.0,1886000000.0,-2093000000.0,-2093000000.0,0.0,-1858000000.0,-1858000000.0,111000000.0,111000000.0,-1121000000.0,-695000000.0,-695000000.0,,,-721000000.0,4674000000.0,4674000000.0,1221000000.0,1847000000.0,,,9746000000.0,9746000000.0,9746000000.0,-6794000000.0,-5758000000.0,277000000.0,189000000.0,,-45000000.0,-45000000.0,773000000.0,773000000.0,,2259000000.0,,1232000000.0,1232000000.0,-346000000.0,,,,,,,,,,,-84000000.0,0.0,-346000000.0,,,,,,,,20000000.0,,,,,,,,,,,,,-3578000000.0,,0.0,0.0,,,,,,,,,,,,,,,,,,,,,,0.0,-5980707.395498,0.192926,4014000000.0,-31000000.0,-31000000.0,2259000000.0,773000000.0,26649000000.0,3983000000.0,3210000000.0,-315000000.0,411000000.0,96000000.0,2284019292.604502,2259000000.0,30234000000.0,3092000000.0,670326409.0,651771798.0,3.37,3.465937,2259000000.0,2259000000.0,2259000000.0,2259000000.0,2259000000.0,540000000.0,2799000000.0,-31000000.0,,-53000000.0,53000000.0,-315000000.0,411000000.0,96000000.0,3145000000.0,3585000000.0,,,,797000000.0,2788000000.0,,,,6730000000.0,26649000000.0,33379000000.0,33379000000.0,,,,,,,22000000.0,,0.0,,,,,,,,,
SHOP,2024-09-30,2024Q3,,,,,,,,,,,,,,,,,,,,,,,,,,,,,,,,,,,,,,,,,,917000000.0,,,,,,,,,,,,,,,,,,211000000.0,,,,,,,,,,,,,,,,,,,,,,,,,782000000.0,,,,,,,,,,,,,,,,,,,,,,,,,,,,,,,,,,,,,,,,,,,,,,,,,,,,,,,,,,,,,,,,,,,,,,,,,,,,,,,,,,,,,,,,,,,,,,,,,,,,,,,,,,,,,,,,,,,,,,,,,,,,,,,,,,0.0,,,,,,,,,,,,,,,,,,,,,,,,,,,,,,,,,,,,,,,,,,,,,,,,,,,,,,,,,,,,,,,,,,,,,,,,,,,,,,,,0.0,,58000000.0,,,,,,,,,,,,
SHOP,2024-12-31,2024Q4,,,,13000000.0,,,99000000.0,-170000000.0,,149000000.0,,68000000.0,0.0,,94000000.0,,,,,,,,,,,,,,,,,,,,,,,,,,,,,,,,48000000.0,,,,,,,,,,,,,,,,-31000000.0,,,,,,,918000000.0,38000000.0,179000000.0,,,,26000000.0,,26000000.0,,,,,,,,,,,,,,,,,,,918000000.0,58000000.0,,,,,,,0.0,,,,,,9000000.0,,,,48000000.0,,,,,,,,,,,,,,,,,,,,,,,,,,,,,,,,,,,,,,,,,,,,,,,,,,,,,,,,,,,,,,,,,,,,,,,,,,,,,,,,,,,,,,,,,,,,,,,,,,,,0.0,,,,,,,,,,,,,,,,,,,,,,,,,,,,,,,,,,,,,,,,,,,,,,,,,,,,,,,,,,,,,,,,,,,,,,,,,,,,,,,,0.0,,76000000.0,,,,,,,,,,,,
SHOP,2025-03-31,2025Q1,,-6000000.0,219000000.0,,938000000.0,19000000.0,,,151000000.0,,,,,,,,1297078805.0,1297078805.0,,1138000000.0,10521000000.0,11970000000.0,5436000000.0,10521000000.0,11051000000.0,11051000000.0,11051000000.0,11051000000.0,-6000000.0,,,947000000.0,279000000.0,9831000000.0,9831000000.0,2349000000.0,340000000.0,,140000000.0,5000000.0,200000000.0,,2009000000.0,295000000.0,295000000.0,776000000.0,,776000000.0,776000000.0,13400000000.0,5955000000.0,23000000.0,98000000.0,98000000.0,530000000.0,39000000.0,491000000.0,151000000.0,7445000000.0,242000000.0,1689000000.0,71000000.0,,71000000.0,5514000000.0,1309000000.0,,135000000.0,200000000.0,919000000.0,,,894000000.0,894000000.0,151000000.0,,,,,,,181000000.0,,,,,,5153000000.0,,,,4205000000.0,,,,,919000000.0,,,,,,4259000000.0,,,,,35000000.0,1392000000.0,,,,,,,,,,,,,,,10000000.0,,,,,,,,,,-387000000.0,1331000000.0,-1718000000.0,,,363000000.0,0.0,,-4000000.0,1309000000.0,1498000000.0,4000000.0,-193000000.0,59000000.0,59000000.0,,0.0,0.0,,,,-619000000.0,-619000000.0,-4000000.0,,,367000000.0,367000000.0,-6000000.0,-6000000.0,,,,,,,,-13000000.0,114000000.0,43000000.0,-129000000.0,-129000000.0,8000000.0,8000000.0,,-682000000.0,1032000000.0,,,,-4000000.0,,,,,,,,,,-60000000.0,,,,27000000.0,59000000.0,-60000000.0,,,1044000000.0,-168000000.0,,,,,,,,,,,,,,-12000000.0,,,,,,,,,,,,,,,,,,,,,,,,,-124571428.571429,0.114286,1376000000.0,-1090000000.0,-1090000000.0,-682000000.0,8000000.0,1191000000.0,286000000.0,278000000.0,65000000.0,,65000000.0,283428571.428571,-682000000.0,2082000000.0,203000000.0,1297078805.0,1297078805.0,-0.525797,-0.525797,-682000000.0,-682000000.0,-682000000.0,-682000000.0,-682000000.0,-88000000.0,-770000000.0,-1113000000.0,,-75000000.0,75000000.0,65000000.0,,65000000.0,278000000.0,891000000.0,,,,377000000.0,514000000.0,405000000.0,109000000.0,109000000.0,1169000000.0,1191000000.0,2360000000.0,2360000000.0,,,,,,75000000.0,-1015000000.0,-23000000.0,,,,,,0.0,,,,
SHOP,2025-06-30,2025Q2,,5000000.0,220000000.0,,939000000.0,20000000.0,,,143000000.0,,,,,,,,1299368184.0,1299368184.0,,1139000000.0,11597000000.0,13043000000.0,5923000000.0,11597000000.0,12124000000.0,12124000000.0,12124000000.0,12124000000.0,5000000.0,,,1853000000.0,281000000.0,9985000000.0,9985000000.0,2437000000.0,359000000.0,,159000000.0,36000000.0,200000000.0,,2078000000.0,298000000.0,298000000.0,841000000.0,,841000000.0,841000000.0,14561000000.0,6560000000.0,28000000.0,31000000.0,31000000.0,527000000.0,36000000.0,491000000.0,143000000.0,8001000000.0,234000000.0,1947000000.0,69000000.0,,69000000.0,5820000000.0,1542000000.0,,123000000.0,200000000.0,919000000.0,,,831000000.0,831000000.0,143000000.0,,,,,,,201000000.0,,,,,,5831000000.0,,,,4278000000.0,,,,,919000000.0,,,,,,5000000000.0,,,,,41000000.0,1597000000.0,,,,,,,,,,,,,,,39000000.0,,,,,,,,,,0.0,1464000000.0,-1464000000.0,,,422000000.0,,,-6000000.0,1542000000.0,1309000000.0,13000000.0,220000000.0,44000000.0,44000000.0,,,,,,,-252000000.0,-252000000.0,-6000000.0,,,428000000.0,428000000.0,-35000000.0,-35000000.0,,,,,,,,-12000000.0,113000000.0,44000000.0,98000000.0,98000000.0,8000000.0,8000000.0,,906000000.0,-704000000.0,,,,-6000000.0,,,,,,,,,,-71000000.0,,,,61000000.0,44000000.0,-71000000.0,,,-658000000.0,-175000000.0,,,,,,,,,,,10000000.0,,,-46000000.0,,,,,,,,,,,,,,,,,,,,,,,,,100368860.055607,0.160334,-247000000.0,626000000.0,626000000.0,906000000.0,8000000.0,1378000000.0,379000000.0,371000000.0,106000000.0,,106000000.0,380368860.055607,906000000.0,2309000000.0,291000000.0,1308993838.0,1297746050.0,0.69,0.7,906000000.0,906000000.0,906000000.0,906000000.0,906000000.0,173000000.0,1079000000.0,602000000.0,,-80000000.0,80000000.0,106000000.0,,106000000.0,371000000.0,931000000.0,,,,394000000.0,537000000.0,415000000.0,122000000.0,122000000.0,1302000000.0,1378000000.0,2680000000.0,2680000000.0,,,,,,,706000000.0,-24000000.0,,,,,,,,,,
SHOP,2025-09-30,2025Q3,,-1000000.0,195000000.0,,939000000.0,19000000.0,,,145000000.0,,,,,,,,1301281052.0,1301281052.0,,1115000000.0,11987000000.0,13431000000.0,6492000000.0,11987000000.0,12511000000.0,12511000000.0,12511000000.0,12511000000.0,-1000000.0,,,2117000000.0,272000000.0,10123000000.0,10123000000.0,2528000000.0,315000000.0,,139000000.0,29000000.0,176000000.0,,2213000000.0,300000000.0,300000000.0,974000000.0,,974000000.0,974000000.0,15039000000.0,6334000000.0,23000000.0,29000000.0,29000000.0,524000000.0,33000000.0,491000000.0,145000000.0,8705000000.0,227000000.0,2129000000.0,79000000.0,,79000000.0,6349000000.0,2414000000.0,,110000000.0,176000000.0,920000000.0,,,676000000.0,676000000.0,145000000.0,,,,,,,207000000.0,,,,,,5613000000.0,,,,3935000000.0,,,,,920000000.0,,,,,,4937000000.0,,,,,74000000.0,1733000000.0,,,,,,,,,,,,,,,36000000.0,,,,,,,,,,496000000.0,1956000000.0,-1460000000.0,,,507000000.0,,,-6000000.0,2414000000.0,1542000000.0,0.0,872000000.0,24000000.0,24000000.0,,,,,,,335000000.0,335000000.0,-6000000.0,,,513000000.0,513000000.0,-70000000.0,-70000000.0,,,,,,,,-12000000.0,107000000.0,102000000.0,-5000000.0,-5000000.0,8000000.0,8000000.0,,264000000.0,116000000.0,,,,-6000000.0,,,,,,,,,,-8000000.0,,,,23000000.0,24000000.0,-8000000.0,,29000000.0,83000000.0,-147000000.0,,,,,,,,,,,3000000.0,,,4000000.0,,,,,,,,,,,,,,,,,,,,,,,,,-34714285.714286,0.142857,742000000.0,-243000000.0,-243000000.0,264000000.0,8000000.0,1453000000.0,499000000.0,491000000.0,81000000.0,,81000000.0,472285714.285714,264000000.0,2353000000.0,343000000.0,1312872709.0,1300069685.0,0.2,0.2,264000000.0,264000000.0,264000000.0,264000000.0,264000000.0,44000000.0,308000000.0,-264000000.0,,-148000000.0,148000000.0,81000000.0,,81000000.0,491000000.0,900000000.0,,,,375000000.0,525000000.0,410000000.0,115000000.0,115000000.0,1391000000.0,1453000000.0,2844000000.0,2844000000.0,,,,,,,-95000000.0,-21000000.0,,,,,,,,,,
SHOP,2025-12-31,2025Q4,,1000000.0,188000000.0,1000000.0,17000000.0,17000000.0,102000000.0,-175000000.0,316000000.0,159000000.0,,69000000.0,0.0,,124000000.0,,1303904301.0,1303904301.0,,188000000.0,12952000000.0,13473000000.0,6904000000.0,12952000000.0,13473000000.0,13473000000.0,13473000000.0,13473000000.0,1000000.0,,,2860000000.0,236000000.0,10376000000.0,10376000000.0,1716000000.0,324000000.0,,153000000.0,55000000.0,171000000.0,,1392000000.0,300000000.0,300000000.0,906000000.0,,906000000.0,570000000.0,15189000000.0,6893000000.0,39000000.0,33000000.0,33000000.0,521000000.0,30000000.0,491000000.0,141000000.0,8296000000.0,,2370000000.0,421000000.0,-35000000.0,456000000.0,5767000000.0,1534000000.0,,98000000.0,171000000.0,,19000000.0,317000000.0,975000000.0,975000000.0,88000000.0,21000000.0,,,,,,306000000.0,,,,,,6159000000.0,,,,4233000000.0,,,,,,156000000.0,,,,,5184000000.0,,3000000.0,,,143000000.0,1461000000.0,,11000000.0,,,,66000000.0,,,,,,,,,39000000.0,,,,,,,,,,-597000000.0,1801000000.0,-2398000000.0,,,715000000.0,,,-10000000.0,1545000000.0,2414000000.0,-2000000.0,-867000000.0,-938000000.0,-938000000.0,,,,,,,-654000000.0,-654000000.0,-10000000.0,,,725000000.0,725000000.0,-6000000.0,130000000.0,,,,,,,,-12000000.0,115000000.0,41000000.0,22000000.0,22000000.0,7000000.0,7000000.0,,743000000.0,-185000000.0,,,,-10000000.0,,,,,,,,,,-16000000.0,,,,83000000.0,105000000.0,-16000000.0,,94000000.0,-276000000.0,-31000000.0,,,,,,,,,,,0.0,,,-3000000.0,,,,,,,,,,,,,,,,,,,,,,,,,6681614.349776,0.16704,712000000.0,40000000.0,40000000.0,743000000.0,7000000.0,1979000000.0,752000000.0,745000000.0,79000000.0,,79000000.0,709681614.349776,743000000.0,2927000000.0,631000000.0,1303904301.0,1303904301.0,0.569827,0.569827,743000000.0,743000000.0,743000000.0,743000000.0,743000000.0,149000000.0,892000000.0,68000000.0,,-114000000.0,114000000.0,79000000.0,,79000000.0,745000000.0,948000000.0,,,,390000000.0,558000000.0,433000000.0,125000000.0,125000000.0,1693000000.0,1979000000.0,3672000000.0,3672000000.0,,,,,,,154000000.0,28000000.0,,,,,,,,,,
SHOP,2026-03-31,2026Q1,,-4000000.0,179000000.0,,16000000.0,16000000.0,,,138000000.0,,,,,,,,1300779030.0,1300779030.0,,179000000.0,11982000000.0,12501000000.0,7124000000.0,11982000000.0,12501000000.0,12501000000.0,12501000000.0,12501000000.0,-4000000.0,,,2279000000.0,255000000.0,9971000000.0,9971000000.0,1620000000.0,249000000.0,,86000000.0,0.0,163000000.0,,1371000000.0,321000000.0,321000000.0,1034000000.0,,1034000000.0,1034000000.0,14121000000.0,5626000000.0,30000000.0,117000000.0,117000000.0,519000000.0,28000000.0,491000000.0,138000000.0,8495000000.0,206000000.0,2546000000.0,99000000.0,,99000000.0,5743000000.0,1848000000.0,,86000000.0,163000000.0,,,,708000000.0,708000000.0,138000000.0,,,,,,,245000000.0,,,,,,4822000000.0,,,,3895000000.0,,,,,,,,,,,4114000000.0,,,,,71000000.0,2097000000.0,,,,,,,,,,,,,,,34000000.0,,,,,,,,,,620000000.0,1463000000.0,-843000000.0,,,476000000.0,-491000000.0,,-5000000.0,1848000000.0,1545000000.0,-3000000.0,306000000.0,-485000000.0,-485000000.0,,-491000000.0,-491000000.0,,,,310000000.0,310000000.0,-5000000.0,,,481000000.0,481000000.0,-70000000.0,-70000000.0,,,,,,,,-12000000.0,132000000.0,48000000.0,-139000000.0,-139000000.0,7000000.0,7000000.0,,-581000000.0,1096000000.0,,,,-5000000.0,,,,,,,,,,-1000000.0,,,,93000000.0,6000000.0,-1000000.0,,,1082000000.0,-304000000.0,,,,,,,,,,,,,,14000000.0,,,,,,,,,,,,,,,,,,,,,,,,,-99145110.410095,0.083596,1691000000.0,-1186000000.0,-1186000000.0,-581000000.0,7000000.0,1624000000.0,505000000.0,498000000.0,75000000.0,,75000000.0,505854889.589905,-581000000.0,2672000000.0,382000000.0,1303357874.0,1303357874.0,-0.45,-0.45,-581000000.0,-581000000.0,-581000000.0,-581000000.0,-581000000.0,-53000000.0,-634000000.0,-1207000000.0,,-116000000.0,116000000.0,75000000.0,,75000000.0,498000000.0,1048000000.0,,,,437000000.0,611000000.0,496000000.0,115000000.0,115000000.0,1546000000.0,1624000000.0,3170000000.0,3170000000.0,,,,,,,-1070000000.0,-21000000.0,,,,,,,,,,
PAYC,2024-09-30,2024Q3,,,,,,,,,,,,,,,,,,,,,,,,,,,,,,,,,,,,,,,,,,,,,,,,,,,,,,,,,,,,,,,,,,,,,,,,,,,,,,,,,,,,,,,,,,,,,,,,,,,,,,,,,,,,,,,,,,,,,,,,,,,,,,,,,,,,,,,,,,,,,,,,,,,,,,,,,,,,,,0.0,,,,,,,,,,,,,,,,,,,,,,-24000.0,,,,,,,,,,,,,,,,,,,,,,,,10000000.0,,,,,,,,,-24000.0,,,,,,,,,,,,,,,,,,,,,,,,,,,,,,,,,,,,,,,,,,,,,,,,,,,,,,,,,,,,,,,,,,,,,,,,,,,,,,,,,,,,,,,,,,,,,,,,
PAYC,2024-12-31,2024Q4,,,,,,,,,,,,,,,,,,,,,,,,,,,,,,,,,,,,,,,,,,,,,,,,,,,,,,,,,,,,,,,,,,,,,,,,,,,,,,,,,,,,,,,,,,,,,,,,,,,,,,,,,,,,,,,,,,,,,,,,,,,,,,,,,,,,,,,,,,,,,,,,,,,,,,,,,,,,,,-13000.0,,,,,,,,,,,,,,,,,,,,,,,,,,,,,,,,,,,,,,,,,,,,,,,,,,,,,,,12000.0,,,,,,,,,,,,,,,,,,,,,,,,,,,,,,,,,,,,,,,,,,,,,,,,,,,,,,,,,,,,,,,,,,,,,,,,,,,,,,,,,,,,,,,,,,,,,,,,
PAYC,2025-03-31,2025Q1,,-100000.0,81500000.0,2239700000.0,21000000.0,21000000.0,,-615100000.0,1260100000.0,,18900000.0,781100000.0,0.0,146000000.0,48700000.0,7100000.0,56000000.0,63100000.0,,81500000.0,1620100000.0,1717200000.0,507200000.0,1620100000.0,1717200000.0,1717200000.0,1717200000.0,1717200000.0,-100000.0,,1041600000.0,2005500000.0,752800000.0,600000.0,600000.0,2855400000.0,373200000.0,50500000.0,262200000.0,143700000.0,60500000.0,,2482200000.0,30200000.0,30200000.0,191300000.0,139200000.0,52100000.0,9100000.0,4572600000.0,1583200000.0,31100000.0,810000000.0,,97100000.0,45200000.0,51900000.0,645000000.0,2989400000.0,,31300000.0,31300000.0,,,520800000.0,520800000.0,,118500000.0,60500000.0,,,43000000.0,,,147800000.0,1400000.0,,,,,,,,,,,,,,275800000.0,36500000.0,,,,,,,43000000.0,,,,,,,,,,0.0,,,2241200000.0,,,,,,,,,,,,,,,,,,,,,,,,,,1000000.0,1000000.0,144800000.0,0.0,,-37700000.0,2393100000.0,4042800000.0,,-1649700000.0,-1452300000.0,-1452300000.0,-1431200000.0,0.0,0.0,0.0,0.0,,-379900000.0,-379900000.0,-37700000.0,,,182500000.0,182600000.0,-12300000.0,28300000.0,,300000.0,-44300000.0,-14400000.0,-14400000.0,7900000.0,7900000.0,700000.0,22200000.0,,-6200000.0,-6200000.0,40000000.0,40000000.0,39000000.0,139400000.0,,0.0,0.0,-21100000.0,-37700000.0,,,,,,,,,,,,-21100000.0,,,0.0,,-4500000.0,,,-342200000.0,,,,,,,,,0.0,,,-29900000.0,0.0,,,,,,,,,-1300000.0,,,,,,,,,,,,,,,,,0.0,0.267472,231100000.0,,,139400000.0,40000000.0,66200000.0,231100000.0,191100000.0,-800000.0,800000.0,,139400000.0,139400000.0,345400000.0,185100000.0,56300000.0,56000000.0,2.48,2.49,139400000.0,139400000.0,139400000.0,139400000.0,139400000.0,50900000.0,190300000.0,6000000.0,6000000.0,,,-800000.0,800000.0,,185100000.0,260800000.0,21600000.0,21600000.0,,62300000.0,176900000.0,110900000.0,66000000.0,66000000.0,445900000.0,84600000.0,530500000.0,530500000.0,,,,,,,,,,,,,,,,,,
PAYC,2025-06-30,2025Q2,,200000.0,81200000.0,1616900000.0,21900000.0,21900000.0,,-656100000.0,1335000000.0,,20600000.0,851000000.0,0.0,150100000.0,55700000.0,7200000.0,56200000.0,63500000.0,,81200000.0,1705700000.0,1801900000.0,553500000.0,1705700000.0,1801900000.0,1801900000.0,1801900000.0,1801900000.0,200000.0,,1074100000.0,2073300000.0,801900000.0,600000.0,600000.0,2229300000.0,380100000.0,51200000.0,269600000.0,150200000.0,59300000.0,,1849200000.0,30300000.0,30300000.0,180100000.0,160400000.0,19700000.0,19700000.0,4031200000.0,1628500000.0,31100000.0,822300000.0,,96200000.0,44300000.0,51900000.0,678900000.0,2402700000.0,,46200000.0,39900000.0,,,532200000.0,532200000.0,,119400000.0,59300000.0,,,,,,147800000.0,1600000.0,,,,,,,,,,,,,,279100000.0,36500000.0,,,,,,,,,,,,,,,,,6300000.0,,,1616900000.0,,,,,,,,,,,,,,,,,,,,,,,,,,1000000.0,1000000.0,60800000.0,0.0,,-61700000.0,1653100000.0,2393100000.0,,-740000000.0,-677200000.0,-677200000.0,-655400000.0,0.0,0.0,,,,-185300000.0,-185300000.0,-61700000.0,,,122500000.0,122500000.0,-51700000.0,-61400000.0,,-500000.0,26000000.0,10800000.0,10800000.0,-8600000.0,-8600000.0,1000000.0,38400000.0,,6900000.0,6900000.0,42000000.0,42000000.0,41000000.0,89500000.0,,,,-21800000.0,-61700000.0,,,,,,,,,,,,-21800000.0,,,,,-7000000.0,,,-123600000.0,,,,,,,,,,,,15200000.0,-200000.0,,,,,,,,,-3600000.0,,,,,,,,,,,,,,,,,0.0,0.236348,160000000.0,,,89500000.0,42000000.0,68300000.0,160000000.0,118000000.0,-800000.0,800000.0,,89500000.0,89500000.0,371300000.0,112300000.0,56500000.0,56117000.0,1.58,1.59,89500000.0,89500000.0,89500000.0,89500000.0,89500000.0,27700000.0,117200000.0,5700000.0,5700000.0,,,-800000.0,800000.0,,112300000.0,283800000.0,22800000.0,22800000.0,,74800000.0,186200000.0,116000000.0,70200000.0,70200000.0,396100000.0,87500000.0,483600000.0,483600000.0,,,,,,,,,,,,,,,,,,
PAYC,2025-09-30,2025Q3,,400000.0,84500000.0,1819900000.0,23400000.0,23400000.0,,-697400000.0,1436900000.0,,1200000.0,947000000.0,0.0,154600000.0,63000000.0,8200000.0,55256594.0,63456594.0,,84500000.0,1616600000.0,1709400000.0,463500000.0,1616600000.0,1709400000.0,1709400000.0,1709400000.0,1709400000.0,400000.0,,1297400000.0,2162500000.0,843300000.0,600000.0,600000.0,2535800000.0,457300000.0,15700000.0,380500000.0,259300000.0,61100000.0,,2078500000.0,29900000.0,29900000.0,205300000.0,184900000.0,20400000.0,20400000.0,4245200000.0,1703200000.0,32600000.0,838300000.0,,92800000.0,40900000.0,51900000.0,739500000.0,2542000000.0,,127700000.0,50400000.0,,,375000000.0,375000000.0,,121200000.0,61100000.0,,,,,,152100000.0,1800000.0,,,,,,,,,,,,,,300100000.0,36500000.0,,,,,,,,,,,,,,,,,77300000.0,,,1819900000.0,,,,,,,,,,,,,,,,,,,,,,,,,,3400000.0,3400000.0,79800000.0,-218900000.0,,-98000000.0,1698200000.0,1653100000.0,,45100000.0,-38700000.0,-38700000.0,198400000.0,-218900000.0,-218900000.0,,,,-94000000.0,-94000000.0,-97900000.0,,,177800000.0,177700000.0,-78700000.0,-89400000.0,,-2100000.0,28900000.0,800000.0,800000.0,-10500000.0,-10500000.0,-34800000.0,31200000.0,,108900000.0,108900000.0,44900000.0,44900000.0,41500000.0,110700000.0,,,,-21200000.0,-98000000.0,,,,,,,,,,,,-21200000.0,,,,,-5400000.0,,,3900000.0,,,,,,,,,,,,28100000.0,-200000.0,,,,,,,,,-4300000.0,,,,,,,,,,,,,,,,,0.0,0.275524,198800000.0,,,110700000.0,44900000.0,64100000.0,198800000.0,153900000.0,-1100000.0,1100000.0,,110700000.0,110700000.0,380700000.0,112600000.0,56400000.0,56100000.0,1.96,1.97,110700000.0,110700000.0,110700000.0,110700000.0,110700000.0,42100000.0,152800000.0,41300000.0,41300000.0,,,-1100000.0,1100000.0,,112600000.0,295300000.0,23600000.0,23600000.0,,74100000.0,197600000.0,125700000.0,71900000.0,71900000.0,407900000.0,85400000.0,493300000.0,493300000.0,,,,,,,,,,,,,,,,,,
PAYC,2025-12-31,2025Q4,,300000.0,90300000.0,5137000000.0,28400000.0,28400000.0,,-743500000.0,1520200000.0,,1200000.0,1014600000.0,0.0,159500000.0,47500000.0,8800000.0,54800000.0,63600000.0,,90300000.0,1642200000.0,1731500000.0,470400000.0,1642200000.0,1731500000.0,1731500000.0,1731500000.0,1731500000.0,300000.0,,1403400000.0,2255600000.0,878400000.0,600000.0,600000.0,5867200000.0,498800000.0,10600000.0,426300000.0,304400000.0,61900000.0,,5368400000.0,28300000.0,28300000.0,174700000.0,168100000.0,6600000.0,6600000.0,7598700000.0,1759900000.0,36500000.0,857400000.0,,89300000.0,37400000.0,51900000.0,776700000.0,5838800000.0,,123100000.0,44900000.0,,,370000000.0,370000000.0,,121900000.0,61900000.0,,,,,,163500000.0,1700000.0,,,,,,,,,,,,,,304400000.0,36500000.0,,,,,,,,,,,,,,,,,78200000.0,,,5137000000.0,,,,,,,,,,,,,,,,,,,,,,,,,,3400000.0,3400000.0,118100000.0,-106600000.0,,-78000000.0,5132500000.0,1698200000.0,,3434300000.0,3190200000.0,3190200000.0,3315000000.0,-106600000.0,-106600000.0,,,,48000000.0,48000000.0,-73500000.0,0.0,,196100000.0,196100000.0,-35700000.0,-29700000.0,,-4200000.0,-26000000.0,-13400000.0,-13400000.0,5500000.0,5500000.0,700000.0,26900000.0,,44800000.0,44800000.0,49400000.0,49400000.0,46000000.0,113800000.0,0.0,,,-20700000.0,-73500000.0,,,,,,,,,,,,-20700000.0,,,2500000.0,,18600000.0,,,,,,,,,,,,0.0,,,-12600000.0,100000.0,,,,,,,,,-3800000.0,,,,,,,,,,,,,,,,,0.0,0.284727,209200000.0,,,113800000.0,49400000.0,64200000.0,209200000.0,159800000.0,-700000.0,700000.0,,113800000.0,113800000.0,387200000.0,157100000.0,55100000.0,54900000.0,2.07,2.07,113800000.0,113800000.0,113800000.0,113800000.0,113800000.0,45300000.0,159100000.0,2700000.0,2700000.0,,,-700000.0,700000.0,,157100000.0,299400000.0,25800000.0,25800000.0,,72200000.0,201400000.0,130200000.0,71200000.0,71200000.0,456500000.0,87800000.0,544300000.0,544300000.0,,,,,,,,,,,,,,,,,,
PAYC,2026-03-31,2026Q1,,-600000.0,88600000.0,2624700000.0,28600000.0,28600000.0,,-790700000.0,1545900000.0,,0.0,1042600000.0,0.0,164100000.0,58000000.0,17100000.0,46600000.0,63700000.0,521100000.0,763600000.0,725800000.0,1486700000.0,234500000.0,725800000.0,811700000.0,1486700000.0,811700000.0,811700000.0,-600000.0,,2469400000.0,2393800000.0,887300000.0,600000.0,600000.0,4010100000.0,1170600000.0,7300000.0,428300000.0,306600000.0,735000000.0,675000000.0,2839500000.0,32300000.0,32300000.0,153900000.0,144500000.0,9400000.0,9400000.0,4821800000.0,1747700000.0,33800000.0,872800000.0,,85900000.0,34000000.0,51900000.0,755200000.0,3074000000.0,,71900000.0,51300000.0,,,153900000.0,153900000.0,,121700000.0,60000000.0,,,,,,161500000.0,1500000.0,,,,,,,,,,,,,,305300000.0,36500000.0,,,,,,,,,,,,,,,,,20600000.0,,,2624600000.0,,,,,,,,,,,,,,,,,,,,,,,,,,3400000.0,3400000.0,182600000.0,-1054300000.0,,-31200000.0,2403800000.0,5132500000.0,,-2728700000.0,-2911800000.0,-2911800000.0,-2518400000.0,-1054300000.0,-1054300000.0,675000000.0,675000000.0,,-30800000.0,-30800000.0,-31200000.0,,,213800000.0,213900000.0,-1900000.0,42800000.0,,2400000.0,-27500000.0,2400000.0,2400000.0,-4600000.0,-4600000.0,-8800000.0,14100000.0,,2000000.0,2000000.0,51100000.0,51100000.0,47700000.0,155700000.0,2900000.0,675000000.0,675000000.0,-17700000.0,-31200000.0,,,,,,,,,,,,-17700000.0,,,3600000.0,,-15100000.0,,,400000.0,,,,,,,,,2900000.0,,,-29900000.0,100000.0,,,,,,,,,-1300000.0,,,,,,,,,,,,,,,,,0.0,0.276359,270400000.0,,,155700000.0,51100000.0,62900000.0,270400000.0,219300000.0,-4000000.0,4000000.0,,155700000.0,155700000.0,361700000.0,210200000.0,51200000.0,51100000.0,3.04,3.05,155700000.0,155700000.0,155700000.0,155800000.0,155800000.0,59500000.0,215300000.0,9100000.0,9100000.0,,,-4000000.0,4000000.0,,210100000.0,274400000.0,26700000.0,26700000.0,,60700000.0,187000000.0,117600000.0,69400000.0,69400000.0,484500000.0,87300000.0,571800000.0,571800000.0,,,,,,,,,,,,,,,,,,
PINS,2024-09-30,2024Q3,,,,,,,,,,,,,,,,,,,,,,,,,,,,,,,,,,,,,,,,,,,,,,,,,,,,,,,,,,,,,,,-7995000.0,688510000.0,,,,,,,,,,,125593000.0,,,,,,,,,,,,,,,,,,,,,,,,,,,,,,,,,,,,,,,,,,,,,,,,,,,,,,,,,,,,,,,,,,,,,,,,,,,,,,,,,,,,,,,,,,,,,,,,,,,,,,,,,,,,,,,,,,,,,,,,,,,,,,,,,,,,,,,,,,,,0.0,,,,,,,,,,,,,,,,,,,,,,,,,,,,,,,,,,,,,,,,,,,,,,,,,,,,,,,,,,,,,,,,,,,,,,,,,,,,,,,,,,,,,,,,,,,,,,
PINS,2024-12-31,2024Q4,,,,,34425000.0,34425000.0,52717000.0,-89746000.0,,78136000.0,3197000.0,54037000.0,0.0,,,,,,,,,,,,,,,,,,,,,,,,,,,,,,,23387000.0,23387000.0,,,,,,,,,,,9876000.0,100227000.0,,,,,,-7839000.0,901242000.0,,,,,,,,,,,,,,,,,,,1024742000.0,111718000.0,,,,,,85867000.0,,,,,,,,,,,,,,,,,,,,,,,,,,,,,,,,,,,,,,,,,,,,,,,,,,,,,,,,,,,,,,,,,,,,,,,,,,,,,,,,,,,,,,,,,,,,,,,,,,,,,,,,,,,,,,,,,,,,,,,,,,,,,0.0,,,,,,,,,,,,,,,,,,,,,,,,,,,,,,,,,,,,,,,,,,,,,,,,,,,,,,,,,,,,,,,,,,,,,,,,,,,,,,,,,,,,,,,,,,,,,,
PINS,2025-03-31,2025Q1,,1538000.0,143956000.0,,,,,,130707000.0,,,,,,,,676188082.0,676188082.0,,143956000.0,4578241000.0,4688469000.0,2997859000.0,4578241000.0,4688469000.0,4688469000.0,4688469000.0,4688469000.0,1538000.0,,,-279240000.0,4966164000.0,7000.0,7000.0,594227000.0,189828000.0,45872000.0,,,143956000.0,,404399000.0,,,404399000.0,307708000.0,96691000.0,96691000.0,5282696000.0,1880438000.0,14559000.0,1624944000.0,1624944000.0,110228000.0,,,130707000.0,3402258000.0,77041000.0,709994000.0,709994000.0,,,2615223000.0,1252310000.0,,,143956000.0,,,,,,130707000.0,,,,,,,,,,,,,,,,,1362913000.0,,,,,,,,,,,,,,,,,,,,,,,,,,,,,,,,,,,,,,,,,,19238000.0,434574000.0,-415336000.0,,,356417000.0,-268754000.0,,-7289000.0,1257077000.0,1141221000.0,902000.0,114954000.0,-260701000.0,-260701000.0,,-268754000.0,-268754000.0,0.0,0.0,,11949000.0,11949000.0,-7289000.0,,,363706000.0,363706000.0,188232000.0,,-7666000.0,7222000.0,2634000.0,13036000.0,13036000.0,185081000.0,185081000.0,760000.0,187426000.0,,-22074000.0,-22074000.0,5848000.0,5848000.0,,8922000.0,,0.0,0.0,,-7289000.0,,,,,,,,,,0.0,,,,8796000.0,8053000.0,0.0,961000.0,,,,,,,,,,,,,,,-10402000.0,,,,,,,,,,-5408000.0,,,,,,,,,,,,,,,,,0.0,0.21,-29629000.0,0.0,0.0,8922000.0,5848000.0,199270000.0,-29629000.0,-35477000.0,27293000.0,,,8922000.0,8922000.0,890465000.0,-35477000.0,689358000.0,676523000.0,0.01,0.01,8922000.0,8922000.0,8922000.0,8922000.0,8922000.0,-12587000.0,-3665000.0,4519000.0,4519000.0,0.0,0.0,27293000.0,,,-35477000.0,691195000.0,,,,331665000.0,359530000.0,253920000.0,105610000.0,105610000.0,655718000.0,199270000.0,854988000.0,854988000.0,,,,,-27293000.0,,,,,,,,,,,,,
PINS,2025-06-30,2025Q2,,3878000.0,137412000.0,,,,,,127695000.0,,,,,,,,679422000.0,679422000.0,,137412000.0,4703393000.0,4811953000.0,3116610000.0,4703393000.0,4811953000.0,4811953000.0,4811953000.0,4811953000.0,3878000.0,,,-240485000.0,5048553000.0,7000.0,7000.0,591034000.0,189230000.0,51818000.0,,,137412000.0,,401804000.0,,,401804000.0,309937000.0,91867000.0,91867000.0,5402987000.0,1884573000.0,17093000.0,1631225000.0,1631225000.0,108560000.0,,,127695000.0,3518414000.0,98928000.0,760111000.0,760111000.0,,,2659375000.0,1216941000.0,,,137412000.0,,,,,,127695000.0,,,,,,,,,,,,,,,,,1442434000.0,,,,,,,,,,,,,,,,,,,,,,,,,,,,,,,,,,,,,,,,,,-75059000.0,387916000.0,-462975000.0,,,196683000.0,-158340000.0,,-11010000.0,1221737000.0,1257077000.0,1376000.0,-36716000.0,-158340000.0,-158340000.0,,-158340000.0,-158340000.0,,,,-86069000.0,-86069000.0,-11010000.0,,,207693000.0,207693000.0,-83983000.0,,-9241000.0,7023000.0,-8167000.0,-4284000.0,-4284000.0,-49784000.0,-49784000.0,29627000.0,227234000.0,,-5925000.0,-5925000.0,6090000.0,6090000.0,,38755000.0,,,,,-11010000.0,,,,,,,,,,,,,,5283000.0,0.0,,-23814000.0,,,,,,,,,,,,,,,-3883000.0,,,,,,,,,,-4105000.0,,,,,,,,,,,,,,,,,0.0,0.21,1760000.0,,,38755000.0,6090000.0,203009000.0,1760000.0,-4330000.0,28022000.0,,,38755000.0,38755000.0,1002557000.0,-4330000.0,689837000.0,676852000.0,0.06,0.06,38755000.0,38755000.0,38755000.0,38755000.0,38755000.0,-4103000.0,34652000.0,10960000.0,10960000.0,,,28022000.0,,,-4330000.0,799548000.0,,,,359624000.0,439924000.0,313075000.0,126849000.0,126849000.0,795218000.0,203009000.0,998227000.0,998227000.0,,,,,-28022000.0,,,,,,,,,,,,,
PINS,2025-09-30,2025Q3,,3828000.0,205237000.0,,,,,,185257000.0,,,,,,,,678140000.0,678140000.0,,205237000.0,4717538000.0,4824968000.0,3139085000.0,4717538000.0,4824968000.0,4824968000.0,4824968000.0,4824968000.0,3828000.0,,,-148377000.0,4969510000.0,7000.0,7000.0,690442000.0,264109000.0,58872000.0,,,205237000.0,,426333000.0,,,426333000.0,335744000.0,90589000.0,90589000.0,5515410000.0,1949992000.0,18249000.0,1639056000.0,1639056000.0,107430000.0,,,185257000.0,3565418000.0,93615000.0,800522000.0,800522000.0,,,2671281000.0,1132400000.0,,,205237000.0,,,,,,185257000.0,,,,,,,,,,,,,,,,,1538881000.0,,,,,,,,,,,,,,,,,,,,,,,,,,,,,,,,,,,,,,,,,,-90856000.0,265279000.0,-356135000.0,,,318421000.0,-312179000.0,,-3231000.0,1137200000.0,1221737000.0,77000.0,-84614000.0,-312179000.0,-312179000.0,,-312179000.0,-312179000.0,,,,-94087000.0,-94087000.0,-3231000.0,,,321652000.0,321652000.0,6052000.0,,-9334000.0,7575000.0,30652000.0,-1141000.0,-1141000.0,-40724000.0,-40724000.0,-6447000.0,235136000.0,,-8279000.0,-8279000.0,7205000.0,7205000.0,,92108000.0,,,,,-3231000.0,,,,,,,,,,,,,,3019000.0,0.0,,17883000.0,,,,,,,,,,,,,,,31793000.0,,,,,,,,,,-4123000.0,,,,,,,,,,,,,,,,,0.0,0.21,65721000.0,,,92108000.0,7205000.0,212325000.0,65721000.0,58516000.0,28536000.0,,,92108000.0,92108000.0,990689000.0,58516000.0,694532000.0,677819000.0,0.13,0.14,92108000.0,92108000.0,92108000.0,92108000.0,92108000.0,-4912000.0,87196000.0,144000.0,144000.0,,,28536000.0,,,58516000.0,778364000.0,,,,371253000.0,407111000.0,296679000.0,110432000.0,110432000.0,836880000.0,212325000.0,1049205000.0,1049205000.0,,,,,-28536000.0,,,,,,,,,,,,,
PINS,2025-12-31,2025Q4,,4333000.0,262018000.0,,41437000.0,41437000.0,57089000.0,-105512000.0,322362000.0,95309000.0,19810000.0,56844000.0,0.0,,,,664546000.0,664546000.0,,262018000.0,4638928000.0,4745238000.0,3090264000.0,4638928000.0,4745238000.0,4745238000.0,4745238000.0,4745238000.0,4333000.0,,,128693000.0,4612205000.0,7000.0,7000.0,746894000.0,281421000.0,60840000.0,,,220581000.0,,465473000.0,47467000.0,47467000.0,319480000.0,189670000.0,129810000.0,129810000.0,5492132000.0,1936395000.0,21082000.0,1592153000.0,1592153000.0,106310000.0,6083000.0,100227000.0,216850000.0,3555737000.0,90735000.0,997849000.0,997849000.0,,,2467153000.0,969342000.0,,,220581000.0,,,,,,,,,,,,,,808644000.0,160698000.0,,,,,,150399000.0,,1497811000.0,,,,,,,,,,,,,,,,,,,,,,,,,,,,,,,,,,,,,,,,,,44570000.0,377068000.0,-332498000.0,,,380368000.0,-586722000.0,,-10845000.0,975362000.0,1137200000.0,-54000.0,-161784000.0,-586722000.0,-586722000.0,,-586722000.0,-586722000.0,,,,33725000.0,33725000.0,-10845000.0,,,391213000.0,391213000.0,-162225000.0,,-6939000.0,9075000.0,33142000.0,35291000.0,35291000.0,-198971000.0,-198971000.0,-2597000.0,230667000.0,,46746000.0,46746000.0,6008000.0,6008000.0,,277070000.0,,,,,-10845000.0,,,,,,,,,,,,,,5278000.0,0.0,,1468000.0,,,,,,,,,,,,,,,-2149000.0,,,,,,,,,,-4456000.0,,,,,,,,,,,,,,,,,0.0,0.154519,307182000.0,,,277070000.0,6008000.0,226917000.0,307182000.0,301174000.0,26642000.0,,,277070000.0,277070000.0,1018173000.0,301174000.0,677418000.0,667692000.0,0.41,0.41,277070000.0,277070000.0,277070000.0,277070000.0,277070000.0,50637000.0,327707000.0,-109000.0,-109000.0,,,26642000.0,,,301174000.0,791256000.0,,,,364905000.0,426351000.0,303031000.0,123320000.0,123320000.0,1092430000.0,226917000.0,1319347000.0,1319347000.0,,,,,-26642000.0,,,,,,,,,,,,,
PINS,2026-03-31,2026Q1,,-150000.0,224861000.0,,,,,,235468000.0,,,,,,,,573670925.0,573670925.0,602092000.0,1205030000.0,2287490000.0,3830753000.0,1711965000.0,2287490000.0,2850584000.0,3830753000.0,2850584000.0,2850584000.0,-150000.0,,,55106000.0,2795622000.0,6000.0,6000.0,1794695000.0,1263939000.0,58909000.0,,,1205030000.0,980169000.0,530756000.0,,,530756000.0,455780000.0,74976000.0,74976000.0,4645279000.0,2402558000.0,22258000.0,1581738000.0,1581738000.0,563094000.0,87804000.0,475290000.0,235468000.0,2242721000.0,113776000.0,830381000.0,830381000.0,,,1298564000.0,378077000.0,,,224861000.0,,,,,,235468000.0,,,,,,,,,,,,,,,,,920487000.0,,,,,,,,,,,,,,,,,,,,,,,,,,,,,,,,,,,,,,,,,,576180000.0,804829000.0,-228649000.0,,,311682000.0,-2015207000.0,,-16341000.0,384086000.0,975362000.0,-72000.0,-591204000.0,-1032112000.0,-1032112000.0,-1890000.0,-2015207000.0,-2015207000.0,984985000.0,984985000.0,,112885000.0,112885000.0,-16341000.0,,,328023000.0,328023000.0,166116000.0,,-10809000.0,10601000.0,-6705000.0,-83569000.0,-83569000.0,195004000.0,195004000.0,-6891000.0,231446000.0,,5334000.0,5334000.0,8826000.0,8826000.0,,-73587000.0,,984985000.0,984985000.0,,-16341000.0,,,,,,,,,,-446954000.0,,,,3932000.0,0.0,-446954000.0,-21975000.0,,,,,,,,,,,,,,,76864000.0,,,,,,,,,,-3221000.0,,,,,,,,,,,,,,,,,-18838800.0,0.4,22728000.0,-47097000.0,-47097000.0,-73587000.0,8826000.0,238552000.0,-24369000.0,-33195000.0,17786000.0,,,-45328800.0,-73587000.0,1040709000.0,-80292000.0,636586000.0,636586000.0,-0.12,-0.12,-73587000.0,-73587000.0,-73587000.0,-73587000.0,-73587000.0,10087000.0,-63500000.0,-48091000.0,-994000.0,-47097000.0,47097000.0,17786000.0,,,-33195000.0,802157000.0,,,,380789000.0,421368000.0,317851000.0,103517000.0,103517000.0,768962000.0,238552000.0,1007514000.0,1007514000.0,,,,,-17786000.0,,,,,,,,,,,,,
600223.SS,2024-09-30,2024Q3,,,,,,,,,,,,,,,,,,,,,,,,,,,,,,,,,,,,,,,,,,43500000.0,,,,,,,,,,,,,,,,,,,,,,,,,,,,,,,,,,,,,,,,,,,,,,,,,,,,,,,,,,,,,,,,,,,,,,,,,,,,,,,,,,,,,,,,,,,,71751790.79,71751790.79,,,,,,,,,,,,,,,,,,,,,,,108339.85,,,,,,,,,,,,,,,,,,,,,,,,,,,,,,,,,,,,0.0,0.0,,,,,,,,,-41986.49,,,,,,,,,,,,,,,,,,,,,,,,,,,,,,,,,,,,,,,,,,,,,,,,,,,,,,,,,,,,,,,,,,,,,,,,,,,,,,,,,,,,,,,,-42299.42,,,,,,,,,,,,,,,,,
600223.SS,2024-12-31,2024Q4,683466663.24,,7534323.88,23150894.6,233835961.35,,,-563149154.22,1754816071.84,,16121145.74,606251966.08,1044897447.88,,88501829.53,,1016568775.0,1016568775.0,,285923222.73,3747747931.17,4361568142.51,3037167081.95,3747747931.17,4104899060.85,4149451998.35,4788365724.09,4104899060.85,,,,2210941163.35,624831551.37,1016568775.0,1016568775.0,1211965199.14,105625741.46,,,2312734.99,52087261.38,44552937.5,1106339457.68,,,,,726379354.94,413347311.27,6000330923.23,1856824383.6,8987603.08,50924497.09,29818701.15,357151129.68,203408488.79,153742640.89,1191666917.62,4143506539.63,17476646.64,,403051151.6,-85080599.11,488131750.71,2947718857.86,2947718857.86,,51225745.09,7534323.88,212116144.16,279313893.19,33718150.48,40000000.0,40000000.0,87545512.14,558709993.78,0.0,,327713186.49,59708649.49,171288157.8,128048060.22,1920372967.65,1027345890.21,,,,,,,,,,,,,,,,,,,128532869.94,,,,,,,,,,,,,,,,,,,,,,,,49742665.04,,,,,,,5279365.01,5279365.01,,,,120707378.05,,-327500000.0,-46563257.74,2802733490.39,2826444010.6,21930.59,-23732450.8,-149757772.56,,89859389.21,,,-181713516.67,-181713516.67,-327500000.0,-41245314.03,,-46566665.53,-3407.79,,,,,,,,,,,,,,,,,,,,,,,145786483.33,145786483.33,-54052152.97,-46563257.74,167270635.79,-79385722.14,-1184849996.57,-497202485.25,-152715437.5,-534932073.82,1431506354.5,11069164.17,1420437190.33,0.0,0.0,,,,,,,,,41986.49,,,,,,,,,,,,,,,,,,,,,,,,,,,,,,,,,,,,,,-14531666.41,-1120651.345521,0.153483,113760048.67,-7301448.82,-7301448.82,72363213.13,,535114444.51,106458599.85,106458599.85,12556752.3,3808655.68,18433391.57,78544010.604479,72363213.13,1106926987.45,95817325.13,,,,,,72363213.13,72363213.13,86894879.54,86894879.54,15755064.63,102649944.17,,6832619.04,-7301448.82,,12556752.3,3808655.68,18433391.57,73087040.98,571812542.94,,,,62971107.08,251488734.23,,,,644899583.92,535114444.51,1180014028.43,1180014028.43,197944.25,6767322.64,0.0,336181.93,2067983.59,13545947.95,,,,,,,,,,,,
600223.SS,2025-03-31,2025Q1,695803557.71,,6304266.59,22078581.28,326748131.12,,,,1187967271.03,,23171308.4,,,,165272972.46,,1016568775.0,1016568775.0,,333052397.71,3799339176.04,4418642090.17,3057148122.27,3799339176.04,4155610626.56,4155610626.56,4851414184.27,4155610626.56,,,,2261652729.06,,1016568775.0,1016568775.0,1192640892.76,63914813.93,,,2207990.51,6304266.59,,1128726078.83,,,,,662393340.35,389306108.72,6044055077.03,1858180875.93,9765526.53,47823256.8,30711176.96,356271450.52,202528809.63,153742640.89,1187967271.03,4185874201.1,17746819.06,,479898434.99,,,2838521987.58,2838521987.58,,55402556.83,6304266.59,263031463.61,233743858.76,39343372.87,40000000.0,40000000.0,1164795962.63,537411415.46,,,,,,147022571.55,,,,,,,,,,,,,,,,,,,,,140006728.01,,,,,,,,,,,,,,,,,,,,,,,,45635466.08,,,,,,,,,,,,-148762340.39,,-29500000.0,-31239091.19,2690022771.99,2802733490.39,2088.59,-112712806.99,36049533.4,,-10633487.6,,,48500000.0,48500000.0,-29500000.0,-31239091.19,,-31239091.19,,,,,,,,,,,,,,,,,,,,,,,,78000000.0,78000000.0,-1816979.0,-31239091.19,-117523249.2,-56884639.09,-945561348.39,-403810029.26,-126535740.71,-415215578.42,884922738.28,31477657.32,853445080.96,,,,,,,,,,,,,,,,,,,,,,,,,,,,,,,,,,,,,,,,,,,,,,,,,-12336894.47,-428590.134734,0.091211,76175263.24,-4698882.48,-4698882.48,50711565.71,,426684564.43,71476380.76,71476380.76,9320942.18,2100028.75,11558899.72,54981858.055266,50711565.71,820997988.22,71175680.87,1014231314.0,1014231314.0,0.05,0.05,,50711565.71,50711565.71,63048460.18,63048460.18,6327891.83,69376352.01,,-1799328.86,-4698882.48,,9320942.18,2100028.75,11558899.72,55079763.1,394313423.79,,,,41789315.57,352277840.57,310926503.36,41351337.21,,449393186.89,426684564.43,876077751.32,876077751.32,,-742821.57,0.0,5441704.05,137928.79,9089159.04,,,,,,,,,,,,
600223.SS,2025-06-30,2025Q2,717607080.88,,5402751.01,14650876.77,251814044.95,,,-608834796.5,1786635299.34,,28705830.49,620041694.91,1049412455.9,,140579022.2,,1016568775.0,1016568775.0,,257216795.96,3796872261.1,4381920747.98,3119621697.14,3796872261.1,4151867714.66,4151867714.66,4869474795.54,4151867714.66,,,,2257909817.16,624831551.37,1016568775.0,1016568775.0,1167586021.65,62162947.0,,,2103246.0,5402751.01,,1105423074.65,,,,,730549444.25,376569641.79,6037060817.19,1812016045.4,18714594.92,45561130.74,32285530.38,354995453.56,201252812.67,153742640.89,1177800502.84,4225044771.79,24639485.71,,456224845.12,,,2947226863.09,2947226863.09,,54656949.99,5402751.01,230053033.32,256214929.67,32640826.29,40000000.0,40000000.0,88475318.04,501811076.96,0.0,,295310218.87,63374067.58,143126790.51,154563478.71,1677292335.07,1269934528.02,,,,,,,,,,,,,,,,,,,97533772.3,,,,,,,,,,,,,,,,,65124046.5,,,,,,,45125060.66,,,,,,,,,,,,112657365.23,,-189500000.0,-23543301.84,2799064377.66,2690022771.99,12712.26,109028893.41,-65842526.09,,8426400.5,,,-73389583.29,-73389583.29,-189500000.0,38670752.43,,-23543301.84,,,,,,,,,,,,,,,,,,,,,,,,116110416.71,116110416.71,-879343.3,-23543301.84,136200667.07,-87386771.5,-889670152.72,-324861168.18,-121417208.42,-443391776.12,1113257591.29,42285435.45,1070972155.84,,,,,,,,,,,,,,,,,,,,,,,,,,,,,,,,,,,,,,,,,,,,,,,,,-13966191.17,-1595583.054581,0.149816,96189072.36,-10650297.51,-10650297.51,57251214.6,,426098411.62,85538774.85,85538774.85,9444575.25,1771742.43,11811907.45,66305929.055419,57251214.6,848806922.91,83673382.99,,,,,,57251214.6,57251214.6,71217405.77,71217405.77,12549626.65,83767032.42,,93649.43,-10650297.51,,9444575.25,1771742.43,11811907.45,64656994.1,422708511.29,,,,37378437.77,254143329.09,242253545.61,11889783.48,,487365505.39,426098411.62,913463917.01,913463917.01,,3393518.27,0.0,7294260.08,595589.77,10224466.39,,,,,,,,,,,,
600223.SS,2025-09-30,2025Q3,,,,,,,,,,,,,,,,,,,,,,,,,,,,,,,,,,,,,,,,,,,,,,,,,,,,,,,,,,,,,,,,,,,,,,,,,,,,,,,,,,,,,,,,,,,,,,,,,,,,,,,,,,,,,,,,,,,,,,,,,,,,,,,,,,,,,,,,,,,,,,,,,,,,,,,,,,,,,,,,,,,,,,,,,,,,,,,,,,,,,,,,,,,,,,,,,,,,,,,,,,,,,,,,,,,,,,,,,,,,,,,,,,,,,,,,,,,,,,,,,,,,,,,,,,,,,,,,,,,,,,,,,,,,,,,,,,,,,,,,,,,,,391714033.54,73530710.08,,,,,,,,,,,,,,,,,,,,,,,
600223.SS,2025-12-31,2025Q4,714951580.81,,4291220.69,7298289.32,126650707.02,,,-649790951.39,1849140761.26,,13990317.96,660718459.89,1088534616.23,,93005451.04,,1016568775.0,1016568775.0,,136941927.71,3870301234.71,4359870916.76,3136901865.61,3870301234.71,4232820089.02,4238820089.02,4947771669.83,4232820089.02,,,,2318116129.16,625995181.21,1016568775.0,1016568775.0,910120616.02,63993598.59,,,1893757.04,10291220.69,6000000.0,846127017.43,,,,,600172702.9,289389560.06,5857892285.85,1874863402.81,10353607.41,43290427.72,27610918.06,362518854.31,208776213.42,153742640.89,1199349809.87,3983028883.04,20245914.08,,424087860.11,-88138664.15,512226524.26,2895080238.68,2895080238.68,,51808620.86,4291220.69,121050827.74,265968363.61,44814779.23,39936215.17,39936215.17,85897367.18,437159449.66,0.0,,258713861.28,54579404.27,123866184.11,113449969.47,1594405336.54,1300674902.14,,,,,,,,,,,,,,,,,,,147901785.56,,,,,,,,,,,,,,,,,,,,,,,,43901784.71,,,,,,,0.0,0.0,,,,207849366.31,,-120500000.0,-29704781.77,2772399597.81,2631132726.96,-17900.21,141284771.06,-66645095.25,,-4678738.74,,,-60788166.67,-60788166.67,-120500000.0,-29624281.77,,-29624281.77,,,,,,,,,,,,,,,,,,,,,,,,59711833.33,59711833.33,-648989.84,-29704781.77,237554148.08,-67504160.35,-913483030.64,-454433981.25,-122041885.69,-337007163.7,1218541339.07,64044598.22,1154496740.85,,,,,,,,,,,0.0,,,,,,,,,,,,,,,,,,,,,,,,,,,,,,,,,,,,,,-13121069.03,118286.162729,0.285887,84462444.27,413751.84,413751.84,46007903.32,,464359366.77,84876196.11,84876196.11,12083901.44,2075644.34,15177014.33,45712437.642729,46007903.32,986959066.13,82424345.7,,,,,,46007903.32,46007903.32,59128972.35,59128972.35,23671579.42,82800551.77,,376206.07,413751.84,,12083901.44,2075644.34,15177014.33,67126076.09,522599699.36,,,,45664061.2,172912054.83,266910733.88,-93998679.05,,589725775.45,464359366.77,1054085142.22,1054085142.22,97050.43,9924348.3,0.0,-10435150.57,1017468.55,10463334.75,,,,,,,,,,,,
600223.SS,2026-03-31,2026Q1,720575270.42,,3800507.18,11659637.03,166000710.14,,,,1183074763.68,,12970365.87,,,,132518473.73,,1016568775.0,1016568775.0,,175801217.32,3899124008.95,4431723873.43,3181254587.44,3899124008.95,4264716984.54,4270716984.54,4985292254.96,4264716984.54,,,,2350013024.68,,1016568775.0,1016568775.0,945014685.3,62700855.19,,,1823559.36,9800507.18,6000000.0,882313830.11,,,,,595426892.31,287490463.49,5930306940.26,1866738522.71,4779768.13,41537109.47,28713677.98,365592975.59,211850334.7,153742640.89,1183074763.68,4063568417.55,18934638.65,,479510435.37,,,2872907968.02,2872907968.02,,51076788.65,3800507.18,161006888.89,263499915.14,44436513.68,39936215.17,39936215.17,1170104397.81,452233290.24,,,,,,107463611.54,,,,,,,,,,,,,,,,,,,,,159710872.83,,,,,,,,,,,,,,,,,,,,,,,,43393139.86,,,,,,,,,,,,-46139935.43,,-8000000.0,-16337957.03,2754663083.65,2772399597.81,-9757.13,-17726757.03,37175415.82,,-2254024.44,,,39898000.0,39898000.0,-8000000.0,-25100194.45,,-16226382.03,111575.0,,,,,,,,,,,,,,,,,,,,,,,47898000.0,47898000.0,-468559.74,-16337957.03,-29801978.4,-66636793.65,-941601234.18,-481900521.14,-119826901.1,-339873811.94,978436049.43,32229431.01,946206618.42,,,,,,,,,,,-8873812.42,,,,,,,,,,,,,,,,,,,,,,,,,,,,,,,,,,,,,,-5623689.61,-1129643.6916,0.144046,52306424.37,-7842218.42,-7842218.42,31896895.52,,396421993.39,44464205.95,44464205.95,7926812.67,629368.24,9348029.87,38609470.2484,31896895.52,869466102.15,43696271.31,1063229851.0,1063229851.0,0.03,0.03,,31896895.52,31896895.52,37520585.13,37520585.13,6314252.58,43834837.71,,138566.4,-7842218.42,,7926812.67,629368.24,9348029.87,30972995.01,473044108.76,,,,36864984.65,430500022.81,388412215.6,42087807.21,,504017103.77,396421993.39,900439097.16,900439097.16,-73523.22,163733.17,0.0,7752008.47,791848.96,9176483.42,,,,,,,,,,,,
SNAP,2024-12-31,2024Q4,,,,140630000.0,,,85416000.0,-328923000.0,,450826000.0,63284000.0,282415000.0,0.0,,,,,,,,,,,,,,,,,,,,,,,,,,,,,,,189203000.0,112769000.0,,,,,,,,,,,,,,,,,,,,,,,,,36212000.0,,,,,,,,,,,,,698284000.0,348251000.0,,,,,,21486000.0,,,,,,,36212000.0,,,,,,,,,,,,,,,,,,,,,,,,,,,,,,,,,,,,,,,,,,,,,,,,,,,,,,,,,,,,,,,,,,,,,,,,,,,,,,,,,,,,,,,,,,,,,,,,,,,,,,0.0,,,,,0.0,,,,,,,,,,,,,,,,,,,,,,,,,,,,,,,,,,,,,,,,,,,,,,,,,,,,,,,,,,,,,,,,,,,,,,,,,,,,,,,,,,,,,,,,,,,,,,,,,,,,,,,,,
SNAP,2025-03-31,2025Q1,,12617000.0,597928000.0,,58734000.0,22501000.0,,,1029623000.0,,,,,,,45980000.0,1686678233.0,1732658233.0,2701698000.0,4210853000.0,544643000.0,5924260000.0,3512600000.0,544643000.0,2311335000.0,5888027000.0,2311335000.0,2311335000.0,12617000.0,,448509000.0,-13132148000.0,15879359000.0,16000.0,16000.0,5277865000.0,4213428000.0,61309000.0,,,4152119000.0,3576692000.0,1064437000.0,,,1005703000.0,796258000.0,209445000.0,209445000.0,7589200000.0,3012163000.0,215848000.0,,,1766692000.0,74822000.0,1691870000.0,1029623000.0,4577037000.0,212532000.0,1157615000.0,1157615000.0,,,3206890000.0,911227000.0,,,575427000.0,36233000.0,,,,,1029623000.0,,,,,,,,,,,,,,,,,2295663000.0,,,,,36233000.0,,,,,,,,,,,,,,,,,,,,,,,,,,,,,,,,,,,,,39968000.0,275767000.0,-235799000.0,,,114396000.0,-257100000.0,-1444626000.0,-37214000.0,916079000.0,1050234000.0,,-134155000.0,-288519000.0,-288519000.0,-59876000.0,-257100000.0,-257100000.0,28457000.0,28457000.0,-1444626000.0,2754000.0,2754000.0,-37214000.0,,,151610000.0,151610000.0,50446000.0,,-15767000.0,23133000.0,-128308000.0,34260000.0,34260000.0,194216000.0,194216000.0,6837000.0,247338000.0,,,,37715000.0,37715000.0,,-139587000.0,-51139000.0,1473083000.0,1473083000.0,,-37214000.0,,,,,,,,,,0.0,,,,,0.0,0.0,-22828000.0,15800000.0,,,,,,,,,,,,,,-162568000.0,,,,,,,,,,,,,,,,,,,,,,,,,,,0.0,0.21,-70044000.0,,,-139587000.0,37715000.0,615172000.0,-70044000.0,-107759000.0,13619000.0,23399000.0,37018000.0,-139587000.0,-139587000.0,1557063000.0,-193846000.0,1696353000.0,1696353000.0,-0.08,-0.08,-139587000.0,-139587000.0,-139587000.0,-139587000.0,-139587000.0,8429000.0,-131158000.0,49069000.0,49069000.0,,,13619000.0,23399000.0,37018000.0,-193846000.0,917484000.0,13308000.0,13308000.0,,424165000.0,480011000.0,253134000.0,226877000.0,226877000.0,723638000.0,639579000.0,1363217000.0,1210869000.0,,,,,,,,,,,,,,,,,,
SNAP,2025-06-30,2025Q2,,24796000.0,616023000.0,,32156000.0,32156000.0,,,1078310000.0,,,,,,,45577000.0,1682350233.0,1727927233.0,2649999000.0,4191995000.0,259735000.0,5645329000.0,3181154000.0,259735000.0,2069357000.0,5645329000.0,2069357000.0,2069357000.0,24796000.0,,444573000.0,-13638191000.0,16127309000.0,16000.0,16000.0,5329630000.0,4226610000.0,66771000.0,,,4159839000.0,3575972000.0,1103020000.0,,,1070864000.0,954010000.0,116854000.0,116854000.0,7398987000.0,3114813000.0,226881000.0,,,1809622000.0,88791000.0,1720831000.0,1078310000.0,4284174000.0,226255000.0,1164874000.0,1164874000.0,,,2893045000.0,925973000.0,,,583867000.0,,,,,,1078310000.0,,,,,,,,,,,,,,,,,1967072000.0,,,,,,,,,,,,,,,,,,,,,,,,,,,,,,,,,,,,,,,,,,315639000.0,726505000.0,-410866000.0,,,23793000.0,-243473000.0,-36240000.0,-64701000.0,928937000.0,916079000.0,,12858000.0,-291075000.0,-291075000.0,-11362000.0,-243473000.0,-243473000.0,-36240000.0,-36240000.0,-36240000.0,215439000.0,215439000.0,-64701000.0,,,88494000.0,88494000.0,48551000.0,,-6475000.0,11680000.0,53492000.0,-94203000.0,-94203000.0,-3088000.0,-3088000.0,11812000.0,251886000.0,,,,40023000.0,40023000.0,,-262570000.0,-1208000.0,0.0,0.0,,-64701000.0,,,,,,,,,,-35499000.0,,,,,0.0,-35499000.0,-7058000.0,-1208000.0,,,,,,,,,,,,,,147695000.0,,,,,,,,,,,,,,,,,,,,,,,,,,,0.0,0.21,-187277000.0,,,-262570000.0,40023000.0,653333000.0,-187277000.0,-227300000.0,5592000.0,27607000.0,33199000.0,-262570000.0,-262570000.0,1604606000.0,-259676000.0,1674854000.0,1674854000.0,-0.16,-0.16,-262570000.0,-262570000.0,-262570000.0,-262570000.0,-262570000.0,7663000.0,-254907000.0,-823000.0,-823000.0,,,5592000.0,27607000.0,33199000.0,-259676000.0,951273000.0,,,,443325000.0,507948000.0,257853000.0,250095000.0,250095000.0,691597000.0,653333000.0,1344930000.0,1173548000.0,,,,,,,,,,,,,,,,,,
SNAP,2025-09-30,2025Q3,,25966000.0,615708000.0,,90419000.0,43468000.0,,,1077605000.0,,,,,,,45157000.0,1710909233.0,1756066233.0,2584572000.0,4153597000.0,429507000.0,5765239000.0,3255838000.0,429507000.0,2227350000.0,5718288000.0,2227350000.0,2227350000.0,25966000.0,,440476000.0,-13741732000.0,16383575000.0,17000.0,17000.0,5350600000.0,4129951000.0,66773000.0,,,4063178000.0,3490938000.0,1220649000.0,,,1130230000.0,976547000.0,153683000.0,153683000.0,7577950000.0,3101463000.0,226015000.0,,,1797843000.0,77257000.0,1720586000.0,1077605000.0,4476487000.0,235099000.0,1248011000.0,1248011000.0,,,2993377000.0,953317000.0,,,572240000.0,46951000.0,,,,,1077605000.0,,,,,,,,,,,,,,,,,2040060000.0,,,,,46951000.0,,,,,,,,,,,,,,,,,,,,,,,,,,,,,,,,,,,,,-54869000.0,333783000.0,-388652000.0,,,93444000.0,0.0,-549924000.0,-53044000.0,955499000.0,928937000.0,,26562000.0,-12013000.0,-12013000.0,-3199000.0,0.0,0.0,-8814000.0,-8814000.0,-549924000.0,-107913000.0,-107913000.0,-53044000.0,,,146488000.0,146488000.0,-27906000.0,,382000.0,15070000.0,62051000.0,38125000.0,38125000.0,-89096000.0,-89096000.0,3671000.0,260363000.0,,,,42514000.0,42514000.0,,-103541000.0,-28613000.0,541110000.0,541110000.0,,-53044000.0,,,,,,,,,,0.0,,,,,0.0,0.0,-16313000.0,1182000.0,,,,,,,,,,,,,,23926000.0,,,,,,,,,,,,,,,,,,,,,,,,,,,0.0,0.005,-26023000.0,,,-103541000.0,42514000.0,646077000.0,-26023000.0,-68537000.0,-2239000.0,34494000.0,32255000.0,-103541000.0,-103541000.0,1635201000.0,-128362000.0,1696542000.0,1696542000.0,-0.06,-0.06,-103541000.0,-103541000.0,-103541000.0,-103541000.0,-103541000.0,510000.0,-103031000.0,27570000.0,27570000.0,,,-2239000.0,34494000.0,32255000.0,-128362000.0,960981000.0,14371000.0,14371000.0,,453418000.0,493192000.0,250728000.0,242464000.0,242464000.0,832619000.0,674220000.0,1506839000.0,1317119000.0,,,,,,,,,,,,,,,,,,
SNAP,2025-12-31,2025Q4,,26692000.0,606302000.0,220229000.0,95448000.0,48479000.0,77812000.0,-370402000.0,1454693000.0,560551000.0,41301000.0,325139000.0,0.0,,,44670000.0,1711553622.0,1756223622.0,2506394000.0,4143131000.0,494113000.0,5818324000.0,3298006000.0,494113000.0,2281495000.0,5771355000.0,2281495000.0,2281495000.0,26692000.0,,435722000.0,-13946816000.0,16637324000.0,17000.0,17000.0,5396307000.0,4109439000.0,61756000.0,,,4047683000.0,3489860000.0,1286868000.0,148999000.0,145210000.0,744380000.0,524587000.0,219793000.0,219793000.0,7677802000.0,3092928000.0,221255000.0,,,1787382000.0,66613000.0,1720769000.0,1084291000.0,4584874000.0,272065000.0,1372237000.0,1372237000.0,,,2940572000.0,1030435000.0,,,557823000.0,46969000.0,,,,,506216000.0,,,,,,,,630862000.0,399573000.0,,,,,,21486000.0,,1910137000.0,,,,,46969000.0,,,,,,,,,,,,,,,,,,,,,,,,,,,,,,,,,,,,,130441000.0,393420000.0,-262979000.0,,,205556000.0,-250293000.0,0.0,-64022000.0,1031397000.0,955499000.0,,75898000.0,-256518000.0,-256518000.0,-6599000.0,-250293000.0,-250293000.0,0.0,0.0,0.0,62838000.0,62838000.0,-64022000.0,,,269578000.0,269578000.0,-88095000.0,,-20224000.0,15036000.0,71497000.0,67736000.0,67736000.0,-133859000.0,-133859000.0,10679000.0,257238000.0,,,,43381000.0,43381000.0,,45209000.0,1166000.0,0.0,0.0,,-64022000.0,,,,,,,,,,0.0,,,,,374000.0,0.0,-20545000.0,1166000.0,,,,,,,,,,,,,,3761000.0,,,,,,,,,,,,,,,,,,,,,,,,,,,0.0,0.21,117839000.0,,,45209000.0,43381000.0,702443000.0,117839000.0,74458000.0,-4811000.0,36498000.0,31687000.0,45209000.0,45209000.0,1666744000.0,49717000.0,1720347000.0,1710465000.0,0.03,0.03,45209000.0,45209000.0,45209000.0,45209000.0,45209000.0,-7249000.0,37960000.0,-6946000.0,-6946000.0,,,-4811000.0,36498000.0,31687000.0,49717000.0,964301000.0,,,,472693000.0,532956000.0,264698000.0,268258000.0,268258000.0,1014018000.0,702443000.0,1716461000.0,2229911000.0,,,,,,,,,,,,,,,,,,
SNAP,2026-03-31,2026Q1,,14689000.0,665844000.0,,80328000.0,33340000.0,,,1144602000.0,,,,,,,44264000.0,1697270233.0,1741534233.0,2473811000.0,4201579000.0,236608000.0,5620008000.0,3065497000.0,236608000.0,2084273000.0,5573020000.0,2084273000.0,2084273000.0,14689000.0,,431762000.0,-14386265000.0,16887594000.0,17000.0,17000.0,5417298000.0,4203295000.0,82044000.0,,,4121251000.0,3488747000.0,1214003000.0,,,1133675000.0,895357000.0,238318000.0,238318000.0,7501571000.0,3222071000.0,229804000.0,,,1847665000.0,93865000.0,1753800000.0,1144602000.0,4279500000.0,269436000.0,1187181000.0,1187181000.0,,,2822883000.0,1061924000.0,,,632504000.0,46988000.0,,,,,1144602000.0,,,,,,,,,,,,,,,,,1760959000.0,,,,,46988000.0,,,,,,,,,,,,,,,,,,,,,,,,,,,,,,,,,,,,,137404000.0,445698000.0,-308294000.0,,,286007000.0,-350499000.0,0.0,-40772000.0,1063338000.0,1031397000.0,,31941000.0,-352100000.0,-352100000.0,-1601000.0,-350499000.0,-350499000.0,0.0,0.0,0.0,57262000.0,57262000.0,-40772000.0,,,326779000.0,326779000.0,115954000.0,,-11680000.0,14874000.0,-45605000.0,22044000.0,22044000.0,174635000.0,174635000.0,4195000.0,250040000.0,,,,44696000.0,44696000.0,,-88951000.0,845000.0,0.0,0.0,,-40772000.0,,,,,,,,,,-39370000.0,,,,,,-39370000.0,-16270000.0,845000.0,,,,,,,,,,,,,,-67649000.0,,,,,,,,,,,,,,,,,,,,,,,,,,,0.0,0.4,-4308000.0,,,-88951000.0,44696000.0,635618000.0,-4308000.0,-49004000.0,-10297000.0,36756000.0,26459000.0,-88951000.0,-88951000.0,1603240000.0,-74449000.0,1687650000.0,1687650000.0,-0.05,-0.05,-88951000.0,-88951000.0,-88951000.0,-88951000.0,-88951000.0,3191000.0,-85760000.0,-1014000.0,-1014000.0,,,-10297000.0,36756000.0,26459000.0,-74449000.0,937999000.0,15073000.0,15073000.0,,478296000.0,444630000.0,232376000.0,212254000.0,212254000.0,863550000.0,665241000.0,1528791000.0,1243462000.0,,,,,,,,,,,,,,,,,,
MDT,2024-10-31,2024Q4,,,,,,,,,,,,,,,,,,,,,,,,,,,,,,,,,,,,,,,,,,,,,,,,,,,,,,,,,,,,,,,,,,,,,,,,,,,,,,,,,,,,,,,,,,,,,1000000.0,,,,,,,,,,,,,,,,,,,,,,,,,,,,,,,,,,,,,,,,,,,,,,,,624000000.0,,,,,,,,,,,,,0.0,,,,,,,,,,,,,,,,,,,,,,,,,,,,,,,,,,,,,,,,,,,,,,,,,,,,,,,,,,,,,,,,,,,,,,,,,,,,,,,,,,,,,,,,,,,,,,,,,,,,,,,,,,,,,,,,,,,,,,,,,,,,,,,,,,,,,,,,,,,,,,,,,,,,,,,,,,,
MDT,2025-01-31,2025Q1,228000000.0,-2839000000.0,50000000.0,,2622000000.0,,2281000000.0,,,,,,,,,,1283266154.0,1283266154.0,25317000000.0,26607000000.0,-3617000000.0,75944000000.0,10673000000.0,-3617000000.0,49387000000.0,73322000000.0,49615000000.0,49387000000.0,-2839000000.0,,,31317000000.0,20910000000.0,0.0,0.0,40358000000.0,28518000000.0,1533000000.0,452000000.0,452000000.0,23985000000.0,23935000000.0,11840000000.0,,,6937000000.0,3526000000.0,3411000000.0,2286000000.0,89973000000.0,67461000000.0,4250000000.0,,,53004000000.0,12185000000.0,40819000000.0,6593000000.0,22513000000.0,2866000000.0,6115000000.0,6115000000.0,-204000000.0,6319000000.0,7922000000.0,1240000000.0,1485000000.0,,50000000.0,2622000000.0,,1125000000.0,,,,5610000000.0,,-1000000.0,3740000000.0,782000000.0,1089000000.0,,,,,,,,,,,6682000000.0,-1000000.0,,1063000000.0,,,1125000000.0,,3614000000.0,,,,,,,,,,,,,,,,,,,,,,,,,,,,,,,,,,-157000000.0,1917000000.0,-2074000000.0,,,2096000000.0,-181000000.0,0.0,-476000000.0,1240000000.0,1394000000.0,-130000000.0,-24000000.0,-1753000000.0,-1753000000.0,160000000.0,-13000000.0,-181000000.0,-1003000000.0,0.0,0.0,-843000000.0,-843000000.0,-476000000.0,,,2572000000.0,2572000000.0,462000000.0,115000000.0,,,550000000.0,,,-3000000.0,-3000000.0,112000000.0,98000000.0,51000000.0,-138000000.0,-138000000.0,684000000.0,684000000.0,,1303000000.0,,0.0,0.0,-897000000.0,-476000000.0,,,,,,,,,,-98000000.0,,-897000000.0,54000000.0,180000000.0,,-98000000.0,,,,-112000000.0,,,,,,,,,,,,,-200000000.0,,168000000.0,168000000.0,,,,,,,-1003000000.0,,,,,,,,,,,,,416000000.0,416000000.0,-9000000.0,-10003246.753247,0.153896,2468000000.0,-65000000.0,-65000000.0,1294000000.0,684000000.0,2511000000.0,2403000000.0,1719000000.0,-179000000.0,179000000.0,,1348996753.246753,1294000000.0,6582000000.0,1646000000.0,1286200000.0,1282400000.0,1.01,1.01,1294000000.0,1294000000.0,1294000000.0,1303000000.0,1303000000.0,237000000.0,1540000000.0,7000000.0,72000000.0,-65000000.0,43000000.0,-179000000.0,179000000.0,,1710000000.0,3803000000.0,416000000.0,416000000.0,,675000000.0,2717000000.0,,,,5513000000.0,2779000000.0,8292000000.0,8292000000.0,22000000.0,,,,,-5000000.0,,,,,,,,,,,,
MDT,2025-04-30,2025Q2,232000000.0,-4284000000.0,58000000.0,1000000.0,2874000000.0,6000000.0,2514000000.0,-8799000000.0,15636000000.0,,2340000000.0,3295000000.0,0.0,,,,1281934628.0,1281934628.0,26240000000.0,28516000000.0,-5380000000.0,76482000000.0,10935000000.0,-5380000000.0,48024000000.0,73614000000.0,48256000000.0,48024000000.0,-4284000000.0,,,31476000000.0,20833000000.0,0.0,0.0,43424000000.0,30545000000.0,1768000000.0,403000000.0,403000000.0,25642000000.0,25590000000.0,12879000000.0,,,7490000000.0,3683000000.0,3807000000.0,2449000000.0,91680000000.0,67865000000.0,3584000000.0,,,53404000000.0,11667000000.0,41737000000.0,6837000000.0,23814000000.0,2858000000.0,6515000000.0,6515000000.0,-199000000.0,6714000000.0,8965000000.0,2218000000.0,1574000000.0,,52000000.0,2868000000.0,,1358000000.0,,,7156000000.0,5476000000.0,,,3779000000.0,744000000.0,953000000.0,,,,,,13000000.0,,,2685000000.0,160000000.0,6747000000.0,-1000000.0,,1158000000.0,,2855000000.0,1358000000.0,,4040000000.0,,,,,,,,,,,,,,,,,,,,,,,,,0.0,,,,,,,,,107000000.0,2240000000.0,-2133000000.0,,,2069000000.0,-274000000.0,,-459000000.0,2218000000.0,1240000000.0,283000000.0,695000000.0,-1343000000.0,-1343000000.0,-280000000.0,-166000000.0,-274000000.0,0.0,0.0,,-490000000.0,-490000000.0,-459000000.0,,,2528000000.0,2528000000.0,450000000.0,147000000.0,,,366000000.0,,,-249000000.0,-249000000.0,296000000.0,89000000.0,27000000.0,-235000000.0,-235000000.0,840000000.0,840000000.0,,1061000000.0,,0.0,0.0,-897000000.0,-459000000.0,,,,,,,,,,0.0,,-897000000.0,195000000.0,304000000.0,,0.0,,,,-138000000.0,,,,,,,,,,,,,186000000.0,,108000000.0,108000000.0,,,,,,,0.0,,,,,,,,,,,,,564000000.0,564000000.0,-5000000.0,-56812053.925456,0.157811,2635000000.0,-360000000.0,-360000000.0,1056000000.0,840000000.0,2871000000.0,2275000000.0,1435000000.0,-174000000.0,174000000.0,,1359187946.074544,1056000000.0,7130000000.0,1436000000.0,1287700000.0,1282300000.0,0.82,0.82,1056000000.0,1056000000.0,1056000000.0,1061000000.0,1061000000.0,199000000.0,1261000000.0,-361000000.0,-1000000.0,-360000000.0,147000000.0,-174000000.0,174000000.0,,1797000000.0,3983000000.0,564000000.0,564000000.0,,684000000.0,2720000000.0,,,,5780000000.0,3147000000.0,8927000000.0,8927000000.0,213000000.0,,,,,15000000.0,,,,,,,,,,,,
MDT,2025-07-31,2025Q3,240000000.0,-4604000000.0,51000000.0,-1000000.0,2430000000.0,,2017000000.0,,,,,,,,,,1281869213.0,1281869213.0,27285000000.0,28609000000.0,-5337000000.0,76451000000.0,11693000000.0,-5337000000.0,47893000000.0,74021000000.0,48133000000.0,47893000000.0,-4604000000.0,,,31606000000.0,20891000000.0,0.0,0.0,42839000000.0,31309000000.0,1813000000.0,416000000.0,416000000.0,26179000000.0,26128000000.0,11530000000.0,,,7084000000.0,3596000000.0,3488000000.0,2555000000.0,90972000000.0,67750000000.0,3585000000.0,,,53230000000.0,11223000000.0,42007000000.0,7006000000.0,23223000000.0,2953000000.0,6263000000.0,6263000000.0,-204000000.0,6467000000.0,8121000000.0,1273000000.0,1722000000.0,,51000000.0,2430000000.0,,933000000.0,,,,5886000000.0,,,4022000000.0,792000000.0,1072000000.0,,,,,,,,,,,6848000000.0,,,1179000000.0,,,933000000.0,,3929000000.0,,,,,,,,,,,,,,,,,,,,,,,,,,,,,,,,,,-90000000.0,2010000000.0,-2100000000.0,,,584000000.0,-123000000.0,-1162000000.0,-504000000.0,1273000000.0,2218000000.0,67000000.0,-1012000000.0,-1381000000.0,-1381000000.0,70000000.0,-28000000.0,-123000000.0,-513000000.0,-1162000000.0,-1162000000.0,-719000000.0,-719000000.0,-504000000.0,,,1088000000.0,1088000000.0,-1147000000.0,-464000000.0,,,-598000000.0,,,288000000.0,288000000.0,159000000.0,86000000.0,28000000.0,167000000.0,167000000.0,748000000.0,748000000.0,,1047000000.0,,649000000.0,0.0,-910000000.0,-504000000.0,,,,,,,,,,,,-910000000.0,81000000.0,402000000.0,,,,,,-125000000.0,,,,,,,,,,,,,-373000000.0,,95000000.0,95000000.0,,,,,,,649000000.0,649000000.0,,,,,,,,,,,,459000000.0,459000000.0,-7000000.0,-14101382.488479,0.195853,2298000000.0,-72000000.0,-72000000.0,1040000000.0,748000000.0,2712000000.0,2226000000.0,1478000000.0,-176000000.0,176000000.0,,1097898617.511521,1040000000.0,7062000000.0,1445000000.0,1287100000.0,1281600000.0,0.81,0.81,1040000000.0,1040000000.0,1040000000.0,1047000000.0,1047000000.0,255000000.0,1302000000.0,-39000000.0,33000000.0,-72000000.0,45000000.0,-176000000.0,176000000.0,,1516000000.0,4061000000.0,459000000.0,459000000.0,,726000000.0,2806000000.0,,,,5577000000.0,3001000000.0,8578000000.0,8578000000.0,27000000.0,,,,,70000000.0,,,,,,,,,,,,
MDT,2025-10-31,2025Q4,204000000.0,-4275000000.0,55000000.0,1000000.0,1420000000.0,,2130000000.0,,,,,,,,,,1281984552.0,1281984552.0,27763000000.0,29100000000.0,-3931000000.0,77697000000.0,14061000000.0,-3931000000.0,48652000000.0,76277000000.0,48857000000.0,48652000000.0,-4275000000.0,,,32070000000.0,20857000000.0,0.0,0.0,42489000000.0,32554000000.0,1765000000.0,386000000.0,386000000.0,27680000000.0,27625000000.0,9935000000.0,,,6384000000.0,3153000000.0,3231000000.0,2581000000.0,91346000000.0,67352000000.0,3748000000.0,,,52583000000.0,10772000000.0,41811000000.0,7164000000.0,23996000000.0,3124000000.0,6389000000.0,6389000000.0,-200000000.0,6589000000.0,8327000000.0,1282000000.0,1539000000.0,,55000000.0,1420000000.0,,650000000.0,,,,6156000000.0,,,4195000000.0,853000000.0,1108000000.0,,,,,,,,,,,7045000000.0,,,1184000000.0,,,650000000.0,,3857000000.0,,,,,,,,,,,,,,,,,,,,,,,,,,,,,,,,,,-153000000.0,1948000000.0,-2101000000.0,,,457000000.0,-372000000.0,-1768000000.0,-468000000.0,1282000000.0,1273000000.0,-39000000.0,48000000.0,-395000000.0,-395000000.0,-5000000.0,-212000000.0,-372000000.0,732000000.0,-21000000.0,-1768000000.0,-482000000.0,-482000000.0,-468000000.0,,,925000000.0,925000000.0,-1422000000.0,-727000000.0,,,-182000000.0,,,-214000000.0,-214000000.0,8000000.0,182000000.0,38000000.0,-7000000.0,-7000000.0,745000000.0,745000000.0,,1381000000.0,,1098000000.0,1747000000.0,-910000000.0,-468000000.0,,,,,,,,,,,,-910000000.0,461000000.0,992000000.0,,,,,,139000000.0,,,,,,,,,,,,,-299000000.0,,160000000.0,160000000.0,,,,,,,753000000.0,,,,,,,,,,,,,463000000.0,463000000.0,-7000000.0,-1346274.264245,0.134627,2533000000.0,-10000000.0,-10000000.0,1374000000.0,745000000.0,2779000000.0,2523000000.0,1778000000.0,-181000000.0,181000000.0,,1382653725.735755,1374000000.0,7265000000.0,1686000000.0,1288000000.0,1282000000.0,1.07,1.07,1374000000.0,1374000000.0,1374000000.0,1381000000.0,1381000000.0,215000000.0,1597000000.0,82000000.0,92000000.0,-10000000.0,10000000.0,-181000000.0,181000000.0,,1696000000.0,4204000000.0,463000000.0,463000000.0,,754000000.0,2965000000.0,,,,5900000000.0,3061000000.0,8961000000.0,8961000000.0,,,,,,22000000.0,,,,,,,,,,,,
MDT,2026-01-31,2026Q1,211000000.0,-4330000000.0,58000000.0,,191000000.0,,2581000000.0,,,,,,,,,,1283366516.0,1283366516.0,26866000000.0,28071000000.0,-3242000000.0,76998000000.0,14576000000.0,-3242000000.0,48985000000.0,76807000000.0,49196000000.0,48985000000.0,-4330000000.0,,,32303000000.0,21012000000.0,0.0,0.0,42289000000.0,32794000000.0,1771000000.0,365000000.0,365000000.0,27880000000.0,27822000000.0,9495000000.0,,,6723000000.0,3504000000.0,3219000000.0,2569000000.0,91485000000.0,67414000000.0,4041000000.0,,,52227000000.0,10335000000.0,41892000000.0,7179000000.0,24071000000.0,3020000000.0,6359000000.0,6359000000.0,-207000000.0,6566000000.0,8383000000.0,1147000000.0,1587000000.0,,58000000.0,191000000.0,,650000000.0,,,,6309000000.0,,,4194000000.0,883000000.0,1232000000.0,,,,,,,,,,,7236000000.0,,,1191000000.0,,,650000000.0,,3967000000.0,,,,,,,,,,,,,,,,,,,,,,,,,,,,,,,,,,-347000000.0,2024000000.0,-2371000000.0,,,2300000000.0,-105000000.0,0.0,-444000000.0,1147000000.0,1282000000.0,24000000.0,-159000000.0,-2087000000.0,-2086000000.0,-6000000.0,59000000.0,-105000000.0,-1229000000.0,0.0,0.0,-816000000.0,-815000000.0,-444000000.0,,,2744000000.0,2743000000.0,702000000.0,117000000.0,,,703000000.0,,,13000000.0,13000000.0,114000000.0,94000000.0,36000000.0,-101000000.0,-101000000.0,749000000.0,749000000.0,,1150000000.0,,0.0,0.0,-911000000.0,-444000000.0,,,,,,,,,,,,-911000000.0,31000000.0,204000000.0,,,,,,-25000000.0,,,,,,,,,,,,,-131000000.0,,164000000.0,164000000.0,,,,,,,-1229000000.0,,,,,,,,,,,,,441000000.0,441000000.0,-6000000.0,-25146723.646724,0.180912,2473000000.0,-139000000.0,-139000000.0,1143000000.0,749000000.0,2953000000.0,2334000000.0,1585000000.0,-181000000.0,181000000.0,,1256853276.353276,1143000000.0,7415000000.0,1464000000.0,1289500000.0,1282600000.0,0.89,0.89,1143000000.0,1143000000.0,1143000000.0,1150000000.0,1150000000.0,254000000.0,1404000000.0,-18000000.0,121000000.0,-139000000.0,77000000.0,-181000000.0,181000000.0,,1602000000.0,4154000000.0,441000000.0,441000000.0,,722000000.0,2956000000.0,,,,5756000000.0,3261000000.0,9017000000.0,9017000000.0,62000000.0,,,,,35000000.0,,,,,,,,,,,,
PLTK,2024-09-30,2024Q3,,,,,,,,,,,,,,,,,,,,,,,,,,,,,,,,,,,,,,,,,,,,,,,,,,,,146200000.0,,,,,,,,,,,,,,,,,,,,,,,,,,,,,,,,,,,,,,,,,,,,,,,,,,,,,,,,,,,,,,,,,,,,,,,,,,,,,,,,,,,200700000.0,,,,,,,,,,,,,,,,,,,,,,,,,,,,,,,,,,,,,,,,,,,,,,,,,,,,,,,,,,,,,,,,,,,,,,,,,,,,,,,,,,,,,,,,,,,,,,,,,,,,,,,,,,,,,,,,,,,,,,,,,,,,,,,,,,,,,,,,,,,,,,,,,,,,,,,,,,,,,,,,29300000.0,,,,,,,,,,,,,,
PLTK,2024-12-31,2024Q4,,-200000.0,98900000.0,71100000.0,39100000.0,27500000.0,153700000.0,-222700000.0,428000000.0,69800000.0,,268300000.0,0.0,9400000.0,28200000.0,51800000.0,375300000.0,427100000.0,1834300000.0,2499000000.0,-2385600000.0,2269000000.0,313900000.0,-2385600000.0,-131100000.0,2257400000.0,-131100000.0,-131100000.0,-200000.0,,603500000.0,-894200000.0,1362700000.0,4100000.0,4100000.0,3770300000.0,3211400000.0,356900000.0,394600000.0,394600000.0,2459900000.0,2388500000.0,558900000.0,36400000.0,36400000.0,258600000.0,113300000.0,145300000.0,58600000.0,3639200000.0,2766400000.0,,272100000.0,272100000.0,2254500000.0,562200000.0,1692300000.0,205300000.0,872800000.0,60500000.0,187600000.0,187600000.0,,,565800000.0,565800000.0,,,71400000.0,11600000.0,,49400000.0,,,89900000.0,,,,,,,,,,,,,20600000.0,,,,0.0,,0.0,,,11600000.0,,,,9800000.0,,20600000.0,,19400000.0,,,,,,1900000.0,,,,,,,,4100000.0,37300000.0,,,,,,,,,,,,,,55800000.0,55800000.0,0.0,36900000.0,36900000.0,128500000.0,,-4800000.0,-24600000.0,567700000.0,1147400000.0,-5200000.0,-574500000.0,-71000000.0,-71000000.0,-28200000.0,,,-4800000.0,-4800000.0,-4800000.0,-656600000.0,-656600000.0,-12800000.0,,-6500000.0,153100000.0,153100000.0,86800000.0,,,,105900000.0,-4800000.0,-4800000.0,-2000000.0,-2000000.0,8800000.0,29000000.0,,-37100000.0,-37100000.0,48600000.0,48600000.0,11700000.0,-16700000.0,,,,-37200000.0,-12800000.0,,,,,,,,,,-689500000.0,,,29300000.0,-7600000.0,,-689500000.0,-17100000.0,,,1700000.0,-5300000.0,-5300000.0,,,,,,,,,32600000.0,110700000.0,,1100000.0,,,,,,,,,,,,,,,,,,,,,,,,,-8148000.0,0.21,147100000.0,-38800000.0,-38800000.0,-16700000.0,48600000.0,178800000.0,108300000.0,59700000.0,-27500000.0,38100000.0,11000000.0,13952000.0,-16700000.0,562400000.0,55300000.0,374800000.0,373000000.0,-0.04,-0.04,-16700000.0,-16700000.0,-16700000.0,-16700000.0,-16700000.0,38300000.0,21600000.0,-38800000.0,,-32600000.0,,-27500000.0,38100000.0,11000000.0,87900000.0,383600000.0,,,,96300000.0,287300000.0,195300000.0,92000000.0,92000000.0,471500000.0,178800000.0,650300000.0,650300000.0,,,,32600000.0,,,-6200000.0,,,,,,,,,,,
PLTK,2025-03-31,2025Q1,,300000.0,124000000.0,80300000.0,31500000.0,20100000.0,66000000.0,,228000000.0,,,,,,,51800000.0,375700000.0,427500000.0,1962300000.0,2521100000.0,-2340500000.0,2279900000.0,369500000.0,-2340500000.0,-117200000.0,2268500000.0,-117200000.0,-117200000.0,300000.0,,603500000.0,-901200000.0,1383100000.0,4100000.0,4100000.0,3693800000.0,3235500000.0,727900000.0,18000000.0,18000000.0,2489600000.0,2385700000.0,458300000.0,31700000.0,31700000.0,248800000.0,103300000.0,145500000.0,58900000.0,3576600000.0,2748800000.0,157600000.0,119000000.0,119000000.0,2223300000.0,526800000.0,1696500000.0,228000000.0,827800000.0,119200000.0,192800000.0,192800000.0,,,514300000.0,434800000.0,,,103900000.0,11400000.0,,49000000.0,,,228000000.0,,,,,,,,,,,,,20900000.0,,,,79500000.0,,,,,11400000.0,,,,,,20900000.0,,,,,,,,1500000.0,,,,,,,,,37600000.0,,,,,,,,,,,,,,-79500000.0,,-79500000.0,48100000.0,48100000.0,-6500000.0,-4800000.0,-4800000.0,-25300000.0,436300000.0,567700000.0,2300000.0,-133700000.0,-47400000.0,-47400000.0,-500000.0,-4800000.0,-4800000.0,-4800000.0,-4800000.0,-4800000.0,-105100000.0,-105100000.0,-10400000.0,,-8300000.0,18800000.0,18800000.0,-99600000.0,,,,-93300000.0,8300000.0,8300000.0,-4400000.0,-4400000.0,7500000.0,25500000.0,,-4500000.0,-4500000.0,59200000.0,59200000.0,11100000.0,30600000.0,100000.0,,,-37300000.0,-10400000.0,,,,,,,,,,,,-37300000.0,40600000.0,17300000.0,,,-1900000.0,,,-300000.0,-6600000.0,-6600000.0,,,,,,,,,0.0,-101600000.0,,100000.0,,,,,,,,,,,,,,,,,,,,,,,,,943500.0,0.255,132800000.0,3700000.0,3700000.0,30600000.0,59200000.0,197400000.0,136500000.0,77300000.0,-30400000.0,36200000.0,5800000.0,27843500.0,30600000.0,638200000.0,67800000.0,376000000.0,375400000.0,0.08,0.08,30600000.0,30600000.0,30600000.0,30600000.0,30600000.0,10500000.0,41100000.0,3700000.0,,0.0,,-30400000.0,36200000.0,5800000.0,67800000.0,440800000.0,,,,103800000.0,337000000.0,271800000.0,65200000.0,65200000.0,508600000.0,197400000.0,706000000.0,706000000.0,,0.0,,,,,3700000.0,,,,,,,,,,,
PLTK,2025-06-30,2025Q2,,23600000.0,130900000.0,246300000.0,32100000.0,21000000.0,94000000.0,,220800000.0,,,,,,,51800000.0,376300000.0,428100000.0,1893500000.0,2525300000.0,-2289400000.0,2306600000.0,252000000.0,-2289400000.0,-87800000.0,2295500000.0,-87800000.0,-87800000.0,23600000.0,,603500000.0,-905600000.0,1393600000.0,4100000.0,4100000.0,3724600000.0,3060100000.0,554500000.0,12400000.0,12400000.0,2493200000.0,2383300000.0,664500000.0,26000000.0,26000000.0,266100000.0,106400000.0,159700000.0,72100000.0,3636800000.0,2720300000.0,160200000.0,116800000.0,116800000.0,2201600000.0,495500000.0,1706100000.0,220800000.0,916500000.0,128900000.0,194000000.0,194000000.0,,,592100000.0,500900000.0,,,109900000.0,11100000.0,,50000000.0,,,220800000.0,,,,,,,,,,,,,20900000.0,,,,91200000.0,,,,,11100000.0,,,,,,20900000.0,,,,,,,,1500000.0,,,,,,,,,37600000.0,,,,,,,,,,,,,,-11200000.0,,-80300000.0,49500000.0,49500000.0,126100000.0,-6100000.0,-4700000.0,-20000000.0,502400000.0,436300000.0,-300000.0,66400000.0,-49600000.0,-49600000.0,-1200000.0,-6100000.0,-6100000.0,-4700000.0,-4700000.0,-4700000.0,-30100000.0,-30100000.0,-4800000.0,,-7600000.0,146100000.0,146100000.0,55200000.0,,,,59100000.0,10400000.0,10400000.0,600000.0,600000.0,-23000000.0,17500000.0,,-4300000.0,-4300000.0,61000000.0,61000000.0,11500000.0,33200000.0,6100000.0,,,-37600000.0,-4800000.0,,,,,,,,,,,,-37600000.0,27900000.0,23800000.0,,,-4500000.0,,,1100000.0,-7600000.0,-7600000.0,,,,,,,,,400000.0,48700000.0,,6100000.0,,,,,,,,,,,,,,,,,,,,,,,,,-9028800.0,0.264,176800000.0,-34200000.0,-34200000.0,33200000.0,61000000.0,195800000.0,142600000.0,81600000.0,-30800000.0,36500000.0,5700000.0,58371200.0,33200000.0,585900000.0,109700000.0,375600000.0,375500000.0,0.09,0.09,33200000.0,33200000.0,33200000.0,33200000.0,33200000.0,11900000.0,45100000.0,-34200000.0,,-400000.0,,-30800000.0,36500000.0,5700000.0,110100000.0,390100000.0,,,,114500000.0,275600000.0,257700000.0,17900000.0,17900000.0,500200000.0,195800000.0,696000000.0,696000000.0,,,,400000.0,,,-33800000.0,,,,,,,,,,,
PLTK,2025-09-30,2025Q3,,18800000.0,147600000.0,289200000.0,35200000.0,24400000.0,109400000.0,,236400000.0,,,,,,,51800000.0,376500000.0,428300000.0,1803900000.0,2539400000.0,-2234100000.0,2317000000.0,290100000.0,-2234100000.0,-74800000.0,2306200000.0,-74800000.0,-74800000.0,18800000.0,,603500000.0,-904100000.0,1409900000.0,4100000.0,4100000.0,3763200000.0,3060100000.0,549200000.0,6700000.0,6700000.0,2504200000.0,2381000000.0,703100000.0,23700000.0,23700000.0,245600000.0,101600000.0,144000000.0,56600000.0,3688400000.0,2695200000.0,161300000.0,117100000.0,117100000.0,2159300000.0,453000000.0,1706300000.0,236400000.0,993200000.0,182900000.0,168000000.0,168000000.0,,,640800000.0,587900000.0,,,123200000.0,10800000.0,,49800000.0,,,236400000.0,,,,,,,,,,,,,21100000.0,,,,52900000.0,,,,,10800000.0,,,,,,21100000.0,,,,,,,,1500000.0,,,,,,,,,37600000.0,,,,,,,,,,,,,,38200000.0,79000000.0,-40800000.0,48700000.0,48700000.0,98300000.0,-5200000.0,-4800000.0,-18600000.0,589400000.0,502400000.0,-1100000.0,88100000.0,-48200000.0,-48200000.0,-600000.0,-5200000.0,-5200000.0,-4800000.0,-4800000.0,-4800000.0,19400000.0,19400000.0,-10400000.0,,-5100000.0,116900000.0,116900000.0,-35600000.0,,,,400000.0,-15000000.0,-15000000.0,26100000.0,26100000.0,34100000.0,21800000.0,,-4600000.0,-4600000.0,59300000.0,59300000.0,10600000.0,39100000.0,1300000.0,,,-37600000.0,-10400000.0,,,,,,,,,,,,,41000000.0,88300000.0,,,-62100000.0,,,-200000.0,-3100000.0,-3100000.0,,,,,,,,,1500000.0,15400000.0,,1300000.0,,,,,,,,,,,,,,,,,,,,,,,,,-3760500.0,0.327,165700000.0,-11500000.0,-11500000.0,39100000.0,59300000.0,178400000.0,154200000.0,94900000.0,-30300000.0,36800000.0,6500000.0,46839500.0,39100000.0,574700000.0,98400000.0,368210000.0,367900000.0,0.11,0.11,39100000.0,39100000.0,39100000.0,39100000.0,39100000.0,19000000.0,58100000.0,-11500000.0,,-1500000.0,,-30300000.0,36800000.0,6500000.0,99900000.0,396300000.0,,,,98800000.0,297500000.0,206300000.0,91200000.0,91200000.0,496200000.0,178400000.0,674600000.0,674600000.0,,,,1500000.0,,,-10000000.0,,,,,,,,,,,
PLTK,2025-12-31,2025Q4,,15900000.0,142900000.0,511200000.0,38600000.0,27500000.0,142300000.0,-246400000.0,473500000.0,70300000.0,,279000000.0,0.0,5500000.0,21600000.0,51800000.0,377000000.0,428800000.0,1704900000.0,2532000000.0,-2532800000.0,1977700000.0,96000000.0,-2532800000.0,-411400000.0,1966600000.0,-411400000.0,-411400000.0,15900000.0,,603500000.0,-1251200000.0,1423100000.0,4300000.0,4300000.0,4130300000.0,3162400000.0,280400000.0,387100000.0,387100000.0,2493400000.0,2378000000.0,967900000.0,28800000.0,28800000.0,247000000.0,113900000.0,133100000.0,80300000.0,3718900000.0,2655000000.0,4000000.0,280700000.0,280700000.0,2121400000.0,425700000.0,1695700000.0,227100000.0,1063900000.0,48400000.0,161800000.0,161800000.0,,,820200000.0,684200000.0,,,115400000.0,11100000.0,,15100000.0,,,124200000.0,,,,,,,,,,,,,17500000.0,,,,136000000.0,,1500000.0,,,11100000.0,,,,0.0,,17500000.0,,4900000.0,,,,,,1500000.0,,,,,,,,4300000.0,37700000.0,,,,,,,,,,,,,,-83000000.0,52500000.0,-135500000.0,41700000.0,41700000.0,263700000.0,-4200000.0,-4700000.0,-22200000.0,685700000.0,589400000.0,1100000.0,95200000.0,-84800000.0,-84800000.0,-38200000.0,-4200000.0,-4200000.0,-4700000.0,-4700000.0,-4700000.0,-105900000.0,-105900000.0,-10700000.0,,-7600000.0,285900000.0,285900000.0,182400000.0,,,,20600000.0,20500000.0,20500000.0,6300000.0,6300000.0,390400000.0,17700000.0,,-54600000.0,-54600000.0,55300000.0,55300000.0,13600000.0,-309300000.0,-500000.0,,,-37700000.0,-10700000.0,,,,,,,,,,,,,27700000.0,-26100000.0,,,155500000.0,,,700000.0,-3900000.0,-3900000.0,,,,,,,,,4500000.0,100000.0,,-500000.0,,,,,,,,,,,,,,,,,,,,,,,,,-346185.372005,0.024905,-214200000.0,-13900000.0,-13900000.0,-309300000.0,55300000.0,186900000.0,-228100000.0,-283400000.0,-26800000.0,33800000.0,7300000.0,-295746185.372005,-309300000.0,955300000.0,-281000000.0,376400000.0,376400000.0,-0.82,-0.82,-309300000.0,-309300000.0,-309300000.0,-309300000.0,-309300000.0,-7900000.0,-317200000.0,-13900000.0,,-4500000.0,,-26800000.0,33800000.0,7300000.0,-276500000.0,768400000.0,,,,109600000.0,658800000.0,214000000.0,444800000.0,444800000.0,491900000.0,186900000.0,678800000.0,678800000.0,,,,4500000.0,,,-9400000.0,,,,,,,,,,,
UPWK,2024-09-30,2024Q3,,,,,,,,,,,,,,,,,,,,,,,,,,,,,,,,,,,,,,,,,,357468000.0,,,,,,,,,,,,,,,,,,,,,,,,,,,,,,,,,,,,,,,,,,,,,,,,,,,,,,,,,,,,,,,,,,,,,,,,,,,,,,,,,,,,,,,,,,,,,,,,,,,,,,,,,,,,,,,,,,,,,,,,,,,,,,,,46015000.0,,,,,,,,,,,,,,,,,,,,,,,,,,,,,,,,,,,,,,,,,,,,,,,,,,,,,,,,,,,,,,,,,,,,,,,,,,,,,,,,,,,,,,,,,,,,,,,,,,,,,,,,,,,,,,,,,,,,,,,,,,,,,,,,,,,,,,,,,,,
UPWK,2024-12-31,2024Q4,,,,,,,,,,,,,,,,,,,,,,,,,,,,,,,,,,,,,,,,,,357928000.0,,,,,,,,,,,,,,,,,,,,,,,,,,,,,,,,,,,,,,,,,,,,,,,,,,,,,,,,,,,,,,,,,,,,,,,,,,,,,,,,,,,,,,,,,,,,,,,,,,,,,,,,,,,,,,,,,,,,,,,,,,,,,,,,-34659000.0,,,,,,,,,,,,,,,,,,,,,,,,,,,,,,,,,,,,,,,,,,,,,,,,,,,,,,,,,,,,,,,,,,,,,,,,,,,,,,,,,,,,,,,,,,,,,,,,,,,,,,,,,,,,,,,,,,,,,,,,,,,,,,,,,,,,,,,,,,,
UPWK,2025-03-31,2025Q1,,548000.0,12021000.0,638000.0,1636000.0,1636000.0,14170000.0,-46907000.0,87384000.0,8683000.0,,73151000.0,0.0,,,,134048900.0,134048900.0,53940000.0,370410000.0,462104000.0,952731000.0,663317000.0,462104000.0,594342000.0,952731000.0,594342000.0,594342000.0,548000.0,,,-40746000.0,634527000.0,13000.0,13000.0,645724000.0,371028000.0,2254000.0,,,368774000.0,358389000.0,274696000.0,7496000.0,7496000.0,250756000.0,16075000.0,234681000.0,4115000.0,1240066000.0,302053000.0,1576000.0,127762000.0,127762000.0,132238000.0,11174000.0,121064000.0,40477000.0,938013000.0,22086000.0,77917000.0,77917000.0,-5326000.0,83243000.0,622068000.0,304449000.0,,,10385000.0,,215942000.0,14624000.0,,,5550000.0,,,,,,,,,,,,,,,,,317619000.0,,,,,,,,,,,,,,,,,,,215942000.0,,,,,,,,,,,,,,,,,,,,,,,952000.0,51660000.0,-50708000.0,,,30790000.0,-33054000.0,,-6175000.0,524191000.0,505593000.0,,18598000.0,-13144000.0,-13144000.0,19258000.0,-33054000.0,-33054000.0,,,,-5223000.0,-5223000.0,-2472000.0,,,36965000.0,36965000.0,-18871000.0,227000.0,830000.0,,-13095000.0,-1987000.0,-1987000.0,-3535000.0,-3535000.0,460000.0,12272000.0,2066000.0,0.0,0.0,5063000.0,5063000.0,5063000.0,37730000.0,188000.0,,,,-2472000.0,,,,,,,,,,,,,451000.0,64000.0,652000.0,,-3298000.0,188000.0,,,-3703000.0,-3703000.0,,,,,,,,,,-11108000.0,,,,,,,,,,-1943000.0,,,,,,,,,,,,,,,,,0.0,0.161686,43753000.0,,,37730000.0,5063000.0,41806000.0,43753000.0,38690000.0,,,,37730000.0,37730000.0,154016000.0,38690000.0,142777000.0,135208000.0,0.27,0.28,38306000.0,37730000.0,37730000.0,37730000.0,37730000.0,7277000.0,45007000.0,6317000.0,6317000.0,,,,,,38690000.0,112210000.0,,,,46152000.0,63799000.0,35751000.0,28048000.0,28048000.0,150900000.0,41806000.0,192706000.0,192706000.0,,,,,,,,,,,,,,576000.0,2259000.0,,,
UPWK,2025-06-30,2025Q2,,724000.0,11999000.0,823000.0,1648000.0,1648000.0,25910000.0,-46481000.0,89957000.0,7515000.0,,77075000.0,0.0,,,,132506031.0,132506031.0,67779000.0,370848000.0,457656000.0,967503000.0,659359000.0,457656000.0,608654000.0,967503000.0,608654000.0,608654000.0,724000.0,,,-8020000.0,615937000.0,13000.0,13000.0,653062000.0,373438000.0,4238000.0,,,369200000.0,358849000.0,279624000.0,7802000.0,7802000.0,243441000.0,17996000.0,225445000.0,1027000.0,1261716000.0,322733000.0,1544000.0,126715000.0,126715000.0,150998000.0,9525000.0,141473000.0,43476000.0,938983000.0,21141000.0,71230000.0,71230000.0,-5325000.0,76555000.0,634579000.0,291070000.0,,,10351000.0,,212033000.0,12385000.0,,,5367000.0,,,,,,,,,,,,,,,,,343509000.0,,,,,,,,,,,,,,,,,,,212033000.0,,,,,,,,,,,,,,,,,,,,,,,-24152000.0,184288000.0,-208440000.0,,,65626000.0,-37868000.0,,-6888000.0,506903000.0,524191000.0,,-17288000.0,-38352000.0,-38352000.0,-2684000.0,-37868000.0,-37868000.0,,,,-51450000.0,-51450000.0,-2381000.0,,,72514000.0,72514000.0,15070000.0,306000.0,-22000.0,,10931000.0,-3088000.0,-3088000.0,3895000.0,,461000.0,15977000.0,1528000.0,2064000.0,2064000.0,6062000.0,6062000.0,6062000.0,32726000.0,187000.0,,,,-2381000.0,,,,,,,,,,,,,0.0,5496000.0,2200000.0,,-40000.0,187000.0,,,-4507000.0,-4507000.0,,,,,,,,,,14019000.0,,,,,,,,,,-1561000.0,,,,,,,,,,,,,,,,,0.0,0.149,38627000.0,,,32726000.0,6062000.0,43432000.0,38627000.0,32565000.0,,,,32726000.0,32726000.0,162374000.0,32565000.0,140198000.0,132183000.0,0.24,0.25,33305000.0,32726000.0,32726000.0,32726000.0,32726000.0,5717000.0,38443000.0,5878000.0,5878000.0,,,,,,32565000.0,118942000.0,,,,44843000.0,72330000.0,36671000.0,35659000.0,35659000.0,151507000.0,43432000.0,194939000.0,194939000.0,,,,,,,,,,,,,,579000.0,1769000.0,,,
UPWK,2025-09-30,2025Q3,,867000.0,11791000.0,1227000.0,360970000.0,1660000.0,39435000.0,-50903000.0,96464000.0,7654000.0,,83622000.0,0.0,,,,131393994.0,131393994.0,98472000.0,371101000.0,437999000.0,987436000.0,288475000.0,437999000.0,628126000.0,628126000.0,628126000.0,628126000.0,867000.0,,,21315000.0,605931000.0,13000.0,13000.0,683083000.0,22607000.0,12476000.0,,,10131000.0,,660476000.0,7943000.0,7943000.0,250901000.0,18360000.0,232541000.0,8514000.0,1311209000.0,362258000.0,1505000.0,125065000.0,125065000.0,190127000.0,39656000.0,150471000.0,45561000.0,948951000.0,18048000.0,76433000.0,76433000.0,-6485000.0,82918000.0,643097000.0,260838000.0,,,10131000.0,359310000.0,211373000.0,12654000.0,,,5188000.0,,,,,,,,,,,,,,,,,382259000.0,,,,,359310000.0,,,,,,,,,,,,,,211373000.0,,,,,,,,,,,,,,,,,,,,,,,-36413000.0,70378000.0,-106791000.0,,,69431000.0,-31001000.0,,-5648000.0,476011000.0,506903000.0,,-30892000.0,-24474000.0,-24474000.0,6451000.0,-31001000.0,-31001000.0,,,,-81497000.0,-81497000.0,-482000.0,,,75079000.0,68093000.0,19727000.0,134000.0,-208000.0,,18437000.0,4571000.0,4571000.0,-2014000.0,,7446000.0,19789000.0,2113000.0,-2463000.0,-2463000.0,1139000.0,1139000.0,-9061000.0,29335000.0,188000.0,,,,-482000.0,,,,,,,,,,-39436000.0,,,448000.0,4808000.0,76000.0,-39436000.0,3378000.0,188000.0,,,-5166000.0,-5166000.0,,,,,,,,,,13866000.0,,,,,,,,,,-2195000.0,,,,,,,,,,,,,,,,,0.0,0.178,30897000.0,,,29335000.0,1139000.0,45843000.0,30897000.0,29758000.0,,,,29335000.0,29335000.0,171972000.0,29758000.0,139666000.0,131987000.0,0.21,0.22,29910000.0,29335000.0,29335000.0,29335000.0,29335000.0,6340000.0,35675000.0,5917000.0,5917000.0,,,,,,29758000.0,126129000.0,,,,47494000.0,76242000.0,34985000.0,41257000.0,41257000.0,155887000.0,45843000.0,201730000.0,201730000.0,,,,,,,,,,,,,,575000.0,2393000.0,,,
UPWK,2025-12-31,2025Q4,,754000.0,11379000.0,1493000.0,361442000.0,1672000.0,51858000.0,-55501000.0,104933000.0,7755000.0,,92167000.0,0.0,,,,130545236.0,130545236.0,65414000.0,371149000.0,443962000.0,990085000.0,300665000.0,443962000.0,630315000.0,630315000.0,630315000.0,630315000.0,754000.0,,,36949000.0,592599000.0,13000.0,13000.0,669265000.0,19097000.0,9390000.0,,,9707000.0,,650168000.0,7765000.0,7765000.0,227610000.0,19285000.0,208325000.0,7858000.0,1299580000.0,348747000.0,1467000.0,111495000.0,111495000.0,186353000.0,37161000.0,149192000.0,49432000.0,950833000.0,21064000.0,76236000.0,76236000.0,-5919000.0,82155000.0,672781000.0,294356000.0,,,9707000.0,359770000.0,180752000.0,19715000.0,,,5011000.0,,,,,,,,,,,,,,,,,378425000.0,,,,,359770000.0,,,,,,,,,,,,,,180752000.0,,,,,,,,,,,,,,,,,,,,,,,6219000.0,125458000.0,-119239000.0,,,57273000.0,-34036000.0,,-6428000.0,478908000.0,476011000.0,,2897000.0,-62035000.0,-62035000.0,-29756000.0,-34036000.0,-34036000.0,,,,1231000.0,1231000.0,-455000.0,,,63701000.0,70687000.0,5474000.0,-178000.0,-412000.0,,10304000.0,-656000.0,-656000.0,-1630000.0,,-6525000.0,17352000.0,999000.0,18892000.0,18892000.0,14187000.0,14187000.0,24387000.0,15634000.0,187000.0,,,,-455000.0,,,,,,,,,,1440000.0,,,328000.0,3161000.0,1757000.0,1440000.0,-2610000.0,187000.0,,,-5973000.0,-5973000.0,,,,,,,,,,10960000.0,,,,,,,,,,-2499000.0,,,,,,,,,,,,,,,,,0.0,0.21,42481000.0,,,15634000.0,14187000.0,43671000.0,42481000.0,28294000.0,,,,15634000.0,15634000.0,170115000.0,28294000.0,139414000.0,130619000.0,0.12,0.12,15979000.0,15634000.0,15634000.0,15634000.0,15634000.0,18417000.0,34051000.0,5757000.0,5757000.0,,,,,,28294000.0,126444000.0,,,,47055000.0,77670000.0,36005000.0,41665000.0,41665000.0,154738000.0,43671000.0,198409000.0,198409000.0,,,,,,,,,,,,,,345000.0,1719000.0,,,
UPWK,2026-03-31,2026Q1,,139000.0,19246000.0,1174000.0,364280000.0,4049000.0,16185000.0,-61435000.0,123369000.0,8609000.0,,102104000.0,0.0,,,,123574974.0,123574974.0,31831000.0,379477000.0,386204000.0,929858000.0,236100000.0,386204000.0,569627000.0,569627000.0,569627000.0,569627000.0,139000.0,,,68410000.0,501066000.0,12000.0,12000.0,672325000.0,25124000.0,9927000.0,,,15197000.0,,647201000.0,8199000.0,8199000.0,257363000.0,18508000.0,238855000.0,11092000.0,1241952000.0,358651000.0,1892000.0,111402000.0,111402000.0,183423000.0,34231000.0,149192000.0,61934000.0,883301000.0,23971000.0,75911000.0,75911000.0,-6329000.0,82240000.0,579734000.0,328400000.0,,,15197000.0,360231000.0,203685000.0,24078000.0,,,12656000.0,,,,,,,,,,,,,,,,,251334000.0,,,,,360231000.0,,,,,,,,,,,,,,203685000.0,,,,,,,,,,,,,,,,,,,,,,,128326000.0,128326000.0,0.0,,,12905000.0,-107891000.0,,-10114000.0,535885000.0,478908000.0,,56977000.0,-84254000.0,-84254000.0,23554000.0,-107891000.0,-107891000.0,,,,118212000.0,118212000.0,-1723000.0,,,23019000.0,23019000.0,-34196000.0,435000.0,-25000.0,,-30342000.0,3124000.0,3124000.0,-784000.0,,460000.0,15421000.0,1946000.0,93000.0,93000.0,9496000.0,9496000.0,9496000.0,31461000.0,188000.0,,,,-1723000.0,,,,,,,,,,,,,559000.0,500000.0,83000.0,,-3480000.0,188000.0,,,-8391000.0,-8391000.0,,,,,,,,,,-33466000.0,,,,,,,,,,-1850000.0,,,,,,,,,,,,,,,,,0.0,0.165712,42214000.0,,,31461000.0,9496000.0,44641000.0,42214000.0,32718000.0,,,,31461000.0,31461000.0,162765000.0,32718000.0,135655863.0,128116112.0,0.24,0.25,32034000.0,31461000.0,31461000.0,31461000.0,31461000.0,6249000.0,37710000.0,4992000.0,4992000.0,,,,,,32718000.0,118124000.0,,,,43307000.0,72595000.0,37437000.0,35158000.0,35158000.0,150842000.0,44641000.0,195483000.0,195483000.0,,,,,,,,,,,,,,573000.0,2222000.0,,,
TBLA,2024-09-30,2024Q3,,,,,,,,,,,,,,,,,,,,,,,,,,,,,,,,,,,,,,,,,,,,,,,,,,,,,,,,,,,,,,,,,,,,,,,,,,,,,,,,,,,,,,,,,,,,,,,,,,,,,,,,,,,,,,,,,,,,,,,,,,,,,,,,,,,,,,,,0.0,,,,,,,,,,,,,,,,,,,,,,,,,,,,,,,,,,,,,,,,,,,,,,,,,,,,,,,,,,,,,,,,0.0,,,,,,,,,,,,,,,,,,,,,,,,,,,,,,,,,,,,,,,,,,,,,,,,,,,,,,,,,,,,,,,,,,,,,,,,,,,,,,,,,,,,,,,,,,,,,,,,1106000.0,,,,,,,,,,,,,
TBLA,2024-12-31,2024Q4,,,,47314000.0,,,65819000.0,-236175000.0,,18790000.0,,286772000.0,0.0,,50021000.0,,,,,,,,,,,,,,,,,,,,,,,,,,,,,10599000.0,10599000.0,,,,,,,,0.0,0.0,,,,,,,,,,,,,,,,,,,,,,,,,,,,,,,,,,,,,,3780000.0,,,,,,,,,,,,,468000.0,,,,,,200000.0,,,,,,,,,,,,,,,,,,,,,,,,,0.0,,,,,,,,,,,,,,,,,,,,,,,,,,,1644000.0,,,,,,,,,,,,,,,,,,,,,,,,,,,,,,,0.0,,,,,,0.0,,,,,,,,,,,,,,,,,,,,,,,,,,-53000.0,,,,,,,,,,,,,,,,,,,,,,,,,,,,,,,,,,,,,,,,,,,,,,,,,,,,,,,,,,,,,,,,,,,,,,8240000.0,,,,,,,,,,,,,
TBLA,2025-03-31,2025Q1,,-773000.0,86976000.0,,26304000.0,26304000.0,,,157187000.0,,,,,,,49770520.0,324498898.0,369125060.0,,213476000.0,400958000.0,1134709000.0,140645000.0,400958000.0,1008209000.0,1134709000.0,1008209000.0,1008209000.0,-773000.0,,179624000.0,-162970000.0,1351576000.0,0.0,0.0,642573000.0,205304000.0,14113000.0,2377000.0,2377000.0,187172000.0,126500000.0,437269000.0,,,410965000.0,131455000.0,279510000.0,279510000.0,1650782000.0,1072868000.0,284045000.0,,,607251000.0,51320000.0,555931000.0,157187000.0,577914000.0,56577000.0,304914000.0,304914000.0,-12458000.0,317372000.0,216223000.0,216223000.0,,,60672000.0,,,,,,157187000.0,,,,,,,,71920000.0,144303000.0,,,,,,,,0.0,,1642000.0,,,,,,,,,,,,,,,,,200000.0,,,,,,,,24385000.0,,,,,,,,,,,,,,,3780000.0,3780000.0,,,,36070000.0,-51697000.0,-122736000.0,-12041000.0,216223000.0,226583000.0,1038000.0,-11398000.0,-51248000.0,-51248000.0,-1505000.0,-51697000.0,-51697000.0,1249000.0,1249000.0,-122736000.0,-8261000.0,-8261000.0,-12041000.0,,,48111000.0,48111000.0,12379000.0,-3120000.0,-6388000.0,6211000.0,-53954000.0,-31758000.0,-31758000.0,65196000.0,65196000.0,3412000.0,15517000.0,,,,20682000.0,20682000.0,,-8750000.0,4871000.0,123985000.0,123985000.0,,-12041000.0,,,,,,,,,,0.0,0.0,,2189000.0,3764000.0,705000.0,,4434000.0,-1726000.0,,,,,,,,,,,,,,-22196000.0,,,,,,,,,,0.0,,,,,,,,,,,,,,,,,0.0,0.186954,14420000.0,-6597000.0,-6597000.0,-8750000.0,20682000.0,308186000.0,14420000.0,-6262000.0,-4500000.0,4500000.0,2097000.0,-8750000.0,-8750000.0,433755000.0,-6262000.0,341960999.0,341960999.0,-0.03,-0.03,-8750000.0,-8750000.0,-8750000.0,-8750000.0,-8750000.0,-2012000.0,-10762000.0,-6597000.0,,-6597000.0,,-4500000.0,4500000.0,2097000.0,-6262000.0,125569000.0,,,,35956000.0,89613000.0,65890000.0,23723000.0,23723000.0,119307000.0,308186000.0,427493000.0,427493000.0,6597000.0,,,,,,,,,,,,,,,,,
TBLA,2025-06-30,2025Q2,,2768000.0,87450000.0,,27748000.0,27748000.0,,,157637000.0,,,,,,,81759515.0,297085275.0,366338532.0,,175450000.0,331529000.0,1013033000.0,32986000.0,331529000.0,925033000.0,1013033000.0,925033000.0,925033000.0,2768000.0,,280290000.0,-167315000.0,1369870000.0,0.0,0.0,603548000.0,163557000.0,12622000.0,688000.0,688000.0,147702000.0,88000000.0,439991000.0,,,412243000.0,121360000.0,290883000.0,290883000.0,1528581000.0,1055604000.0,279963000.0,,,593504000.0,37573000.0,555931000.0,157637000.0,472977000.0,61758000.0,295778000.0,295778000.0,-12997000.0,308775000.0,115241000.0,115241000.0,,,59702000.0,,,,,,157637000.0,,,,,,,,375000.0,114866000.0,,,,,,,,0.0,,2545000.0,,,,,,,,,,,,,,,,,200000.0,,,,,,,,24500000.0,,,,,,,,,,,,,,,0.0,0.0,,,,34161000.0,-101371000.0,-114500000.0,-13236000.0,115241000.0,216223000.0,3637000.0,-104619000.0,-138780000.0,-138780000.0,-1410000.0,-101371000.0,-101371000.0,-38500000.0,-38500000.0,-114500000.0,-13236000.0,-13236000.0,-13236000.0,,,47397000.0,47397000.0,9933000.0,-1689000.0,-2691000.0,6443000.0,451000.0,12037000.0,12037000.0,9136000.0,9136000.0,629000.0,16572000.0,,,,23705000.0,23705000.0,,-4345000.0,903000.0,76000000.0,76000000.0,,-13236000.0,,,,,,,,,,0.0,,,1766000.0,10443000.0,2501000.0,,-1717000.0,903000.0,,,,,,,,,,,,,,-11586000.0,,,,,,,,,,0.0,,,,,,,,,,,,,,,,,0.0,0.21,23749000.0,,,-4345000.0,23705000.0,329863000.0,23749000.0,44000.0,-2491000.0,,,-4345000.0,-4345000.0,465430000.0,44000.0,313572282.0,313572282.0,-0.01,-0.01,-4345000.0,-4345000.0,-4345000.0,-4345000.0,-4345000.0,1898000.0,-2447000.0,,,,,-2491000.0,,,44000.0,135567000.0,,,,37482000.0,98085000.0,71248000.0,26837000.0,26837000.0,135611000.0,329863000.0,465474000.0,465474000.0,,,,,2491000.0,,,,,,,,,,,,,
TBLA,2025-09-30,2025Q3,,1493000.0,94636000.0,,29398000.0,29398000.0,,,162805000.0,,,,,,,91799863.0,290892927.0,367895221.0,,168636000.0,330519000.0,985462000.0,25873000.0,330519000.0,911462000.0,985462000.0,911462000.0,911462000.0,1493000.0,,314881000.0,-162071000.0,1386921000.0,0.0,0.0,617884000.0,151661000.0,11509000.0,17000.0,17000.0,139238000.0,74000000.0,466223000.0,,,436825000.0,135145000.0,301680000.0,301680000.0,1529346000.0,1037250000.0,275836000.0,,,580943000.0,25012000.0,555931000.0,162805000.0,492096000.0,67721000.0,308900000.0,308900000.0,-13338000.0,322238000.0,115475000.0,115475000.0,,,65238000.0,,,,,,162805000.0,,,,,,,,4447000.0,111028000.0,,,,,,,,0.0,,897000.0,,,,,,,,,,,,,,,,,0.0,,,,,,,,17666000.0,,,,,,,,,,,,,,,200000.0,200000.0,,,,46289000.0,-33410000.0,-166700000.0,-6914000.0,115475000.0,115241000.0,221000.0,13000.0,-46476000.0,-46476000.0,-1156000.0,-33410000.0,-33410000.0,-14000000.0,-14000000.0,-166700000.0,-6714000.0,-6714000.0,-6914000.0,,,53203000.0,53203000.0,9270000.0,-671000.0,-6565000.0,6691000.0,24798000.0,12126000.0,12126000.0,-13122000.0,-13122000.0,4182000.0,15714000.0,,,,20441000.0,20441000.0,,5244000.0,-1648000.0,152700000.0,152700000.0,,-6914000.0,,,,,,,,,,0.0,,,907000.0,9202000.0,2090000.0,0.0,-1861000.0,-1648000.0,,,,,,,,,,,,,,12672000.0,,,,,,,,,,0.0,,,,,,,,,,,,,,,,,0.0,0.251,26946000.0,,,5244000.0,20441000.0,357745000.0,26946000.0,6505000.0,500000.0,,,5244000.0,5244000.0,490259000.0,6505000.0,305679079.0,300723658.0,0.02,0.02,5244000.0,5244000.0,5244000.0,5244000.0,5244000.0,1761000.0,7005000.0,,,,,500000.0,,,6505000.0,132514000.0,,,,37867000.0,94647000.0,70090000.0,24557000.0,24557000.0,139019000.0,357745000.0,496764000.0,496764000.0,,,,,-500000.0,,,,,,,,,,,,,
TBLA,2025-12-31,2025Q4,,534000.0,91790000.0,62379000.0,30408000.0,30408000.0,58934000.0,-256632000.0,431134000.0,22425000.0,,329542000.0,0.0,,70343000.0,110438588.0,276370351.0,371649881.0,,194090000.0,337339000.0,1009495000.0,37065000.0,337339000.0,907195000.0,1009495000.0,907195000.0,907195000.0,534000.0,,385651000.0,-111936000.0,1404248000.0,0.0,0.0,702644000.0,181678000.0,16867000.0,628000.0,628000.0,163682000.0,102300000.0,520966000.0,10050000.0,10050000.0,359195000.0,28511000.0,330684000.0,330684000.0,1609839000.0,1051808000.0,271710000.0,20624000.0,20624000.0,569856000.0,13925000.0,555931000.0,174502000.0,558031000.0,6123000.0,360166000.0,360166000.0,-13889000.0,374055000.0,120865000.0,120865000.0,,,61382000.0,,,,,,79167000.0,,,,,,,,9214000.0,111651000.0,,,,,,,,0.0,,501000.0,,,,,,,,,,,534000.0,,,,,,0.0,,,,,,,,15116000.0,,,,,,,,,,,,,,,0.0,0.0,,,,46926000.0,-69833000.0,-125500000.0,-12727000.0,120865000.0,115475000.0,-726000.0,6116000.0,-40810000.0,-40810000.0,-2832000.0,-69833000.0,-69833000.0,28300000.0,28300000.0,-125500000.0,-12727000.0,-12727000.0,-12727000.0,,,59653000.0,59653000.0,-4757000.0,,-5465000.0,6459000.0,49511000.0,19424000.0,19424000.0,-51266000.0,-51266000.0,5036000.0,16133000.0,,,,18656000.0,18656000.0,,50135000.0,-57000.0,153800000.0,153800000.0,,-12727000.0,,,,,,,,,,0.0,,,715000.0,6286000.0,3555000.0,0.0,-9476000.0,-396000.0,,,,,,,,,,,,,,30087000.0,,,,,,,,,,0.0,,,,,,,,,,,,,,,,,0.0,0.21,62426000.0,0.0,0.0,50135000.0,18656000.0,346736000.0,62426000.0,43770000.0,-4801000.0,,,50135000.0,50135000.0,478539000.0,43770000.0,297893227.0,290888626.0,0.17,0.17,50135000.0,50135000.0,50135000.0,50135000.0,50135000.0,-11166000.0,38969000.0,0.0,,0.0,,-4801000.0,,,43770000.0,131803000.0,,,,36739000.0,95064000.0,67982000.0,27082000.0,27082000.0,175573000.0,346736000.0,522309000.0,522309000.0,0.0,,,,4801000.0,,,,,,,,,,,,,
TBLA,2026-03-31,2026Q1,,-334000.0,85184000.0,,30652000.0,30652000.0,,,168713000.0,,,,,,,117324338.0,273147189.0,375312469.0,,151584000.0,393862000.0,1021730000.0,60217000.0,393862000.0,955330000.0,1021730000.0,955330000.0,955330000.0,-334000.0,,409284000.0,-52870000.0,1417818000.0,0.0,0.0,599790000.0,138914000.0,17141000.0,736000.0,736000.0,120932000.0,66400000.0,460876000.0,,,430224000.0,152077000.0,278147000.0,278147000.0,1555120000.0,1034027000.0,267673000.0,22239000.0,22239000.0,561468000.0,5537000.0,555931000.0,168713000.0,521093000.0,60909000.0,309909000.0,309909000.0,-15273000.0,325182000.0,150275000.0,150275000.0,,,54532000.0,,,,,,168713000.0,,,,,,,,1331000.0,148944000.0,,,,,,,,,,105000.0,,,,,,,,,,,,,,,,,,,,,,,,,13934000.0,,,,,,,,,,,,,,,0.0,0.0,,,,90281000.0,-23184000.0,-144900000.0,-18374000.0,150275000.0,120865000.0,-209000.0,29619000.0,-60662000.0,-60662000.0,-2575000.0,-23184000.0,-23184000.0,-35900000.0,-35900000.0,-144900000.0,-18374000.0,-18374000.0,-18374000.0,,,108655000.0,108655000.0,15288000.0,-1507000.0,-7007000.0,7040000.0,-49752000.0,-42229000.0,-42229000.0,50257000.0,50257000.0,4430000.0,14195000.0,,,,16072000.0,16072000.0,,59066000.0,-396000.0,109000000.0,109000000.0,,-18374000.0,,,,,,,,,,,,,1491000.0,2595000.0,997000.0,,16257000.0,-396000.0,,,,,,,,,,,,,,-7523000.0,,,,,,,,,,,,,,,,,,,,,,,,,,,0.0,0.145692,85456000.0,,,59066000.0,16072000.0,336818000.0,85456000.0,69384000.0,-245000.0,245000.0,,59066000.0,59066000.0,397011000.0,69384000.0,288764244.0,282244774.0,0.2,0.21,59066000.0,59066000.0,59066000.0,59066000.0,59066000.0,10073000.0,69139000.0,,,,,-245000.0,245000.0,,69384000.0,60193000.0,,,,39580000.0,97613000.0,72565000.0,25048000.0,25048000.0,129577000.0,336818000.0,466395000.0,466395000.0,,,,,,-77000000.0,,,,,,,,,,,,
AMAT,2024-10-31,2024Q4,,,,-1000000.0,,,,,,,,,,,,,,,,,,,,,,,,,,,,,,,,,,,,,,,,,,,,,,,,,,,,,,,,,,,,,,,,,,,,,,,,,,,,,,,,,,0.0,,,,,,,,,,,700000000.0,,,,,,,,,,,,,,,,,,,,,,,,,,,,,,,,,,,,,,,,,,,,,,,,,,,,,,,,-90000000.0,-90000000.0,,,,,,,,,,,,,,,,,,,,,,,,,,,,0.0,,,,,,,,,,,,,,,,,,,,,,,,,,,,,,,,,,,,,124000000.0,124000000.0,,,,,,,,,,,,,,,,,,,,,,,,,,,,,,,,,,,,,,,,,,,,,,,,,,,,,,,,,,,,,,,,,,,,,,,,,,,,,,,,,,,,,,,,,
AMAT,2025-01-31,2025Q1,,-143000000.0,328000000.0,,880000000.0,81000000.0,636000000.0,-3847000000.0,7769000000.0,,1083000000.0,796000000.0,0.0,,,1219000000.0,812440849.0,2031440849.0,,6588000000.0,14620000000.0,24885000000.0,12958000000.0,14620000000.0,18625000000.0,24086000000.0,18625000000.0,18625000000.0,-143000000.0,,41464000000.0,50511000000.0,9713000000.0,8000000.0,8000000.0,14713000000.0,6977000000.0,444000000.0,,,5708000000.0,5461000000.0,7736000000.0,2452000000.0,2452000000.0,3768000000.0,1071000000.0,2697000000.0,1737000000.0,33338000000.0,12644000000.0,312000000.0,1719000000.0,1719000000.0,4005000000.0,237000000.0,3768000000.0,3922000000.0,20694000000.0,928000000.0,6052000000.0,5998000000.0,,,8213000000.0,6264000000.0,684000000.0,,247000000.0,799000000.0,,635000000.0,,,2991000000.0,5501000000.0,,,1044000000.0,935000000.0,3522000000.0,,4965000000.0,1299000000.0,,,,2686000000.0,,2406000000.0,493000000.0,1949000000.0,,,141000000.0,,,635000000.0,,,,,,,,,,54000000.0,,,,,,,,141000000.0,,,,325000000.0,,,,,799000000.0,,,,,,,,,-488000000.0,1223000000.0,-1711000000.0,,,544000000.0,-1318000000.0,-200000000.0,-381000000.0,6355000000.0,8113000000.0,,-1758000000.0,-1786000000.0,-1786000000.0,-142000000.0,-1318000000.0,-1318000000.0,0.0,0.0,0.0,-897000000.0,-897000000.0,,,-381000000.0,925000000.0,925000000.0,-1323000000.0,-397000000.0,32000000.0,115000000.0,-229000000.0,-229000000.0,-429000000.0,-764000000.0,-764000000.0,-5000000.0,195000000.0,,668000000.0,668000000.0,105000000.0,105000000.0,,1185000000.0,,200000000.0,,-326000000.0,,,,,,,,,,,-28000000.0,,-326000000.0,52000000.0,70000000.0,,-28000000.0,,,,,,,,,,200000000.0,200000000.0,,,,100000000.0,,-80000000.0,,,,,,,,,,0.0,200000000.0,,,,,-200000000.0,,,,,,,,,,0.0,0.21,2288000000.0,0.0,0.0,1185000000.0,105000000.0,3670000000.0,2288000000.0,2183000000.0,-56000000.0,64000000.0,8000000.0,1185000000.0,1185000000.0,4991000000.0,2175000000.0,819000000.0,814000000.0,1.45,1.46,1185000000.0,1185000000.0,1185000000.0,1185000000.0,1185000000.0,934000000.0,2119000000.0,,,0.0,0.0,-56000000.0,64000000.0,8000000.0,2175000000.0,1321000000.0,,,,859000000.0,462000000.0,206000000.0,256000000.0,256000000.0,3496000000.0,3670000000.0,7166000000.0,7166000000.0,,,,,,,,,,,,,,,,,,
AMAT,2025-04-30,2025Q2,,-144000000.0,409000000.0,,880000000.0,81000000.0,844000000.0,-3894000000.0,8160000000.0,,1116000000.0,802000000.0,0.0,,,1230000000.0,802498217.0,2032498217.0,92000000.0,6670000000.0,14964000000.0,25222000000.0,11712000000.0,14964000000.0,18961000000.0,24423000000.0,18961000000.0,18961000000.0,-144000000.0,,43149000000.0,52280000000.0,9966000000.0,8000000.0,8000000.0,14671000000.0,6675000000.0,422000000.0,,,5790000000.0,5462000000.0,7996000000.0,2491000000.0,2491000000.0,3411000000.0,930000000.0,2481000000.0,1803000000.0,33632000000.0,13924000000.0,300000000.0,1723000000.0,1723000000.0,3997000000.0,249000000.0,3748000000.0,4266000000.0,19708000000.0,1063000000.0,6242000000.0,6187000000.0,,,6747000000.0,6169000000.0,321000000.0,,328000000.0,799000000.0,,309000000.0,,,3101000000.0,5656000000.0,,,1130000000.0,909000000.0,3617000000.0,,4729000000.0,1440000000.0,,,,3638000000.0,,2628000000.0,513000000.0,578000000.0,,,142000000.0,,700000000.0,309000000.0,,,,,,,,,,55000000.0,,,,,,,370000000.0,142000000.0,,,,369000000.0,,,,,99000000.0,,,,,,,,,699000000.0,1921000000.0,-1222000000.0,,,1061000000.0,-1670000000.0,-100000000.0,-510000000.0,6244000000.0,6355000000.0,,-111000000.0,-1903000000.0,-1903000000.0,-37000000.0,-1541000000.0,-1670000000.0,0.0,0.0,0.0,221000000.0,221000000.0,,,-510000000.0,1571000000.0,1571000000.0,-723000000.0,39000000.0,-37000000.0,-145000000.0,-236000000.0,-236000000.0,337000000.0,-189000000.0,-189000000.0,-9000000.0,159000000.0,,4000000.0,4000000.0,103000000.0,103000000.0,,2137000000.0,,100000000.0,,-325000000.0,,,,,,,,,,,-1000000.0,,-325000000.0,68000000.0,763000000.0,,-1000000.0,,,,,,,,,,-573000000.0,-573000000.0,,,,,,-155000000.0,,,,,,,,,,0.0,100000000.0,,,,,-100000000.0,,,,,,,,,,0.0,0.08,2493000000.0,,,2137000000.0,103000000.0,3615000000.0,2493000000.0,2390000000.0,153000000.0,68000000.0,221000000.0,2137000000.0,2137000000.0,4931000000.0,2169000000.0,812000000.0,809000000.0,2.63,2.64,2137000000.0,2137000000.0,2137000000.0,2137000000.0,2137000000.0,185000000.0,2322000000.0,,,,,153000000.0,68000000.0,221000000.0,2169000000.0,1316000000.0,,,,893000000.0,423000000.0,216000000.0,207000000.0,207000000.0,3485000000.0,3615000000.0,7100000000.0,7100000000.0,,,,,,,,,,,,,,,,,,
AMAT,2025-07-31,2025Q3,,-102000000.0,500000000.0,-1000000.0,888000000.0,88000000.0,1109000000.0,-3987000000.0,8630000000.0,,1316000000.0,830000000.0,0.0,,,1236000000.0,796642427.0,2032642427.0,879000000.0,6763000000.0,15518000000.0,25767000000.0,11835000000.0,15518000000.0,19504000000.0,24967000000.0,19504000000.0,19504000000.0,-102000000.0,,44186000000.0,53694000000.0,10090000000.0,8000000.0,8000000.0,14707000000.0,6824000000.0,467000000.0,,,5875000000.0,5463000000.0,7883000000.0,2470000000.0,2470000000.0,3417000000.0,1125000000.0,2292000000.0,1769000000.0,34211000000.0,14493000000.0,443000000.0,1288000000.0,1288000000.0,3986000000.0,238000000.0,3748000000.0,4643000000.0,19718000000.0,1069000000.0,5828000000.0,5772000000.0,,,7014000000.0,5384000000.0,330000000.0,,412000000.0,800000000.0,,157000000.0,,,3285000000.0,5807000000.0,,,1119000000.0,925000000.0,3763000000.0,,3947000000.0,1437000000.0,,,,4133000000.0,,2662000000.0,537000000.0,1630000000.0,,,152000000.0,,700000000.0,157000000.0,,,,,,,,,,56000000.0,,,,,,,,152000000.0,,,,366000000.0,,,,,100000000.0,,,,,,,,,-1383000000.0,793000000.0,-2176000000.0,,,2050000000.0,-1056000000.0,-100000000.0,-584000000.0,5454000000.0,6244000000.0,,-790000000.0,-1457000000.0,-1457000000.0,-33000000.0,-1056000000.0,-1056000000.0,0.0,0.0,0.0,-1967000000.0,-1967000000.0,,,-584000000.0,2634000000.0,2634000000.0,588000000.0,-21000000.0,48000000.0,-6000000.0,303000000.0,303000000.0,227000000.0,415000000.0,415000000.0,-284000000.0,158000000.0,,280000000.0,280000000.0,113000000.0,113000000.0,,1779000000.0,,100000000.0,,-368000000.0,,,,,,,,,,,0.0,,-368000000.0,51000000.0,436000000.0,,0.0,,,,0.0,,,,,,76000000.0,76000000.0,,,,,,-151000000.0,,0.0,0.0,,,,,,,0.0,100000000.0,,,,,-100000000.0,,,,,,,,,,0.0,0.306,2742000000.0,,,1779000000.0,113000000.0,3740000000.0,2742000000.0,2629000000.0,330000000.0,66000000.0,396000000.0,1779000000.0,1779000000.0,5069000000.0,2233000000.0,802000000.0,798000000.0,2.22,2.23,1779000000.0,1779000000.0,1779000000.0,1779000000.0,1779000000.0,784000000.0,2563000000.0,,,,,330000000.0,66000000.0,396000000.0,2233000000.0,1329000000.0,,,,901000000.0,428000000.0,224000000.0,204000000.0,204000000.0,3562000000.0,3740000000.0,7302000000.0,7302000000.0,,,,,,,,,,,,,,,,,,
AMAT,2025-10-31,2025Q4,,-110000000.0,495000000.0,,191000000.0,91000000.0,1221000000.0,-3901000000.0,9020000000.0,,1460000000.0,855000000.0,0.0,,,1211000000.0,793000000.0,2004000000.0,,7050000000.0,16482000000.0,26970000000.0,12882000000.0,16482000000.0,20415000000.0,26870000000.0,20415000000.0,20415000000.0,-110000000.0,,45043000000.0,55227000000.0,10333000000.0,8000000.0,8000000.0,15884000000.0,7885000000.0,519000000.0,,,6859000000.0,6455000000.0,7999000000.0,2566000000.0,2566000000.0,3856000000.0,1133000000.0,2723000000.0,1978000000.0,36299000000.0,15418000000.0,806000000.0,1233000000.0,1233000000.0,3933000000.0,226000000.0,3707000000.0,5119000000.0,20881000000.0,1060000000.0,5333000000.0,5185000000.0,,,8573000000.0,7241000000.0,356000000.0,,404000000.0,100000000.0,,380000000.0,,,3217000000.0,5915000000.0,,,1208000000.0,914000000.0,3793000000.0,,5822000000.0,1419000000.0,,0.0,,4327000000.0,,2930000000.0,558000000.0,1332000000.0,,,151000000.0,,,380000000.0,,,,,,,,,,148000000.0,,,,,,,165000000.0,151000000.0,,,,365000000.0,,,,,100000000.0,,,,,,,,,646000000.0,1591000000.0,-945000000.0,,,2043000000.0,-851000000.0,-802000000.0,-785000000.0,7312000000.0,5454000000.0,,1858000000.0,-831000000.0,-831000000.0,-39000000.0,-719000000.0,-851000000.0,292000000.0,291000000.0,-700000000.0,-139000000.0,-139000000.0,,,-785000000.0,2828000000.0,2828000000.0,1258000000.0,96000000.0,47000000.0,-83000000.0,719000000.0,719000000.0,172000000.0,587000000.0,587000000.0,508000000.0,156000000.0,,-313000000.0,-313000000.0,114000000.0,114000000.0,,1897000000.0,,1094000000.0,991000000.0,-365000000.0,,,,,,,,,,,0.0,,-365000000.0,68000000.0,235000000.0,,0.0,,,,0.0,,,,,,547000000.0,547000000.0,,,,,,-108000000.0,,132000000.0,132000000.0,,,,,,,1000000.0,103000000.0,,,,,-102000000.0,,,,,,,,,,0.0,0.163211,2452000000.0,,,1897000000.0,114000000.0,3535000000.0,2452000000.0,2338000000.0,555000000.0,71000000.0,626000000.0,1897000000.0,1897000000.0,4907000000.0,1712000000.0,798000000.0,794000000.0,2.38,2.39,1897000000.0,1897000000.0,1897000000.0,1897000000.0,1897000000.0,370000000.0,2267000000.0,,,,,555000000.0,71000000.0,626000000.0,1893000000.0,1372000000.0,,,,917000000.0,455000000.0,212000000.0,243000000.0,243000000.0,3265000000.0,3535000000.0,6800000000.0,6800000000.0,,,,,,,,,,,,,,,,,,
AMAT,2026-01-31,2026Q1,,-110000000.0,637000000.0,,201000000.0,101000000.0,727000000.0,-4004000000.0,9602000000.0,,1704000000.0,885000000.0,0.0,,,1242000000.0,793609867.0,2035609867.0,,7190000000.0,17795000000.0,28270000000.0,13296000000.0,17795000000.0,21717000000.0,28170000000.0,21717000000.0,21717000000.0,-110000000.0,,45380000000.0,56888000000.0,10311000000.0,8000000.0,8000000.0,15927000000.0,8174000000.0,539000000.0,,,6989000000.0,6453000000.0,7753000000.0,2472000000.0,2472000000.0,4314000000.0,1315000000.0,2999000000.0,1924000000.0,37644000000.0,16595000000.0,929000000.0,1178000000.0,1178000000.0,3922000000.0,215000000.0,3707000000.0,5598000000.0,21049000000.0,1016000000.0,5525000000.0,4977000000.0,,,8511000000.0,7218000000.0,507000000.0,,536000000.0,100000000.0,,710000000.0,,,3462000000.0,5997000000.0,,,1227000000.0,951000000.0,3819000000.0,,5677000000.0,1541000000.0,,,,4968000000.0,,2993000000.0,558000000.0,1293000000.0,,,139000000.0,,,710000000.0,,,,,,,,,,548000000.0,,,,,,,39000000.0,139000000.0,,,,365000000.0,,,,,100000000.0,,,,,,,,,-134000000.0,1143000000.0,-1277000000.0,,,1040000000.0,-337000000.0,-200000000.0,-646000000.0,7287000000.0,7312000000.0,,-25000000.0,-931000000.0,-931000000.0,-229000000.0,-337000000.0,-337000000.0,0.0,,,-780000000.0,-780000000.0,,,-646000000.0,1686000000.0,1686000000.0,-394000000.0,-94000000.0,7000000.0,-154000000.0,-279000000.0,-279000000.0,-760000000.0,208000000.0,208000000.0,264000000.0,207000000.0,,-78000000.0,-78000000.0,127000000.0,127000000.0,,2026000000.0,,200000000.0,,-365000000.0,,,,,,,,,,,0.0,,-365000000.0,65000000.0,112000000.0,,0.0,,,,,,,,,,481000000.0,481000000.0,,,,-466000000.0,,-82000000.0,,,,,,,,,,0.0,200000000.0,,,,,-200000000.0,,,,,,,,,,-34377147.766323,0.129725,2789000000.0,-265000000.0,-265000000.0,2026000000.0,127000000.0,3577000000.0,2524000000.0,2397000000.0,497000000.0,69000000.0,566000000.0,2256622852.233677,2026000000.0,4916000000.0,1831000000.0,799000000.0,793000000.0,2.54,2.55,2026000000.0,2026000000.0,2026000000.0,2026000000.0,2026000000.0,302000000.0,2328000000.0,-265000000.0,,-265000000.0,12000000.0,497000000.0,69000000.0,566000000.0,2096000000.0,1339000000.0,,,,928000000.0,411000000.0,222000000.0,189000000.0,189000000.0,3435000000.0,3577000000.0,7012000000.0,7012000000.0,253000000.0,,,,,,,,,,,,,,,,,
TEAD,2024-09-30,2024Q3,,,,,,,,,,,,,,,,,,,,,,,,,,,,,,,,,,,,,,,,,,,,,,,,,,,,,,,,,,,,,,,,,,,,,,,,,0.0,,,,,,,,,,,,,,,0.0,,,,,,,,,,,,,,,,,,,,,,,,,,,,,,,,,,,,,,,,,,,,,,,,,,,,,,,,,,,,,,,,,,,,,,,,,,,,,,,,,,,,,,,,,,,,-1288000.0,0.0,0.0,,,,,,,,,,,,,,,,,,,,,,-18000.0,,,,,,,,,,,0.0,,,-1288000.0,,,,,,,,,,0.0,,,,,-109740000.0,,,,,,,,,,,,,,,,,,,,,,3536000.0,,,,,,,,,,,,,,,,,,,0.0,,,3536000.0,,,,,,,,,,,,,,,-8782000.0,0.0,6173000.0,,,,,,,,,,,,,,,
TEAD,2024-12-31,2024Q4,,-9480000.0,15816000.0,6413000.0,4033000.0,4033000.0,19430000.0,-118506000.0,178803000.0,3036000.0,,160720000.0,0.0,,22859000.0,13413160.0,50090114.0,63503274.0,,15816000.0,151352000.0,231343000.0,53660000.0,151352000.0,231343000.0,231343000.0,231343000.0,231343000.0,-9480000.0,,74289000.0,-169493000.0,484541000.0,64000.0,64000.0,317870000.0,28399000.0,5719000.0,1554000.0,1554000.0,11783000.0,,289471000.0,6932000.0,6932000.0,252663000.0,36741000.0,215922000.0,206920000.0,549213000.0,206082000.0,24969000.0,40825000.0,40825000.0,79991000.0,16928000.0,63063000.0,60297000.0,343131000.0,4976000.0,149167000.0,149167000.0,-5922000.0,155089000.0,166129000.0,89094000.0,9343000.0,,11783000.0,,,9002000.0,0.0,,15047000.0,,,,,,,,,,,0.0,,0.0,,,,77035000.0,,,,,,,,,,,,,,,,,,,,,58000.0,,,,,,,,,,,,,,,,,,,,,-3368000.0,31068000.0,-34436000.0,3327000.0,3327000.0,37630000.0,-210000.0,0.0,-5033000.0,89725000.0,57686000.0,-1400000.0,33439000.0,-808000.0,-808000.0,-598000.0,-210000.0,-210000.0,0.0,0.0,0.0,-8416000.0,-8416000.0,-2712000.0,,-2321000.0,42663000.0,42663000.0,32906000.0,1500000.0,-1223000.0,,18867000.0,18867000.0,18867000.0,4471000.0,4471000.0,1970000.0,3974000.0,55000.0,-664000.0,-664000.0,4985000.0,4985000.0,1658000.0,-167000.0,,,,,-2712000.0,,,,,,,,,,0.0,,,58000.0,-845000.0,,0.0,9291000.0,,,-15000.0,,,,,,,,,,,,,,,,,,,,,,-396000.0,0.0,,,,,,0.0,,,,,,,,,,0.0,0.21,9042000.0,0.0,0.0,-167000.0,4985000.0,178524000.0,9042000.0,4057000.0,823000.0,699000.0,1522000.0,-167000.0,-167000.0,232051000.0,2535000.0,49767704.0,49767704.0,0.0,0.0,-158000.0,4667000.0,-167000.0,-167000.0,-167000.0,3525000.0,3358000.0,0.0,,0.0,,823000.0,699000.0,1522000.0,2535000.0,53527000.0,,,,9434000.0,44093000.0,25736000.0,18357000.0,18357000.0,56062000.0,178524000.0,234586000.0,234586000.0,0.0,,,,,,,,,,,,,,,,,
TEAD,2025-03-31,2025Q1,,24707000.0,29014000.0,9745000.0,24860000.0,8658000.0,50760000.0,-120814000.0,195567000.0,4953000.0,,163740000.0,0.0,,37869000.0,56321.0,94293190.0,94349511.0,490706000.0,656032000.0,-503851000.0,1101683000.0,61537000.0,-503851000.0,474665000.0,1085481000.0,474665000.0,474665000.0,24707000.0,,242000.0,-224336000.0,674442000.0,94000.0,94000.0,1213375000.0,740830000.0,10927000.0,62099000.0,62099000.0,631172000.0,610816000.0,472545000.0,13066000.0,13066000.0,374114000.0,74631000.0,299483000.0,274060000.0,1688040000.0,1153958000.0,50732000.0,49957000.0,49957000.0,978516000.0,391022000.0,587494000.0,74753000.0,534082000.0,11948000.0,328386000.0,328386000.0,-5367000.0,333753000.0,155879000.0,136312000.0,36632000.0,,20356000.0,16202000.0,,25423000.0,,,26874000.0,,,,,,,,,,,0.0,,,,,,19567000.0,,,,,16202000.0,,,,,,,,,,,,,,,,8755000.0,,,,,,,,,,,,,,,,,,,,,57619000.0,74221000.0,-16602000.0,10938000.0,10938000.0,-6586000.0,-355000.0,-625000000.0,-5620000.0,138476000.0,89725000.0,-57000.0,48808000.0,596094000.0,596094000.0,-28930000.0,-355000.0,-355000.0,625379000.0,625305000.0,0.0,-546320000.0,-546320000.0,-2921000.0,,-2699000.0,-966000.0,-966000.0,23494000.0,4976000.0,-2614000.0,,-22374000.0,-22374000.0,-22374000.0,37605000.0,37605000.0,15180000.0,2941000.0,298000.0,-17786000.0,-17786000.0,12873000.0,12873000.0,1935000.0,-54843000.0,1688000.0,1250379000.0,625305000.0,,-2921000.0,,,,,,,,,,-598319000.0,,,1512000.0,7636000.0,,-598319000.0,5901000.0,,,,,,,,,,,,,,15614000.0,,,1688000.0,,,,,,,,-425000.0,74000.0,625074000.0,,,,,-625000000.0,,,,,,,,,,-4441242.0,0.194,-8670000.0,-22893000.0,-22893000.0,-54843000.0,12873000.0,203707000.0,-31563000.0,-44436000.0,-23608000.0,23608000.0,,-36391242.0,-54843000.0,307900000.0,-44436000.0,77954579.0,77954579.0,-0.7,-0.7,-54843000.0,-54843000.0,-54843000.0,-54843000.0,-54843000.0,-13201000.0,-68044000.0,-22893000.0,,-22893000.0,7279000.0,-23608000.0,23608000.0,,-21543000.0,104193000.0,,,,13979000.0,90214000.0,53737000.0,36477000.0,36477000.0,82650000.0,203707000.0,286357000.0,286357000.0,,15614000.0,,15614000.0,,,,,,,,,,,,,,
TEAD,2025-06-30,2025Q2,,92493000.0,28498000.0,13392000.0,26441000.0,8879000.0,42462000.0,-124527000.0,199107000.0,4207000.0,,168585000.0,0.0,,33915000.0,126429.0,94969026.0,95095455.0,471075000.0,649022000.0,-504723000.0,1152486000.0,48697000.0,-504723000.0,531962000.0,1134924000.0,531962000.0,531962000.0,92493000.0,,440000.0,-238649000.0,678463000.0,95000.0,95000.0,1242951000.0,740338000.0,12144000.0,67218000.0,67218000.0,622581000.0,602962000.0,502613000.0,11517000.0,11517000.0,408801000.0,96941000.0,311860000.0,290475000.0,1774913000.0,1223603000.0,49974000.0,62364000.0,62364000.0,1036685000.0,403438000.0,633247000.0,74580000.0,551310000.0,13571000.0,337682000.0,337682000.0,-6216000.0,343898000.0,166142000.0,149449000.0,38395000.0,,19619000.0,17562000.0,,21385000.0,,,26315000.0,,,,,,,,,,,0.0,,,,,,16693000.0,,,,,17562000.0,,,,,,,,,,,,,,,,24437000.0,,,,,,,,,,,,,,,,,,,,,2999000.0,3000000.0,-1000.0,15376000.0,15376000.0,19495000.0,-198000.0,-7674000.0,-5549000.0,150634000.0,138476000.0,204000.0,11954000.0,-10541000.0,-10541000.0,-2646000.0,-198000.0,-198000.0,-7697000.0,-632674000.0,-632674000.0,-2549000.0,-2549000.0,-1143000.0,,-4406000.0,25044000.0,25044000.0,25059000.0,-763000.0,-2812000.0,,20224000.0,20224000.0,20224000.0,967000.0,967000.0,2905000.0,3790000.0,1166000.0,-14061000.0,-14061000.0,18337000.0,18337000.0,2961000.0,-14313000.0,2457000.0,-23000.0,0.0,,-1143000.0,,,,,,,,,,0.0,,,583000.0,5378000.0,,0.0,7443000.0,,,,,,,,,,,,,,0.0,,,2457000.0,,,,,,,,-296000.0,624977000.0,-23000.0,,,,,,,,,,,,,,,-128863.0,0.287,17752000.0,-449000.0,-449000.0,-14313000.0,18337000.0,222832000.0,17303000.0,-1034000.0,-19030000.0,19030000.0,,-13992863.0,-14313000.0,343681000.0,-2259000.0,94492931.0,94492931.0,-0.15,-0.15,-14313000.0,-14313000.0,-14313000.0,-14313000.0,-14313000.0,-5751000.0,-20064000.0,-449000.0,,-449000.0,1674000.0,-19030000.0,19030000.0,,-585000.0,120849000.0,,,,13285000.0,107564000.0,79676000.0,27888000.0,27888000.0,120264000.0,222832000.0,343096000.0,343096000.0,-1225000.0,0.0,,,,,,,,,,,,,,,,
TEAD,2025-09-30,2025Q3,,95822000.0,26750000.0,12332000.0,26069000.0,8463000.0,35910000.0,-128644000.0,202943000.0,4244000.0,,174098000.0,0.0,,34146000.0,178492.0,95469264.0,95647756.0,490878000.0,648379000.0,-503486000.0,1140964000.0,38237000.0,-503486000.0,519335000.0,1123358000.0,519335000.0,519335000.0,95822000.0,,526000.0,-258339000.0,682282000.0,96000.0,96000.0,1192767000.0,737295000.0,12665000.0,62868000.0,62868000.0,622310000.0,604023000.0,455472000.0,10343000.0,10343000.0,370818000.0,81323000.0,289495000.0,265746000.0,1712102000.0,1218393000.0,49961000.0,71312000.0,71312000.0,1022821000.0,389861000.0,632960000.0,74299000.0,493709000.0,9029000.0,312282000.0,312282000.0,-12989000.0,325271000.0,138252000.0,130751000.0,39452000.0,,18287000.0,17606000.0,,23749000.0,,,24601000.0,,,,,,,,,,,0.0,,,,,,7501000.0,,,,,17606000.0,,,,,,,,,,,,,,,,7955000.0,,,,,,,,,,,,,,,,,,,,,9250000.0,9250000.0,0.0,15630000.0,15630000.0,-29438000.0,-86000.0,0.0,-5704000.0,131881000.0,150634000.0,1687000.0,-20440000.0,-195000.0,-195000.0,-168000.0,-86000.0,-86000.0,59000.0,0.0,0.0,3489000.0,3489000.0,-789000.0,,-4915000.0,-23734000.0,-23734000.0,-25166000.0,-2064000.0,-3019000.0,,-42857000.0,-42857000.0,-42857000.0,19255000.0,19255000.0,4227000.0,3641000.0,4150000.0,-10862000.0,-10862000.0,17497000.0,17497000.0,1867000.0,-19690000.0,2532000.0,59000.0,0.0,,-789000.0,,,,,,,,,,0.0,,,32566000.0,3834000.0,,0.0,3519000.0,,,-57000.0,,,,,,,,,,,0.0,,,2532000.0,,,,,,,,-63000.0,59000.0,59000.0,,,,,,,,,,,,,,,-126144.0,0.192,11874000.0,-657000.0,-657000.0,-19690000.0,17497000.0,213024000.0,11217000.0,-6280000.0,-18078000.0,18078000.0,,-19159144.0,-19690000.0,324395000.0,-6280000.0,95113669.0,95113669.0,-0.21,-0.21,-19690000.0,-19690000.0,-19690000.0,-19690000.0,-19690000.0,-4668000.0,-24358000.0,-657000.0,,-657000.0,657000.0,-18078000.0,18078000.0,,-5623000.0,111371000.0,,,,10743000.0,100628000.0,68658000.0,31970000.0,31970000.0,105748000.0,213024000.0,318772000.0,318772000.0,,0.0,0.0,,,,,,,,,,,,,,,
TEAD,2025-12-31,2025Q4,,96659000.0,30782000.0,15978000.0,26703000.0,9108000.0,40192000.0,-133126000.0,212934000.0,4374000.0,,179750000.0,0.0,,42295000.0,190894.0,95980437.0,96171331.0,494485000.0,653490000.0,-562132000.0,718145000.0,46337000.0,-562132000.0,95437000.0,700550000.0,95437000.0,95437000.0,96659000.0,,533000.0,-686563000.0,685778000.0,96000.0,96000.0,1232537000.0,748476000.0,13510000.0,73101000.0,73101000.0,626787000.0,605113000.0,484061000.0,14930000.0,14930000.0,386258000.0,101296000.0,284962000.0,258634000.0,1327974000.0,797576000.0,49714000.0,10485000.0,10485000.0,657569000.0,376578000.0,280991000.0,79808000.0,530398000.0,7052000.0,342352000.0,342352000.0,-16376000.0,358728000.0,138699000.0,128223000.0,35078000.0,,21674000.0,17595000.0,,26328000.0,,,28810000.0,,,,,,,,,,,0.0,,,,,,10476000.0,,,,,17595000.0,,,,,,,,,,,,,,,,23663000.0,,,,,,,,,,,,,,,,,,,,,-2921000.0,4000000.0,-6921000.0,15568000.0,15568000.0,1379000.0,-7000.0,0.0,-5883000.0,129700000.0,131881000.0,-616000.0,-1565000.0,-23000.0,-23000.0,775000.0,-7000.0,-7000.0,-16000.0,7674000.0,7674000.0,-8804000.0,-8804000.0,-755000.0,,-5128000.0,7262000.0,7262000.0,-16285000.0,-4617000.0,-3249000.0,,23017000.0,23017000.0,23017000.0,-31898000.0,-31898000.0,4359000.0,3338000.0,2171000.0,70274000.0,70274000.0,18013000.0,18013000.0,2445000.0,-428224000.0,1661000.0,-16000.0,0.0,,-755000.0,,,,,,,,,,0.0,,,385000.0,6936000.0,,0.0,462000.0,,,0.0,,,,,,,,,,,352130000.0,,,1661000.0,,,,,,,,-175000.0,-7690000.0,-16000.0,,,,,,,,,,,,,,,-75139680.0,0.21,29777000.0,-357808000.0,-357808000.0,-428224000.0,18013000.0,231846000.0,-328031000.0,-346044000.0,-19174000.0,19174000.0,,-145555680.0,-428224000.0,340472000.0,-346044000.0,95620706.0,95620706.0,-4.48,-4.48,-428224000.0,-428224000.0,-428224000.0,-428224000.0,-428224000.0,63006000.0,-365218000.0,-357808000.0,,-357808000.0,5678000.0,-19174000.0,19174000.0,,11764000.0,108626000.0,,,,5547000.0,103079000.0,75269000.0,27810000.0,27810000.0,120390000.0,231846000.0,352236000.0,352236000.0,0.0,352130000.0,,,,,,,,,,,,,,,,
RIVN,2024-09-30,2024Q3,,,,,,,,,,,,,,,,,,,72000000.0,,,,,,,,,,,,,,,,,,,,,,,,,,,,,,,,,,,,,,,,,,,,,,,,,,,,,,,,,,,,,,,,,,,,,,,,,,,,,,,,,,,,,,,,,,,,,,,,,,,,,,,,,,,,,,,,,,,,,,,,,,,,,,,,,,,,,0.0,0.0,,,,,,,,,,,,,,,,,,,,,,,,,,,,0.0,0.0,,,,,,,,,,,,,,,,,,,,,,,,,,,,,,-60000000.0,,,-39000000.0,,,,,,,,,,,,,,,,,,,,,,,,,,,,,,,,,,,,,,,,,,,,,,,,,,,,,,,,,,,,,,,,,,,,,,,,,,,,,,,,,,,,,,,,,,,,,,
RIVN,2024-12-31,2024Q4,,,,,,,,,,,,,,,,,,,,,,,,,,,,,,,,,,,,,,,,,,,,,,,,,,,,,,,,,,,,,,,,,,,,,,,,,,,,,,,,,,,,,,,,,,,,,,,,,,,,,,,,,,,,,,,,,,,,,,,,,,,,,,,,,,,,,,,,,,,,,,,,,,,,,,27000000.0,,0.0,0.0,,,,,,,,,,,,,,,,,,,,,,,,,,,,0.0,0.0,,,,,,,,,,,,,,,,,,,,,,,,,,,,,,,,,-14000000.0,,,,27000000.0,27000000.0,,,,,,,,,,,,,,,,,,,,,,,,,,,,,,,,,,,,,,,,,,,,,,,,,,,,,,,,,,,,,,,,,,,,,,,,,,,,,,,,,,,,,,,,,
RIVN,2025-03-31,2025Q1,8000000.0,-1000000.0,1556000000.0,,1130000000.0,1130000000.0,,-2964000000.0,7529000000.0,531000000.0,841000000.0,4606000000.0,0.0,,,,1146000000.0,1146000000.0,,5999000000.0,6222000000.0,10665000000.0,7606000000.0,6222000000.0,6222000000.0,10665000000.0,6230000000.0,6222000000.0,-1000000.0,,,-23850000000.0,30072000000.0,1000000.0,1000000.0,9275000000.0,6487000000.0,1618000000.0,,,4869000000.0,4443000000.0,2788000000.0,,,1658000000.0,945000000.0,713000000.0,713000000.0,15505000000.0,5111000000.0,546000000.0,,,,,,4565000000.0,10394000000.0,215000000.0,412000000.0,412000000.0,,,7178000000.0,4693000000.0,,,426000000.0,,,,,,461000000.0,2589000000.0,,,1460000000.0,,1129000000.0,,3376000000.0,1317000000.0,,0.0,,,,,1090000000.0,2485000000.0,,,,,,,,,,,,,,,,,,,,,,,,,,,,,,,,,,,,,,,,,,-70000000.0,765000000.0,-835000000.0,,,-526000000.0,,,-338000000.0,4693000000.0,5294000000.0,1000000.0,-602000000.0,-6000000.0,-6000000.0,-8000000.0,3000000.0,,,,,-408000000.0,-408000000.0,,,-338000000.0,-188000000.0,-188000000.0,46000000.0,59000000.0,-28000000.0,14000000.0,334000000.0,,,31000000.0,31000000.0,20000000.0,188000000.0,,,,200000000.0,200000000.0,,-541000000.0,-101000000.0,,,,,,,,,,,,,,0.0,,,,,2000000.0,0.0,,-101000000.0,-101000000.0,,,,,,,,,,,,,,-364000000.0,,3000000.0,3000000.0,,,,,,,,,,,,,,,,,,,,,,-4000000.0,0.0,0.0,-267000000.0,,,-545000000.0,200000000.0,889000000.0,-267000000.0,-467000000.0,9000000.0,72000000.0,81000000.0,-545000000.0,-545000000.0,1895000000.0,-655000000.0,1137000000.0,1137000000.0,-0.48,-0.48,-545000000.0,-545000000.0,-545000000.0,-541000000.0,-541000000.0,2000000.0,-539000000.0,107000000.0,107000000.0,,,9000000.0,72000000.0,81000000.0,-655000000.0,861000000.0,55000000.0,55000000.0,,381000000.0,425000000.0,,425000000.0,345000000.0,206000000.0,1034000000.0,1240000000.0,1240000000.0,,,,,,,,,,,80000000.0,,,,,,,
RIVN,2025-06-30,2025Q2,11000000.0,6000000.0,1899000000.0,,1437000000.0,1437000000.0,,-3142000000.0,8056000000.0,559000000.0,1194000000.0,4717000000.0,0.0,,,,1213825000.0,1213825000.0,,6335000000.0,6068000000.0,10504000000.0,7177000000.0,6068000000.0,6068000000.0,10504000000.0,6079000000.0,6068000000.0,6000000.0,,,-24967000000.0,31028000000.0,1000000.0,1000000.0,9518000000.0,6575000000.0,1677000000.0,,,4898000000.0,4436000000.0,2943000000.0,,,1506000000.0,1017000000.0,489000000.0,489000000.0,15597000000.0,5477000000.0,563000000.0,,,,,,4914000000.0,10120000000.0,255000000.0,254000000.0,254000000.0,,,7508000000.0,4812000000.0,,,462000000.0,,,,,,493000000.0,2103000000.0,,,1036000000.0,,1067000000.0,,2358000000.0,2454000000.0,,0.0,,,,,1093000000.0,2696000000.0,,,,,,,,,,,,,,,,,,,,,,,,,,,,,,,,,,,,,,,,,,-244000000.0,863000000.0,-1107000000.0,,,-398000000.0,,,-462000000.0,4812000000.0,4693000000.0,5000000.0,114000000.0,756000000.0,756000000.0,-28000000.0,747000000.0,,,,,-706000000.0,-706000000.0,,,-462000000.0,64000000.0,64000000.0,774000000.0,344000000.0,-10000000.0,24000000.0,-214000000.0,,,158000000.0,158000000.0,20000000.0,189000000.0,,,,196000000.0,196000000.0,,-1115000000.0,0.0,,,,,,,,,,,,,,,,,,,34000000.0,,,0.0,0.0,,,,,,,,,,,,,,472000000.0,,747000000.0,747000000.0,,,,,,,,,,,,,,,,,,,,,,-2000000.0,0.0,0.21,-848000000.0,,,-1117000000.0,196000000.0,1365000000.0,-848000000.0,-1044000000.0,3000000.0,69000000.0,72000000.0,-1117000000.0,-1117000000.0,2417000000.0,-1114000000.0,1155000000.0,1155000000.0,-0.97,-0.97,-1117000000.0,-1117000000.0,-1117000000.0,-1115000000.0,-1115000000.0,2000000.0,-1113000000.0,-2000000.0,-2000000.0,,,3000000.0,69000000.0,72000000.0,-1114000000.0,908000000.0,52000000.0,52000000.0,,410000000.0,446000000.0,,446000000.0,365000000.0,-206000000.0,1509000000.0,1303000000.0,1303000000.0,,,,,,,,,,,81000000.0,,,,,,,
RIVN,2025-09-30,2025Q3,18000000.0,7000000.0,2012000000.0,,1483000000.0,1483000000.0,,-3310000000.0,8699000000.0,598000000.0,1545000000.0,4887000000.0,0.0,,,,1226000000.0,1226000000.0,,6450000000.0,5066000000.0,9504000000.0,5850000000.0,5066000000.0,5066000000.0,9504000000.0,5084000000.0,5066000000.0,7000000.0,,,-26140000000.0,31198000000.0,1000000.0,1000000.0,10133000000.0,6708000000.0,1741000000.0,,,4967000000.0,4438000000.0,3425000000.0,,,1942000000.0,1388000000.0,554000000.0,554000000.0,15217000000.0,5942000000.0,553000000.0,,,,,,5389000000.0,9275000000.0,346000000.0,203000000.0,203000000.0,,,7088000000.0,4441000000.0,,,529000000.0,,,,,,552000000.0,1638000000.0,,,733000000.0,,905000000.0,,2583000000.0,1858000000.0,,0.0,,,,,1117000000.0,2647000000.0,,,,,,,,,,,,,,,,,,,,,,,,,,,,,,,,,,,,,,,,,,54000000.0,683000000.0,-629000000.0,,,-421000000.0,,0.0,-447000000.0,4441000000.0,4812000000.0,-1000000.0,-370000000.0,-3000000.0,-3000000.0,-1000000.0,0.0,,0.0,0.0,0.0,-393000000.0,-393000000.0,,,-447000000.0,26000000.0,26000000.0,877000000.0,92000000.0,0.0,-64000000.0,368000000.0,,,78000000.0,78000000.0,-46000000.0,174000000.0,,,,187000000.0,187000000.0,,-1166000000.0,0.0,0.0,0.0,,,,,,,,,,,,,,,,,-2000000.0,,,0.0,0.0,,,,,,,,,,,,,,403000000.0,,0.0,0.0,,,,,,,,,,,,,,,,,,,,,,-7000000.0,0.0,0.0,-911000000.0,,,-1173000000.0,187000000.0,1534000000.0,-911000000.0,-1098000000.0,7000000.0,69000000.0,76000000.0,-1173000000.0,-1173000000.0,2541000000.0,-983000000.0,1220000000.0,1220000000.0,-0.96,-0.96,-1173000000.0,-1173000000.0,-1173000000.0,-1166000000.0,-1166000000.0,-1000000.0,-1167000000.0,-191000000.0,-191000000.0,,,7000000.0,69000000.0,76000000.0,-983000000.0,1007000000.0,,,,453000000.0,554000000.0,,,,24000000.0,1534000000.0,1558000000.0,1558000000.0,,,,,,,,,,,,,,,,,,
RIVN,2025-12-31,2025Q4,28000000.0,8000000.0,2211000000.0,,1660000000.0,1660000000.0,,-3339000000.0,9029000000.0,634000000.0,1712000000.0,4851000000.0,0.0,,,,1240000000.0,1240000000.0,861000000.0,6651000000.0,4566000000.0,9006000000.0,4899000000.0,4566000000.0,4566000000.0,9006000000.0,4594000000.0,4566000000.0,8000000.0,,,-26951000000.0,31508000000.0,1000000.0,1000000.0,10270000000.0,6577000000.0,1586000000.0,,,4991000000.0,4440000000.0,3693000000.0,,,2033000000.0,1438000000.0,595000000.0,595000000.0,14864000000.0,6272000000.0,582000000.0,,,,,,5690000000.0,8592000000.0,361000000.0,555000000.0,555000000.0,,,6082000000.0,3579000000.0,,,551000000.0,,,,,,571000000.0,1594000000.0,,,797000000.0,,797000000.0,,2209000000.0,1370000000.0,,0.0,,,,,1261000000.0,2503000000.0,,,,,,,,,,,,,,,,,,,,,,,,,,,,,,,,,,,,,,,,,,142000000.0,777000000.0,-635000000.0,,,-1144000000.0,,0.0,-463000000.0,3579000000.0,4441000000.0,1000000.0,-863000000.0,139000000.0,139000000.0,112000000.0,0.0,,0.0,0.0,0.0,-321000000.0,-321000000.0,,,-463000000.0,-681000000.0,-681000000.0,-257000000.0,8000000.0,-15000000.0,35000000.0,83000000.0,,,-379000000.0,-379000000.0,-11000000.0,190000000.0,,,,201000000.0,201000000.0,,-804000000.0,0.0,0.0,0.0,,,,,,,,,,,,,,,,,27000000.0,,,0.0,0.0,,,,,,,,,,,,,,11000000.0,,0.0,0.0,,,,,,,,,,,,,,,,,,,,,,-7000000.0,0.0,0.21,-536000000.0,,,-811000000.0,201000000.0,1166000000.0,-536000000.0,-737000000.0,0.0,64000000.0,64000000.0,-811000000.0,-811000000.0,2119000000.0,-833000000.0,1233000000.0,1233000000.0,-0.66,-0.66,-811000000.0,-811000000.0,-811000000.0,-804000000.0,-804000000.0,3000000.0,-801000000.0,32000000.0,117000000.0,,,0.0,64000000.0,64000000.0,-833000000.0,953000000.0,,,,424000000.0,308000000.0,,,,120000000.0,1166000000.0,1286000000.0,1286000000.0,,,,,,,,,,,,,,,,,,
RIVN,2026-03-31,2026Q1,26000000.0,2000000.0,2134000000.0,,1554000000.0,1554000000.0,,-3515000000.0,9550000000.0,657000000.0,1605000000.0,5025000000.0,0.0,,,,1260000000.0,1260000000.0,1597000000.0,6576000000.0,4403000000.0,8845000000.0,3692000000.0,4403000000.0,4403000000.0,8845000000.0,4429000000.0,4403000000.0,2000000.0,,,-27367000000.0,31767000000.0,1000000.0,1000000.0,9804000000.0,6451000000.0,1429000000.0,,,5022000000.0,4442000000.0,3353000000.0,,,1799000000.0,1045000000.0,754000000.0,754000000.0,14233000000.0,7188000000.0,484000000.0,,,,,,6035000000.0,7045000000.0,330000000.0,342000000.0,342000000.0,,,4830000000.0,2845000000.0,,,580000000.0,,,,,,601000000.0,1543000000.0,,,689000000.0,,854000000.0,,1530000000.0,1315000000.0,,0.0,,669000000.0,,,1662000000.0,1985000000.0,,,,,,,,,,,,,,,,,,,,,,,,,,,,,,,,,,,,,,,,,,461000000.0,1019000000.0,-558000000.0,,,-1075000000.0,,,-372000000.0,2845000000.0,3579000000.0,-4000000.0,-730000000.0,-2000000.0,-2000000.0,-3000000.0,,,,,,-25000000.0,-25000000.0,,,-372000000.0,-703000000.0,-703000000.0,-256000000.0,-290000000.0,-4000000.0,89000000.0,-182000000.0,,,211000000.0,211000000.0,74000000.0,207000000.0,,,,194000000.0,194000000.0,,-416000000.0,-506000000.0,,,,,,,,,,,,,,-114000000.0,,,,,1000000.0,-114000000.0,,-506000000.0,,,,,,,,,,,,,,,-80000000.0,,,,,,,,,,,,,,,,,,,,,,,,,0.0,0.0,0.004785,-159000000.0,,,-416000000.0,194000000.0,1125000000.0,-159000000.0,-353000000.0,-15000000.0,65000000.0,50000000.0,-416000000.0,-416000000.0,2262000000.0,-881000000.0,1249000000.0,1249000000.0,-0.33,-0.33,-416000000.0,-416000000.0,-416000000.0,-416000000.0,-416000000.0,-2000000.0,-418000000.0,478000000.0,478000000.0,,,-15000000.0,65000000.0,50000000.0,-881000000.0,1000000000.0,57000000.0,57000000.0,,458000000.0,485000000.0,,485000000.0,392000000.0,119000000.0,1262000000.0,1381000000.0,1381000000.0,,,,,,,,,,,93000000.0,,,,,,,
ERIC,2024-12-31,2024Q4,,10515000000.0,,,,,,-51629000000.0,,16658000000.0,780000000.0,4820000000.0,0.0,,2706000000.0,,,,,,,,,,,,,,10515000000.0,,,42295000000.0,24731000000.0,16743000000.0,16743000000.0,,,,,,,,,,,,31750000000.0,,,,,,,,,,,,,,,,,,,,,,,,,,,,,,,,11701000000.0,8476000000.0,6948000000.0,,,,,,,,,8085000000.0,,,,,,,,,,,,,,1179000000.0,185000000.0,,,,,,,,373000000.0,,,,,,,,,,,,,,,,,,,,,,,,,,,,,,,,,,,,,,,,,,,,,,,,,,,,,,,,,,,,,,,,,,,,,,,,,,,,,,,,,,,,,,,,,,,,,,,,,,,,,,,,,,,,,,,,,,,,,,,,,,,,,,,,,,,,,,,,,,,,,,,,,,,,,,,,,,,,,,,,,,,,,,,,,,,,,,,,,,,,,,,,,,,,,,,,,,,,
ERIC,2025-03-31,2025Q1,-1181000000.0,,6892000000.0,41655000000.0,7519000000.0,1922000000.0,,,15808000000.0,,,,,,,15579561.0,3332672174.0,3348251735.0,,42418000000.0,23157000000.0,121565000000.0,11894000000.0,23157000000.0,86039000000.0,115968000000.0,84858000000.0,86039000000.0,,,,,,,,193120000000.0,61523000000.0,888000000.0,1365000000.0,1365000000.0,34899000000.0,29929000000.0,131597000000.0,46757000000.0,46757000000.0,29114000000.0,,29114000000.0,26450000000.0,277978000000.0,134487000000.0,,22537000000.0,22537000000.0,62882000000.0,11371000000.0,51511000000.0,15808000000.0,143491000000.0,,63709000000.0,41428000000.0,,,52133000000.0,44590000000.0,,,4970000000.0,5597000000.0,,2664000000.0,31966000000.0,31966000000.0,15808000000.0,27649000000.0,,,,,,17155000000.0,,,,,,33260000000.0,,,,7543000000.0,,,21830000000.0,2541000000.0,5597000000.0,,,,,,1294000000.0,,,,,5126000000.0,,,,,,,6552000000.0,21830000000.0,,,,,,,,,,,,,,,,,,-816000000.0,5704000000.0,-6520000000.0,1165000000.0,1165000000.0,3322000000.0,,-672000000.0,-1036000000.0,44590000000.0,43885000000.0,-4226000000.0,4931000000.0,-732000000.0,-732000000.0,-60000000.0,,,-672000000.0,-672000000.0,-672000000.0,1305000000.0,1305000000.0,-690000000.0,39000000.0,-307000000.0,4358000000.0,4358000000.0,-2837000000.0,-549000000.0,,1864000000.0,-1572000000.0,-1572000000.0,-1572000000.0,-312000000.0,-312000000.0,115000000.0,,,1754000000.0,1754000000.0,2750000000.0,2750000000.0,1585000000.0,4217000000.0,2000000.0,0.0,0.0,0.0,-729000000.0,,,,,,,,,,-4000000.0,,,,,,,,,2000000.0,3122000000.0,,,-1548000000.0,676000000.0,-771000000.0,,,,,,,,-2268000000.0,,,,,,,,,,,,,,,,,,,,,,,,,-68000000.0,40320983.43862,0.280007,9268000000.0,144000000.0,144000000.0,4149000000.0,2750000000.0,28488000000.0,9412000000.0,6662000000.0,-186000000.0,805000000.0,619000000.0,4045320983.43862,4149000000.0,49133000000.0,,3340000000.0,3333000000.0,1.24,1.25,4149000000.0,4149000000.0,4149000000.0,4217000000.0,4217000000.0,1640000000.0,5857000000.0,151000000.0,,32000000.0,,-186000000.0,805000000.0,619000000.0,5892000000.0,20645000000.0,,,,12032000000.0,8621000000.0,,,,26537000000.0,28488000000.0,55025000000.0,55025000000.0,,,,-32000000.0,,-8000000.0,112000000.0,7000000.0,,,,,,,,,,
ERIC,2025-06-30,2025Q2,-1049000000.0,,6528000000.0,32521000000.0,9152000000.0,1867000000.0,,,15126000000.0,,,,,,,38065074.0,3333286661.0,3371351735.0,3609000000.0,43757000000.0,26922000000.0,123977000000.0,10735000000.0,26922000000.0,86748000000.0,116692000000.0,85699000000.0,86748000000.0,,,,,,,,184856000000.0,64113000000.0,870000000.0,1390000000.0,1390000000.0,34605000000.0,29944000000.0,120743000000.0,44370000000.0,44370000000.0,28413000000.0,,28413000000.0,24804000000.0,270555000000.0,139077000000.0,,22816000000.0,22816000000.0,59826000000.0,10383000000.0,49443000000.0,15126000000.0,131478000000.0,,62121000000.0,39107000000.0,,,42289000000.0,33620000000.0,,,4661000000.0,7285000000.0,,3609000000.0,39979000000.0,39979000000.0,15126000000.0,27068000000.0,,,,,,17995000000.0,,,,,,41309000000.0,,,,8669000000.0,,,24883000000.0,2365000000.0,7285000000.0,,,,,,1330000000.0,,,,,5019000000.0,,,,,,,6287000000.0,24883000000.0,,,,,,,,,,,,,,,,,,-9727000000.0,2568000000.0,-12295000000.0,824000000.0,824000000.0,3396000000.0,,-986000000.0,-754000000.0,33620000000.0,44590000000.0,-787000000.0,-10183000000.0,-3471000000.0,-3471000000.0,2127000000.0,,,-788000000.0,-788000000.0,-986000000.0,-10862000000.0,-10862000000.0,-521000000.0,40000000.0,-193000000.0,4150000000.0,4150000000.0,-2661000000.0,-2814000000.0,,391000000.0,-636000000.0,-636000000.0,-636000000.0,188000000.0,188000000.0,-410000000.0,,,1949000000.0,1949000000.0,2177000000.0,2177000000.0,1353000000.0,4626000000.0,-22000000.0,198000000.0,198000000.0,-4810000000.0,-561000000.0,,,,,,,,,,141000000.0,,,,,,,,,-22000000.0,-562000000.0,,,-1268000000.0,458000000.0,-699000000.0,,,,,,,,210000000.0,,,,,,,,,,,,,,,,,,,,,,,,,-59000000.0,103600000.0,0.28,9159000000.0,370000000.0,370000000.0,4567000000.0,2177000000.0,29483000000.0,9529000000.0,7352000000.0,-348000000.0,927000000.0,579000000.0,4300600000.0,4567000000.0,49762000000.0,,3343000000.0,3333000000.0,1.37,1.37,4567000000.0,4567000000.0,4567000000.0,4626000000.0,4626000000.0,1799000000.0,6425000000.0,403000000.0,,-12000000.0,46000000.0,-348000000.0,927000000.0,579000000.0,6370000000.0,20279000000.0,,,,12212000000.0,8134000000.0,,,,26649000000.0,29483000000.0,56132000000.0,56132000000.0,,,,-34000000.0,,-67000000.0,382000000.0,33000000.0,,,,,,,,,,
ERIC,2025-09-30,2025Q3,-164000000.0,,7390000000.0,34605000000.0,8489000000.0,1809000000.0,,,15456000000.0,,,,,,,38065074.0,3333286661.0,3371351735.0,,43942000000.0,44840000000.0,139210000000.0,20638000000.0,44840000000.0,102658000000.0,132530000000.0,102494000000.0,102658000000.0,,,,,,,,179982000000.0,59480000000.0,899000000.0,1349000000.0,1349000000.0,35453000000.0,29872000000.0,120502000000.0,40642000000.0,40642000000.0,31421000000.0,,31421000000.0,25352000000.0,282476000000.0,141336000000.0,,21573000000.0,21573000000.0,57818000000.0,9822000000.0,47996000000.0,15456000000.0,141140000000.0,,61291000000.0,38136000000.0,,,52330000000.0,42695000000.0,,,5581000000.0,6680000000.0,,6069000000.0,44692000000.0,44692000000.0,15456000000.0,27519000000.0,,,,,,17983000000.0,,,,,,46489000000.0,,,,9635000000.0,,,19301000000.0,2478000000.0,6680000000.0,,,,,,1797000000.0,1797000000.0,,,,5172000000.0,,,,,,,5345000000.0,19301000000.0,,,,,,,,,,,,,,,,,,-6084000000.0,3549000000.0,-9633000000.0,814000000.0,814000000.0,7162000000.0,,-533000000.0,-777000000.0,42695000000.0,33620000000.0,-841000000.0,9916000000.0,-1177000000.0,-1177000000.0,-643000000.0,,,-533000000.0,-533000000.0,-533000000.0,3154000000.0,3154000000.0,-434000000.0,57000000.0,-286000000.0,7939000000.0,7939000000.0,-482000000.0,-387000000.0,,372000000.0,1102000000.0,1102000000.0,1102000000.0,-889000000.0,-889000000.0,-7549000000.0,,,3647000000.0,3647000000.0,2129000000.0,2129000000.0,1315000000.0,11300000000.0,50000000.0,0.0,0.0,-1000000.0,-491000000.0,,,,,,,,,,10064000000.0,,,,,,,,,50000000.0,-106000000.0,,,-1261000000.0,433000000.0,-328000000.0,,,,,,,,-680000000.0,,,,,,,,,,,,,,,,,,,,,,,,,-151000000.0,-22653925.965593,0.243591,17896000000.0,-93000000.0,-93000000.0,11149000000.0,2129000000.0,29462000000.0,17803000000.0,15674000000.0,-73000000.0,735000000.0,662000000.0,11219346074.034409,11149000000.0,41170000000.0,,3342000000.0,3333000000.0,3.33,3.34,11149000000.0,11149000000.0,11149000000.0,11300000000.0,11300000000.0,3639000000.0,14939000000.0,-57000000.0,,46000000.0,,-73000000.0,735000000.0,662000000.0,15069000000.0,11708000000.0,,,,11510000000.0,7913000000.0,,,,26777000000.0,29462000000.0,56239000000.0,56239000000.0,,,,-46000000.0,,-7715000000.0,-139000000.0,36000000.0,,,,,,,,,,
ERIC,2025-12-31,2025Q4,729000000.0,2839000000.0,7561000000.0,5336000000.0,5327000000.0,1789000000.0,,-47576000000.0,63103000000.0,16447000000.0,741000000.0,4174000000.0,0.0,,2436000000.0,38002276.0,3333349459.0,3371351735.0,,40264000000.0,53156000000.0,142238000000.0,32617000000.0,53156000000.0,109535000000.0,138700000000.0,110264000000.0,109535000000.0,2839000000.0,,,65106000000.0,24731000000.0,16859000000.0,16859000000.0,168959000000.0,58022000000.0,1292000000.0,152000000.0,152000000.0,34937000000.0,29165000000.0,110937000000.0,36867000000.0,36867000000.0,57716000000.0,28702000000.0,29014000000.0,26335000000.0,279223000000.0,135669000000.0,,16851000000.0,16851000000.0,56379000000.0,9497000000.0,46882000000.0,15527000000.0,143554000000.0,,57241000000.0,40327000000.0,,,57493000000.0,43926000000.0,,,5772000000.0,3538000000.0,,2679000000.0,45405000000.0,45405000000.0,34192000000.0,23451000000.0,,,10111000000.0,7737000000.0,5603000000.0,9849000000.0,,,,,,46912000000.0,,7549000000.0,,13567000000.0,,,18648000000.0,2993000000.0,3538000000.0,,,,,,1507000000.0,1507000000.0,2933000000.0,,,7065000000.0,,,,,333000000.0,,5691000000.0,18648000000.0,,,,,,,,,,,,,,,,,,-5443000000.0,4867000000.0,-10310000000.0,808000000.0,808000000.0,15306000000.0,,-3462000000.0,-1201000000.0,43926000000.0,42695000000.0,-1399000000.0,2630000000.0,-8843000000.0,-8843000000.0,-847000000.0,,,-3262000000.0,-3262000000.0,-3462000000.0,-5034000000.0,-5034000000.0,-793000000.0,56000000.0,-352000000.0,16507000000.0,16507000000.0,6358000000.0,4005000000.0,,406000000.0,1568000000.0,1568000000.0,1568000000.0,-3288000000.0,-3288000000.0,7201000000.0,,,2724000000.0,2724000000.0,1853000000.0,1853000000.0,1045000000.0,8571000000.0,-7985000000.0,200000000.0,200000000.0,-4734000000.0,-849000000.0,,,,,,,,,,338000000.0,,,,,,,,,-49000000.0,1216000000.0,,,-2932000000.0,716000000.0,-407000000.0,,,,,,,,3667000000.0,,,,,,,,,,,,,,,,,,,,,,,,,-8000000.0,1833856150.166952,0.226514,5090000000.0,8096000000.0,8096000000.0,8563000000.0,1853000000.0,36580000000.0,13186000000.0,11333000000.0,-101000000.0,252000000.0,462000000.0,2300856150.166952,8563000000.0,66177000000.0,,3342000000.0,3333000000.0,2.57,2.57,8563000000.0,8563000000.0,8563000000.0,8571000000.0,8571000000.0,2510000000.0,11081000000.0,8074000000.0,,189000000.0,,-101000000.0,252000000.0,462000000.0,3108000000.0,29597000000.0,,,,13098000000.0,8971000000.0,,,,32705000000.0,36580000000.0,69285000000.0,69285000000.0,,,,-127000000.0,,7528000000.0,7907000000.0,-22000000.0,,,,,,,,,,
ERIC,2026-03-31,2026Q1,692000000.0,,7884000000.0,40327000000.0,11642000000.0,1777000000.0,,,15820000000.0,,,,,,,38002276.0,3333349459.0,3371351735.0,,39290000000.0,44526000000.0,133846000000.0,16372000000.0,44526000000.0,102440000000.0,123981000000.0,103133000000.0,102440000000.0,,,,,,,,187260000000.0,52197000000.0,1328000000.0,175000000.0,175000000.0,27648000000.0,21541000000.0,135063000000.0,46008000000.0,46008000000.0,30105000000.0,,30105000000.0,26719000000.0,290393000000.0,138958000000.0,1000000.0,18707000000.0,18707000000.0,57914000000.0,9287000000.0,48627000000.0,15820000000.0,151435000000.0,,61031000000.0,39345000000.0,,,64672000000.0,52315000000.0,,,6107000000.0,9865000000.0,,3386000000.0,45101000000.0,45101000000.0,15820000000.0,25732000000.0,,,,,,16679000000.0,,,,,,46516000000.0,,,,12357000000.0,,,18224000000.0,4822000000.0,9865000000.0,,,,,,1415000000.0,1415000000.0,,,,5007000000.0,,,,,,,6981000000.0,18224000000.0,,,,,,,,,,,,,,,,,,2321000000.0,8714000000.0,-6393000000.0,780000000.0,780000000.0,6405000000.0,,-459000000.0,-998000000.0,52315000000.0,43926000000.0,1403000000.0,6986000000.0,-2278000000.0,-2278000000.0,-1819000000.0,,,-459000000.0,-459000000.0,-459000000.0,1860000000.0,1860000000.0,-610000000.0,10000000.0,-378000000.0,7403000000.0,7403000000.0,5600000000.0,7140000000.0,,-622000000.0,-471000000.0,-471000000.0,-471000000.0,1283000000.0,1283000000.0,-547000000.0,,,353000000.0,353000000.0,1986000000.0,1986000000.0,1206000000.0,887000000.0,169000000.0,0.0,0.0,0.0,-620000000.0,,,,,,,,,,-72000000.0,,,,,,,,,169000000.0,599000000.0,,,-1042000000.0,531000000.0,-534000000.0,,,,,,,,-1730000000.0,,,,,,,,,,,,,,,,,,,,,,,,,0.0,-98600000.0,0.29,4170000000.0,-340000000.0,-340000000.0,888000000.0,1986000000.0,26033000000.0,3830000000.0,1844000000.0,-9000000.0,594000000.0,585000000.0,1129400000.0,888000000.0,47633000000.0,,3343000000.0,3333000000.0,0.27,0.27,888000000.0,888000000.0,888000000.0,887000000.0,888000000.0,362000000.0,1250000000.0,-439000000.0,,-156000000.0,,-9000000.0,594000000.0,585000000.0,1699000000.0,21600000000.0,,,,13489000000.0,8135000000.0,,,,23299000000.0,26033000000.0,49332000000.0,49332000000.0,,,,156000000.0,,-24000000.0,-184000000.0,-99000000.0,,,,,,,,,,
CLBT,2024-09-30,2024Q3,,,,,,,,,,,,,,,,,,,,,,,,,,,,,,,,,,,,,,,,,,,,,,,,,,,,,,,,,,,,,,,,,,,,,,,,,,,,,,,,,,,,,,,,,,,,,,0.0,,,,,,,,,,,,,,,,,,,,,,,,,,,,,,,,,,,,,,,,,,,794000.0,794000.0,,,,,,,,,,,-11000.0,,,,,,,,,,,,,,,,,,,,,,,,,,,,,1828000.0,,71271000.0,,,,,,,,,,,,,,-2748000.0,,,,1348000.0,,-2748000.0,,71271000.0,,,,,,,,,,,,,,,,,,,,,,,,,,,,,,,,,,,,,,,,,,,,,,,,,,,,,,,,,,,,,,,,,,,,,,,,,,,,,,,,,,,,,,,,,,,,,,,,,,,,,,,,,,,
CLBT,2024-12-31,2024Q4,,2086000.0,10969000.0,,4125000.0,4125000.0,,-40036000.0,67635000.0,8043000.0,,48403000.0,0.0,5827000.0,10894000.0,41776.0,234524697.0,234566473.0,,10969000.0,296000000.0,336020000.0,272091000.0,296000000.0,336020000.0,336020000.0,336020000.0,336020000.0,2086000.0,,85000.0,-164864000.0,498883000.0,0.0,0.0,354547000.0,59045000.0,6954000.0,45247000.0,,6844000.0,,295502000.0,217636000.0,217636000.0,73741000.0,56585000.0,17156000.0,11077000.0,690567000.0,122974000.0,7682000.0,11072000.0,11072000.0,40020000.0,11306000.0,28714000.0,27599000.0,567593000.0,11799000.0,82358000.0,82358000.0,-594000.0,82952000.0,447223000.0,191659000.0,,45247000.0,6844000.0,,5323000.0,756000.0,36601000.0,36601000.0,11189000.0,8939000.0,,,3005000.0,,5934000.0,,,,,,,36601000.0,,,,255564000.0,,0.0,,,,756000.0,,,,,,,553000.0,,,,,,,,,,,,,,,,,,,,,,,,,,,,,-11632000.0,42447000.0,-54079000.0,,,61650000.0,,,-4317000.0,191659000.0,136349000.0,-1438000.0,56748000.0,6730000.0,6730000.0,0.0,,,,,,-15949000.0,-15949000.0,-3178000.0,,,65967000.0,65967000.0,40215000.0,17255000.0,-2206000.0,1403000.0,15639000.0,15639000.0,3917000.0,10263000.0,10263000.0,-2836000.0,9269000.0,,-1813000.0,-1813000.0,2729000.0,2729000.0,,19269000.0,0.0,,,,-3178000.0,,,,,,,,,,0.0,,,,3801000.0,6730000.0,0.0,-2885000.0,0.0,,,-1139000.0,-1139000.0,,,,,,,,,,,746000.0,,,,,,,,,-866000.0,,,,,,,,,,,,,,,,,0.0,0.031563,-314405000.0,,,19269000.0,2729000.0,17624000.0,-314405000.0,-317134000.0,5519000.0,,,19269000.0,19269000.0,93322000.0,15727000.0,247353640.0,233248045.0,0.08,0.08,19269000.0,19269000.0,19269000.0,19269000.0,19269000.0,628000.0,19897000.0,,,,,5519000.0,,,15727000.0,75698000.0,,,,25599000.0,50099000.0,35524000.0,14575000.0,14575000.0,91425000.0,17624000.0,109049000.0,109049000.0,,,,,12671000.0,,,,,,,,,,,,,
CLBT,2025-03-31,2025Q1,,890000.0,10603000.0,,4210000.0,4210000.0,,,28027000.0,,,,,6260000.0,,41776.0,239470062.0,239511838.0,,10603000.0,323858000.0,363494000.0,235684000.0,323858000.0,363494000.0,363494000.0,363494000.0,363494000.0,890000.0,,85000.0,-147464000.0,510153000.0,0.0,0.0,346398000.0,58600000.0,6566000.0,45641000.0,,6393000.0,,287798000.0,219442000.0,219442000.0,64146000.0,,64146000.0,10214000.0,709892000.0,186410000.0,6897000.0,11545000.0,11545000.0,39636000.0,10922000.0,28714000.0,28027000.0,523482000.0,17625000.0,81142000.0,81142000.0,-661000.0,81803000.0,409486000.0,90475000.0,,45641000.0,6393000.0,,53932000.0,,100305000.0,100305000.0,28027000.0,8969000.0,,,,,,,,,,,,100305000.0,,,,319011000.0,,,,,,,,,,,,,,,,,,,,,,,,,,,,,,,,,,,,,,,,,,-124165000.0,89791000.0,-213956000.0,926000.0,926000.0,18539000.0,,,-2339000.0,90475000.0,191659000.0,822000.0,-102006000.0,3620000.0,3620000.0,,,,,,,-126504000.0,-126504000.0,-2339000.0,,,20878000.0,20878000.0,-4641000.0,992000.0,-1567000.0,1941000.0,-13198000.0,-13198000.0,-1046000.0,1721000.0,1721000.0,-2380000.0,8777000.0,,-386000.0,-386000.0,2631000.0,2631000.0,1705000.0,17400000.0,,,,,-2339000.0,,,,,,,,,,,,,,806000.0,3620000.0,,5480000.0,,,,0.0,0.0,,,,,,,,,,,-10000.0,,,,,,,,,-523000.0,,,,,,,,,,,,,,,,,0.0,0.099752,14899000.0,,,17400000.0,2631000.0,17490000.0,14899000.0,12268000.0,7060000.0,,,17400000.0,17400000.0,95281000.0,12268000.0,249302220.0,237246654.0,0.07,0.07,17400000.0,17400000.0,17400000.0,17400000.0,17400000.0,1928000.0,19328000.0,,,,,7060000.0,,,12268000.0,77791000.0,,,,27277000.0,50514000.0,38768000.0,11746000.0,11746000.0,90059000.0,17490000.0,107549000.0,107549000.0,,,,,-7060000.0,,,,,,,,,,,,,
CLBT,2025-06-30,2025Q2,,2639000.0,22331000.0,,4236000.0,4236000.0,,,37426000.0,,,,,7772000.0,,41776.0,244469106.0,244510882.0,,22331000.0,369457000.0,408413000.0,296140000.0,369457000.0,408413000.0,408413000.0,408413000.0,408413000.0,2639000.0,,85000.0,-127988000.0,533847000.0,0.0,0.0,379012000.0,69043000.0,6852000.0,44096000.0,,18095000.0,,309969000.0,227177000.0,227177000.0,78556000.0,,78556000.0,10587000.0,787425000.0,181316000.0,6687000.0,12586000.0,12586000.0,38956000.0,10242000.0,28714000.0,37426000.0,606109000.0,23489000.0,93127000.0,93127000.0,-574000.0,93701000.0,472184000.0,179223000.0,,44096000.0,18095000.0,,67969000.0,,85661000.0,85661000.0,37426000.0,9537000.0,,,,,,,,,,,,85661000.0,,,,292961000.0,,,,,,,,,,,,,,,,,,,,,,,,,,,,,,,,,,,,,,,,,,44185000.0,97375000.0,-53190000.0,1661000.0,1661000.0,28975000.0,,,-3608000.0,179223000.0,90475000.0,1762000.0,86986000.0,13826000.0,13826000.0,,,,,,,40577000.0,40577000.0,-3608000.0,,,32583000.0,32583000.0,6597000.0,2310000.0,-246000.0,1280000.0,17456000.0,17456000.0,-166000.0,-10931000.0,-10931000.0,-2303000.0,8810000.0,,-1387000.0,-1387000.0,2592000.0,2592000.0,931000.0,19476000.0,,,,,-3608000.0,,,,,,,,,,,,,,,13826000.0,,-2748000.0,,,,0.0,0.0,,,,,,,,,,,-524000.0,,,,,,,,,-1202000.0,,,,,,,,,,,,,,,,,0.0,0.063249,30523000.0,,,19476000.0,2592000.0,17677000.0,30523000.0,27931000.0,5107000.0,,,19476000.0,19476000.0,98859000.0,14417000.0,248980462.0,240358573.0,0.08,0.08,19248000.0,19248000.0,19476000.0,19476000.0,19476000.0,1315000.0,20791000.0,,,,,5107000.0,,,14417000.0,81182000.0,,,,28611000.0,52571000.0,38685000.0,13886000.0,13886000.0,95599000.0,17677000.0,113276000.0,113276000.0,,,,,6009000.0,,,,,,,,,,,,,
CLBT,2025-09-30,2025Q3,,2459000.0,21439000.0,,3618000.0,3618000.0,,,38800000.0,,,,,9034000.0,,41776.0,244469106.0,244510882.0,,21439000.0,409164000.0,447685000.0,351485000.0,409164000.0,447685000.0,447685000.0,447685000.0,447685000.0,2459000.0,,85000.0,-107800000.0,553111000.0,0.0,0.0,386634000.0,69717000.0,7510000.0,44386000.0,,17821000.0,,316917000.0,239677000.0,239677000.0,73622000.0,,73622000.0,11136000.0,834319000.0,165917000.0,6289000.0,12727000.0,12727000.0,38521000.0,9807000.0,28714000.0,38800000.0,668402000.0,20812000.0,104196000.0,104196000.0,-533000.0,104729000.0,525712000.0,281361000.0,,44386000.0,17821000.0,,62486000.0,,69580000.0,69580000.0,38800000.0,8648000.0,,,,,,,,,,,,69580000.0,,,,244351000.0,,,,,,,,,,,,,,,,,,,,,,,,,,,,,,,,,,,,,,,,,,67110000.0,94167000.0,-27057000.0,934000.0,934000.0,29950000.0,,,-3322000.0,281361000.0,179223000.0,-189000.0,102327000.0,5267000.0,5267000.0,,,,,,,63788000.0,63788000.0,-3322000.0,,,33272000.0,33272000.0,-2655000.0,13310000.0,-234000.0,1595000.0,-7319000.0,-7319000.0,713000.0,-11225000.0,-11225000.0,-1734000.0,15308000.0,,-51000.0,-51000.0,2703000.0,2703000.0,1769000.0,20189000.0,,,,,-3322000.0,,,,,,,,,,0.0,,,,4686000.0,5267000.0,0.0,336000.0,,,,0.0,0.0,,,,,,,,,,,882000.0,,,,,,,,,-488000.0,,,,,,,,,,,,,,,,,0.0,0.168766,21693000.0,,,20189000.0,2703000.0,20314000.0,21693000.0,18990000.0,5298000.0,,,20189000.0,20189000.0,107039000.0,18990000.0,249719713.0,243508803.0,0.08,0.08,20189000.0,20189000.0,20189000.0,20189000.0,20189000.0,4099000.0,24288000.0,,,,,5298000.0,,,18990000.0,86725000.0,,,,28124000.0,58601000.0,38800000.0,19801000.0,19801000.0,105715000.0,20314000.0,126029000.0,126029000.0,,,,,-5298000.0,,,,,,,,,,,,,
CLBT,2025-12-31,2025Q4,,2220000.0,22670000.0,,3996000.0,3996000.0,,-44754000.0,83271000.0,11034000.0,,55288000.0,0.0,6595000.0,13148000.0,41776.0,248581042.0,248622818.0,,22670000.0,283290000.0,484318000.0,206193000.0,283290000.0,484318000.0,484318000.0,484318000.0,484318000.0,2220000.0,,85000.0,-86538000.0,568721000.0,0.0,0.0,454534000.0,84877000.0,16677000.0,49526000.0,,18674000.0,,369657000.0,278241000.0,278241000.0,87420000.0,57838000.0,29582000.0,16834000.0,938852000.0,363002000.0,14618000.0,10880000.0,10880000.0,201028000.0,81469000.0,119559000.0,38517000.0,575850000.0,4457000.0,104972000.0,104972000.0,-506000.0,105478000.0,437050000.0,124457000.0,,49526000.0,18674000.0,,6588000.0,6160000.0,97959000.0,97959000.0,16949000.0,7603000.0,,,3736000.0,,3867000.0,,,,,,,97959000.0,,,,312593000.0,,,,,,6160000.0,,,,,,,2025000.0,,,,,,,,,,,,,,,,,,,,,,,,,,,,,-94699000.0,119329000.0,-214028000.0,2108000.0,2108000.0,82855000.0,,,-3956000.0,124457000.0,281361000.0,56000.0,-156960000.0,2340000.0,2340000.0,,,,,,,-246111000.0,-246111000.0,-3956000.0,,,86811000.0,86811000.0,47304000.0,33156000.0,579000.0,-7167000.0,12252000.0,12252000.0,5442000.0,4654000.0,4654000.0,-1747000.0,11997000.0,,1899000.0,1899000.0,3941000.0,3941000.0,1833000.0,21261000.0,,,,,-3956000.0,,,,,,,,,,-147456000.0,,,,,2340000.0,-147456000.0,2546000.0,,,,0.0,0.0,,,,,,,,,,,1284000.0,,,,,,,,,-158000.0,,,,,,,,,,,,,,,,,0.0,0.190705,49467000.0,,,21261000.0,3941000.0,19691000.0,49467000.0,45526000.0,4729000.0,,,21261000.0,21261000.0,108016000.0,20805000.0,251501118.0,245282244.0,0.08,0.09,20748000.0,20748000.0,21261000.0,21261000.0,21261000.0,5010000.0,26271000.0,,,,,4729000.0,,,20805000.0,88325000.0,,,,29865000.0,58460000.0,38561000.0,19899000.0,19899000.0,109130000.0,19691000.0,128821000.0,128821000.0,,,,,18691000.0,,,,,,,,,,,,,
GLOO,2024-10-31,2024Q4,,,,,,,,,,,,,,,,,,,,,,,,,,,,,,,,,,,,,,,,,,,,,,,,,,,,,,,,,,,,,,,,,,,,,,,,,,,,,,,,,,,,,,,,,,,,,,,,,,,,,,,,,,,,,,,,,,,,,,,,,,,,,,,,,,,,,,,,,,,-11669000.0,,-85000.0,-1924000.0,19976000.0,30200000.0,0.0,-10224000.0,1586000.0,1586000.0,-9000.0,,,1595000.0,1595000.0,-85000.0,-2065000.0,-2065000.0,58000.0,,-1982000.0,-9745000.0,-9745000.0,-116000.0,579000.0,-1288000.0,-74000.0,1070000.0,78000.0,78000.0,-262000.0,-262000.0,1072000.0,595000.0,15000.0,-148000.0,-148000.0,1949000.0,1949000.0,,-13626000.0,-24000.0,1680000.0,1680000.0,,58000.0,,,,,,,,,,-141000.0,,,1602000.0,0.0,0.0,-141000.0,-141000.0,,163000.0,,,,,,,,,538000.0,-187000.0,,,992000.0,,,0.0,,,,,,,,,,,,,,,,0.0,0.0,,,,,,0.0,5850.404115,0.010874,-10420000.0,538000.0,538000.0,-13626000.0,1949000.0,4938000.0,-9882000.0,-11831000.0,-1779000.0,1779000.0,,-14158149.595885,-13626000.0,18835000.0,-12712000.0,63830490.0,63830490.0,-0.213472,-0.213472,-13626000.0,-13626000.0,-13626000.0,-13626000.0,-13626000.0,-148000.0,-13610000.0,881000.0,343000.0,0.0,,-1779000.0,1779000.0,,-12712000.0,13897000.0,1949000.0,1949000.0,,3852000.0,8096000.0,5317000.0,2779000.0,2779000.0,1185000.0,4938000.0,6123000.0,6123000.0,,,,,,,538000.0,,,,,,,,,,,-164000.0
GLOO,2025-01-31,2025Q1,,,,,,,,,,,,,,,,,78661186.0,78661186.0,,,,,,,,,,,0.0,,0.0,,,,,,,4733000.0,,,,,,,,,,,,,,,,,,,,,,,,,,,,,,,,,,,,,,,,,,,,,,,,0.0,,,,,,,,9625000.0,,,,,,,,,,,,,,,,,,,,,,,,,,,,,,,,,,,,,,,,,,,,,-18740000.0,,-40000.0,-5844000.0,13844000.0,19976000.0,,-6132000.0,15449000.0,15449000.0,0.0,,,14960000.0,14960000.0,-40000.0,-8685000.0,-8685000.0,-159000.0,,-5685000.0,-12896000.0,-12910000.0,2283000.0,318000.0,1264000.0,24000.0,1194000.0,440000.0,440000.0,506000.0,506000.0,1240000.0,346000.0,19000.0,-236000.0,-236000.0,2140000.0,2140000.0,,-44782000.0,126000.0,15000000.0,15000000.0,,-159000.0,,,,,,,,,,-2841000.0,,,1476000.0,0.0,489000.0,-2841000.0,-1023000.0,,144000.0,,,,,,,,,-2059000.0,,,,754000.0,,,0.0,,,,,,,,,,,,,,,,0.0,0.0,,,,,,678000.0,-2110044.623538,0.045439,-14737000.0,-46437000.0,-46437000.0,-60345000.0,2140000.0,14102000.0,-61174000.0,-63893000.0,115000.0,-115000.0,,-16018044.623538,-60345000.0,34055000.0,-45318000.0,,,,,-60345000.0,-60345000.0,-60345000.0,-61023000.0,-61023000.0,-2898000.0,-63778000.0,-46328000.0,109000.0,-35226000.0,,115000.0,-115000.0,,-17565000.0,20532000.0,2719000.0,2719000.0,,3594000.0,14219000.0,6902000.0,7317000.0,7317000.0,2967000.0,13523000.0,16490000.0,16490000.0,,,,,,,-11211000.0,,,,,,,,,,,-143000.0
GLOO,2025-07-31,2025Q3,,,,,,,,,,,,,,,,,78661186.0,78661186.0,,35811000.0,18495000.0,181456000.0,68037000.0,18495000.0,152441000.0,176445000.0,175246000.0,152441000.0,,,380000.0,-445605000.0,598091000.0,73000.0,73000.0,74537000.0,41222000.0,8939000.0,2670000.0,2670000.0,29613000.0,24004000.0,33315000.0,,,12792000.0,5442000.0,7350000.0,7350000.0,249783000.0,148431000.0,3836000.0,,,,,,,101352000.0,4104000.0,,,,,86598000.0,86598000.0,,,,,,,,,,,,,,,,,,,,0.0,,,,,,,,0.0,,,,,,,,,,,,,,,,,,,,,,,,,,,,,,,,,,0.0,,,,,,,,,,,,,,,,,,,,,,,,,,,,,,,,,,,,,,,,,,,,,,,,,,,,,,,,,,,,,,,,,,,,,,,,,,,,,,,,,,,,,,,,,,,,,,,,,,,,,,,,,,,,,,,,,,,,,,,,,,,,,,,,,,,,,,,,,,,,,,,,,,,,,,,,,,,,,,,,,,,,,,,,,,,,,,,,,,,,,
GLOO,2025-10-31,2025Q4,21827000.0,189000.0,8310000.0,2039000.0,8813000.0,1582000.0,6852000.0,,11691000.0,,,,,,,,78661186.0,78661186.0,154750000.0,178194000.0,-598868000.0,-274484000.0,-8375000.0,-598868000.0,-444368000.0,-281715000.0,-422541000.0,-444368000.0,189000.0,,,-476112000.0,31555000.0,0.0,0.0,629241000.0,581829000.0,11525000.0,2839000.0,2839000.0,169381000.0,162653000.0,47412000.0,8889000.0,8889000.0,20819000.0,11530000.0,9289000.0,9289000.0,206700000.0,167663000.0,1372000.0,,,154500000.0,60739000.0,93761000.0,11691000.0,39037000.0,9336000.0,13009000.0,8005000.0,-9000.0,8014000.0,15134000.0,15134000.0,,,6728000.0,7231000.0,,,,,11691000.0,1303000.0,,,,,,5004000.0,,,,,,100000.0,,,,,,33673000.0,,,7231000.0,,,,,,,,,,,,,,255000.0,,,,,,,,,,,,,,,,,364411000.0,,,,,,,,,,,-22290000.0,,-2471000.0,-3562000.0,15389000.0,22843000.0,6000.0,-7460000.0,17416000.0,17416000.0,-5806000.0,,,22504000.0,22504000.0,-2471000.0,-6148000.0,-6148000.0,67000.0,,-3629000.0,-18728000.0,-18728000.0,6126000.0,2000.0,-92000.0,-298000.0,8624000.0,-294000.0,-294000.0,-2055000.0,-2055000.0,3934000.0,1653000.0,-334000.0,-106000.0,-106000.0,2846000.0,2846000.0,,-39026000.0,-2888000.0,24975000.0,24975000.0,,67000.0,,,,,,,,,,-2586000.0,,,428000.0,49000.0,500000.0,-2586000.0,-55000.0,,-2888000.0,,,,,,,,,9067000.0,0.0,,,8918000.0,,,218000.0,,,,,,,,,,,,,,,,218000.0,218000.0,,,,,,978000.0,-5404.744874,0.000596,-23637000.0,-9067000.0,-9067000.0,-38049000.0,2846000.0,24847000.0,-32704000.0,-35550000.0,-6390000.0,6390000.0,,-28987404.744874,-38049000.0,59245000.0,-26693000.0,78661186.0,78661186.0,-0.483707,-0.483707,-38049000.0,-38049000.0,-38049000.0,-39027000.0,-39027000.0,-25000.0,-41940000.0,-8857000.0,210000.0,0.0,,-6390000.0,6390000.0,,-26693000.0,34398000.0,2846000.0,2846000.0,,6136000.0,25416000.0,8144000.0,17272000.0,17272000.0,7705000.0,24847000.0,32552000.0,32552000.0,,,,,,,-9067000.0,,,,,,,,,,,2888000.0
GLOO,2026-01-31,2026Q1,22508000.0,364000.0,9001000.0,2056000.0,7737000.0,1925000.0,8397000.0,-2103000.0,14974000.0,1290000.0,,4979000.0,0.0,,,298835.0,80572289.0,80871124.0,,44298000.0,-39540000.0,170471000.0,27063000.0,-39540000.0,135174000.0,164659000.0,157682000.0,135174000.0,364000.0,,3771000.0,-40119000.0,178619000.0,81000.0,81000.0,105977000.0,57436000.0,3265000.0,4353000.0,4353000.0,36561000.0,29485000.0,48541000.0,14581000.0,14581000.0,15770000.0,6414000.0,9356000.0,9356000.0,263659000.0,188055000.0,370000.0,,,174714000.0,67361000.0,107353000.0,12871000.0,75604000.0,4689000.0,11956000.0,10697000.0,-75000.0,10772000.0,57307000.0,57307000.0,,,7076000.0,5812000.0,,,,,8705000.0,1397000.0,-397000.0,,1115000.0,10000.0,669000.0,1259000.0,,,,0.0,,100000.0,,,,,,13257000.0,,,5812000.0,,,,,,,,,,,,,,255000.0,,,,,,,,,,,,,,,,,0.0,,,,,,,,,,,-21027000.0,,-1821000.0,-3482000.0,57562000.0,15389000.0,-255000.0,42428000.0,67338000.0,67338000.0,4094000.0,,,-1821000.0,-1821000.0,-1821000.0,-7365000.0,-7365000.0,-736000.0,,-2746000.0,-17545000.0,-17545000.0,1002000.0,2743000.0,807000.0,3527000.0,-6434000.0,-1173000.0,-1173000.0,576000.0,576000.0,2737000.0,10522000.0,251000.0,326000.0,326000.0,3117000.0,3117000.0,,-48648000.0,0.0,0.0,0.0,,-736000.0,,,,,,,,,,-3883000.0,,,835000.0,118000.0,,-3883000.0,-217000.0,,0.0,,,,,,,,,13025000.0,,,,-5261000.0,,,65629000.0,,,,,,,,,,,,,,,,-1000.0,-1000.0,,,,,,-681000.0,-5210000.0,0.4,-29872000.0,-13025000.0,-13025000.0,-49329000.0,3117000.0,25739000.0,-42897000.0,-46014000.0,-1954000.0,1954000.0,,-41514000.0,-49329000.0,68659000.0,-35026000.0,65596225.0,65596225.0,-0.77,-0.77,-49329000.0,-49329000.0,-49329000.0,-48648000.0,-48648000.0,680000.0,-47968000.0,-10988000.0,2037000.0,0.0,,-1954000.0,1954000.0,,-35026000.0,42920000.0,3117000.0,3117000.0,,6878000.0,32925000.0,12387000.0,20538000.0,19438000.0,7894000.0,25739000.0,33633000.0,33633000.0,0.0,,,,,,-13025000.0,,,,,,,,,,,0.0
AI,2024-10-31,2024Q4,,,,,,,,,,,,,,,,,,,,,,,,,,,,,,,,,,,,,,,,,,,,,,,,,,,,,,,,,,,,,,,,,,,,,,,,,,,,,,,,,,,,,,,,,,,,,,,,,,,,,,,,,,,,,,,,,,,,,,,,,,,,,,,,,,,,,,,,,,,,,,,,,,,,,-2842000.0,,,,,,,,,,0.0,,,,,,,,,,,,,,,,,,,,,,,,,,,,,,,,,,,,,,,,,,,,,,,,,,,,,,,,,,,,,,,,,,,,,,,,,,,,,,,,,,,,,,,,,,,,,,,,,,,,,,,,,,,,,,,,,,,,,,,,,,,,,,,,,,,,,,,,,,,,,,,,,,,,,,
AI,2025-01-31,2025Q1,,292000.0,4490000.0,3021000.0,4490000.0,4490000.0,41652000.0,-23627000.0,105537000.0,82507000.0,811000.0,22219000.0,0.0,,,,132738722.0,132738722.0,,4490000.0,859552000.0,860177000.0,792856000.0,859552000.0,860177000.0,860177000.0,860177000.0,860177000.0,292000.0,,,-1298933000.0,2158686000.0,132000.0,132000.0,194964000.0,56917000.0,56917000.0,0.0,,,,138047000.0,32955000.0,32955000.0,55929000.0,22489000.0,33440000.0,28737000.0,1055141000.0,124238000.0,41703000.0,,,625000.0,,625000.0,81910000.0,930903000.0,26219000.0,180357000.0,180357000.0,-642000.0,180999000.0,724327000.0,125094000.0,,0.0,,,,4703000.0,,,,,,,,,,,,,,,,,,,,599233000.0,,,,,,,,,,,,,,,,,,,,,,,,,,,,,,,,,,,,,,,,,,12735000.0,165615000.0,-152880000.0,,,-22382000.0,,,-362000.0,137660000.0,133840000.0,,3820000.0,13467000.0,13467000.0,-1709000.0,,,,,,12373000.0,12373000.0,-362000.0,,0.0,-22020000.0,-22020000.0,-6304000.0,-2835000.0,-4168000.0,,20085000.0,7622000.0,7622000.0,-21966000.0,-21966000.0,-1290000.0,62652000.0,,,,3123000.0,3123000.0,,-80201000.0,,,,,-362000.0,,,,,,,,,,,,,,209000.0,15176000.0,,2580000.0,,,,,,,,,,,,,,,12463000.0,,,,,,,,,,,,,,,,,,,,,,,,,,,0.0,0.21,-84462000.0,,,-80201000.0,3123000.0,40435000.0,-84462000.0,-87585000.0,8677000.0,,8677000.0,-80201000.0,-80201000.0,186367000.0,-87585000.0,130382000.0,130382000.0,-0.62,-0.62,-80201000.0,-80201000.0,-80201000.0,-80201000.0,-80201000.0,336000.0,-79865000.0,-957000.0,-957000.0,,,8677000.0,,8677000.0,-87585000.0,145932000.0,,,,59356000.0,86576000.0,61201000.0,25375000.0,25375000.0,58347000.0,40435000.0,98782000.0,98782000.0,,,,,,,,,,,,,,,,,,
AI,2025-04-30,2025Q2,,521000.0,4795000.0,2416000.0,4795000.0,4795000.0,44591000.0,-25757000.0,105055000.0,82510000.0,960000.0,21585000.0,0.0,,,,133938491.0,133938491.0,,4795000.0,837678000.0,838303000.0,772368000.0,837678000.0,838303000.0,838303000.0,838303000.0,838303000.0,521000.0,,,-1378635000.0,2216284000.0,133000.0,133000.0,187579000.0,55695000.0,55695000.0,0.0,,,,131884000.0,36561000.0,36561000.0,43521000.0,23070000.0,20451000.0,15160000.0,1025882000.0,121630000.0,41707000.0,,,625000.0,,625000.0,79298000.0,904252000.0,24338000.0,137226000.0,137226000.0,-877000.0,138103000.0,742688000.0,164358000.0,,0.0,,,,5291000.0,,,,,,,,,,,,,,,,,,,,578330000.0,,,,,,,,,,,,,,,,,,,,,,,,,,,,,,,,,,,,,,,,,,23876000.0,152085000.0,-128209000.0,,,10326000.0,,,-938000.0,176924000.0,137660000.0,,39264000.0,5062000.0,5062000.0,-1583000.0,,,,,,22938000.0,22938000.0,-938000.0,,0.0,11264000.0,11264000.0,32973000.0,3606000.0,-2628000.0,,-12224000.0,-13281000.0,-13281000.0,42897000.0,42897000.0,-2014000.0,56615000.0,,,,3392000.0,3392000.0,,-79702000.0,,,,,-938000.0,,,,,,,,,,,,,,177000.0,6645000.0,,1322000.0,,,,,,,,,,,,,,,1057000.0,,,,,,,,,,,,,,,,,,,,,,,,,,,0.0,0.21,-85573000.0,,,-79702000.0,3392000.0,41213000.0,-85573000.0,-88965000.0,7949000.0,,7949000.0,-79702000.0,-79702000.0,197688000.0,-88965000.0,133233000.0,133233000.0,-0.6,-0.6,-79702000.0,-79702000.0,-79702000.0,-79702000.0,-79702000.0,111000.0,-79591000.0,1425000.0,1425000.0,,,7949000.0,,7949000.0,-88965000.0,156475000.0,,,,58393000.0,98082000.0,70690000.0,27392000.0,27392000.0,67510000.0,41213000.0,108723000.0,108723000.0,,,,,,,,,,,,,,,,,,
AI,2025-07-31,2025Q3,,-74000.0,4930000.0,1438000.0,4930000.0,4930000.0,35236000.0,-29103000.0,105703000.0,82688000.0,909000.0,22106000.0,0.0,,,,136861000.0,136861000.0,,4930000.0,798199000.0,798824000.0,739822000.0,798199000.0,798824000.0,798824000.0,798824000.0,798824000.0,-74000.0,,,-1495404000.0,2294166000.0,136000.0,136000.0,169915000.0,58624000.0,57639000.0,985000.0,,,,111291000.0,28948000.0,28948000.0,40739000.0,22587000.0,18152000.0,12084000.0,968739000.0,117626000.0,40401000.0,,,625000.0,,625000.0,76600000.0,851113000.0,25290000.0,113925000.0,113925000.0,-877000.0,114802000.0,711898000.0,80941000.0,,985000.0,,,,6068000.0,,,,,,,,,,,,,,,,,,,,630957000.0,,,,,,,,,,,,,,,,,,,,,,,,,,,,,,,,,,,,,,,,,,-50411000.0,156081000.0,-206492000.0,,,-34295000.0,,,-760000.0,93507000.0,176924000.0,,-83417000.0,1289000.0,1289000.0,,,,,,,-51171000.0,-51171000.0,-760000.0,,,-33535000.0,-33535000.0,17505000.0,-6628000.0,649000.0,,412000.0,-2931000.0,-2931000.0,23302000.0,23302000.0,350000.0,64775000.0,,,,3415000.0,3415000.0,,-116769000.0,,,,,-760000.0,,,,,,,,,,,,,,452000.0,1289000.0,,-230000.0,,,,,,,,,,,,,,,3343000.0,,,,,,,,,,-2811000.0,,,,,,,,,,,,,,,,,0.0,0.21,-121404000.0,,,-116769000.0,3415000.0,43817000.0,-121404000.0,-124819000.0,8218000.0,,8218000.0,-116769000.0,-116769000.0,195080000.0,-124819000.0,135375000.0,135375000.0,-0.86,-0.86,-116769000.0,-116769000.0,-116769000.0,-116769000.0,-116769000.0,300000.0,-116469000.0,132000.0,132000.0,,,8218000.0,,8218000.0,-124819000.0,151263000.0,,,,64651000.0,86612000.0,62513000.0,24099000.0,24099000.0,26444000.0,43817000.0,70261000.0,70261000.0,,,,,,,,,,,,,,,,,,
AI,2025-10-31,2025Q4,,783000.0,5174000.0,67000.0,5174000.0,5174000.0,39152000.0,-32431000.0,106112000.0,82771000.0,831000.0,22510000.0,0.0,,,,140181000.0,140181000.0,,5174000.0,771260000.0,771885000.0,715073000.0,771260000.0,771885000.0,771885000.0,771885000.0,771885000.0,783000.0,,,-1600072000.0,2371034000.0,140000.0,140000.0,189413000.0,58588000.0,56305000.0,2283000.0,,,,130825000.0,32398000.0,32398000.0,54034000.0,13135000.0,40899000.0,35936000.0,961298000.0,115400000.0,41094000.0,,,625000.0,,625000.0,73681000.0,845898000.0,34800000.0,136064000.0,136064000.0,-897000.0,136961000.0,675034000.0,103205000.0,,2283000.0,,,,4963000.0,,,,,,,,,,,,,,,,,,,,571829000.0,,,,,,,,,,,,,,,,,,,,,,,,,,,,,,,,,,,,,,,,,,62474000.0,187170000.0,-124696000.0,,,-46882000.0,,,-386000.0,115771000.0,93507000.0,,22264000.0,6672000.0,6672000.0,,,,,,,62088000.0,62088000.0,-386000.0,,,-46496000.0,-46496000.0,-11674000.0,4748000.0,-12725000.0,,21645000.0,23918000.0,23918000.0,-22160000.0,-22160000.0,-5218000.0,68853000.0,,,,3400000.0,3400000.0,,-104668000.0,,,,,-386000.0,,,,,,,,,,,,,,197000.0,6672000.0,,-3182000.0,,,,,,,,,,,,,,,-2273000.0,,,,,,,,,,,,,,,,,,,,,,,,,,,0.0,0.21,-108713000.0,,,-104668000.0,3400000.0,44767000.0,-108713000.0,-112113000.0,7539000.0,,7539000.0,-104668000.0,-104668000.0,187260000.0,-112113000.0,138670000.0,138670000.0,-0.75,-0.75,-104668000.0,-104668000.0,-104668000.0,-104668000.0,-104668000.0,237000.0,-104431000.0,143000.0,143000.0,,,7539000.0,,7539000.0,-112113000.0,142493000.0,,,,58352000.0,84141000.0,58337000.0,25804000.0,25804000.0,30380000.0,44767000.0,75147000.0,75147000.0,,,,,,,,,,,,,,,,,,
AI,2026-01-31,2026Q1,,883000.0,5373000.0,1512000.0,5373000.0,5373000.0,35512000.0,-35752000.0,106550000.0,83005000.0,818000.0,22727000.0,0.0,,,,144182000.0,144182000.0,,5373000.0,718848000.0,719473000.0,663760000.0,718848000.0,719473000.0,719473000.0,719473000.0,719473000.0,883000.0,,,-1733435000.0,2451881000.0,144000.0,144000.0,176303000.0,57368000.0,54877000.0,2491000.0,,,,118935000.0,37496000.0,37496000.0,39042000.0,15564000.0,23478000.0,18152000.0,895776000.0,113081000.0,41658000.0,,,625000.0,,625000.0,70798000.0,782695000.0,37202000.0,123570000.0,123570000.0,-1066000.0,124636000.0,621923000.0,88847000.0,,2491000.0,,,,5326000.0,,,,,,,,,,,,,,,,,,,,533076000.0,,,,,,,,,,,,,,,,,,,,,,,,,,,,,,,,,,,,,,,,,,40678000.0,152883000.0,-112205000.0,,,-56196000.0,,,-439000.0,101413000.0,115771000.0,,-14358000.0,1160000.0,1160000.0,,,,,,,40239000.0,40239000.0,-439000.0,,,-55757000.0,-55757000.0,-203000.0,5307000.0,2377000.0,,-14219000.0,-18029000.0,-18029000.0,12325000.0,12325000.0,-1490000.0,75900000.0,,,,3399000.0,3399000.0,,-133363000.0,,,,,-439000.0,,,,,,,,,,,,,,200000.0,1160000.0,,-5993000.0,,,,,,,,,,,,,,,3810000.0,,,,,,,,,,,,,,,,,,,,,,,,,,,0.0,0.4,-137009000.0,,,-133363000.0,3399000.0,44025000.0,-137009000.0,-140408000.0,6700000.0,,6700000.0,-133363000.0,-133363000.0,193668000.0,-140408000.0,141969000.0,141969000.0,-0.94,-0.94,-133363000.0,-133363000.0,-133363000.0,-133363000.0,-133363000.0,174000.0,-133189000.0,519000.0,519000.0,,,6700000.0,,6700000.0,-140408000.0,149643000.0,,,,58823000.0,90820000.0,67177000.0,23643000.0,23643000.0,9235000.0,44025000.0,53260000.0,53260000.0,,,,,,,,,,,,,,,,,,
TEAM,2024-09-30,2024Q3,,,,,,,,,,,,,,,,,,,,,,,,,,,,,,,,,,,,,,,,,,,,,,,,,,,,,,,,,,,,,,,,,,,,,,,,,220479000.0,220479000.0,,,,,,,,,,,,,,,,,,,,,,,,,,,,,,,,,,,,,,,,,,,,,,,,,,,,,,,,,,,,,,,,,,,,,,,,,,,-3143000.0,,,,,,,,,,,,,,,,,,,,,,,,,,,,,,,,,,,,,,,,,,,,,,,,,,,,,,,,,,,,,,,,,,,,,,,,,,,,,,,,,,,,,,,,,,,,,,,,,,,,,,,,,,,,,,,,,,,,,,,,,,,,,,,,,,,,,,,,,,,,,,,,,,,,,,,,,,,,,,,,
TEAM,2024-12-31,2024Q4,,,,37310000.0,,,,,,,,,,,,,,,,,,,,,,,,,,,,,,,,,,,,,,,,,,,,,,,,,,,,,,,,,,,,,,,,,,,,,,,,,,,,,,,,,,,,,,,,,,,,,,,,,,,,,,,,,,,,,,,,,,,,,,,,,,,,,,,,,,,,,,,,,0.0,,,,,,,,,,,0.0,0.0,0.0,,,,,,,,,,,,,,,,,,,,,,,,,,,,,,,,,,,,,,,,,,,,,,,,,,,,,,,,,,,,,0.0,,,,,,,,,,,-6865000.0,,,,,,,,,,,,,,3673000.0,3673000.0,,,,,,,,,,,,,,,,,,,,,,,,,,,,,,,,,,,,,,,3673000.0,3673000.0,,,,,,,,,,,,,,,,,,,,,,,,,,,,
TEAM,2025-03-31,2025Q1,,-26355000.0,243368000.0,23302000.0,44645000.0,44645000.0,311599000.0,-149493000.0,406818000.0,152277000.0,,76913000.0,0.0,,,,263158714.0,263158714.0,,1230600000.0,-182702000.0,2356154000.0,784332000.0,-182702000.0,1368922000.0,2356154000.0,1368922000.0,1368922000.0,-26355000.0,,,-3828512000.0,5223786000.0,3000.0,3000.0,4514794000.0,1523911000.0,41607000.0,296349000.0,20433000.0,1185955000.0,987232000.0,2990883000.0,2107714000.0,2107714000.0,503623000.0,194581000.0,309042000.0,192915000.0,5883716000.0,2108501000.0,76733000.0,5515000.0,5515000.0,1551624000.0,258682000.0,1292942000.0,257325000.0,3775215000.0,158728000.0,642036000.0,642036000.0,,,2974451000.0,2660859000.0,,275916000.0,198723000.0,,24638000.0,91489000.0,,,177628000.0,,,,,,,,,,,,,217304000.0,,,,313592000.0,,,,,,,,,,,,,,,,,,,,,,,,,,,,,,,,,,,,,,,,,,-61610000.0,56206000.0,-117816000.0,,,638315000.0,-134305000.0,0.0,-14366000.0,2661828000.0,2218639000.0,1783000.0,441406000.0,-134305000.0,-134305000.0,,-134305000.0,-134305000.0,0.0,0.0,0.0,-76970000.0,-76970000.0,-14366000.0,,,652681000.0,652681000.0,356849000.0,171958000.0,,,131415000.0,-93000.0,-93000.0,53770000.0,53770000.0,-264000.0,346842000.0,,1746000.0,1746000.0,23178000.0,23178000.0,23178000.0,-70807000.0,1474000.0,,,,-14366000.0,,,,,,,,,,-994000.0,,,,,,-994000.0,-294000.0,6643000.0,,,,,,,,,,,,,0.0,131508000.0,,-5169000.0,,,,,,,,-6337000.0,,,,,,,,,,,,,,3672000.0,3672000.0,,0.0,0.21,23628000.0,,,-70807000.0,23178000.0,200169000.0,23628000.0,450000.0,19963000.0,7804000.0,27767000.0,-70807000.0,-70807000.0,1369172000.0,-12456000.0,262671000.0,262671000.0,-0.27,-0.27,-70807000.0,-70807000.0,-70807000.0,-70807000.0,-70807000.0,63453000.0,-7354000.0,-14861000.0,-14861000.0,,,19963000.0,7804000.0,27767000.0,-12456000.0,1149497000.0,3672000.0,3672000.0,,685320000.0,460505000.0,292160000.0,168345000.0,168345000.0,1137041000.0,219675000.0,1356716000.0,1272876000.0,,,,,,,,,,,,,,,,,,
TEAM,2025-06-30,2025Q2,,13226000.0,251647000.0,,50164000.0,50164000.0,422986000.0,-147779000.0,422024000.0,154113000.0,,83776000.0,0.0,,,,262980183.0,262980183.0,,1239331000.0,-203631000.0,2333338000.0,710378000.0,-203631000.0,1345654000.0,2333338000.0,1345654000.0,1345654000.0,13226000.0,,,-4241865000.0,5574290000.0,3000.0,3000.0,4696316000.0,1515457000.0,48157000.0,278133000.0,23881000.0,1189167000.0,987684000.0,3180859000.0,2243398000.0,2243398000.0,464311000.0,180197000.0,284114000.0,222092000.0,6041970000.0,2150733000.0,101499000.0,3762000.0,3762000.0,1549285000.0,244840000.0,1304445000.0,274245000.0,3891237000.0,175793000.0,778302000.0,778302000.0,,,2937142000.0,2512874000.0,,254252000.0,201483000.0,,25296000.0,36726000.0,221942000.0,221942000.0,184135000.0,,,,,,,,,,,,,221942000.0,,,,424268000.0,,,,,,,,,,,,,,,,,,,,,,,,,,,,,,,,,,,,,,,,,,-111685000.0,23691000.0,-135376000.0,,,360318000.0,-392283000.0,0.0,-14997000.0,2513762000.0,2661828000.0,3860000.0,-151926000.0,-392283000.0,-392283000.0,0.0,-392283000.0,-392283000.0,0.0,0.0,0.0,-134958000.0,-134958000.0,-14997000.0,,,375315000.0,375315000.0,22834000.0,112901000.0,,,65431000.0,28247000.0,28247000.0,-136080000.0,-136080000.0,-291000.0,350504000.0,,5233000.0,5233000.0,23221000.0,23221000.0,23221000.0,-23903000.0,-22640000.0,,,,-14997000.0,,,,,,,,,,-8276000.0,,,,,,-8276000.0,-19418000.0,-27896000.0,,,,,,,,,,,,,,37184000.0,,5256000.0,,,,,,,,,,,,,,,,,,,,,,,,,0.0,0.21,17164000.0,,,-23903000.0,23221000.0,234425000.0,17164000.0,-6057000.0,22270000.0,8137000.0,30407000.0,-23903000.0,-23903000.0,1412823000.0,-28479000.0,262884000.0,262884000.0,-0.09,-0.09,-23903000.0,-23903000.0,-23903000.0,-23903000.0,-23903000.0,9709000.0,-14194000.0,-7985000.0,-7985000.0,,,22270000.0,8137000.0,30407000.0,-28479000.0,1178398000.0,,,,700678000.0,463085000.0,299781000.0,163304000.0,163304000.0,1149919000.0,234425000.0,1384344000.0,1312532000.0,,,,,,,,,,,,,,,,,,
TEAM,2025-09-30,2025Q3,,-2814000.0,237623000.0,,49050000.0,49050000.0,288536000.0,-154085000.0,388406000.0,152444000.0,,85403000.0,0.0,,,,263297496.0,263297496.0,,1225766000.0,-174982000.0,2367079000.0,756345000.0,-174982000.0,1378936000.0,2367079000.0,1378936000.0,1378936000.0,-2814000.0,,,-4543670000.0,5925417000.0,3000.0,3000.0,4341564000.0,1470789000.0,53274000.0,240799000.0,23726000.0,1176716000.0,988143000.0,2870775000.0,2083271000.0,2083271000.0,431649000.0,208105000.0,223544000.0,195313000.0,5720500000.0,2093380000.0,97443000.0,3632000.0,3632000.0,1553918000.0,235890000.0,1318028000.0,234321000.0,3627120000.0,311857000.0,536863000.0,536863000.0,,,2778400000.0,2322360000.0,,217073000.0,188573000.0,,24375000.0,3856000.0,204066000.0,204066000.0,150559000.0,,,,,,,,,,,,,204066000.0,,,,456040000.0,,,,,,,,,,,,,,,,,,,,,,,18269000.0,,,,,,,,,,,,,,,,,,,-30876000.0,31887000.0,-62763000.0,,,114603000.0,-252807000.0,,-14112000.0,2323055000.0,2513762000.0,-5929000.0,-184778000.0,-252807000.0,-252807000.0,,-252807000.0,-252807000.0,,,,-60686000.0,-60686000.0,-14112000.0,,,128715000.0,128715000.0,-191389000.0,-200097000.0,,,-139973000.0,-24957000.0,-24957000.0,241361000.0,241361000.0,168000.0,351127000.0,,-80000.0,-80000.0,24333000.0,24333000.0,24333000.0,-51870000.0,-30247000.0,,,,-14112000.0,,,,,,,,,,-15698000.0,,,,,,-15698000.0,-92680000.0,-32078000.0,,,,,,,,,,,,,26673000.0,-115016000.0,,1831000.0,,,,,,,,,,,,,,,,,,,,,,,,,0.0,0.079078,-23355000.0,,,-51870000.0,24333000.0,257924000.0,-23355000.0,-47688000.0,21209000.0,8636000.0,29845000.0,-51870000.0,-51870000.0,1528890000.0,-96337000.0,262991000.0,262991000.0,-0.2,-0.2,-51870000.0,-51870000.0,-51870000.0,-51870000.0,-51870000.0,-4454000.0,-56324000.0,18804000.0,18804000.0,,,21209000.0,8636000.0,29845000.0,-96337000.0,1270966000.0,,,,755994000.0,514972000.0,336427000.0,178545000.0,178545000.0,1174629000.0,257924000.0,1432553000.0,1374502000.0,,,,,,,,,,,,,,,,,,
TEAM,2025-12-31,2025Q4,,-465000.0,226470000.0,,50696000.0,50696000.0,320210000.0,-154528000.0,378955000.0,142219000.0,,90803000.0,0.0,,,,265505542.0,265505542.0,,1215079000.0,-1209242000.0,2579458000.0,-341221000.0,-1209242000.0,1590849000.0,2579458000.0,1590849000.0,1590849000.0,-465000.0,,,-4786730000.0,6378041000.0,3000.0,3000.0,4569532000.0,1452905000.0,63447000.0,225075000.0,23993000.0,1164383000.0,988609000.0,3116627000.0,2249580000.0,2249580000.0,496141000.0,216138000.0,280003000.0,231654000.0,6160381000.0,3384975000.0,125045000.0,25433000.0,25433000.0,2800091000.0,494959000.0,2305132000.0,224427000.0,2775406000.0,297437000.0,911915000.0,911915000.0,,,1566054000.0,1158122000.0,,201082000.0,175774000.0,,39167000.0,9182000.0,,,145933000.0,,,,,,,,,,,,,209979000.0,,,,407932000.0,,,,,,,,,,,,,,,,,,,,,,,,,,,,,,,,,,,,,,,,,,78566000.0,88062000.0,-9496000.0,,,168516000.0,-197440000.0,,-9289000.0,1158697000.0,2323055000.0,-823000.0,-1163535000.0,-197440000.0,-197440000.0,,-197440000.0,-197440000.0,,,,-1143900000.0,-1143900000.0,-9289000.0,,,177805000.0,177805000.0,-219519000.0,123178000.0,,,68271000.0,35315000.0,35315000.0,-367390000.0,-367390000.0,-88000.0,452624000.0,,-48628000.0,-48628000.0,35621000.0,35621000.0,35621000.0,-42645000.0,2051000.0,,,,-9289000.0,,,,,,,,,,-1213177000.0,,,,,,-1213177000.0,-43578000.0,2555000.0,,,,,,,,,,,,,0.0,32956000.0,,-504000.0,,,,,,,,-1611000.0,,,,,,,,,,,,,,5507000.0,5507000.0,,0.0,0.235163,-7611000.0,,,-42645000.0,35621000.0,207577000.0,-7611000.0,-43232000.0,5540000.0,12525000.0,18065000.0,-42645000.0,-42645000.0,1634062000.0,-47747000.0,263828000.0,263828000.0,-0.16,-0.16,-42645000.0,-42645000.0,-42645000.0,-42645000.0,-42645000.0,-13112000.0,-55757000.0,-13550000.0,-13550000.0,,,5540000.0,12525000.0,18065000.0,-47747000.0,1396371000.0,5507000.0,5507000.0,,826489000.0,564375000.0,370927000.0,193448000.0,193448000.0,1348624000.0,237691000.0,1586315000.0,1507656000.0,,,,,,,,,,,,,,,,,,
TEAM,2026-03-31,2026Q1,,-12285000.0,253937000.0,20921000.0,48197000.0,48197000.0,383260000.0,-152474000.0,347762000.0,124668000.0,,87075000.0,0.0,,,,255864015.0,255864015.0,,1243018000.0,-1887822000.0,1868109000.0,-989371000.0,-1887822000.0,879028000.0,1868109000.0,879028000.0,879028000.0,-12285000.0,,,-5895066000.0,6786376000.0,3000.0,3000.0,4771895000.0,1448840000.0,68979000.0,185040000.0,24259000.0,1194821000.0,989081000.0,3323055000.0,2269658000.0,2269658000.0,525059000.0,250250000.0,274809000.0,207734000.0,5650923000.0,3317239000.0,128881000.0,15312000.0,15312000.0,2766850000.0,463457000.0,2303393000.0,195288000.0,2333684000.0,289903000.0,907439000.0,907439000.0,,,1136342000.0,1136342000.0,,160781000.0,205740000.0,,46505000.0,20570000.0,,,136019000.0,,,,,,,,,,,,,210908000.0,,,,0.0,,,,,,,,,,,,,,,,,,,,,,,75960000.0,,,,,,,,,,,,,,,,,,,410352000.0,412602000.0,-2250000.0,31300000.0,31300000.0,561264000.0,-990945000.0,,-6211000.0,1136819000.0,1158697000.0,-2549000.0,-19329000.0,-990945000.0,-990945000.0,,-990945000.0,-990945000.0,,,,404141000.0,404141000.0,-6211000.0,,,567475000.0,567391000.0,144611000.0,-19837000.0,,,159070000.0,-23922000.0,-23922000.0,4260000.0,4260000.0,-76000.0,408335000.0,,11138000.0,11138000.0,41200000.0,41200000.0,9900000.0,-98389000.0,7013000.0,,,,-6211000.0,,,,,,,,,,0.0,,,,,,0.0,1118000.0,1691000.0,,,,,,,,,,,,,53643000.0,182992000.0,,5322000.0,,,,,,,,0.0,,,,,,,,,,,,,,6564000.0,6564000.0,,0.0,0.4,-7453000.0,,,-98389000.0,41200000.0,228126000.0,-7453000.0,-48653000.0,-1587000.0,14141000.0,12554000.0,-98389000.0,-98389000.0,1843255000.0,-56284000.0,260965000.0,260965000.0,-0.38,-0.38,-98389000.0,-98389000.0,-98389000.0,-98389000.0,-98389000.0,35595000.0,-62794000.0,-4923000.0,-4923000.0,,,-1587000.0,14141000.0,12554000.0,-56284000.0,1580493000.0,6564000.0,6564000.0,,926954000.0,646975000.0,432465000.0,214510000.0,214510000.0,1524209000.0,262762000.0,1786971000.0,1698885000.0,,,,,,,,,,,,,,,,,,
ZBRA,2024-09-30,2024Q3,,,,,,,,,,,,,,,,,,,,,,,,,,,,,,,,,,,,,,,,,,,,,,,,,,,,,,,,,,,,,,,,,,,,,,,,,,,,,,,,,,,,,,,,,,,,,,,,,,,,,,,,,,,,,,,,,20000000.0,,,,,,,,,,,,,,,,,,,,,,,0.0,,,,,,,,,,,,,,,,,,,,,,,,,,,,,,,,,,,,,,,,,,,,0.0,,,,,,,,,,,,,,,,,,,,,,0.0,,,,,,,,,,,,,,,,,,,,0.0,,,,,,,,,,,,,,,,,,,,,,,,,,,,,,,,31000000.0,,,,,,,,,,,,,,,,,,,,,,31000000.0,,,,,,,,,,,,,,,,,,,,,,,,,,,,,,,,,
ZBRA,2024-12-31,2024Q4,,-44000000.0,191000000.0,79000000.0,115000000.0,36000000.0,174000000.0,-476000000.0,948000000.0,115000000.0,43000000.0,517000000.0,0.0,,,20645798.0,51506059.0,72151857.0,1270000000.0,2362000000.0,-727000000.0,5757000000.0,736000000.0,-727000000.0,3586000000.0,5678000000.0,3586000000.0,3586000000.0,-44000000.0,,1900000000.0,4860000000.0,669000000.0,1000000.0,1000000.0,4382000000.0,2678000000.0,70000000.0,361000000.0,57000000.0,2247000000.0,2092000000.0,1704000000.0,453000000.0,453000000.0,906000000.0,237000000.0,669000000.0,633000000.0,7968000000.0,5528000000.0,231000000.0,512000000.0,512000000.0,4313000000.0,422000000.0,3891000000.0,472000000.0,2440000000.0,134000000.0,712000000.0,692000000.0,-1000000.0,693000000.0,901000000.0,901000000.0,,304000000.0,155000000.0,79000000.0,,36000000.0,,,167000000.0,693000000.0,,,441000000.0,4000000.0,248000000.0,,,,,0.0,,,,99000000.0,7000000.0,,,,,,79000000.0,36000000.0,,,,,,,,,,20000000.0,,,,,,,56000000.0,,,,,,,,,,,,,,,,,,,3000000.0,3000000.0,0.0,,,288000000.0,-31000000.0,0.0,-18000000.0,901000000.0,676000000.0,-3000000.0,228000000.0,-63000000.0,-63000000.0,-32000000.0,-31000000.0,-31000000.0,0.0,0.0,0.0,-15000000.0,-15000000.0,-18000000.0,,,306000000.0,306000000.0,110000000.0,63000000.0,0.0,4000000.0,160000000.0,97000000.0,97000000.0,-61000000.0,-61000000.0,2000000.0,21000000.0,,-32000000.0,-32000000.0,42000000.0,42000000.0,,163000000.0,0.0,0.0,0.0,,-18000000.0,,,,,,,,,,,,,52000000.0,34000000.0,,,,0.0,,,,,,,,,,,,,,63000000.0,-56000000.0,,,,,0.0,,,,,,,,,,,,,,,,,,24000000.0,24000000.0,,1730769.230769,0.216346,301000000.0,8000000.0,8000000.0,163000000.0,42000000.0,668000000.0,309000000.0,267000000.0,-27000000.0,,,156730769.230769,163000000.0,1106000000.0,225000000.0,51986818.0,51542093.0,3.14,3.17,163000000.0,163000000.0,163000000.0,163000000.0,163000000.0,45000000.0,208000000.0,7000000.0,-1000000.0,-3000000.0,3000000.0,-27000000.0,,,228000000.0,420000000.0,24000000.0,24000000.0,,138000000.0,258000000.0,151000000.0,107000000.0,107000000.0,648000000.0,686000000.0,1334000000.0,1334000000.0,,,,,,,11000000.0,,,,,,,,,,,
ZBRA,2025-03-31,2025Q1,,-65000000.0,189000000.0,,105000000.0,36000000.0,72000000.0,,474000000.0,,,,,,,21013606.0,51138251.0,72151857.0,1293000000.0,2361000000.0,-724000000.0,5798000000.0,710000000.0,-724000000.0,3626000000.0,5729000000.0,3626000000.0,3626000000.0,-65000000.0,,2025000000.0,4996000000.0,719000000.0,1000000.0,1000000.0,4273000000.0,2692000000.0,70000000.0,366000000.0,57000000.0,2256000000.0,2103000000.0,1581000000.0,464000000.0,464000000.0,892000000.0,255000000.0,637000000.0,559000000.0,7899000000.0,5608000000.0,239000000.0,545000000.0,545000000.0,4350000000.0,423000000.0,3927000000.0,474000000.0,2291000000.0,94000000.0,637000000.0,617000000.0,-1000000.0,618000000.0,879000000.0,879000000.0,,309000000.0,153000000.0,69000000.0,,78000000.0,,,474000000.0,681000000.0,,,428000000.0,3000000.0,250000000.0,,,,,0.0,,,,,,,,,,,69000000.0,78000000.0,,,,,,,,,,20000000.0,,,,,18000000.0,,48000000.0,,,,,,,,,,,,,,,,,,,0.0,0.0,,24000000.0,24000000.0,158000000.0,-125000000.0,0.0,-20000000.0,879000000.0,901000000.0,1000000.0,-23000000.0,-119000000.0,-119000000.0,6000000.0,-125000000.0,-125000000.0,0.0,0.0,0.0,-82000000.0,-82000000.0,-20000000.0,,,178000000.0,178000000.0,-28000000.0,56000000.0,0.0,3000000.0,-186000000.0,-76000000.0,-76000000.0,84000000.0,84000000.0,1000000.0,51000000.0,,-23000000.0,-23000000.0,41000000.0,41000000.0,17000000.0,136000000.0,,0.0,0.0,,-20000000.0,,,,,,,,,,-62000000.0,,,16000000.0,9000000.0,,-62000000.0,,,,,,,,,,,,,,,,-110000000.0,15000000.0,,,,,0.0,,,,,,,,,,,,,,,,,,24000000.0,24000000.0,,-1408000.0,0.176,237000000.0,-8000000.0,-8000000.0,136000000.0,41000000.0,646000000.0,229000000.0,188000000.0,-23000000.0,23000000.0,,142592000.0,136000000.0,1110000000.0,195000000.0,51908397.0,51515152.0,2.62,2.64,136000000.0,136000000.0,136000000.0,136000000.0,136000000.0,29000000.0,165000000.0,-10000000.0,-2000000.0,-3000000.0,3000000.0,-23000000.0,23000000.0,,198000000.0,447000000.0,24000000.0,24000000.0,,151000000.0,272000000.0,161000000.0,111000000.0,111000000.0,645000000.0,663000000.0,1308000000.0,1308000000.0,,,,,,,-5000000.0,,,,,,,,,,,
ZBRA,2025-06-30,2025Q2,,-78000000.0,188000000.0,,80000000.0,36000000.0,78000000.0,,479000000.0,,,,,,,21315596.0,50836261.0,72151857.0,1300000000.0,2360000000.0,-714000000.0,5789000000.0,740000000.0,-714000000.0,3617000000.0,5745000000.0,3617000000.0,3617000000.0,-78000000.0,,2147000000.0,5108000000.0,733000000.0,1000000.0,1000000.0,4321000000.0,2727000000.0,74000000.0,373000000.0,58000000.0,2280000000.0,2128000000.0,1594000000.0,457000000.0,457000000.0,925000000.0,301000000.0,624000000.0,569000000.0,7938000000.0,5604000000.0,229000000.0,565000000.0,565000000.0,4331000000.0,400000000.0,3931000000.0,479000000.0,2334000000.0,92000000.0,684000000.0,634000000.0,-1000000.0,635000000.0,872000000.0,872000000.0,,315000000.0,152000000.0,44000000.0,,55000000.0,,,479000000.0,686000000.0,,,451000000.0,2000000.0,233000000.0,,,,,0.0,,,,,,,,,,,44000000.0,55000000.0,,,,,,,,,,50000000.0,,,,,,,54000000.0,,,,,,,,,,,,,,,,,,,0.0,0.0,,,,130000000.0,-125000000.0,0.0,-17000000.0,872000000.0,879000000.0,1000000.0,-8000000.0,-138000000.0,-138000000.0,-13000000.0,-125000000.0,-125000000.0,0.0,0.0,0.0,-17000000.0,-17000000.0,-17000000.0,,,147000000.0,147000000.0,-44000000.0,-58000000.0,0.0,7000000.0,14000000.0,5000000.0,5000000.0,-3000000.0,-3000000.0,11000000.0,32000000.0,,-7000000.0,-7000000.0,43000000.0,43000000.0,,112000000.0,,0.0,0.0,,-17000000.0,,,,,,,,,,0.0,,,39000000.0,86000000.0,,0.0,,,,,,,,,,,,,,,,9000000.0,-4000000.0,,,,,0.0,,,,,,,,,,,,,,,,,,25000000.0,25000000.0,,-2820000.0,0.188,221000000.0,-15000000.0,-15000000.0,112000000.0,43000000.0,659000000.0,206000000.0,163000000.0,-25000000.0,25000000.0,,124180000.0,112000000.0,1106000000.0,183000000.0,51282273.0,50939474.0,2.19,2.2,112000000.0,112000000.0,112000000.0,112000000.0,112000000.0,26000000.0,138000000.0,-24000000.0,-9000000.0,-4000000.0,4000000.0,-25000000.0,25000000.0,,187000000.0,429000000.0,25000000.0,25000000.0,,144000000.0,260000000.0,158000000.0,102000000.0,102000000.0,616000000.0,677000000.0,1293000000.0,1293000000.0,,,,,,,-11000000.0,,,,,,,,,,,
ZBRA,2025-09-30,2025Q3,,-63000000.0,187000000.0,28000000.0,102000000.0,36000000.0,116000000.0,,492000000.0,,,,,,,21414382.0,50737475.0,72151857.0,1120000000.0,2360000000.0,-560000000.0,5920000000.0,973000000.0,-560000000.0,3747000000.0,5854000000.0,3747000000.0,3747000000.0,-63000000.0,,2181000000.0,5209000000.0,781000000.0,1000000.0,1000000.0,4320000000.0,2717000000.0,76000000.0,383000000.0,65000000.0,2258000000.0,2107000000.0,1603000000.0,456000000.0,456000000.0,847000000.0,263000000.0,584000000.0,533000000.0,8067000000.0,5491000000.0,217000000.0,475000000.0,475000000.0,4307000000.0,376000000.0,3931000000.0,492000000.0,2576000000.0,99000000.0,761000000.0,655000000.0,-1000000.0,656000000.0,1053000000.0,1053000000.0,,318000000.0,151000000.0,66000000.0,,51000000.0,,,492000000.0,663000000.0,,,437000000.0,2000000.0,224000000.0,,,,,0.0,,,,,,,,,,,66000000.0,51000000.0,,,,,,,,,,106000000.0,,,,,,,54000000.0,,,,,,,,,,,,,,,,,,,-3000000.0,1000000.0,-4000000.0,,,216000000.0,-34000000.0,0.0,-19000000.0,1053000000.0,872000000.0,-3000000.0,184000000.0,-29000000.0,-29000000.0,5000000.0,-34000000.0,-34000000.0,0.0,0.0,0.0,-22000000.0,-22000000.0,-19000000.0,,,235000000.0,235000000.0,-47000000.0,-56000000.0,0.0,6000000.0,8000000.0,-44000000.0,-44000000.0,-24000000.0,-24000000.0,1000000.0,47000000.0,,91000000.0,91000000.0,42000000.0,42000000.0,,101000000.0,,0.0,0.0,,-19000000.0,,,,,,,,,,0.0,,,24000000.0,29000000.0,,0.0,,,,,,,,,,,,,,,,52000000.0,19000000.0,,,,,,,,,,,,,,,,,,,,,,,25000000.0,25000000.0,,-3285000.0,0.365,233000000.0,-9000000.0,-9000000.0,101000000.0,42000000.0,669000000.0,224000000.0,182000000.0,-23000000.0,23000000.0,,106715000.0,101000000.0,1127000000.0,183000000.0,51171119.0,50800552.0,1.97,1.98,101000000.0,101000000.0,101000000.0,101000000.0,101000000.0,58000000.0,159000000.0,-11000000.0,-2000000.0,-10000000.0,10000000.0,-23000000.0,23000000.0,,193000000.0,441000000.0,25000000.0,25000000.0,,146000000.0,270000000.0,159000000.0,111000000.0,111000000.0,634000000.0,686000000.0,1320000000.0,1320000000.0,,,,,,,1000000.0,,,,,,,,,,,
ZBRA,2025-12-31,2025Q4,,-18000000.0,195000000.0,,179000000.0,38000000.0,150000000.0,-506000000.0,1025000000.0,141000000.0,60000000.0,536000000.0,0.0,,,22558911.0,49592946.0,72151857.0,2377000000.0,2697000000.0,-1948000000.0,6090000000.0,-56000000.0,-1948000000.0,3588000000.0,5949000000.0,3588000000.0,3588000000.0,-18000000.0,,2488000000.0,5279000000.0,814000000.0,1000000.0,1000000.0,4914000000.0,3062000000.0,116000000.0,428000000.0,32000000.0,2518000000.0,2361000000.0,1852000000.0,446000000.0,446000000.0,1014000000.0,307000000.0,707000000.0,695000000.0,8502000000.0,6706000000.0,237000000.0,414000000.0,414000000.0,5536000000.0,809000000.0,4727000000.0,519000000.0,1796000000.0,110000000.0,832000000.0,801000000.0,-1000000.0,802000000.0,125000000.0,125000000.0,,396000000.0,157000000.0,141000000.0,,12000000.0,,,166000000.0,729000000.0,,,492000000.0,7000000.0,230000000.0,,,,,0.0,,,,114000000.0,8000000.0,,,,,,141000000.0,12000000.0,,,,,,,,,,31000000.0,,,,,,,63000000.0,,,,,,,,,,,,,,,,,,,-1000000.0,0.0,-1000000.0,,,327000000.0,-303000000.0,-19000000.0,-30000000.0,125000000.0,1053000000.0,2000000.0,-930000000.0,47000000.0,47000000.0,22000000.0,-303000000.0,-303000000.0,328000000.0,328000000.0,-19000000.0,-1334000000.0,-1334000000.0,-30000000.0,,,357000000.0,357000000.0,189000000.0,135000000.0,0.0,-10000000.0,136000000.0,116000000.0,116000000.0,-96000000.0,-96000000.0,1000000.0,33000000.0,,-40000000.0,-40000000.0,59000000.0,59000000.0,,70000000.0,,347000000.0,347000000.0,,-30000000.0,,,,,,,,,,-1303000000.0,,,50000000.0,10000000.0,,-1303000000.0,,,,,,,,,,,,,,,,20000000.0,24000000.0,,,,,,,,,,,,,,,,,,,,,,,40000000.0,40000000.0,,-24571428.571429,0.285714,280000000.0,-86000000.0,-86000000.0,70000000.0,59000000.0,758000000.0,194000000.0,135000000.0,-37000000.0,37000000.0,,131428571.428571,70000000.0,1253000000.0,139000000.0,50652194.0,50239874.0,1.39,1.4,70000000.0,70000000.0,70000000.0,70000000.0,70000000.0,28000000.0,98000000.0,-87000000.0,-1000000.0,-83000000.0,83000000.0,-37000000.0,37000000.0,,222000000.0,476000000.0,40000000.0,40000000.0,,152000000.0,284000000.0,175000000.0,109000000.0,109000000.0,698000000.0,777000000.0,1475000000.0,1475000000.0,,,,,,,-3000000.0,,,,,,,,,,,
SONO,2024-09-30,2024Q3,,,,,,,,-178099000.0,,52112000.0,,44887000.0,0.0,,,,,,,,,,,,,,,,,,,,,,,,,,,,,,,,,,,,,,,,,,,,,,,,,,,,,,,,,,,,,,,,,,,,,,25548000.0,144184000.0,,,,,,,,,,,,,,,,,,,,,,,,,,,,,,,,,,,,,,,,,,,,,,,,,,,,,,,,,,,,,,,,,,,,,,,,,,,,,,,,,,,,,,,,,,,,,,,,,,,,,,,,,,,,,,,,,,,,,,,,,,,,,,,,,,,,,,,,,,,,,,,,,,,,,,,,,,,,,,,,,,,,,,,,,,,,,,,,,,,,,,,,,,,,,,,,,,,,,,,,,,,,,,,,,,,,,,,,,,,,,,,,,
SONO,2024-12-31,2024Q4,,-2918000.0,64155000.0,17319000.0,7369000.0,7369000.0,28509000.0,,142963000.0,,,,,,,3404233.0,121118745.0,124522978.0,,64155000.0,301785000.0,469127000.0,240012000.0,301785000.0,469127000.0,469127000.0,469127000.0,469127000.0,-2918000.0,,48504000.0,-697000.0,521121000.0,125000.0,125000.0,494478000.0,121964000.0,3757000.0,61421000.0,176000.0,56786000.0,,372514000.0,20973000.0,20973000.0,270951000.0,77886000.0,193065000.0,162080000.0,963605000.0,351079000.0,31120000.0,9654000.0,9654000.0,167342000.0,84488000.0,82854000.0,142963000.0,612526000.0,58991000.0,84786000.0,84786000.0,-95486000.0,180272000.0,327857000.0,279955000.0,,61245000.0,56786000.0,,2937000.0,28048000.0,,,142963000.0,140892000.0,,,117040000.0,,23852000.0,,,,,,,,,,,47902000.0,,,,,,,,,,,,,,,,,,,,,,,27393000.0,,,,,,,,,,,,,,,,,,,3772000.0,13900000.0,-10128000.0,,,143067000.0,-36209000.0,,-13106000.0,279955000.0,169732000.0,-2818000.0,113041000.0,-33798000.0,-33798000.0,,-36209000.0,-36209000.0,,,,-9334000.0,-9334000.0,-13106000.0,,,156173000.0,156173000.0,58593000.0,1513000.0,9129000.0,-6437000.0,6454000.0,-5940000.0,-5940000.0,-41374000.0,-41374000.0,841000.0,25334000.0,1305000.0,123000.0,123000.0,17611000.0,17611000.0,,50237000.0,2129000.0,,,,-13106000.0,,,,,,,,,,,,,63000.0,658000.0,2411000.0,,,,,,,,,,,,,,,,,12394000.0,89308000.0,2129000.0,,,,,,,,,,,,,,,,,,,,,,,,,0.0,0.21,61536000.0,0.0,0.0,50237000.0,17611000.0,309451000.0,61536000.0,43925000.0,1751000.0,110000.0,1861000.0,50237000.0,50237000.0,502764000.0,48093000.0,124731619.0,122071586.0,0.4,0.41,50237000.0,50237000.0,50237000.0,50237000.0,50237000.0,-6422000.0,43815000.0,-6029000.0,-6029000.0,0.0,0.0,1751000.0,110000.0,1861000.0,48093000.0,193313000.0,,,,80838000.0,112475000.0,86644000.0,25831000.0,25831000.0,241406000.0,309451000.0,550857000.0,550857000.0,,,,,,,,,,,,,,,,,,
SONO,2025-03-31,2025Q1,,-2295000.0,63026000.0,19332000.0,6584000.0,6584000.0,26113000.0,-201635000.0,335681000.0,,,,,,,3692282.0,120067886.0,123760168.0,,63026000.0,218694000.0,382859000.0,163434000.0,218694000.0,382859000.0,382859000.0,382859000.0,382859000.0,-2295000.0,,51934000.0,-70841000.0,507805000.0,124000.0,124000.0,409319000.0,119729000.0,2700000.0,60587000.0,311000.0,56442000.0,,289590000.0,21214000.0,21214000.0,191477000.0,61420000.0,130057000.0,117946000.0,792178000.0,339154000.0,31746000.0,9197000.0,9197000.0,164165000.0,81311000.0,82854000.0,134046000.0,453024000.0,50666000.0,40430000.0,40430000.0,-55907000.0,96337000.0,223507000.0,173158000.0,,60276000.0,56442000.0,,5268000.0,6843000.0,,,335681000.0,138421000.0,,,112910000.0,,25511000.0,,,,,,,,,,,50349000.0,,,,,,,,,,,,,,,,,,,,,,,24870000.0,,,,,,,,,,,,,,,,,,,-2272000.0,13500000.0,-15772000.0,,,-65222000.0,-40639000.0,,-5556000.0,173158000.0,279955000.0,1093000.0,-107890000.0,-40396000.0,-40396000.0,,-40639000.0,-40639000.0,,,,-7828000.0,-7828000.0,-5556000.0,,,-59666000.0,-59666000.0,-27592000.0,-1770000.0,-3338000.0,7765000.0,-79632000.0,-77694000.0,-77694000.0,46076000.0,46076000.0,5576000.0,20102000.0,-1448000.0,874000.0,874000.0,15167000.0,15167000.0,,-70144000.0,-2201000.0,,,,-5556000.0,,,,,,,,,,,,,63000.0,15835000.0,243000.0,,,,,,,,,,,,,,,,,-1938000.0,3307000.0,-2201000.0,,,,,,,,,,,,,,,,,,,,,,,,,-1469790.0,0.21,-36892000.0,-6999000.0,-6999000.0,-70144000.0,15167000.0,146147000.0,-43891000.0,-59058000.0,1864000.0,109000.0,1973000.0,-64614790.0,-70144000.0,313981000.0,-61224000.0,119919163.0,119919163.0,-0.58,-0.58,-70144000.0,-70144000.0,-70144000.0,-70144000.0,-70144000.0,10977000.0,-59167000.0,-6806000.0,193000.0,-6999000.0,6999000.0,1864000.0,109000.0,1973000.0,-54225000.0,167834000.0,,,,77423000.0,90411000.0,61418000.0,28993000.0,28993000.0,113609000.0,146147000.0,259756000.0,259756000.0,,,,,,,,,,,,,,,,,,
SONO,2025-06-30,2025Q2,,1178000.0,62170000.0,17333000.0,7023000.0,7023000.0,26408000.0,-216107000.0,343458000.0,,,,,,,1277358.0,120781141.0,122058499.0,,62170000.0,238444000.0,399306000.0,187538000.0,238444000.0,399306000.0,399306000.0,399306000.0,399306000.0,1178000.0,,16322000.0,-74220000.0,488548000.0,122000.0,122000.0,435096000.0,119493000.0,2736000.0,61610000.0,512000.0,55147000.0,,315603000.0,21867000.0,21867000.0,219864000.0,61232000.0,158632000.0,143992000.0,834402000.0,331261000.0,33036000.0,10012000.0,10012000.0,160862000.0,78008000.0,82854000.0,127351000.0,503141000.0,39559000.0,94201000.0,94201000.0,-53086000.0,147287000.0,253954000.0,201273000.0,,61098000.0,55147000.0,,3972000.0,10668000.0,,,343458000.0,115427000.0,,,93264000.0,,22163000.0,,,,,,,,,,,52681000.0,,,,,,,,,,,,,,,,,,,,,,,23108000.0,,,,,,,,,,,,,,,,,,,-2249000.0,15800000.0,-18049000.0,,,32685000.0,-4508000.0,,-4756000.0,201273000.0,173158000.0,2188000.0,25927000.0,-4509000.0,-4509000.0,,-4508000.0,-4508000.0,,,,-7005000.0,-7005000.0,-4756000.0,,,37441000.0,37441000.0,-6724000.0,-776000.0,-4321000.0,10288000.0,28189000.0,28293000.0,28293000.0,-53712000.0,-53712000.0,2338000.0,19353000.0,9385000.0,-55000.0,-55000.0,15879000.0,15879000.0,,-3379000.0,644000.0,,,,-4756000.0,,,,,,,,,,,,,71000.0,2572000.0,-1000.0,,,,,,,,,,,,,,,,,-104000.0,13608000.0,644000.0,,,,,,,,,,,,,,,,,,,,,,,,,-696990.0,0.21,18502000.0,-3319000.0,-3319000.0,-3379000.0,15879000.0,195040000.0,15183000.0,-696000.0,1455000.0,117000.0,1572000.0,-756990.0,-3379000.0,344374000.0,-2929000.0,120423439.0,120423439.0,-0.03,-0.03,-3379000.0,-3379000.0,-3379000.0,-3379000.0,-3379000.0,2566000.0,-813000.0,-2658000.0,661000.0,-3319000.0,3319000.0,1455000.0,117000.0,1572000.0,390000.0,149334000.0,,,,59750000.0,89584000.0,61538000.0,28046000.0,28046000.0,149724000.0,195040000.0,344764000.0,344764000.0,,,,,,,,,,,,,,,,,,
SONO,2025-09-30,2025Q3,,1803000.0,59623000.0,19389000.0,6335000.0,6335000.0,21331000.0,-197661000.0,315235000.0,45842000.0,,37255000.0,0.0,,,2788802.0,120093113.0,122881915.0,,59623000.0,197015000.0,355225000.0,151623000.0,197015000.0,355225000.0,355225000.0,355225000.0,355225000.0,1803000.0,,37398000.0,-112078000.0,502775000.0,123000.0,123000.0,468053000.0,115641000.0,2774000.0,59579000.0,126000.0,53288000.0,,352412000.0,21771000.0,21771000.0,263203000.0,65044000.0,198159000.0,184109000.0,823278000.0,319243000.0,32950000.0,10509000.0,10509000.0,158210000.0,75356000.0,82854000.0,117574000.0,504035000.0,39642000.0,65847000.0,65847000.0,-66098000.0,131945000.0,227526000.0,174668000.0,,59453000.0,53288000.0,,3917000.0,10133000.0,,,232138000.0,171020000.0,,,153485000.0,,17535000.0,,16112000.0,158556000.0,,,,,,,,52858000.0,,,,,,,,,,,,,,,,,,,,,,,20383000.0,,,,,,,,,,,,,,,,,,,-95000.0,13900000.0,-13995000.0,,,-2337000.0,-25489000.0,,-5258000.0,174668000.0,201273000.0,-534000.0,-26071000.0,-23639000.0,-23639000.0,,-25489000.0,-25489000.0,,,,-5353000.0,-5353000.0,-5258000.0,,,2921000.0,2921000.0,3659000.0,-1704000.0,-1929000.0,-1133000.0,35782000.0,40902000.0,40902000.0,27137000.0,27137000.0,6934000.0,16775000.0,-1099000.0,-934000.0,-934000.0,13664000.0,13664000.0,,-37858000.0,1780000.0,,,,-5258000.0,,,,,,,,,,,,,82000.0,4880000.0,1850000.0,,,,,,,,,,,,,,,,,-5120000.0,-54494000.0,1780000.0,,,,,,,,,,,,,,,,,,,,,,,,,-1511160.0,0.21,-13343000.0,-7196000.0,-7196000.0,-37858000.0,13664000.0,162109000.0,-20539000.0,-34203000.0,1399000.0,129000.0,1528000.0,-32173160.0,-37858000.0,315113000.0,-34409000.0,120598219.0,120598219.0,-0.31,-0.31,-37858000.0,-37858000.0,-37858000.0,-37858000.0,-37858000.0,3526000.0,-34332000.0,-8518000.0,-1322000.0,-7196000.0,7196000.0,1399000.0,129000.0,1528000.0,-27213000.0,153004000.0,,,,61958000.0,91046000.0,61814000.0,29232000.0,29232000.0,125791000.0,162109000.0,287900000.0,287900000.0,,,,,,,,,,,,,,,,,,
SONO,2025-12-31,2025Q4,,3555000.0,59219000.0,19004000.0,7118000.0,7118000.0,21711000.0,-207643000.0,317911000.0,,,,,,,3005292.0,120860884.0,123866176.0,,59219000.0,289540000.0,443326000.0,252070000.0,289540000.0,443326000.0,443326000.0,443326000.0,443326000.0,3555000.0,,47782000.0,-18280000.0,505709000.0,124000.0,124000.0,504549000.0,116380000.0,2894000.0,61385000.0,129000.0,52101000.0,,388169000.0,22283000.0,22283000.0,291500000.0,61084000.0,230416000.0,203812000.0,947875000.0,307636000.0,33037000.0,10545000.0,10545000.0,153786000.0,70932000.0,82854000.0,110268000.0,640239000.0,35146000.0,116270000.0,116270000.0,-107090000.0,223360000.0,363491000.0,312504000.0,,61256000.0,52101000.0,,4217000.0,22387000.0,,,317911000.0,125332000.0,,,110721000.0,,14611000.0,,,,,,,,,,,50987000.0,,,,,,,,,,,,,,,,,,,,,,,26553000.0,,,,,,,,,,,,,,,,,,,1894000.0,14400000.0,-12506000.0,,,157349000.0,-35873000.0,,-5958000.0,312504000.0,174668000.0,2014000.0,135822000.0,-23421000.0,-23421000.0,-780000.0,-35873000.0,-35873000.0,,,,-4064000.0,-4064000.0,-5958000.0,,,163307000.0,163307000.0,39695000.0,2073000.0,5175000.0,4263000.0,31770000.0,31224000.0,31224000.0,-49120000.0,-49120000.0,2025000.0,15191000.0,153000.0,48000.0,48000.0,14022000.0,14022000.0,,93798000.0,-1625000.0,,,,-5958000.0,,,,,,,,,,,,,67000.0,1469000.0,13232000.0,,,,,,,,,,,,,,,,,546000.0,45534000.0,-1625000.0,,,,,,,,,,,,,,,,,,,,,,,,,0.0,0.081024,116206000.0,0.0,0.0,93798000.0,14022000.0,292202000.0,116206000.0,102184000.0,1232000.0,116000.0,1348000.0,93798000.0,93798000.0,445246000.0,100416000.0,124662298.0,120489548.0,0.75,0.78,93798000.0,93798000.0,93798000.0,93798000.0,93798000.0,8270000.0,102068000.0,420000.0,420000.0,0.0,0.0,1232000.0,116000.0,1348000.0,100416000.0,153044000.0,,,,59762000.0,93282000.0,65273000.0,28009000.0,28009000.0,253460000.0,292202000.0,545662000.0,545662000.0,,,,,,,,,,,,,,,,,,
XYZ,2024-09-30,2024Q3,,,,,,,,,,,,,,,,,,,,,,,,,,,,,,,,,,,,,,,,,,,,,,,,,,,,,,,,,,,,,,,,,,,,,,,,,,,,,,,,,,,,,,,,,,,,,,,,,,,,,,,,,,,,,,,,,,,,,,,,,,,,,,,,,,,,,,,,,,,,,,,,,,,,,,,,,,,,,,,,,,,,,,,,,,,,,,,,,,,,,,,,,,,,,,,,,,,,,17136000.0,74291000.0,,,,,,,,,,,,,,,,,,,,,,,,,,,,,,,,,,,,,,,,,,,,,,,,,,,,,,,,,,,,,,632760000.0,616428000.0,0.45,0.46,,,,,,,,,,,,,,,,,,,,,,,,,,,,,,,,,13811000.0,,,,,,,,,,,,,
XYZ,2024-12-31,2024Q4,,,,,,,,-456655000.0,,126221000.0,,644866000.0,0.0,,,,,,,,,,,,,,,,,,,,,,,,,,,,,,,,,,,,,,,,,,,,,,,,,,,,,,,,,1184497000.0,,,,,,,,,,,,,,,,,,,,,,,,,,,1184497000.0,,,,,,,,,,,,,,,,,,,,,,,,,,,,,,,,,,,,,,,,,,,,,,,,,,,,,,,,,,,,,,,,,,,,,,,,,,,,,,,,,,,,,,,,,,,,,,,,,,,,116423000.0,64617000.0,,,,,,,,,,,,,,,,,,,,,,,,,,,,,,,,,,,,,,,,,,,,,,,,,,,,,,,,,,,,,,,,,,,,,,,,,,,,,,,,,,,,,,,,,,,,,,,,,,16107000.0,,,,,,,,,,,,,
XYZ,2025-03-31,2025Q1,-34120000.0,-870815000.0,317573000.0,300713000.0,52017000.0,52017000.0,,,521313000.0,,,,,,277289000.0,,616874763.0,616874763.0,,6044957000.0,8574211000.0,27196578000.0,11025668000.0,8574211000.0,21469194000.0,27196578000.0,21435074000.0,21469194000.0,-870815000.0,,,2558490000.0,19781519000.0,0.0,0.0,14960493000.0,6273782000.0,118124000.0,162718000.0,162718000.0,5992940000.0,5727384000.0,8686711000.0,276347000.0,276347000.0,8057634000.0,865864000.0,7191770000.0,89021000.0,36395567000.0,16683188000.0,275638000.0,1766132000.0,1766132000.0,12894983000.0,1391242000.0,11503741000.0,521313000.0,19712379000.0,380199000.0,5499616000.0,3338229000.0,-193420000.0,3531649000.0,12764661000.0,12337561000.0,,,265556000.0,,7102749000.0,,516672000.0,243058000.0,521313000.0,108840000.0,,,,,,436777000.0,937057000.0,11400504000.0,273614000.0,0.0,,1225122000.0,708450000.0,,,427100000.0,,,,,,,,,,,,,,,,,1724610000.0,,681774000.0,,,,,,,,,,,,,,,,,,,,,,,243034000.0,412699000.0,-169665000.0,,,101454000.0,-445298000.0,-2091761000.0,-31882000.0,13089173000.0,13230512000.0,22249000.0,-163588000.0,-1211632000.0,-1211632000.0,1100320000.0,-445298000.0,-445298000.0,-1868937000.0,-1868937000.0,-2091761000.0,914708000.0,914708000.0,-31882000.0,,,133336000.0,133336000.0,-168502000.0,-97193000.0,,,164904000.0,164904000.0,164904000.0,-88267000.0,-88267000.0,-392144000.0,315236000.0,,7599000.0,7599000.0,88948000.0,88948000.0,,188722000.0,93477000.0,222824000.0,222824000.0,,-31882000.0,,,,,,,,,,,,,,,2283000.0,,-147946000.0,93351000.0,126000.0,703556000.0,,,,,,,,,,,,,,,,,,,,,,,,,,,,,,,,,,,,33656000.0,33656000.0,1150000.0,-44403422.682229,0.168809,596281000.0,-263040000.0,-263040000.0,189872000.0,88948000.0,3426901000.0,333241000.0,244293000.0,-17243000.0,17243000.0,,408508577.317771,189872000.0,5272805000.0,329302000.0,635342000.0,619370000.0,0.3,0.31,191383000.0,189872000.0,189872000.0,188722000.0,188722000.0,38328000.0,227050000.0,-254698000.0,8342000.0,-169689000.0,169689000.0,-17243000.0,17243000.0,,498991000.0,1790612000.0,33656000.0,33656000.0,,760699000.0,996257000.0,504460000.0,491797000.0,491797000.0,2289603000.0,3482193000.0,5771796000.0,5771796000.0,,,,,,,-93351000.0,,,,,,,1511000.0,,,,
XYZ,2025-06-30,2025Q2,-34244000.0,-381913000.0,307685000.0,282486000.0,1742961000.0,51982000.0,,,513422000.0,,,,,,255652000.0,,610203000.0,610203000.0,,6122475000.0,8971607000.0,27971926000.0,9636348000.0,8971607000.0,22157136000.0,26280947000.0,22122892000.0,22157136000.0,-381913000.0,,,3096948000.0,19442101000.0,0.0,0.0,14735499000.0,4664185000.0,121917000.0,162754000.0,162754000.0,4379514000.0,4123811000.0,10071314000.0,296676000.0,296676000.0,7749191000.0,673271000.0,7075920000.0,118816000.0,36858391000.0,17150729000.0,283165000.0,1793827000.0,1793827000.0,13185529000.0,1368735000.0,11816794000.0,513422000.0,19707662000.0,376926000.0,6472035000.0,3596893000.0,-211981000.0,3808874000.0,11719389000.0,11322038000.0,,,255703000.0,1690979000.0,6957104000.0,,443130000.0,246558000.0,513422000.0,138141000.0,,,,,,423945000.0,1241586000.0,10080452000.0,196572000.0,0.0,,1374786000.0,931656000.0,,,397351000.0,,,,,1690979000.0,,,,,,,,,,,,2451197000.0,,745519000.0,,,,,,,,,,,,,,,,,,,,,,,-606607000.0,696836000.0,-1303443000.0,,,343012000.0,-692204000.0,-151180000.0,-31310000.0,12142570000.0,13089173000.0,72683000.0,-1019286000.0,-907828000.0,-907828000.0,-325916000.0,-692204000.0,-692204000.0,61493000.0,61493000.0,-151180000.0,-485780000.0,-485780000.0,-31310000.0,,,374322000.0,374322000.0,-251344000.0,-379389000.0,,,150398000.0,150398000.0,150398000.0,-170299000.0,-170299000.0,-251893000.0,297341000.0,,44420000.0,44420000.0,92397000.0,92397000.0,,538334000.0,-94933000.0,212673000.0,212673000.0,,-31310000.0,,,,,,,,,,,,,,,48799000.0,,,,-1582000.0,152137000.0,,,,,,,,,,,,,,,,,,,,,,,,,,,,,,,,,,,,33891000.0,33891000.0,124000.0,-20481250.0,0.25,952705000.0,-81925000.0,-81925000.0,538458000.0,92397000.0,3459421000.0,870780000.0,778383000.0,-23687000.0,,,599901750.0,538458000.0,5276074000.0,484293000.0,618928000.0,612882000.0,0.87,0.88,538458000.0,538458000.0,538458000.0,538334000.0,538334000.0,121048000.0,659382000.0,-95314000.0,-13389000.0,-294090000.0,294090000.0,-23687000.0,,,778383000.0,1758147000.0,33891000.0,33891000.0,,725288000.0,998968000.0,549731000.0,449237000.0,449237000.0,2536530000.0,3517927000.0,6054457000.0,6054457000.0,,,,,23687000.0,,212165000.0,,,,,,,,,,,
XYZ,2025-09-30,2025Q3,-34190000.0,-415745000.0,314849000.0,286780000.0,1784868000.0,55380000.0,,,557166000.0,,,,,,158430000.0,,609244000.0,609244000.0,,8101348000.0,9373449000.0,30293897000.0,11959735000.0,9373449000.0,22507398000.0,28564409000.0,22473208000.0,22507398000.0,-415745000.0,,,3558492000.0,19364651000.0,0.0,0.0,16709615000.0,6601625000.0,122810000.0,162335000.0,162335000.0,6316480000.0,6057011000.0,10107990000.0,323061000.0,323061000.0,7713281000.0,787729000.0,6925552000.0,125880000.0,39182823000.0,17115098000.0,285218000.0,1542364000.0,1542364000.0,13133949000.0,1326091000.0,11807858000.0,557166000.0,22067725000.0,521154000.0,6901392000.0,3474923000.0,-209972000.0,3684895000.0,13588528000.0,13139650000.0,,,259469000.0,1729488000.0,6799672000.0,,594982000.0,418198000.0,557166000.0,166631000.0,,,,,,445157000.0,1143767000.0,11995883000.0,176784000.0,0.0,,1596401000.0,1001419000.0,,,448878000.0,,,,,1729488000.0,,,,,,,,,,,,2981312000.0,,731590000.0,,,,,,,,,,,,,,,,,,,,,,,-1362376000.0,5335364000.0,-6697740000.0,,,1400410000.0,-403027000.0,-214552000.0,-50646000.0,13945026000.0,12142570000.0,-14417000.0,1816873000.0,1466559000.0,1466559000.0,-136060000.0,-403027000.0,-403027000.0,1998481000.0,1998481000.0,-214552000.0,-1100742000.0,-1100742000.0,-50646000.0,,,1451056000.0,1451056000.0,64761000.0,99824000.0,,,-2241000.0,-2241000.0,-2241000.0,-32822000.0,-32822000.0,12958039000.0,309380000.0,,130737000.0,130737000.0,92119000.0,92119000.0,,461598000.0,-12565578000.0,2213033000.0,2213033000.0,,-50646000.0,,,,,,,,,,,,,,,7165000.0,,,,-171126000.0,312280000.0,,,,,,,,,,,,,,,,,,,,,,,,,,,,,,,,,,,,34133000.0,34133000.0,-54000.0,-72928080.0,0.24,1168881000.0,-303867000.0,-303867000.0,461544000.0,92119000.0,3395396000.0,865014000.0,772895000.0,-34652000.0,,,692482920.0,461544000.0,5342057000.0,409440000.0,621658000.0,610199000.0,0.74,0.76,462408000.0,461544000.0,461544000.0,461598000.0,461598000.0,139928000.0,601526000.0,-136717000.0,167150000.0,-363455000.0,363455000.0,-34652000.0,,,772895000.0,1888675000.0,34133000.0,34133000.0,,711235000.0,1143307000.0,599333000.0,543974000.0,543974000.0,2661570000.0,3453382000.0,6114952000.0,6114952000.0,,,,,34652000.0,,59588000.0,,,,,,,864000.0,,,,
XYZ,2025-12-31,2025Q4,-34396000.0,-365381000.0,312475000.0,301642000.0,2095550000.0,55349000.0,,-537880000.0,1076184000.0,131681000.0,,729574000.0,0.0,,288707000.0,,602078000.0,602078000.0,,8966376000.0,9073590000.0,30858179000.0,12472420000.0,9073590000.0,22204278000.0,28817978000.0,22169882000.0,22204278000.0,-365381000.0,,,3674254000.0,18895405000.0,0.0,0.0,17380005000.0,6995545000.0,123546000.0,1173000.0,1173000.0,6870826000.0,6613700000.0,10384460000.0,297432000.0,297432000.0,7689836000.0,769898000.0,6919938000.0,114572000.0,39549887000.0,16693007000.0,331639000.0,1302776000.0,1302776000.0,13130688000.0,1281670000.0,11849018000.0,538304000.0,22856880000.0,491510000.0,8882841000.0,4268512000.0,-239865000.0,4508377000.0,11963929000.0,11335916000.0,,,257126000.0,2040201000.0,6805366000.0,,612085000.0,423198000.0,214929000.0,158319000.0,,,,,,448406000.0,1108097000.0,10227819000.0,188887000.0,0.0,,1389600000.0,777515000.0,,,628013000.0,,,,,2040201000.0,,,,,,,,,,,,4165923000.0,,1071574000.0,,,,,,,,,,,,,,,,,,,,,,,-1709917000.0,8514255000.0,-10224172000.0,,,579800000.0,-790132000.0,0.0,-41200000.0,12481276000.0,13945026000.0,5566000.0,-1469316000.0,39802000.0,39802000.0,-57520000.0,-790132000.0,-790132000.0,856758000.0,856758000.0,0.0,-2130118000.0,-2130118000.0,-41200000.0,,,621000000.0,621000000.0,-486419000.0,-191661000.0,,,60534000.0,60534000.0,60534000.0,-195928000.0,-195928000.0,-11944785000.0,293523000.0,,152282000.0,152282000.0,96065000.0,96065000.0,,115556000.0,12394778000.0,856758000.0,856758000.0,,-41200000.0,,,,,,,,,,,,,,,30696000.0,,,,326000.0,-379001000.0,,,,,,,,,,,,,,,,,,,,,,,,,,,,,,,,,,,,34049000.0,34049000.0,206000.0,-156305940.0,0.21,1835762000.0,-744314000.0,-744314000.0,115762000.0,96065000.0,3318236000.0,1091448000.0,995383000.0,-53781000.0,,,703770060.0,115762000.0,5257095000.0,485371000.0,,,,,116533000.0,115762000.0,115762000.0,115556000.0,115556000.0,86397000.0,201953000.0,-739649000.0,4665000.0,-510012000.0,510012000.0,-53781000.0,,,995383000.0,1876843000.0,34049000.0,34049000.0,,710667000.0,1132127000.0,619548000.0,512579000.0,512579000.0,2872226000.0,3380252000.0,6252478000.0,6252478000.0,,,,,53781000.0,,-234302000.0,,,,,,,771000.0,,,,
XYZ,2026-03-31,2026Q1,-34310000.0,-252131000.0,298371000.0,250798000.0,1913962000.0,56026000.0,327200000.0,,483288000.0,,,,,,359481000.0,,595271000.0,595271000.0,,8133391000.0,8513290000.0,29550358000.0,11799315000.0,8513290000.0,21715338000.0,27692422000.0,21681028000.0,21715338000.0,-252131000.0,,,3365573000.0,18601896000.0,0.0,0.0,18305053000.0,6337943000.0,118460000.0,54000.0,54000.0,6219429000.0,5977084000.0,11967110000.0,352775000.0,352775000.0,9122375000.0,1014995000.0,8107380000.0,134013000.0,39986081000.0,16219656000.0,293609000.0,1380684000.0,1380684000.0,13202048000.0,1245784000.0,11956264000.0,483288000.0,23766425000.0,841664000.0,7761878000.0,3753516000.0,-236688000.0,3990204000.0,13262148000.0,12799537000.0,,,242345000.0,1857936000.0,7973367000.0,,242737000.0,88112000.0,483288000.0,174318000.0,,,,,,577743000.0,1090189000.0,11709348000.0,154625000.0,0.0,,860027000.0,617290000.0,,,462611000.0,,,,,1857936000.0,,,,,,,,,745612000.0,,,3430619000.0,,621324000.0,,,,,,,,,,,,,,,,,,,,,,,-322006000.0,10399000000.0,-10721006000.0,,,935021000.0,-635988000.0,-1065192000.0,-30574000.0,13494520000.0,12481276000.0,-471000.0,1013715000.0,-251910000.0,-251910000.0,1224699000.0,-635988000.0,-635988000.0,-841239000.0,-841239000.0,-1065192000.0,300030000.0,300030000.0,-30574000.0,,,965595000.0,965595000.0,454027000.0,557539000.0,,,-122404000.0,-122404000.0,-122404000.0,89666000.0,89666000.0,286030000.0,338700000.0,,-79027000.0,-79027000.0,95977000.0,95977000.0,,-308595000.0,178483000.0,223953000.0,223953000.0,,-30574000.0,,,,,,,,,,,,,,,618000.0,,-70774000.0,172818000.0,5665000.0,652610000.0,,,,,,,,,,,,,,,,,,,,,,,,,,,,,,,,,,,,34159000.0,34159000.0,-86000.0,-143959271.75051,0.213925,429538000.0,-672943000.0,-672943000.0,-308681000.0,95977000.0,3085790000.0,-243405000.0,-339382000.0,-53195000.0,53195000.0,,220302728.24949,-308681000.0,5728712000.0,-171990000.0,597586000.0,597586000.0,-0.52,-0.52,-308681000.0,-308681000.0,-308681000.0,-308595000.0,-308595000.0,-83982000.0,-392577000.0,-667517000.0,5426000.0,-500125000.0,500125000.0,-53195000.0,53195000.0,,328135000.0,2581104000.0,34159000.0,34159000.0,,1038873000.0,1508072000.0,650508000.0,857564000.0,857564000.0,2909239000.0,3147608000.0,6056847000.0,6056847000.0,,,,,,,-172818000.0,,,,,,,0.0,,,,
Z,2024-09-30,2024Q3,,4000000.0,,,,,,,,,6000000.0,,,,,,,,,,,,,,,,,,,,,,,,,,,,,,,497000000.0,,,,,,,,,,,,,,,,,,,,,,,,,,,,,,,,,,,,,,,,,,,,,,,,,,,,,,,418000000.0,,,,,,,,,,,,,,,,,,,,,,,,,,,,,,,,,,,,,,,,,,,,-608000000.0,,,,,,,,,,,,-697000000.0,-608000000.0,,,,,,,,,,,,,,,,,,,,,,,,,,,-34000000.0,,,,,,,,,,,,,,,,,,,,,,,,,,,,,,,,,,,,,,,,,,,,,,-34000000.0,-34000000.0,,,,,,,,,,,,,,,,,,,,,,,,,,,,,,,,,,,,,,,,,,,,,,1000000.0,,,,,,,,,,,,,,,,,,,,,,,,,,,,,,,,,,,
Z,2024-12-31,2024Q4,,-3000000.0,,33000000.0,,,,,,,,,,,,,,,,,,,,,,,,,,,,,,,,,,,,,,,,,,,,,,,,,,,,,,,,,,,,,,,,,,,,,,,,,,,,,,,,,,,,,,,,,,,,,418000000.0,,,,,,,,,,,,,,,,2000000.0,,,,,,,,,,,,,,,,,,,,,,,,,,,,-499000000.0,,,,,,,,,,,,-499000000.0,-499000000.0,,,,,,,,,,,5000000.0,,,,,,,,,,,,,,,,-3000000.0,,,,,,,,,,,,,-7000000.0,,,,,,-7000000.0,,,,,,,,,,,,,,,0.0,,,,,,,,,,,-4000000.0,-3000000.0,-3000000.0,,,,,,,,,,,,,,,,,,0.0,0.0,,,,,,,,,,,,,,,,,,,,,,,,,,0.0,0.0,,,,,,,,,,,,,,,,,,0.0,,,0.0,,,,,,,,,,,,,,
Z,2025-03-31,2025Q1,,,95000000.0,,607000000.0,15000000.0,52000000.0,-29190000.0,124000000.0,36000000.0,,31000000.0,0.0,,,,241319551.0,241319551.0,,687000000.0,1307810000.0,5346000000.0,1279000000.0,1307810000.0,4754000000.0,4754000000.0,4754000000.0,4754000000.0,0.0,,,-1874000000.0,6628000000.0,0.0,0.0,992000000.0,117000000.0,37000000.0,,,80000000.0,,875000000.0,70000000.0,70000000.0,146000000.0,111000000.0,35000000.0,35000000.0,5746000000.0,3592000000.0,24000000.0,,,3446190000.0,623190000.0,2823000000.0,94810000.0,2154000000.0,247000000.0,115000000.0,115000000.0,,,1603000000.0,914000000.0,,,80000000.0,592000000.0,,,,,57000000.0,,,,,,,,899000000.0,15000000.0,,0.0,173000000.0,,,,,689000000.0,,,,,419000000.0,,,27000000.0,,,,,,185000000.0,,,,,4000000.0,,,,,,,,,,,,,,,,,,,,,,,92000000.0,152000000.0,-60000000.0,,,-40000000.0,-250000000.0,,-144000000.0,918000000.0,1085000000.0,,-167000000.0,-219000000.0,-219000000.0,-30000000.0,-250000000.0,-250000000.0,28000000.0,,,-52000000.0,-52000000.0,-36000000.0,,,104000000.0,104000000.0,-68000000.0,-4000000.0,-3000000.0,-26000000.0,14000000.0,5000000.0,5000000.0,-11000000.0,-11000000.0,3000000.0,97000000.0,,,,67000000.0,67000000.0,67000000.0,8000000.0,,,,,-36000000.0,,,,,,,,,,,,,,,33000000.0,,-38000000.0,,,,-108000000.0,-108000000.0,,,,,,,,,0.0,9000000.0,,,,,,,,,,-3000000.0,28000000.0,,,,,,,,,,,,,,,,0.0,0.0,80000000.0,0.0,0.0,8000000.0,67000000.0,139000000.0,80000000.0,13000000.0,-5000000.0,5000000.0,,8000000.0,8000000.0,607000000.0,-9000000.0,256192000.0,242256000.0,0.03,0.03,8000000.0,8000000.0,8000000.0,8000000.0,8000000.0,0.0,8000000.0,22000000.0,22000000.0,0.0,,-5000000.0,5000000.0,,-9000000.0,468000000.0,,,,149000000.0,319000000.0,198000000.0,121000000.0,121000000.0,459000000.0,139000000.0,598000000.0,587000000.0,,,,0.0,,,,,,,,,,,,,,
Z,2025-06-30,2025Q2,,1000000.0,98000000.0,,242000000.0,12000000.0,57000000.0,-28000000.0,127000000.0,32000000.0,4000000.0,29000000.0,0.0,,,,241131535.0,241131535.0,,328000000.0,1302000000.0,4976000000.0,1275000000.0,1302000000.0,4746000000.0,4746000000.0,4746000000.0,4746000000.0,1000000.0,,,-1872000000.0,6617000000.0,0.0,0.0,670000000.0,124000000.0,38000000.0,,,86000000.0,,546000000.0,70000000.0,70000000.0,177000000.0,121000000.0,56000000.0,56000000.0,5416000000.0,3595000000.0,24000000.0,,,3444000000.0,621000000.0,2823000000.0,99000000.0,1821000000.0,257000000.0,151000000.0,151000000.0,,,1158000000.0,587000000.0,,,86000000.0,230000000.0,,,,,62000000.0,,,,,,,,565000000.0,22000000.0,,0.0,230000000.0,,,,,571000000.0,,,,,,,,28000000.0,,,,,,250000000.0,,,,,5000000.0,,,,,,,,,,,,,,,,,,,,,,,121000000.0,170000000.0,-49000000.0,,,43000000.0,-150000000.0,,-44000000.0,592000000.0,918000000.0,,-326000000.0,-490000000.0,-490000000.0,0.0,-150000000.0,-150000000.0,-362000000.0,,,77000000.0,77000000.0,-37000000.0,,,87000000.0,87000000.0,-84000000.0,-1000000.0,-95000000.0,,30000000.0,21000000.0,21000000.0,-36000000.0,-36000000.0,3000000.0,99000000.0,,,,69000000.0,69000000.0,69000000.0,2000000.0,,,,,-37000000.0,,,,,,,,,,,,,,,22000000.0,,-8000000.0,,,,-7000000.0,-7000000.0,,,,,,,,,0.0,9000000.0,,,,,,,,,,-2000000.0,,,,,,,,,,,,,,,,,0.0,0.0,76000000.0,0.0,0.0,2000000.0,69000000.0,166000000.0,76000000.0,7000000.0,-5000000.0,5000000.0,,2000000.0,2000000.0,666000000.0,-11000000.0,251665000.0,241083000.0,0.01,0.01,2000000.0,2000000.0,2000000.0,2000000.0,2000000.0,0.0,2000000.0,18000000.0,18000000.0,0.0,,-5000000.0,5000000.0,,-11000000.0,500000000.0,,,,153000000.0,347000000.0,226000000.0,121000000.0,121000000.0,489000000.0,166000000.0,655000000.0,641000000.0,,,,0.0,,,,,,,,,,,,,,
Z,2025-09-30,2025Q3,,2000000.0,95000000.0,,285000000.0,13000000.0,59000000.0,-28570000.0,122000000.0,32000000.0,3000000.0,29000000.0,0.0,,,,242035333.0,242035333.0,,367000000.0,1560430000.0,5264000000.0,1535000000.0,1560430000.0,4992000000.0,4992000000.0,4992000000.0,4992000000.0,2000000.0,,,-1862000000.0,6852000000.0,0.0,0.0,706000000.0,122000000.0,40000000.0,,,82000000.0,,584000000.0,69000000.0,69000000.0,171000000.0,133000000.0,38000000.0,38000000.0,5698000000.0,3579000000.0,27000000.0,,,3431570000.0,608570000.0,2823000000.0,93430000.0,2119000000.0,277000000.0,157000000.0,157000000.0,,,1389000000.0,874000000.0,,,82000000.0,272000000.0,,,,,58000000.0,,,,,,,,854000000.0,20000000.0,,0.0,272000000.0,,,,,515000000.0,,,,,,,,27000000.0,,,,,,291000000.0,,,,,5000000.0,,,,,,,,,,,,,,,,,,,,,,,59000000.0,77000000.0,-18000000.0,,,65000000.0,-38000000.0,0.0,-40000000.0,879000000.0,592000000.0,,287000000.0,163000000.0,163000000.0,38000000.0,-38000000.0,-38000000.0,42000000.0,-85000000.0,0.0,19000000.0,19000000.0,-32000000.0,,,105000000.0,105000000.0,-78000000.0,-4000000.0,89000000.0,,-4000000.0,-18000000.0,-18000000.0,-6000000.0,-6000000.0,5000000.0,99000000.0,,,,69000000.0,69000000.0,69000000.0,10000000.0,,42000000.0,,,-32000000.0,,,,,,,,,,,,,,,121000000.0,,-21000000.0,,,,-8000000.0,-8000000.0,,,,,,,,,2000000.0,14000000.0,,,,,,,,,,-2000000.0,,,,,,,,,,,,,,,,,-333333.333333,0.166667,86000000.0,-2000000.0,-2000000.0,10000000.0,69000000.0,185000000.0,84000000.0,15000000.0,-3000000.0,3000000.0,,11666666.666667,10000000.0,677000000.0,-3000000.0,256243000.0,242326000.0,0.04,0.04,10000000.0,10000000.0,10000000.0,10000000.0,10000000.0,2000000.0,12000000.0,16000000.0,18000000.0,-2000000.0,0.0,-3000000.0,3000000.0,,-1000000.0,492000000.0,,,,151000000.0,341000000.0,214000000.0,127000000.0,127000000.0,491000000.0,185000000.0,676000000.0,662000000.0,,,,2000000.0,,,,,,,,,,,,,,
Z,2025-12-31,2025Q4,,2000000.0,93000000.0,33000000.0,378000000.0,14000000.0,62000000.0,-26960000.0,114000000.0,32000000.0,,26000000.0,0.0,,,,240445517.0,240445517.0,,457000000.0,1463040000.0,5248000000.0,1443000000.0,1463040000.0,4884000000.0,4884000000.0,4884000000.0,4884000000.0,2000000.0,,,-1859000000.0,6741000000.0,0.0,0.0,801000000.0,122000000.0,43000000.0,,,79000000.0,,679000000.0,69000000.0,69000000.0,137000000.0,101000000.0,36000000.0,36000000.0,5685000000.0,3563000000.0,28000000.0,,,3420960000.0,597960000.0,2823000000.0,87040000.0,2122000000.0,287000000.0,149000000.0,149000000.0,,,1295000000.0,768000000.0,,,79000000.0,364000000.0,,,,,56000000.0,,,,,,,,749000000.0,19000000.0,,0.0,364000000.0,,,,,527000000.0,,,,,,,,27000000.0,,,,,,386000000.0,,,,,5000000.0,,30000000.0,,,,,,,,,,,,,,,,,,,,,-11000000.0,73000000.0,-84000000.0,,,33000000.0,-232000000.0,0.0,-39000000.0,773000000.0,879000000.0,,-106000000.0,-128000000.0,-128000000.0,0.0,-232000000.0,-232000000.0,92000000.0,0.0,0.0,-50000000.0,-50000000.0,-28000000.0,,,72000000.0,72000000.0,-107000000.0,-7000000.0,0.0,-95000000.0,2000000.0,-2000000.0,-2000000.0,8000000.0,8000000.0,16000000.0,95000000.0,,,,67000000.0,67000000.0,67000000.0,3000000.0,,92000000.0,,,-28000000.0,,,,,,,,,,,,,,,12000000.0,,-15000000.0,,,,-11000000.0,-11000000.0,,,,,,,,,0.0,4000000.0,,,,,,,,,,-2000000.0,92000000.0,92000000.0,,,,,,,,,,,,,,,0.0,0.0,75000000.0,0.0,0.0,3000000.0,67000000.0,178000000.0,75000000.0,8000000.0,-5000000.0,5000000.0,,3000000.0,3000000.0,665000000.0,-11000000.0,252387000.0,242054000.0,0.01,0.01,3000000.0,3000000.0,3000000.0,3000000.0,3000000.0,0.0,3000000.0,19000000.0,19000000.0,0.0,0.0,-5000000.0,5000000.0,,-11000000.0,487000000.0,,,,154000000.0,333000000.0,205000000.0,128000000.0,128000000.0,476000000.0,178000000.0,654000000.0,643000000.0,,,,0.0,,,,,,,,,,,,,,
Z,2026-03-31,2026Q1,,,94000000.0,,349000000.0,14000000.0,70000000.0,-26200000.0,117000000.0,33000000.0,,25000000.0,0.0,,,,229094900.0,229094900.0,,429000000.0,992800000.0,4743000000.0,935000000.0,992800000.0,4408000000.0,4408000000.0,4408000000.0,4408000000.0,0.0,,,-1813000000.0,6221000000.0,0.0,0.0,818000000.0,94000000.0,14000000.0,,,80000000.0,,724000000.0,74000000.0,74000000.0,231000000.0,163000000.0,68000000.0,68000000.0,5226000000.0,3567000000.0,34000000.0,,,3415200000.0,592200000.0,2823000000.0,90800000.0,1659000000.0,357000000.0,153000000.0,153000000.0,,,783000000.0,678000000.0,,,80000000.0,335000000.0,,,,,59000000.0,,,,,,,,655000000.0,23000000.0,,0.0,335000000.0,,,,,105000000.0,,,,,,,,27000000.0,,,,,,361000000.0,,,,,5000000.0,,,,,,,,,,,,,,,,,,,,,,,420000000.0,484000000.0,-64000000.0,,,156000000.0,-626000000.0,,-44000000.0,683000000.0,773000000.0,,-90000000.0,-666000000.0,-666000000.0,-29000000.0,-626000000.0,-626000000.0,-29000000.0,,,376000000.0,376000000.0,-34000000.0,,,200000000.0,200000000.0,16000000.0,7000000.0,-3000000.0,25000000.0,55000000.0,32000000.0,32000000.0,-4000000.0,-4000000.0,-10000000.0,81000000.0,,,,67000000.0,67000000.0,67000000.0,46000000.0,,,,,-34000000.0,,,,,,,,,,,,,,,18000000.0,,-64000000.0,,,,-10000000.0,-10000000.0,,,,,,,,,,23000000.0,,,,,,,,,,,-29000000.0,,,,,,,,,,,,,,,,0.0,0.041667,119000000.0,,,46000000.0,67000000.0,189000000.0,119000000.0,52000000.0,-4000000.0,4000000.0,,46000000.0,46000000.0,672000000.0,36000000.0,239644000.0,235682000.0,0.19,0.19,46000000.0,46000000.0,46000000.0,46000000.0,46000000.0,2000000.0,48000000.0,16000000.0,16000000.0,,,-4000000.0,4000000.0,,36000000.0,483000000.0,,,,150000000.0,333000000.0,210000000.0,123000000.0,123000000.0,519000000.0,189000000.0,708000000.0,697000000.0,,,,,,,,,,,,,,,,,,
PTON,2024-09-30,2024Q3,,,,,,,,,,,,,,,,,,,,,,,,,,,,,,,,,,,,,,,,,,,,,,,,,,,,,,,,,,,,,,,,,,,,,,,,,,,,,,-100000.0,,,,,,,,,,,,,,,,,,,,,,,,,,,,,,,,,,,,,,,,,,,,,,,,,,,,,,,,,,,,,,,,,,,,,,,100000.0,,,,,,,,,,,,,,,,0.0,,,,,,,,,,,,,,,,,,,,,,,,,,,,,,,,,,,,,,,,,,,,,,,,,,,,,,,,,,,,,,,,,,,,,,,,,,,,,,,,,,,,,,,,,,,,,,,,,,,,,,,,,,,-100000.0,,,,,,,,,,,,,,,,,,,,23500000.0,4900000.0,,,,,,,,,,,,,,,,
PTON,2024-12-31,2024Q4,,,,,,,,,,,,,,,,,,,,,,,,,,,,,,,,,,,,,,,,,,,,,,,,,,,,,,,,,,,,,,,,,,,,,,,,,,,,,,,,,,,,,,,,,,,,,,,,,,,,,,,,,,,,,,,,,,,,,,,,,,,,,,,,,,,,,,,,,,,,,,,,,,,,,,,,,,,,,,,,,,,,,-100000.0,,,,,,,,,,,,,,,,,,,,,,,,,,,,,,,,,,,0.0,,,,,,,,,,,,,,,,,,,,,,,,,,,,,,,,,,,,,,,,,,,,,,,,,,,,,,,,,,,,,,,,,,,,,,,,200000.0,,,,,,,,9100000.0,9100000.0,,,,,,,,,,,,,,16700000.0,,,,,,,,,,,,,,
PTON,2025-03-31,2025Q1,,3200000.0,492700000.0,900000.0,278700000.0,70500000.0,,,608900000.0,,,,,,,,398276344.0,398276344.0,584800000.0,1991800000.0,-540300000.0,1007800000.0,528600000.0,-540300000.0,-491300000.0,799600000.0,-491300000.0,-491300000.0,3200000.0,,,-5624200000.0,5129700000.0,0.0,0.0,2556100000.0,1744400000.0,31300000.0,,,1713100000.0,1290900000.0,811700000.0,156400000.0,156400000.0,375700000.0,,,,2064800000.0,724500000.0,66600000.0,,,49000000.0,7800000.0,41200000.0,608900000.0,1340300000.0,118900000.0,93600000.0,93600000.0,,,914300000.0,914300000.0,,,422200000.0,208200000.0,,,,,608900000.0,213500000.0,-166700000.0,-100000.0,355900000.0,,24400000.0,,,,,,,,,,,,,,,,208200000.0,,,,,,,,,,,,,,,,,,,,,,,,,,,,,,,,,,,,,,,,,,94600000.0,,-2600000.0,-2100000.0,961900000.0,876900000.0,-7700000.0,92700000.0,-1900000.0,-1900000.0,,,,-2600000.0,-2600000.0,-2600000.0,-2100000.0,-2100000.0,0.0,0.0,-2100000.0,96700000.0,96500000.0,19400000.0,-3500000.0,-16400000.0,2200000.0,-23100000.0,,,3300000.0,3300000.0,15900000.0,67500000.0,,,,21200000.0,21200000.0,,-47700000.0,-10300000.0,,,,,,,,,,,,,,0.0,0.0,,16800000.0,900000.0,700000.0,0.0,10700000.0,,,,,,,,,,,,,0.0,30700000.0,,46200000.0,-10300000.0,,,,,,,,,,,,,,,,,,,,,,,,,-4788000.0,0.21,29700000.0,-22800000.0,-22800000.0,-47700000.0,21200000.0,293000000.0,6900000.0,-14300000.0,-24700000.0,32600000.0,7900000.0,-29688000.0,-47700000.0,623500000.0,-32400000.0,394010264.0,394010264.0,-0.12,-0.12,-47700000.0,-47700000.0,-47700000.0,-47700000.0,-47700000.0,800000.0,-46900000.0,-22900000.0,-100000.0,-33100000.0,2400000.0,-24700000.0,32600000.0,7900000.0,600000.0,317500000.0,8200000.0,8200000.0,,59600000.0,249700000.0,102300000.0,147400000.0,147400000.0,318100000.0,306000000.0,624000000.0,624000000.0,,,,30700000.0,,,10300000.0,,,,,,,,,,,
PTON,2025-06-30,2025Q2,,5100000.0,477600000.0,2000000.0,278600000.0,70100000.0,46200000.0,-298300000.0,876200000.0,257000000.0,400000.0,189000000.0,0.0,,,,406416540.0,406416540.0,459500000.0,1976600000.0,-460600000.0,1085300000.0,633700000.0,-460600000.0,-413700000.0,876800000.0,-413700000.0,-413700000.0,5100000.0,,,-5602600000.0,5183800000.0,0.0,0.0,2539000000.0,1735100000.0,37100000.0,,,1698000000.0,1290500000.0,803900000.0,150700000.0,150700000.0,326400000.0,259700000.0,66700000.0,66700000.0,2125300000.0,687800000.0,63000000.0,,,46900000.0,5700000.0,41200000.0,577900000.0,1437600000.0,91300000.0,101200000.0,101200000.0,,,1039500000.0,1039500000.0,,,407500000.0,208500000.0,,,,,429800000.0,205600000.0,-154800000.0,100000.0,337600000.0,,22700000.0,,,,,,,,,,,,,,,,208500000.0,,,,,,,,,,,,,,,,,,,,,,,,,,,,,,,,,,,,,,,,,,112400000.0,,-2500000.0,-4700000.0,1085800000.0,961900000.0,11800000.0,112100000.0,-400000.0,-400000.0,,,,-2500000.0,-2500000.0,-2500000.0,-4700000.0,-4700000.0,0.0,0.0,-4700000.0,117100000.0,117300000.0,10500000.0,-6000000.0,-17000000.0,2300000.0,-14500000.0,,,-7200000.0,-7200000.0,14700000.0,53400000.0,,,,20900000.0,20900000.0,,21600000.0,-15800000.0,,,,,,,,,,,,,,,,,34300000.0,-1400000.0,2100000.0,,41400000.0,,,,,,,,,,,,,0.0,11800000.0,,11500000.0,-15800000.0,,,,,,,,,,,,,,,,,,,,,,,,,-1031858.40708,0.048673,96600000.0,-21200000.0,-21200000.0,21600000.0,20900000.0,278800000.0,75400000.0,54500000.0,-22900000.0,31900000.0,9000000.0,41768141.59292,21600000.0,540200000.0,29600000.0,402356586.0,402356586.0,0.05,0.05,21600000.0,21600000.0,21600000.0,21500000.0,21500000.0,1100000.0,22600000.0,-21100000.0,,-37000000.0,25200000.0,-22900000.0,31900000.0,9000000.0,66700000.0,261400000.0,,,,55800000.0,170600000.0,63100000.0,107500000.0,107500000.0,328100000.0,278800000.0,606900000.0,606900000.0,,,,,,0.0,15800000.0,,,,,,,,,,,
PTON,2025-09-30,2025Q3,,8400000.0,463900000.0,1000000.0,276300000.0,67600000.0,,,548000000.0,,,,,,,,417593321.0,417593321.0,395100000.0,1962600000.0,-394500000.0,1151600000.0,717100000.0,-394500000.0,-347100000.0,942900000.0,-347100000.0,-347100000.0,8400000.0,,,-5588700000.0,5233200000.0,0.0,0.0,2517200000.0,1722200000.0,35900000.0,,,1686300000.0,1290000000.0,795000000.0,140600000.0,140600000.0,377100000.0,,,,2170100000.0,658100000.0,62700000.0,,,47400000.0,3400000.0,44000000.0,548000000.0,1512100000.0,100400000.0,70400000.0,70400000.0,,,1103600000.0,1103600000.0,,,396300000.0,208700000.0,,,,,548000000.0,237700000.0,-113200000.0,,325300000.0,,25600000.0,,,,,,,,,,,,,,,,208700000.0,,,,,,,,,,,,,,,,,,,,,,,,,,,,,,,,,,,,,,,,,,67400000.0,,-2500000.0,-4500000.0,1149600000.0,1085800000.0,300000.0,63500000.0,-1700000.0,-1700000.0,,,,-2500000.0,-2500000.0,-2500000.0,-6700000.0,-6700000.0,0.0,0.0,-4500000.0,71900000.0,72000000.0,-35200000.0,-9600000.0,-21500000.0,,4700000.0,,,30700000.0,30700000.0,17100000.0,47200000.0,,,,16800000.0,16800000.0,,13900000.0,3800000.0,,,,,,,,,,,,,,-2200000.0,,,33300000.0,3200000.0,800000.0,-2200000.0,-9500000.0,,,,,,,,,,,,,,8300000.0,,-30000000.0,3800000.0,,,,,,,,,,,,,,,,,,,,,,,,,-790350.0,0.0479,80200000.0,-16500000.0,-16500000.0,13900000.0,16800000.0,267100000.0,63700000.0,46900000.0,-22500000.0,32300000.0,9800000.0,29609650.0,13900000.0,496800000.0,41300000.0,430004926.0,413108105.0,0.03,0.03,13900000.0,13900000.0,13900000.0,13900000.0,13900000.0,700000.0,14600000.0,-16800000.0,-300000.0,-12700000.0,4400000.0,-22500000.0,32300000.0,9800000.0,54000000.0,229700000.0,,,,62100000.0,167600000.0,66800000.0,100800000.0,100800000.0,283700000.0,267100000.0,550800000.0,550800000.0,,8300000.0,,,,,-3800000.0,,,,,,,,,,,
PTON,2025-12-31,2025Q4,,11600000.0,448200000.0,3300000.0,276300000.0,67400000.0,,,502200000.0,,,,,,,,424924538.0,424924538.0,319100000.0,1946900000.0,-371800000.0,1172000000.0,771400000.0,-371800000.0,-326700000.0,963100000.0,-326700000.0,-326700000.0,11600000.0,,,-5627400000.0,5289100000.0,0.0,0.0,2491300000.0,1706500000.0,35900000.0,,,1670600000.0,1289800000.0,784800000.0,155700000.0,155700000.0,349500000.0,,,,2164600000.0,608400000.0,61100000.0,,,45100000.0,1100000.0,44000000.0,502200000.0,1556200000.0,67100000.0,94600000.0,94600000.0,,,1179600000.0,1179600000.0,,,380800000.0,208900000.0,,,,,502200000.0,214900000.0,-95300000.0,,284400000.0,,25800000.0,,,,,,,,,,,,,,,,208900000.0,,,,,,,,,,,,,,,,,,,,,,,,,,,,,,,,,,,,,,,,,,71000000.0,,-2600000.0,-900000.0,1223200000.0,1149600000.0,3500000.0,70100000.0,-900000.0,-900000.0,,,,-2600000.0,-2600000.0,-2600000.0,-900000.0,-900000.0,0.0,0.0,-900000.0,71900000.0,71800000.0,0.0,14700000.0,-19300000.0,,-33500000.0,,,-24200000.0,-24200000.0,14200000.0,55700000.0,,,,15300000.0,15300000.0,,-38700000.0,2400000.0,,,,,,,,,,,,,,0.0,,,33800000.0,1700000.0,1700000.0,0.0,37400000.0,,,,,,,,,,,,,,23000000.0,,25700000.0,2400000.0,,,,,,,,,,,,,,,,,,,,,,,,,-143310.0,0.0051,35900000.0,-28100000.0,-28100000.0,-38800000.0,15300000.0,315700000.0,7800000.0,-7500000.0,-22300000.0,31500000.0,9200000.0,-10843310.0,-38800000.0,645200000.0,-14300000.0,421310905.0,421310905.0,-0.09,-0.09,-38800000.0,-38800000.0,-38800000.0,-38800000.0,-38800000.0,-200000.0,-39000000.0,-28000000.0,100000.0,-25700000.0,2700000.0,-22300000.0,31500000.0,9200000.0,11300000.0,320000000.0,5800000.0,5800000.0,,65000000.0,249200000.0,148700000.0,100500000.0,100500000.0,331300000.0,325200000.0,656500000.0,656500000.0,,,,23000000.0,,,-2400000.0,,,,,,,,,,,
PTON,2026-03-31,2026Q1,,15300000.0,429900000.0,1000000.0,75000000.0,65000000.0,,,471500000.0,,,,,,,,432757166.0,432757166.0,173100000.0,1729300000.0,-286100000.0,1057500000.0,860600000.0,-286100000.0,-241900000.0,1047500000.0,-241900000.0,-241900000.0,15300000.0,,,-5601000000.0,5343800000.0,0.0,0.0,2259300000.0,1681400000.0,27100000.0,,,1654300000.0,1289400000.0,577900000.0,150600000.0,150600000.0,351300000.0,,,,2017400000.0,579000000.0,63300000.0,,,44200000.0,200000.0,44000000.0,471500000.0,1438500000.0,57800000.0,78600000.0,78600000.0,,,1126300000.0,1126300000.0,,,364900000.0,10000000.0,,,,,471500000.0,175800000.0,-88700000.0,,238100000.0,,26400000.0,,,,,,,,,,,,,,,,10000000.0,,,,,,,,,,,,,,,,,,,,,,,,,,,,,,,,,,,,,,,,,,150500000.0,,-201700000.0,-2200000.0,1171800000.0,1223200000.0,-600000.0,-50800000.0,-201200000.0,-201300000.0,,,,-201700000.0,-201700000.0,-201700000.0,-2200000.0,-2200000.0,0.0,0.0,-2200000.0,152700000.0,152800000.0,38100000.0,-5000000.0,-26500000.0,-200000.0,1200000.0,,,15900000.0,15900000.0,14100000.0,52700000.0,,,,13600000.0,13600000.0,,26400000.0,4400000.0,,,,,,,,,,,,,,0.0,,,22700000.0,-600000.0,400000.0,0.0,10000000.0,,,,,,,,,,,,,,3400000.0,,42700000.0,4400000.0,,,,,,,,,,,,,,,,,,,,,,,,,-175464.684015,0.01487,82300000.0,-11800000.0,-11800000.0,26400000.0,13600000.0,295700000.0,70500000.0,56900000.0,-21300000.0,30000000.0,8700000.0,38024535.315985,26400000.0,571000000.0,52500000.0,512261196.0,428911447.0,0.06,0.06,26400000.0,26400000.0,26400000.0,26500000.0,26500000.0,400000.0,26900000.0,-11800000.0,,-7500000.0,4100000.0,-21300000.0,30000000.0,8700000.0,60000000.0,267300000.0,5600000.0,5600000.0,,58800000.0,202900000.0,94800000.0,108100000.0,108100000.0,327300000.0,303700000.0,630900000.0,630900000.0,,,,3400000.0,,,-4300000.0,,,,,,,,,,,
SNOW,2024-10-31,2024Q4,,,,,,,,,,,,,,,,,,,120531000.0,,,,,,,,,,,,,,,,,,,,,,,,,,,,,,,,,,,,,,,,,,,,-2800000.0,599152000.0,,,,,,,,,,,,,,,,,,,,,,,,,,,,,,,,,,,,,,,,,,,,,,,,,,,,,,,,,,,,,,,,,,,,,,,,,,,,,,,,,,,,,,,,,,,,,,,,,,,,,,,,,,,,,,-581000.0,-581000.0,,,,,,,,,,,,,,,,,,,-8219000.0,,,,,,-8219000.0,,,,,0.0,0.0,,,,,,,,,0.0,,,,,,,,,,,,,,,,,,,,,,,,,,,,,,,,,,,,,,,,,,,,,,,,,,,,,,,,,,,,,,,,,,,,,,,,,,,,,,,,,,,,,,,,,,,,,,
SNOW,2025-01-31,2025Q1,6714000.0,-2236000.0,413741000.0,67053000.0,35923000.0,35923000.0,241206000.0,-81917000.0,599589000.0,97324000.0,67778000.0,75048000.0,0.0,97662000.0,,436000.0,333865000.0,334301000.0,,2685270000.0,1527182000.0,5271458000.0,2568189000.0,1527182000.0,2999929000.0,5271458000.0,3006643000.0,2999929000.0,-2236000.0,,59505000.0,-7293575000.0,10355211000.0,34000.0,34000.0,6027295000.0,2726112000.0,61264000.0,15501000.0,,2649347000.0,2271529000.0,3301183000.0,2580039000.0,2580039000.0,376962000.0,167351000.0,209611000.0,169767000.0,9033938000.0,3164566000.0,333704000.0,183967000.0,,1472747000.0,416188000.0,1056559000.0,517672000.0,5869372000.0,211234000.0,922805000.0,922805000.0,-4800000.0,927605000.0,4637671000.0,2628798000.0,,15501000.0,377818000.0,,,39844000.0,656476000.0,656476000.0,359439000.0,,,,,,,,,,,0.0,,656476000.0,,,,2008873000.0,,,,,,,,,,,,,,,,,,,,,,,,,,,,,,,,,,,,,,,,,,256099000.0,535608000.0,-279509000.0,,,415443000.0,0.0,,-17282000.0,2698678000.0,2166238000.0,-5055000.0,537495000.0,-120118000.0,-120118000.0,-129792000.0,0.0,0.0,0.0,0.0,,224888000.0,224888000.0,-11277000.0,,-6005000.0,432725000.0,432725000.0,254821000.0,570657000.0,-13367000.0,,38305000.0,6131000.0,6131000.0,-328168000.0,-328168000.0,46477000.0,428119000.0,,-7139000.0,-7139000.0,50130000.0,50130000.0,,-325724000.0,-4394000.0,0.0,0.0,,-11277000.0,,,,,,,,,,-13180000.0,,,,,9674000.0,-13180000.0,-12606000.0,-4394000.0,,,0.0,0.0,,,,,,,,,,32174000.0,,,,,,,,,,-9565000.0,,,,,,,,,,,,,,,,-1750000.0,57658.311494,0.013122,-282249000.0,4394000.0,4394000.0,-327474000.0,50130000.0,333184000.0,-277855000.0,-327985000.0,54240000.0,2070000.0,56310000.0,-331810341.688506,-327474000.0,1373448000.0,-386678000.0,331432000.0,331432000.0,-0.99,-0.99,-327474000.0,-327474000.0,-327474000.0,-325724000.0,-325724000.0,-4331000.0,-330055000.0,2383000.0,-2011000.0,0.0,,54240000.0,2070000.0,56310000.0,-386678000.0,1040264000.0,,,,492490000.0,547774000.0,432683000.0,115091000.0,115091000.0,653586000.0,333184000.0,986770000.0,986770000.0,,,,0.0,,,4394000.0,,,,,,,,,,,
SNOW,2025-04-30,2025Q2,6854000.0,8171000.0,414163000.0,95716000.0,37098000.0,37098000.0,211781000.0,-81582000.0,493781000.0,81135000.0,72232000.0,78443000.0,0.0,104187000.0,,426000.0,333638697.0,334064697.0,30517000.0,2687763000.0,957393000.0,4681600000.0,1755430000.0,957393000.0,2408000000.0,4681600000.0,2414854000.0,2408000000.0,8171000.0,,58153000.0,-8214507000.0,10672455000.0,34000.0,34000.0,5742553000.0,2712009000.0,47620000.0,13724000.0,,2650665000.0,2273600000.0,3030544000.0,2309803000.0,2309803000.0,376146000.0,198524000.0,177622000.0,155263000.0,8157407000.0,3371433000.0,369722000.0,182761000.0,,1450607000.0,394048000.0,1056559000.0,412199000.0,4785974000.0,240586000.0,530517000.0,530517000.0,-4200000.0,534717000.0,3910684000.0,2243083000.0,,13724000.0,377065000.0,,,22359000.0,956144000.0,956144000.0,261971000.0,,,,,,,,,,,0.0,,956144000.0,,,,1667601000.0,,,,,,,,,,,,,,,,,,,,,,,,,,,,,,,,,,,,,,,,,,-10994000.0,1001581000.0,-1012575000.0,,,183384000.0,-490638000.0,,-44989000.0,2319408000.0,2698678000.0,12397000.0,-391667000.0,-564057000.0,-564057000.0,-132872000.0,-490638000.0,-490638000.0,,,,-55983000.0,-55983000.0,-44989000.0,,0.0,228373000.0,228373000.0,61005000.0,-302474000.0,-11838000.0,,-488000.0,-4423000.0,-4423000.0,393657000.0,393657000.0,40535000.0,379460000.0,,,,48804000.0,48804000.0,,-429952000.0,29685000.0,,,,-44989000.0,,,,,,,,,,,,,,,59453000.0,,-17852000.0,29685000.0,,,,,,,,,,,,,106488000.0,3935000.0,,,,,,,,,,-7652000.0,,,,,,,,,,,,,,,,-140000.0,-6233850.0,0.21,-343663000.0,-29685000.0,-29685000.0,-430092000.0,48804000.0,348786000.0,-373348000.0,-422152000.0,51092000.0,2071000.0,53163000.0,-406640850.0,-430092000.0,1489331000.0,-447257000.0,332657000.0,332657000.0,-1.29,-1.29,-430092000.0,-430092000.0,-430092000.0,-429952000.0,-429952000.0,5729000.0,-424223000.0,-28058000.0,1627000.0,-26521000.0,,51092000.0,2071000.0,53163000.0,-447257000.0,1140545000.0,,,,472404000.0,668141000.0,458554000.0,209587000.0,209587000.0,693288000.0,348786000.0,1042074000.0,1042074000.0,,,,26521000.0,,,-3164000.0,,,,,,,,,,,
SNOW,2025-07-31,2025Q3,6941000.0,2782000.0,416655000.0,120767000.0,38109000.0,38109000.0,262852000.0,-94727000.0,504306000.0,117022000.0,29663000.0,95202000.0,0.0,129873000.0,,417000.0,338762000.0,339179000.0,394954000.0,2692329000.0,776331000.0,4648322000.0,1500045000.0,776331000.0,2372648000.0,4648322000.0,2379589000.0,2372648000.0,2782000.0,,56968000.0,-8512322000.0,10939122000.0,34000.0,34000.0,5817138000.0,2721056000.0,55296000.0,11540000.0,,2654220000.0,2275674000.0,3096082000.0,2268387000.0,2268387000.0,405967000.0,168337000.0,237630000.0,166786000.0,8196727000.0,3600600000.0,394594000.0,187206000.0,,1596317000.0,421339000.0,1174978000.0,409579000.0,4596127000.0,232864000.0,646682000.0,646682000.0,-7800000.0,654482000.0,3586708000.0,1880720000.0,,11540000.0,378546000.0,,,70844000.0,1012904000.0,1012904000.0,262419000.0,,,,,,,,,,,0.0,,1012904000.0,,,,1705988000.0,,,,,,,,,,,,,,,,,,,,,,,,,,,,,,,,,,,,,,,,,,-117046000.0,519423000.0,-636469000.0,,,56920000.0,0.0,,-17976000.0,1960838000.0,2319408000.0,-175000.0,-358395000.0,-134039000.0,-134039000.0,-162225000.0,0.0,0.0,,,,-299252000.0,-299252000.0,-16665000.0,,0.0,74896000.0,74896000.0,-137850000.0,-106261000.0,-14559000.0,,105062000.0,11771000.0,11771000.0,-117606000.0,-117606000.0,53073000.0,404217000.0,,,,54837000.0,54837000.0,,-297930000.0,5580000.0,,,,-16665000.0,,,,,,,,,,,,,,,28186000.0,,-4486000.0,5580000.0,,,,,,,,,,,,,2131000.0,93291000.0,,,,,,,,,,-5717000.0,,,,,,,,,,,,,,,,-87000.0,0.0,0.0,-235377000.0,-5580000.0,-5580000.0,-298017000.0,54837000.0,371815000.0,-240957000.0,-295794000.0,47393000.0,2074000.0,49467000.0,-292437000.0,-298017000.0,1485245000.0,-340276000.0,335215000.0,335215000.0,-0.89,-0.89,-298017000.0,-298017000.0,-298017000.0,-297930000.0,-297930000.0,62000.0,-297868000.0,-4985000.0,595000.0,-5000000.0,,47393000.0,2074000.0,49467000.0,-340276000.0,1113430000.0,,,,492003000.0,621427000.0,501957000.0,119470000.0,119470000.0,773154000.0,371815000.0,1144969000.0,1144969000.0,,,,5000000.0,,,-580000.0,,,,,,,,,,,
SNOW,2025-10-31,2025Q4,0.0,5123000.0,407866000.0,175708000.0,40208000.0,40208000.0,324021000.0,-109354000.0,502168000.0,125781000.0,22281000.0,99465000.0,0.0,167926000.0,,408000.0,342065000.0,342473000.0,336092000.0,2685615000.0,573722000.0,4410682000.0,1240181000.0,573722000.0,2132933000.0,4410682000.0,2132933000.0,2132933000.0,5123000.0,,55714000.0,-9034696000.0,11218186000.0,34000.0,34000.0,6097258000.0,2713944000.0,57653000.0,10884000.0,,2645407000.0,2277749000.0,3383314000.0,2423622000.0,2423622000.0,419755000.0,179721000.0,240034000.0,193691000.0,8230191000.0,3606696000.0,403686000.0,209511000.0,,1559211000.0,384251000.0,1174960000.0,392814000.0,4623495000.0,164319000.0,938145000.0,938145000.0,-3700000.0,941845000.0,3353105000.0,1941657000.0,,10884000.0,367658000.0,,,46343000.0,1041474000.0,1041474000.0,254641000.0,,,,,,,,,,,0.0,,1041474000.0,,,,1411448000.0,,,,,,,,,,,,,,,,,,,,,,,,,,,,,,,,,,,,,,,,,,272144000.0,613316000.0,-341172000.0,,,113614000.0,-232896000.0,,-23905000.0,1984631000.0,1960838000.0,21000.0,23772000.0,-361986000.0,-361986000.0,-192869000.0,-232896000.0,-232896000.0,,,,248239000.0,248239000.0,-23905000.0,,0.0,137519000.0,137519000.0,-80639000.0,54636000.0,-15990000.0,,149568000.0,28948000.0,28948000.0,-288676000.0,-288676000.0,44354000.0,412278000.0,,0.0,0.0,57878000.0,57878000.0,,-291603000.0,255000.0,,,,-23905000.0,,,,,,,,,,0.0,,,,,63779000.0,0.0,19823000.0,255000.0,,,0.0,0.0,,,,,,,,,96000.0,120620000.0,,,,,,,,,,-5100000.0,,,,,,,,,,,,,,,,-2354000.0,-53550.0,0.21,-227713000.0,-255000.0,-255000.0,-293957000.0,57878000.0,390873000.0,-227968000.0,-285846000.0,43406000.0,2075000.0,45481000.0,-293755550.0,-293957000.0,1542382000.0,-329473000.0,339648000.0,339648000.0,-0.87,-0.87,-293957000.0,-293957000.0,-293957000.0,-291603000.0,-291603000.0,3682000.0,-287921000.0,-1854000.0,-1599000.0,-500000.0,,43406000.0,2075000.0,45481000.0,-329473000.0,1151509000.0,,,,494027000.0,657482000.0,550364000.0,107118000.0,107118000.0,822036000.0,390873000.0,1212909000.0,1212909000.0,,,,500000.0,,,245000.0,,,,,,,,,,,
SNOW,2026-01-31,2026Q1,0.0,3337000.0,461287000.0,126419000.0,49598000.0,49598000.0,373780000.0,-126397000.0,532279000.0,133374000.0,22247000.0,101761000.0,0.0,214058000.0,,399000.0,343918000.0,344317000.0,,2741114000.0,365193000.0,4203929000.0,1320921000.0,365193000.0,1924102000.0,4203929000.0,1924102000.0,1924102000.0,3337000.0,,54488000.0,-9494249000.0,11469468000.0,34000.0,34000.0,7208393000.0,2786702000.0,80746000.0,14440000.0,,2691516000.0,2279827000.0,4421691000.0,3346997000.0,3346997000.0,524897000.0,325571000.0,199326000.0,145559000.0,9132495000.0,3389883000.0,428320000.0,241759000.0,,1558909000.0,364542000.0,1194367000.0,405882000.0,5742612000.0,195128000.0,1303740000.0,1303740000.0,,,4029686000.0,2828163000.0,,14440000.0,411689000.0,,,53767000.0,755013000.0,755013000.0,274897000.0,,,,,,,,,,,0.0,,755013000.0,,,,1201523000.0,,,,,,,,,,,,,,,,,,,,,,,,,,,,,,,,,,,,,,,,,,451716000.0,501920000.0,-50204000.0,,,763295000.0,-150003000.0,,-17859000.0,2864303000.0,1984631000.0,4589000.0,875083000.0,-325308000.0,-325308000.0,-196140000.0,-150003000.0,-150003000.0,0.0,0.0,,419237000.0,419237000.0,-16069000.0,,0.0,781154000.0,781154000.0,541244000.0,804255000.0,15438000.0,,130896000.0,-44595000.0,-44595000.0,-367344000.0,-367344000.0,64805000.0,403592000.0,,1108000.0,1108000.0,58924000.0,58924000.0,,-309550000.0,24375000.0,0.0,0.0,,-16069000.0,,,,,,,,,,-14620000.0,,,,,20835000.0,-14620000.0,-42001000.0,24375000.0,,,-1790000.0,-1790000.0,,,,,,,,,0.0,175491000.0,,,,,,,,,,-3344000.0,,,,,,,,,,,,,,,,0.0,-9750000.0,0.4,-216521000.0,-24375000.0,-24375000.0,-309550000.0,58924000.0,426331000.0,-240896000.0,-299820000.0,40367000.0,2078000.0,42445000.0,-294925000.0,-309550000.0,1602153000.0,-318159000.0,342295000.0,342295000.0,-0.9,-0.9,-309550000.0,-309550000.0,-309550000.0,-309550000.0,-309550000.0,7652000.0,-301898000.0,-24106000.0,269000.0,-21831000.0,,40367000.0,2078000.0,42445000.0,-318159000.0,1175822000.0,,,,511038000.0,664784000.0,551262000.0,113522000.0,113522000.0,857663000.0,426331000.0,1283994000.0,1283994000.0,,,,21831000.0,,,-2544000.0,,,,,,,,,,,
ASML,2024-09-30,2024Q3,,,,,,,,,,,,,,,,,,,,,,,,,,,,,,,,,,,,,,,,,,,,,,,,,,,,,,,,,,,,,,,,,,,,,,,,,,,,,,,,,,,,,,,,,,,,,,,,,,,,,,,,,,,,,,,,,,,,,,,,,,,,,,,,,,,,,,,203900000.0,,,,,,,,,,,,,,,,,,,-700000.0,,,,,,,,,,,,,,,,,,,,,,,,,,,0.0,0.0,,,,,,,,,,,,0.0,,,,,,0.0,,,,,,,,,,,,,,,,,,,,,,,,,,,,,,,,,,,,,,,,,,,,,,,,,,,,,,,,,,,,,,,,,,,,,,,,,,,,,,,,,,,,,,,,,,,,,,,,,,,,,,,,,,,,,
ASML,2024-12-31,2024Q4,,454100000.0,,,1010300000.0,,,-4213900000.0,,970800000.0,,5025400000.0,0.0,,1371300000.0,546972.0,,,,,,,,,,,,,454100000.0,,476000000.0,14414300000.0,4049000000.0,35400000.0,35400000.0,,,,,,,,,12570800000.0,12570800000.0,6470300000.0,2686600000.0,3783700000.0,3500400000.0,,,,,,,,,,,,,,0.0,4477500000.0,,,,,,1010300000.0,,283300000.0,,,,,-911500000.0,,2019500000.0,4872300000.0,4911200000.0,,11229600000.0,1506300000.0,,,,,,,5448400000.0,,,,,,,,,317200000.0,0.0,,,,96500000.0,,,,,,,,,,,,,,649400000.0,,,113100000.0,,,,,,,,,,,,,900000.0,,,,,,,,,,,,,,,,,,,-24100000.0,,,,,,,,,,,,,,,,,,,,,,,,,,,22500000.0,22500000.0,,,,,,,,,,,,0.0,,-597800000.0,,,,0.0,,,,,,,,,,,,,,,,,,,,,,,,,,,,,,,,,,,,,,,,,,,,,,,,,,,,,,,,,,,,393600000.0,393300000.0,6.84,6.85,,,,,,,,,,,,,,,,,,,,,,,,,,,,,,,,,-6300000.0,,,,,,,,,,,,,
ASML,2025-03-31,2025Q1,,,,18123900000.0,,,,,7518300000.0,,,,,,,,393200230.0,393200230.0,,3681000000.0,12320500000.0,3681000000.0,9400500000.0,12320500000.0,17500700000.0,21181700000.0,17500700000.0,17500700000.0,,,,,,,,27978100000.0,,,5736500000.0,335900000.0,3681000000.0,3681000000.0,18123900000.0,,,,,,,45478800000.0,17954400000.0,859200000.0,1861000000.0,1861000000.0,5180200000.0,591600000.0,4588600000.0,7518300000.0,27524400000.0,1848600000.0,5547500000.0,4597500000.0,,,9103600000.0,9098400000.0,,5400600000.0,,,,,,,7518300000.0,11024700000.0,,,,,,789000000.0,,,,,,938900000.0,,,,5200000.0,,,,,,,1443400000.0,153400000.0,,,938900000.0,,,,,143200000.0,17800000.0,,,,,436700000.0,,,,,,,,,,,,,,,,,,,,0.0,,0.0,,,-475100000.0,-2592600000.0,,-416500000.0,9098400000.0,12735900000.0,-11800000.0,-3625700000.0,-3151400000.0,-3151400000.0,,-2554600000.0,-2592600000.0,400000.0,400000.0,,-415700000.0,-415700000.0,-415000000.0,,,-58600000.0,-58600000.0,-2800800000.0,,,,,,,,,,40000000.0,59600000.0,79100000.0,79100000.0,241300000.0,241300000.0,,2355000000.0,-34900000.0,400000.0,400000.0,-597200000.0,-415000000.0,,,,,,,,,,,,,,,,,,,-34900000.0,800000.0,-1500000.0,-1500000.0,,,,,,,,,2100000.0,,,,38000000.0,38000000.0,,,,,,,,,,,,,,,,,,,,,,,0.0,0.166876,2979200000.0,,,2355000000.0,241300000.0,3561800000.0,2979200000.0,2737900000.0,49200000.0,,,2355000000.0,2355000000.0,5003600000.0,2737900000.0,392500000.0,392300000.0,6.0,6.0,2355000000.0,2355000000.0,2355000000.0,2355000000.0,2355000000.0,465100000.0,2787100000.0,,,,,49200000.0,,,2737900000.0,1441800000.0,,,,1161100000.0,280700000.0,,,,4179700000.0,3561800000.0,7741500000.0,7741500000.0,,,,,-49200000.0,,,,,,,,,,,,,33000000.0
ASML,2025-06-30,2025Q2,,,,18616000000.0,,,,,7661000000.0,,,,,,,,388147674.0,388147674.0,,3698900000.0,12463900000.0,3698900000.0,8094500000.0,12463900000.0,17618200000.0,21317100000.0,17618200000.0,17618200000.0,,,,,,,,27230900000.0,,,4481900000.0,294800000.0,3698900000.0,3698900000.0,18616000000.0,,,,,,,44849100000.0,18138600000.0,843700000.0,1830400000.0,1830400000.0,5154300000.0,565700000.0,4588600000.0,7661000000.0,26710500000.0,1966200000.0,5919600000.0,4996900000.0,,,7248900000.0,7243500000.0,,4187100000.0,,,,,,,7661000000.0,11575800000.0,,,,,,806400000.0,,,,,,1029200000.0,,,,5400000.0,,,,,,,1444900000.0,175100000.0,,,1029200000.0,,,,,98500000.0,17800000.0,,,,,434100000.0,,,,,,,,,,,,,,,,,,,,0.0,,0.0,,,357700000.0,-1485200000.0,,-988300000.0,7243500000.0,9098400000.0,-10800000.0,-1844100000.0,-2202700000.0,-2202700000.0,,-1448800000.0,-1485200000.0,-39500000.0,-39500000.0,,-987400000.0,-987400000.0,-414800000.0,,,1346000000.0,1346000000.0,-1888300000.0,,,,,,,,,,35100000.0,99700000.0,122100000.0,122100000.0,375400000.0,375400000.0,,2676200000.0,-90700000.0,,,-714400000.0,-414800000.0,,,,,,,,,,,,,,,,,,,-90700000.0,900000.0,-573500000.0,-573500000.0,,,,,,,,,16500000.0,,,,36400000.0,36400000.0,,,,,,,,,,,,,,,,,,,,,,,0.0,0.181902,3649500000.0,,,2676200000.0,375400000.0,3648000000.0,3649500000.0,3274100000.0,24800000.0,,,2676200000.0,2676200000.0,4553800000.0,3137900000.0,,,,,2676200000.0,2676200000.0,2676200000.0,2676200000.0,2676200000.0,575300000.0,3162700000.0,,,,,24800000.0,,,3137900000.0,905800000.0,,,,607100000.0,298700000.0,,,,4043700000.0,3648000000.0,7691700000.0,7691700000.0,,,,,,,,,,,,,,,,,,88800000.0
ASML,2025-09-30,2025Q3,,,,19224900000.0,,,,,8027200000.0,,,,,,,,388147674.0,388147674.0,,2704700000.0,13849200000.0,2704700000.0,5921400000.0,13849200000.0,18993500000.0,21698200000.0,18993500000.0,18993500000.0,,,,,,,,26103600000.0,,,3759500000.0,187200000.0,2704700000.0,2704700000.0,19224900000.0,,,,,,,45097100000.0,19950800000.0,918500000.0,1838600000.0,1838600000.0,5144300000.0,555700000.0,4588600000.0,8027200000.0,25146300000.0,1575100000.0,6680200000.0,5364300000.0,,,5128200000.0,5126500000.0,,3572300000.0,,,,,,,8027200000.0,11762800000.0,,,,,,1032900000.0,,,,,,2336200000.0,,,,1700000.0,,,,,,,1686000000.0,,,,2336200000.0,,,,,93000000.0,190000000.0,,,,,414500000.0,,,,,,,,,,,,,,,,,,,,3500000.0,3500000.0,3500000.0,,,243700000.0,-172200000.0,,-315400000.0,5126500000.0,7243500000.0,-6300000.0,-2110700000.0,-742000000.0,-742000000.0,,-136900000.0,-172200000.0,14500000.0,14500000.0,-500000.0,-1927800000.0,-1927800000.0,-295900000.0,,,559100000.0,559100000.0,-1903300000.0,,,,,,,,,,57700000.0,138600000.0,-55300000.0,-55300000.0,274600000.0,274600000.0,,2124500000.0,-80800000.0,15000000.0,15000000.0,-619600000.0,-295900000.0,,,,,,,,,,-1210000000.0,-1210000000.0,,,,,-1210000000.0,,,-80800000.0,-405900000.0,-19500000.0,-19500000.0,,,,,,,,,3100000.0,,,,35300000.0,35300000.0,,,,,,,,,,,,,,,,,,,,,,,0.0,0.177747,2743000000.0,,,2124500000.0,274600000.0,3635700000.0,2743000000.0,2468400000.0,19400000.0,,,2124500000.0,2124500000.0,5047600000.0,2468400000.0,387600000.0,387300000.0,5.48,5.49,2124500000.0,2124500000.0,2124500000.0,2124500000.0,2124500000.0,442200000.0,2487800000.0,,,,,19400000.0,,,2468400000.0,1411900000.0,,,,1108700000.0,303200000.0,,,,3880300000.0,3635700000.0,7516000000.0,7516000000.0,,,,,-19400000.0,,,,,,,,,,,,,78900000.0
ASML,2025-12-31,2025Q4,,135800000.0,,24263900000.0,1681900000.0,,,-4926500000.0,13161300000.0,955200000.0,,5779600000.0,0.0,,861500000.0,2730009.0,385417665.0,388147674.0,,4390900000.0,14483500000.0,24003100000.0,6352200000.0,14483500000.0,19612200000.0,22321200000.0,19612200000.0,19612200000.0,135800000.0,,2252900000.0,17587300000.0,4107100000.0,34900000.0,34900000.0,30954400000.0,,,3549300000.0,183000000.0,2709000000.0,2709000000.0,24263900000.0,16006300000.0,16006300000.0,6575700000.0,2567300000.0,4008400000.0,3521800000.0,50566600000.0,19950500000.0,12700000.0,1719400000.0,1719400000.0,5128700000.0,540100000.0,4588600000.0,8234800000.0,30616100000.0,350500000.0,4619300000.0,3023000000.0,0.0,3023000000.0,13321900000.0,12916000000.0,,3366300000.0,,1681900000.0,,486600000.0,,,5400000.0,11429300000.0,-772800000.0,,2135100000.0,4768500000.0,5298500000.0,1054100000.0,11780700000.0,1135300000.0,,,,2143300000.0,,,6421100000.0,405900000.0,,,,,,,1653900000.0,13300000.0,,,2143300000.0,,33600000.0,,,276100000.0,266100000.0,,,,,432200000.0,,,,,914500000.0,,,129900000.0,,,,,,,,,,,,-496600000.0,5300000.0,-501900000.0,,,10939900000.0,-1700000000.0,,-470400000.0,12916000000.0,5126500000.0,-1200000.0,7790700000.0,-2613300000.0,-2613300000.0,,-1667300000.0,-1700000000.0,-326800000.0,-326800000.0,-1066000000.0,-1006300000.0,-1006300000.0,-447900000.0,,,11410300000.0,11410300000.0,7640700000.0,,,,,,,,,,55600000.0,171500000.0,118800000.0,118800000.0,255200000.0,255200000.0,,2839600000.0,300900000.0,739200000.0,739200000.0,-619200000.0,-447900000.0,,,,,,,,,,1210000000.0,,-619200000.0,,,,1210000000.0,,,300900000.0,-39300000.0,-22500000.0,-22500000.0,,,,,,,,,28000000.0,,,,32700000.0,32700000.0,,,,,,,,,,,,,,,,,,,,,,,0.0,0.18,3686300000.0,,,2839600000.0,255200000.0,4649500000.0,3686300000.0,3431100000.0,11200000.0,,,2839600000.0,2839600000.0,6287000000.0,3431100000.0,387000000.0,386500000.0,7.34,7.35,2839600000.0,2839600000.0,2839600000.0,2839600000.0,2839600000.0,618700000.0,3442300000.0,,,,,11200000.0,,,3431100000.0,1637500000.0,,,,1262300000.0,375200000.0,,,,5068600000.0,4649500000.0,9718100000.0,9718100000.0,,,,,-11200000.0,,,,,,,,,,,,,16000000.0
ASML,2026-03-31,2026Q1,,,,20288000000.0,,,,,8090700000.0,,,,,,,,385417665.0,385417665.0,,2705600000.0,15708800000.0,2705600000.0,7295800000.0,15708800000.0,20829500000.0,23535100000.0,20829500000.0,20829500000.0,,,,,,,,27231000000.0,,,3821100000.0,235400000.0,2705600000.0,2705600000.0,20288000000.0,,,,,,,48060500000.0,20476700000.0,1320900000.0,1761900000.0,1761900000.0,5120700000.0,532100000.0,4588600000.0,8090700000.0,27583800000.0,1586300000.0,5910000000.0,4402900000.0,,,8376300000.0,7970400000.0,,3585700000.0,,,,,1322500000.0,1322500000.0,8090700000.0,11711200000.0,,,,,,1174100000.0,,,,,,2258400000.0,,,,405900000.0,,,,,,,1725900000.0,198200000.0,,,935900000.0,,,,,65200000.0,267800000.0,,,,,416300000.0,,,,,,,,,,,,,,,,,,,,-1800000.0,,-1800000.0,,,-2607900000.0,-1000000000.0,,-422300000.0,7970400000.0,12916000000.0,2500000.0,-4948100000.0,-2274900000.0,-2274900000.0,,-965000000.0,-1000000000.0,-692900000.0,-692900000.0,-692900000.0,-487600000.0,-487600000.0,-402400000.0,,,-2185600000.0,-2185600000.0,-5158100000.0,,,,,,,,,,31100000.0,80200000.0,-42100000.0,-42100000.0,259400000.0,259400000.0,,2756700000.0,-113300000.0,,,-617000000.0,-402400000.0,,,,,,,,,,,,,,,,,,,-113300000.0,-63500000.0,-19900000.0,-19900000.0,,,,,,,,,500000.0,,,,35000000.0,35000000.0,,,,,,,,,,,,,,,,,,,,,,,0.0,0.170882,3157800000.0,,,2756700000.0,259400000.0,4121900000.0,3157800000.0,3157800000.0,40900000.0,,,2756700000.0,2756700000.0,5609100000.0,3157800000.0,385700000.0,385400000.0,7.15,7.15,2756700000.0,2756700000.0,2756700000.0,2756700000.0,2756700000.0,546600000.0,3198700000.0,,,,,40900000.0,,,3157800000.0,1487200000.0,,,,1184900000.0,302300000.0,,,,4645000000.0,4121900000.0,8766900000.0,8766900000.0,,,,,-40900000.0,,,,,,,,,,,,,104600000.0
CHGG,2024-09-30,2024Q3,,,,,,,,,,,,,,,,,,,,,,,,,,,,,,,,,,,,,,,,,,243242000.0,,,,,,,,,,,2308000.0,2308000.0,,11424000.0,0.0,,,,,,,,,,,,,358222000.0,,,,53296000.0,,,,,,,,,,,,,,,,,,,,,,,358222000.0,,,,,,,,,,,,,,,,,,,,,,,,,,,,,,,,,,,,,,,,,,,0.0,,,,,,,,,,0.0,0.0,,,,,,,,,,,,,,,,,,,,,,,,,,,,,,,,,,,,,,,,,,,,,,225000.0,802000.0,1000.0,,,,,,,,,,,,,,,,,,,,,,,,,,,,,,,,,,,,,,,,,,,,,,,,,,,,,,,,,,,,,,,,,,,,,,,,,,,,,,,,,,,,,,,,,,,,,,,,,,,,,,,,,,0.0,,,,
CHGG,2024-12-31,2024Q4,,-32233000.0,18509000.0,,358605000.0,,,-293099000.0,486003000.0,8207000.0,,73911000.0,0.0,,17100000.0,,104880048.0,104880048.0,324474000.0,504458000.0,182634000.0,678930000.0,-90782000.0,182634000.0,192981000.0,320325000.0,192981000.0,192981000.0,-32233000.0,,,-889441000.0,1114550000.0,105000.0,105000.0,675970000.0,147629000.0,1776000.0,,,145853000.0,127344000.0,528341000.0,39217000.0,39217000.0,130519000.0,115360000.0,15159000.0,15159000.0,868951000.0,431392000.0,15491000.0,964000.0,964000.0,10347000.0,10347000.0,0.0,192904000.0,437559000.0,81094000.0,23641000.0,23641000.0,-190000.0,23831000.0,315724000.0,161475000.0,,,18509000.0,358605000.0,,,212650000.0,78476000.0,403885000.0,,,,,,,,132759000.0,28716000.0,134174000.0,0.0,,212650000.0,,,,154249000.0,,,,,358605000.0,,,,,,,,,,,,,,,,,,,,,,,,,,,,,,,,,,,,,108104000.0,144841000.0,-36737000.0,,,4834000.0,-2569000.0,-96520000.0,-13294000.0,164359000.0,154982000.0,-876000.0,10253000.0,-102685000.0,-102685000.0,-4041000.0,-2569000.0,-2569000.0,-96520000.0,-96520000.0,-96520000.0,94810000.0,94810000.0,-13294000.0,,,18128000.0,18128000.0,2591000.0,-4122000.0,-4817000.0,1599000.0,-3814000.0,-4068000.0,-4068000.0,-248000.0,-248000.0,-2930000.0,15347000.0,,2216000.0,2216000.0,19378000.0,19378000.0,19378000.0,-6125000.0,,,,,-13294000.0,,,,,,,,,,,,,0.0,4554000.0,445000.0,,13993000.0,,,,,,,,,,,,,,7139000.0,254000.0,,,,,,,,,,,,,,,,,,,,,,,,,,,4886910.0,0.21,-5366000.0,23271000.0,23271000.0,-6125000.0,19378000.0,45599000.0,17905000.0,-1473000.0,27419000.0,631000.0,,-24509090.0,-6125000.0,170804000.0,-27320000.0,,,,,-6125000.0,-6125000.0,-6125000.0,-6125000.0,-6125000.0,4021000.0,-2104000.0,-2203000.0,-25474000.0,19515000.0,,27419000.0,631000.0,,-27320000.0,125205000.0,,,,41008000.0,84197000.0,27901000.0,56296000.0,56296000.0,97885000.0,45599000.0,143484000.0,143484000.0,,0.0,,,,,,,,,,,,0.0,,,,
CHGG,2025-03-31,2025Q1,,-33247000.0,22293000.0,,4496000.0,4496000.0,,-259816000.0,426266000.0,8235000.0,,57325000.0,0.0,,14514000.0,,105376973.0,105376973.0,18370000.0,84768000.0,176400000.0,248146000.0,38719000.0,176400000.0,185671000.0,248146000.0,185671000.0,185671000.0,-33247000.0,,,-906925000.0,1125738000.0,105000.0,105000.0,253098000.0,82066000.0,1794000.0,,,80272000.0,62475000.0,171032000.0,45150000.0,45150000.0,121386000.0,93128000.0,28258000.0,16812000.0,438769000.0,229018000.0,15204000.0,,,9271000.0,,,166450000.0,209751000.0,77359000.0,28549000.0,28549000.0,-121000.0,28670000.0,88293000.0,44105000.0,,,17797000.0,,,11446000.0,38093000.0,,360706000.0,,,,,,,,17242000.0,26863000.0,38093000.0,0.0,,38093000.0,,,,44188000.0,,,,,,,,,,,,,,,,,,,1036000.0,,,,,,,,,,,,,,,,,,,,,,,283579000.0,284372000.0,-793000.0,,,15861000.0,,-416492000.0,-8665000.0,47056000.0,164359000.0,218000.0,-117521000.0,-416961000.0,-416961000.0,-469000.0,,,-416492000.0,-416492000.0,-416492000.0,274914000.0,274914000.0,-8665000.0,,,24526000.0,24526000.0,3031000.0,5437000.0,-752000.0,518000.0,-3359000.0,1535000.0,1535000.0,-4693000.0,-4693000.0,1438000.0,11257000.0,,15000.0,15000.0,32094000.0,32094000.0,,-17484000.0,-8112000.0,,,,-8665000.0,,,,,,,,,,0.0,0.0,,224000.0,1227000.0,,,5880000.0,-752000.0,,,,,,,,,,,,,2287000.0,-4894000.0,,,,,,,,,,,,,,,,,,,,,,,,,,,-420000.0,0.21,18089000.0,-2000000.0,-2000000.0,-17484000.0,32094000.0,53973000.0,16089000.0,-16005000.0,-467000.0,467000.0,,-15904000.0,-17484000.0,148389000.0,-29002000.0,105159000.0,105159000.0,-0.17,-0.17,-17484000.0,-17484000.0,-17484000.0,-17484000.0,-17484000.0,1012000.0,-16472000.0,10997000.0,12997000.0,-2000000.0,,-467000.0,467000.0,,-27002000.0,94416000.0,,,,29428000.0,64988000.0,25614000.0,39374000.0,39374000.0,67414000.0,53973000.0,121387000.0,121387000.0,,2000000.0,,,,,,,,,,,,,,,,
CHGG,2025-06-30,2025Q2,,-33350000.0,22322000.0,,67138000.0,4622000.0,,-266037000.0,420946000.0,7926000.0,,49069000.0,0.0,,23683000.0,,107821415.0,107821415.0,25691000.0,84838000.0,149662000.0,220372000.0,-23043000.0,149662000.0,157856000.0,157856000.0,157856000.0,157856000.0,-33350000.0,,,-942588000.0,1133686000.0,108000.0,108000.0,246597000.0,19628000.0,1928000.0,,,17700000.0,,226969000.0,34759000.0,34759000.0,125072000.0,105039000.0,20033000.0,8321000.0,404453000.0,200527000.0,8950000.0,,,8194000.0,,,154909000.0,203926000.0,75534000.0,18055000.0,18055000.0,-125000.0,18180000.0,85640000.0,36825000.0,,,17700000.0,62516000.0,,11712000.0,28474000.0,,363951000.0,,,,,,,,10848000.0,25977000.0,28474000.0,0.0,,28474000.0,,,,48815000.0,,,,,62516000.0,,,,,,,,,,,,,,1014000.0,,,,,,,,,,,,,,,,,,,,,,,4496000.0,4496000.0,0.0,,,-12070000.0,,0.0,-7230000.0,39578000.0,47056000.0,273000.0,-7751000.0,-177000.0,-177000.0,-568000.0,,,0.0,0.0,0.0,-2734000.0,-2734000.0,-7230000.0,,,-4840000.0,-4840000.0,-11548000.0,-11382000.0,-770000.0,410000.0,-3792000.0,-7573000.0,-7573000.0,10807000.0,10807000.0,8824000.0,7912000.0,,134000.0,134000.0,16226000.0,16226000.0,,-35663000.0,0.0,,,,-7230000.0,,,,,,,,,,0.0,0.0,,0.0,-155000.0,,,-6821000.0,0.0,,,,,,,,,,,,,9275000.0,3781000.0,,,,,,,,,,,,,,,,,,,,,,,,,,,0.0,0.21,-18173000.0,0.0,0.0,-35663000.0,16226000.0,35478000.0,-18173000.0,-34399000.0,-41000.0,41000.0,,-35663000.0,-35663000.0,141578000.0,-36458000.0,106908000.0,106908000.0,-0.33,-0.33,-35663000.0,-35663000.0,-35663000.0,-35663000.0,-35663000.0,1223000.0,-34440000.0,2059000.0,2059000.0,0.0,,-41000.0,41000.0,,-36458000.0,106100000.0,,,,28717000.0,77383000.0,17417000.0,59966000.0,59966000.0,69642000.0,35478000.0,105120000.0,105120000.0,,0.0,,,,,,,,,,,,,,,,
CHGG,2025-09-30,2025Q3,,-33263000.0,20478000.0,,67681000.0,5123000.0,,-279767000.0,423453000.0,7898000.0,,49787000.0,0.0,,18742000.0,,108776132.0,108776132.0,24378000.0,83036000.0,138936000.0,208611000.0,-11245000.0,138936000.0,146053000.0,146053000.0,146053000.0,146053000.0,-33263000.0,,,-960059000.0,1139266000.0,109000.0,109000.0,232218000.0,17614000.0,2259000.0,,,15355000.0,,214604000.0,32148000.0,32148000.0,114775000.0,94559000.0,20216000.0,8850000.0,378271000.0,174912000.0,8832000.0,,,7117000.0,7117000.0,,143686000.0,203359000.0,71876000.0,15440000.0,15440000.0,-147000.0,15587000.0,96389000.0,38180000.0,,,15355000.0,62558000.0,,11366000.0,15277000.0,,365768000.0,,,,,,,,12481000.0,25699000.0,15277000.0,0.0,,15277000.0,,,,58209000.0,,,,,62558000.0,,,,,,,,,,,,,,912000.0,,,,,,,,,,,,,,,,,,,,,,,3414000.0,3414000.0,0.0,,,-943000.0,,0.0,-5756000.0,40794000.0,39578000.0,-651000.0,1867000.0,-604000.0,-604000.0,-605000.0,,,0.0,0.0,0.0,-2342000.0,-2342000.0,-5756000.0,,,4813000.0,4813000.0,6504000.0,-2250000.0,-1755000.0,395000.0,-1127000.0,1061000.0,1061000.0,2478000.0,2478000.0,-5871000.0,5925000.0,,170000.0,170000.0,15321000.0,15321000.0,,-17471000.0,0.0,,,,-5756000.0,,,,,,,,,,,,,0.0,1133000.0,1000.0,,8763000.0,0.0,,,,,,,,,,,,,235000.0,-2188000.0,,,,,,,,,,,,,,,,,,,,,,,,,,,0.0,0.21,-426000.0,0.0,0.0,-17471000.0,15321000.0,31701000.0,-426000.0,-15747000.0,-41000.0,41000.0,,-17471000.0,-17471000.0,94866000.0,-17124000.0,108450000.0,108450000.0,-0.16,-0.16,-17471000.0,-17471000.0,-17471000.0,-17471000.0,-17471000.0,1683000.0,-15788000.0,1377000.0,1377000.0,0.0,,-41000.0,41000.0,,-17124000.0,63165000.0,,,,18350000.0,44815000.0,11583000.0,33232000.0,33232000.0,46041000.0,31701000.0,77742000.0,77742000.0,,0.0,,,,,,,,,,,,,,,,
CHGG,2025-12-31,2025Q4,,-32997000.0,15205000.0,,53765000.0,,,-284828000.0,413184000.0,2827000.0,,45753000.0,0.0,,16331000.0,,110985562.0,110985562.0,22619000.0,68970000.0,113582000.0,173388000.0,-19335000.0,113582000.0,119623000.0,119623000.0,119623000.0,119623000.0,-32997000.0,,,-992862000.0,1145371000.0,111000.0,111000.0,158391000.0,17444000.0,2239000.0,,,15205000.0,,140947000.0,29675000.0,29675000.0,57507000.0,54249000.0,3258000.0,3258000.0,278014000.0,156402000.0,9613000.0,,,6041000.0,6041000.0,,128356000.0,121612000.0,16857000.0,15604000.0,15604000.0,-156000.0,15760000.0,72820000.0,31146000.0,,,15205000.0,53765000.0,,,12392000.0,,364604000.0,,,,,,,,14204000.0,16942000.0,12392000.0,0.0,,12392000.0,,,,41674000.0,,,,,53765000.0,,,,,,,,,,,,,,,,,,,,,,,,,,,,,,,,,,,,,18931000.0,18931000.0,0.0,,,-15481000.0,,-8356000.0,-6472000.0,33411000.0,40794000.0,-96000.0,-7287000.0,-10737000.0,-10737000.0,-2579000.0,,,-8356000.0,-8356000.0,-8356000.0,12459000.0,12459000.0,-6472000.0,,,-9009000.0,-9009000.0,-5173000.0,-2482000.0,1321000.0,-1302000.0,-61105000.0,-4683000.0,-4683000.0,-153000.0,-153000.0,1173000.0,6770000.0,,1029000.0,1029000.0,14996000.0,14996000.0,14996000.0,-32803000.0,-478000.0,,,,-6472000.0,,,,,,,,,,,,,,,198000.0,,58548000.0,0.0,,,,,,,,,,,,,5477000.0,-56422000.0,,,,,,,,,,,,,,,,,,,,,,,,,,,164135.219185,0.019108,-26995000.0,8590000.0,8590000.0,-32803000.0,14996000.0,30999000.0,-18405000.0,-33401000.0,8774000.0,41000.0,,-41228864.780815,-32803000.0,106931000.0,-34272000.0,109360000.0,109360000.0,-0.3,-0.3,-32803000.0,-32803000.0,-32803000.0,-32803000.0,-32803000.0,-639000.0,-33442000.0,-7944000.0,-16534000.0,7838000.0,,8774000.0,41000.0,,-34272000.0,75932000.0,,,,16958000.0,58974000.0,14140000.0,44834000.0,44834000.0,41660000.0,30999000.0,72659000.0,72659000.0,,0.0,,,,,,,,,,,,,,,,
CHGG,2026-03-31,2026Q1,,,,,,,,,,,,,,,,,,,,,,,,,,,,,,,,,,,,,,,,,,,,,,,,,,,,,,,,,,,,,,,,,,,,,,,,,,,,,,,,,,,,,,,,,,,,,,,,,,,,,,,,,,,,,,,,,,,,,,,,,,,,,,,,,,,,,,,,,,,,,,,,,,,,,,,,,,,,,,,,,,,,,,,,,,,,,,,,,,,,,,,,,,,,,,,,,,,,,,,,,,,,,,,,,,,,,,,,,,,,,,,,,,,,,,,,,,,,,,,,,,,,,,,,,,,,,,,,,,,,112130000.0,112130000.0,0.0,0.0,,,,,,,,,,,,,,,,,,,,,,,,,,,,,,,,,,,,,,,,,,,,,,
HPE,2024-10-31,2024Q4,,,1570000000.0,32000000.0,,261000000.0,,,,,,,,,,,,,,,,,,,,,,,,,,,,,,,,,3951000000.0,373000000.0,,,,,,,,,,,,,2396000000.0,2396000000.0,,,,,,,,,,,,,163000000.0,3578000000.0,1309000000.0,,90000000.0,,,,1408000000.0,,,,,,,,,,,,,,,,,,,,859000000.0,,,,,5583000000.0,,,,,,1000000.0,-10000000.0,,,,,,,,,859000000.0,,,1555000000.0,,,,,,,,,,,,,,,,,,,,,,,,,,,,,,,,,,,,,,,,,,,,,,,,,,,,,,,,,,,,,,,,,,,,,,,,,,,,,,,,,-147000000.0,,,,,,,,,,,,,,,,-20000000.0,,,,,,,,,,,,,,,,,,,,,0.0,,,,,,,,,,,,,,,,,,,,,,,,,,,,,,,,,,,,,,,,,,,,,,,,,,,,,,,2000000.0,,,,-5000000.0,,,,,,,,,,,,,
HPE,2025-01-31,2025Q1,58000000.0,-2927000000.0,,,4605000000.0,,898000000.0,-6624000000.0,12036000000.0,,,10250000000.0,0.0,,,,1313391109.0,1313391109.0,4446000000.0,17877000000.0,6630000000.0,43101000000.0,8108000000.0,6630000000.0,25224000000.0,38496000000.0,25282000000.0,25224000000.0,-2927000000.0,,,-1642000000.0,29780000000.0,13000000.0,13000000.0,45045000000.0,20141000000.0,6869000000.0,,,13272000000.0,13272000000.0,24904000000.0,3905000000.0,3905000000.0,15496000000.0,4435000000.0,11061000000.0,10747000000.0,70327000000.0,37315000000.0,12369000000.0,,,18594000000.0,508000000.0,18086000000.0,5412000000.0,33012000000.0,3783000000.0,7221000000.0,3154000000.0,,,13431000000.0,13431000000.0,,,,4605000000.0,,314000000.0,,,,8577000000.0,,,2386000000.0,,6191000000.0,4076000000.0,,,,0.0,,940000000.0,,1720000000.0,66000000.0,,,,,,3810000000.0,314000000.0,,,,,940000000.0,,,0.0,-9000000.0,,,,,,,,,,,,,,,,,,665000000.0,130000000.0,,,,,,,,1000000.0,1000000.0,0.0,,,-918000000.0,-52000000.0,-486000000.0,-528000000.0,13852000000.0,15105000000.0,-43000000.0,-1210000000.0,-797000000.0,-797000000.0,-8000000.0,-52000000.0,-52000000.0,-372000000.0,-381000000.0,-486000000.0,-23000000.0,-23000000.0,-444000000.0,84000000.0,,-390000000.0,-390000000.0,-1711000000.0,-1093000000.0,,,-215000000.0,-215000000.0,-264000000.0,408000000.0,91000000.0,137000000.0,154000000.0,67000000.0,-2000000.0,-2000000.0,599000000.0,599000000.0,,627000000.0,-261000000.0,105000000.0,105000000.0,-196000000.0,-528000000.0,,,,,,,,,,210000000.0,210000000.0,-171000000.0,,,-169000000.0,,,,-17000000.0,210000000.0,,,,,,49000000.0,49000000.0,,,-244000000.0,,-16000000.0,-811000000.0,,,,,,,,,,9000000.0,,,,,,,77000000.0,,,0.0,-25000000.0,,38000000.0,38000000.0,,23635000.0,0.145,950000000.0,163000000.0,163000000.0,627000000.0,599000000.0,4998000000.0,1113000000.0,514000000.0,39000000.0,,,487635000.0,627000000.0,7340000000.0,433000000.0,1409000000.0,1316000000.0,0.44,0.45,627000000.0,598000000.0,627000000.0,627000000.0,627000000.0,106000000.0,733000000.0,180000000.0,,163000000.0,81000000.0,39000000.0,,,514000000.0,1781000000.0,38000000.0,38000000.0,,475000000.0,1268000000.0,,,,2295000000.0,5559000000.0,7854000000.0,7854000000.0,,,,,-39000000.0,,,17000000.0,244000000.0,,,,,29000000.0,,,29000000.0,
HPE,2025-04-30,2025Q2,60000000.0,-3094000000.0,,,5152000000.0,,1055000000.0,-6881000000.0,12288000000.0,,,10505000000.0,0.0,,,,1310531962.0,1310531962.0,5863000000.0,17530000000.0,6630000000.0,41397000000.0,7033000000.0,6630000000.0,23867000000.0,36245000000.0,23927000000.0,23867000000.0,-3094000000.0,,,-2892000000.0,29840000000.0,13000000.0,13000000.0,43927000000.0,19389000000.0,7011000000.0,,,12378000000.0,12378000000.0,24538000000.0,4172000000.0,4172000000.0,14159000000.0,4566000000.0,9593000000.0,9316000000.0,67854000000.0,36283000000.0,12674000000.0,,,17237000000.0,512000000.0,16725000000.0,5407000000.0,31571000000.0,4002000000.0,7806000000.0,3564000000.0,-10000000.0,3574000000.0,11667000000.0,11667000000.0,,,,5152000000.0,,277000000.0,,,,8096000000.0,,,2988000000.0,,5108000000.0,4242000000.0,,,,0.0,,965000000.0,,1717000000.0,66000000.0,,,,,,4374000000.0,277000000.0,,,,,965000000.0,,,0.0,,,,,,,,,,,,,,,,,,,662000000.0,116000000.0,,,,,,,,39000000.0,40000000.0,-1000000.0,,,-1008000000.0,-50000000.0,-575000000.0,-547000000.0,11788000000.0,13852000000.0,81000000.0,-2145000000.0,-695000000.0,-695000000.0,0.0,-50000000.0,-50000000.0,-443000000.0,-423000000.0,-575000000.0,-989000000.0,-989000000.0,-467000000.0,80000000.0,,-461000000.0,-461000000.0,-1653000000.0,277000000.0,,,-1551000000.0,-1519000000.0,-1434000000.0,-755000000.0,-463000000.0,37000000.0,116000000.0,123000000.0,-41000000.0,-41000000.0,574000000.0,574000000.0,,-1050000000.0,72000000.0,152000000.0,152000000.0,-200000000.0,-547000000.0,,,,,,,,,,0.0,0.0,-171000000.0,,,-2000000.0,,,,-25000000.0,-561000000.0,,,,,,-85000000.0,-85000000.0,,,0.0,,-16000000.0,376000000.0,,,,,,,,,,-20000000.0,,,,,,,20000000.0,,,,-29000000.0,,37000000.0,37000000.0,,-294630000.0,0.21,2271000000.0,-1403000000.0,-1403000000.0,-1050000000.0,574000000.0,4921000000.0,868000000.0,294000000.0,39000000.0,,,58370000.0,-1050000000.0,7333000000.0,-1109000000.0,1322000000.0,1322000000.0,-0.82,-0.82,-1079000000.0,-1079000000.0,-1050000000.0,-1050000000.0,-1050000000.0,5000000.0,-1045000000.0,-1378000000.0,,-1403000000.0,42000000.0,39000000.0,,,294000000.0,1875000000.0,37000000.0,37000000.0,,540000000.0,1298000000.0,,,,2169000000.0,5458000000.0,7627000000.0,7627000000.0,,1361000000.0,,,-39000000.0,,,25000000.0,0.0,,,,,,,,29000000.0,
HPE,2025-07-31,2025Q3,65000000.0,-3024000000.0,,,6799000000.0,,1549000000.0,-6883000000.0,13001000000.0,,,10607000000.0,0.0,,,,1318814831.0,1318814831.0,19082000000.0,23653000000.0,-6002000000.0,48055000000.0,-1345000000.0,-6002000000.0,24402000000.0,41256000000.0,24467000000.0,24402000000.0,-3024000000.0,,,-2786000000.0,30199000000.0,13000000.0,13000000.0,52873000000.0,25526000000.0,8672000000.0,,,16854000000.0,16854000000.0,27347000000.0,5311000000.0,5311000000.0,13688000000.0,4770000000.0,8918000000.0,8662000000.0,77340000000.0,51338000000.0,13817000000.0,,,30404000000.0,6637000000.0,23767000000.0,6118000000.0,26002000000.0,4835000000.0,9433000000.0,5260000000.0,,,4571000000.0,4571000000.0,,,,6799000000.0,,256000000.0,,,,7163000000.0,,,2708000000.0,,4455000000.0,4191000000.0,,,,0.0,,999000000.0,,2088000000.0,306000000.0,,,,,,5050000000.0,256000000.0,,,,,999000000.0,,,0.0,-18000000.0,,,,,,,,,,,,,,,,,,625000000.0,1124000000.0,,,,,,,,48000000.0,54000000.0,-6000000.0,,,729000000.0,0.0,-602000000.0,-576000000.0,4697000000.0,11788000000.0,-29000000.0,-7062000000.0,4235000000.0,4235000000.0,0.0,0.0,0.0,4493000000.0,4474000000.0,-602000000.0,-12602000000.0,-12602000000.0,-486000000.0,90000000.0,,1305000000.0,1305000000.0,-66000000.0,-120000000.0,,,-980000000.0,-966000000.0,-897000000.0,-786000000.0,-758000000.0,117000000.0,177000000.0,149000000.0,-31000000.0,-31000000.0,687000000.0,687000000.0,,305000000.0,-33000000.0,5076000000.0,5076000000.0,-200000000.0,-576000000.0,,,,,,,,,,-12278000000.0,0.0,-171000000.0,,,-58000000.0,,,,-32000000.0,114000000.0,,,,,,-69000000.0,-69000000.0,,,-1000000.0,0.0,-14000000.0,1820000000.0,,,,,,,,,,19000000.0,,,,,,,0.0,,,,-29000000.0,,126000000.0,126000000.0,,-37800000.0,0.21,1295000000.0,-180000000.0,-180000000.0,305000000.0,687000000.0,5903000000.0,1115000000.0,428000000.0,8000000.0,,8000000.0,447200000.0,305000000.0,8708000000.0,247000000.0,1421000000.0,1325000000.0,0.21,0.21,276000000.0,276000000.0,305000000.0,305000000.0,305000000.0,-17000000.0,288000000.0,-148000000.0,,-180000000.0,181000000.0,8000000.0,,8000000.0,428000000.0,2244000000.0,126000000.0,126000000.0,,622000000.0,1496000000.0,,,,2672000000.0,6464000000.0,9136000000.0,9136000000.0,,0.0,,,,,,32000000.0,1000000.0,,,,,,,,29000000.0,
HPE,2025-10-31,2025Q4,66000000.0,-2748000000.0,1712000000.0,,4925000000.0,316000000.0,1871000000.0,-6628000000.0,14165000000.0,,,10246000000.0,0.0,,,,1318292428.0,1318292428.0,16592000000.0,24077000000.0,-5450000000.0,47053000000.0,351000000.0,-5450000000.0,24688000000.0,42444000000.0,24754000000.0,24688000000.0,-2748000000.0,,,-2811000000.0,30234000000.0,13000000.0,13000000.0,51152000000.0,26509000000.0,791000000.0,5453000000.0,473000000.0,19152000000.0,17756000000.0,24643000000.0,5974000000.0,5974000000.0,11873000000.0,2742000000.0,9131000000.0,7731000000.0,75906000000.0,50912000000.0,1540000000.0,2952000000.0,2952000000.0,30138000000.0,6368000000.0,23770000000.0,7537000000.0,24994000000.0,3753000000.0,9116000000.0,4916000000.0,,,5773000000.0,5773000000.0,183000000.0,4980000000.0,1396000000.0,4609000000.0,16000000.0,1384000000.0,,,1535000000.0,6352000000.0,,,2213000000.0,,4139000000.0,4222000000.0,,,,0.0,,955000000.0,,2075000000.0,309000000.0,,,,930000000.0,,3796000000.0,319000000.0,,5716000000.0,,,955000000.0,,,0.0,-22000000.0,,,,,,,,,930000000.0,,,2074000000.0,,,,,,681000000.0,132000000.0,,,,,,,,885000000.0,887000000.0,-2000000.0,,,1824000000.0,-100000000.0,-5174000000.0,-641000000.0,5859000000.0,4697000000.0,-30000000.0,1192000000.0,-1697000000.0,-1697000000.0,-2000000.0,-100000000.0,-100000000.0,-1335000000.0,-1319000000.0,-5174000000.0,424000000.0,424000000.0,-515000000.0,126000000.0,,2465000000.0,2465000000.0,723000000.0,1025000000.0,,,-980000000.0,-968000000.0,-873000000.0,280000000.0,430000000.0,493000000.0,196000000.0,172000000.0,-491000000.0,-491000000.0,877000000.0,877000000.0,,175000000.0,31000000.0,3855000000.0,3855000000.0,-200000000.0,-641000000.0,,,,,,,,,,0.0,0.0,-171000000.0,,,-60000000.0,0.0,,,-16000000.0,54000000.0,,,,,,-95000000.0,-95000000.0,,,-3000000.0,260000000.0,-12000000.0,398000000.0,,,,,,,,,,-16000000.0,,,,,,,,,,29000000.0,-29000000.0,,310000000.0,310000000.0,,-86730000.0,0.21,1698000000.0,-413000000.0,-413000000.0,175000000.0,877000000.0,5871000000.0,1285000000.0,408000000.0,-261000000.0,,,501270000.0,175000000.0,9271000000.0,-8000000.0,1361000000.0,1332000000.0,0.11,0.11,146000000.0,146000000.0,175000000.0,175000000.0,175000000.0,-436000000.0,-261000000.0,-408000000.0,,-413000000.0,156000000.0,-261000000.0,,,408000000.0,2833000000.0,310000000.0,310000000.0,,881000000.0,1642000000.0,,,,3241000000.0,6438000000.0,9679000000.0,9679000000.0,,260000000.0,,,,,,5000000.0,3000000.0,,,,,,,,29000000.0,
HPE,2026-01-31,2026Q1,60000000.0,-2772000000.0,,,3906000000.0,,1375000000.0,-6797000000.0,12708000000.0,,,10343000000.0,0.0,,,,1328922107.0,1328922107.0,16770000000.0,21611000000.0,-5155000000.0,46385000000.0,846000000.0,-5155000000.0,24774000000.0,42479000000.0,24834000000.0,24774000000.0,-2772000000.0,,,-2593000000.0,30126000000.0,13000000.0,13000000.0,50934000000.0,26577000000.0,8872000000.0,,,17705000000.0,17705000000.0,24357000000.0,5483000000.0,5483000000.0,13593000000.0,4839000000.0,8754000000.0,8379000000.0,75768000000.0,50565000000.0,13801000000.0,,,29929000000.0,6101000000.0,23828000000.0,5911000000.0,25203000000.0,4683000000.0,8766000000.0,4576000000.0,,,4841000000.0,4841000000.0,,,,3906000000.0,,375000000.0,,,,6913000000.0,,,1984000000.0,,4929000000.0,4214000000.0,,,,0.0,,924000000.0,,2056000000.0,309000000.0,,,,,,3071000000.0,375000000.0,,,,,924000000.0,,,,-24000000.0,,,,,,,,,,,,,,,,,,704000000.0,131000000.0,,,,,,,,-2000000.0,2000000.0,-4000000.0,,,609000000.0,-158000000.0,-917000000.0,-569000000.0,4925000000.0,5859000000.0,33000000.0,-967000000.0,-1352000000.0,-1352000000.0,-8000000.0,-158000000.0,-158000000.0,-794000000.0,-791000000.0,-917000000.0,-793000000.0,-793000000.0,-503000000.0,66000000.0,,1178000000.0,1178000000.0,-383000000.0,-851000000.0,,,582000000.0,582000000.0,496000000.0,344000000.0,274000000.0,77000000.0,216000000.0,61000000.0,-151000000.0,-151000000.0,872000000.0,872000000.0,,452000000.0,-17000000.0,126000000.0,126000000.0,-219000000.0,-569000000.0,,,,,,,,,,0.0,0.0,-190000000.0,,,-173000000.0,,,,-17000000.0,-288000000.0,,,,,,86000000.0,86000000.0,,,0.0,,,-458000000.0,,,,,,,,,,-3000000.0,,,,,,,,,,51000000.0,-29000000.0,,311000000.0,311000000.0,,-46800000.0,0.4,1576000000.0,-117000000.0,-117000000.0,452000000.0,872000000.0,5400000000.0,1459000000.0,587000000.0,-54000000.0,,,522200000.0,452000000.0,8714000000.0,470000000.0,1356000000.0,1334000000.0,0.31,0.32,423000000.0,423000000.0,452000000.0,452000000.0,452000000.0,-19000000.0,433000000.0,-100000000.0,,-117000000.0,117000000.0,-54000000.0,,,587000000.0,2753000000.0,311000000.0,311000000.0,,744000000.0,1698000000.0,,,,3340000000.0,5961000000.0,9301000000.0,9301000000.0,,,,,54000000.0,,,17000000.0,0.0,,,,,0.0,,,29000000.0,
MVIS,2024-09-30,2024Q3,,344000.0,,,,,,,,,,,,,,,,,,,,,,,,,,,,,,,,,,,,,,,,,,,,,,,,,,,,,,,,,,,,,,,,,,,,,,,,,,,,,,0.0,,,,,,,,,,,,,,,,,,,,,,,,,,,,,,,,,,,,,,,,,,,,,,,,,,,,,,,,,,,,,,,,,,,,,,,,,,,,,,,,,,,,,,,,,,,,,,,,,,,,,,,,,,,,,,,,,,,,,,,,,,,,,,,,,,,,,-22000.0,,,,,,,,,,,,,,,,,,,,,,,,,,,,,,,,,,,,,,,,-21000.0,21000.0,,,,,,,,,,,,,,,,,,,,0.0,-21000.0,21000.0,,,,,,,,,,,,,,,,,0.0,,,,,,,,,,22000.0,,,,,,
MVIS,2024-12-31,2024Q4,,,18636000.0,15420000.0,26930000.0,2682000.0,571000.0,-20220000.0,44027000.0,3957000.0,,17184000.0,0.0,,,,224993000.0,224993000.0,,51638000.0,37797000.0,81771000.0,36519000.0,37797000.0,48769000.0,57523000.0,48769000.0,48769000.0,0.0,,,-862281000.0,910825000.0,225000.0,225000.0,72392000.0,26441000.0,1733000.0,,,24708000.0,8754000.0,45951000.0,308000.0,308000.0,2722000.0,1570000.0,1152000.0,1132000.0,121161000.0,38691000.0,3912000.0,,,10972000.0,10972000.0,,23807000.0,82470000.0,4287000.0,926000.0,926000.0,,,74702000.0,54486000.0,,,15954000.0,24248000.0,,20000.0,,,22886000.0,2294000.0,,,678000.0,0.0,1616000.0,,,,,0.0,,,,,,20216000.0,,0.0,,,24248000.0,20000.0,,,,,,,,,,,,,261000.0,,,,,,,,,,,,,,,,,,,,,,,6605000.0,7100000.0,,,,-15159000.0,,0.0,-103000.0,56247000.0,18365000.0,-299000.0,38181000.0,46735000.0,46735000.0,,8655000.0,,38080000.0,38080000.0,0.0,6502000.0,6502000.0,-103000.0,,,-15056000.0,-15056000.0,-3897000.0,-297000.0,1093000.0,-521000.0,-3706000.0,-355000.0,-355000.0,-694000.0,-694000.0,,2013000.0,,,,1674000.0,1674000.0,,-31155000.0,9031000.0,,,,-103000.0,,,,,,,,,,0.0,,,,,0.0,0.0,,,,,,,,,,,,,165000.0,,3071000.0,-3351000.0,228000.0,,8655000.0,8655000.0,,,,,,-175000.0,,,,,,,,,,,,,,,,,-2138850.0,0.21,-16050000.0,-10185000.0,-10185000.0,-31155000.0,1674000.0,4116000.0,-26235000.0,-27909000.0,,,,-23108850.0,-31155000.0,18803000.0,-18472000.0,219475000.0,219475000.0,,-0.14,-31155000.0,-31155000.0,-31155000.0,-31155000.0,-31155000.0,81000.0,-31074000.0,-9464000.0,721000.0,-1319000.0,0.0,,,,-17153000.0,14687000.0,,,,8764000.0,5923000.0,,,,-2466000.0,4116000.0,1650000.0,1650000.0,,1154000.0,,,,,,,,,,-165000.0,,,,,,
MVIS,2025-03-31,2025Q1,,119000.0,18449000.0,4983000.0,33095000.0,2988000.0,,-20718000.0,43840000.0,3959000.0,,17435000.0,0.0,,,,245440000.0,245440000.0,,48556000.0,42465000.0,83311000.0,37146000.0,42465000.0,53204000.0,53204000.0,53204000.0,53204000.0,119000.0,,,-891060000.0,943900000.0,245000.0,245000.0,63539000.0,21685000.0,1688000.0,,,15461000.0,,41854000.0,314000.0,314000.0,3462000.0,2194000.0,1268000.0,1268000.0,116743000.0,37743000.0,3882000.0,,,10739000.0,10739000.0,,23122000.0,79000000.0,7100000.0,252000.0,252000.0,,,69044000.0,51918000.0,,,15461000.0,30107000.0,,,,,22446000.0,2534000.0,,,711000.0,,1823000.0,,,,,0.0,,,,,,17126000.0,,4536000.0,,,30107000.0,,,,,,,,,,,,,,70000.0,,,,,,,,,,,,,,,,,,,,,,,3189000.0,13522000.0,,,,-14197000.0,,-2000.0,-99000.0,53525000.0,56247000.0,81000.0,-2803000.0,8205000.0,8205000.0,,8207000.0,,-2000.0,-2000.0,-2000.0,3090000.0,3090000.0,-99000.0,,,-14098000.0,-14098000.0,-3465000.0,-342000.0,-603000.0,-2713000.0,-253000.0,95000.0,95000.0,674000.0,674000.0,12884000.0,1921000.0,,,,1408000.0,1408000.0,,-28779000.0,2051000.0,,,,-99000.0,,,,,,,,,,0.0,,,,,0.0,0.0,,-2603000.0,,,,,,,,,,,,,0.0,-348000.0,-228000.0,,8207000.0,8207000.0,,,,,,-118000.0,,,,,,,,,,,,,,,,,-430710.0,0.21,-12344000.0,-2051000.0,-2051000.0,-28779000.0,1408000.0,550000.0,-14395000.0,-15803000.0,-12903000.0,12903000.0,,-27158710.0,-28779000.0,14629000.0,-14040000.0,235933000.0,235933000.0,,-0.12,-28779000.0,-28779000.0,-28779000.0,-28779000.0,-28779000.0,73000.0,-28706000.0,-1763000.0,288000.0,-4654000.0,,-12903000.0,12903000.0,,-14040000.0,14079000.0,,,,7403000.0,6676000.0,,,,39000.0,550000.0,589000.0,589000.0,4654000.0,,,,,,2603000.0,,,,,,,,,,,
MVIS,2025-06-30,2025Q2,,518000.0,18691000.0,2915000.0,35746000.0,3475000.0,,-21294000.0,44156000.0,3966000.0,,17927000.0,0.0,,,,278018000.0,278018000.0,,50962000.0,66594000.0,109375000.0,60354000.0,66594000.0,77104000.0,77104000.0,77104000.0,77104000.0,518000.0,,,-905289000.0,981597000.0,278000.0,278000.0,63513000.0,20684000.0,1735000.0,,,15216000.0,,42829000.0,337000.0,337000.0,3831000.0,2267000.0,1564000.0,1564000.0,140617000.0,37434000.0,4062000.0,,,10510000.0,10510000.0,,22862000.0,103183000.0,5468000.0,104000.0,104000.0,,,91407000.0,74094000.0,,,15216000.0,32271000.0,,,,,22263000.0,6128000.0,,,3767000.0,0.0,2361000.0,,,,,0.0,,,,,,17313000.0,,3733000.0,,,32271000.0,,,,,,,,,,,,,,76000.0,,,,,,,,,,,,,,,,,,,,,,,-113000.0,8880000.0,,,,-12937000.0,,-4000.0,-208000.0,75791000.0,53525000.0,238000.0,22028000.0,35078000.0,35078000.0,,35082000.0,,-4000.0,-4000.0,-4000.0,-321000.0,-321000.0,-208000.0,,,-12729000.0,-12729000.0,-1306000.0,-108000.0,-691000.0,2503000.0,410000.0,337000.0,337000.0,148000.0,148000.0,2164000.0,1930000.0,,,,1544000.0,1544000.0,,-14229000.0,-2755000.0,,,,-208000.0,,,,,,,,,,0.0,,,,,0.0,0.0,,-2755000.0,,,,,,,,,,,,,0.0,73000.0,-3568000.0,,35082000.0,35082000.0,,,,,,-77000.0,,,,,,,,,,,,,,,,,578550.0,0.21,-13183000.0,2755000.0,2755000.0,-14229000.0,1544000.0,716000.0,-10428000.0,-11972000.0,-2170000.0,2164000.0,,-16405450.0,-14229000.0,14811000.0,-14656000.0,254658000.0,254658000.0,,-0.06,-14229000.0,-14229000.0,-14229000.0,-14229000.0,-14229000.0,93000.0,-14136000.0,2690000.0,-65000.0,0.0,,-2170000.0,2164000.0,,-14656000.0,14095000.0,,,,7658000.0,6437000.0,,,,-561000.0,716000.0,155000.0,155000.0,,0.0,,,6000.0,,2755000.0,,,,,,,,,,,
MVIS,2025-09-30,2025Q3,,651000.0,17633000.0,2528000.0,32131000.0,3168000.0,,-21541000.0,43480000.0,4080000.0,,17895000.0,0.0,,,,302358000.0,302358000.0,,46596000.0,80438000.0,119682000.0,75077000.0,80438000.0,90719000.0,90719000.0,90719000.0,90719000.0,651000.0,,,-919506000.0,1009272000.0,302000.0,302000.0,60103000.0,20204000.0,1680000.0,,,14465000.0,,39899000.0,147000.0,147000.0,5093000.0,3754000.0,1339000.0,1339000.0,150822000.0,35846000.0,3626000.0,,,10281000.0,10281000.0,,21939000.0,114976000.0,6969000.0,40000.0,40000.0,,,99508000.0,72832000.0,,,14465000.0,28963000.0,,,,,21505000.0,8131000.0,,,5035000.0,0.0,3096000.0,,,,,0.0,,,,,,26676000.0,,4059000.0,,,28963000.0,,,,,,,,,,,,,,328000.0,,,,,,,,,,,,,,,,,,,,,,,-9266000.0,4286000.0,,,,-16616000.0,,-5504000.0,-128000.0,74534000.0,75791000.0,150000.0,-1407000.0,24475000.0,24475000.0,,29979000.0,,-5504000.0,-5504000.0,-5504000.0,-9394000.0,-9394000.0,-128000.0,,,-16488000.0,-16488000.0,-3433000.0,482000.0,-1154000.0,-1960000.0,1137000.0,-225000.0,-225000.0,64000.0,64000.0,2192000.0,-1603000.0,,,,1395000.0,1395000.0,,-14217000.0,-733000.0,,,,-128000.0,,,,,,,,,,0.0,,,,,0.0,0.0,,-733000.0,,,,,,,,,,,,,0.0,1362000.0,-2002000.0,,29979000.0,29979000.0,,,,,,-89000.0,,,,,,,,,,,,,,,,,153930.0,0.21,-11186000.0,733000.0,733000.0,-14217000.0,1395000.0,957000.0,-10453000.0,-11848000.0,-2197000.0,2197000.0,,-14796070.0,-14217000.0,12962000.0,-12721000.0,295461000.0,295461000.0,,-0.05,-14217000.0,-14217000.0,-14217000.0,-14217000.0,-14217000.0,172000.0,-14045000.0,873000.0,140000.0,0.0,,-2197000.0,2197000.0,,-12721000.0,12005000.0,,,,7978000.0,4027000.0,,,,-716000.0,957000.0,241000.0,241000.0,,0.0,,,,,733000.0,,,,,0.0,,,,,,
MVIS,2025-12-31,2025Q4,,669000.0,17556000.0,1054000.0,22707000.0,3495000.0,445000.0,-21866000.0,40221000.0,4067000.0,,15939000.0,0.0,,,,306509000.0,306509000.0,,36768000.0,55516000.0,74760000.0,50963000.0,55516000.0,55548000.0,55548000.0,55548000.0,55548000.0,669000.0,,,-957262000.0,1011835000.0,306000.0,306000.0,47571000.0,17422000.0,1486000.0,,,14061000.0,,30149000.0,0.0,0.0,5943000.0,4294000.0,1649000.0,1628000.0,103119000.0,22007000.0,3620000.0,,,32000.0,32000.0,,18355000.0,81112000.0,4989000.0,47000.0,47000.0,,,74834000.0,32363000.0,,,14061000.0,19212000.0,,21000.0,,,20215000.0,745000.0,,,745000.0,0.0,0.0,,,,,0.0,,,,,,42471000.0,,1875000.0,,,19212000.0,21000.0,,,,,,,,,,,,,497000.0,,,,,,,,,,,,,,,,,,,,,,,-15535000.0,3446000.0,,,,-15649000.0,,-11003000.0,-244000.0,34064000.0,74534000.0,-153000.0,-40317000.0,-6889000.0,-6889000.0,,4106000.0,,-11003000.0,-11003000.0,-11003000.0,-18023000.0,-18023000.0,-244000.0,,,-15405000.0,-15405000.0,2153000.0,-431000.0,-1045000.0,4028000.0,2086000.0,289000.0,289000.0,-7000.0,-7000.0,1249000.0,-1547000.0,,,,1477000.0,1477000.0,,-37756000.0,-4040000.0,,,,-244000.0,,,,,,,,,,0.0,,,,,8000.0,0.0,,-4040000.0,,,,,,,,,,,0.0,,23307000.0,1797000.0,-2478000.0,,4106000.0,4106000.0,,,,,,-248000.0,,,,,,,,,,,,,,,,,-103935.931688,0.011053,-26037000.0,-9403000.0,-9403000.0,-37756000.0,1477000.0,16325000.0,-35440000.0,-36917000.0,-1261000.0,1261000.0,,-28456935.931688,-37756000.0,28191000.0,-41411000.0,305484000.0,305484000.0,,-0.12,-37756000.0,-37756000.0,-37756000.0,-37756000.0,-37756000.0,-422000.0,-38178000.0,-8949000.0,454000.0,-13443000.0,,-1261000.0,1261000.0,,-27968000.0,11866000.0,,,,8681000.0,3185000.0,,,,-16102000.0,16325000.0,223000.0,223000.0,0.0,13443000.0,,,,,4040000.0,,,,,0.0,,,,,,
GEMI,2024-09-30,2024Q3,,,,,,,,,,,,,,,,,,,,,,,,,,,,,,,,,,,,,,,,,,,,,,,,,,,,,,,,,,,,,,,,,,,,,,,,,,,,,,,,,,,,,,,,,,,,,,,,,,,,,,,,,,,,,,,,,,,,,,,,,,,,,,,,,,,,,,,,,,,-10662000.0,,,-1683000.0,506969000.0,586756000.0,,-79787000.0,-71777000.0,-71777000.0,-71777000.0,,,0.0,0.0,,969000.0,969000.0,,,-1664000.0,-8979000.0,-8979000.0,21623000.0,,-36230000.0,35246000.0,5946000.0,5946000.0,-8283000.0,16661000.0,16661000.0,40576000.0,1338000.0,4727000.0,,,8151000.0,8151000.0,,-90180000.0,,0.0,0.0,,,,,,,,,,,,,,,709000.0,5000.0,,,,,,3002000.0,-19000.0,-19000.0,,,,,,4786000.0,,,,,,,,,,,,,,,,,,,,,,,,,,,,,,,-218284.0,0.011,-48975000.0,-19844000.0,-19844000.0,-90180000.0,8151000.0,49754000.0,-68819000.0,-76970000.0,-14229000.0,14229000.0,,-70554284.0,-90180000.0,76824000.0,-52282000.0,117083333.0,117083333.0,-0.770221,-0.770221,-90180000.0,-90180000.0,-90180000.0,-90180000.0,-90180000.0,-1019000.0,-91199000.0,-24688000.0,-4844000.0,,,-14229000.0,14229000.0,,-52282000.0,27070000.0,,,,,18081000.0,4259000.0,13822000.0,13822000.0,-25212000.0,49754000.0,24542000.0,24356000.0,,,,,,8989000.0,-19844000.0,,,,,,,,,,,
GEMI,2024-12-31,2024Q4,,2987000.0,24890000.0,9133000.0,684511000.0,4737000.0,,-45208000.0,76872000.0,12652000.0,,49708000.0,0.0,,7232000.0,,117083333.0,117083333.0,1122919000.0,1190656000.0,-957505000.0,370404000.0,38984000.0,-957505000.0,-795362000.0,-309370000.0,-795362000.0,-795362000.0,2987000.0,,0.0,-1460440000.0,662091000.0,0.0,0.0,2389290000.0,1040513000.0,,,,506145000.0,485992000.0,1348777000.0,7407000.0,0.0,647726000.0,38907000.0,608819000.0,17568000.0,1593928000.0,206167000.0,1722000.0,,,162143000.0,162143000.0,,31664000.0,1387761000.0,6090000.0,233668000.0,65368000.0,-10268000.0,75636000.0,515131000.0,42847000.0,,,20153000.0,679774000.0,591251000.0,,,,14512000.0,,,,,,,168300000.0,,,,0.0,,10638000.0,,,,472284000.0,,,,,679774000.0,,,,0.0,,,,6354000.0,,,,,,619286000.0,,,,,,,,,,,,,,,,,534368000.0,-795362000.0,662091000.0,0.0,7407000.0,,0.0,,0.0,,,-7052000.0,,0.0,-2445000.0,646858000.0,506969000.0,,139889000.0,140446000.0,140446000.0,130446000.0,,,10000000.0,0.0,0.0,4050000.0,4050000.0,,,-1664000.0,-4607000.0,-4607000.0,26777000.0,,23749000.0,-24799000.0,12194000.0,12194000.0,1347000.0,15633000.0,15633000.0,-225450000.0,1113000.0,3311000.0,,,8305000.0,8305000.0,,-26994000.0,,10000000.0,0.0,,,,,,,,,,,,,,,17300000.0,131000.0,,,,,,6495000.0,-781000.0,-781000.0,,,,,,207955000.0,,,,,,,,,,,,,,,,,,,,,,,,,,,,,,,48076560.0,0.21,-226592000.0,228936000.0,228936000.0,-26994000.0,8305000.0,45033000.0,2344000.0,-5961000.0,-16339000.0,16339000.0,,-207853440.0,-26994000.0,72040000.0,-28740000.0,,,,,-26994000.0,-26994000.0,-26994000.0,-26994000.0,-26994000.0,4694000.0,-22300000.0,22779000.0,-206157000.0,,,-16339000.0,16339000.0,,-28740000.0,27007000.0,,,,,17825000.0,11306000.0,6519000.0,6519000.0,-1733000.0,45033000.0,43300000.0,42984000.0,,,,,,9182000.0,228936000.0,,,,,,,,,,,
GEMI,2025-06-30,2025Q2,,,25164000.0,4199000.0,741194000.0,5157000.0,,-49218000.0,79113000.0,12433000.0,,50885000.0,0.0,,7283000.0,,117083333.0,117083333.0,1473306000.0,1549523000.0,-1220387000.0,454909000.0,78138000.0,-150937000.0,-1069450000.0,-281128000.0,-1069450000.0,0.0,8167000.0,,,-1742916000.0,,,,2642348000.0,1342697000.0,,,,808329000.0,788322000.0,1299651000.0,1988000.0,,552270000.0,43575000.0,508695000.0,9735000.0,1572898000.0,195109000.0,1049000.0,3660000.0,,150937000.0,150937000.0,,29895000.0,1377789000.0,6805000.0,275893000.0,91755000.0,-12304000.0,104059000.0,525525000.0,51053000.0,,,20007000.0,736037000.0,498960000.0,,,,15795000.0,,,,,,,174053000.0,,,,,,9568000.0,,,,474472000.0,,,,,736037000.0,,,,,,,,1134000.0,,,,10085000.0,,561149000.0,,,,,,,,,,,,,,,,,534368000.0,-1069450000.0,665299000.0,0.0,1988000.0,,,,,,,,,,,,,,,,,,,,,,,,,,,,,,,,,,,,,,,,,,,,,,,,,,,,,,,,,,,,,,,,,,,,,,,,,,,,,,,,,,,,,,,,,,,,,,,,,,,,,,,,,,,,,,,,,,,,,,,,,,,,,,,,,,,,,,,,,,,,,,,,,,,,,,,,,,,,,,,,,,,,,,,,,,,,,,,,,
GEMI,2025-09-30,2025Q3,,7375000.0,25544000.0,2819000.0,1024584000.0,5594000.0,,-51306000.0,82543000.0,12439000.0,,53685000.0,0.0,,8923000.0,,117645794.0,117645794.0,531528000.0,1044534000.0,508197000.0,1672552000.0,477455000.0,508197000.0,653562000.0,653562000.0,653562000.0,653562000.0,7375000.0,,568000.0,-1902430000.0,2549067000.0,118000.0,118000.0,1684648000.0,19950000.0,,,,19950000.0,,1664698000.0,8741000.0,8741000.0,628554000.0,67579000.0,560975000.0,5352000.0,2338210000.0,196057000.0,1735000.0,,,145365000.0,145365000.0,,31237000.0,2142153000.0,15892000.0,264394000.0,84215000.0,-15697000.0,99912000.0,1163807000.0,487462000.0,,,19950000.0,1018990000.0,555623000.0,,,,16419000.0,,,,,,,180179000.0,,,,,,9568000.0,,,,676345000.0,,,,,1018990000.0,,,6493000.0,1659000.0,,,,684000.0,,,,,,688453000.0,,,,,,,,,,,,,,,,,0.0,0.0,,0.0,0.0,,,,,,,-64659000.0,,,-2988000.0,1107997000.0,597891000.0,,510106000.0,613656000.0,613656000.0,43210000.0,,,123140000.0,123140000.0,,-41879000.0,-41879000.0,,,-1903000.0,-61671000.0,-61671000.0,32934000.0,,-50121000.0,75982000.0,15872000.0,15872000.0,15043000.0,-8799000.0,-8799000.0,-110372000.0,45751000.0,7693000.0,,,7672000.0,7672000.0,,-159514000.0,,173290000.0,173290000.0,,,,,,,,,,,,,,,21837000.0,121000.0,,,,,,-38832000.0,-1085000.0,-1085000.0,,,,,,116263000.0,,,,,,,,,,,,,,,,,,,,,,,,,,,,,,,747663.0,0.007,-237021000.0,106809000.0,106809000.0,-159514000.0,7672000.0,102840000.0,-130212000.0,-137884000.0,-22816000.0,22816000.0,,-265575337.0,-159514000.0,171411000.0,-120793000.0,23931000.0,23931000.0,-6.67,-6.67,-159514000.0,-159514000.0,-159514000.0,-159514000.0,-159514000.0,-1186000.0,-160700000.0,-17091000.0,-123900000.0,,,-22816000.0,22816000.0,,-120793000.0,68571000.0,,,,,52261000.0,32926000.0,19335000.0,19335000.0,-52222000.0,102840000.0,50618000.0,49775000.0,,,,,,16310000.0,106809000.0,,,,,,,,,,,
GEMI,2025-12-31,2025Q4,,887000.0,27377000.0,1335000.0,640263000.0,6807000.0,,-52905000.0,86547000.0,12620000.0,,55368000.0,0.0,,18664000.0,284000.0,117171784.0,117455784.0,381241000.0,660833000.0,401068000.0,1174329000.0,365847000.0,401068000.0,540873000.0,540873000.0,540873000.0,540873000.0,887000.0,,568000.0,-2043253000.0,2583689000.0,118000.0,118000.0,1260974000.0,20570000.0,,,,20570000.0,,1240404000.0,6031000.0,6031000.0,592775000.0,55466000.0,537309000.0,2647000.0,1801847000.0,195596000.0,5377000.0,,,139805000.0,139805000.0,,33642000.0,1606251000.0,4159000.0,30887000.0,30887000.0,-16307000.0,47194000.0,704685000.0,252215000.0,,,20570000.0,633456000.0,534662000.0,,,,18559000.0,,,,,,,,,,,0.0,,9428000.0,,,,452470000.0,,,,,633456000.0,,,6493000.0,851000.0,,,,69000.0,,,,,,847787000.0,,,,,,,,,,,,,,,,,0.0,,,,0.0,,-22000.0,,-22000.0,,,-140563000.0,,-304830000.0,-2654000.0,894848000.0,1107997000.0,,-213149000.0,-23563000.0,-23563000.0,-6152000.0,-6141000.0,,-11270000.0,30980000.0,-188330000.0,-51677000.0,-51677000.0,,,-2181000.0,-137909000.0,-137909000.0,-110110000.0,,4275000.0,-107148000.0,-11961000.0,-11961000.0,-9667000.0,4724000.0,4724000.0,180316000.0,35997000.0,5965000.0,,,7534000.0,7534000.0,,-140823000.0,-4436000.0,293560000.0,219310000.0,,,,,,,,,,,,,,,11651000.0,,,,,-4436000.0,,-49001000.0,-473000.0,-473000.0,,,,,,-113002000.0,,,,,,,-6141000.0,-6141000.0,,,,,,,,,,,,,,,,,,,,,,,-30644670.0,0.21,23555000.0,-145927000.0,-145927000.0,-140823000.0,7534000.0,94585000.0,-122372000.0,-129906000.0,-10782000.0,10782000.0,,-25540670.0,-140823000.0,171744000.0,-111401000.0,115282000.0,115282000.0,-1.22,-1.22,-140823000.0,-140823000.0,-140823000.0,-140823000.0,-140823000.0,135000.0,-140688000.0,-18505000.0,127422000.0,,,-10782000.0,10782000.0,,-111401000.0,77159000.0,,,,,63938000.0,39043000.0,24895000.0,24895000.0,-34242000.0,94585000.0,60343000.0,56404000.0,,,,,,13221000.0,-145927000.0,,,,,,,,,,,
PYPL,2024-09-30,2024Q3,,,,,,,,,,,,,,,,,,,,,,,,,,,,,,,,,,,,,,,,,,,,,,,,,,,,,,,,,,,,,,,,,,,,,,,,,,,,,,,,,,,,,,,,,,,,,,,,,,,,,,,,,,,,,,,,,,,,,,,,,,,,,,,,,,,,,,,,,,,,,,,,,,,,,,,,,,,,,,,,,,,,,,,,,,,,,,,,,,,,,,,,,,,,,,,,,,,,,,,,,,,,,,,,,,,,,,,,,,,0.0,0.0,,,,,,,,,,,,,,,,,,,,,,,,,,,,,,,,,,,,,,,,,,,,,,,,,,,,,,,,,,,,,,,,,,,,,,,,,,,,,,,,,,,,,,,,,
PYPL,2024-12-31,2024Q4,,,,,,,,-7483000000.0,8991000000.0,343000000.0,104000000.0,8207000000.0,0.0,,,,,,,,,,,,,,,,,,,,,,,,,,,,,,,,,,,,,,,,,,,,,,,,,,,,,,,,,,,,,,,,,,,,,,,,,,,,,,337000000.0,,,,,,,,,,,,,,,,,,,,1000000.0,,,,,,,,,,,,,,,,,,,,,,,,,,,,,,,,,,,,,,,,,,,,,,,,,,,,,,,,,,,,,,,,,,,,,,,,,,,,,,,,,,,,,,,,,,,,,,,,,,,,,,,,,,,,40000000.0,40000000.0,,,,,,,,,,,,,,,,,,,,,,,,,,,,,,,,,,,,,,,,,,,,,,,,,,,,,,,,,,,,,,,,,,,,,,,,,,,,,,,,,,,,,,,,,
PYPL,2025-03-31,2025Q1,,-622000000.0,,,,,,,,,,,,,,356000000.0,979000000.0,1335000000.0,3968000000.0,11417000000.0,9048000000.0,31671000000.0,13989000000.0,9048000000.0,20254000000.0,31671000000.0,20254000000.0,20254000000.0,-622000000.0,,28597000000.0,28654000000.0,20819000000.0,0.0,0.0,61020000000.0,14398000000.0,2981000000.0,,,11417000000.0,11417000000.0,46622000000.0,,,46622000000.0,5242000000.0,41380000000.0,41380000000.0,81274000000.0,20663000000.0,3307000000.0,,,11206000000.0,296000000.0,10910000000.0,1537000000.0,60611000000.0,1888000000.0,47512000000.0,40287000000.0,,,11211000000.0,7449000000.0,,,,,,,3062000000.0,3062000000.0,,,,,,,,,,,,0.0,,4613000000.0,1551000000.0,,,3762000000.0,,,,,,,,,,,,,,,,,7225000000.0,,0.0,,,,,,,,,,,,,,,,,,,,,,,-618000000.0,5552000000.0,-6170000000.0,,,964000000.0,-1500000000.0,0.0,-196000000.0,21101000000.0,22490000000.0,94000000.0,-1483000000.0,994000000.0,994000000.0,1003000000.0,-1500000000.0,-1500000000.0,1491000000.0,1491000000.0,0.0,-3637000000.0,-3637000000.0,-194000000.0,2000000.0,,1160000000.0,1160000000.0,-676000000.0,-311000000.0,-279000000.0,64000000.0,-52000000.0,-52000000.0,-52000000.0,-98000000.0,-98000000.0,139000000.0,249000000.0,,-6000000.0,-6000000.0,245000000.0,245000000.0,,1287000000.0,-48000000.0,1491000000.0,1491000000.0,0.0,-196000000.0,,,,,,,,,,0.0,,0.0,2000000.0,95000000.0,,0.0,,-48000000.0,,-2825000000.0,,,,,,,,,,,,,,,,,,,,,,-30000000.0,,,,,,,,,,,,,,,,,-3548346.849657,0.19713,1969000000.0,-18000000.0,-18000000.0,1287000000.0,245000000.0,4075000000.0,1951000000.0,1706000000.0,42000000.0,103000000.0,145000000.0,1301451653.150343,1287000000.0,6195000000.0,1530000000.0,999000000.0,986000000.0,1.29,1.31,1287000000.0,1287000000.0,1287000000.0,1287000000.0,1287000000.0,316000000.0,1603000000.0,-35000000.0,-17000000.0,-66000000.0,66000000.0,42000000.0,103000000.0,145000000.0,1596000000.0,2120000000.0,,,,731000000.0,991000000.0,488000000.0,503000000.0,503000000.0,3716000000.0,4075000000.0,7791000000.0,7791000000.0,,,,,,398000000.0,48000000.0,,,,,,,,,,,
PYPL,2025-06-30,2025Q2,,-739000000.0,,,,,,,,,,,,,,378000000.0,960000000.0,1338000000.0,4608000000.0,11296000000.0,8954000000.0,31497000000.0,14829000000.0,8954000000.0,20201000000.0,31497000000.0,20201000000.0,20201000000.0,-739000000.0,,30111000000.0,29915000000.0,21136000000.0,0.0,0.0,59576000000.0,14526000000.0,3230000000.0,,,11296000000.0,11296000000.0,45050000000.0,,,45050000000.0,3906000000.0,41144000000.0,41144000000.0,79777000000.0,19898000000.0,3381000000.0,,,11247000000.0,271000000.0,10976000000.0,1625000000.0,59879000000.0,2094000000.0,47777000000.0,40022000000.0,,,10008000000.0,6688000000.0,,,,,,,2052000000.0,2052000000.0,,,,,,,,,,,,0.0,,3645000000.0,1593000000.0,,,3320000000.0,,,,,,,,,,,,,,,,,7755000000.0,,0.0,,,,,,,,,,,,,,,,,,,,,,,736000000.0,6331000000.0,-5595000000.0,,,692000000.0,-1551000000.0,-1612000000.0,-206000000.0,18980000000.0,21101000000.0,195000000.0,-2316000000.0,-3174000000.0,-3174000000.0,-490000000.0,-1477000000.0,-1551000000.0,-1207000000.0,-1207000000.0,-1612000000.0,-40000000.0,-40000000.0,-205000000.0,1000000.0,,898000000.0,898000000.0,-984000000.0,-1184000000.0,,,2000000.0,2000000.0,2000000.0,-17000000.0,-17000000.0,217000000.0,286000000.0,,-83000000.0,-83000000.0,239000000.0,239000000.0,,1261000000.0,-11000000.0,405000000.0,405000000.0,,-206000000.0,,,,,,,,,,,,,189000000.0,742000000.0,,,,-11000000.0,,-571000000.0,,,,,,,,,,,,,,,,,,,,,,-27000000.0,,,,,,,,,,,,,,,,,-18900000.0,0.18,1987000000.0,-105000000.0,-105000000.0,1261000000.0,239000000.0,4444000000.0,1882000000.0,1643000000.0,21000000.0,114000000.0,135000000.0,1347100000.0,1261000000.0,6668000000.0,1504000000.0,977000000.0,969000000.0,1.29,1.3,1261000000.0,1261000000.0,1261000000.0,1261000000.0,1261000000.0,268000000.0,1529000000.0,-112000000.0,-7000000.0,-116000000.0,116000000.0,21000000.0,114000000.0,135000000.0,1620000000.0,2224000000.0,,,,767000000.0,1044000000.0,583000000.0,461000000.0,461000000.0,3844000000.0,4444000000.0,8288000000.0,8288000000.0,,,,,,413000000.0,11000000.0,,,,,,,,,,,
PYPL,2025-09-30,2025Q3,,-700000000.0,,,,,,,,,,,,,,400000000.0,941000000.0,1341000000.0,2281000000.0,11276000000.0,9031000000.0,31474000000.0,15252000000.0,9031000000.0,20198000000.0,31474000000.0,20198000000.0,20198000000.0,-700000000.0,,31624000000.0,31163000000.0,21359000000.0,0.0,0.0,59603000000.0,14679000000.0,3403000000.0,,,11276000000.0,11276000000.0,44924000000.0,,,44924000000.0,4048000000.0,40876000000.0,40876000000.0,79801000000.0,19625000000.0,3201000000.0,,,11167000000.0,226000000.0,10941000000.0,1656000000.0,60176000000.0,1980000000.0,47441000000.0,39641000000.0,,,10755000000.0,8995000000.0,,,,,,,1997000000.0,1997000000.0,,,,,,,,,,,,0.0,,3601000000.0,1604000000.0,,,1760000000.0,,,,,,,,,,,,,,,,,7800000000.0,,0.0,,,,,,,,,,,,,,,,,,,,,,,3045000000.0,7432000000.0,-4387000000.0,,,1718000000.0,-1500000000.0,-3291000000.0,-256000000.0,23853000000.0,18980000000.0,-44000000.0,4917000000.0,-1829000000.0,-1829000000.0,-328000000.0,-1500000000.0,-1500000000.0,-1000000.0,-1000000.0,-3291000000.0,4772000000.0,4772000000.0,-256000000.0,0.0,,1974000000.0,1974000000.0,101000000.0,-69000000.0,,,44000000.0,44000000.0,44000000.0,126000000.0,126000000.0,-29000000.0,257000000.0,,182000000.0,182000000.0,245000000.0,245000000.0,,1248000000.0,-10000000.0,3290000000.0,3290000000.0,,-256000000.0,,,,,,,,,,,,,19000000.0,196000000.0,,,,-10000000.0,,1983000000.0,,,,,,,,,,,,,,,0.0,0.0,,,,,,-20000000.0,,,,,,,,,,,,,,,,,-11210000.0,0.19,1950000000.0,-59000000.0,-59000000.0,1248000000.0,245000000.0,4546000000.0,1891000000.0,1646000000.0,6000000.0,113000000.0,119000000.0,1295790000.0,1248000000.0,6828000000.0,1520000000.0,960000000.0,950000000.0,1.3,1.31,1248000000.0,1248000000.0,1248000000.0,1248000000.0,1248000000.0,285000000.0,1533000000.0,-62000000.0,-3000000.0,-69000000.0,69000000.0,6000000.0,113000000.0,119000000.0,1589000000.0,2282000000.0,,,,801000000.0,1034000000.0,521000000.0,513000000.0,513000000.0,3871000000.0,4546000000.0,8417000000.0,8417000000.0,,,,,,447000000.0,10000000.0,,,,,,,,,,,
PYPL,2025-12-31,2025Q4,,-658000000.0,,,,,,-8114000000.0,9814000000.0,357000000.0,34000000.0,9083000000.0,0.0,,,423000000.0,920000000.0,1343000000.0,1938000000.0,9987000000.0,9184000000.0,30243000000.0,13316000000.0,9184000000.0,20256000000.0,30243000000.0,20256000000.0,20256000000.0,-658000000.0,,33138000000.0,32470000000.0,21582000000.0,0.0,0.0,59917000000.0,13474000000.0,3487000000.0,,,9987000000.0,9987000000.0,46443000000.0,,,46443000000.0,6005000000.0,40438000000.0,40438000000.0,80173000000.0,20414000000.0,3312000000.0,,,11072000000.0,208000000.0,10864000000.0,1700000000.0,59759000000.0,1827000000.0,47510000000.0,39038000000.0,,,10422000000.0,8049000000.0,,,,,,,2421000000.0,2421000000.0,,,,,,,,,,,,0.0,,4330000000.0,1909000000.0,,340000000.0,2373000000.0,,,,,,,,,,,,,,,,,8472000000.0,,0.0,,,,,,,,,,,,,,,,,,,,,,,-542000000.0,3906000000.0,-4448000000.0,,,2190000000.0,-1501000000.0,-201000000.0,-194000000.0,24018000000.0,23853000000.0,28000000.0,137000000.0,-1949000000.0,-1949000000.0,-560000000.0,-1458000000.0,-1501000000.0,199000000.0,199000000.0,-201000000.0,-298000000.0,-298000000.0,-194000000.0,0.0,,2384000000.0,2384000000.0,495000000.0,246000000.0,,,10000000.0,10000000.0,10000000.0,133000000.0,133000000.0,-17000000.0,210000000.0,,124000000.0,124000000.0,234000000.0,234000000.0,,1437000000.0,-93000000.0,400000000.0,400000000.0,,-194000000.0,,,,,,,,,,,,,196000000.0,66000000.0,,,,-93000000.0,,438000000.0,,,,,,,,,,,,,,,43000000.0,43000000.0,,,,,,-6000000.0,,,,,,,,,,,,,,,,,1518131.530424,0.116779,1959000000.0,13000000.0,13000000.0,1437000000.0,234000000.0,4642000000.0,1972000000.0,1738000000.0,7000000.0,111000000.0,118000000.0,1425518131.530424,1437000000.0,7085000000.0,1511000000.0,939000000.0,931000000.0,1.53,1.54,1437000000.0,1437000000.0,1437000000.0,1437000000.0,1437000000.0,190000000.0,1627000000.0,29000000.0,16000000.0,-80000000.0,80000000.0,7000000.0,111000000.0,118000000.0,1591000000.0,2443000000.0,,,,804000000.0,1193000000.0,691000000.0,502000000.0,502000000.0,4034000000.0,4642000000.0,8676000000.0,8676000000.0,,,,,,446000000.0,93000000.0,,,,,,,,,,,
PYPL,2026-03-31,2026Q1,,-513000000.0,,,,,,,,,,,,,,457000000.0,892000000.0,1349000000.0,2432000000.0,9409000000.0,8872000000.0,29433000000.0,12358000000.0,8872000000.0,20024000000.0,29433000000.0,20024000000.0,20024000000.0,-513000000.0,,34651000000.0,33453000000.0,21735000000.0,0.0,0.0,60522000000.0,12885000000.0,3476000000.0,,,9409000000.0,9409000000.0,47637000000.0,,,47637000000.0,5974000000.0,41663000000.0,41663000000.0,80546000000.0,20551000000.0,3566000000.0,,,11152000000.0,206000000.0,10946000000.0,1708000000.0,59995000000.0,1779000000.0,48874000000.0,40344000000.0,,,9342000000.0,6977000000.0,,,,,,,2313000000.0,2313000000.0,,,,,,,,,,,,0.0,,4125000000.0,1812000000.0,,,2365000000.0,,,,,,,,,,,,,,,,,8530000000.0,,,,,,,,,,,,,,,,,,,,,,,,,-1402000000.0,4521000000.0,-5923000000.0,,,903000000.0,-1500000000.0,-932000000.0,-231000000.0,22443000000.0,24018000000.0,-50000000.0,-1525000000.0,-559000000.0,-559000000.0,1073000000.0,-1500000000.0,-1500000000.0,-2000000.0,-2000000.0,-932000000.0,-2100000000.0,-2100000000.0,-223000000.0,8000000.0,,1134000000.0,1134000000.0,-555000000.0,-313000000.0,-437000000.0,249000000.0,-52000000.0,-52000000.0,-52000000.0,-2000000.0,-2000000.0,276000000.0,259000000.0,,-290000000.0,-290000000.0,238000000.0,238000000.0,,1113000000.0,101000000.0,930000000.0,930000000.0,-130000000.0,-231000000.0,,,,,,,,,,-122000000.0,,-130000000.0,18000000.0,7000000.0,,-122000000.0,,101000000.0,,-353000000.0,,,,,,,,,,,,,,,,,,,,,,-8000000.0,,,,,,,,,,,,,,,,,-35175879.396985,0.201005,1917000000.0,-175000000.0,-175000000.0,1113000000.0,238000000.0,4543000000.0,1742000000.0,1504000000.0,-4000000.0,111000000.0,107000000.0,1252824120.603015,1113000000.0,6791000000.0,1488000000.0,920000000.0,913000000.0,1.21,1.22,1113000000.0,1113000000.0,1113000000.0,1113000000.0,1113000000.0,280000000.0,1393000000.0,-165000000.0,10000000.0,-74000000.0,74000000.0,-4000000.0,111000000.0,107000000.0,1562000000.0,2248000000.0,,,,793000000.0,1009000000.0,518000000.0,491000000.0,491000000.0,3810000000.0,4543000000.0,8353000000.0,8353000000.0,,,,,,446000000.0,-101000000.0,,,,,,,,,,,
FRSH,2024-09-30,2024Q3,,,,,,,,,,,,,,,,,,,,,,,,,,,,,,,,,,,,,,,,,,,,,,,,,,,,,,,,,,,,,,,,,,,,,,,,,,,,,,,,,,,,,,,,,,,,,,,23100000.0,,,,,,,,,,,,,,,,,,,,,,,,,,,,,,,,,,,,,,,,,,,,,,,,,,,,,,,,,,,,,,,,,,,,,,,,,,,,,,,,,,,,,,,,,,,,,,,,,,,0.0,,,,,,0.0,,,,,,,,,,,,,,,,,,,,,,,,,,,,,,,,,,,,,,,,,,,,,,,,,,,,,,,,,,,,,,,,,,,,,,,,,,,,,,,,,,,,,,,,,,,,,,,,,,,,,,,,,,,,,
FRSH,2024-12-31,2024Q4,,-338000.0,38294000.0,,8073000.0,8073000.0,29396000.0,-53082000.0,115866000.0,7847000.0,13000.0,71115000.0,0.0,26106000.0,,,303382396.0,303382396.0,,38294000.0,900067000.0,1137921000.0,857712000.0,900067000.0,1137921000.0,1137921000.0,1137921000.0,1137921000.0,-338000.0,,,-3735877000.0,4874133000.0,3000.0,3000.0,473963000.0,66248000.0,36027000.0,,,30221000.0,,407715000.0,327922000.0,327922000.0,42324000.0,25230000.0,17094000.0,1619000.0,1611884000.0,346457000.0,14786000.0,31033000.0,8499000.0,237854000.0,90840000.0,147014000.0,62784000.0,1265427000.0,46343000.0,122910000.0,122910000.0,-8885000.0,131795000.0,1070065000.0,620315000.0,,,30221000.0,,,15475000.0,,,36891000.0,,,,,,,,,,,0.0,,,,,,449750000.0,,,,,,728000.0,,,,,,,,,,,,,3000.0,,,,,,,,,,,,,,,,,,,,,,,215933000.0,269868000.0,-53935000.0,,,34384000.0,,,-6978000.0,620405000.0,391197000.0,,229208000.0,-21302000.0,-21302000.0,-10672000.0,,,,,,209148000.0,209148000.0,-4874000.0,193000.0,-1911000.0,41362000.0,41362000.0,-2856000.0,18030000.0,-2419000.0,,-1060000.0,-5326000.0,-5326000.0,-23747000.0,-23747000.0,11200000.0,50416000.0,,1159000.0,1159000.0,6363000.0,6363000.0,,-21900000.0,,,,,-5067000.0,,,,,,,,,,0.0,,,,3639000.0,3063000.0,0.0,6340000.0,,,,,,,,,,,,,,,4266000.0,,,,,,,,,,-3020000.0,,,,,,,,,,,,,,,,,0.0,0.21,-7765000.0,,,-21900000.0,6363000.0,29459000.0,-7765000.0,-14128000.0,11625000.0,,11625000.0,-21900000.0,-21900000.0,208699000.0,-23792000.0,303560000.0,303560000.0,-0.07,-0.07,-21900000.0,-21900000.0,-21900000.0,-21900000.0,-21900000.0,5910000.0,-15990000.0,-13487000.0,-3823000.0,,,11625000.0,,11625000.0,-14128000.0,179240000.0,,,,41028000.0,138212000.0,90674000.0,47538000.0,47538000.0,165112000.0,29459000.0,194571000.0,194571000.0,,,,,,,,,,,,,,,,,,
FRSH,2025-03-31,2025Q1,,608000.0,39861000.0,,9263000.0,9263000.0,26003000.0,-55069000.0,118625000.0,8290000.0,25000.0,74247000.0,0.0,26548000.0,,,298380244.0,298380244.0,,39861000.0,827490000.0,1061830000.0,782569000.0,827490000.0,1061830000.0,1061830000.0,1061830000.0,1061830000.0,608000.0,,,-3737181000.0,4798400000.0,3000.0,3000.0,479350000.0,65851000.0,35253000.0,,,30598000.0,,413499000.0,335758000.0,335758000.0,42475000.0,24746000.0,17729000.0,2146000.0,1541180000.0,345112000.0,15014000.0,32202000.0,8989000.0,234340000.0,87326000.0,147014000.0,63556000.0,1196068000.0,61904000.0,112295000.0,112295000.0,-7713000.0,120008000.0,995321000.0,594243000.0,,,30598000.0,,,15583000.0,,,36063000.0,,,,,,,,,,,0.0,,,,,,401078000.0,,,,,,697000.0,,,,,,,,,,,,,,,,,,,,,,,,,,,,,,,,,,,,50261000.0,172194000.0,-121933000.0,,,53905000.0,-113610000.0,,-4068000.0,594336000.0,620405000.0,,-26069000.0,-130273000.0,-130273000.0,-16711000.0,-113610000.0,-113610000.0,,,,46231000.0,46231000.0,-1258000.0,38000.0,-2772000.0,57973000.0,57973000.0,-6256000.0,-1655000.0,92000.0,,30000.0,526000.0,526000.0,10594000.0,10594000.0,9869000.0,51664000.0,,-459000.0,-459000.0,6360000.0,6360000.0,,-1304000.0,,,,,-1296000.0,,,,,,,,,,,,,,3473000.0,48000.0,,-15317000.0,,,,,,,,,,,,,,,-496000.0,,,,,,,,,,-1901000.0,,,,,,,,,,,,,,,,,-85050.0,0.21,-3246000.0,-405000.0,-405000.0,-1304000.0,6360000.0,29878000.0,-3651000.0,-10011000.0,11294000.0,,11294000.0,-984050.0,-1304000.0,206284000.0,-10416000.0,301280000.0,301280000.0,0.0,0.0,-1304000.0,-1304000.0,-1304000.0,-1304000.0,-1304000.0,3857000.0,2553000.0,1270000.0,1675000.0,-405000.0,405000.0,11294000.0,,11294000.0,-10011000.0,176406000.0,,,,40001000.0,136405000.0,89158000.0,47247000.0,47247000.0,166395000.0,29878000.0,196273000.0,196273000.0,,,,,,,,,,,,,,,,,,
FRSH,2025-06-30,2025Q2,,102000.0,36023000.0,,9208000.0,9208000.0,26096000.0,-57826000.0,121078000.0,8333000.0,0.0,80387000.0,0.0,27508000.0,,,292042331.0,292042331.0,,36023000.0,754148000.0,984642000.0,703891000.0,754148000.0,984642000.0,984642000.0,984642000.0,984642000.0,102000.0,,,-3738920000.0,4723457000.0,3000.0,3000.0,496184000.0,63565000.0,36750000.0,,,26815000.0,,432619000.0,344878000.0,344878000.0,52437000.0,32701000.0,19736000.0,4899000.0,1480826000.0,344316000.0,17131000.0,33439000.0,8980000.0,230494000.0,83818000.0,146676000.0,63252000.0,1136510000.0,66942000.0,115864000.0,115864000.0,-8244000.0,124108000.0,926196000.0,485970000.0,,,26815000.0,,,14837000.0,,,32358000.0,,,,,,,,,,,0.0,,,,,,440226000.0,,,,,,1796000.0,,,,,,,,,,,,,,,,,,,,,,,,,,,,,,,,,,,,-37788000.0,187485000.0,-225273000.0,,,53535000.0,-113586000.0,,-5056000.0,486071000.0,594336000.0,,-108265000.0,-124014000.0,-124014000.0,-13749000.0,-113586000.0,-113586000.0,,,,-42842000.0,-42842000.0,-378000.0,2000.0,-4676000.0,58591000.0,58591000.0,-4093000.0,-1664000.0,-2507000.0,,11063000.0,2754000.0,2754000.0,-3613000.0,-3613000.0,10655000.0,49280000.0,,0.0,0.0,6281000.0,6281000.0,,-1739000.0,,,,,-380000.0,,,,,,,,,,,,,,,3321000.0,,-7372000.0,,,,,,,,,,,,,,,8309000.0,,,,,,,,,,-1793000.0,,,,,,,,,,,,,,,,,0.0,0.21,-2375000.0,0.0,0.0,-1739000.0,6281000.0,31142000.0,-2375000.0,-8656000.0,10155000.0,,10155000.0,-1739000.0,-1739000.0,213334000.0,-8656000.0,294435000.0,294435000.0,-0.01,-0.01,-1739000.0,-1739000.0,-1739000.0,-1739000.0,-1739000.0,5630000.0,3891000.0,2392000.0,2392000.0,0.0,0.0,10155000.0,,10155000.0,-8656000.0,182192000.0,,,,39943000.0,142249000.0,95223000.0,47026000.0,47026000.0,173536000.0,31142000.0,204678000.0,204678000.0,,,,,,,,,,,,,,,,,,
FRSH,2025-09-30,2025Q3,,-1698000.0,39667000.0,,8249000.0,8249000.0,29854000.0,-57217000.0,129445000.0,8424000.0,721000.0,83393000.0,0.0,28520000.0,,,281744183.0,281744183.0,,39667000.0,624408000.0,851486000.0,570732000.0,624408000.0,851486000.0,851486000.0,851486000.0,851486000.0,-1698000.0,,,-3743600000.0,4596781000.0,3000.0,3000.0,520473000.0,69857000.0,38439000.0,,,31418000.0,,450616000.0,353436000.0,353436000.0,59077000.0,33931000.0,25146000.0,7620000.0,1371959000.0,350611000.0,16565000.0,34740000.0,8677000.0,227078000.0,80402000.0,146676000.0,72228000.0,1021348000.0,59785000.0,119808000.0,119808000.0,-8646000.0,128454000.0,813235000.0,420934000.0,,,31418000.0,,,17526000.0,,,36907000.0,,,,,,,,,,,0.0,,,,,,392301000.0,,,,,,3797000.0,,,,,,,,,,,,,,,,,,,,,,,,,,,,,,,,,,,,51753000.0,195539000.0,-143786000.0,,,57209000.0,-159110000.0,,-6263000.0,421035000.0,486071000.0,,-65036000.0,-174052000.0,-174052000.0,-14954000.0,-159110000.0,-159110000.0,,,,45544000.0,45544000.0,-1738000.0,54000.0,-4471000.0,63472000.0,63472000.0,6052000.0,-1733000.0,-3297000.0,,7720000.0,2317000.0,2317000.0,-3954000.0,-3954000.0,10626000.0,48529000.0,,0.0,0.0,6604000.0,6604000.0,,-4680000.0,,,,,-1792000.0,,,,,,,,,,0.0,,,,,12000.0,0.0,7316000.0,,,,,,,,,,,,,,,5403000.0,,,,,,,,,,-1822000.0,,,,,,,,,,,,,,,,,0.0,0.21,-853000.0,0.0,0.0,-4680000.0,6604000.0,32955000.0,-853000.0,-7457000.0,8776000.0,,8776000.0,-4680000.0,-4680000.0,222575000.0,-7457000.0,286161000.0,286161000.0,-0.02,-0.02,-4680000.0,-4680000.0,-4680000.0,-4680000.0,-4680000.0,4628000.0,-52000.0,-1371000.0,-1371000.0,0.0,0.0,8776000.0,,8776000.0,-7457000.0,189620000.0,,,,41462000.0,148158000.0,101009000.0,47149000.0,47149000.0,182163000.0,32955000.0,215118000.0,215118000.0,,,,,,,,,,,,,,,,,,
FRSH,2025-12-31,2025Q4,,-1591000.0,42503000.0,,9221000.0,9221000.0,29431000.0,-60172000.0,138908000.0,8994000.0,269000.0,89752000.0,0.0,29830000.0,,,283427111.0,283427111.0,,42503000.0,808988000.0,1032650000.0,599137000.0,808988000.0,1032650000.0,1032650000.0,1032650000.0,1032650000.0,-1591000.0,,,-3552154000.0,4586392000.0,3000.0,3000.0,570062000.0,72033000.0,38751000.0,,,33282000.0,,498029000.0,391417000.0,391417000.0,67960000.0,38383000.0,29577000.0,11507000.0,1602712000.0,505546000.0,18503000.0,184645000.0,157466000.0,223662000.0,76986000.0,146676000.0,78736000.0,1097166000.0,72774000.0,150817000.0,150817000.0,-10809000.0,161626000.0,781371000.0,569774000.0,,,33282000.0,,,18070000.0,,,39893000.0,,,,,,,,,,,0.0,,,,,,211597000.0,,,,,,3571000.0,,,,,,,,,,,,,62374000.0,,,,,,,,,,,,,,,,,,,,,,,181681000.0,277522000.0,-95841000.0,5482000.0,5482000.0,56230000.0,0.0,,-6104000.0,632250000.0,421035000.0,,211215000.0,-8319000.0,-8319000.0,-11240000.0,0.0,0.0,,,,157200000.0,157200000.0,-2177000.0,55000.0,-3872000.0,62334000.0,62334000.0,5582000.0,26160000.0,-2835000.0,,9838000.0,3976000.0,3976000.0,-31086000.0,-31086000.0,11031000.0,-2654000.0,,3096000.0,3096000.0,6612000.0,6612000.0,1130000.0,191446000.0,0.0,,,,-2232000.0,,,,,,,,,,-18432000.0,,,,3885000.0,2921000.0,-18432000.0,3505000.0,,,,,,,,,,,,,0.0,,5862000.0,,,,,,,,,,-1041000.0,,,,,,,,,,,,,,,,,0.0,0.21,46346000.0,0.0,0.0,191446000.0,6612000.0,32170000.0,46346000.0,39734000.0,7956000.0,,7956000.0,191446000.0,191446000.0,183006000.0,39734000.0,283911000.0,282760000.0,0.67,0.68,191446000.0,191446000.0,191446000.0,191446000.0,191446000.0,-144556000.0,46890000.0,-800000.0,-800000.0,0.0,0.0,7956000.0,,7956000.0,39734000.0,150836000.0,,,,41802000.0,109034000.0,109363000.0,-329000.0,-329000.0,190570000.0,32170000.0,222740000.0,222740000.0,,,,,,,,,,,,,,,,,,
META,2024-09-30,2024Q3,,,,5705000000.0,,,5458000000.0,,,,,,,,,,,,,,,,,,,,,,,,,,,,,,,,,,,,,,,,,,,,,,,,,,,,,,,,,,,,,,,,,2703000000.0,,,,,,,,,,,,,,,,,,,,,,,,,,,,,,,,,,,,,,,,,,,,,,,,,,,,,,,,,,,,,,,,,,,,,,,,,,,,,,,,,,,,,,,,,,,,,,,,,,,,,,,,,,,,,10432000000.0,10432000000.0,,,,,,,,,,,,,,,,,,,,,,,,,,,,,,,,,8000000.0,,,,,,,,,,,,,,,,,,,,,,,,,,,,,,,,,,,,,,,,,,,,,,,,,,,,,,,,,,,,,,,,,,,,,,,,,,,,,,,,,,,,,,,,,,,,,,
META,2024-12-31,2024Q4,,,,6074000000.0,,,6350000000.0,,,,,,,,,,,,,,,,,,,,,,,,,,,,,,,,,,,,,,,,,,,,,,,,,915000000.0,,,,,,,,,,,,,,,,3438000000.0,,,,,,,,,,,,,,,,,,,,,,,,,,,,,,,,,,,,,,,,,,,,,,,,,,,,,,,,,,,,,,,,,,,,,,,,,,,,,,,,,,,,,,,,,,,,,,,,,,,,,,,,,,,,,0.0,0.0,,,,,,,,,,,,,,,,,,,,,,,,,,,,,,,,,95000000.0,,,,,,,,,,,,,,,,,,,,,,,,,,,,,,,,,,,,,,,,,,,,,,,,,,,,,,,,,93000000.0,,,,,,,,,,,,,,,,,,,,,,,,-93000000.0,,,,,,,,,,,,,
META,2025-03-31,2025Q1,,-1865000000.0,20690000000.0,,1976000000.0,1976000000.0,,-46539000000.0,195611000000.0,7347000000.0,32385000000.0,,0.0,,,,2523000000.0,2523000000.0,79000000.0,49519000000.0,164375000000.0,213858000000.0,56337000000.0,164375000000.0,185029000000.0,213858000000.0,185029000000.0,185029000000.0,-1865000000.0,,,101326000000.0,85568000000.0,0.0,0.0,95184000000.0,61294000000.0,2760000000.0,,,47543000000.0,28829000000.0,33890000000.0,,,31914000000.0,23402000000.0,8512000000.0,8512000000.0,280213000000.0,189986000000.0,14092000000.0,,,20654000000.0,,20654000000.0,149072000000.0,90227000000.0,5483000000.0,14514000000.0,14514000000.0,,,70230000000.0,28750000000.0,10991000000.0,,18714000000.0,,,,6168000000.0,6168000000.0,104757000000.0,,,,,,,,24588000000.0,4162000000.0,,,,6168000000.0,,48442000000.0,2680000000.0,41480000000.0,,,,,,,,,,,,,,,,,,,,,,,,,,,,,,,,,,,,,,,,,,-7079000000.0,4784000000.0,-11863000000.0,,,11085000000.0,-12754000000.0,-751000000.0,-12941000000.0,30071000000.0,45438000000.0,112000000.0,-15479000000.0,-19495000000.0,-19495000000.0,-4661000000.0,-12754000000.0,-12754000000.0,-751000000.0,-751000000.0,-751000000.0,-20010000000.0,-20010000000.0,-12941000000.0,,,24026000000.0,24026000000.0,559000000.0,,712000000.0,-52000000.0,-3265000000.0,-1034000000.0,-1034000000.0,2804000000.0,2804000000.0,-96000000.0,4147000000.0,,-993000000.0,-993000000.0,3900000000.0,3900000000.0,,16644000000.0,,,,-1329000000.0,-12941000000.0,,,,,,,,,,-1000000.0,,-1329000000.0,352000000.0,448000000.0,,-1000000.0,360000000.0,,,11000000.0,,,,,,,,-135000000.0,,,,-2231000000.0,,,,,,,,,,,,,,,,,,,,,,,,,,,38670547.274508,0.094549,22113000000.0,409000000.0,409000000.0,16644000000.0,3900000000.0,7572000000.0,22522000000.0,18622000000.0,418000000.0,240000000.0,658000000.0,16273670547.274508,16644000000.0,24759000000.0,17555000000.0,2590000000.0,2527000000.0,6.43,6.59,16644000000.0,16644000000.0,16644000000.0,16644000000.0,16644000000.0,1738000000.0,18382000000.0,409000000.0,177000000.0,,,418000000.0,240000000.0,658000000.0,17555000000.0,17187000000.0,,,,12150000000.0,5037000000.0,2757000000.0,2280000000.0,2280000000.0,34742000000.0,7572000000.0,42314000000.0,41804000000.0,,,,,-177000000.0,,409000000.0,,,,,,,,,,,
META,2025-06-30,2025Q2,,229000000.0,20728000000.0,,1977000000.0,1977000000.0,,-50288000000.0,212989000000.0,7575000000.0,35942000000.0,,0.0,,,,2516000000.0,2516000000.0,16827000000.0,49560000000.0,174416000000.0,223902000000.0,36308000000.0,174416000000.0,195070000000.0,223902000000.0,195070000000.0,195070000000.0,229000000.0,,,106345000000.0,88496000000.0,0.0,0.0,99674000000.0,62369000000.0,2740000000.0,,,47583000000.0,28832000000.0,37305000000.0,,,35328000000.0,25057000000.0,10271000000.0,10271000000.0,294744000000.0,221131000000.0,15788000000.0,,,20654000000.0,,20654000000.0,162701000000.0,73613000000.0,9981000000.0,16561000000.0,16561000000.0,,,47071000000.0,12005000000.0,12046000000.0,,18751000000.0,,,,21988000000.0,21988000000.0,116315000000.0,,,,,,,,7261000000.0,4744000000.0,,,,21988000000.0,,50507000000.0,2650000000.0,35066000000.0,,,,,,,,,,,,,,,,,,,,,,,,,,,,,,,,,,,,,,,,,,-8587000000.0,14273000000.0,-22860000000.0,,,9023000000.0,-10167000000.0,-474000000.0,-16538000000.0,13828000000.0,30071000000.0,131000000.0,-16374000000.0,-15977000000.0,-15977000000.0,-4009000000.0,-10167000000.0,-10167000000.0,-474000000.0,-474000000.0,-474000000.0,-25958000000.0,-25958000000.0,-16538000000.0,,,25561000000.0,25561000000.0,-957000000.0,,892000000.0,-190000000.0,-647000000.0,460000000.0,460000000.0,-1338000000.0,-1338000000.0,-334000000.0,4834000000.0,,-1170000000.0,-1170000000.0,4342000000.0,4342000000.0,,18337000000.0,,,,-1327000000.0,-16538000000.0,,,,,,,,,,-61000000.0,,-1327000000.0,126000000.0,5096000000.0,,-61000000.0,326000000.0,,,-772000000.0,,,,,,,,509000000.0,,,,-1107000000.0,,,,,,,,,,,,,,,,,,,,,,,,,,,21560000.0,0.106993,24921000000.0,196000000.0,196000000.0,18337000000.0,4342000000.0,8491000000.0,25117000000.0,20775000000.0,240000000.0,241000000.0,481000000.0,18162560000.0,18337000000.0,27075000000.0,20441000000.0,2570000000.0,2518000000.0,7.14,7.28,18337000000.0,18337000000.0,18337000000.0,18337000000.0,18337000000.0,2197000000.0,20534000000.0,-147000000.0,-343000000.0,,,240000000.0,241000000.0,481000000.0,20441000000.0,18584000000.0,,,,12942000000.0,5642000000.0,2979000000.0,2663000000.0,2663000000.0,39025000000.0,8491000000.0,47516000000.0,46933000000.0,,,,,343000000.0,,196000000.0,,,,,,,,,,,
META,2025-09-30,2025Q3,,159000000.0,22226000000.0,,2113000000.0,2113000000.0,,-53499000000.0,231141000000.0,8233000000.0,44015000000.0,,0.0,,,,2521178995.0,2521178995.0,18647000000.0,51060000000.0,172908000000.0,222900000000.0,36160000000.0,172908000000.0,194066000000.0,222900000000.0,194066000000.0,194066000000.0,159000000.0,,,101577000000.0,92330000000.0,0.0,0.0,109778000000.0,72820000000.0,12135000000.0,,,48947000000.0,28834000000.0,36958000000.0,,,34845000000.0,27047000000.0,7798000000.0,7798000000.0,303844000000.0,230726000000.0,6852000000.0,,,21158000000.0,,21158000000.0,177642000000.0,73118000000.0,11373000000.0,17297000000.0,17297000000.0,,,44448000000.0,10187000000.0,11738000000.0,,20113000000.0,,,,25074000000.0,25074000000.0,125331000000.0,,,,,,,,6023000000.0,4164000000.0,,,,25074000000.0,,50753000000.0,2809000000.0,34261000000.0,,,,,,,,,,,,,,,,,,,,,,,,,,,,,,,,,,,,,,,,,,-1182000000.0,4704000000.0,-5886000000.0,,,11170000000.0,-3327000000.0,-545000000.0,-18829000000.0,11941000000.0,13828000000.0,9000000.0,-1896000000.0,-10047000000.0,-10047000000.0,-4845000000.0,-3327000000.0,-3327000000.0,-545000000.0,-545000000.0,-545000000.0,-21848000000.0,-21848000000.0,-18829000000.0,,,29999000000.0,29999000000.0,-2151000000.0,,-736000000.0,33000000.0,392000000.0,-63000000.0,-63000000.0,-806000000.0,-806000000.0,-23000000.0,5556000000.0,,19867000000.0,19867000000.0,4963000000.0,4963000000.0,,2709000000.0,,,,-1330000000.0,-18829000000.0,,,,,,,,,,-753000000.0,,-1330000000.0,125000000.0,749000000.0,,-753000000.0,-1034000000.0,,,-1084000000.0,,,,,,,,-922000000.0,,,,455000000.0,,,,,,,,,,,,,,,,,,,,,,,,,,,8820000.0,0.21,26811000000.0,42000000.0,42000000.0,2709000000.0,4963000000.0,9206000000.0,26853000000.0,21890000000.0,132000000.0,227000000.0,359000000.0,2675820000.0,2709000000.0,30707000000.0,20535000000.0,2572000000.0,2517000000.0,1.05,1.08,2709000000.0,2709000000.0,2709000000.0,2709000000.0,2709000000.0,18954000000.0,21663000000.0,996000000.0,954000000.0,,,132000000.0,227000000.0,359000000.0,20535000000.0,21501000000.0,,,,15144000000.0,6357000000.0,2845000000.0,3512000000.0,3512000000.0,42036000000.0,9206000000.0,51242000000.0,50552000000.0,,,,,-954000000.0,,42000000.0,,,,,,,,,,,
META,2025-12-31,2025Q4,,271000000.0,25153000000.0,10387000000.0,2213000000.0,2213000000.0,7151000000.0,-57326000000.0,254130000000.0,8346000000.0,50521000000.0,,0.0,,,,2529638328.0,2529638328.0,22871000000.0,83897000000.0,189017000000.0,275987000000.0,66886000000.0,189017000000.0,217243000000.0,275987000000.0,217243000000.0,217243000000.0,271000000.0,,,121179000000.0,95793000000.0,0.0,0.0,148778000000.0,106942000000.0,4253000000.0,,,81684000000.0,58744000000.0,41836000000.0,,,22085000000.0,11269000000.0,10816000000.0,8894000000.0,366021000000.0,257299000000.0,4745000000.0,,,28226000000.0,3692000000.0,24534000000.0,196804000000.0,108722000000.0,7361000000.0,19769000000.0,19769000000.0,,,81592000000.0,35873000000.0,21005000000.0,,22940000000.0,,,1922000000.0,27524000000.0,27524000000.0,136008000000.0,,,,,,,,31482000000.0,4391000000.0,,,,27524000000.0,,55568000000.0,3687000000.0,45719000000.0,,,,,,,,,,,,,,,,,,,,,,,,,,,,,,,,,,,,,,,,,,-11537000000.0,3113000000.0,-14650000000.0,,,14831000000.0,0.0,-754000000.0,-21383000000.0,39100000000.0,11941000000.0,-17000000.0,27176000000.0,25149000000.0,25149000000.0,-2665000000.0,0.0,0.0,29152000000.0,29152000000.0,-754000000.0,-34187000000.0,-34187000000.0,-21383000000.0,,,36214000000.0,36214000000.0,1664000000.0,,-431000000.0,-272000000.0,4583000000.0,623000000.0,623000000.0,-2475000000.0,-2475000000.0,37000000.0,5890000000.0,,1034000000.0,1034000000.0,5411000000.0,5411000000.0,,22768000000.0,,29906000000.0,29906000000.0,-1338000000.0,-21383000000.0,,,,,,,,,,-862000000.0,,-1338000000.0,93000000.0,1285000000.0,,-3416000000.0,259000000.0,,,-405000000.0,,,,,,,,-590000000.0,,,,3960000000.0,,,,,,,,,,,,,,,,,,,,,,,,,,,-12035497.357419,0.101996,31339000000.0,-118000000.0,-118000000.0,22768000000.0,5411000000.0,10906000000.0,31221000000.0,25810000000.0,169000000.0,456000000.0,625000000.0,22873964502.642586,22768000000.0,35148000000.0,24745000000.0,2565000000.0,2525000000.0,8.88,9.02,22768000000.0,22768000000.0,22768000000.0,22768000000.0,22768000000.0,2586000000.0,25354000000.0,440000000.0,558000000.0,,,169000000.0,456000000.0,625000000.0,24745000000.0,24242000000.0,,,,17135000000.0,7107000000.0,3410000000.0,3697000000.0,3697000000.0,48987000000.0,10906000000.0,59893000000.0,59093000000.0,,,,,-558000000.0,,-118000000.0,,,,,,,,,,,
META,2026-03-31,2026Q1,,-303000000.0,28021000000.0,,2414000000.0,2414000000.0,,-61491000000.0,279535000000.0,8209000000.0,61017000000.0,,0.0,,,,2538377716.0,2538377716.0,35322000000.0,86769000000.0,218933000000.0,302429000000.0,63012000000.0,218933000000.0,243681000000.0,302429000000.0,243681000000.0,243681000000.0,-303000000.0,,,144647000000.0,99337000000.0,0.0,0.0,151569000000.0,104816000000.0,3612000000.0,,,84355000000.0,58748000000.0,46753000000.0,,,44339000000.0,31013000000.0,13326000000.0,13326000000.0,395250000000.0,285485000000.0,14283000000.0,,,24748000000.0,,24748000000.0,218044000000.0,109765000000.0,11115000000.0,17470000000.0,17470000000.0,,,81180000000.0,23426000000.0,16849000000.0,,25607000000.0,,,,28410000000.0,28410000000.0,147796000000.0,,,,,,,,19280000000.0,4146000000.0,,,,28410000000.0,,58836000000.0,3677000000.0,57754000000.0,,,,,,,,,,,,,,,,,,,,,,,,,,,,,,,,,,,,,,,,,,-14346000000.0,19176000000.0,-33522000000.0,,,13229000000.0,0.0,-843000000.0,-18997000000.0,31102000000.0,39100000000.0,7000000.0,-8005000000.0,-6553000000.0,-6553000000.0,-4364000000.0,0.0,0.0,-843000000.0,-843000000.0,-843000000.0,-33678000000.0,-33678000000.0,-18997000000.0,,,32226000000.0,32226000000.0,-7759000000.0,,-5173000000.0,-1082000000.0,-1208000000.0,-937000000.0,-937000000.0,2128000000.0,2128000000.0,-17000000.0,6032000000.0,,123000000.0,123000000.0,5999000000.0,5999000000.0,,26773000000.0,,,,-1346000000.0,-18997000000.0,,,,,,,,,,-372000000.0,,-1346000000.0,284000000.0,541000000.0,,-372000000.0,-2424000000.0,,,37000000.0,,,,,,,,1075000000.0,,,,-271000000.0,,,,,,,,,,,,,,,,,,,,,,,,,,,-520800000.0,0.4,29615000000.0,-1302000000.0,-1302000000.0,26773000000.0,5999000000.0,10218000000.0,28313000000.0,22314000000.0,182000000.0,562000000.0,744000000.0,27554200000.0,26773000000.0,33439000000.0,22872000000.0,2564000000.0,2534000000.0,10.44,10.57,26773000000.0,26773000000.0,26773000000.0,26773000000.0,26773000000.0,-5021000000.0,21752000000.0,-1302000000.0,,,,182000000.0,562000000.0,744000000.0,22872000000.0,23221000000.0,,,,17699000000.0,5522000000.0,2908000000.0,2614000000.0,2614000000.0,46093000000.0,10218000000.0,56311000000.0,55426000000.0,,,,,,,-1302000000.0,,,,,,,,,,,
