Ticker,unique_companies,rows,has_fyi,top_token,top_token_coverage,suspicious,sample_company_names
FRBT,4325,7302,False,USA,0.033,True,"BUSH INDUSTRIES, INC. | DIAMOND TRANSPORTATION SERVICES, INC. | AUGUSTA SPORTSWEAR, INC. | CLOUDFARE, INC. | MERCEDES-BENZ RESEARCH & DEVELOPMENT NORTH AMERICA, INC. | DOVER SADDLERY, INC. | SIBLEY- SUBURBAN HOME HEALTH AGENCY, INC. DBA POTOMAC HOME HEALTH CARE AND POTOMAC HOME SUPPORT, INC. | MARKETSOURCE, INC."
VRT,2595,4247,False,MANAGEMENT,0.03,True,"NATIONAL DISTRIBUTION CENTERS, LLC | STREAMLAND MEDIA MIDCO, LLC | FRESH VENTURE FOODS, LLC | ATKORE HDPE, LLC | FM RESTAURANTS HQ, LLC | ECLIPSE ADVANTAGE, LLC | CELL.PLUS, LLC | LUMLIQ2, LLC, DBA LUMBER LIQUIDATORS"
ET,57,73,False,PARTNERS,0.088,True,"SKYLINE AVATAR HOUSE, LP | NEOVIA LOGISTICS DISTRIBUTION, LP | A3 SMART HOME, LP | MAMA'S LADERA RANCH, LP | REPUBLIC SERVICES OF FLORIDA, LP | MEDLINE INDUSTRIES, LP | SUNSETTER PRODUCTS, LP | SOUTHWEST GENERAL HOSPITAL, LP"
005930.KS,54,62,True,INTERNATIONAL,0.111,True,"SAMSUNG | S&B ENGINEERS AND CONSTRUCTORS, LTD. | HAWAII HOCHI, LTD. | KASASA, LTD | JEROME W. VITTETOE PORK, LTD | ALOHA AUTO GROUP, LTD | ST. LUKE'S HEALTH SYSTEM, LTD. | TREMOR INTERNATIONAL, LTD"
EPD,38,49,False,HOTELS,0.105,True,"HIGHGATE HOTELS, L.P | LEVIATHAN ENERGY, L.P. | BRINKER INTERNATIONAL PAYROLL COMPANY, L.P. | DURHAM SCHOOL SERVICES, L.P. | ROTH STAFFING COMPANIES, L.P., DBA ULTIMATE STAFFING SERVICES AMERICAN AUTOMOBILE ASSOCIATION SUPERNUMBER CALL CENTER | CAMARILLO HARVESTING, L.P. | GE ENGINE SERVICES, L.P. | LA JOLLA BEACH & TENNIS CLUB PARTNERS, L.P."
PCSGH.BK,22,28,False,MEDICAL,0.227,True,"MASON CITY CLINIC, P.C. | GRAND RIVER MEDICAL GROUP, P.C. | MINDSTRONG, INC. AND MINDSTRONG HEALTH SERVICES, P.C. | ANESTHESIA GROUP OF ALBANY, P.C. | HOWARD ZIMMERMAN ARCHITECTS, P.C. | TROTT LAW, P.C. | THE LAW OFFICES OF JOSEPH A. ROMANO, P.C. | PICCIANO & SCAHILL, P.C."
T,21,78,False,GLOBAL,0.333,True,"AT&T | AT & T | AT&T, CUSTOMER CONNECTIVITY SOLUTIONS | AT&T, ABS GLOBAL CUSTOMER SERVICE | AT&T, INFORMATION TECHNOLOGY | AT&T, GLOBAL NETWORK FIELD OPERATIONS | AT&T, GLOBAL CUSTOMER SERVICE | AT&T,ABS GLOBAL CUSTOMER SERVICE"
AHMA,21,40,False,MARTIN,0.095,True,"REYES COCA-COLA BOTTLING, L.L.C. | CHEROKEE NATION SYSTEM SOLUTIONS, L.L.C. | MSRE MANAGEMENT, L.L.C., DBA MARTIN SELIG REAL ESTATE | TRUE VALUE COMPANY, L.L.C. | CREST BEVERAGE, L.L.C. | KINKISHARYO INTERNATIONAL, L.L.C. | PRODUCTION RESOURCE GROUP, L.L.C. | PRODUCTION RESOURCE GROUP, L.L.C.."
QCOM,13,111,True,QUALCOMM,0.231,True,"QUALCOMM | QUALCOMM INCORPORATED | ADVANCE STORES COMPANY, INCORPORATED | QUALCOMM INC. | ANKA BEHAVIORAL HEALTH, INCORPORATED | HM DUNN AEROSYSTEMS, INCORPORATED | SYKES ENTERPRISES, INCORPORATED | SYKES ENTERPRISE, INCORPORATED"
0P0001X4N8,11,14,False,ASSOCIATES,0.273,True,"ORTHOPEDIC ASSOCIATES OF HAWAII, LLP | KNIGHT LAW GROUP, LLP | DRS ZUNGER AND JAMES, LLP | PHELAN HALLINAN DIAMOND & JONES, LLP | LEVENE GOULDIN & THOMPSON, LLP | REPRODUCTIVE SPECIALISTS OF NEW YORK, LLP | SHAPIRO & KIRSCH, LLP | PROHEALTH CARE ASSOCIATES, LLP"
SRSCQ,26,80,False,SEARS,1.0,False,"SEARS | SEARS, ROEBUCK AND CO. STORE | SEARS, ROEBUCK AND CO. FULL LINE STORE (UNIT 01894 ROCHESTER) | SEARS, ROEBUCK AND CO. | SEARS, ROEBUCK AND CO. FULL LINE STORE (#02173) | SEARS, ROEBUCK AND CO. AUTO CENTER STORE (#06266) | SEARS, ROEBUCK AND CO. FULL LINE STORE #01004 (GARDEN CITY) | SEARS, ROEBUCK AND CO. FULL LINE STORE #02584"
MAR,25,40,False,MARRIOTT,0.96,False,"MARRIOTT INTERNATIONAL, INC. | MARRIOT | MARRIOTT INTERNATIONAL, INC. DBA JW MARRIOTT, ANAHEIM RESORT | MARRIOTT INTERNATIONAL, INC. DBA MARRIOTT MARQUIS SAN DIEGO MARINA | MARRIOTT INTERNATIONAL, INC., DBA MARRIOTT MARQUIS SAN DIEGO MARINA | MARRIOTT INTERNATIONAL, INC DBA SANTA CLARA | MARRIOTT INTERNATIONAL | MARRIOTT INTERNATIONAL, INC. DBA NEW YORK MARRIOTT DOWNTOWN"
SW.PA,23,56,False,SODEXO,1.0,False,"SODEXO, INC. AND AFFILIATES MIAMI JEWISH HEALTH | SODEXO | SODEXO, INC. | SODEXO, INC. AND AFFILIATES | SODEXO, INC. AND AFFILIATES - CLARK UNIVERSITY | SODEXO, INC. AND AFFILIATES VIERA HOSPITAL | SODEXO, INC. AND AFFILIATES HOLMES REGIONAL MEDICAL CENTER | SODEXO, INC. (AT GLENBARD SOUTH HIGH SCHOOL)"
0J3F.IL,22,46,False,SODEXO,1.0,False,"SODEXO, INC AND AFFILIATES - ST. FRANCIS ES | SODEXO, INC., AND AFFILIATES | SODEXO, INC. (LANSING SCHOOL DISTRICT) | SODEXO, INC. AND AFFILIATES TULANE UNIVERSITY | SODEXO, INC AND AFFILIATES | SODEXO, INC. (SOUTHERN NH MILLYARD & SOUTHERN NH UNIVERISITY) | SODEXO | SODEXO, INC. AND AFFILIATES PALM BAY HOSPITAL"
UAL,21,57,True,UNITED,0.952,False,"UALÁ | UNITED AIRLINES | UNITED AIRLINES, INC - CLEVELAND HOPKINS INTERNATIONAL AIRPORT | UNITED AIRLINES, INC. | UNITED AIRLINES, INC. - LOS ANGELES INTERNATIONAL AIRPORT | UNITED AIRLINES, INC. - SAN FRANCISCO INTERNATIONAL AIRPORT | UNITED AIRLINES, INC. - CLEVELAND HOPKINS INTERNATIONAL AIRPORT | UNITED AIRLINES, INC. - JOHN WAYNE AIRPORT"
LYV,21,35,False,NATION,1.0,False,"LIVE NATION ENTERTAINMENT, INC. HOUSE OF BLUES ANAHEIM-GARDENWALK | LIVE NATION ENTERTAINMENT INC. | LIVE NATION ENTERTAINMENT, INC. | LIVE NATION ENTERTAINMENT, INC. VECTOR DIVISION | LIVE NATION ENTERTAINMENT, INC. INFORMATION AND SECURITY DIVISION | LIVE NATION ENTERTAINMENT, INC. TICKETMASTER DIVISION | LIVE NATION ENTERTAINMENT, INC. CORPORATE DIVISION | LIVE NATION ENTERTAINMENT, INC TOUR DESIGN AND INFORMATION AND SECURITY DIVISION"
SF=F,21,21,False,NYC,1.0,False,"RESTAURANT ASSOCIATES (200 VESEY STREET, NYC) | THE LEADING HOTELS OF THE WORLD, LTD. (485 LEXINGTON AVE., NYC) | HUMPHREY'S BAKERY INC. DBA BALTHAZAR BAKERY (80 SPRING ST., NYC) | COMPASS GROUP USA, INC. DBA FLIK HOSPITALITY (47 WEST 66TH ST., NYC) | MSG SPORTS, LLC (2 PENN PLAZA, NYC) | RESTAURANT ASSOCIATES (388 GREENWICH ST., NYC) | AT&T (M&E MARKETING UNIT) (1 ROCKEFELLER PLAZA, NYC) | VICTORIA'S SECRET (722 LEXINGTON AVE., NYC)"
AAL,15,56,False,AMERICAN,1.0,False,"AMERICAN AIRLINES, INC. | AMERICAN AIRLINES, INC. MIAMI INTERNATIONAL AIRPORT | AMERICAN AIRLINES | AMERICAN AIRLINES, INC. - OAKLAND INTERNATIONAL AIRPORT | AMERICAN AIRLINES, INC. - LOS ANGELES INTERNATIONAL AIRPORT | AMERICAN AIRLINES, INC. - SAN FRANCISCO INTERNATIONAL AIRPORT | AMERICAN AIRLINES, INC. INT RES. CTR | AMERICAN AIRLINES, INC. CHARLOTTE RECEIVING BLDG COVID19"
SJ7.DU,14,54,False,SODEXO,1.0,False,"SODEXO, INC. AND AFFILIATES (TEXAS SOUTHERN UNIVERSITY) | SODEXO, INC AND AFFILIATES | SODEXO | SODEXO, INC.-AA ADMIRALS CLUB | SODEXO, INC. (HOUGHTON COLLEGE) | SODEXO, INC. AND AFFILIATES MAYO CLINIC - JACKSONVILLE | SODEXO, INC. HCA-EAST JFK MEDICAL CENTER | SODEXO, INC. - HOSPITALITY SERVICES AT NIAGARA UNIVERSITY"
BEBE,13,68,False,BEBE,1.0,False,"BEBE STORES, INC. | BEBE STORES, INC | BEBE STORES, INC. DADELAND STORE | BEBE STORES, INC. DOLPHIN MALL OUTLET | BEBE STORES, INC. FT. LAUDERDALE STORE | BEBE STORES, INC. MIAMI INTERNATIONAL STORE | BEBE STORES, INC. PALM BEACH STORE | BEBE STORES, INC. PEMBROKE GARDENS STORE"
META,12,132,True,META,1.0,False,"META | META PLATFORMS, INC. | META PLATFORMS, INC | META PLATFORMS, INC. - 1 HACKER | META PLATFORMS, INC. - 180 JEFFERSON | META PLATFORMS, INC. - 190 JEFFERSON | META PLATFORMS, INC. - 220 JEFFERSON | META PLATFORMS, INC. - 305 CONSTITUTION"
DRI,12,14,False,DARDEN,1.0,False,"DARDEN RESTAURANTS, INC. | DARDEN RESTAURANT, INC. | DARDEN RESTAURANTS,M INC. | DARDEN RESTAURANTS, INC. - OLIVE GARDEN | DARDEN RESTAURANT, INC. - OLIVE GARDEN | DARDEN RESTAURANTS, INC. - | DARDEN RESTAURANTS, INC. OLIVE GARDEN | DARDEN RESTAURANT, INC. - OLIVE GARDEN-YARD HOUSE"
AMAT,11,101,True,APPLIED,1.0,False,"APPLIED MATERIAL | APPLIED MATERIALS, INC. | APPLIED MATERIALS, INC. - GARRETT DRIVE | APPLIED MATERIALS, INC. -OAKMEAD VILLAGE DRIVE | APPLIED MATERIALS, INC.-SCOTT BOULEVARD | APPLIED MATERIALS INC | APPLIED MATERIALS | APPLIED MATERIALS, INC. - AUSTIN4"
SW.VI,11,45,False,SODEXO,1.0,False,"SODEXO, INC. AND AFFILIATES HCA - ORANGE PARK MEDICAL CENTER | SODEXO, INC. AND AFFILIATES CAPE CANAVERAL HOSPITAL | SODEXO | SODEXO, INC AT VANGUARD | SODEXO, INC. /UNITED DENVER CLUBS | SODEXO, INC. DREXEL | SODEXO, INC. | SODEXO, INC., FACILITY ENGINEERING"
TOYRF,11,26,False,TOYS,1.0,False,"TOYS-R-US | TOYS ""R"" US, INC. - REVISION 1 | TOYS R US, INC. | TOYS R US | TOYS ""R"" US, INC. | TOYS ""R"" US, INC., D/B/A TOYS ""R"" US AND/OR BABIES ""R"" US (BROOKLYN) | TOYS ""R"" US, INC., D/B/A TOYS ""R"" US AND/OR BABIES ""R"" US (BRONX) | TOYS ""R"" US, INC., D/B/A TOYS ""R"" US AND/OR BABIES ""R"" US (CARLE PLACE)"
BDX,10,26,False,BECTON,1.0,False,"BECTON, DICKINSON AND COMPANY (BD) (3750 TORREY VIEW COURT) | BECTON, DICKINSON AND COMPANY (BD) (10020 PACIFIC MESA BOULEVARD) | BECTON DICKINSON AND COMPANY | BECTON, DICKINSON AND COMPANY | BECTON, DICKINSON, AND COMPANY | BECTON, DICKINSON, AND COMPANY - PACIFIC | BECTON, DICKINSON AND COMPANY (&LDQUO;BD&RDQUO;) | BECTON, DICKINSON AND COMPANY, DBA BD"
ABM,10,24,False,ABM,1.0,False,"ABM INDUSTRIES | ABM | ABM AVIATION, INC. AND ABM INDUSTRY GROUPS, LLC (COLLECTIVELY, “ABM”) | ABM INDUSTRIES, INC. FLOWERS BAKING COMPANY | ABM INDUSTRIES INCORPORATED | ABM, INC. | ABM, INC. 2020 | ABM, INC. (HERTZ)"
ACI,9,38,True,ALBERTSON,0.444,False,"ALBERT | ALBERTSON'S COMPANIES | ALBERTSONS COMPANIES INC | ALBERTSONS | ALBERTSONS COMPANIES | ALBERTSON'S, LLC | ALBERTSON'S | ALBERTSON'S, INC."
ANF,9,27,False,FITCH,1.0,False,"ABERCROMBIE & FITCH CO | ABERCROMBIE & FITCH CO. | ABERCROMBIE & FITCH, ABERCROMBIE KIDS, HOLLISTER CO., AND GILLY HICKS (2 SITES) | ABERCROMBIE & FITCH, ABERCROMBIE KIDS, HOLLISTER CO., AND GILLY HICKS (11 SITES) | ABERCROMBIE & FITCH, ABERCROMBIE KIDS, HOLLISTER CO., AND GILLY HICKS (1SITES) | ABERCROMBIE & FITCH, ABERCROMBIE KIDS, HOLLISTER CO., AND GILLY HICKS (8 SITES) | ABERCROMBIE & FITCH, ABERCROMBIE KIDS, HOLLISTER CO., AND GILLY HICKS (1 SITE) | ABERCROMBIE & FITCH, ABERCROMBIE KIDS, HOLLISTER CO., AND GILLY HICKS (14 SITES)"
EXEL,9,22,False,EXEL,0.778,False,"EXELIXIS, INC. | EXEL, INC. | EXEL, INC. DBA DHL SUPPLY CHAIN (USA) | EXEL INC., DBA DHLSUPPLY CHAIN | EXEL INC. | EXEL INC | EXEL | EXEL, INC. HERSHEY SITE"
MRK,9,21,False,MERCK,1.0,False,"MERCK | MERCK & CO. | MERCK & CO., INC. | MERCK & CO., INC. (""MERCK""); MERCK SHARP & DOHME CORP.; ACCELERON PHARMA INC. (""ACCELERON"") | MERCK & CO INC., VARICELLA BULK MANUFACTURING FACILITY | MERCK & CO., INC | MERCK & CO., INC. (SIERRA THERAPEUTICS, INC.) | MERCK & CO. INC."
SWN.MX,9,19,False,SODEXO,0.667,False,"SODEXO | SODEXO, INC. AND AFFILIATES AT BEVERLY HOSPITAL | SODEXO, INC. (CHICAGO PUBLIC SCHOOLS) | SODEXO, INC., AND AFFILIATES (KANSAS CITY - CHILDREN'S MERCY HOSPITAL) | SODEXO, INC. (AA ADMIRALS CLUB) | SODEXO, INC. (@MOUNT SAINT MARY COLLEGE) | SOUTHWESTERN ENERGY COMPANY | SOUTHWESTERN ENERGY CO."
NRG,9,17,False,NRG,1.0,False,"NRG, HOMER CITY GENERATING STATION | NRG ENERGY, INC. | NRG ENERGY, INC. (GREEN MOUNTAIN ENERGY NYC OFFICE-SALES AGENTS) | NRG ENERGY | NRG ENERGY, INC. - VALLEY COTTAGE | NRG ENERGY, INC. (BOHEMIA OFFICE) | NRG ENERGY, INC. - HUNTLEY GENERATING STATION | NRG ENERGY, INC. (DUNKIRK POWER PLANT)"
HLTHQ,8,47,True,CUE,1.0,False,"CUE HEALTH | CUE HEALTH INC. | CUE HEALTH, MODA NORTH | CUE HEALTH, MODA NORTH II | CUE HEALTH, MODA WEST | CUE HEALTH, WAPLES | CUE HEALTH, VISTA | CUE HEALTH INC"
COF,8,32,True,CAPITAL,1.0,False,"CAPITAL ONE | CAPITAL ONE FINANCIAL | CAPITAL ONE, N.A.- NASSAU CENTRAL MARKET | CAPITAL ONE, N.A.- SUFFOLK NORTH MARKET | CAPITAL ONE, N.A.- NASSAU SOUTH MARKET | CAPITAL ONE, N.A.- BOROUGHS CENTRAL MARKET | CAPITAL ONE, N.A.- MANHATTAN SOUTH MARKET | CAPITAL ONE, N.A."
HG=F,8,10,True,ADVANTAGE,0.25,False,"COPPER | AMERICAN HONDA MOTOR, CO., INC. | EST 1977 SMPS, CO, THE ALBRIGHT RESTAURANT | PRECISION INJECTION MOLDING, CO. | STRIKE KING LURE, CO. | ADVANTAGE LOGISTICS USA WEST LLC - FOUNTAIN, CO | ADVANTAGE LOGISTICS USA WEST LLC - AURORA, CO | D.F. STAUFFER BISCUIT, CO."
SPCX,8,9,False,SP,0.25,False,"SP+, A METROPOLIS COMPANY | HARDWICK TACTICAL CORPORATION AND PUERTO RICO INDUSTRIES FOR THE BLIND, CORP. | SP+ | BEST-VIP CHAUFFEURED WORLDWIDE, CORP. | EMPIRE ARCHITECTURAL METAL, CORP. | SPACE EXPLORATION TECHNOLOGIES, CORP. | API TECHNOLOGIES, CORP. | ASPLUNDH CONSTRUCTION, CORP."
USA,8,9,False,USA,1.0,False,"PRYSMIAN CABLES AND SYSTEMS, USA | 24 HOUR FITNESS, USA, INC. | 24 HOUR FITNESS, USA, INC | HENDRICKSON, USA | RESTAURANT ASSOCIATES (COMPASS GROUP, USA, INC.) (A FEDERAL RESERVE BANK OF NEW YORK) | RESTAURANT ASSOCIATES (COMPASS GROUP, USA, INC.) (AT FEDERAL RESERVE BANK OF NEW YORK) | ALEVO, USA, INC. (ALEVO MANUFACTURING, INC.) | CARTONDRUCK, USA, INC."
WFC,7,375,False,FARGO,1.0,False,WELLS FARGO | WELLS FARGO & COMPANY | WELLS FARGO COMPANY | WELLS FARGO & COMPANY. | WELLS FARGO & CO. | WELLS FARGO & CO | WELL FARGO
ABBV,7,56,False,ABB,0.571,False,"ABBVIE | ABBVIE INC. | ABB INC | ABBVIE INC | ABB, INC. | ABB INC. | ABB"
TSN,7,46,False,FOODS,1.0,False,"TYSON FOODS, INC (AMARILLO B-SHIFT OPERATIONS) UPDATED | TYSON FOODS, INC. (AMARILLO B-SHIFT OPERATIONS) | TYSON FOODS INC. | TYSON FOODS | TYSON FOODS, INC | TYSON FOODS, INC. | TYSON FOODS, OPERATING AS LD FOODS/KEYSTONE FOODS"
XYZ,7,43,True,BLOCK,1.0,False,"BLOCK | BLOCK, INC. | BLOCK INC. | BLOCK, INC | BLOCK, INC (DBA BLOCK) | BLOCK, INC. (CASH APP AND FOUNDATIONAL BUSINESS UNITS) | BLOCK INC"
ISRG,7,36,True,INTUIT,0.571,False,"INTUIT | INTUITIVE SURGICAL, INC. | INTUITIVE SURGICAL | INTUITIVE SURGICAL INC | INTUIT, INC. | INTUIT,INC. | INTUIT, INC"
JPM,7,26,False,CHASE,0.857,False,"JP MORGAN CHASE | JPMORGAN CHASE | JP MORGAN CHASE & CO. | JP MORGAN CHASE & CO | JPMORGAN CHASE & CO. | MORGAN, LEWIS & BOCKIUS LLP | JPMORGAN CHASE & CO"
LEG,7,21,False,PLATT,1.0,False,"LEGGETT & PLATT, INC. | LEGGETT & PLATT | LEGGETT & PLATT, INCORPORATED | LEGGETT & PLATT, INC | LEGGET & PLATT, BRANCH ONE | LEGGETT & PLATT, INC DBA L&P SPRINGS MANUFACTURING, LLC | LEGGETT & PLATT INC."
QUAD,7,21,False,QUAD,1.0,False,"QUAD/GRAPHICS, INC. | QUAD/GRAPHICS, MARKETING LLC | QUAD/GRAPHICS | QUAD GRAPHICS | QUAD/GRAPHICS INC. | QUAD GRAPHICS INC | QUAD/GRAPHICS, INC"
LOW,7,18,False,LOWE,0.714,False,"LOWE’S COMPANIES, INC. | LOWE'S COMPANIES | LOWE'S COMPANIES, INC. | LOWE'S | LOWE'S COMPANIES, INC | LOWES | LOWES COMPANIES, INC."
XGR.F,7,16,False,COMPASS,1.0,False,"COMPASS GROUP | COMPASS GROUP, INC.D.B.A.CHARTWELLS (LANCASTER ISD) | COMPASS GROUP, DBA CHARTWELLS HIGHER EDUCATION AT MONTCLAIR STATE UNIVERSITY | COMPASS GROUP, USA, INC.(RESTAURANT ASSOCIATES @ ROCKEFELLER UNIVERSITY) | COMPASS GROUP, USA, INC. (RESTAURANT ASSOCIATES @ CREDIT SUISSE) | COMPASS GROUP, USA, INC. | COMPASS GROUP, USA INC."
SJ7.SG,7,10,False,SODEXO,0.857,False,"SODEXO, INC. AND AFFILIATES - ASSUMPTION COLLEGE | SODEXO, INC. (AT LAKE FOREST ACADEMY) | SODEXO, INC. (AT WESTCHESTER MEDICAL CENTER) | SODEXO, INC. (AT ITHACA COLLEGE) | SODEXO, INC | SODEXO, INC. HCA EAST-LAWNWOOD MEDICAL CENTER | SODEX"
PACB,7,9,False,CALIFORNIA,0.857,False,"PACIFIC BIOSCIENCES OF CALIFORNIA, INC. | HARREL HOSPITALITY GROUP, CALIFORNIA, INC DBA SANTA YNEZ VALLEY MARRIOTT | HARRELL HOSPITALITY GROUP, CALIFORNIA, INC. DBA BILTMORE HOTEL AND SUITE SANTA CLARA | HARRELL HOSPITALITY GROUP, CALIFORNIA, INC. DBA BILTMORE HOTEL & SUITES SANTA CLARA | HARRELL HOSPITALITY GROUP, CALIFORNIA, INC. DBA SANTA YNEZ VALLEY MARRIOTT | PACIFIC BIOSCIENCES OF CALIFORNIA | CPMC PACIFIC,CALIF,DAVUES,FOLSOM & ST LUKE'S CAMPU"
GLOBECIVIL.NS,7,7,False,CIVIL,1.0,False,"CIVIL, LLC - BECKLEY MECHANIC SHOP | CIVIL, LLC - CV2 FACILITY | CIVIL, LLC - CV2 PREP PLANT | CIVIL, LLC - DELBARTON PREP PLANT | CIVIL, LLC - EAGLE ENERGY | CIVIL, LLC - FALCON FACILITY | CIVIL, LLC - PAGE LOADOUT FACILITY"
WBD,7,7,True,DISCOVERY,0.857,False,"DISCO | WARNER BROS. DISCOVERY, INC. (100) | WARNER BROS. DISCOVERY, INC. (200) | WARNER BROS. DISCOVERY, INC. (4000) | WARNER BROS. DISCOVERY, INC. | WARNER BROS. DISCOVERY INC. | DISCOVERY INC."
M,6,82,False,MACY,0.667,False,"MACY'S | MACY'S INC | MACY'S INC. | MACYS | MAC INC | MACY'S INC., LEDGEWOOD MALL STORE"
NOC,6,60,False,NORTHROP,1.0,False,"NORTHROP GRUMMAN | NORTHROP GRUMMAN CORPORATION, MISSION SYSTEMS SECTOR | NORTHROP GRUMMAN CORPORATION | NORTHROP GRUMMAN CORPORATION, AEROSPACE | NORTHROP GRUMMAN, INFORMATION SYSTEMS SECTOR, INTELLIGENCE SYSTEMS DIVISION | NORTHROP GRUMMAN, INFORMATION SYSTEMS, INTELLIGENCE SYSTEMS DIVISION"
UPS,6,33,False,UNITED,0.667,False,"UPS | UNITED PARCEL SERVICE, INC. | UNITED PARCEL SERVICE, INC. (UPS) | UNITED PARCEL SERVICE | PARCEL, INC. (WALMART) | UNITED"
CAG,6,26,False,CONAGRA,1.0,False,"CONAGRA BRANDS, INC. | CONAGRA BRANDS INC | CONAGRA FOODS, INC. (UPDATED 01-30-2018) | CONAGRA FOODS, INC. | CONAGRA FOODS | CONAGRA FOODS, INC"
AATIFXX,6,25,False,RBS,1.0,False,"ROYAL BANK OF SCOTLAND, PLC AND RBS SECURITIES INC. (UPDATED NOTICE) | ROYAL BANK OF SCOTLAND, PLC AND RBS SECURITIES INC. (UPDATED NOTTICE) | ROYAL BANK OF SCOTLAND, PLC AND RBS SECURITIES INC.(UPDATED NOTICE) | ROYAL BANK OF SCOTLAND, PLC AND RBS SECURITIES INC. | ROYAL BANK OF SCOTLAND,PLC & RBS SECURITIES, INC. | ROYAL BANK OF SCOTLAND, PLC AND RBS SECURITIES, INC."
ARW,6,25,False,ELECTRONICS,1.0,False,"ARROW ELECTRONICS, INC. | ARROW ELECTRONICS INC. | ARROW ELECTRONICS, INC.-DALLAS | ARROW ELECTRONICS | ARROW ELECTRONICS, INC.-AUSTIN | ARROW ELECTRONICS, INC"
GAP,6,25,False,GAP,1.0,False,"GAP, INC. | GAP, INC. DBA OLD NAVY STORE #5934 | GAP | GAP INC | GAP INC. | GAP, INC"
LUV,6,21,False,SOUTHWEST,1.0,False,"SOUTHWEST AIRLINES | SOUTHWEST | SOUTHWEST AIRLINES, METROPOLITAN OAKLAND INTERNATIONAL AIRPORT | SOUTHWEST AIRLINES CO. | SOUTHWEST AIRLINES, CO. | SOUTHWEST AIRLINES CO"
C,6,14,False,CITIGROUP,0.5,False,"CITIBANK | CITIGROUP, INC. | CITIGROUP | CITI | CITIGROUP INC. | CITIBANK, N.A."
LHX,6,11,False,L3HARRIS,1.0,False,"L3HARRIS | L3HARRIS TECHNOLOGIES, INC. | L3HARRIS TECHNOLOGIES, SONOMA EO | L3HARRIS TECHNOLOGIES | L3 TECHNOLOGIES, INC., A WHOLLY OWNED SUBSIDIARY OF L3HARRIS TECHNOLOGIES | L3 TECHNOLOGIES, INC. - SUBSIDIARY OF L3HARRIS TECHNOLOGIES"
7225.KL,6,8,False,ASSOCIATES,0.333,False,"GULF COAST OPTOMETRY, P.A., DBA GLOBAL CARE OPTOMETRY | CITYBLOCK HEALTH, INC AND CITYBLOCK MEDICAL PRACTICE, P.A. | DIAZ ANSELMO LINDBERG, P.A. | ALLCARE CLINICAL ASSOCIATES, P.A. | BEN-EZRA & KATZ, P.A. | RADIOLOGY ASSOCIATES OF SAN ANTONIO, P.A."
0P0001PO9U.F,6,6,False,CAMBA,1.0,False,"CAMBA, INC.- LTW AT JUDITH S. KAYE HIGH SCHOOL | CAMBA, INC.- LTW CAMBA, INC.- LTW AT BROOKLYN ACADEMY HIGH SCHOOL | CAMBA, INC.- LTW AT BROOKLYN BRIDGE ACADEMY | CAMBA, INC.- LTW AT CASCADES HIGH SCHOOL | CAMBA, INC.- LTW AT INDEPENDENCE HIGH SCHOOL | CAMBA, INC.- LTW AT THE YOUNG ADULT BOROUGH CENTER AT THE SOUTH SHORE EDUCATIONAL CENTER"
LMT,5,108,False,LOCKHEED,1.0,False,"LOCKHEED MARTIN, ROTARY MISSION SYSTEMS BUSINESS AREA | LOCKHEED MARTIN | LOCKHEED MARTIN CORPORATION | LOCKHEED MARTIN, GHG & DIVERSITECH | LOCKHEED MARTIN CORP."
BA.L,5,71,False,BAE,1.0,False,"BAE SYSTEMS | BAE SYSTEMS, INC. | BAE SYSTEMS, NAS - WHITING FIELD, MILTON, PENSACOLA | BAE SYSTEMS, INC. LAND AND ARMAMENTS | BAE SYSTEMS, USCS-ANNISTON/2"
CSCO,5,53,True,CISCO,1.0,False,"CISCO | CISCO SYSTEMS, INC. | CISCO SYSTEMS INC | CISCO SYSTEMS, INC | CISCO SYSTEMS INC."
JBL,5,50,False,JABIL,1.0,False,"JABIL, INC. | JABIL INC. | JABIL INC | JABIL CIRCUIT, INC. | JABIL"
DLAPQ,5,31,False,DELTA,1.0,False,"DELTA APPAREL INC | DELTA APPAREL, INC. | DELTA APPAREL, INC | DELTA APPAREL | DELTA APPAREL, LLC"
PBI,5,30,False,PITNEY,1.0,False,"PITNEY BOWES | PITNEY BOWES, INC. | PITNEY BOWES INC. | PITNEY BOWES INC | PITNEY BOWES, INC"
JCI,5,29,False,JOHNSON,1.0,False,"JOHNSON CONTROLS, INC. | JOHNSON CONTROLS, INC. @ BRISTOL MYERS SQUIBB | JOHNSON CONTROLS | JOHNSON CONTROLS, INC | JOHNSON CONTROL"
BBBY,5,28,False,BED,1.0,False,"BED BATH & BEYOND INC | BED BATH & BEYOND | BED BATH & BEYOND INC. | BED, BATH & BEYOND | BED BATH BEYOND"
SNAP,5,17,True,SNAP,1.0,False,"SNAP | SNAP INC. | SNAP INC., SUBSIDIARY OF PSA RISK MANAGEMENT SERVICES | SNAP, INC. WHOLLY OWNED SUBSIDIARY OF PSA RISK MANAGEMENT SERVICES INC. | SNAP, INC."
MOH,5,14,False,MOLINA,1.0,False,"MOLINA HEALTHCARE, INC | MOLINA HEALTHCARE, INC. | MOLINA HEALTHCARE | MOLINA HEALTHCARE, INC. (MHI) | MOLINA HEALTHCARE INC."
SON,5,12,False,SONOCO,1.0,False,"SONOCO | SONOCO PRODUCTS CO. | SONOCO PRODUCTS COMPANY | SONOCO PRODUCTS | SONOCO PRODUCTS, CONSUMER DIVISION"
FC6A.SG,5,11,False,CITIZENS,1.0,False,"CITIZENS BANK | FIRST CITIZENS BANK | CITIZENS BANK, N.A. (UPDATE TO 8/28/14 NOTICE) | CITIZENS BANK, N.A. (UPDATE TO 7/23/14 NOTICE) | CITIZENS BANK, N.A."
KNIN.SW,5,11,False,NAGEL,1.0,False,"KUEHNE-NAGEL | KUEHNE+NAGEL | KUEHNE + NAGEL, INC. | KUEHNE & NAGEL | KUEHNE & NAGEL, INC."
BHE,5,10,True,BENCHMARK,0.8,False,"BENCH | BENCHMARK | BENCHMARK ELECTRONICS | BENCHMARK ELECTRONICS, INC. | BENCHMARK ELECTRONICS INC"
NFLX,5,10,True,NETFLIX,1.0,False,"NETFLIX | NETFLIX, INC. | NETFLIX INC | NETFLIX, INC.3RD PARTY AGENCY SPHERION | NETFLIX,INC(SPHERION 3RD PARTY TEMP AGEMCU EMPLOY)"
SAIC,5,10,False,SCIENCE,0.8,False,SCIENCE APPLICATION INTERNATIONAL CORPORATION | SCIENCE APPLICATION INTERNATIONAL | SAIC | SCIENCE APPLICATIONS INTERNATIONAL CORPORATION | SCIENCE APPLICATIONS INTERNATIONAL CORP
BNGO,5,9,False,GENOMICS,1.0,False,"BIONANO GENOMICS, INC. | BIONANO GENOMICS INC | BIONANO GENOMICS, INC,. | BIONANO GENOMICS | BIONANO GENOMICS INC."
CAKE,5,9,False,CHEESECAKE,1.0,False,"THE CHEESECAKE FACTORY | CHEESECAKE FACTORY* | THE CHEESECAKE FACTORY INC. | THE CHEESECAKE FACTORY, INC. | THE CHEESECAKE FACTORY INCORPORATED"
DDS,5,9,False,DILLARD,0.8,False,"DILLARD'S | DILLARD’S INC. | DILLARD'S, INC.-PLANO | DILLARDS | DILLARD'S, INC."
LC,5,9,True,LENDINGCLUB,0.4,False,"LENDI | LENDINGCLUB CORPORATION | LENDINGCLUB | SALON LUCE, LC | WGS GLOBAL SERVICES, LC"
DGX,5,8,False,DIAGNOSTICS,1.0,False,"QUEST DIAGNOSTICS, INC. | QUEST DIAGNOSTICS | QUEST DIAGNOSTICS INCORPORATED | QUEST DIAGNOSTICS, INC | QUEST DIAGNOSTICS INC"
RCL,5,8,True,CRUISE,0.8,False,"CRUISE | CRUISE, LLC - 640 CESAR CHAVEZ | CRUISE, LLC - 1201 BRYANT | CRUISE, LLC - 840 W | ROYAL CARIBBEAN CRUISES LTD."
UNFI,5,8,False,NATURAL,0.8,False,"UNITED NATURAL FOODS, INC. | UNFI | NATURAL FOODS, INC. | UNITED NATURAL FOODS, INC. (“UNFI”), TRANSPORTATION DEPARTMENT | UNITED NATURAL FOODS INC."
ADP,5,7,True,ADP,0.6,False,"AUTOMATIC | AUTOMATIC DATA PROCESSING | ADP, INC. | ADP, LLC | ADP"
GJO,5,7,False,MART,1.0,False,"WAL-MART STORES, INC. | WAL-MART STORES, INC. /SAM’S CLUB | WAL-MART STORES, INC DBA SAM'S | WAL-MART STORES, INC DBA SAM'S CLUB | WAL-MART STORES, INC./NEW YORK SAM'S CLUB"
KO,5,7,False,COCA,1.0,False,THE COCA-COLA COMPANY | COCA-COLA COMPANY | COCA COLA COMPANY | COCA COLA | COCA-COLA
MGIEZZX,5,7,True,MAGIC,1.0,False,"MAGIC LEAP | MAGIC LEAP, INC | MAGIC LEAP, INC. | MAGIC LEAP, LLC | MAGIC LEAP, LLC-AUSTIN"
SCBZ,5,7,False,SCOOBEEZ,1.0,False,"SCOOBEEZ, INC., | SCOOBEEZ, INC. | SCOOBEEZ, INC.-FT. WORTH | SCOOBEEZ, INC.-GARLAND | SCOOBEEZ, INC.-AUSTIN"
X2HZ.DE,5,7,False,HDA,1.0,False,"HDA, INC. AND N-STORE MERCHANDISING, INC. | HDA, INC. AND N-STORE MERCHANDISING, INC | HDA, INC/N_STORE MERCHANDISING | HDA, INC AND N-STORE MERCHANDISING, INC | HDA, INC. & N-STORE MERCHANDISING, INC."
BLMN,5,6,False,BRANDS,1.0,False,"BLOOMIN' BRANDS INC. | BLOOMIN' BRANDS | BLOOMIN BRANDS | BLOOMIN BRANDS, INC. | BLOOMIN' BRANDS*"
BONTQ,5,6,False,BON,1.0,False,"BON TON | THE BON-TON STORES INC. | THE BON TON STORES, INC. @ DESTINY USA | THE BON TON STORES INC. | THE BON TON"
PC,5,6,False,ASSOCIATES,0.6,False,"IOWA ANESTHESIA ASSOCIATES, PC | CALIFORNIA HEALTH AND RECOVERY SOLUTIONS, PC | EYE ASSOCIATES NORTHWEST, PC | SPORTS PHYSICAL THERAPY OF NEW YORK, PC | FREDERICK J. HANNA & ASSOCIATES, PC"
CAL,5,5,False,CALERES,1.0,False,"CALERES, INC. DISTRIBUTION CENTER | CALERES, INC | CALERES, INC. | CALERES INC | CALERES, INC. NEW YORK CORPORATE HEADQUARTERS"
ZCG.F,5,5,False,BJ,1.0,False,"BJ'S RESTAURANTS | BJ'S RESTAURANTS, INC. | BJ'S RESTAURANTS INC. | BJ'S RESTAURANT INC. | BJ'S RESTAURANTS, INC"
BA,4,627,False,BOEING,1.0,False,BOEING COMPANY | THE BOEING COMPANY | BOEING | BOEING CO
WMT,4,106,False,WALMART,1.0,False,"WALMART | WALMART INC | WALMART, INC. | WALMART INC."
PFE,4,82,False,PFIZER,1.0,False,"PFIZER | PFIZER INC | PFIZER, INC. | PFIZER INC."
TSLA,4,58,True,TESLA,1.0,False,"TESLA | TESLA, INC. | TESLA, INC | TESLA INC."
TMO,4,49,False,THERMO,1.0,False,"THERMO FISHER SCIENTIFIC | THERMO FISHER | THERMO FISHER SCIENTIFIC INC. | THERMO FISHER SCIENTIFIC, INC."
PRMB,4,44,False,PRIMO,1.0,False,"PRIMO BRANDS, INC. | PRIMO BRANDS | PRIMO BRANDS, INC. - 4500 | PRIMO BRANDS, INC. - 1449"
ILMN,4,38,True,ILLUMINA,1.0,False,"ILLUMINA | ILLUMINA, INC WORLDWIDE HEADQUARTERS | ILLUMINA, INC. WORLDWIDE HEADQUARTERS | ILLUMINA, INC."
CHTR,4,31,False,CHARTER,1.0,False,"CHARTER COMMUNICATIONS, INC. | CHARTER COMMUNICATIONS | CHARTER COMMUNICATIONS, LLC | CHARTER COMMUNICATION"
301559.SZ,4,28,False,SAFEWAY,1.0,False,"SAFEWAY | SAFEWAY, INC. | SAFEWAY, INC | SAFEWAY, INC. CORPORATE HEADQUARTERS"
BMY,4,25,False,BRISTOL,1.0,False,"BRISTOL MYERS SQUIBB | BRISTOL-MYERS SQUIBB | PANERA BREAD, BRISTOL, FARMINGTON, HARTFORD, LISBON, MASHANTUCKET, WEST HARTFORD | BRISTOL MYERS SQUIBB COMPANY"
PH,4,25,False,PARKER,1.0,False,PARKER HANNIFIN CORPORATION | PARKER HANNIFIN | PARKER HANNIFIN CORP | PARKER HANNIFIN CORP.
DVN,4,24,True,DEVON,0.75,False,DEVO | DEVON ENERGY CORP | DEVON ENERGY | DEVON ENERGY CORPORATION
EBAY,4,24,True,EBAY,1.0,False,"EBAY | EBAY INC. | EBAY, INC | EBAY, INC."
PTON,4,21,True,PELOTON,1.0,False,"PELOTON | PELOTON INTERACTIVE INC. | PELOTON INTERACTIVE, INC. | PELOTON INTERACTIVE, INC. DBA PELOTON"
CAH,4,20,False,CARDINAL,0.75,False,"CARDINAL | CARDINAL HEALTH | CARDINAL HEALTH, INC. DBA CARDINAL HEALTH 200, LLC | CARDINA, INC."
EXPE,4,19,True,EXPEDIA,1.0,False,"EXPEDIA | EXPEDIA, INC. | EXPEDIA GROUP, INC. | EXPEDIA, INC. - ARLINGTON"
APP,4,18,True,APPLOVIN,0.5,False,"APPLOVIN | APPLOVIN CORPORATION | AMERICAN APPAREL, LLC | AMERICAN APPAREL"
AMGN,4,17,False,AMGEN,1.0,False,"AMGEN | AMGEN INC. | AMGEN INC | AMGEN, INC."
CAT,4,17,False,CATERPILLAR,1.0,False,"CATERPILLAR | CATERPILLAR INC. | CATERPILLAR, INC. | CATERPILLAR, INC. CATERPILLAR WORK TOOLS"
PLAY,4,17,False,DAVE,1.0,False,"DAVE & BUSTER'S | DAVE & BUSTER’S | DAVE & BUSTER'S, INC | DAVE & BUSTERS"
CVGI,4,14,False,VEHICLE,1.0,False,"COMMERCIAL VEHICLE GROUP | COMMERCIAL VEHICLE GROUP, INC. | COMMERCIAL VEHICLE GROUP, INC | COMMERCIAL VEHICLE GROUP INC."
BNY,4,13,False,MELLON,1.0,False,THE BANK OF NEW YORK MELLON CORPORATION | BANK OF NEW YORK MELLON | THE BANK OF NEW YORK MELLON | BANK OF NEW YORK MELLON CORPORATION
MMS,4,13,False,MAXIMUS,1.0,False,"MAXIMUS, INC. | MAXIMUS, INC. FLORIDA HEALTHY KIDS PROJECT | MAXIMUS, INC. (AT U.S. CENSUS BUREAU) | MAXIMUS"
SFIX,4,13,True,FIX,1.0,False,"STITCH FIX | STITCH FIX, INC. | STITCH FIX INC | STITCH FIX INC."
UBER,4,12,True,UBER,1.0,False,"UBER | UBER TECHNOLOGIES, INC. | UBER TECHNOLOGIES | UBER TECHNOLOGIES, INC. (JUMP VENTURE AKA SOCIAL BICYCLES, LLC)"
W,4,11,True,WAYFAIR,1.0,False,"WAYFAIR | WAYFAIR LLC, FLORENCE OUTLET | WAYFAIR, LLC | WAYFAIR LLC"
ADBE,4,10,True,ADOBE,1.0,False,"ADOBE | ADOBE, INC. | ADOBE SYSTEMS INCORPORATED | ADOBE SYSTEMS INC"
DBX,4,10,True,DROPBOX,0.5,False,"DROPBOX | DROPBOX, INC. | DBX, INC., A SUBSIDIARY OF THE DRESS BARN, INC. AND ASCENA RETAIL GROUP, INC | DBX, INC. SUBSIDIARY OF THE DRESS BARN (DISTRIBUTION CENTER)"
COHR,4,9,True,COHERENT,0.75,False,COHERE | COHERENT | COHERENT CORP. | COHERENT CORP
GM,4,9,False,GENERAL,1.0,False,"GENERAL MOTORS CORPORATION | GENERAL MOTORS | GENERAL MOTORS, LLC | GENERAL MOTORS, SPRING HILL MANUFACTURING"
HPE,4,9,True,HEWLETT,0.75,False,HEWLETT PACKARD E... | ENTERPRISE | HEWLETT PACKARD ENTERPRISE | HEWLETT-PACKARD
0HN5.L,4,8,False,LOTS,0.5,False,"BIG LOTS | BIG LOTS, INC. | BI-LO, LLC | BI-LO"
CACI,4,8,False,CACI,1.0,False,"CACI, INC. | CACI, INC. - FEDERAL | CACI | CACI INTERNATIONAL INC."
GEO,4,8,False,GEO,1.0,False,"THE GEO GROUP, INC. | THE GEO GROUP | GEO GROUP | THE GEO GROUP, INC. COLEMAN HALL FACILITY"
PRCG.CN,4,8,False,PRECOR,1.0,False,"PRECOR, INC. | PRECOR, INC. (NOTIFICATION LETTER TO GROUP 5) | PRECOR, INC. (NOTIFICATIONS LETTERS TO GROUP 4B) | PRECOR, INC. (NOTIFICATION TO GROUP 4A)"
XRX,4,8,True,XEROX,0.5,False,"XEROX | XERO | XERO, INC. | XEROX CORPORATION"
AMD,4,7,True,AMD,0.5,False,"AMD | AMD, INC. | ADVANCED MICRO DEVICES, INC. | ADVANCED MICRO DEVICES, INC"
PEP,4,7,False,PEPSICO,0.75,False,"PEPSICO, INC. | PEPSICO | PEPSICO, INC. (KANSAS CITY) | PEPSI"
PL,4,7,True,PLANET,0.5,False,"PLANET | PLANET LABS PBC | KICKSTARTER, PBC | LAW OFFICES OF DANIEL C. CONSUEGRA, PL"
ZION,4,6,False,BANK,0.75,False,"LENDINGCLUB BANK, N.A | LENDINGCLUB BANK, N.A. | MUFG UNION BANK, N.A. | RABOBANK, N.A."
ASML,4,5,True,YORK,0.75,False,"ASML | THE PIERRE, NEW YORK, A TAJ HOTEL | THE LANGHAM, NEW YORK, FIFTH AVENUE | PILLAR HOTELS & RESORTS: HOLIDAY INN (UNIONTOWN, YORK, CLARION, INDIANA, BEAVER FALLS), COURTYARD BENSALEM, FOUR POINTS GREENSBURG"
TTMI,4,5,False,TTM,1.0,False,"TTM TECHNOLOGIES, INC., SUBSIDIARY OF TTM TECHNOLOGIES NORTH AMERICA, LLC | TTM | TTM TECHNOLOGIES INC. | TTM TECHNOLOGIES, INC."
TX,4,5,False,TX,1.0,False,"P.F. CHANG'S -COLONY,TX | P.F. CHANG'S -ALLEN,TX | BASIC ENERGY SERVICES - BIG SPRING, TX | PRIMEFLIGHT AVIATION-SAN ANTONIO, TX"
TXN,4,5,False,TEXAS,1.0,False,"PACKERS SANITATION SERVICES, INC. (PSSI) CENTER, TEXAS | PACKERS SANITATION SERVICES- CACTUS, TEXAS | TEXAS INSTRUMENTS INCORPORATED | TEXAS INSTRUMENTS"
^DJI,4,5,True,AVE,0.5,False,"DJI | FRESNO ECONOMIC OPPORTUNITIES COMMISSION (4273 W. RICHERT, AVE, 107) | GG 1245 PARK, AVE, LLC | DOW JONES"
ARM,4,4,True,ARM,0.5,False,"ARM HOLDINGS | ARM, INC. | BRITISH AIRWAYS, PLC. | BRITISH AIRWAYS, PLC,"
ATR,4,4,False,APTAR,0.75,False,"APTARGROUP, INC. | APTAR GROUP, INC. | APTAR GROUP, INC.* | APTAR GROUP, INC*"
GNW,4,4,False,GENWORTH,1.0,False,"GENWORTH | GENWORTH FINANCIAL, INC. | GENWORTH FINANCIAL INC. | GENWORTH FINANCIAL"
MIAX,4,4,False,MIAMI,1.0,False,"THE RITZ-CARLTON BAL HARBOUR, MIAMI | THE RITZ-CARLTON COCONUT GROVE, MIAMI | THE RITZ-CARLTON KEY BISCAYNE, MIAMI | MANDARIN ORIENTAL, MIAMI"
TXG,4,4,True,GENOMICS,1.0,False,"10X GENOMICS | 10X GENOMICS, INC. (5500) | 10X GENOMICS, INC. (6210) | 10X GENOMICS, INC. (6230)"
000180.KS,3,69,False,ENTERPRISE,1.0,False,"ENTERPRISE HOLDINGS | ENTERPRISE HOLDINGS, LLC | ENTERPRISE HOLDINGS, NATIONAL AND ENTERPRISE BRANDS"
RIVN,3,49,True,RIVIAN,1.0,False,"RIVIAN | RIVIAN, LLC | RIVIAN AUTOMOTIVE, LLC"
SHLD,3,47,False,SEARS,1.0,False,"SEARS HOLDINGS, DBA INNOVEL SOLUTIONS, INC. | SEARS HOLDINGS CORPORATION | SEARS HOLDINGS"
AMTM,3,44,False,AMENTUM,1.0,False,"AMENTUM | AMENTUM, OPERATIONS AND MAINTENANCE SERVICES | AMENTUM,"
CVS,3,41,False,CVS,1.0,False,CVS | CVS HEALTH | CVS HEALTH CORPORATION
BSX,3,38,False,BOSTON,1.0,False,"BOSTON SCIENTIFIC CORPORATION | THE RITZ-CARLTON COMPANY, LLC (THE RITZ-CARLTON, BOSTON) | MUSEUM OF FINE ARTS, BOSTON"
ETN,3,35,False,EATON,1.0,False,EATON CORPORATION | EATON | EATON CORP
IP,3,35,True,PAPER,1.0,False,PAPER | INTERNATIONAL PAPER COMPANY | INTERNATIONAL PAPER
SW,3,35,False,WESTROCK,1.0,False,"SMURFIT WESTROCK | WESTROCK | WESTROCK, CP, LLC"
CRM,3,29,True,SALESFORCE,0.667,False,"SALESFORCE | SALESFORCE, INC. | KAISER FOUNDATION HOSPITALS - MARKETING, SALES, SERVICE, ADMIN"
MOD,3,26,False,MODINE,1.0,False,MODINE MANUFACTURING | MODINE | MODINE MANUFACTURING COMPANY
IBRX,3,23,False,IMMUNITYBIO,1.0,False,"IMMUNITYBIO, INC. | IMMUNITYBIO INC. | IMMUNITYBIO INC"
MDT,3,23,True,MEDTRONIC,1.0,False,"MEDTRONIC | MEDTRONIC, INC. | MEDTRONIC, INC"
HON,3,18,False,HONEYWELL,1.0,False,"HONEYWELL | HONEYWELL INTERNATIONAL INC. | HONEYWELL INTERNATIONAL, INC - EMS AVIATION"
^RTX,3,17,False,RAYTHEON,1.0,False,"RAYTHEON, AN RTX BUSINESS | RAYTHEON | RAYTHEON TECHNOLOGIES"
AAETSXX,3,16,False,HSBC,1.0,False,"HSBC BANK USA, N.A. | HSBC BANK USA , N.A. | HSBC BANK"
CRL,3,16,False,CHARLES,1.0,False,"CHARLES RIVER LABORATORIES | CHARLES RIVER LABORATORIES, INC. | CHARLES RIVER"
GILD,3,15,False,GILEAD,1.0,False,"GILEAD SCIENCES, INC. | GILEAD SCIENCES | GILEAD SCIENCES, INC"
Z,3,15,True,ZILLOW,1.0,False,"ZILLOW | ZILLOW GROUP | ZILLOW GROUP, INC."
ADSK,3,14,True,AUTODESK,1.0,False,"AUTODESK | AUTODESK, INC. | AUTODESK, INC"
IBM,3,14,True,MACHINES,0.667,False,IBM | INTERNATIONAL BUSINESS MACHINES CORPORATION | INTERNATIONAL BUSINESS MACHINES
EA,3,13,True,ARTS,1.0,False,ELECTRONIC ARTS | ELECTRONIC ARTS INC. | ELECTRONIC ARTS INC
USFD,3,13,False,FOODS,1.0,False,"US FOODS, INC. | US FOODS | US. FOODS"
CNXC,3,11,False,CONCENTRIX,1.0,False,CONCENTRIX CORPORATION | CONCENTRIX | CONCENTRIX CORP.
FLEX,3,11,True,FLEX,1.0,False,FLEX | FLEX LTD | FLEX LTD.
LYFT,3,11,True,LYFT,1.0,False,"LYFT | LYFT, INC. | LYFT, INC. DBA LYFT"
AVGO,3,10,True,BROADCOM,0.667,False,"BROADCOM | BROADCOM INC. | AVAGO TECHNOLOGIES, LSI CORPORATION"
ENR,3,10,False,ENERGIZER,1.0,False,"ENERGIZER | ENERGIZER HOLDINGS INC. | ENERGIZER HOLDINGS, INC."
RJET,3,10,False,AIRWAYS,1.0,False,"REPUBLIC AIRWAYS | REPUBLIC AIRWAYS, INC. | REPUBLIC AIRWAYS HOLDINGS"
SNPS,3,10,True,SYNOPSYS,1.0,False,"SYNOPSYS | SYNOPSYS, INC. | SYNOPSYS INC."
UTI,3,10,False,UTI,0.667,False,"UNIVERSAL TECHNICAL INSTITUTE | UTI | UTI, UNITED STATES, INC."
CG.TO,3,9,False,CENTERRA,1.0,False,"CENTERRA, A SUBSIDIARY OF CONSTELLIS, LLC | CENTERRA | CENTERRA, A CONSTELLIS COMPANY"
F,3,9,False,FORD,1.0,False,"FORD, WALKER, HAGGERTY & BEHAR, LLP (FWHB) | FORD MOTOR COMPANY | FORD"
MSI,3,9,False,SOLUTIONS,0.667,False,"MOTOROLA SOLUTIONS, INC. | MOTOROLA SOLUTIONS, INC. REPAIR AND ORDER MANAGEMENT | MOVIE STAR"
PRU,3,9,False,PRUDENTIAL,1.0,False,PRUDENTIAL | PRUDENTIAL FINANCIAL INC. | PRUDENTIAL FINANCIAL
VSAT,3,9,True,VIASAT,1.0,False,"VIASAT | VIASAT, INC | VIASAT, INC."
5CFA.F,3,8,False,CALFRAC,0.667,False,CALFRAC WELL SERVICES | C & W SERVICES | CALFRAC
CNK,3,8,False,CINEMARK,1.0,False,"CINEMARK, USA INC. - TINSELTOWN | CINEMARK | CINEMARK*"
COMSYN.NS,3,8,False,BAGS,1.0,False,"BAGS | BAGS, A METROPOLIS COMPANY (ALASKA AIRLINES CONTRACT) | BAGS, A METROPOLIS COMPANY"
GE,3,8,False,GENERAL,0.667,False,GENERAL ELECTRIC COMPANY | GE | GENERAL ELECTRIC
HUHTAMAKI.NS,3,8,False,HUHTAMAKI,1.0,False,"HUHTAMAKI | HUHTAMAKI, INC. | HUHTAMAKI, INC"
603520.SS,3,7,True,STARRY,1.0,False,"STARRY | STARRY, INC. | STARRY, INC"
ADNT,3,7,False,ADIENT,1.0,False,"ADIENT | ADIENT PLC | ADIENT, PLC"
AFIIQ,3,7,False,ARMSTRONG,1.0,False,"ARMSTRONG FLOORING | ARMSTRONG FLOORING, INC. | ARMSTRONG FLOORING INC."
CMI,3,7,False,CUMMINS,1.0,False,"CUMMINS, INC. | CUMMINS INC. | CUMMINS"
DELHY,3,7,True,DELIV,0.667,False,"DELIVERY HERO | DELIV | DELIV, INC., DBA DELIV CALIFORNIA INC."
DNA,3,7,True,GINKGO,1.0,False,"GINKGO BIOWORKS | GINKGO BIOWORKS, INC. - SUITE 401 | GINKGO BIOWORKS, INC."
JACK,3,7,False,JACK,1.0,False,"JACK IN THE BOX | JACK IN THE BOX INC. | JACK IN THE BOX, INC."
MMM,3,7,False,3M,1.0,False,"3M | 3M COMPANY | 3M, DBA CERADYNE ACO (CERADYNE, INC.)"
NTRA,3,7,True,NATERA,0.667,False,"NATE | NATERA | NATERA, INC."
PPG,3,7,False,PPG,1.0,False,"PPG INDUSTRIES, INC. | PPG INDUSTRIES | PPG"
SYM.DU,3,7,False,NORTONLIFELOCK,1.0,False,"NORTONLIFELOCK INC. | NORTONLIFELOCK, INC, | NORTONLIFELOCK, INC."
TEAM,3,7,True,ATLASSIAN,0.667,False,"ATLASSIAN | ATLAS | ATLASSIAN, INC."
V,3,7,False,VISA,0.667,False,"VISA | TRANSDE,V INC, | VISA INC."
VANTI.PA,3,7,False,VANTIV,1.0,False,"VANTIV | VANTIV, LLC AMENDED | VANTIV, LLC"
9563.T,3,6,False,,0.0,False,AT&T CORP. | AT&T CORPORATION | AT&T CORP
AEO,3,6,False,AMERICAN,1.0,False,"AMERICAN EAGLE OUTFITTERS, INC. | AMERICAN EAGLE OUTFITTERS | AMERICAN EAGLE"
CNDT,3,6,False,CONDUENT,1.0,False,CONDUENT | CONDUENT INC. | CONDUENT INCORPORATED
GRPN,3,6,True,GROUPON,1.0,False,"GROUPON | GROUPON, INC. | GROUPON INC."
HXL,3,6,False,HEXCEL,1.0,False,HEXCEL | HEXCEL CORP. | HEXCEL CORPORATION
KBR,3,6,False,KBR,1.0,False,"KBR | KBR, INC. | KBR, INC"
KMB,3,6,False,CLARK,1.0,False,KIMBERLY-CLARK CORPORATION | KIMBERLY-CLARK CORP. | KIMBERLY CLARK
KMT,3,6,False,KENNAMETAL,1.0,False,"KENNAMETAL, INC. | KENNAMETAL INC. | KENNAMETAL"
OPEN,3,6,True,OPEN,0.667,False,OPENDOOR | OPEN | &OPEN
TESHZZX,3,6,False,TESSERA,1.0,False,"TESSERA THERAPEUTICS, INC | TESSERA THERAPEUTICS, INC. | TESSERA THERAPEUTICS"
TMPOQ,3,6,True,TEMPO,1.0,False,"TEMPO AUTOMATION | TEMPO AUTOMATION HOLDINGS, INC. | TEMPO AUTOMATION, INC."
TWLO,3,6,True,TWILIO,1.0,False,TWILIO | TWILIO INC | TWILIO INC.
WDAY,3,6,True,WORKDAY,1.0,False,"WORKDAY | WORKDAY INC. | WORKDAY, INC."
WLK,3,6,False,WESTLAKE,0.667,False,WESTLAKE CHEMICAL | WESTLAKE CORPORATION | WEST CORPORATION
WU,3,6,False,UNION,1.0,False,"WESTERN UNION, LLC | WESTERN UNION, LLC AND WESTERN UNION BUSINESS SOLUTIONS USA | WESTERN UNION"
000751.SZ,3,5,True,HULU,1.0,False,"HULU | HULU, LLC - 2450 | HULU, LLC"
AVAT,3,5,False,HOSOPO,0.333,False,"HOSOPO, CORPORATION | J.M. HALEY, CORPORATION | CASTLE OIL, CORPORATION"
BKZHF,3,5,False,BANK,1.0,False,"SANTANDER BANK, N.A. | SANTANDER BANK, LLC | SANTANDER BANK"
CLF,3,5,False,CLIFFS,1.0,False,"CLEVELAND-CLIFFS, INC. | CLEVELAND CLIFFS, INC. | CLIFFS NATURAL RESOURCES"
GDXU,3,5,True,LEVER,0.667,False,"LEVER | LEV | LEVER, INC."
HP,3,5,True,HELMERICH,0.667,False,"HP | HELMERICH & PAYNE, INC H&P RIG 100 | HELMERICH & PAYNE, INC H&P RIG 105"
NKE,3,5,False,NIKE,1.0,False,"NIKE, INC. | NIKE | NIKE, INC. (NIKETOWN MIDTOWN)"
PLCE,3,5,False,PLACE,0.667,False,"CHILD, FAMILY & COMMUNITY SERVICES INC. | THE CHILDREN'S PLACE, INC | THE CHILDREN'S PLACE"
SHW,3,5,False,WILLIAMS,1.0,False,SHERWIN-WILLIAMS | THE SHERWIN-WILLIAMS COMPANY | WILLIAMS
UPWK,3,5,True,UPWORK,1.0,False,"UPWORK | UPWORK, INC. | UPWORK INC."
WIX,3,5,True,WIX,1.0,False,"WIX | WIX.COM, INC. | WIX.COM"
WMS,3,5,False,SYSTEMS,1.0,False,"ADVANCED DRAINAGE SYSTEMS, INC. | ADVANCED DRAINAGE SYSTEMS | ADVANCED DRAINAGE SYSTEMS INC."
ZIP,3,5,True,ZIPRECRUITER,0.667,False,"ZIPRECRUITER | ZIP | ZIPRECRUITER, INC."
0P0001FKM7.TO,3,4,False,CORPORATE,1.0,False,"MVW SSC, INC. CORPORATE | BP AMERICA, INC.-CORPORATE | LOEHMANN'S, INC. (CORPORATE)"
6877.HK,3,4,False,EMINENT,1.0,False,"EMINENT, INC. | EMINENT, INC.-RESOLVE GROUP, INC. | EMINENT, INC. AKA REVOLVE GROUP INC."
CDXS,3,4,True,CODEXIS,1.0,False,"CODEXIS | CODEXIS, INC. | CODEXIS, INC"
CHSCP,3,4,False,CHS,1.0,False,"CHS INC | CHS, INC. | CHS INC."
CHWY,3,4,True,CHEWY,1.0,False,"CHEWY | CHEWY INC. | CHEWY, INC."
DASH,3,4,True,DOORDASH,0.667,False,"DASH | DOORDASH | DOORDASH, INC."
DKS,3,4,False,SPORTING,1.0,False,"DICK'S SPORTING GOODS, INC. | DICK'S SPORTING GOOD'S, INC. | DICK'S SPORTING GOODS, INC"
FXI,3,4,False,FXI,1.0,False,"FXI, INC. | FXI, INC | FXI"
GIS,3,4,False,MILLS,1.0,False,"GENERAL MILLS, INC. (PROGRESSO SOUP) | GENERAL MILLS INC | GENERAL MILLS"
GT,3,4,False,GOODYEAR,1.0,False,GOODYEAR TIRE & RUBBER COMPANY | GOODYEAR | THE GOODYEAR TIRE & RUBBER COMPANY
KDP,3,4,False,PEPPER,1.0,False,KEURIG DR. PEPPER | KEURIG DR PEPPER INC. | KEURIG DR PEPPER
LEU,3,4,True,CENTRUS,0.667,False,CENTR | CENTRUS ENERGY CORP | CENTRUS ENERGY
MCD,3,4,False,MCDONALD,0.667,False,MCDONALD'S | MCDONALD'S CORPORATION | MCDONALDS
PENN,3,4,False,NATIONAL,1.0,False,"PENN NATIONAL GAMING | PENN NATIONAL GAMING, INC. | PENN NATIONAL GAMING, INC"
SUN,3,4,False,SUNOCO,1.0,False,"SUNOCO | SUNOCO LP | SUNOCO, INC. MARCUS HOOK REFINERY"
TOST,3,4,True,TOAST,1.0,False,"TOAST | TOAST, INC | TOAST, INC."
UA,3,4,False,UNDER,0.667,False,"UNDER ARMOUR | UNDER ARMOUR, INC. | ARM INC."
VRAYQ,3,4,True,VIEW,1.0,False,"VIEW | VIEW INC | VIEW, INC."
^NQUSB40401030LM,3,4,False,RETAILERS,1.0,False,"SPECIALTY RETAILERS, INC. (GORDMAN'S) | SPECIALTY RETAILERS, INC. (STAGE DISTRIBUTION CENTER) | SPECIALTY RETAILERS, INC."
ALCO,3,3,False,ALICO,0.667,False,"ALICO, INC | ALICO, INC. | ALCO"
CL=F,3,3,False,PLANTS,0.667,False,"CINTAS CORPORATION NO, 2 | ALLOY SURFACES COMPANY INC.; PLANTS 1, 2, 3 | ALLOY SURFACES COMPANY, INC.: PLANTS 1, 2"
CMG,3,3,False,GRILL,1.0,False,"MEXI-GRILL, LLC DBA JAVIER'S NEWPORT BEACH | CHIPOTLE MEXICAN GRILL | CHIPOTLE MEXICAN GRILL, INC. (NYC OFFICE)"
G,3,3,False,GENPACT,1.0,False,"GENPACT, LLC | GENPACT, LLC* | GENPACT"
GEF,3,3,False,GREIF,1.0,False,"GREIF INC | GREIF, INC. | GREIF"
HAIN,3,3,False,CELESTIAL,1.0,False,"THE HAIN CELESTIAL GROUP | HAIN CELESTIAL GROUP, INC. | THE HAIN CELESTIAL GROUP, INC"
HNST,3,3,False,HONEST,0.667,False,"THE HONEST COMPANY, INC. | THE HONEST COMPANY | THE HON COMPANY"
HOT=F,3,3,False,NY,1.0,False,"MACY'S (529 WEST 20TH STREET NEW YORK, NY, 10011) | WEWORK COMPANIES, INC. (115 BROADWAY, NY, NY 10006) | STERLING NATIONAL BANK (BROADWAY, NY)"
IMPSZZX,3,3,True,IMPOSSIBLE,1.0,False,"IMPOSSIBLE FOODS... | IMPOSSIBLE FOODS | IMPOSSIBLE FOODS, INC."
KE,3,3,False,KIMBALL,1.0,False,"KIMBALL ELECTRONICS | KIMBALL, TIREY & ST. JOHN LLP | KIMBALL ELECTRONICS, INC."
LCCINFOTEC.BO,3,3,False,LCC,1.0,False,"RED O LA JOLLA, LCC | IN-SHAPE HEALTH CLUBS, LCC | GESTAMP WEST VIRGINIA, LCC"
MEC,3,3,False,ENGINEERING,1.0,False,"MAYVILLE ENGINEERING COMPANY, INC. | MAYVILLE ENGINEERING COMPANY | DELL PRODUCTS LP, ENGINEERING"
MTD21418-USD,3,3,True,MINTED,1.0,False,"MINTED | MINTED, LLC. | MINTED, LLC"
NASO,3,3,False,NAPLES,1.0,False,"THE RITZ CARLTON, NAPLES | THE RITZ-CARLTON GOLF RESORT, NAPLES | THE RITZ-CARLTON, NAPLES"
NYC,3,3,False,NYC,1.0,False,"THE NEW 42ND STREET (AT 229 WEST 42ND ST., AND THE NEW VICTORY THEATER, NYC | PARK LANE HOTEL NEW YORK (36 CENTRAL PARK SOUTH, NYC | BEN'S RESTAURANT GROUP, INC. (LONG ISLAND, NYC, MID-HUDSON - EXACT LOCATIONS NOT PROVIDED)"
RKT.L,3,3,False,RECKITT,1.0,False,"RECKITT BENCKISER | RECKITT BENCKISER, MEAD JOHNSON, AND RB HEALTH | RECKITT BENCKISER, INC."
TJX,3,3,False,TJX,1.0,False,"TJX COMPANIES, INC. | TJX COMPANIES, INC. - TJ MAXX | TJX COMPANIES, INC. - MARSHALLS"
TTWO,3,3,True,TAKE,1.0,False,"TAKE-TWO | TAKE-TWO INTERACT... | TAKE-TWO INTERACTIVE SOFTWARE, INC."
WIT,3,3,False,WIPRO,1.0,False,"WIPRO | WIPRO LIMITED | WIPRO, LLC"
ZUMZ,3,3,True,ZUMIEZ,0.667,False,ZUM | ZUMIEZ | ZUMIEZ INC.
BAC,2,93,False,AMERICA,1.0,False,"AMERICA, INC. DNA LIXIL | BANK OF AMERICA"
YELLQ,2,88,False,YELLOW,1.0,False,YELLOW CORPORATION | YELLOW CORP
INTC,2,84,True,INTEL,1.0,False,INTEL | INTEL CORPORATION
GOOG,2,53,True,GOOGLE,1.0,False,"GOOGLE | GOOGLE, INC (RANSTAD'S TEMP EES)"
MSFT,2,51,True,MICROSOFT,1.0,False,MICROSOFT | MICROSOFT CORPORATION
INTU,2,50,False,INTUIT,1.0,False,INTUIT INC. | INTUIT INC
WGO,2,36,False,WINNEBAGO,1.0,False,WINNEBAGO INDUSTRIES | WINNEBAGO IND
TGT,2,34,False,TARGET,1.0,False,TARGET | TARGET CORPORATION
CMCSA,2,29,False,COMCAST,1.0,False,COMCAST | COMCAST CORPORATION
XAP=F,2,26,False,STAPLES,1.0,False,"STAPLES | STAPLES, INC."
SU.PA,2,23,False,SCHNEIDER,1.0,False,"SCHNEIDER ELECTRIC | SCHNEIDER ELECTRIC, U.S.A."
KR,2,20,False,KROGER,1.0,False,KROGER | KROGER COMPANY
AAPL,2,19,True,APPLE,1.0,False,APPLE | APPLE INC.
PYPL,2,19,True,PAYPAL,1.0,False,"PAYPAL | PAYPAL, INC."
JNJ,2,18,False,JOHNSON,1.0,False,"JOHNSON & JOHNSON | JOHNSON & JOHNSON, PRD (JANSEN SUPPLY CHAIN)"
MCK,2,15,False,MCKESSON,1.0,False,MCKESSON CORPORATION | MCKESSON
A,2,14,False,AGILENT,1.0,False,"AGILENT TECHNOLOGIES, INC. | AGILENT TECHNOLOGIES"
ABG,2,14,False,ASBURY,1.0,False,"ASBURY AUTOMOTIVE GROUP, INC. | ASBURY AUTOMOTIVE GROUP"
SPWR,2,14,False,SUNPOWER,1.0,False,SUNPOWER CORPORATION | SUNPOWER
BKR,2,13,False,BAKER,1.0,False,"BAKER HUGHES | BAKER HUGHES, INC."
CAR,2,13,False,AVIS,1.0,False,AVIS BUDGET GROUP | AVIS BUDGET
GS,2,13,False,SACHS,1.0,False,"GOLDMAN, SACHS & CO. LLC | GOLDMAN, SACHS & CO."
HOOD,2,13,True,ROBINHOOD,1.0,False,"ROBINHOOD | ROBINHOOD MARKETS, INC."
NTAP,2,13,True,NETAPP,1.0,False,"NETAPP | NETAPP, INC."
PSN,2,13,False,PARSONS,1.0,False,PARSONS CORPORATION | PARSONS
RUN,2,13,False,SUNRUN,1.0,False,"SUNRUN INC. | SUNRUN, INC. & SUNRUN INSTALLATION SERVICES, INC."
SWK,2,13,False,BLACK,1.0,False,"STANLEY BLACK & DECKER, INC. | STANLEY BLACK & DECKER"
XPO,2,13,False,XPO,1.0,False,"XPO LOGISTICS | JACOBSON WAREHOUSE CO., XPO LOGISTICS"
ZBRA,2,13,True,TECHNOLOGIES,1.0,False,ZEBRA TECHNOLOGIES | ZEBRA TECHNOLOGIES CORPORATION
^SPCS20R,2,13,False,CORELOGIC,1.0,False,"CORELOGIC | CORELOGIC, INC."
CNH,2,12,False,CNH,1.0,False,CNH | CNH INDUSTRIAL
FMGOETZE.NS,2,12,False,MOGUL,1.0,False,FEDERAL MOGUL | FEDERAL-MOGUL
KLN.MI,2,12,False,KALEO,1.0,False,"KALEO | KALEO, INC."
MAT,2,12,False,MATTEL,1.0,False,"MATTEL, INC. | MATTEL"
WDC,2,12,True,DIGITAL,1.0,False,"WESTERN DIGITAL | WESTERN DIGITAL, LLC"
HGV,2,11,False,GRAND,1.0,False,HILTON GRAND VACATIONS | HILTON GRAND VACATION
TMUS,2,11,False,MOBILE,1.0,False,"T-MOBILE | EARTHGRAINS BAKERY CO., MOBILE"
TRI,2,11,False,THOMSON,1.0,False,"THOMSON REUTERS | THOMSON, INC"
AZN,2,10,True,ASTRA,0.5,False,ASTRA | ASTRAZENECA
BMRN,2,10,True,BIOMARIN,1.0,False,BIOMARIN | BIOMARIN PHARMACEUTICAL INC.
GPRO,2,10,True,GOPRO,1.0,False,"GOPRO | GOPRO, INC."
RAD.CN,2,10,False,RADIAL,1.0,False,"RADIAL, INC. | RADIAL"
ATRA,2,9,False,ATARA,1.0,False,"ATARA BIOTHERAPEUTICS | ATARA BIOTHERAPEUTICS, INC."
GXO,2,9,False,GXO,1.0,False,GXO | GXO LOGISTICS
HD,2,9,False,DEPOT,1.0,False,HOME DEPOT | THE HOME DEPOT
MVM7PTR.VI,2,9,False,MVM,1.0,False,"MVM, INC. (MCALLEN) | MVM, INC."
PEANUT33916-USD,2,9,True,TIKTOK,1.0,False,"TIKTOK | TIKTOK, INC."
SBUX,2,9,False,STARBUCKS,1.0,False,STARBUCKS | STARBUCKS CORPORATION
SVV,2,9,False,SAVERS,0.5,False,SAVERS | VALUE VILLAGE
TEX,2,9,False,TEREX,1.0,False,TEREX CORPORATION | TEREX
AXP,2,8,False,EXPRESS,1.0,False,EXPRESS | AMERICAN EXPRESS
BLND,2,8,True,BLEND,1.0,False,"BLEND | BLEND LABS, INC."
EPIGZZX,2,8,True,EPIC,1.0,False,"EPIC GAMES | EPIC GAMES, INC."
FLEPZZX,2,8,True,FLEXPORT,1.0,False,"FLEXPORT | FLEXPORT, INC."
GDDY,2,8,True,GODADDY,0.5,False,GODADDY | GO DADDY
LRCX,2,8,True,RESEARCH,1.0,False,LAM RESEARCH | LAM RESEARCH CORPORATION
NESN.SW,2,8,False,NESTLE,1.0,False,"NESTLE | NESTLE, USA"
OCI.L,2,8,False,OAKLEY,1.0,False,"OAKLEY, INC. | ADECCO USA, OAKLEY, INC."
PNC,2,8,False,PNC,1.0,False,PNC FINANCIAL SERVICES GROUP | PNC FINANCIAL SERVICES GROUP INC.
SCALZZX,2,8,True,AI,1.0,False,"SCALE AI | SCALE AI, INC."
WHR,2,8,False,WHIRLPOOL,1.0,False,WHIRLPOOL CORPORATION | WHIRLPOOL CORP.
ABT,2,7,False,LABORATORIES,1.0,False,"ABBOTT LABORATORIES | ABBOTT LABORATORIES, INC."
APPF,2,7,True,APPFOLIO,1.0,False,"APPFOLIO | APPFOLIO, INC."
BZFDW,2,7,True,BUZZFEED,1.0,False,"BUZZFEED | BUZZFEED, INC."
CMPS,2,7,True,COMPASS,1.0,False,"COMPASS | COMPASS, INC"
CTAS,2,7,False,CINTAS,1.0,False,CINTAS CORP | CINTAS CORPORATION
DAL,2,7,False,AIR,1.0,False,"DELTA AIR LINES, INC. | DELTA AIR LINES"
DLX,2,7,False,DELUXE,1.0,False,DELUXE CORPORATION | DELUXE CORP
FFIV,2,7,True,F5,1.0,False,"F5 | F5, INC."
KHC,2,7,False,KRA,0.5,False,KRA | HEINZ
KSS,2,7,False,KOHL,1.0,False,"KOHL'S | KOHL'S, INC."
TRIP,2,7,True,TRIPADVISOR,1.0,False,TRIPADVISOR | TRIPADVISOR LLC
US36472T1097.SG,2,7,False,GANNETT,1.0,False,"GANNETT | GANNETT, INC"
^DJP-IV,2,7,False,CAPITAL,1.0,False,BARCLAYS CAPITAL INC. | BARCLAY'S CAPITAL INC.
ACT,2,6,False,ACT,1.0,False,"ACT, INC | ACT, INC."
ADI,2,6,True,DEVICES,1.0,False,"ANALOG DEVICES | ANALOG DEVICES, INC."
BOLT,2,6,True,BOLT,1.0,False,"BOLT | BOLT BIOTHERAPEUTICS, INC."
CBRE,2,6,False,CBRE,1.0,False,"CBRE, INC. | CBRE"
CC,2,6,False,CHEMOURS,1.0,False,CHEMOURS | THE CHEMOURS COMPANY
CHPT,2,6,True,CHARGEPOINT,1.0,False,"CHARGEPOINT | CHARGEPOINT, INC."
COCHW,2,6,True,ENVOY,1.0,False,"ENVOY | ENVOY, INC"
CPCAY,2,6,False,PACIFIC,1.0,False,CATHAY PACIFIC AIRWAYS LIMITED | CATHAY PACIFIC AIRWAYS LTD.
CXW,2,6,False,CORECIVIC,0.5,False,CORECIVIC | CORRECTIONS CORPORATION OF AMERICA
FLG,2,6,False,FLAGSTAR,1.0,False,"FLAGSTAR BANK, N.A. | FLAGSTAR BANK"
FLR,2,6,False,FLUOR,1.0,False,FLUOR | FLUOR CORPORATION
LEA,2,6,False,LEAR,1.0,False,LEAR CORP | LEAR CORPORATION
LEVI,2,6,False,LEVI,1.0,False,LEVI STRAUSS & CO. | LEVI STRAUSS & CO
NOV,2,6,False,NATIONAL,0.5,False,NATIONAL OILWELL VARCO | NOV
OKTA,2,6,True,OKTA,1.0,False,"OKTA | OKTA, INC."
PVH,2,6,False,PVH,1.0,False,PVH CORP. | PVH CORP
RAD.AX,2,6,False,THERANOS,1.0,False,"THERANOS, INC. | THERANOS"
RADWZZX,2,6,True,POWER,1.0,False,"RAD POWER BIKES | RAD POWER BIKES, INC."
RNG,2,6,True,RINGCENTRAL,1.0,False,"RINGCENTRAL | RINGCENTRAL, INC."
ROKU,2,6,True,ROKU,1.0,False,"ROKU | ROKU, INC."
RSG,2,6,False,REPUBLIC,1.0,False,"REPUBLIC SERVICES, INC | REPUBLIC SERVICES"
STUB,2,6,True,STUBHUB,1.0,False,"STUBHUB | STUBHUB, INC."
UBS,2,6,False,UBS,0.5,False,UBS | REGIS
^TNX,2,6,False,CB,1.0,False,"CB&I | CB&I, INC. - 850 PINE STREET"
5388.TW,2,5,False,SERCO,1.0,False,"SERCO, INC. | SERCO"
ADM,2,5,False,ARCHER,1.0,False,ARCHER DANIELS MIDLAND COMPANY | ARCHER-DANIELS-MIDLAND CO
AFRM,2,5,True,AFFIRM,1.0,False,"AFFIRM | AFFIRM, INC."
AWI,2,5,False,ARMSTRONG,1.0,False,"ARMSTRONG WORLD INDUSTRIES | ARMSTRONG WORLD INDUSTRIES, INC."
BAFN,2,5,False,BAYFIRST,1.0,False,BAYFIRST FINANCIAL | BAYFIRST
CNGA,2,5,False,CONAIR,1.0,False,CONAIR | CONAIR CORPORATION
CSGP,2,5,False,COSTAR,1.0,False,"COSTAR GROUP | COSTAR GROUP, INC."
DXCM,2,5,False,DEXCOM,1.0,False,"DEXCOM, INC. | DEXCOM"
ELV,2,5,False,ELEVANCE,1.0,False,"ELEVANCE HEALTH, INC. | ELEVANCE HEALTH"
FATE,2,5,True,THERAPEUTICS,1.0,False,"FATE THERAPEUTICS | FATE THERAPEUTICS, INC."
FDXF,2,5,False,FREIGHT,1.0,False,"FEDEX FREIGHT | FEDEX FREIGHT, INC."
FISV,2,5,False,FISERV,1.0,False,"FISERV | FISERV, INC."
HGGG,2,5,False,HHGREGG,1.0,False,"HHGREGG | HHGREGG, INC."
NUGYO.IS,2,5,True,NURO,1.0,False,"NURO | NURO, INC."
SD,2,5,False,SANDRIDGE,1.0,False,"SANDRIDGE ENERGY | SANDRIDGE ENERGY, INC."
SFD,2,5,False,SMITHFIELD,1.0,False,SMITHFIELD FOODS | SMITHFIELD
SPCE,2,5,False,VIRGIN,0.5,False,"VIRGIN GALACTIC, LLC | VI"
TAP,2,5,False,COORS,1.0,False,MOLSON COORS BEVERAGE COMPANY | MOLSON COORS
TKR,2,5,False,TIMKEN,1.0,False,TIMKEN | THE TIMKEN COMPANY
TPIC,2,5,False,COMPOSITES,1.0,False,TPI COMPOSITES INC | TPI COMPOSITES
0P00011RCF.F,2,4,False,DVD,1.0,False,"DVD, INC. | DVD, INC. WALT DISNEY WORLD"
274090.KQ,2,4,False,KENCO,0.5,False,KENCO | AEROSPACE CORPORATION
2AA.DU,2,4,False,GAMING,1.0,False,"GAMING ENTERTAINMENT, LLC DBA RISING STAR CASINO RESORT | GAMING ENTERTAINMENT, LLC DBA RISING STAR FERRY"
8566.T,2,4,False,RICOH,1.0,False,"RICOH, USA, INC. | RICOH"
AMTD,2,4,False,AMERITRADE,1.0,False,TD AMERITRADE HOLDING CORPORATION | TD AMERITRADE
ARYN.SW,2,4,False,ARYZTA,1.0,False,"ARYZTA, LLC | ARYZTA"
ASAN,2,4,True,ASANA,1.0,False,"ASANA | ASANA, INC."
AVY,2,4,False,DENNISON,1.0,False,AVERY DENNISON CORPORATION | AVERY DENNISON
BLK,2,4,False,BLACKROCK,1.0,False,"BLACKROCK, INC. | BLACKROCK, INC"
CBRL,2,4,False,CRACKER,1.0,False,CRACKER BARREL | CRACKER BARREL OLD COUNTRY STORE
CHEKZZX,2,4,True,CHECKR,1.0,False,"CHECKR | CHECKR, INC."
COUR,2,4,True,COURSERA,1.0,False,"COURSERA | COURSERA, INC."
CTSH,2,4,False,COGNIZANT,1.0,False,COGNIZANT TECHNOLOGY SOLUTIONS | COGNIZANT
DS81.SG,2,4,False,PANALPINA,1.0,False,"PANALPINA, INC | PANALPINA"
EFX,2,4,False,EQUIFAX,1.0,False,"EQUIFAX, INC. | EQUIFAX INC."
EGHT,2,4,True,8X8,1.0,False,"8X8 | 8X8, INC."
ERIC,2,4,True,ERICSSON,1.0,False,"ERICSSON | ERICSSON, INC."
FIVN,2,4,True,FIVE9,1.0,False,"FIVE9 | FIVE9, INC."
FLEXZZX,2,4,True,FLEXE,1.0,False,"FLEXE | FLEXE, INC."
FORM,2,4,True,FORMFACTOR,1.0,False,"FORMFACTOR | FORMFACTOR, INC."
GEHC,2,4,False,HEALTHCARE,1.0,False,"HEALTHCARE, INC. | GE HEALTHCARE"
HEAAZZX,2,4,True,HEADSPACE,1.0,False,"HEADSPACE | HEADSPACE, INC."
INTRZZX,2,4,True,INTERCOM,1.0,False,"INTERCOM | INTERCOM, INC."
JTKWY,2,4,True,JUST,1.0,False,JUST EAT | JUST EAT TAKEAWAY
LRGR,2,4,True,LUMINAR,0.5,False,"LUMINAR | LUMINA MEDIA, LLC"
LW,2,4,False,LAMB,0.5,False,"LAMB WESTON, INC | L&W, INC., DBA SOUTHTEC, LLC"
MU,2,4,True,MICRON,1.0,False,"MICRON | MICRON TECHNOLOGY, INC."
NDSN,2,4,False,NORDSON,1.0,False,NORDSON | NORDSON CORPORATION
NG=F,2,4,False,CARE,1.0,False,"SHIEL HOLDINGS, LLC (SHIEL MEDICAL LABORATORY, A DIVISION OF FRESENIUS MEDICAL CARE, NA) | SHIEL HOLDINGS, LLC (SHIEL MEDICAL LABORATORY (A DIVISION OF FRESENIUS MEDICAL CARE, NA)"
PINS,2,4,True,PINTEREST,1.0,False,PINTEREST | PINTEREST INC.
RENT,2,4,True,RUNWAY,1.0,False,"RENT THE RUNWAY | RENT THE RUNWAY, INC."
RRX,2,4,False,REXNORD,1.0,False,REGAL REXNORD CORPORATION | REGAL REXNORD
SBET,2,4,False,SHARP,0.5,False,SHARP | SBE
SGMO,2,4,False,THERAPEUTICS,1.0,False,"SANGAMO THERAPEUTICS, INC. | SANGAMO THERAPEUTICS"
SRPT,2,4,False,THERAPEUTICS,0.5,False,"SAREPTA THERAPEUTICS, INC. | SRP"
TCNNF,2,4,False,TRULIEVE,1.0,False,"TRULIEVE, INC. | TRULIEVE"
TCS.NS,2,4,False,TATA,1.0,False,"TATA CONSULTANCY SERVICES, LTD | TATA CONSULTANCY SERVICES"
TDC,2,4,True,TERADATA,1.0,False,TERADATA | TERADATA CORPORATION
TDUP,2,4,True,THREDUP,1.0,False,THREDUP | THREDUP INC.
TENNIND.NS,2,4,False,TENNECO,1.0,False,"TENNECO | TENNECO, INC."
THQ,2,4,False,THQ,1.0,False,"THQ, INC. | THQ, INC. DIGITAL STUDIO PHOENIX"
TOL,2,4,False,TOLL,1.0,False,"TOLL BROTHERS, INC. | TOLL BROTHERS INC"
TSMEX,2,4,True,TIA,0.5,False,TIA | TIAA
TWST,2,4,True,BIOSCIENCE,1.0,False,TWIST BIOSCIENCE | TWIST BIOSCIENCE CORPORATION
UIS,2,4,False,UNISYS,1.0,False,UNISYS CORPORATION | UNISYS
VEEV,2,4,True,VEEV,0.5,False,VEEV | VEE
WFG,2,4,False,FRASER,1.0,False,"WEST FRASER, INC. | WEST FRASER, INC"
WSM,2,4,False,SONOMA,1.0,False,"WILLIAMS-SONOMA, INC. | WILLIAMS SONOMA, INC."
YOJ.SG,2,4,True,YAHOO,1.0,False,YAHOO | YAHOO!
0JW.F,2,3,False,JELD,1.0,False,"JELD WEN | JELD-WEN, INC."
1929.T,2,3,False,NITTO,1.0,False,"NITTO, INC. | NITTO, INC"
3467.T,2,3,False,AGRATI,1.0,False,"AGRATI, INC. | AGRATI"
4YJ0.MU,2,3,False,CARD,1.0,False,"DELTA C, LP DBA KINGS CARD CLUB AND WESTLANE CARD ROOM | DELTA C, LP DBA KINGS CARD CLUB AND WESTLAND CARD ROOM"
5401.KL,2,3,True,TROPIC,0.5,False,TROPIC | TROPICANA
7WH.DU,2,3,True,UDEMY,1.0,False,"UDEMY | UDEMY, INC."
8371.HK,2,3,False,TASTE,1.0,False,"TASTE, INC. | TASTE, INC"
AEL.JO,2,3,False,ALTRON,1.0,False,"ALTRON | ALTRON, INC."
AGYS,2,3,False,AGY,0.5,False,"AGY | AGILYSYS, INC"
AI,2,3,True,AI,1.0,False,"C3.AI | C3.AI, INC."
AIZ,2,3,False,ASSURANT,1.0,False,"ASSURANT | ASSURANT, INC."
APC,2,3,False,CONTOUR,0.5,False,"CONTOUR DERMATOLOGY AND COSMETIC SURGERY MEDICAL CENTER, APC | ANADARKO PETROLEUM CORPORATION"
BBWI,2,3,False,BATH,1.0,False,"BATH & BODY WORKS, LLC | BATH & BODY WORKS"
BFLY,2,3,True,NETWORK,1.0,False,BUTTERFLY NETWORK... | BUTTERFLY NETWORK
BOOT,2,3,False,BOOT,1.0,False,"BOOT BARN | BOOT BARN, INC."
BR,2,3,False,SOLUTIONS,1.0,False,"BROADRIDGE FINANCIAL SOLUTIONS | BROADRIDGE FINANCIAL SOLUTIONS, INC."
CFISH.ST,2,3,False,CRUNCH,1.0,False,"CRUNCH, LLC | CRUNCH"
CHAG,2,3,False,CHANCELLOR,1.0,False,"CHANCELLOR, MASTERS AND SCHOLARS OF THE UNIVERSITY OF CAMBRIDGE AKA CAMBRIDGE UNIVERSITY PRESS | CHANCELLOR, MASTERS AND SCHOLARS OF THE UNIVERSITY OF CAMBRIDGE (AKA CAMBRIDGE UNIVERSITY PRESS)"
CRCL,2,3,True,CIRCLE,0.5,False,CIRCLE | CIRC
CUBT,2,3,False,CURATIVE,1.0,False,"CURATIVE, INC. | CURATIVE, INC"
CVALF,2,3,True,COVA,1.0,False,"COVA | COVA, INC."
CWT,2,3,False,CWT,1.0,False,"CWT, LLC | CWT"
DBD,2,3,False,DIEBOLD,1.0,False,"DIEBOLD NIXDORF INC. | DIEBOLD, INC."
DBK.DE,2,3,False,BANK,1.0,False,"DEUTSCHE BANK | DEUTSCHE BANK SECURITIES INC., DB USA CORE CORPORATION, AND DEUTSCHE BANK AG, NEW YORK BRANCH, AND DB USA CORP. (TOGETHER, ""DEUTSCHE BANK"")"
DKNG,2,3,True,DRAFTKINGS,1.0,False,DRAFTKINGS | DRAFTKINGS INC.
DOW,2,3,False,DOW,1.0,False,DOW CHEMICAL COMPANY | DOW CHEMICAL
EMR,2,3,True,ELECTRIC,1.0,False,ELECTRIC | EMERSON ELECTRIC COMPANY
ENPH,2,3,True,ENPHASE,1.0,False,"ENPHASE ENERGY | ENPHASE ENERGY, INC."
EVER,2,3,True,EVERQUOTE,1.0,False,"EVERQUOTE | EVERQUOTE, INC"
EXAEZZX,2,3,True,EXABEAM,1.0,False,"EXABEAM | EXABEAM, INC."
FANAZZX,2,3,False,FANATICS,1.0,False,"FANATICS, LLC | FANATICS"
FIS,2,3,False,FIS,0.5,False,FIS | FIDELITY NATIONAL INFORMATION SERVICES
FLOW,2,3,False,SPX,1.0,False,"SPX FLOW | SPX FLOW, INC."
FSLR,2,3,False,FIRST,1.0,False,FIRST SOLAR | FIRST SOLAR INC
GEL,2,3,True,GENESIS,0.5,False,GENESIS | GE ENERGY
GENC,2,3,False,GENCO,0.5,False,"GENCO I, INC. DBA GENCO | GENCOR INDUSTRIES, INC."
GTES,2,3,False,MCDONALD,1.0,False,"GATES, MCDONALD & CO./NATIONWIDE BETTER HEALTH | GATES, MCDONALD & COMPANY NATIONWIDE BETTER HEATH"
HALL,2,3,False,HALLMARK,1.0,False,HALLMARK FINANCIAL SERVICES | HALLMARK
HS1.SG,2,3,False,HEALTHCARE,1.0,False,"HEALTHCARE SERVICES GROUP | HEALTHCARE SERVICES GROUP, INC."
INGR,2,3,False,INGREDION,1.0,False,INGREDION INC | INGREDION INCORPORATED
INSCZZX,2,3,True,INSCRIPTA,1.0,False,"INSCRIPTA | INSCRIPTA, INC."
ITT,2,3,False,ITT,1.0,False,"ITT CORPORATION | ITT, GLOBAL INFORMATION SERVICES"
JBHT,2,3,False,TRANSPORT,1.0,False,"J.B. HUNT TRANSPORT, INC. (FACILITY MAINTAINED AT BOB’S DISCOUNT FURNITURE) | J.B. HUNT TRANSPORT, INC."
KMI,2,3,True,KINDE,0.5,False,"KINDE | KINDER MORGAN, INC."
KSM-F198.TA,2,3,False,LLS,1.0,False,"COSMETIC ESSSENCE, LLS | SERVICELINK NLS, LLS"
LLY,2,3,False,LILLY,1.0,False,ELI LILLY | ELI LILLY AND COMPANY
LMND,2,3,True,LEMONADE,0.5,False,LEMONADE | LEMON
LVLU,2,3,False,FASHION,1.0,False,"LULUS FASHION LOUNGE, LLC | LULU'S FASHION LOUNGE, LLC"
LZ,2,3,True,LEGALZOOM,1.0,False,LEGALZOOM | LEGALZOOM.COM
LZB,2,3,False,BOY,1.0,False,LA-Z-BOY | LA-Z-BOY INCORPORATED
MBG.DE,2,3,False,BEN,0.5,False,"BEN GROUP, INC. | MERCEDES-BENZ"
MH,2,3,False,HILL,1.0,False,HILL | MCGRAW HILL
MLP,2,3,False,KEA,0.5,False,"FAIRMONT KEA LANI, MAUI | MAU"
MT,2,3,False,ARCELORMITTAL,0.5,False,ARCELORMITTAL | ARCELOR MITTAL
NXDR,2,3,True,NEXTDOOR,1.0,False,"NEXTDOOR | NEXTDOOR, INC."
PII,2,3,False,POLARIS,1.0,False,POLARIS INC. | POLARIS
PMPEX,2,3,False,PRIMARK,1.0,False,PRIMARK | PRIMARK*
RAIL,2,3,False,FREIGHTCAR,1.0,False,"FREIGHTCAR AMERICA | FREIGHTCAR AMERICA, INC."
RDN,2,3,False,RADIAN,0.5,False,"RADIAN GROUP, INC. | RADIA, INC. P. S."
RDW,2,3,False,WHITE,1.0,False,"RED, WHITE AND BLUE THRIFT STORES | RED, WHITE AND BLUE THRIFT"
RPD,2,3,True,RAPID7,0.5,False,RAPID7 | RAPID
SAN,2,3,False,SANTANDER,1.0,False,SANTANDER | SANTANDER*
SGO.PA,2,3,False,SAINT,1.0,False,"SAINT-GOBAIN, SEKURIT | SAINT-GOBAIN"
SHIBZZX,2,3,True,SHIPBOB,1.0,False,"SHIPBOB | SHIPBOB, INC."
SJM,2,3,False,SMUCKER,1.0,False,THE J.M. SMUCKER COMPANY | THE J. M. SMUCKER COMPANY
SPB,2,3,False,SPECTRUM,1.0,False,"SPECTRUM BRANDS, INC. | SPECTRUM BRANDS, INC. REMINGTON DIST. CENTER"
SPCL,2,3,True,TIDAL,1.0,False,"TIDAL | TIDAL, A SUBSIDARY OF BLOCK, INC."
SSYS,2,3,False,STRATASYS,1.0,False,"STRATASYS, INC. | STRATASYS"
STEM,2,3,True,STEM,1.0,False,"STEM | STEM, INC."
SXC,2,3,False,SUNCOKE,1.0,False,"SUNCOKE ENERGY, INC. | SUNCOKE ENERGY, INC. (JEWELL COAL MINE)"
SYK,2,3,False,STRYKER,1.0,False,STRYKER | STRYKER CORPORATION
THUBZZX,2,3,True,THUMBTACK,1.0,False,"THUMBTACK | THUMBTACK, INC."
TPD.MU,2,3,False,SEALY,1.0,False,TEMPUR SEALY | SEALY
TROW,2,3,False,PRICE,1.0,False,"T. ROWE PRICE | T. ROWE PRICE GROUP, INC."
UIO.F,2,3,False,UNION,1.0,False,"UNION BANK, N.A. | UNION BANK"
VC,2,3,False,VISTEON,1.0,False,VISTEON CORP. | VISTEON
VELO,2,3,True,VELO3D,1.0,False,"VELO3D | VELO3D, INC."
VRNS,2,3,True,VARO,0.5,False,VARO | VARONIS
WOLF,2,3,False,WOLFSPEED,1.0,False,"WOLFSPEED, INC. | WOLFSPEED"
WS,2,3,False,WORTHINGTON,1.0,False,WORTHINGTON | WORTHINGTON STEEL
WWD,2,3,False,WOODWARD,1.0,False,"WOODWARD, INC | WOODWARD, INC."
001236.SZ,2,2,False,NYC,0.5,False,"WINDY GATES, SOHO, INC. DBA BALTHAZAR RESTAURANT (80 SPRING ST., NYC) | LEVY PREMIUM FOODSERVICE LIMITED PARTNERSHIP,HOLLY"
002848.SZ,2,2,False,DIGITAL,1.0,False,G/O DIGITAL | GO DIGITAL
0HG8.L,2,2,False,ANTHEM,1.0,False,"ANTHEM, INC./BEACON HEALTH OPTIONS | ANTHEM INC."
0HQ1.L,2,2,False,BROOKS,1.0,False,BROOKS AUTOMATION | BROOKS AUTOMATION INC.
0P0000GBES.F,2,2,False,VALUE,1.0,False,"TRUE VALUE, KANSAS CITY | TRUE VALUE"
0P0000XQPT.L,2,2,False,PACIFIC,0.5,False,"THE GREAT ATLANTIC AND PACIFIC TEA COMPANY, INC. (2) | CHEVRON USA, INC. - 2"
0P0000Z32L.SI,2,2,False,WESTIN,0.5,False,"WESTIN SHERATON VACATION SERVICES, INC. AND | LONG BEACH GOLDEN SAILS, INC. AND"
0P00015JO1.L,2,2,False,BROOKLYN,1.0,False,"J. C. PENNEY CORPORATION (5100 KINGS PLAZA, BROOKLYN, NY) | STRAND BOOKS, INC. (STRAND BOOK STORE, NYC & STRAND WAREHOUSE, BROOKLYN)"
0P0001A0GW.F,2,2,False,ANGELES,1.0,False,"MUSEUM OF CONTEMPORARY ART, LOS ANGELES | THE RITZ-CARLTON, LOS ANGELES, JW MARRIOTT L.A. LIVE"
0P0001A0GX.L,2,2,False,MUSEUM,1.0,False,"MUSEUM OF CONTEMPORARY ART, LOS ANGELES | MUSEUM OF ICE CREAM, LOS ANGELES"
0P0001EBUF,2,2,False,ABS,1.0,False,"ABS GLOBAL, GENUS INTELLIGEN TECHNOLOGIES (WINDSOR) | ABS GLOBAL"
1969.T,2,2,False,THERMA,0.5,False,THERMA | TAKASAGO
2BN0.F,2,2,False,NOBLE,1.0,False,"BARNES & NOBLE | BARNES & NOBLE, INC."
4587.TWO,2,2,False,LNC,1.0,False,"BODY BEAUTIFUL CAR WASH, LNC. | P.F. CHANGS CHINA BISTRO, LNC."
508068.SS,2,2,False,CE,1.0,False,"CE RENTAL, INC COVID19 | CE RENTAL, INC. - COVID19"
600007.SS,2,2,False,TRADE,1.0,False,"CLUB QUARTERS HOTEL, WORLD TRADE CENTER | RESIDENCE INN, WORLD TRADE CENTER"
603180.SS,2,2,False,GOLDEN,1.0,False,"GOLDEN LIVING | GOLDEN LIVING, OR SOUTHERN BILLING OFFICE"
603976.SS,2,2,False,PAC,1.0,False,"PHARMA PAC, LLC | PHARMA PAC"
6PU.DU,2,2,True,STORAGE,1.0,False,"PURE STORAGE | PURE STORAGE, INC."
8052.T,2,2,False,TSUBAKI,1.0,False,"TSUBAKI, LLC | TSUBAKI, LLC DBA OTOTO"
8987.T,2,2,False,EXCEL,1.0,False,"EXCEL INC., DBA DHL SUPPLY CHAIN | EXCEL INC."
AAQTXXX,2,2,False,BMO,1.0,False,BMO HARRIS BANK N.A. | BMO HARRIS
ADDPZZX,2,2,True,ADDEPAR,1.0,False,"ADDEPAR | ADDEPAR, INC."
AMPL,2,2,True,AMPLITUDE,1.0,False,"AMPLITUDE | AMPLITUDE, INC."
ANDE,2,2,False,ANDERSONS,1.0,False,"THE ANDERSONS INC | THE ANDERSONS, INC."
ASH,2,2,False,ASHLAND,1.0,False,ASHLAND INC. | ASHLAND INC
ATOHZZX,2,2,True,AUTOMATION,1.0,False,AUTOMATION ANY... | AUTOMATION ANYWHERE
AVAH,2,2,False,AVEANNA,1.0,False,"AVEANNA HEALTHCARE, LLC | AVEANNA HEALTHCARE"
AVT,2,2,False,AVNET,1.0,False,"AVNET, INC. | AVNET"
AZ,2,2,False,AZ,1.0,False,"CVS - DOUGLAS, AZ | REMUDA RANCH ONE EAST APACHE STREET WICKENBURG, AZ"
BABI-USD,2,2,True,BABYLON,1.0,False,"BABYLON | BABYLON, INC"
BALL,2,2,False,BALL,1.0,False,BALL CORP. | BALL CORPORATION
BFAM,2,2,False,HORIZONS,1.0,False,"BRIGHT HORIZONS | BRIGHT HORIZONS, 2ND GENERATION AT CABOT"
BIHI39.SA,2,2,False,USM,1.0,False,"USM, INC. | USM, INC"
BKD,2,2,False,LIVING,1.0,False,"BROOKDALE SENIOR LIVING INC. | BROOKDALE SENIOR LIVING, INC"
BKNG,2,2,True,BOOKING,0.5,False,BOOKING HOLDINGS | PRICELINE
BLKB,2,2,True,BLACKBAUD,1.0,False,"BLACKBAUD | BLACKBAUD, INC"
BOBS,2,2,False,DISCOUNT,1.0,False,"BOB'S DISCOUNT FURNITURE, LLC | BOB'S DISCOUNT FURNITURE"
BP,2,2,False,BP,0.5,False,"BP | RONALD R. WOLFE & ASSOCIATES, P.L."
BUD,2,2,False,BUSCH,1.0,False,"ANHEUSER-BUSCH | ANHEUSER-BUSCH, LLC"
CAM,2,2,False,CAMERON,1.0,False,CAMERON INTERNATIONAL | CAMERON INTERNATIONAL CORPORATION
CARDS38283-USD,2,2,False,COLLECTO,1.0,False,"COLLECTO, INC. | COLLECTO, INC. DBA EOS CCA"
CASY,2,2,False,CASEY,1.0,False,CASEY'S GENERAL STORE | CASEY'S
COHN,2,2,False,OFFICE,1.0,False,"SCOLARO, SHULMAN, COHEN, FETTER & BURSTEIN, PC (PRIMARY OFFICE) | SCOLARO, SHULMAN, COHEN, FETTER & BURSTEIN, PC (SATELLITE OFFICE)"
CSN.SG,2,2,False,CSG,1.0,False,"CSG SYSTEMS, INC | CSG SYSTEMS, INC."
CTMX,2,2,False,THERAPEUTICS,1.0,False,"CYTOMX THERAPEUTICS, INC. | CYTOMX THERAPEUTICS INC."
DAN,2,2,False,DANA,1.0,False,DANA INCORPORATED | DANA HOLDING CORPORATION
DC=F,2,2,False,II,1.0,False,"GENERICS BIDEO, II, LLC DBA QUALITEST PHARMACEUTICALS | MARIAN COMMUNITY HOSPITAL, OUTPATIENT CLINIC I, II, OUTPATIENT CENTER II, ENDLESS MOUNTAINS MEDICAL CLINIC, WAYMART FAMILY MEDICAL CENTER"
DE000SL0AZ11.SG,2,2,True,REMOTE,0.5,False,"REMOTE | REMO, INC."
DE000SL0FNN9.SG,2,2,True,LEDGER,0.5,False,LEDGER | DECENT
DIVHZZX,2,2,False,TECHNOLOGIES,1.0,False,"DIVERGENT TECHNOLOGIES, INC. | DIVERGENT TECHNOLOGIES INC."
DLTR,2,2,False,DOLLAR,1.0,False,"DOLLAR TREE, INC. (FAMILY DOLLAR) | DOLLAR TREE"
DODGX,2,2,False,DODGE,1.0,False,"ASBURY AUTOMOTIVE GROUP (CROWN CHRYSLER, DODGE, JEEP RAM)COVID19 | FOLSOM CHRYSLER, JEEP, DODGE"
DOTSOFT.AT,2,2,False,DOTS,1.0,False,"DOTS | DOTS, LLC"
DVA,2,2,False,HI,0.5,False,"DAV, INC. DBA VALLEY HI HONDA | DAVITA INC."
EPC,2,2,False,EDGEWELL,0.5,False,"EDGEWELL PERSONAL CARE | PERSONA, INC"
ERC,2,2,False,ERC,1.0,False,"ERC | ERC, INC."
EURUSD=X,2,2,False,US,1.0,False,"KETER, US, INC | JOHNSON CONTROLS INTERIOR MFG., US, LLC"
EVOA,2,2,False,EVO,1.0,False,EVO TRANSPORTATION & ENERGY SERVICES INC. | EVO TRANSPORTATION
EYE,2,2,False,NATIONAL,1.0,False,"NATIONAL VISION, INC. (OPERATING WALMART VISION CARE) | NATIONAL VISION, INC."
FAST,2,2,True,FAST,0.5,False,FAST | FASTENAL
FLWS,2,2,False,COM,1.0,False,"1-800-FLOWERS.COM, INC. | 1-800 FLOWERS.COM"
FSLY,2,2,True,FASTLY,1.0,False,"FASTLY | FASTLY, INC."
GDRX,2,2,True,GOODRX,1.0,False,"GOODRX | GOODRX, INC."
GEN,2,2,False,DIGITAL,0.5,False,GE DIGITAL | GENESIS HEALTHCARE
GLOBALLOG.BO,2,2,False,OCEAN,1.0,False,"OCEAN LOGISTICS | OCEAN LOGISTICS, LLC"
GOGY,2,2,True,GRAIL,1.0,False,"GRAIL | GRAIL, INC."
GOTO.JK,2,2,True,GOTO,0.5,False,GOTO | GOJEK
GPN,2,2,False,GLOBAL,1.0,False,"GLOBAL PAYMENTS INC. | GLOBAL PAYMENTS, INC."
GRAMZZX,2,2,True,GRAMMARLY,1.0,False,"GRAMMARLY | GRAMMARLY, INC."
HAE,2,2,False,HAEMONETICS,1.0,False,HAEMONETICS CORPORATION | HAEMONETICS
HHS,2,2,False,HANKS,1.0,False,HARTE-HANKS | HARTE HANKS
HLT,2,2,False,HILTON,1.0,False,"HILTON WORLDWIDE | HILTON WORLDWIDE, DESIGN & CONSTRUCTION DEPARTMENT"
HNGE,2,2,True,HINGE,1.0,False,"HINGE HEALTH | HINGE HEALTH, INC."
HUBB,2,2,False,HUBBELL,1.0,False,HUBBELL INCORPORATED | HUBBELL
IDMEZZX,2,2,True,ME,1.0,False,"ID.ME | ID.ME, INC."
IFF,2,2,False,FRAGRANCES,1.0,False,"INTERNATIONAL FLAVORS & FRAGRANCES | INTERNATIONAL FLAVORS & FRAGRANCES, INC."
IPSC,2,2,True,CENTURY,1.0,False,"CENTURY THERAPEU... | CENTURY THERAPEUTICS, LLC"
ITRI,2,2,False,ITRON,1.0,False,ITRON INC. | ITRON
JELD,2,2,False,JELD,1.0,False,"JELD-WEN | JELD-WEN, INC."
JJSF,2,2,False,SNACK,1.0,False,J & J SNACK FOODS | J & J SNACK FOODS CORP
JLL,2,2,False,LANG,0.5,False,JONES LANG LASALLE | JLL
JUNIPER.BO,2,2,True,JUNIPER,1.0,False,"JUNIPER | CURIO EMPLOYER LLC, JUNIPER HOTEL"
KRZ.DU,2,2,False,KERRY,1.0,False,"KERRY, INC. | KERRY"
KVUE,2,2,False,KENVUE,1.0,False,KENVUE | KENVUE INC.
LKI-USD,2,2,False,LAIKA,1.0,False,"LAIKA | LAIKA, LLC"
LM5G.MU,2,2,False,VENEER,0.5,False,"INTERNATION TIMBER AND VENEER, L.C. | JACOBSON STAFFING COMPANY, L.C."
LSF,2,2,False,LAIRD,1.0,False,"LAIRD SUPERFOOD, INC | LAIRD"
LXRX,2,2,True,LEX,0.5,False,"LEX | LEXICON PHARMACEUTICALS, INC."
MANH,2,2,False,MANHATTAN,1.0,False,"MOSAIC SALES SOLUTIONS US OPERATING CO., LLC (AT SAMSUNG STORE #837, MANHATTAN) | THE COLLEGE OF NEW ROCHELLE - DC-37 CAMPUS, MANHATTAN"
MDIA3.SA,2,2,False,MARSHAL,0.5,False,"MARSHAL S. FRUMIN, M.D. | MARK FORMER, M.D., P.C. AND MARK FROMER LLC 6 NYC LOCATIONS"
MEI,2,2,False,METHODE,1.0,False,"METHODE ELECTRONICS, INC. DBA DABIR SURFACES, INC. | METHODE ELECTRONICS, INC."
MMSI,2,2,False,SYSTEMS,1.0,False,"MERIT MEDICAL SYSTEMS, INC. | MERIT MEDICAL SYSTEMS INC."
MOOVE-USD,2,2,True,MOOV,0.5,False,MOOV | MOOVE
MPH-USD,2,2,False,MORPHE,1.0,False,"MORPHE,LLC | MORPHE, LLC"
MTD,2,2,False,SPEED,0.5,False,"METTLER-TOLEDO, LLC HI-SPEED DIVISION | MTD"
MVIS,2,2,True,MICROVISION,1.0,False,"MICROVISION | MICROVISION, INC."
MX,2,2,True,MX,0.5,False,MX | MAGNA
NOMD,2,2,True,NOMAD,1.0,False,"NOMAD | THE JAMES NEW YORK, NOMAD"
NTNX,2,2,True,NUTANIX,1.0,False,NUTANIX | NUTANIX INC.
OSW,2,2,False,ONESPAWORLD,1.0,False,ONESPAWORLD* | ONESPAWORLD
PAG,2,2,False,PENSKE,1.0,False,"PENSKE AUTOMOTIVE GROUP, INC. | PENSKE"
PBOG,2,2,False,BLUE,1.0,False,"BLUE SHIELD OF CALIFORNIA, BUILDING B | BLUE SHIELD OF CALIFORNIA - TOWN CENTER, BUILDING B"
PLUME-USD,2,2,True,PLUME,0.5,False,PLUME | PLUM
PLXS,2,2,True,PLEX,0.5,False,PLEX | PLEXUS CORP.
PPC,2,2,False,PILGRIM,1.0,False,PILGRIM'S PRIDE | PILGRIM'S
PRAA,2,2,False,PRA,1.0,False,"PORTFOLIO RECOVERY ASSOCIATES, LLC (PRA GROUP INC.) | PRA GROUP"
PRPL,2,2,False,PURPLE,1.0,False,"PURPLE INNOVATION | PURPLE INNOVATION, LLC"
PSNL,2,2,True,PERSONALIS,1.0,False,"PERSONALIS | PERSONALIS, INC."
PZZA,2,2,True,PAPA,1.0,False,PAPA | PAPA JOHNS
QSI,2,2,True,SI,0.5,False,"QUANTUM SI | QSI, INC. (TIMES SUPERMARKET)"
QVCPQ,2,2,False,QVC,1.0,False,"QVC, INC LANCASTER DISTRIBUTION CENTER (QURATE RETAIL GROUP) | QVC, INC."
RHP,2,2,False,PROPERTIES,0.5,False,"RYMAN HOSPITALITY PROPERTIES, INC. | RHP, INC. DBA GOT LIGHT"
RMBS,2,2,False,RAMBUS,1.0,False,RAMBUS INC. | RAMBUS INC
RMD,2,2,False,RESMED,1.0,False,RESMED INC. | RESMED
ROST,2,2,False,ROSS,1.0,False,"ROSS STORES, INC | ROSS STORES, INC."
SABA,2,2,False,SABA,1.0,False,"SABA | SABA, A SUBSIDIARY OF COERNERSTONE ONDEMAND"
SBSW,2,2,False,STILL,0.5,False,"STILL, LLC | SERVICE AMERICA CORPORATION, D/B/A"
SCOO,2,2,False,SPECIALTY,1.0,False,"SCHOOL SPECIALTY, LLC | SCHOOL SPECIALTY, INC."
SCOT-LBC1E.MX,2,2,False,FURNITURE,1.0,False,"LBC, LIMITED PARTNERSHIP DBA MATHIS BROTHERS FURNITURE | LBC, LIMITED PARTERNSHIP DBA MATHIS BROTHERS FURNITURE"
SNN,2,2,False,NEPHEW,1.0,False,"SMITH & NEPHEW | SMITH & NEPHEW, INC."
STEP,2,2,True,STEPSTONE,0.5,False,"STEPSTONE | STEPS, INC."
TCW.TO,2,2,False,WELL,1.0,False,"TRICAN WELL SERVICE | TRICAN WELL SERVICE, L.P."
TNM2.MU,2,2,False,TECHNICOLOR,1.0,False,"TECHNICOLOR | TECHNICOLOR, INC."
TUEMQ,2,2,False,TUESDAY,1.0,False,"TUESDAY MORNING | TUESDAY MORNING, INC."
ULTA,2,2,False,ULTA,1.0,False,"ULTA SALON, COSMETICS & FRAGRANCE, INC. DBA ULTA BEAUTY | ULTA BEAUTY"
URW.PA,2,2,False,UNIBAIL,1.0,False,UNIBAIL-RODAMCO-WESTFIELD | UNIBAIL RODAMCO WESTFIELD
VAC,2,2,False,WORLDWIDE,1.0,False,MARRIOTT VACATIONS WORLDWIDE | MARRIOTT VACATION WORLDWIDE
VRTX,2,2,False,VERTEX,1.0,False,"VERTEX PHARMACEUTICALS | VERTEX, INC."
WRBY,2,2,True,WARBY,0.5,False,WARBY PARKER | PARK INC.
Z0Y.SG,2,2,False,ENGINEERING,1.0,False,JACOB ENGINEERING | JACOBS ENGINEERING
ZAJCFX,2,2,False,GOAT,1.0,False,"1661, INC. DBA GOAT AND FLIGHT CLUB NEW YORK, LLC | 1661, INC. DBA GOAT"
ZALNPX,2,2,False,1320,1.0,False,"NBCUNIVERSAL (BLDGS. 1280, 1320, 1360, AND 4250) | NBCUNIVERSAL MEDIA (BLDGS. 1280, 1320, 1360, AND 4250)"
ZIM,2,2,True,INTEGRATE,0.5,False,INTEGRATE | INTEGRA
ZINPSX,2,2,False,FISH,0.5,False,"FISH MARKET RESTAURANTS, INC. INC. | SUIT SUPPLY MIAMI BEACH, INC. INC."
ZTS,2,2,True,ZOE,0.5,False,"ZOE | ZOETIS, INC."
^ABQX,2,2,True,COMMUNITY,1.0,False,COMMUNITY | COMMUNITY BANK
^KVR,2,2,True,REALI,1.0,False,"REALI | REALI, INC."
^SUNIDX,2,2,False,GLOBAL,1.0,False,"GLOBAL SOLAR | GLOBAL SOLAR ENERGY, INC."
AMZN,1,90,True,AMAZON,1.0,False,AMAZON
CARHZZX,1,58,True,CARBON,1.0,False,CARBON HEALTH
ARMK,1,55,False,ARAMARK,1.0,False,ARAMARK
PMT-PA,1,39,False,PENNYMAC,1.0,False,PENNYMAC
^DJUSBK,1,35,False,BANK,1.0,False,U.S. BANK
PET.TO,1,32,False,PET,1.0,False,"PET VALU, INC."
BBY,1,30,False,BUY,1.0,False,BEST BUY
MET,1,27,False,METLIFE,1.0,False,METLIFE
688605.SS,1,26,False,SPRINT,1.0,False,SPRINT
ACM,1,26,False,AECOM,1.0,False,AECOM
2956.HK,1,22,False,RTS,1.0,False,RTS
LDOS,1,22,False,LEIDOS,1.0,False,LEIDOS
PCG-PH,1,22,False,PACIFIC,1.0,False,PACIFIC GAS AND ELECTRIC COMPANY
LII,1,20,False,LENNOX,1.0,False,LENNOX
R,1,20,False,RYDER,1.0,False,RYDER
STE,1,20,False,STERIS,1.0,False,STERIS CORPORATION
SRN.XA,1,18,False,SUREFIRE,1.0,False,"SUREFIRE, LLC"
CVX,1,16,False,CHEVRON,1.0,False,CHEVRON
HSBC,1,16,False,HSBC,1.0,False,HSBC
HWM,1,16,False,HOWMET,1.0,False,HOWMET AEROSPACE
BPI,1,15,False,BRIDGEPOINT,1.0,False,"BRIDGEPOINT EDUCATION, INC."
PSON.L,1,15,False,PEARSON,1.0,False,PEARSON
VZ,1,15,False,VERIZON,1.0,False,VERIZON
GNK,1,14,False,GENCO,1.0,False,GENCO
SIE.DE,1,14,False,SIEMENS,1.0,False,SIEMENS
XOM,1,14,False,MOBIL,1.0,False,EXXON MOBIL CORPORATION
CAI,1,13,False,CAI,1.0,False,CAI
PCG,1,13,False,PACIFIC,1.0,False,PACIFIC GAS & ELECTRIC
BANC,1,12,False,BANC,1.0,False,"BANC OF CALIFORNIA, N.A."
CRC,1,12,False,RESOURCES,1.0,False,CALIFORNIA RESOURCES CORPORATION
LIFE,1,12,False,TECHNOLOGIES,1.0,False,LIFE TECHNOLOGIES
ORCL,1,12,True,ORACLE,1.0,False,ORACLE
STFBX,1,12,False,FARM,1.0,False,STATE FARM
BE,1,11,False,BLOOM,1.0,False,BLOOM ENERGY CORPORATION
CALY,1,11,False,CALLAWAY,1.0,False,CALLAWAY GOLF COMPANY
ELXA.F,1,11,False,ELECTROLUX,1.0,False,ELECTROLUX
JEM.MU,1,11,False,MARTIN,1.0,False,MARTIN'S
RTX,1,11,False,RTX,1.0,False,RTX
AATKRXX,1,10,False,WEST,1.0,False,BANK OF THE WEST
ACN,1,10,False,ACCENTURE,1.0,False,ACCENTURE
CMCO,1,10,False,COLUMBUS,1.0,False,COLUMBUS MCKINNON CORPORATION
HAL,1,10,False,HALLIBURTON,1.0,False,HALLIBURTON
STM,1,10,False,STMICROELECTRONICS,1.0,False,"STMICROELECTRONICS, INC."
TEL,1,10,False,CONNECTIVITY,1.0,False,TE CONNECTIVITY
ASY.L,1,9,False,SYKES,1.0,False,SYKES
GD,1,9,False,GENERAL,1.0,False,GENERAL DYNAMICS
HTZ,1,9,False,HERTZ,1.0,False,HERTZ
OC,1,9,False,OWENS,1.0,False,OWENS CORNING
SDSCX,1,9,False,BNY,1.0,False,BNY MELLON
UNH,1,9,False,UNITEDHEALTH,1.0,False,UNITEDHEALTH GROUP
VSEC,1,9,False,VSE,1.0,False,VSE CORPORATION
6K5.F,1,8,False,BEACHBODY,1.0,False,"BEACHBODY, LLC"
AHQ.F,1,8,False,WOODMARK,1.0,False,AMERICAN WOODMARK CORPORATION
CSC=F,1,8,False,CSC,1.0,False,CSC
DD,1,8,False,DUPONT,1.0,False,DUPONT
DE000A3CLJ96.SG,1,8,False,BANK,1.0,False,US BANK
LH,1,8,False,LABCORP,1.0,False,LABCORP
MHK,1,8,False,MOHAWK,1.0,False,MOHAWK INDUSTRIES
PAEEM.PA,1,8,False,PAE,1.0,False,PAE
PFG,1,8,False,PRINCIPAL,1.0,False,PRINCIPAL FINANCIAL GROUP
SHOP,1,8,True,SHOPIFY,1.0,False,SHOPIFY
SPOT,1,8,True,SPOTIFY,1.0,False,SPOTIFY
002449.SZ,1,7,False,NATIONSTAR,1.0,False,NATIONSTAR
BELKA39917-USD,1,7,False,BELK,1.0,False,BELK
CHGG,1,7,True,CHEGG,1.0,False,CHEGG
DE000SL0FPQ7.SG,1,7,False,LIST,1.0,False,"A-LIST, INC. & H-LIST INC. DBA KITSON"
FH21.F,1,7,False,MORTGAGE,1.0,False,MORTGAGE BANK
HONAV,1,7,False,HONEYWELL,1.0,False,HONEYWELL AEROSPACE
PSX,1,7,False,66,1.0,False,PHILLIPS 66
SPY,1,7,False,WKS,1.0,False,"WKS/RESIDENTIAL RESOURCES OF THE EMPIRE, STATE, INC."
TNM2.DU,1,7,False,TECHNICOLOR,1.0,False,TECHNICOLOR
U,1,7,True,UNITY,1.0,False,UNITY
URSP,1,7,False,URS,1.0,False,URS
WOR,1,7,False,WORTHINGTON,1.0,False,WORTHINGTON INDUSTRIES
001318.SZ,1,6,False,DAIRY,1.0,False,SUNSHINE DAIRY
CVNA,1,6,True,CARVANA,1.0,False,CARVANA
DE000SL0BJN6.SG,1,6,True,LOFT,1.0,False,LOFT
DMSI,1,6,False,DMSI,1.0,False,DMSI
EBS,1,6,False,BIOSOLUTIONS,1.0,False,"EMERGENT BIOSOLUTIONS, INC."
FDX,1,6,False,FEDEX,1.0,False,FEDEX
GAF8.MU,1,6,False,GAF,1.0,False,GAF
GOBRZZX,1,6,True,GOPUFF,1.0,False,GOPUFF
IFX.DE,1,6,True,INFINEON,1.0,False,INFINEON
IR,1,6,False,RAND,1.0,False,INGERSOLL RAND
MUIFX,1,6,False,NATIONWIDE,1.0,False,NATIONWIDE
NVS,1,6,False,NOVARTIS,1.0,False,NOVARTIS
PLTK,1,6,True,PLAYTIKA,1.0,False,PLAYTIKA
SOND.SW,1,6,True,SONDER,1.0,False,SONDER
SONO,1,6,True,SONOS,1.0,False,SONOS
SWIGGY.NS,1,6,True,SWIGGY,1.0,False,SWIGGY
TEP.PA,1,6,False,TELEPERFORMANCE,1.0,False,TELEPERFORMANCE
TTEC,1,6,False,TTEC,1.0,False,TTEC
WEWORK.BO,1,6,True,WEWORK,1.0,False,WEWORK
2UH0.F,1,5,True,2U,1.0,False,2U
6723.T,1,5,False,RENESAS,1.0,False,RENESAS ELECTRONICS CORPORATION
AFIB,1,5,False,ACUTUS,1.0,False,"ACUTUS MEDICAL, INC."
ARVLF,1,5,True,ARRIVAL,1.0,False,ARRIVAL
CDCETH-USD,1,5,True,COM,1.0,False,CRYPTO.COM
CNM,1,5,False,COVID19,1.0,False,"CORE & MAIN, LP COVID19"
CXM,1,5,True,SPRINKLR,1.0,False,SPRINKLR
DELL,1,5,True,DELL,1.0,False,DELL
DUK,1,5,False,DUKE,1.0,False,DUKE ENERGY
FRSH,1,5,True,FRESHWORKS,1.0,False,FRESHWORKS
GEMI,1,5,True,GEMINI,1.0,False,GEMINI
GERN,1,5,False,GERON,1.0,False,GERON CORPORATION
HERO,1,5,False,HERCULES,1.0,False,HERCULES OFFSHORE
HII,1,5,False,HUNTINGTON,1.0,False,HUNTINGTON INGALLS
IFSPF,1,5,False,INTERFOR,1.0,False,INTERFOR
IPRO.RO,1,5,False,IPRO,1.0,False,IPRO
IRM,1,5,False,MOUNTAIN,1.0,False,IRON MOUNTAIN
LTCH,1,5,True,LATCH,1.0,False,LATCH
MDLZ,1,5,False,MONDELEZ,1.0,False,MONDELEZ INTERNATIONAL
OLA.TO,1,5,True,OLA,1.0,False,OLA
OUTHZZX,1,5,True,OUTREACH,1.0,False,OUTREACH
OYOCF,1,5,True,OYO,1.0,False,OYO
PKG,1,5,False,PACKAGING,1.0,False,PACKAGING CORPORATION OF AMERICA
REDWX,1,5,False,ASPIRATION,1.0,False,ASPIRATION
RLRE.TA,1,5,False,LEVY,1.0,False,LEVY
RVTY,1,5,False,REVVITY,1.0,False,"REVVITY, INC."
SAP,1,5,True,SAP,1.0,False,SAP
SRU-UN.TO,1,5,False,SMART,1.0,False,SMART
STRO,1,5,False,BIOPHARMA,1.0,False,"SUTRO BIOPHARMA, INC."
SYM.HM,1,5,False,NORTONLIFELOCK,1.0,False,NORTONLIFELOCK INC.
TIL,1,5,False,INSTIL,1.0,False,"INSTIL BIO, INC."
UNP,1,5,False,PACIFIC,1.0,False,UNION PACIFIC
VRM,1,5,True,VROOM,1.0,False,VROOM
WM,1,5,False,WASTE,1.0,False,WASTE MANAGEMENT
XRAY,1,5,False,SIRONA,1.0,False,DENTSPLY SIRONA
XUSIN_CFNNTLTL.IS,1,5,True,GETIR,1.0,False,GETIR
0992.HK,1,4,True,LENOVO,1.0,False,LENOVO
0P0000VUBO.TO,1,4,False,CDS,1.0,False,CDS GLOBAL
0P0000X8PD.F,1,4,True,STRIPE,1.0,False,STRIPE
0P0001NSL4.F,1,4,False,VALUE,1.0,False,TRUE VALUE
2495.HK,1,4,True,VOI,1.0,False,VOI
6890.T,1,4,False,FERRO,1.0,False,FERRO CORPORATION
7314.T,1,4,True,ODA,1.0,False,ODA
AC.TO,1,4,False,AIR,1.0,False,AIR CANADA
ACPRHXX,1,4,False,WELLS,1.0,False,WELLS FARGO BANK N.A.
AMCR,1,4,False,AMCOR,1.0,False,AMCOR
APD,1,4,False,AIR,1.0,False,"AIR PRODUCTS AND CHEMICALS, INC."
BARC.L,1,4,False,BARCLAYS,1.0,False,BARCLAYS
BGISX,1,4,False,BGIS,1.0,False,BGIS
BIO,1,4,False,BIO,1.0,False,"BIO-RAD LABORATORIES, INC."
BKV.SI,1,4,True,ORCHARD,1.0,False,ORCHARD
BYND,1,4,True,MEAT,1.0,False,BEYOND MEAT
CENX,1,4,False,ALUMINUM,1.0,False,CENTURY ALUMINUM
CLW,1,4,False,PAPER,1.0,False,CLEARWATER PAPER
CMSQY,1,4,False,COMPUTERSHARE,1.0,False,COMPUTERSHARE
COIN,1,4,True,COINBASE,1.0,False,COINBASE
CPRT,1,4,False,COPART,1.0,False,COPART
CPS,1,4,False,COOPER,1.0,False,COOPER STANDARD
DATRZZX,1,4,True,DATAROBOT,1.0,False,DATAROBOT
DBM.TO,1,4,True,DOMA,1.0,False,DOMA
FOUR,1,4,True,SHIFT,1.0,False,SHIFT
FUN,1,4,False,ENTERTAINMENT,1.0,False,SIX FLAGS ENTERTAINMENT CORPORATION
FX3.F,1,4,False,FLEXSTEEL,1.0,False,"FLEXSTEEL INDUSTRIES, INC."
GETR,1,4,True,GETAROUND,1.0,False,GETAROUND
GME,1,4,False,GAMESTOP,1.0,False,GAMESTOP
GPK,1,4,False,GRAPHIC,1.0,False,GRAPHIC PACKAGING
HCI,1,4,False,HCI,1.0,False,"HCI, LLC"
IBEX,1,4,False,IBEX,1.0,False,IBEX
ING,1,4,False,ING,1.0,False,ING
IUSD22989-USD,1,4,True,INDIGO,1.0,False,INDIGO
KEGX,1,4,False,KEY,1.0,False,"KEY ENERGY SERVICES, LLC"
KOA.OL,1,4,False,KONGSBERG,1.0,False,KONGSBERG AUTOMOTIVE
KZIA,1,4,False,LIMITED,1.0,False,THE LIMITED
LOOP,1,4,True,LOOP,1.0,False,LOOP
MASI,1,4,False,MASIMO,1.0,False,MASIMO CORPORATION
MEESHO.NS,1,4,True,MEESHO,1.0,False,MEESHO
MS,1,4,False,MORGAN,1.0,False,MORGAN STANLEY
NOOMZZX,1,4,True,NOOM,1.0,False,NOOM
PFIX,1,4,True,SIMPL,1.0,False,SIMPL
PTREZZX,1,4,True,PATREON,1.0,False,PATREON
SEDG,1,4,True,SOLAREDGE,1.0,False,SOLAREDGE
SNBR,1,4,False,SLEEP,1.0,False,SLEEP NUMBER
STASH31420-USD,1,4,True,STASH,1.0,False,STASH
STX,1,4,True,SEAGATE,1.0,False,SEAGATE
UKGBBZ.XC,1,4,True,UKG,1.0,False,UKG
UMBF,1,4,False,UMB,1.0,False,UMB
UMGNF,1,4,False,UNIVERSAL,1.0,False,UNIVERSAL MUSIC GROUP
US6757466064.SG,1,4,False,OCWEN,1.0,False,OCWEN
VERBZZX,1,4,True,VERBIT,1.0,False,VERBIT
VLTSAP.XC,1,4,True,VOLTA,1.0,False,VOLTA
VRSN,1,4,False,VERISIGN,1.0,False,VERISIGN
WBB31497-USD,1,4,True,BOUNCE,1.0,False,BOUNCE
0M5.HA,1,3,True,COM,1.0,False,BILL.COM
0P000198RO.T,1,3,False,DAI,1.0,False,"DAI GLOBAL, LLC"
0P0001A1SR,1,3,True,CARTA,1.0,False,CARTA
0P0001F2HF.L,1,3,False,ACS,1.0,False,"ACS, LLC"
0P0001HFBQ.TO,1,3,False,PACIFIC,1.0,False,"THE GREAT ATLANTIC & PACIFIC TEA COMPANY, INC. (A&P)"
1597.TW,1,3,True,CHIEF,1.0,False,CHIEF
1ID.SG,1,3,False,LOGISTICS,1.0,False,ID LOGISTICS
299170.KQ,1,3,False,WSI,1.0,False,WSI
3224.T,1,3,True,OYSTER,1.0,False,OYSTER
36S.F,1,3,True,OLIVE,1.0,False,OLIVE
4263.SR,1,3,False,LOGISTICS,1.0,False,"LOGISTICS SERVICES, INC."
563320.SS,1,3,False,AVIATION,1.0,False,GE AVIATION
6785.T,1,3,False,SUZUKI,1.0,False,SUZUKI
6NR.F,1,3,True,FINDER,1.0,False,FINDER
852.SG,1,3,True,OUTBRAIN,1.0,False,OUTBRAIN
9377.KL,1,3,False,FSB,1.0,False,"ONEWEST BANK, FSB"
AAP,1,3,False,ADVANCE,1.0,False,ADVANCE AUTO PARTS
AARPLXX,1,3,False,AARP,1.0,False,AARP
ABNB,1,3,True,AIRBNB,1.0,False,AIRBNB
AGCO,1,3,False,AGCO,1.0,False,AGCO CORPORATION
ARSEF,1,3,False,ALTA,1.0,False,ALTA RESOURCES
AWAY,1,3,True,AWAY,1.0,False,AWAY
BAH.VI,1,3,False,HOME,1.0,False,AT HOME
BAS.DE,1,3,False,BASF,1.0,False,BASF
BAYN.DE,1,3,False,BAYER,1.0,False,BAYER
BBSOL-USD,1,3,True,BYBIT,1.0,False,BYBIT
BI1.DU,1,3,True,BIGCOMMERCE,1.0,False,BIGCOMMERCE
BIRD,1,3,True,BIRD,1.0,False,BIRD
BOF,1,3,True,BRANCH,1.0,False,BRANCH
C06.SI,1,3,False,CSC,1.0,False,"CSC HOLDINGS, LLC"
CBFOZZX,1,3,True,C2FO,1.0,False,C2FO
CIRLZZX,1,3,True,CIRCLECI,1.0,False,CIRCLECI
CLVT,1,3,True,CLARI,1.0,False,CLARI
CM9.MU,1,3,False,COMMSCOPE,1.0,False,COMMSCOPE
CON.DE,1,3,False,CONTINENTAL,1.0,False,CONTINENTAL
CORP,1,3,False,WORLD,1.0,False,"OMNIPLEX WORLD SERVICES, CORP"
COVANCE.BO,1,3,False,COVANCE,1.0,False,COVANCE
CRB.XA,1,3,False,CARBINE,1.0,False,"CARBINE, LLC"
CZOOF,1,3,True,CAZOO,1.0,False,CAZOO
DOCU,1,3,True,DOCUSIGN,1.0,False,DOCUSIGN
DOX,1,3,True,AMDOCS,1.0,False,AMDOCS
EAF,1,3,False,GRAFTECH,1.0,False,GRAFTECH INTERNATIONAL
EXPN.L,1,3,False,EXPERIAN,1.0,False,EXPERIAN
FAURY,1,3,False,FAURECIA,1.0,False,FAURECIA
FBAK,1,3,False,NATIONAL,1.0,False,FIRST NATIONAL BANK
FXM.TO,1,3,False,CDA,1.0,False,"CDA, INC."
G2Y.F,1,3,True,G2,1.0,False,G2
GENUSPOWER.NS,1,3,False,POWER,1.0,False,GE POWER
GRIN,1,3,True,GRIN,1.0,False,GRIN
GUPHZZX,1,3,True,GUPSHUP,1.0,False,GUPSHUP
HAT35075-USD,1,3,True,TOP,1.0,False,TOP HAT
HDSN,1,3,False,HUDSON,1.0,False,HUDSON
KLTR,1,3,True,KALTURA,1.0,False,KALTURA
KPRX,1,3,False,KIOR,1.0,False,"KIOR, INC."
KTN.V,1,3,True,KOO,1.0,False,KOO
LEE,1,3,False,LEE,1.0,False,LEE ENTERPRISES
LSCC,1,3,True,LATTICE,1.0,False,LATTICE
LSPD,1,3,True,COM,1.0,False,LIGHTSPEED COM...
MCHP,1,3,False,MICROCHIP,1.0,False,MICROCHIP
MDLN,1,3,False,MEDLINE,1.0,False,MEDLINE
MMF21370-USD,1,3,True,POLYGON,1.0,False,POLYGON
MPAA,1,3,False,PARTS,1.0,False,"MOTORCAR PARTS OF AMERICA, INC."
MTCH,1,3,True,MATCH,1.0,False,MATCH GROUP
N269H.NX,1,3,True,N26,1.0,False,N26
NEON,1,3,True,NEON,1.0,False,NEON
NIKO-USD,1,3,True,NIKOLA,1.0,False,NIKOLA
NKTR,1,3,False,THERAPEUTICS,1.0,False,NEKTAR THERAPEUTICS
NWPX,1,3,False,PIPE,1.0,False,NORTHWEST PIPE COMPANY
OEMA.F,1,3,True,TOMTOM,1.0,False,TOMTOM
OMFREIGHT.BO,1,3,True,FORWARD,1.0,False,FORWARD
ONB,1,3,False,OLD,1.0,False,OLD NATIONAL BANCORP
PATH,1,3,True,UIPATH,1.0,False,UIPATH
PAYTM.NS,1,3,True,PAYTM,1.0,False,PAYTM
PNDORA.CO,1,3,False,PANDORA,1.0,False,PANDORA
POLNL.XC,1,3,True,POLLEN,1.0,False,POLLEN
PRNHX,1,3,False,HORIZONS,1.0,False,NEW HORIZONS
PROJZZX,1,3,True,PROJECT44,1.0,False,PROJECT44
PRY.MI,1,3,False,PRYSM,1.0,False,"PRYSM, INC."
PSKY,1,3,False,PARAMOUNT,1.0,False,PARAMOUNT SKYDANCE CORPORATION
PSSIX,1,3,False,PSSI,1.0,False,PSSI
QEPC,1,3,False,,0.0,False,"Q.E.P. CO., INC."
REAL,1,3,True,REALREAL,1.0,False,THE REALREAL
REPL,1,3,False,REPLIMUNE,1.0,False,"REPLIMUNE, INC."
RJ1.F,1,3,False,VERTIS,1.0,False,"VERTIS, INC."
SCHL,1,3,False,SCHOLASTIC,1.0,False,SCHOLASTIC
SENEA,1,3,False,SENECA,1.0,False,SENECA FOODS CORPORATION
SKLZ,1,3,True,SKILLZ,1.0,False,SKILLZ
SKYA-USD,1,3,True,MULTIVERSE,1.0,False,MULTIVERSE
SLSFZZX,1,3,True,SALSIFY,1.0,False,SALSIFY
SNYKZZX,1,3,True,SNYK,1.0,False,SNYK
SOFI,1,3,True,SOFI,1.0,False,SOFI
SOLARWORLD.BO,1,3,False,SOLARWORLD,1.0,False,SOLARWORLD
SRNE,1,3,False,THERAPEUTICS,1.0,False,"SORRENTO THERAPEUTICS, INC."
ST,1,3,False,SENSATA,1.0,False,SENSATA TECHNOLOGIES
STOCZZX,1,3,True,STOCKX,1.0,False,STOCKX
STORY-B.ST,1,3,True,STORYTEL,1.0,False,STORYTEL
STZ,1,3,False,CONSTELLATION,1.0,False,"CONSTELLATION BRANDS, INC."
SYNA,1,3,False,SYNAPTICS,1.0,False,SYNAPTICS INCORPORATED
TALKZZX,1,3,True,TALKDESK,1.0,False,TALKDESK
TANAA.BO,1,3,False,AEROSPACE,1.0,False,TA AEROSPACE
TASK,1,3,True,TASKUS,1.0,False,TASKUS
TD-PFA.TO,1,3,False,TD,1.0,False,TD BANK
THNC.TO,1,3,True,THINKIFIC,1.0,False,THINKIFIC
TIMETECHNO.NS,1,3,False,TIMET,1.0,False,TIMET
TKA.DE,1,3,False,THYSSENKRUPP,1.0,False,THYSSENKRUPP
TRAX,1,3,True,TRAX,1.0,False,TRAX
TSPACEX-USD,1,3,True,TESSERA,1.0,False,TESSERA
UEFZ.DU,1,3,False,COLONIAL,1.0,False,"COLONIAL SAVINGS, F.A."
UL,1,3,False,UNILEVER,1.0,False,UNILEVER
USAI,1,3,False,AMERICAN,1.0,False,PACE AMERICAN
VSXY,1,3,False,SECRET,1.0,False,VICTORIA'S SECRET
W8R.F,1,3,False,LOGISTICS,1.0,False,"APL LOGISTICS, LTD."
WFRD,1,3,False,WEATHERFORD,1.0,False,WEATHERFORD
WIP,1,3,False,FTS,1.0,False,FTS INTERNATIONAL
WISH.V,1,3,True,WISH,1.0,False,WISH
YPF,1,3,False,YP,1.0,False,"YP, LLC"
YSN.F,1,3,False,SECURITY,1.0,False,"SECURITY NETWORKS, LLC"
Z88.F,1,3,True,CAMEO,1.0,False,CAMEO
^BUKHI50P,1,3,True,BREX,1.0,False,BREX
000065.SZ,1,2,True,NORI,1.0,False,NORI
001560.KS,1,2,True,WHEEL,1.0,False,WHEEL
002058.SZ,1,2,True,WELLTECH,1.0,False,WELLTECH
0700.HK,1,2,True,TENCENT,1.0,False,TENCENT
0888.HK,1,2,True,BLOCKFI,1.0,False,BLOCKFI
0HCR.L,1,2,False,DATA,1.0,False,"ALLIANCE DATA SYSTEMS, INC. (ALLIANCE DATA CARD SERVICES)"
0P00000L8J.ST,1,2,False,IDEEL,1.0,False,"IDEEL, INC."
0P0000XHCX.L,1,2,False,GENERAL,1.0,False,AM GENERAL
0P00013DWM.F,1,2,False,ROC,1.0,False,T-ROC
0P00013MJG,1,2,True,IAC,1.0,False,IAC
0P00015BYQ.BO,1,2,True,MEDIUM,1.0,False,MEDIUM
0P00017QOM.SA,1,2,True,BONSAI,1.0,False,BONSAI
0P00019IOT,1,2,False,DRT,1.0,False,"DRT, LLC"
0P0001AHQB.SI,1,2,False,RHD,1.0,False,RHD
0P0001FG58.TO,1,2,False,COSMAX,1.0,False,"COSMAX NBT USA, INC #1"
0P0001HPJB.L,1,2,False,PROVIDENCE,1.0,False,PROVIDENCE
0P0001J1F5.F,1,2,False,MEDICAL,1.0,False,"MEDTEC, LLC DBA CQ MEDICAL"
0P0001JBXF.F,1,2,True,MIRO,1.0,False,MIRO
0P0001LDDD.SA,1,2,False,NPL,1.0,False,NPL
0P0001LIG6.F,1,2,False,MAVERIK,1.0,False,"MAVERIK, INC"
0P0001ODNP.F,1,2,False,IAC,1.0,False,"INTERNATIONAL AUTOMOTIVE COMPONENTS, IAC"
0P0001P8AO.SA,1,2,True,KAVAK,1.0,False,KAVAK
0P0001Q6X3.F,1,2,False,HEALTH,1.0,False,GROUP HEALTH
0P0001VQHM.F,1,2,True,CALIBRATE,1.0,False,CALIBRATE
15PA.DU,1,2,False,ALTICE,1.0,False,ALTICE
17W0.F,1,2,True,WISETECH,1.0,False,WISETECH
180605.SZ,1,2,True,HUAWEI,1.0,False,HUAWEI
1FG0.SG,1,2,False,FIBROGEN,1.0,False,"FIBROGEN, INC."
1R9.F,1,2,False,PLASTIQ,1.0,False,"PLASTIQ, INC."
1S90.F,1,2,False,THERAPEUTICS,1.0,False,"SERES THERAPEUTICS, INC."
2080.T,1,2,True,SIMPLE,1.0,False,SIMPLE
2305.T,1,2,True,ALICE,1.0,False,ALICE
2488.KL,1,2,False,BANK,1.0,False,ALLIANCE BANK
27756.HK,1,2,False,MANHATTAN,1.0,False,"MBPO, LLC DBA MANHATTAN BEACH POST"
300889.SZ,1,2,False,LE,1.0,False,"LE TECHNOLOGY, INC. D.B.A LE ECO"
3227.TWO,1,2,False,PIXAR,1.0,False,PIXAR
3639.T,1,2,False,VOLTA,1.0,False,VOLTA INC.
3709.TWO,1,2,True,TRIGO,1.0,False,TRIGO
3NA.MU,1,2,False,NATIONAL,1.0,False,NATIONAL EXPRESS
407A.T,1,2,True,UNICO,1.0,False,UNICO
463480.KQ,1,2,True,MOTIVE,1.0,False,MOTIVE
4712.T,1,2,False,KEYH,1.0,False,"KEYH, INC. DBA KEYES HYUNDAI"
5244.TW,1,2,True,BRIGHTE,1.0,False,BRIGHTE
55D.F,1,2,True,PODIUM,1.0,False,PODIUM
600223.SS,1,2,True,LUSHA,1.0,False,LUSHA
600372.SS,1,2,False,AIR,1.0,False,"AIR SYSTEMS, INC."
600560.SS,1,2,True,AIRTIME,1.0,False,AIRTIME
600609.SS,1,2,False,LEXUS,1.0,False,"S J AUTOMOTIVE, LLC DBA LEXUS OF STEVENS CREEK"
600855.SS,1,2,False,AEROSPACE,1.0,False,B/E AEROSPACE
603926.SS,1,2,True,CLUTCH,1.0,False,CLUTCH
6351.KL,1,2,False,AMWAY,1.0,False,AMWAY
6524.T,1,2,True,KOHO,1.0,False,KOHO
6738.TWO,1,2,False,MAYO,1.0,False,MAYO
6IRA.F,1,2,True,IRL,1.0,False,IRL
6L50.F,1,2,True,FABLE,1.0,False,FABLE
6OM.SG,1,2,False,OWENS,1.0,False,OWENS & MINOR
7230.KL,1,2,True,TOME,1.0,False,TOME
7466.T,1,2,False,SP,1.0,False,SP+ CORPORATION
7607.TWO,1,2,False,STEMCELLS,1.0,False,"STEMCELLS, INC."
8A6.DU,1,2,False,ATCO,1.0,False,ATCO
8CY.MU,1,2,False,CALIBRE,1.0,False,"CALIBRE, INC."
92J.F,1,2,True,MEGAPORT,1.0,False,MEGAPORT
9401.T,1,2,False,PORTLAND,1.0,False,"TBS, INC - PORTLAND"
95T.F,1,2,False,PET,1.0,False,PET VALU
9B5.F,1,2,True,AIRTASKER,1.0,False,AIRTASKER
A82.F,1,2,True,SOLAR,1.0,False,AURORA SOLAR
AAHWMXX,1,2,False,SACHS,1.0,False,GOLDMAN SACHS BANK USA
ABSI,1,2,True,ABSCI,1.0,False,ABSCI
ACKOQXX,1,2,True,ACKO,1.0,False,ACKO
ADA-USD,1,2,True,ADA,1.0,False,ADA
AEG,1,2,False,AEGON,1.0,False,AEGON
AGOAF,1,2,False,ABENGOA,1.0,False,ABENGOA
AHEXY,1,2,False,ADECCO,1.0,False,ADECCO GROUP
AIRTZZX,1,2,True,AIRTABLE,1.0,False,AIRTABLE
AJG,1,2,False,ARTHUR,1.0,False,"ARTHUR J, LLC DBA THE ARTHUR J"
AKAM,1,2,True,AKAMAI,1.0,False,AKAMAI
ALSN,1,2,False,REVISED,1.0,False,"ALLISON TRANSMISSION, INC. REVISED (5/21/20) REVISED (6/4/20)"
ALTRZZX,1,2,True,ALTRUIST,1.0,False,ALTRUIST
AMKBY,1,2,False,MAERSK,1.0,False,MAERSK
AMRAX,1,2,False,PROSPECT,1.0,False,"PROSPECT ENTERPRISES, INC. - AMERICAN"
AMT,1,2,False,AMERICAN,1.0,False,AMERICAN TOWER CORPORATION
ANTHEM.BO,1,2,False,ANTHEM,1.0,False,ANTHEM
ASTNZZX,1,2,True,ASTRONOMER,1.0,False,ASTRONOMER
ATEYY,1,2,False,ADVANTEST,1.0,False,"ADVANTEST, INC."
AUDC,1,2,True,AUDIOCODES,1.0,False,AUDIOCODES
AUDPHP=X,1,2,False,,0.0,False,A & P
AVAV,1,2,False,AEROVIRONMENT,1.0,False,"AEROVIRONMENT, INC."
AVNS,1,2,False,AVANOS,1.0,False,"AVANOS MEDICAL, INC."
B353.BR,1,2,True,OLO,1.0,False,OLO
B8X0.F,1,2,True,IMMUTABLE,1.0,False,IMMUTABLE
BALTO34044-USD,1,2,True,BALTO,1.0,False,BALTO
BARK,1,2,True,BARK,1.0,False,BARK
BBSN.L,1,2,True,BRAVE,1.0,False,BRAVE
BBVAGB3TNC.MX,1,2,False,BB,1.0,False,BB&T
BCC,1,2,False,BOISE,1.0,False,BOISE CASCADE COMPANY
BHARATAGRI.BO,1,2,True,BHARATAGRI,1.0,False,BHARATAGRI
BIGY.TO,1,2,True,EVOLVE,1.0,False,EVOLVE
BIMP.XD,1,2,False,BIOMERIEUX,1.0,False,"BIOMERIEUX, INC."
BKKT,1,2,True,BAKKT,1.0,False,BAKKT
BL,1,2,True,BLACKLINE,1.0,False,BLACKLINE
BMBL,1,2,True,BUMBLE,1.0,False,BUMBLE
BMEX-USD,1,2,True,BITMEX,1.0,False,BITMEX
BNE.TO,1,2,True,BONTERRA,1.0,False,BONTERRA
BOK.F,1,2,True,BOOZT,1.0,False,BOOZT
BRC,1,2,False,BRADY,1.0,False,BRADY CORPORATION
BRX,1,2,False,BRIX,1.0,False,BRIX
BTSG-USD,1,2,True,BITSO,1.0,False,BITSO
BWA,1,2,False,BORGWARNER,1.0,False,BORGWARNER
CARMZZX,1,2,True,COM,1.0,False,CART.COM
CARR,1,2,False,CARRIER,1.0,False,CARRIER
CAWW,1,2,False,CCA,1.0,False,CCA
CBCSX,1,2,False,CBCS,1.0,False,CBCS
CELH,1,2,True,CELSIUS,1.0,False,CELSIUS
CEMEX,1,2,False,CEMEX,1.0,False,CEMEX
CENTA,1,2,False,CENTRAL,1.0,False,CENTRAL GARDEN & PET
CFINRENTAS.SN,1,2,True,INMOBI,1.0,False,INMOBI
CGEO.L,1,2,False,CAPITAL,1.0,False,GE CAPITAL
CGV-USD,1,2,True,COGITO,1.0,False,COGITO
CHAAZZX,1,2,True,CHAINALYSIS,1.0,False,CHAINALYSIS
CHRD,1,2,False,CHORD,1.0,False,CHORD ENERGY
CINT,1,2,True,CINT,1.0,False,CINT
CISS,1,2,False,C3I,1.0,False,C3I
CLFD,1,2,True,CLEAR,1.0,False,CLEAR
CMGR,1,2,True,CLUBHOUSE,1.0,False,CLUBHOUSE
CNA.L,1,2,False,CENTRICA,1.0,False,CENTRICA
COHSZZX,1,2,True,COHESITY,1.0,False,COHESITY
COKE,1,2,False,COCA,1.0,False,"COCA-COLA CONSOLIDATED, INC."
COMPUSOFT.BO,1,2,False,COMPUCOM,1.0,False,COMPUCOM
CPB,1,2,False,SOUP,1.0,False,CAMPBELL SOUP COMPANY
CRLBF,1,2,False,LABS,1.0,False,CRESCO LABS
CRTO,1,2,True,CRITEO,1.0,False,CRITEO
CSPR-USD,1,2,True,CASPER,1.0,False,CASPER
CSRA.JK,1,2,False,CSRA,1.0,False,CSRA
CTS,1,2,False,CTS,1.0,False,CTS CORP.
CUE,1,2,True,CUE,1.0,False,CUE
CURV,1,2,False,TORRID,1.0,False,"TORRID, LLC"
CVR,1,2,False,CHICAGO,1.0,False,CHICAGO RIVET & MACHINE CO
CWD,1,2,False,PARTS,1.0,False,"CWD, LLC DBA CENTRIC PARTS"
CWI,1,2,False,CWI,1.0,False,"CWI, INC."
D4S.F,1,2,False,DAIICHI,1.0,False,DAIICHI SANKYO
DE000SL0G1J6.SG,1,2,True,TRADE,1.0,False,TRADE REPUBLIC
DEO,1,2,False,DIAGEO,1.0,False,DIAGEO
DHI,1,2,False,20,1.0,False,"HORTON, INC. PHASE 1, 2 (7/28/20)"
DHR,1,2,False,DANA,1.0,False,DANA CORPORATION
DIB.JO,1,2,False,PRO,1.0,False,"DI-PRO, INC."
DIL1.DU,1,2,False,VIAD,1.0,False,VIAD CORP
DISHTV.NS,1,2,False,DISH,1.0,False,DISH
DMRC,1,2,True,DIGIMARC,1.0,False,DIGIMARC
DOMO,1,2,True,DOMO,1.0,False,DOMO
DRIFT31278-USD,1,2,True,DRIFT,1.0,False,DRIFT
DRV,1,2,False,DRV,1.0,False,"DRV, LLC"
DSCRZZX,1,2,True,DISCORD,1.0,False,DISCORD
DTZ.XA,1,2,False,DTZ,1.0,False,"DTZ, INC."
DXC,1,2,False,TECHNOLOGY,1.0,False,DXC TECHNOLOGY
DXPE,1,2,False,DXP,1.0,False,DXP ENTERPRISES
EASPZZX,1,2,True,EASYPOST,1.0,False,EASYPOST
EATJZZX,1,2,True,JUST,1.0,False,EAT JUST
EC8.F,1,2,False,CONMED,1.0,False,CONMED CORPORATION
ECL,1,2,False,ECOLAB,1.0,False,ECOLAB
EMN,1,2,False,CHEMICAL,1.0,False,EASTMAN CHEMICAL COMPANY
EMP,1,2,False,UNIVERSAL,1.0,False,"UNIVERSAL DEDICATED OF DETROIT, MI LLC"
ENVX,1,2,True,ENOVIX,1.0,False,ENOVIX
EQX.TO,1,2,False,EQUINOX,1.0,False,EQUINOX
ESE,1,2,False,ESCO,1.0,False,ESCO
ESGE,1,2,True,AWARE,1.0,False,AWARE
ESPR,1,2,True,ESPER,1.0,False,ESPER
ETOR,1,2,True,ETORO,1.0,False,ETORO
ETR,1,2,False,ENTERGY,1.0,False,ENTERGY
ETS,1,2,False,ETS,1.0,False,ETS
EVH,1,2,False,HEALTH,1.0,False,EVOLENT HEALTH
EXTR,1,2,False,NETWORKS,1.0,False,"EXTREME NETWORKS, INC."
F73.F,1,2,True,MOSS,1.0,False,MOSS
FA,1,2,False,FIRST,1.0,False,FIRST ADVANTAGE
FABC,1,2,True,FABRIC,1.0,False,FABRIC
FCH.L,1,2,True,FUNDING,1.0,False,FUNDING CIRCLE
FLS.CO,1,2,False,FLSMIDTH,1.0,False,FLSMIDTH
FLYW,1,2,True,FLYWIRE,1.0,False,FLYWIRE
FOURZZX,1,2,True,FOURKITES,1.0,False,FOURKITES
FRT39164-USD,1,2,True,FORTO,1.0,False,FORTO
FTI,1,2,False,TECHNIPFMC,1.0,False,TECHNIPFMC
FUSE,1,2,False,MSG,1.0,False,"FUSE, MSG HOLDINGS, L.P."
FVRR,1,2,True,FIVERR,1.0,False,FIVERR
FWRD,1,2,False,AIR,1.0,False,"FORWARD AIR, INC."
GDC,1,2,False,GDC,1.0,False,"GDC, INC."
GEM,1,2,True,GEM,1.0,False,GEM
GIL,1,2,False,GILDAN,1.0,False,GILDAN
GLAXO.NS,1,2,False,GLAXOSMITHKLINE,1.0,False,GLAXOSMITHKLINE
GLW,1,2,False,CORNING,1.0,False,CORNING INCORPORATED
GOG-USD,1,2,True,GUILD,1.0,False,GUILD
GRAB,1,2,True,GRAB,1.0,False,GRAB
GSK,1,2,False,GSK,1.0,False,GSK PLC.
GTM,1,2,True,ZOOMINFO,1.0,False,ZOOMINFO
GTNINDS.BO,1,2,False,INDUSTRIES,1.0,False,"GT INDUSTRIES, INC."
GWAYF,1,2,True,GREENHOUSE,1.0,False,GREENHOUSE
HEAT.CN,1,2,False,HILLCREST,1.0,False,HILLCREST
HFG.F,1,2,True,HELLOFRESH,1.0,False,HELLOFRESH
HGS.NS,1,2,False,HGS,1.0,False,HGS
HIGHZZX,1,2,True,HIGHSPOT,1.0,False,HIGHSPOT
HNS-USD,1,2,True,HANDSHAKE,1.0,False,HANDSHAKE
HRL,1,2,False,HORMEL,1.0,False,HORMEL FOODS CORPORATION
HT-USD,1,2,True,HUOBI,1.0,False,HUOBI
HUBS,1,2,True,HUBSPOT,1.0,False,HUBSPOT
IART,1,2,False,INTEGRA,1.0,False,INTEGRA LIFESCIENCES
IBBP11.SA,1,2,False,INVISTA,1.0,False,INVISTA
ICFI,1,2,False,ICF,1.0,False,"ICF INTERNATIONAL, INC., THROUGH ITS SUBSIDIARIES ICF INCORPORATED, LLC, ICF MACRO, INC."
ICON,1,2,True,ICON,1.0,False,ICON
IDR,1,2,False,STRATEGIC,1.0,False,STRATEGIC RESOURCES INC.
IGTI4.SA,1,2,False,IGT,1.0,False,IGT
INVZ,1,2,True,INNOVIZ,1.0,False,INNOVIZ
IOVCZZX,1,2,True,INNOVACCER,1.0,False,INNOVACCER
J,1,2,False,JACOBS,1.0,False,JACOBS
JALAN-SM.NS,1,2,False,JAL,1.0,False,"JAL TRANS, INC."
JAMFX,1,2,True,JAMF,1.0,False,JAMF
JO1.F,1,2,False,SON,1.0,False,"JOHN B. SANFILIPPO & SON, INC."
KANDZZX,1,2,True,KANDJI,1.0,False,KANDJI
KLAR,1,2,True,KLARNA,1.0,False,KLARNA
KMON-USD,1,2,True,KRY,1.0,False,KRY
KRT,1,2,True,KARAT,1.0,False,KARAT
KVYO,1,2,True,KLAVIYO,1.0,False,KLAVIYO
LAW,1,2,True,DISCO,1.0,False,CS DISCO
LCU.SI,1,2,False,CARBON,1.0,False,"CARBON, INC."
LEAD,1,2,True,LEAD,1.0,False,LEAD
LEVE3.SA,1,2,False,MAHLE,1.0,False,MAHLE
LIF,1,2,True,LIFE360,1.0,False,LIFE360
LNWO,1,2,True,WONDER,1.0,False,WONDER
LPSN,1,2,True,LIVEPERSON,1.0,False,LIVEPERSON
LSGRX,1,2,True,LOOM,1.0,False,LOOM
MAJJ,1,2,False,ANTHONY,1.0,False,"ANTHONY, INC."
MALWZZX,1,2,True,MALWAREBYTES,1.0,False,MALWAREBYTES
MAN,1,2,False,MANPOWERGROUP,1.0,False,MANPOWERGROUP
MAPBZZX,1,2,True,MAPBOX,1.0,False,MAPBOX
MARA,1,2,True,MARA,1.0,False,MARA
MASEZZX,1,2,True,MASTERCLASS,1.0,False,MASTERCLASS
MBLY,1,2,True,MOBILEYE,1.0,False,MOBILEYE
MELION-USD,1,2,True,MELIO,1.0,False,MELIO
MGM,1,2,False,MGM,1.0,False,MGM RESORTS INTERNATIONAL
MMYT,1,2,True,MAKEMYTRIP,1.0,False,MAKEMYTRIP
MOS,1,2,False,MOSAIC,1.0,False,MOSAIC
MUX,1,2,True,MUX,1.0,False,MUX
MYE,1,2,False,MYERS,1.0,False,MYERS INDUSTRIES
MZTI,1,2,False,MARZETTI,1.0,False,T. MARZETTI
NAII,1,2,False,NATURAL,1.0,False,NATURAL ALTERNATIVES INTERNATIONAL
NATH,1,2,False,FAMOUS,1.0,False,"NATHAN'S FAMOUS, INC."
NAVN,1,2,True,NAVAN,1.0,False,NAVAN
NAYAX,1,2,True,NAYAX,1.0,False,NAYAX
NCNO,1,2,True,NCINO,1.0,False,NCINO
NDLS,1,2,False,NOODLES,1.0,False,NOODLES & COMPANY
NEM,1,2,False,NEWMONT,1.0,False,NEWMONT
NET,1,2,True,CLOUDFLARE,1.0,False,CLOUDFLARE
NINE,1,2,False,NINE,1.0,False,NINE ENERGY SERVICE
NKTX,1,2,False,NKARTA,1.0,False,"NKARTA, INC."
NOVT,1,2,False,NOVANTA,1.0,False,NOVANTA
NRIX,1,2,True,NURI,1.0,False,NURI
NSYS,1,2,False,NORTECH,1.0,False,NORTECH SYSTEMS
NVO,1,2,False,NORDISK,1.0,False,NOVO NORDISK
NYXH,1,2,False,NYX,1.0,False,NYX
NZB.F,1,2,True,NCC,1.0,False,NCC GROUP
OCDO.L,1,2,True,OCADO,1.0,False,OCADO
OCUL,1,2,False,THERAPEUTIX,1.0,False,"OCULAR THERAPEUTIX, INC."
OE6.F,1,2,True,IBOTTA,1.0,False,IBOTTA
OFC39851-USD,1,2,True,ONEFOOTBALL,1.0,False,ONEFOOTBALL
OII,1,2,False,OCEANEERING,1.0,False,"OCEANEERING INTERNATIONAL, INC.'S MARINE SERVICES"
OLAELEC.NS,1,2,True,OLA,1.0,False,OLA ELECTRIC
OMTK,1,2,False,OMNI,1.0,False,OMNI ENGINEERING
ONX,1,2,False,ONX,1.0,False,"ONX, INC."
OPESZZX,1,2,True,OPENSEA,1.0,False,OPENSEA
OPRT,1,2,True,OPORTUN,1.0,False,OPORTUN
ORMTQ,1,2,False,ORMET,1.0,False,ORMET
OU8.SI,1,2,False,CENTURION,1.0,False,CENTURION
OUST,1,2,True,OUSTER,1.0,False,OUSTER
OVBC,1,2,False,PARKING,1.0,False,"ALLPRO PARKING, OHIO, LLC"
PAYO,1,2,True,PAYONEER,1.0,False,PAYONEER
PCOR,1,2,True,PROCORE,1.0,False,PROCORE
PCX.WA,1,2,False,EXO,1.0,False,EXO-S
PEAS-USD,1,2,False,PEAPOD,1.0,False,"PEAPOD, LLC"
PEGA,1,2,True,PEGASYSTEMS,1.0,False,PEGASYSTEMS
PERI,1,2,True,PERION,1.0,False,PERION
PGY,1,2,True,PAGAYA,1.0,False,PAGAYA
PHIA.AS,1,2,True,PHILIPS,1.0,False,PHILIPS
PIQ.XA,1,2,False,LABORATORIES,1.0,False,"INTERNATIONAL LABORATORIES, LLC"
PITCH-USD,1,2,True,PITCH,1.0,False,PITCH
PLTR,1,2,True,PALANTIR,1.0,False,PALANTIR
PMEDF,1,2,False,QSC,1.0,False,"QSC, LLC"
PMFO11.SA,1,2,False,DAYCO,1.0,False,DAYCO
PNG.V,1,2,True,KRAKEN,1.0,False,KRAKEN
PRGO,1,2,False,PERRIGO,1.0,False,PERRIGO COMPANY
PSEC,1,2,False,PROSPECT,1.0,False,PROSPECT
PTCT,1,2,False,THERAPEUTICS,1.0,False,PTC THERAPEUTICS INC.
PUPPETH-USD,1,2,True,PUPPET,1.0,False,PUPPET
QUORZZX,1,2,True,QUORA,1.0,False,QUORA
RAMP,1,2,True,LIVERAMP,1.0,False,LIVERAMP
RAPYZZX,1,2,True,RAPYD,1.0,False,RAPYD
RBBN,1,2,True,RIBBON,1.0,False,RIBBON
RBRK,1,2,True,RUBRIK,1.0,False,RUBRIK
RECSI.OL,1,2,False,REC,1.0,False,"REC SILICON, INC."
REE,1,2,True,REE,1.0,False,REE AUTOMOTIVE
RGFC,1,2,False,GOOD,1.0,False,"THE REAL GOOD FOOD COMPANY, LLC"
RHJ.SG,1,2,False,ROBERT,1.0,False,ROBERT HALF INTERNATIONAL INC.
RL,1,2,False,RALPH,1.0,False,RALPH LAUREN CORPORATION
ROG,1,2,False,ROGERS,1.0,False,ROGERS CORPORATION
ROOFZZX,1,2,True,ROOFSTOCK,1.0,False,ROOFSTOCK
RSKD,1,2,True,RISKIFIED,1.0,False,RISKIFIED
SAMKX,1,2,False,MARK,1.0,False,CORE-MARK
SAMNZZX,1,2,True,SAMBANOVA,1.0,False,SAMBANOVA
SATL,1,2,True,SATELLOGIC,1.0,False,SATELLOGIC
SBI,1,2,False,SBI,1.0,False,SBI
SEA,1,2,True,SEA,1.0,False,SEA
SEM,1,2,False,SELECT,1.0,False,SELECT MEDICAL
SG,1,2,True,SWEETGREEN,1.0,False,SWEETGREEN
SGE.L,1,2,False,SAGE,1.0,False,SAGE
SID,1,2,True,SIDE,1.0,False,SIDE
SIRI,1,2,True,SIRIUSXM,1.0,False,SIRIUSXM
SKAI-USD,1,2,True,SKAI,1.0,False,SKAI
SKF,1,2,False,SKF,1.0,False,SKF
SMRT,1,2,False,MART,1.0,False,STEIN MART
SMWB,1,2,True,SIMILARWEB,1.0,False,SIMILARWEB
SNDK,1,2,False,SANDISK,1.0,False,SANDISK CORPORATION
SNEX,1,2,True,STONE,1.0,False,STONE
SNX,1,2,False,TD,1.0,False,TD SYNNEX
SOCUZZX,1,2,True,SOCURE,1.0,False,SOCURE
SOUN,1,2,True,SOUNDHOUND,1.0,False,SOUNDHOUND
SPIN,1,2,True,SPIN,1.0,False,SPIN
SSL,1,2,True,SAS,1.0,False,SAS
STAA,1,2,False,STAAR,1.0,False,STAAR SURGICAL COMPANY
SUPERTEX.BO,1,2,False,SUPERTEX,1.0,False,"SUPERTEX, INC."
SWEDAS.XC,1,2,False,SWEDA,1.0,False,SWEDA
SWVL,1,2,True,SWVL,1.0,False,SWVL
SYN12147-USD,1,2,True,SYNAPSE,1.0,False,SYNAPSE
SYY,1,2,False,SYSCO,1.0,False,SYSCO
TAC,1,2,False,TRANSALTA,1.0,False,TRANSALTA
TBLA,1,2,True,TABOOLA,1.0,False,TABOOLA
TEP8.SG,1,2,False,FRANKLIN,1.0,False,FRANKLIN TEMPLETON
TFX,1,2,False,TELEFLEX,1.0,False,TELEFLEX
TMGY,1,2,True,TERMINUS,1.0,False,TERMINUS
TOAK,1,2,False,DIRECTED,1.0,False,"DIRECTED, LLC"
TOL.MX,1,2,False,TOLL,1.0,False,"TOLL BROS., INC."
TOON,1,2,True,STUDIO,1.0,False,STUDIO
TOWR.JK,1,2,False,SARAN,1.0,False,SARAN
TREE,1,2,True,LENDINGTREE,1.0,False,LENDINGTREE
TRIN,1,2,False,TRIN,1.0,False,"TRIN, INC"
TRMK,1,2,False,TRUSTMARK,1.0,False,TRUSTMARK
TRTI,1,2,False,TRANS,1.0,False,"TRANS-INDUSTRIES, INC"
TRU,1,2,False,TRANSUNION,1.0,False,TRANSUNION
TUROZZX,1,2,True,TURO,1.0,False,TURO
TXRH,1,2,False,ROADHOUSE,1.0,False,TEXAS ROADHOUSE
UPMMX,1,2,False,USAA,1.0,False,USAA
UPST,1,2,True,UPSTART,1.0,False,UPSTART
US0476491081.SG,1,2,False,ATKORE,1.0,False,ATKORE INTERNATIONAL
US1651677353.SG,1,2,False,CHESAPEAKE,1.0,False,CHESAPEAKE ENERGY
VECO,1,2,False,INSTRUMENTS,1.0,False,VEECO INSTRUMENTS INC.
VFC,1,2,False,VFC,1.0,False,VFC
VG80.MU,1,2,False,VARENGO,1.0,False,"VARENGO, INC."
VGSLX,1,2,False,VGS,1.0,False,VGS
VNCE,1,2,False,VINCE,1.0,False,"VINCE, LLC"
VSCOX,1,2,True,VSCO,1.0,False,VSCO
VWS.CO,1,2,True,VESTA,1.0,False,VESTA
VWSKX,1,2,True,TOMORROW,1.0,False,TOMORROW
WAB,1,2,False,WABTEC,1.0,False,WABTEC CORPORATION
WAEXX,1,2,False,LEGG,1.0,False,LEGG MASON
WHOOZZX,1,2,True,WHOOP,1.0,False,WHOOP
WIMI,1,2,True,HOLOGRAM,1.0,False,HOLOGRAM
WOOF,1,2,False,PETCO,1.0,False,PETCO
WST,1,2,False,PHARMACEUTICAL,1.0,False,"WEST PHARMACEUTICAL SERVICES, INC."
XAZ=F,1,2,True,,0.0,False,SERVICE
XS246958254.MU,1,2,True,SCOOP,1.0,False,SCOOP
XYL,1,2,False,XYLEM,1.0,False,"XYLEM, INC."
YELP,1,2,True,YELP,1.0,False,YELP
YEXT,1,2,True,YEXT,1.0,False,YEXT
YQ7G.Z,1,2,True,QUANTO,1.0,False,QUANTO
ZAFMBX,1,2,True,PRIME,1.0,False,PRIME TRUST
ZAL.DE,1,2,True,ZALANDO,1.0,False,ZALANDO
ZAPPF,1,2,True,ZAPP,1.0,False,ZAPP
ZM,1,2,True,ZOOM,1.0,False,ZOOM
^716566-USD-STRD,1,2,False,INCL,1.0,False,"CUMMINS WEST, INCL"
^NQUSB40203045LMT,1,2,False,TOYS,1.0,False,TOYS
000503.SZ,1,1,False,,0.0,False,A SERVICES GROUP
000598.SZ,1,1,True,XING,1.0,False,XING
000785.SZ,1,1,False,MOWER,1.0,False,"THE ANDERSONS INC. MOWER CENTER, RETAIL GROUP"
0008.KL,1,1,True,WILLOW,1.0,False,WILLOW
000887.SZ,1,1,False,SEALING,1.0,False,ZHONGDING SEALING PARTS
001130.KS,1,1,False,FLOUR,1.0,False,FLOUR
001200.KS,1,1,False,DAVID,1.0,False,"DAVID'S BRIDAL, STORE # 216, EUGENE"
001390.SZ,1,1,True,FEATHER,1.0,False,FEATHER
0020.HK,1,1,True,SENSETIME,1.0,False,SENSETIME
002222.SZ,1,1,False,CASTECH,1.0,False,CASTECH
002273.SZ,1,1,True,QUARTZ,1.0,False,QUARTZ
002450.KS,1,1,True,SAMI,1.0,False,SAMI
002485.SZ,1,1,True,CEDAR,1.0,False,CEDAR
002623.SZ,1,1,True,ALMA,1.0,False,ALMA
002624.SZ,1,1,False,PERFECT,1.0,False,"PERFECT WORLD CO., LTD"
002762.SZ,1,1,True,ARTICLE,1.0,False,ARTICLE
0173.KL,1,1,True,CATCH,1.0,False,CATCH
0185.KL,1,1,False,HSS,1.0,False,"HSS, INC. ORLANDO INTERNATIONAL AIRPORT"
0216.KL,1,1,True,SPRING,1.0,False,SPRING
0220.KL,1,1,True,VANTA,1.0,False,VANTA
0255.KL,1,1,False,ECO,1.0,False,ECO INTERNATIONAL
0339.HK,1,1,False,INDUSTRIAL,1.0,False,TEC INDUSTRIAL
0347.KL,1,1,False,WAWA,1.0,False,WAWA
0373.HK,1,1,False,ALLIED,1.0,False,"ALLIED GROUP, LLC"
0670.HK,1,1,False,AIRLINES,1.0,False,"EASTERN AIRLINES, LLC"
067010.KQ,1,1,False,ECS,1.0,False,ECS
075180.KS,1,1,False,AUTOMOTIVE,1.0,False,SA AUTOMOTIVE
083500.KQ,1,1,False,FNS,1.0,False,"FNS, INC."
0905.HK,1,1,True,WALNUT,1.0,False,WALNUT
092040.KQ,1,1,False,AMICO,1.0,False,AMICO
0GJ.F,1,1,True,0G,1.0,False,0G
0HN3.L,1,1,False,BILLITON,1.0,False,BHP BILLITON
0IC8.L,1,1,False,DOLLAR,1.0,False,"FAMILY DOLLAR STORES, INC. (DOLLAR TREE)"
0N0B.L,1,1,False,WILHELMSEN,1.0,False,WALLENIUS WILHELMSEN LOGISTICS
0P000029LR.SW,1,1,False,TRACK,1.0,False,"MARKET TRACK, LLC"
0P00002A83.F,1,1,True,SIFT,1.0,False,SIFT
0P00006OE7.SI,1,1,True,ACORNS,1.0,False,ACORNS
0P000070CZ.TO,1,1,False,TRIMARK,1.0,False,TRIMARK
0P000070M0.TO,1,1,False,TRIMARK,1.0,False,TRIMARK
0P00009OTG.SW,1,1,False,SP,1.0,False,SP PLUS
0P0000HN4R.F,1,1,True,ADARA,1.0,False,ADARA
0P0000JQJE.SW,1,1,False,METROPOLIS,1.0,False,"SP PLUS, LLA, A METROPOLIS COMPANY"
0P0000K71L.F,1,1,False,XANT,1.0,False,"XANT, INC"
0P0000KV4C.ST,1,1,False,LYNX,1.0,False,LYNX
0P0000NNDQ.BO,1,1,False,SPA,1.0,False,"SPA CHAKRA ACQUISITION CORPORATION, NOURISH"
0P0000NPEG.BO,1,1,False,MET,1.0,False,MET LIFE
0P0000SAHE.L,1,1,True,AVAST,1.0,False,AVAST
0P0000SDDZ.F,1,1,True,ALZA,1.0,False,ALZA
0P0000SNBB.SI,1,1,False,DEVELOPMENT,1.0,False,"ADVANCED SYSTEM DEVELOPMENT, INC. (ASD)"
0P0000VXP8.ST,1,1,False,WORKFORCE1,1.0,False,"SEEDCO - OFFICE LOCATED IN WORKFORCE1 CAREER CENTER, BRONX"
0P0000WN2R.L,1,1,False,AUTO,1.0,False,"U.S. AUTO PARTS NETWORK, INC./DISTRIBUTION"
0P0000Y1J7.F,1,1,False,ABA,1.0,False,"PARSLEY ENERGY, INC.-ABA"
0P0000YUHM.HK,1,1,False,BALANCE,1.0,False,NEW BALANCE
0P0000YVHU.SI,1,1,False,STUDENTS,1.0,False,"ASSOCIATED STUDENTS, INC. CALIFORNIA STATE UNIVERSITY, FULLERTON"
0P0000Z6F1.TO,1,1,False,MG,1.0,False,"MG HOSPITALITY GROUP, INC’S"
0P0000ZKLW.BO,1,1,False,DEB,1.0,False,DEB
0P0000ZRNQ,1,1,True,VIAL,1.0,False,VIAL
0P0000ZSZK.L,1,1,False,PLUS,1.0,False,A-PLUS
0P00011SSA.F,1,1,True,TEMPO,1.0,False,TEMPO
0P000135WW.F,1,1,False,WASHINGTON,1.0,False,"WASHINGTON DEMILITARIZATION CO., (URS)"
0P00013E3N.L,1,1,False,MONDRIAN,1.0,False,MONDRIAN
0P00015YI0,1,1,False,RH,1.0,False,"RH US, LLC"
0P00016I3I,1,1,True,LYRIC,1.0,False,LYRIC
0P00017NHS.SA,1,1,False,MERCY,1.0,False,"SCRIPPS HEALTH DBA SCRIPPS MERCY HOSPITAL, SAN DIEGO"
0P000198AK.SA,1,1,True,SALTO,1.0,False,SALTO
0P00019QO7.SW,1,1,False,SOLITAIRE,1.0,False,SOLITAIRE
0P0001CJXJ.F,1,1,True,SHERPA,1.0,False,SHERPA
0P0001D53F.TO,1,1,False,NORKUS,1.0,False,"NORKUS ENTERPRISES, INC. (NEI)"
0P0001D7IS.L,1,1,False,JUPITER,1.0,False,JUPITER
0P0001DERO.F,1,1,True,JUMP,1.0,False,JUMP
0P0001EDGB,1,1,True,INVEST,1.0,False,CHANGE INVEST
0P0001FKSI.T,1,1,False,POTASH,1.0,False,"MORGAN CORP., POTASH CORPORATION"
0P0001H0KW.TO,1,1,False,MARITIME,1.0,False,"MARITIME F & B, LLC @ MARITIME HOTEL"
0P0001H9I2.L,1,1,False,ASCO,1.0,False,ASCO
0P0001HHNX.L,1,1,False,TOWER,1.0,False,"TRAVELERS ONE TOWER SQUARE HARTFORD, CT"
0P0001HPJA.L,1,1,False,PROVIDENCE,1.0,False,PROVIDENCE
0P0001HRL4.L,1,1,False,ISLAND,1.0,False,"ROOSEVELT ISLAND MEDICAL ASSOCIATES, PC."
0P0001HZSM.SA,1,1,True,FOXTROT,1.0,False,FOXTROT
0P0001I34D,1,1,True,PASSPORT,1.0,False,PASSPORT
0P0001I6O1,1,1,False,DELPHI,1.0,False,DELPHI
0P0001IP9N.SW,1,1,False,ANALYSIS,1.0,False,"RESEARCH ANALYSIS & MAINTENANCE, INC. (RAM)"
0P0001IUU0,1,1,False,CAPITAL,1.0,False,CAPITAL HEALTH
0P0001JUL3.L,1,1,False,VERITAS,1.0,False,VERITAS
0P0001K581.F,1,1,True,TWELVE,1.0,False,TWELVE
0P0001K7CC.SA,1,1,True,SINGULAR,1.0,False,SINGULAR
0P0001KOVU.F,1,1,False,SOLAE,1.0,False,"SOLAE, LLC DBA DUPONT SOY POLYMER"
0P0001KYOC,1,1,False,TILE,1.0,False,"US PERMA, INC. DBA CALIFORNIA TILE INSTALLERS"
0P0001L7UO.SA,1,1,True,CONGA,1.0,False,CONGA
0P0001LFXI.SA,1,1,True,FLIP,1.0,False,FLIP
0P0001MHNW,1,1,True,INTRINSIC,1.0,False,INTRINSIC
0P0001MYKM.F,1,1,True,TOUCAN,1.0,False,TOUCAN
0P0001NPJO.CO,1,1,False,GREAT,1.0,False,"GREAT DANE, LLC"
0P0001NVCG,1,1,False,TOPS,1.0,False,"TOPS MARKET, LLC"
0P0001NX5W.F,1,1,True,PLATO,1.0,False,PLATO
0P0001OR2Z.F,1,1,True,MASSE,1.0,False,MASSE
0P0001OS3R.F,1,1,False,TABULA,1.0,False,"TABULA, INC."
0P0001POPH.L,1,1,False,BOTTLING,1.0,False,"COCA-COLA BOTTLING COMPANY , INC (SAC)"
0P0001Q9QO.SA,1,1,False,AZUMI,1.0,False,AZUMI
0P0001QGU6.CO,1,1,False,PET,1.0,False,"PET PARTNERS, LLC"
0P0001QJYP.F,1,1,True,LOLA,1.0,False,LOLA
0P0001R2KT.L,1,1,False,MAUSER,1.0,False,"ICS, LLC., D/B/A MAUSER PACKAGING SOLUTIONS"
0P0001R8WV,1,1,False,GROWTH,1.0,False,UNITED GROWTH
0P0001SJ28.F,1,1,False,MAR,1.0,False,"PLANNED PARENTHOOD MAR MONTE, INC. - 29"
0P0001VSKR.SA,1,1,True,SHOGUN,1.0,False,SHOGUN
0Q8P.IL,1,1,False,PROSEGUR,1.0,False,PROSEGUR
0QZ3.IL,1,1,False,TECHNOLOGIES,1.0,False,"QUALCOMM DATACENTER TECHNOLOGIES, INC. (QUALCOMM)"
0R1W.L,1,1,False,COM,1.0,False,"JET.COM, INC. (WALMART)"
0YO0.F,1,1,False,FOUR,1.0,False,FOUR SEASONS
1023.KL,1,1,False,102,1.0,False,102
10J.F,1,1,False,HOWDEN,1.0,False,HOWDEN
1301.TW,1,1,False,FORMOSA,1.0,False,"FORMOSA PLASTICS CORP., USA"
1380.T,1,1,False,AKI,1.0,False,"AKI, INC. D/B/A ARCADE BEAUTY"
160919.SZ,1,1,True,UPGRAD,1.0,False,UPGRAD
1810.HK,1,1,True,XIAOMI,1.0,False,XIAOMI
1921.T,1,1,True,TOMO,1.0,False,TOMO
1961.KL,1,1,False,1961,1.0,False,1961
1966.HK,1,1,False,SCE,1.0,False,SCE&G
1CD.F,1,1,True,CADRE,1.0,False,CADRE
1HQ.F,1,1,True,SQUARE,1.0,False,TEN SQUARE GAMES
1JK.DU,1,1,False,PHARMACEUTICALS,1.0,False,APELLIS PHARMACEUTICALS
1MP.F,1,1,False,SCANA,1.0,False,SCANA
1N00.SG,1,1,False,TEMPLE,1.0,False,TEMPLE BAR
2022.HK,1,1,False,HOTELCRAFTERS,1.0,False,"HOTELCRAFTERS HOLLYWOOD LLC DBA THE STANDARD, HOLLYWOOD"
2038.KL,1,1,True,NSO,1.0,False,NSO
210120.KQ,1,1,True,CANVA,1.0,False,CANVA
2193.T,1,1,True,COOKPAD,1.0,False,COOKPAD
21E.F,1,1,False,ELIOR,1.0,False,"ELIOR, INC."
2293.HK,1,1,True,BAMBOO,1.0,False,BAMBOO HEALTH
2303.TW,1,1,False,ELECTRONICS,1.0,False,"MICRO ELECTRONICS, INC."
2339.HK,1,1,False,AIRLINES,1.0,False,"SPIRIT AIRLINES, BWI"
2385.TW,1,1,False,CHICO,1.0,False,"ASSOCIATED STUDENTS OF CALIFORNIA STATE UNIVERSITY, CHICO"
2657.HK,1,1,True,CABIN,1.0,False,CABIN
2689.HK,1,1,False,PAPER,1.0,False,ND PAPER
26954.HK,1,1,False,LCH,1.0,False,"AVIS BUDGET GROUP BTR, MSY, LFT, LCH"
2700.HK,1,1,False,GREE,1.0,False,"GREE INTERNATIONAL, INC."
2924.TWO,1,1,False,GALACTIC,1.0,False,"GALACTIC CO., LLC AND GALACTIC ENTERPRISES, LLC"
300020.SZ,1,1,True,ENJOY,1.0,False,ENJOY
300094.SZ,1,1,False,AQUA,1.0,False,AQUA PRODUCTS
300124.SZ,1,1,False,INOVA,1.0,False,INOVA
300515.SZ,1,1,True,SUNDAY,1.0,False,SUNDAY
300585.SZ,1,1,False,AOL,1.0,False,AOL
300652.SZ,1,1,False,SAVI,1.0,False,"SAVI TECHNOLOGY, INC"
300667.SZ,1,1,True,BEETECH,1.0,False,BEETECH
300733.SZ,1,1,False,HERFF,1.0,False,"IT'S ABOUT TIME (HERFF JONES, INC. COMPANY)"
301197.SZ,1,1,True,GONG,1.0,False,GONG
301231.SZ,1,1,False,BLUE,1.0,False,"RON GROUP, LLC DBA BLUE SKY SPECIALTY PHARMACY"
301526.SZ,1,1,False,POLYCOM,1.0,False,"POLYCOM, INC."
301586.SZ,1,1,False,COMPOSITES,1.0,False,"ADVANCED COMPOSITES, INC."
3026.KL,1,1,False,DLA,1.0,False,"DLA, INC."
3070.T,1,1,False,,0.0,False,J&B GROUP
318060.KQ,1,1,True,GRAPHY,1.0,False,GRAPHY
3186.T,1,1,False,NEXTAG,1.0,False,"NEXTAG, INC."
3420.T,1,1,False,PIZZA,1.0,False,"GOURMET MANAGEMENT CORP. (TGI FRIDAYS, KFC, TACO BELL, PIZZA HUT, HAAGEN DAZS, TIM HORTONS & BEER CART RESTAURANTS AT PENN STATION)"
3437.HK,1,1,False,BOSE,1.0,False,BOSE
3529.T,1,1,True,ATSU,1.0,False,ATSU
3850.T,1,1,False,DATA,1.0,False,NTT DATA
3926.T,1,1,False,OPEN,1.0,False,OPEN DOOR
3968.HK,1,1,False,BANK,1.0,False,MERCHANTS BANK
3R6N.F,1,1,True,ROUTE,1.0,False,ROUTE
402A.T,1,1,False,AXELS,1.0,False,AXELS
405920.KQ,1,1,False,CELLA,1.0,False,"FITZPATRICK, CELLA, HARPER & SCINTO"
4165.T,1,1,False,PLAID,1.0,False,PLAID INC.
417A.T,1,1,False,ZONES,1.0,False,"ZONES, LLC"
429980.KS,1,1,True,RECHARGE,1.0,False,RECHARGE
42H.F,1,1,False,FIRST,1.0,False,"BANK FIRST, N.A."
440320.KQ,1,1,True,OPEN,1.0,False,OPEN CO
4425.T,1,1,True,KUDA,1.0,False,KUDA
4491.T,1,1,False,COMP,1.0,False,"COMP MANAGEMENT, INC."
4523.TWO,1,1,False,EVERBRITE,1.0,False,"EVERBRITE, LLC"
4527.TWO,1,1,True,KLUE,1.0,False,KLUE
4568N.MX,1,1,False,DAIICHI,1.0,False,"DAIICHI SANKYO, INC."
459790.KS,1,1,True,HEROES,1.0,False,HEROES
473A.MU,1,1,False,ADAPTIMMUNE,1.0,False,"ADAPTIMMUNE, LLC"
4847.KL,1,1,False,EPIC,1.0,False,EPIC
4904.TW,1,1,False,EASTON,1.0,False,EASTON
4977.T,1,1,False,GELATIN,1.0,False,NITTA GELATIN INC
4FY.F,1,1,False,TRUMP,1.0,False,"TRUMP NATIONAL GOLF CLUB WASHINGTON, D.C., LLC"
4RB.DU,1,1,False,BLUE,1.0,False,"BLUE BIRD, INC."
4RX0.SG,1,1,False,WATER,1.0,False,"ZURN WATER, LLC"
5008.KL,1,1,False,SCHNADER,1.0,False,"SCHNADER, HARRISON, SEGAL & LEWIS, LLP"
5140.KL,1,1,False,TASC,1.0,False,TASC
5165.KL,1,1,False,DFC,1.0,False,DFC
5205.KL,1,1,True,SEND,1.0,False,SEND
5214.T,1,1,False,GLASS,1.0,False,NIPPON ELECTRIC GLASS
5222.TW,1,1,False,TRANSCOM,1.0,False,TRANSCOM INC.
5236.KL,1,1,False,MATRIX,1.0,False,MATRIX
5332.KL,1,1,True,REACH,1.0,False,REACH
554A.T,1,1,True,BATON,1.0,False,BATON
5657.KL,1,1,False,PARK,1.0,False,"PARK HOLDING, INC."
5KD.HM,1,1,True,LILIUM,1.0,False,LILIUM
5Z7.F,1,1,False,SENTRY,1.0,False,SENTRY
5ZM.HM,1,1,False,COMMUNICATIONS,1.0,False,"ZOOM VIDEO COMMUNICATIONS, INC."
600794.SS,1,1,True,FREETRADE,1.0,False,FREETRADE
601012.SS,1,1,True,LONGI,1.0,False,LONGI
603097.SS,1,1,False,TRANSFORM,1.0,False,TRANSFORM CO
603418.SS,1,1,True,UNISON,1.0,False,UNISON
6036.T,1,1,True,KEEPE,1.0,False,KEEPE
603825.SS,1,1,False,DIGITAL,1.0,False,"SANYO NORTH AMERICA CORPORATION, DIGITAL SOLUTIONS"
603979.SS,1,1,False,MANAGEMENT,1.0,False,J&M MANAGEMENT
6101.TWO,1,1,False,KW,1.0,False,"KW INTERNATIONAL, LLC"
6501.T,1,1,False,HITACHI,1.0,False,HITACHI
6503.T,1,1,False,MITSUBISHI,1.0,False,MITSUBISHI ELECTRIC
6588.T,1,1,True,TOSHIBA,1.0,False,TOSHIBA
6632.T,1,1,False,SUPPORT,1.0,False,"KODIAK SUPPORT SERVICES, JV"
6692.TWO,1,1,False,DOG,1.0,False,"ACME ENERGY SERVICES, INC. DBA BIG DOG DRILLING"
6718.KL,1,1,False,CRESCENDO,1.0,False,CRESCENDO
6830.TW,1,1,False,MSSC,1.0,False,MSSC
6878.TWO,1,1,True,OPAY,1.0,False,OPAY
688256.SS,1,1,True,CAMBRICON,1.0,False,CAMBRICON
688371.SS,1,1,True,FAVO,1.0,False,FAVO
688668.SS,1,1,False,PRECISION,1.0,False,PRECISION METAL
688768.SS,1,1,False,OWNERHSIP,1.0,False,"WYNDAM VACTION OWNERHSIP, INC. (COMPANY)"
688795.SS,1,1,True,THREADS,1.0,False,MOORE THREADS
6G6.F,1,1,False,SUPERIOR,1.0,False,"SUPERIOR GROUP OF COMPANIES, INC."
6N=F,1,1,False,NEW,1.0,False,NEW
6NU0.F,1,1,True,FOUNDRY,1.0,False,FOUNDRY
7042.T,1,1,False,ACCESS,1.0,False,ACCESS GROUP
7078.KL,1,1,True,ZAK,1.0,False,ZAK
7115.T,1,1,False,HIGHER,1.0,False,"CHARTWELLS HIGHER EDUCATION (AT PURCHASE COLLEGE, PURCHASE)"
7131.KL,1,1,False,ACME,1.0,False,ACME
7139.KL,1,1,True,NICHE,1.0,False,NICHE
7165.KL,1,1,True,VELOCITY,1.0,False,VELOCITY
7209.KL,1,1,True,CHEETAH,1.0,False,CHEETAH
7360.T,1,1,True,ONDECK,1.0,False,ONDECK
7372.T,1,1,False,,0.0,False,D+H CORPORATION
76O.F,1,1,True,GOODFOOD,1.0,False,GOODFOOD
783.F,1,1,False,SOCIAL,1.0,False,B SOCIAL
7846.T,1,1,True,PILOT,1.0,False,PILOT
7889.KL,1,1,True,THRIVE,1.0,False,THRIVE
7E9.SG,1,1,True,VERTICALSCOPE,1.0,False,VERTICALSCOPE
7YR.F,1,1,True,REEF,1.0,False,REEF
8110.TW,1,1,False,ADVANCE,1.0,False,ADVANCE ENGINEERING
818.F,1,1,True,ZYLO,1.0,False,ZYLO
8186.HK,1,1,True,HONOR,1.0,False,HONOR
8210.TW,1,1,False,MICO,1.0,False,MICO
8298.TWO,1,1,False,GENIE,1.0,False,GENIE
8313.SR,1,1,True,RASA,1.0,False,RASA
8347.HK,1,1,False,ENTERPRISE,1.0,False,ENTERPRISE HOLDING GROUP
8402.HK,1,1,False,TREASURES,1.0,False,TREASURES
852.MU,1,1,True,TEADS,1.0,False,TEADS
8885.KL,1,1,True,888,1.0,False,888
891.F,1,1,False,DAIFUKU,1.0,False,DAIFUKU
8W80.F,1,1,True,ALLBIRDS,1.0,False,ALLBIRDS
9068.T,1,1,False,GENERAL,1.0,False,"UNY, LLC A/K/A GENERAL SUPER PLATING"
93P0.F,1,1,True,PIVO,1.0,False,PIVO
9521.SR,1,1,False,INMAR,1.0,False,INMAR
959.F,1,1,True,PIER,1.0,False,PIER
9988.HK,1,1,True,99,1.0,False,99
9JD.F,1,1,False,JD,1.0,False,JD SPORTS
9MZ.F,1,1,False,SPRINGFIELD,1.0,False,"COWLEY DISTRIBUTING, INC. (CAPE GIRARDEAU, JEFFERSON CITY, MARYLAND HEIGHTS, SPRINGFIELD)"
9PT.F,1,1,False,THERAPEUTICS,1.0,False,PLIANT THERAPEUTICS
9SL.F,1,1,True,SUPERLOOP,1.0,False,SUPERLOOP
9V4.F,1,1,True,MAINSTREET,1.0,False,MAINSTREET
A33.SI,1,1,True,ARCHIPELAGO,1.0,False,ARCHIPELAGO
A3D.XA,1,1,True,LABS,1.0,False,AURORA LABS
A3Z.F,1,1,True,NATIVO,1.0,False,NATIVO
AA,1,1,False,ALCOA,1.0,False,ALCOA
AAC.ST,1,1,True,CLYDE,1.0,False,CLYDE
AAIIQ,1,1,False,AIRCRAFT,1.0,False,"ALABAMA AIRCRAFT INDUSTRIES, INC."
AAKASH.NS,1,1,True,AAKASH,1.0,False,AAKASH
AAKITXX,1,1,False,CITISHARE,1.0,False,"CITIBANK N/A, CITIGROUP GLOBAL MARKETS INC., CITIGROUP TECHNOLOGY INC., CITISHARE CORP."
AARTCXX,1,1,False,DYNCORP,1.0,False,"DYNCORP INTERNATIONAL, LLC ""DI"""
ABMDSXX,1,1,True,KNOCK,1.0,False,KNOCK
ABRFL.BO,1,1,True,ABRA,1.0,False,ABRA
ACAST.ST,1,1,True,ACAST,1.0,False,ACAST
ACB,1,1,True,AURORA,1.0,False,AURORA
ACCO,1,1,False,ACCO,1.0,False,ACCO BRANDS
ACEHF,1,1,False,ACE,1.0,False,ACE HARDWARE
ACEL,1,1,False,ACCEL,1.0,False,ACCEL
ACHR,1,1,True,ARC,1.0,False,ARC
ACNFMXX,1,1,False,ABSOLUTE,1.0,False,"D & D GEAR, INC. DBA ABSOLUTE TECHNOLOGIES, INC."
ACQC,1,1,True,RELATIVITY,1.0,False,RELATIVITY
ACRS,1,1,False,THERAPEUTICS,1.0,False,"ACLARIS THERAPEUTICS, INC."
ACSO.L,1,1,False,ACCESSO,1.0,False,ACCESSO
ADPT,1,1,True,ADAPTIVE,1.0,False,ADAPTIVE BIOTECH...
ADT,1,1,False,ADT,1.0,False,ADT
ADUS,1,1,False,ADDUS,1.0,False,"ADDUS HEALTHCARE, INC."
AEFC,1,1,False,HILL,1.0,False,"DHR RESTAURANT, CO. LLC, AKA RARE BAR & GRILL MURRAY HILL"
AENVZZX,1,1,True,ATTENTIVE,1.0,False,ATTENTIVE
AES,1,1,False,AES,1.0,False,AES CORPORATION
AEYE,1,1,True,AEYE,1.0,False,AEYE
AFCONS.BO,1,1,False,AFCO,1.0,False,AFCO
AFFY,1,1,False,AFFYMAX,1.0,False,"AFFYMAX, INC"
AGIBZZX,1,1,True,ROBOTICS,1.0,False,AGILITY ROBOTICS
AGII.JK,1,1,True,SAMA,1.0,False,SAMA
AGO,1,1,True,ASSURE,1.0,False,ASSURE
AGRDF,1,1,False,MINNO,1.0,False,"MINNO, INC."
AHAG,1,1,False,TECHNOLOGIES,1.0,False,ALPHA TECHNOLOGIES
AHOAZZX,1,1,True,DIGITAL,1.0,False,ANCHORAGE DIGITAL
AIG,1,1,False,AMERICAN,1.0,False,"AMERICAN INTERNATIONAL GROUP, INC"
AII.F,1,1,False,AIRPORT,1.0,False,"HMSHOST (ALBANY INT'L AIRPORT, 737 ALBANY SHAKER RD., ALBANY)"
AIR,1,1,True,AIR,1.0,False,AIR
AKBA,1,1,False,THERAPEUTICS,1.0,False,"AKEBIA THERAPEUTICS, INC. (""AKEBIA"")"
ALCBX.PA,1,1,False,CTI,1.0,False,CTI
ALISP.PA,1,1,False,INNOVATIVE,1.0,False,"ISP, INNOVATIVE SURGICAL PRODUCTS"
ALK,1,1,False,AIR,1.0,False,"ALASKA AIR GROUP, INC."
ALLE,1,1,False,ALLEGION,1.0,False,ALLEGION
ALLETEC-SM.NS,1,1,False,ALLETE,1.0,False,ALLETE
ALLY,1,1,False,ALLY,1.0,False,ALLY FINANCIAL
ALMA.HE,1,1,False,ALM,1.0,False,"ALM MEDIA, LLC"
ALNVX,1,1,False,VEHICLE,1.0,False,"PENSKE VEHICLE SERVICES, INC. (NEW YORK)"
ALUA.BA,1,1,False,,0.0,False,S.A.I.C.
ALVAP.PA,1,1,True,KUMU,1.0,False,KUMU
AMBP,1,1,False,PACKAGING,1.0,False,ARDAGH METAL PACKAGING
AME,1,1,False,AMETEK,1.0,False,AMETEK INC.
AMIN,1,1,False,AMERICAN,1.0,False,AMERICAN INTERNATIONAL INDUSTRIES
AMLX,1,1,False,PHARMACEUTICALS,1.0,False,"AMYLYX PHARMACEUTICALS, INC."
AMRX,1,1,False,PHARMACEUTICALS,1.0,False,"AMNEAL PHARMACEUTICALS, LLC"
ANA19513-USD,1,1,False,TRANSPORT,1.0,False,"NIRVANA, INC., NIRVANA TRANSPORT, INC., NIRVANA WAREHOUSING"
ANET,1,1,False,ARISTA,1.0,False,ARISTA
ANGI,1,1,True,ANGI,1.0,False,ANGI
ANKITMETAL.NS,1,1,False,ANKI,1.0,False,"ANKI, INC."
ANN.AX,1,1,False,ANSELL,1.0,False,ANSELL
AOS,1,1,False,SMITH,1.0,False,A.O. SMITH
AP,1,1,False,AMPCO,1.0,False,AMPCO
APLD,1,1,False,APL,1.0,False,APL
APO,1,1,True,APOLLO,1.0,False,APOLLO
APOYX,1,1,False,APOY,1.0,False,APOY
APTV,1,1,True,APTIV,1.0,False,APTIV
AQMS,1,1,False,METALS,1.0,False,"AQUA METALS, INC."
ARA.TO,1,1,False,ACLARA,1.0,False,ACLARA
ARAY,1,1,False,AC,1.0,False,AC INCORPORATED
ARBYZZX,1,1,True,AIRBYTE,1.0,False,AIRBYTE
ARCIZZX,1,1,True,ARCTIC,1.0,False,ARCTIC WOLF
ARGL.CN,1,1,True,ARGYLE,1.0,False,ARGYLE
ARGX,1,1,False,ARGEN,1.0,False,ARGEN
ARVN,1,1,False,ARVINAS,1.0,False,"ARVINAS, INC."
ARVOSK.HE,1,1,False,ARVOS,1.0,False,ARVOS
ASAP-R.BK,1,1,False,ASAP,1.0,False,"ASAP, INC."
ASAPQ,1,1,False,WAITR,1.0,False,WAITR
ASBP,1,1,True,ASPIRE,1.0,False,ASPIRE
ASC,1,1,False,SUPPORT,1.0,False,"AKIMA SUPPORT OPERATIONS (ASO) 407TH FSB, ASC, LOGISTICS READINESS CENTER (LRC)"
ASIX,1,1,False,ADVANSIX,1.0,False,ADVANSIX INC.
ASO,1,1,False,ACADEMY,1.0,False,ACADEMY
ASRT,1,1,False,ASSERTIO,1.0,False,"ASSERTIO HOLDINGS, INC."
AST=F,1,1,True,ADJUST,1.0,False,ADJUST
ASX,1,1,False,RESCINDED,1.0,False,"ASE, INC. - RESCINDED"
ATHS,1,1,False,ATHENE,1.0,False,ATHENE
ATKR,1,1,False,ATKORE,1.0,False,ATKORE INTERNATIONAL
ATOBX,1,1,True,ATOB,1.0,False,ATOB
ATOM,1,1,True,ATOME,1.0,False,ATOME
AURA,1,1,True,AURA,1.0,False,AURA
AUTAZZX,1,1,True,AUTOMATTIC,1.0,False,AUTOMATTIC
AVAAX,1,1,False,GORDONSVILLE,1.0,False,"AMERICAN PRESS ONE AMERICAN PLACE GORDONSVILLE, VIRGINIA"
AVI27642-USD,1,1,False,AVIAT,1.0,False,"AVIAT US, INC."
AVO,1,1,True,AVO,1.0,False,AVO
AVONMORE.NS,1,1,False,CAPITAL,1.0,False,"CAPITAL MANAGEMENT SERVICES, LP"
AYA,1,1,True,AYA,1.0,False,AYA
B39.F,1,1,True,HUMBLE,1.0,False,HUMBLE
BAVA.CO,1,1,False,BAVARIAN,1.0,False,"BAVARIAN NORDIC, INC."
BBAI,1,1,True,BIGBEAR,1.0,False,BIGBEAR.AI
BBW,1,1,False,BEAR,1.0,False,BUILD-A-BEAR WORKSHOP INC.
BC,1,1,False,TIJUANA,1.0,False,"TACOS EL GORDO DE TIJUANA, BC"
BCH,1,1,False,WORK,1.0,False,"BCH, INC. DBA WELLNESS WORK"
BCO,1,1,False,BRINK,1.0,False,BRINK'S COMPANY (THE)
BDC,1,1,False,BELDEN,1.0,False,"BELDEN, INC."
BDRSF,1,1,False,BORDERS,1.0,False,BORDERS
BDTX,1,1,False,BLACK,1.0,False,BLACK DIAMOND
BEAM,1,1,True,BEAM,1.0,False,BEAM
BEAT,1,1,True,BEAT,1.0,False,BEAT
BEI.DE,1,1,False,BEIERSDORF,1.0,False,"BEIERSDORF, LLC"
BEMHY.BO,1,1,False,BEMC,1.0,False,"BEMC, LLC"
BENCZZX,1,1,True,BENCHLING,1.0,False,BENCHLING
BETCO.ST,1,1,True,COLLECTIVE,1.0,False,BETTER COLLECTIVE
BETEZZX,1,1,True,BETTERUP,1.0,False,BETTERUP
BETNZZX,1,1,True,BETTERMENT,1.0,False,BETTERMENT
BFCH,1,1,True,BITFRONT,1.0,False,BITFRONT
BHARATROHAN.BO,1,1,False,AIRBORN,1.0,False,"AIRBORN, A MOLEX COMPANY"
BIGY,1,1,False,BIG,1.0,False,BIG 5
BIIB,1,1,False,BIOGEN,1.0,False,"BIOGEN IDEC, INC."
BILI,1,1,True,BILIBILI,1.0,False,BILIBILI
BINBN.IS,1,1,True,ULA,1.0,False,ULA
BIOLQ,1,1,False,BIOLASE,1.0,False,"BIOLASE, INC."
BIPIX,1,1,False,ULTRA,1.0,False,ULTRA PRO
BITQ,1,1,True,BITWISE,1.0,False,BITWISE
BJ,1,1,False,WHOLESALE,1.0,False,"BJ'S WHOLESALE CLUB, INC."
BKIH-R.BK,1,1,False,BKI,1.0,False,BKI
BKLPF,1,1,True,BUKALAPAK,1.0,False,BUKALAPAK
BLACKBUCK.NS,1,1,True,BLACKBUCK,1.0,False,BLACKBUCK
BLISSGVS.NS,1,1,False,OFFICE,1.0,False,"BLISS, LLC (CORPORATE OFFICE)"
BLNK,1,1,True,CHARGING,1.0,False,BLINK CHARGING
BLOZF,1,1,False,TECHNOLOGIES,1.0,False,CA TECHNOLOGIES
BLRB.F,1,1,True,BEVI,1.0,False,BEVI
BLSH,1,1,True,BULLISH,1.0,False,BULLISH
BMI,1,1,False,NATIONAL,1.0,False,"BADGER METER, INC. DBA NATIONAL METER &"
BNSOL-USD,1,1,True,BINANCE,1.0,False,BINANCE
BOND,1,1,True,BOND,1.0,False,BOND
BOOM,1,1,False,DMC,1.0,False,DMC
BOSCHLTD.BO,1,1,False,BOSCH,1.0,False,BOSCH
BOSS.DE,1,1,False,HUGO,1.0,False,HUGO BOSS
BPSIX,1,1,False,BPSI,1.0,False,BPSI
BRF.F,1,1,True,IRESS,1.0,False,IRESS
BRIMZZX,1,1,True,MACHINES,1.0,False,BRIGHT MACHINES
BRK-B,1,1,False,QUADGRAPHICS,1.0,False,"QUADGRAPHICS, INC. N"
BRK.AX,1,1,False,BROOKS,1.0,False,BROOKS
BRLT,1,1,True,BRILLIANT,1.0,False,BRILLIANT
BRSL,1,1,False,BRIGHTSTAR,1.0,False,BRIGHTSTAR
BRUN,1,1,True,BOOST,1.0,False,BOOST
BSFO,1,1,False,FRANCISCO,1.0,False,"THE RITZ-CARLTON, SAN FRANCISCO"
BTAI,1,1,False,BIOXCEL,1.0,False,BIOXCEL THERAPEUTICS
BTGO,1,1,True,BITGO,1.0,False,BITGO
BTJ.SI,1,1,False,SONIC,1.0,False,SONIC
BTSG,1,1,False,HEALTH,1.0,False,BRIGHT HEALTH
BTTOLD-EUR,1,1,True,BITTORRENT,1.0,False,BITTORRENT
BTTX,1,1,True,THERAPEUTICS,1.0,False,BETTER THERAPEUTICS
BUFSX,1,1,False,NY,1.0,False,"OPERATIONS OF GLOBAL SPECTRUM, L.P. D/B/A SPECTRA VENUE MANAGEMENT (""SPECTRA"") AT CANALSIDE, BUFFALO, NY"
BUSER.ST,1,1,True,BUSER,1.0,False,BUSER
BYD,1,1,False,GAMING,1.0,False,BOYD GAMING CORPORATION
CA,1,1,False,FSB,1.0,False,"AURORA LOAN SERVICES, AURORA BANK FSB, CA"
CABI,1,1,False,CABI,1.0,False,"CABI, LLC"
CACH,1,1,False,CACHE,1.0,False,CACHE
CADKYD=X,1,1,False,PHARMACEUTICAL,1.0,False,"XANODYNE PHARMACEUTICAL, INC.ONE RIVERFRONT PLACE NEWPORT, KY"
CAFS,1,1,False,SERENDIPITY,1.0,False,SERENDIPITY
CAIBX,1,1,True,BUILDER,1.0,False,BUILDER
CAKE-GBP,1,1,False,PANCAKES,1.0,False,"PANCAKES, INC"
CALM,1,1,True,CALM,1.0,False,CALM
CAPILLARY.NS,1,1,True,CAPILLARY,1.0,False,CAPILLARY
CAPRI.MC,1,1,False,FCR,1.0,False,"FCR, LLC"
CARG,1,1,True,CARGURUS,1.0,False,CARGURUS
CARS,1,1,True,COM,1.0,False,CARS.COM
CART,1,1,False,MAPLEBEAR,1.0,False,"MAPLEBEAR INC., DBA INSTACART"
CB,1,1,False,CHUBB,1.0,False,CHUBB
CBAOF,1,1,False,TERRAFINA,1.0,False,"TERRAFINA, LLC"
CBDX,1,1,True,CURATIVE,1.0,False,CURATIVE
CCB,1,1,False,CCB,1.0,False,CCB
CCK,1,1,False,MILLWORK,1.0,False,"CROWN, COLUMN & MILLWORK COMPANY, LLC."
CCL,1,1,False,CARNIVAL,1.0,False,CARNIVAL CORPORATION
CDAQ.DE,1,1,True,UNCAPPED,1.0,False,UNCAPPED
CDLX,1,1,True,CARDLYTICS,1.0,False,CARDLYTICS
CDNS,1,1,False,CADENCE,1.0,False,"CADENCE DESIGN SYSTEMS, INC."
CDVIQ,1,1,False,DIVE,1.0,False,CAL DIVE INTERNATIONAL
CECVZZX,1,1,True,COLLECTIVE,1.0,False,COLLECTIVE HEALTH
CEDIZZX,1,1,True,CREDIT,1.0,False,CREDIT SESAME
CEG,1,1,False,CONSTELLATION,1.0,False,CONSTELLATION
CELU,1,1,False,CELULARITY,1.0,False,CELULARITY INC
CEREBRAINT.BO,1,1,False,TECHNOLOGIES,1.0,False,"INTEGRATED TECHNOLOGIES, INC DBA LMI AEROSPACE"
CFG,1,1,True,CITIZEN,1.0,False,CITIZEN
CFIBTGPLAI.SN,1,1,False,PACT,1.0,False,PACT
CFPI,1,1,False,PALM,1.0,False,PALM INC.
CFRXQ,1,1,True,CONTRAFECT,1.0,False,CONTRAFECT
CG,1,1,False,CARLYLE,1.0,False,"THE CARLYLE, LLC DBA THE CARLYLE, A ROSEWOOD HOTEL"
CGNT,1,1,True,COGNYTE,1.0,False,COGNYTE
CHANEL-USD,1,1,False,CHANEL,1.0,False,"CHANEL, INC"
CHD,1,1,False,CHURCH,1.0,False,"CHURCH & DWIGHT COMPANY, INC."
CHEF,1,1,True,CHEF,1.0,False,CHEF
CHGX,1,1,False,STANCE,1.0,False,STANCE
CHH,1,1,False,HOTELS,1.0,False,CHOICE HOTELS INTERNATIONAL
CHI,1,1,False,CHI,1.0,False,CHI
CHKP,1,1,True,POINT,1.0,False,POINT
CHP.L,1,1,False,CALEDONIAN,1.0,False,"CALEDONIAN, INC."
CHRS,1,1,False,COHERUS,1.0,False,"COHERUS BIOSCIENCES, INC."
CHSPI.SW,1,1,False,CHS,1.0,False,CHS
CHYM,1,1,False,CHIME,1.0,False,CHIME FINANCIAL INC.
CI,1,1,False,CIGNA,1.0,False,"CIGNA, CT GENERAL LIFE INSURANCE COMPANY"
CIEE.XC,1,1,False,CIEE,1.0,False,CIEE
CIEN,1,1,False,CIENA,1.0,False,CIENA CORPORATION
CIM,1,1,True,CHIME,1.0,False,CHIME
CJY=F,1,1,True,CANA,1.0,False,CANA
CL,1,1,False,PALMOLIVE,1.0,False,COLGATE-PALMOLIVE
CLBT,1,1,True,CELLEBRITE,1.0,False,CELLEBRITE
CLCH.TO,1,1,True,CLINC,1.0,False,CLINC
CLONE-USD,1,1,False,CONFIDENTIAL,1.0,False,CONFIDENTIAL
CLOV,1,1,False,HEALTH,1.0,False,CLOVER HEALTH
CLU.XA,1,1,True,CLUE,1.0,False,CLUE
CLUB,1,1,False,SPORTS,1.0,False,"TOWN SPORTS INTERNATIONAL, LLC"
CLUS.V,1,1,True,COLOSSUS,1.0,False,COLOSSUS
CMC,1,1,False,METALS,1.0,False,COMMERCIAL METALS COMPANY
CME,1,1,False,CME,1.0,False,CME GROUP
CML.XA,1,1,True,CONNECTED,1.0,False,CONNECTED
CMPR,1,1,True,CIMPRESS,1.0,False,CIMPRESS
CMTL,1,1,False,COMTECH,1.0,False,COMTECH
CNET,1,1,True,CNET,1.0,False,CNET
CNO,1,1,False,CNO,1.0,False,CNO FINANCIAL GROUP
CODA,1,1,True,CODA,1.0,False,CODA
COHU,1,1,False,TECHNOLOGIES,1.0,False,"COHU, INC. AND EVERETT CHARLES TECHNOLOGIES,"
COLAB.BO,1,1,True,COLAB,1.0,False,COLAB
COMP,1,1,False,COMPASS,1.0,False,COMPASS INC.
COMPEAU.BO,1,1,True,COMPETE,1.0,False,COMPETE
CORZ,1,1,True,SCIENTIFIC,1.0,False,CORE SCIENTIFIC
CPK,1,1,False,CHESAPEAKE,1.0,False,CHESAPEAKE
CPNG,1,1,True,COUPA,1.0,False,COUPA
CPRX,1,1,True,CATALYST,1.0,False,CATALYST
CPST,1,1,False,CAPSTONE,1.0,False,CAPSTONE TURBINE CORPORATION
CRAYONS-SM.NS,1,1,True,CRAYON,1.0,False,CRAYON
CRBU,1,1,True,CARIBOU,1.0,False,CARIBOU
CRCT,1,1,False,CRICUT,1.0,False,CRICUT INC
CRG.V,1,1,False,CROSSROADS,1.0,False,"CROSSROADS, INC."
CRGOW,1,1,True,FREIGHTOS,1.0,False,FREIGHTOS
CROX,1,1,False,CROCS,1.0,False,CROCS
CRSR,1,1,False,GAMING,1.0,False,"CORSAIR GAMING, INC."
CRWD,1,1,True,CROWDSTRIKE,1.0,False,CROWDSTRIKE
CRWS,1,1,False,CRAFTS,1.0,False,CRAFTS INC.
CS6.F,1,1,False,CASCADES,1.0,False,CASCADES
CSMDX,1,1,False,COPELAND,1.0,False,COPELAND
CSR,1,1,True,CENTER,1.0,False,CENTER
CSUD3F.SA,1,1,False,CSU,1.0,False,"CSU, CHICO"
CTEC.L,1,1,False,CONVATEC,1.0,False,CONVATEC
CTM.ST,1,1,True,CATENA,1.0,False,CATENA MEDIA
CU=F,1,1,False,CHICAGO,1.0,False,"THE LANGHAM, CHICAGO"
CURA.TO,1,1,False,CURALEAF,1.0,False,CURALEAF
CUROZZX,1,1,True,CUROLOGY,1.0,False,CUROLOGY
CVGW261016C00025000,1,1,False,CVG,1.0,False,"CVG, INC."
CWH,1,1,False,WORLD,1.0,False,CAMPING WORLD
CWK,1,1,False,CUSHMAN,1.0,False,CUSHMAN & WAKEFIELD
CXC.CN,1,1,False,CMX,1.0,False,"CMX, INC."
CXR.MI,1,1,False,COLOMBO,1.0,False,COLOMBO
CYRNQ,1,1,True,CYREN,1.0,False,CYREN
D,1,1,False,DOMINION,1.0,False,DOMINION
D8Y.F,1,1,False,SANDOZ,1.0,False,"SANDOZ, INC."
DAIYZZX,1,1,True,DAILYPAY,1.0,False,DAILYPAY
DANA,1,1,False,DANA,1.0,False,DANA
DAPP,1,1,False,TRANSFORM,1.0,False,TRANSFORM
DAR,1,1,False,INGREDIENTS,1.0,False,"DARLING INGREDIENTS, INC."
DARE,1,1,True,DARE,1.0,False,DARE
DATMZZX,1,1,True,DATAMINR,1.0,False,DATAMINR
DAZNX,1,1,True,DAZN,1.0,False,DAZN
DBA,1,1,False,RAKUTEN,1.0,False,"RAKUTEN COMMERCE LLC, DBA"
DBTLZZX,1,1,True,LABS,1.0,False,DBT LABS
DC4.VN,1,1,True,DICE,1.0,False,DICE
DCVSX,1,1,False,EXPRESS,1.0,False,"DOLLAR EXPRESS STORES 8710, 8822, AND 8963"
DCX,1,1,True,DIGITAL,1.0,False,DIGITAL CURRENCY ...
DDD,1,1,False,SYSTEMS,1.0,False,3D SYSTEMS
DE000SL0A2B7.SG,1,1,False,NORDAM,1.0,False,NORDAM
DE000SL0BNK4.SG,1,1,False,HOMES,1.0,False,"HOME EC, INC. DBA CONNECT HOMES"
DE000SL0BQN1.SG,1,1,True,BITSIGHT,1.0,False,BITSIGHT
DE000SL0CG95.SG,1,1,True,AHEAD,1.0,False,AHEAD
DE000SL0FBA1.SG,1,1,False,KITSO,1.0,False,"A-LIST, INC. AND H-LIST, INC. DBA KITSO"
DE000SL0GEJ4.SG,1,1,False,COMMUNITY,1.0,False,"COMMUNITY MEDICAL CENTERS, FOUNDATION"
DECK,1,1,False,DECKERS,1.0,False,DECKERS OUTDOOR CORPORATION
DEMCO.BK,1,1,False,DEMCO,1.0,False,"DEMCO, INC."
DFS.L,1,1,False,DFS,1.0,False,DFS
DG,1,1,False,GENERAL,1.0,False,DOLLAR GENERAL
DGCU2.BA,1,1,True,CUYANA,1.0,False,CUYANA
DGE.L,1,1,False,ECONOMIC,1.0,False,"FRESNO ECONOMIC OPPORTUNITIES COMMISSION (1101 E. ANNANDALE, 101)"
DGII,1,1,False,DIGI,1.0,False,DIGI INTERNATIONAL INC.
DH,1,1,True,HEALTHC,1.0,False,DEFINITIVE HEALTHC...
DHL.DE,1,1,False,DHL,1.0,False,DHL
DIBS,1,1,True,1STDIBS,1.0,False,1STDIBS
DIGGX,1,1,True,DIGG,1.0,False,DIGG
DIM.PA,1,1,True,STEDI,1.0,False,STEDI
DIN,1,1,False,DINE,1.0,False,"DINE BRANDS GLOBAL, INC."
DIVA.JK,1,1,True,VOUCH,1.0,False,VOUCH
DJSP,1,1,False,DJSP,1.0,False,DJSP ENTERPRISES
DK,1,1,False,DELEK,1.0,False,"DELEK US HOLDINGS, INC.-ALON USA ENERGY, INC."
DKKCAD=X,1,1,False,THRIFT,1.0,False,"THRIFT STORES OF WASHINGTON, D. C."
DKKIDR=X,1,1,True,ID,1.0,False,D-ID
DLC36116-USD,1,1,True,DEEPL,1.0,False,DEEPL
DLUX,1,1,False,DLUX,1.0,False,DLUX
DMC-USD,1,1,False,HOTEL,1.0,False,"MINING EXCHANGE, A WYNDHAM GRAND HOTEL"
DNLI,1,1,False,DENALI,1.0,False,DENALI
DOCEZZX,1,1,True,DOCKER,1.0,False,DOCKER
DOCK,1,1,True,DOCK,1.0,False,DOCK
DOCN,1,1,True,DIGITALOCEAN,1.0,False,DIGITALOCEAN
DOCS,1,1,True,DOXIMITY,1.0,False,DOXIMITY
DOMS.XC,1,1,False,DOMETIC,1.0,False,DOMETIC
DOV,1,1,True,DOVER,1.0,False,DOVER
DPLS,1,1,True,DARK,1.0,False,DARK
DRAGZZX,1,1,True,DRAGOS,1.0,False,DRAGOS
DRATZZX,1,1,True,DRATA,1.0,False,DRATA
DRIP,1,1,True,DRIP,1.0,False,DRIP
DROP,1,1,True,DROP,1.0,False,DROP
DSCO,1,1,True,DSCO,1.0,False,DSCO
DSKYF,1,1,False,DAIICHI,1.0,False,"DAIICHI SANKYO, INC."
DSP,1,1,True,VIANT,1.0,False,VIANT
DTOL.TO,1,1,True,D2L,1.0,False,D2L
DTT.F,1,1,False,DTT,1.0,False,DTT
DX3I.MU,1,1,False,RODGGE,1.0,False,"ROD M. RODGGE, D.D.S."
DXLG,1,1,False,DESTINATION,1.0,False,"DESTINATION XL GROUP, INC."
DYDX-USD,1,1,True,DYDX,1.0,False,DYDX
DZSIQ,1,1,False,DZS,1.0,False,"DZS, INC."
EAO.F,1,1,False,EMILIA,1.0,False,EMILIA
EBC,1,1,False,EASTERN,1.0,False,EASTERN BANK
ECL.AX,1,1,False,EXCELSIOR,1.0,False,EXCELSIOR
ECP.F,1,1,False,CAPITAL,1.0,False,ENCORE CAPITAL GROUP
ECT.AX,1,1,False,ENVIRO,1.0,False,ENVIRO-CLEAN
EDIT,1,1,True,EDITAS,1.0,False,EDITAS MEDICINE
EDMCQ,1,1,False,LLCC,1.0,False,"SOHO HOUSE WEST HOLLYWOOD, LLCC"
EFSI,1,1,False,EFS,1.0,False,EFS
EG,1,1,False,EVEREST,1.0,False,EVEREST GROUP
EGO,1,1,False,,0.0,False,"E&G CORPORATION, LLC"
EGS38171C012.CA,1,1,False,GLAXO,1.0,False,GLAXO SMITH KLINE
EHR=F,1,1,False,TIMES,1.0,False,"TIMES COMMUNITY NEWS, NORTH"
EIGHZZX,1,1,True,SLEEP,1.0,False,EIGHT SLEEP
EIGTZZX,1,1,True,AI,1.0,False,EIGHTFOLD AI
EIKN,1,1,False,THERAPEUTICS,1.0,False,EIKON THERAPEUTICS INC.
EL,1,1,False,LAUDER,1.0,False,ESTEE LAUDER COMPANIES
ELAA.SG,1,1,False,LAUDER,1.0,False,THE ESTEE LAUDER COMPANIES INC.
ELABS.OL,1,1,True,ELLIPTIC,1.0,False,ELLIPTIC
ELAN,1,1,False,ELAN,1.0,False,ELAN
ELIOR.PA,1,1,False,ELIOR,1.0,False,"ELIOR, INC"
ENJU3F.SA,1,1,True,ENJOEI,1.0,False,ENJOEI
ENS,1,1,False,ENERSYS,1.0,False,ENERSYS
ENTG,1,1,False,ENTEGRIS,1.0,False,"ENTEGRIS, INC."
EPI,1,1,True,EARNIN,1.0,False,EARNIN
EQ,1,1,False,EQ,1.0,False,EQ
EQIX,1,1,False,EQUINIX,1.0,False,EQUINIX
ERD.NZ,1,1,True,EROAD,1.0,False,EROAD
ES3.SI,1,1,False,ES3,1.0,False,ES3
ESAB,1,1,False,ESAB,1.0,False,ESAB
ESAIY,1,1,False,EISAI,1.0,False,EISAI
ESG.SI,1,1,True,CARBON,1.0,False,CARBON
ESI,1,1,True,ELEMENT,1.0,False,ELEMENT
ESNT.L,1,1,False,ESSENTRA,1.0,False,ESSENTRA
ESTC,1,1,True,ELASTIC,1.0,False,ELASTIC
ETSY,1,1,True,ETSY,1.0,False,ETSY
EVGO,1,1,True,EVGO,1.0,False,EVGO
EVL.DU,1,1,False,EVOLUS,1.0,False,"EVOLUS, INC."
EVR,1,1,True,EVERC,1.0,False,EVERC
EXC,1,1,False,EXELON,1.0,False,EXELON
EXOD,1,1,True,EXODUS,1.0,False,EXODUS
EYES,1,1,False,SECOND,1.0,False,"SECOND SIGHT MEDICAL PRODUCTS, INC."
EZM.F,1,1,False,OPMOBILITY,1.0,False,OPMOBILITY
EZPW,1,1,False,EZCORP,1.0,False,"EZCORP, INC."
FAC,1,1,True,FACTORIAL,1.0,False,FACTORIAL
FBMHS.FGI,1,1,True,HIJRA,1.0,False,HIJRA
FBTT,1,1,False,FIRST,1.0,False,FIRST BANK
FCEL,1,1,True,,0.0,False,E INC.
FCHL,1,1,False,CHAMPS,1.0,False,CHAMPS
FCNCA,1,1,False,FIRST,1.0,False,FIRST CITIZENS
FCX,1,1,False,FREEPORT,1.0,False,FREEPORT-MCMORAN
FET,1,1,False,TECHNOLOGIES,1.0,False,FORUM ENERGY TECHNOLOGIES
FEZ,1,1,False,FEZ,1.0,False,"FEZ, INC. DBA GT FISH & OYSTER"
FF0.F,1,1,False,FOX,1.0,False,"FOX FACTORY, INC"
FFBC,1,1,False,FIRST,1.0,False,FIRST FINANCIAL BANCORP
FFIC,1,1,False,TERMINAL,1.0,False,"HMSHOST (LAGUARDIA AIRPORT TERMINAL B SUITE 3600, FLUSHING)"
FGROX,1,1,False,EMERALD,1.0,False,"EMERALD, MS, LLC"
FHI,1,1,False,FHI,1.0,False,"FHI, LLC"
FHUBE.DE,1,1,True,BUX,1.0,False,BUX
FIGR,1,1,True,FIGURE,1.0,False,FIGURE
FILVZZX,1,1,True,FILEVINE,1.0,False,FILEVINE
FIVE,1,1,False,FIVE,1.0,False,"FIVE BELOW, INC."
FIX,1,1,False,SYSTEMS,1.0,False,"COMFORT SYSTEMS USA, INC. (SYRACUSE)"
FLS,1,1,False,FLOWSERVE,1.0,False,FLOWSERVE
FLUTZZX,1,1,True,FLUTTERWAVE,1.0,False,FLUTTERWAVE
FLWPF,1,1,True,FLOWR,1.0,False,FLOWR
FLXN,1,1,False,THERAPEUTICS,1.0,False,"FLEXION THERAPEUTICS, INC. (""FLEXION"")"
FMAGX,1,1,False,MAGELLAN,1.0,False,MAGELLAN
FMC,1,1,False,FMC,1.0,False,FMC CORPORATION
FMS,1,1,False,CARE,1.0,False,"FRESENIUS MEDICAL CARE, NORTH AMERICA / KNOX BILLING GROUP"
FNITX,1,1,False,INSIGHT,1.0,False,INSIGHT
FNKO,1,1,False,FUNKO,1.0,False,"FUNKO, LLC"
FNZ.NZ,1,1,True,FNZ,1.0,False,FNZ
FOA,1,1,False,FINANCE,1.0,False,FINANCE OF AMERICA
FOQAZZX,1,1,True,FLOQAST,1.0,False,FLOQAST
FOSL,1,1,False,FOSSIL,1.0,False,FOSSIL GROUP
FR.PA,1,1,False,VALEO,1.0,False,VALEO
FREEZZX,1,1,True,FREENOME,1.0,False,FREENOME
FRGXX,1,1,False,FIDELITY,1.0,False,FIDELITY INVESTMENTS
FRO,1,1,True,FRONT,1.0,False,FRONT
FSECURE.HE,1,1,True,SECURE,1.0,False,F-SECURE
FSENZZX,1,1,True,6SENSE,1.0,False,6SENSE
FSM,1,1,False,FORTUNA,1.0,False,FORTUNA
FTCHQ,1,1,True,FARFETCH,1.0,False,FARFETCH
FTNT,1,1,True,FORTINET,1.0,False,FORTINET
FTZXX,1,1,False,RETAIL,1.0,False,"AMERICAN RETAIL, INC. DBA AMERICAN GIRL PLACE LOS ANGELES"
FUBO,1,1,True,FUBOTV,1.0,False,FUBOTV
FUL,1,1,False,FULLER,1.0,False,H.B. FULLER
FWD-USD,1,1,True,REWIND,1.0,False,REWIND
FXY,1,1,True,CURRENCY,1.0,False,CURRENCY
FYLD,1,1,False,CAMBRIA,1.0,False,CAMBRIA
G4NA.HM,1,1,True,ARETE,1.0,False,ARETE
G8L.F,1,1,True,GREENLIGHT,1.0,False,GREENLIGHT
GAAECX,1,1,False,2065,1.0,False,"HOSTESS BRANDS, INC. - 2065"
GAT31575-USD,1,1,True,GATHER,1.0,False,GATHER
GCRIF,1,1,False,GCR,1.0,False,GCR
GDOT,1,1,False,DOT,1.0,False,GREEN DOT CORP
GEH.SI,1,1,False,GOODWILL,1.0,False,GOODWILL
GEST.MC,1,1,False,GESTAMP,1.0,False,GESTAMP
GETIBS.XC,1,1,False,GETINGE,1.0,False,GETINGE
GGEO.ST,1,1,True,GUIDELINE,1.0,False,GUIDELINE
GH,1,1,True,HEALTH,1.0,False,GUARDANT HEALTH
GHI,1,1,False,GREYSTONE,1.0,False,GREYSTONE
GHSJPY=X,1,1,False,GHS,1.0,False,GHS
GIII,1,1,False,NYC,1.0,False,"G-III APPAREL GROUP, LTD. (3 NYC SITES)"
GJL-SM.NS,1,1,True,GROVER,1.0,False,GROVER
GLAXO.BO,1,1,False,GLAXOSMITHKLINE,1.0,False,GLAXOSMITHKLINE
GLCH-USD,1,1,True,GLITCH,1.0,False,GLITCH
GLNS,1,1,False,GOLDEN,1.0,False,GOLDEN STAR
GLOO,1,1,True,GLOO,1.0,False,GLOO
GNC.AX,1,1,False,GNC,1.0,False,GNC
GNS,1,1,True,GENIUS,1.0,False,GENIUS
GOCO,1,1,True,GOHEALTH,1.0,False,GOHEALTH
GOGO,1,1,False,GOGO,1.0,False,"GOGO, INC."
GOOP,1,1,True,GOOP,1.0,False,GOOP
GOSS,1,1,False,BIO,1.0,False,"GOSSAMER BIO, INC."
GP,1,1,False,SWELL,1.0,False,"SWELL ATHLETIC CLUBS, GP, DBA WCAC MANAGEMENT LLC"
GPC,1,1,False,PARTS,1.0,False,GENUINE PARTS COMPANY
GPRE,1,1,False,GREEN,1.0,False,GREEN PLAINS
GRCE,1,1,False,GRACE,1.0,False,GRACE
GRDN,1,1,False,PHARMACY,1.0,False,"PHARMACY SERVICES, INC. D/B/A BELLEVUE PHARMACY"
GROV,1,1,True,COLLABORATI,1.0,False,GROVE COLLABORATI...
GRZ.V,1,1,True,RESERVE,1.0,False,RESERVE
GSRQX,1,1,True,GSR,1.0,False,GSR
GTLB,1,1,True,GITLAB,1.0,False,GITLAB
GUSTZZX,1,1,True,GUSTO,1.0,False,GUSTO
GWH,1,1,False,TECH,1.0,False,"ESS TECH, INC."
GWRE,1,1,True,GUIDEWIRE,1.0,False,GUIDEWIRE
GWSVX,1,1,False,AAA,1.0,False,"AMERICAN AMBULETTE & AMBULANCE SWERVICE, INC. (""AAA"")"
H3G.F,1,1,False,LEE,1.0,False,LEE BRAND
HA9.F,1,1,True,DISPATCH,1.0,False,DISPATCH
HACKZZX,1,1,True,HACKERONE,1.0,False,HACKERONE
HASH11.SA,1,1,True,HASH,1.0,False,HASH
HAUS,1,1,True,HAUS,1.0,False,HAUS
HBS.F,1,1,False,DELFINGEN,1.0,False,DELFINGEN
HCC,1,1,False,COA,1.0,False,"COA, INC. DBA COASTER COMPANY OF AMERICA"
HCLN.TO,1,1,False,HCL,1.0,False,HCL
HDTVX,1,1,False,HDT,1.0,False,HDT
HEN3.DE,1,1,False,HENKEL,1.0,False,HENKEL
HERE,1,1,True,HERE,1.0,False,HERE
HF,1,1,False,DGA,1.0,False,"DGA, INC. DBA PRO-FORM LABORATORIES"
HGM.NS,1,1,False,HGM,1.0,False,"HGM, HAILE GOLD MINE, INC."
HHIGF,1,1,False,SHARE,1.0,False,SHARE GROUP
HIK.L,1,1,False,HIKMA,1.0,False,HIKMA
HILS.L,1,1,False,SMITH,1.0,False,"HILL & SMITH, INC."
HIMS,1,1,True,HIMS,1.0,False,HIMS & HERS
HIPH,1,1,False,WATER,1.0,False,"PREMIUM WATER, INC."
HIRECT.BO,1,1,True,HIRECT,1.0,False,HIRECT
HL,1,1,False,HECLA,1.0,False,HECLA MINING
HMEIZZX,1,1,True,HOMELIGHT,1.0,False,HOMELIGHT
HMI.DE,1,1,False,HMI,1.0,False,HMI
HMSB.F,1,1,False,MAURITZ,1.0,False,H&M HENNES & MAURITZ
HOFT,1,1,False,FURNITURE,1.0,False,HOOKER FURNITURE CORPORATION
HOMI.BR,1,1,False,HOMI,1.0,False,HOMI
HOOK-USD,1,1,True,PROTOCOL,1.0,False,PROTOCOL
HOVRW,1,1,False,HORIZON,1.0,False,HORIZON AIR
HPQ,1,1,False,HP,1.0,False,HP INC.
HRC=F,1,1,True,RO,1.0,False,RO
HRTX,1,1,False,THERAPEUTICS,1.0,False,"HERON THERAPEUTICS, INC."
HRZA.F,1,1,False,HUSQVARNA,1.0,False,HUSQVARNA
HSBK.IL,1,1,True,JOIN,1.0,False,JOIN
HSN.AX,1,1,False,HSN,1.0,False,HSN
HSTM,1,1,False,HEALTHSTREAM,1.0,False,"HEALTHSTREAM, INC."
HSY,1,1,False,HERSHEY,1.0,False,THE HERSHEY COMPANY
HTOO,1,1,False,FUSION,1.0,False,FUSION
HUBG,1,1,False,HUB,1.0,False,HUB GROUP
HUGE.AX,1,1,False,HUGE,1.0,False,"HUGE, INC."
HUGGZZX,1,1,True,FACE,1.0,False,HUGGING FACE
HUMA,1,1,True,HUMA,1.0,False,HUMA
HVLU.AX,1,1,False,HVL,1.0,False,"HVL, LLC"
HYMC,1,1,False,HYCROFT,1.0,False,HYCROFT MINING
IAPDM.XD,1,1,False,IAP,1.0,False,IAP
ICADP.XC,1,1,True,ICAD,1.0,False,ICAD
ICETZZX,1,1,True,ICERTIS,1.0,False,ICERTIS
ICP.SG,1,1,True,PANA,1.0,False,PANA
ICRA.NS,1,1,False,ICR,1.0,False,"ICR, INC."
ICUI,1,1,False,MEDICAL,1.0,False,"ICU MEDICAL, INC"
IDT,1,1,False,IDT,1.0,False,IDT CORPORATION
IDX,1,1,False,IDX,1.0,False,IDX
IDXX,1,1,False,IDEXX,1.0,False,IDEXX LABORATORIES
IGN.AX,1,1,True,IGNITE,1.0,False,IGNITE
IGSGA.XD,1,1,False,IGS,1.0,False,IGS
IHG,1,1,False,IHG,1.0,False,IHG
IHRT,1,1,False,IHEARTMEDIA,1.0,False,"IHEARTMEDIA, INC."
IITRZZX,1,1,False,INSITRO,1.0,False,"INSITRO, INC."
IKE.AX,1,1,True,IKE,1.0,False,IKE
ILKAY,1,1,False,RESOURCES,1.0,False,ILUKA RESOURCES
IMAX,1,1,False,IMAX,1.0,False,IMAX
IMPMQ,1,1,False,IMPAC,1.0,False,IMPAC MORTGAGE HOLDINGS INC
IMPUY,1,1,True,IMPALA,1.0,False,IMPALA
INCHZZX,1,1,True,INCLUDED,1.0,False,INCLUDED HEALTH
INDIQUBE.NS,1,1,True,SPACES,1.0,False,SPACES
INGM,1,1,False,INGRAM,1.0,False,"INGRAM MICRO, INC."
INOH,1,1,False,OVATIONS,1.0,False,OVATIONS
INTA,1,1,True,INTAPP,1.0,False,INTAPP
INVH,1,1,False,INVITATION,1.0,False,INVITATION HOMES
INW.F,1,1,True,SOFTWARE,1.0,False,SOFTWARE AG
IOT,1,1,True,SAMSARA,1.0,False,SAMSARA
IPHPAX,1,1,False,IPH,1.0,False,IPH
IPI,1,1,False,POTASH,1.0,False,INTREPID POTASH
IPIC,1,1,False,IPIC,1.0,False,IPIC ENTERTAINMENT INC.
IQE.L,1,1,False,IQE,1.0,False,IQE
IQV,1,1,False,IQVIA,1.0,False,IQVIA
IREX,1,1,False,IREX,1.0,False,IREX
ISPC,1,1,True,ISPECIMEN,1.0,False,ISPECIMEN
ITERZZX,1,1,False,REAL,1.0,False,"CHEVRON GLOBAL DOWNSTREAM,BUS REAL ESTATE,IT COMPA"
IWIRX,1,1,False,ATK,1.0,False,ATK
IZZY-USD,1,1,False,IZZY,1.0,False,IZZY+
JAMAX,1,1,True,JAMA,1.0,False,JAMA
JANEX,1,1,True,JANE,1.0,False,JANE
JBI,1,1,False,INTERNATIONAL,1.0,False,JANUS INTERNATIONAL GROUP
JBT.F,1,1,False,JBT,1.0,False,JBT MAREL CORPORATION
JBT.MU,1,1,False,EQUIPMENT,1.0,False,"JBT MAREL, PRIME EQUIPMENT GROUP"
JIVE,1,1,False,JIVE,1.0,False,JIVE
JL80.F,1,1,False,NORCON,1.0,False,NORCON
JMIA,1,1,True,JUMIA,1.0,False,JUMIA
JN9.F,1,1,False,SPIRIT,1.0,False,SPIRIT
JNUG,1,1,True,JUNI,1.0,False,JUNI
JP1A.F,1,1,False,PACIFIC,1.0,False,"JAKKS PACIFIC, INC."
JPJY.PA,1,1,False,,0.0,False,"S. M. & J., INC."
JPM-PM,1,1,False,CHASE,1.0,False,J P MORGAN CHASE
JSPR,1,1,True,JASPER,1.0,False,JASPER
JUMPZZX,1,1,True,JUMPCLOUD,1.0,False,JUMPCLOUD
K6Z.F,1,1,False,JUSTICE,1.0,False,JUSTICE
K9B.F,1,1,True,SADA,1.0,False,SADA
KALU,1,1,False,KAISER,1.0,False,KAISER ALUMINUM
KARBON.BO,1,1,True,KARBON,1.0,False,KARBON
KCPSUGIND.BO,1,1,False,INDUSTRIES,1.0,False,S & A INDUSTRIES
KCRE11.SA,1,1,True,CREDITAS,1.0,False,CREDITAS
KD,1,1,True,KYNDRYL,1.0,False,KYNDRYL
KELYA,1,1,False,KELLY,1.0,False,KELLY SERVICES
KIDBQ,1,1,False,KID,1.0,False,"KID BRANDS, INC."
KLAC,1,1,False,KLA,1.0,False,KLA CORPORATION
KLXE,1,1,False,KLX,1.0,False,"KLX, INC."
KNKT,1,1,True,KUNE,1.0,False,KUNE
KODAZZX,1,1,True,ROBOTICS,1.0,False,KODIAK ROBOTICS
KODK,1,1,False,KODAK,1.0,False,KODAK
KOP,1,1,False,KOPPERS,1.0,False,"KOPPERS, INC."
KRG,1,1,True,KITE,1.0,False,KITE
KRMN,1,1,True,KARMA,1.0,False,KARMA
KRYP,1,1,True,COINDESK,1.0,False,COINDESK
KTB,1,1,False,KONTOOR,1.0,False,"KONTOOR BRANDS, INC. DISTRIBUTION CENTER"
KXS.TO,1,1,True,KINAXIS,1.0,False,KINAXIS
KY4.F,1,1,False,KIRIN,1.0,False,"KYOWA KIRIN, INC."
L2Y.F,1,1,True,SUNDAE,1.0,False,SUNDAE
LAC,1,1,False,AMERICAS,1.0,False,"BALL METAL BEVERAGE PACKAGING DIV, AMERICAS"
LACR.PA,1,1,False,LACROIX,1.0,False,LACROIX
LANDZ.XC,1,1,False,GYR,1.0,False,LANDIS + GYR
LAUR,1,1,False,LAUREATE,1.0,False,LAUREATE EDUCATION INC
LCID,1,1,False,LUCID,1.0,False,"LUCID GROUP, INC."
LCTX,1,1,False,LINEAGE,1.0,False,LINEAGE
LDTCF,1,1,True,LEDDARTECH,1.0,False,LEDDARTECH
LEBGF,1,1,True,LEGIBLE,1.0,False,LEGIBLE
LEMIF,1,1,False,EDGE,1.0,False,LEADING EDGE
LFTO,1,1,True,LIFTOFF,1.0,False,LIFTOFF
LFUS,1,1,False,LITTELFUSE,1.0,False,LITTELFUSE
LH1.F,1,1,False,LIFETIME,1.0,False,LIFETIME BRANDS
LICT,1,1,False,29,1.0,False,"THE COURTYARD BY MARRIOTT LONG ISLAND CITY (29-15 QUEENS PLAZA NORTH, LIC)"
LID.SG,1,1,False,DATA,1.0,False,"ALLIANCE DATA SYSTEMS, INC."
LIDO-USD.AS,1,1,True,LIDO,1.0,False,LIDO
LIL3.F,1,1,False,PARADISE,1.0,False,"PARADISE, INC."
LIN,1,1,False,MAURITZ,1.0,False,"HENNES AND MAURITZ, L. P."
LINE,1,1,False,LINN,1.0,False,LINN ENERGY
LION,1,1,False,LIONSGATE,1.0,False,LIONSGATE
LNC,1,1,False,LINCOLN,1.0,False,LINCOLN NATIONAL CORPORATION
LNZA,1,1,False,GLOBAL,1.0,False,"LANZATECH GLOBAL, INC."
LOAN,1,1,False,HOTEL,1.0,False,"1 BB FOOD AND DRINK CORP. (1 HOTEL BROOKLYN, BRIDGE)"
LOCO,1,1,True,LOCO,1.0,False,LOCO
LOGI,1,1,True,LOGITECH,1.0,False,LOGITECH
LONN.SW,1,1,False,LONZA,1.0,False,"LONZA, INC."
LOR.NE,1,1,False,LOREAL,1.0,False,LOREAL
LPX,1,1,False,PACIFIC,1.0,False,LOUISIANA-PACIFIC
LSPD.TO,1,1,False,SKILLEDUP,1.0,False,"LIGHTSPEED, INC. DBA SKILLEDUP"
LTH=F,1,1,False,HYDRO,1.0,False,HYDRO
LTRN,1,1,True,LANTERN,1.0,False,LANTERN
LUCD,1,1,True,DIAGNOSTICS,1.0,False,LUCID DIAGNOSTICS
LUCK,1,1,False,ENTERTAINMENT,1.0,False,"LUCKY STRIKE ENTERTAINMENT, LLC"
LUMB,1,1,False,GUARANTY,1.0,False,GUARANTY BANK
LVS,1,1,False,VEGAS,1.0,False,LAS VEGAS SANDS CORP
LYTS,1,1,False,LSI,1.0,False,"LSI INDUSTRIES, INC."
M130.F,1,1,True,VERSE,1.0,False,VERSE
M14.SI,1,1,True,M1,1.0,False,M1
M6Q.SG,1,1,False,OUTOTEC,1.0,False,OUTOTEC
MAHN,1,1,False,NET,1.0,False,HEALTH NET
MARKZZX,1,1,True,MARK43,1.0,False,MARK43
MATW,1,1,False,INTERNATIONAL,1.0,False,MATTHEWS INTERNATIONAL CORP.
MBC,1,1,False,MASTERBRAND,1.0,False,MASTERBRAND
MBIO,1,1,False,MUSTANG,1.0,False,"MUSTANG BIO, INC."
MBS37266-USD,1,1,False,MIND,1.0,False,MIND BODY
MBWSP.XD,1,1,True,BRIZA,1.0,False,BRIZA
MC.PA,1,1,False,VUITTON,1.0,False,LOUIS VUITTON
MCR,1,1,False,CHART,1.0,False,CHART INC.
MDIV,1,1,False,MDI,1.0,False,MDI
MDV,1,1,False,MDV,1.0,False,MDV
ME32197-USD,1,1,True,MAGIC,1.0,False,MAGIC EDEN
MED,1,1,False,MEDIFAST,1.0,False,"MEDIFAST, INC."
MELI,1,1,True,MERCADOLIBRE,1.0,False,MERCADOLIBRE
MEWSX,1,1,True,MEWS,1.0,False,MEWS
MFLTY,1,1,True,MISSFRESH,1.0,False,MISSFRESH
MG,1,1,False,LABORATORIES,1.0,False,"MISTRAS GROUP, INC. AND SUBSIDIARY QUALITY SERVICES LABORATORIES IN"
MGDDY,1,1,False,MICHELIN,1.0,False,MICHELIN
MGLI,1,1,False,MAG,1.0,False,"MAG INDUSTRIES, LLC"
MGNI,1,1,True,MAGNITE,1.0,False,MAGNITE
MI,1,1,False,HS,1.0,False,"COMMUNITY DEVELOPMENT INSTITUTE HEAD START/CDI HS SERVING ST. CLAIR COUNTY, MI"
MIGO,1,1,True,MIGO,1.0,False,MIGO
MIQPX,1,1,True,MIQ,1.0,False,MIQ
MIR,1,1,False,TECHNOLOGIES,1.0,False,"MIRION TECHNOLOGIES, INC."
MLI,1,1,False,MUELLER,1.0,False,"MUELLER INDUSTRIES, INC."
MLKN,1,1,False,MILLERKNOLL,1.0,False,MILLERKNOLL INC.
MMC=F,1,1,False,MMC,1.0,False,MMC
MMI,1,1,False,MARCUS,1.0,False,MARCUS & MILLICHAP
MO,1,1,False,FREDERICKTOWN,1.0,False,"TOWN & COUNTRY GROCERS OF FREDERICKTOWN, MO, INC"
MOCA31526-USD,1,1,False,MOCA,1.0,False,MOCA
MODTHREAD.NS,1,1,True,THREAD,1.0,False,THREAD
MOG-A,1,1,False,MOOG,1.0,False,MOOG INC.
MOJO,1,1,True,MOJO,1.0,False,MOJO
MOND,1,1,False,MONDEE,1.0,False,MONDEE
MONTECARLO.NS,1,1,True,CARLO,1.0,False,MONTE CARLO
MOO,1,1,False,MOO,1.0,False,MOO
MOONZZX,1,1,True,MOONPAY,1.0,False,MOONPAY
MOVE,1,1,False,MOVE,1.0,False,"MOVE, INC."
MPL,1,1,True,MPL,1.0,False,MPL
MPLX-USD,1,1,True,METAPLEX,1.0,False,METAPLEX
MPPA.JK,1,1,False,MPP,1.0,False,MPP
MQ,1,1,True,MARQETA,1.0,False,MARQETA
MRCY,1,1,False,SYSTEMS,1.0,False,"MERCURY SYSTEMS, INC."
MRE.TO,1,1,False,MARTINREA,1.0,False,MARTINREA
MRVL,1,1,True,MARVELL,1.0,False,MARVELL
MRX.F,1,1,True,SPEX,1.0,False,MISTER SPEX
MSUMI.NS,1,1,False,MOTHER,1.0,False,MOTHER'S
MTA.V,1,1,True,STREAM,1.0,False,STREAM
MTB,1,1,False,BANK,1.0,False,M & T BANK
MVMD.CN,1,1,False,MVM,1.0,False,MVM
MWWC,1,1,False,MARKETING,1.0,False,"COMMUNITY MEDICAL CENTERS, MARKETING"
MXCT,1,1,False,MAXCYTE,1.0,False,"MAXCYTE, INC. (MAXCYTE HEADQUARTERS)"
NABL,1,1,True,ABL,1.0,False,ABL
NAC,1,1,False,NAC,1.0,False,NAC
NAS.OL,1,1,True,SHUTTL,1.0,False,SHUTTL
NAT.F,1,1,False,NAPA,1.0,False,NAPA
NATCAPSUQ.NS,1,1,True,CAPSULE,1.0,False,CAPSULE
NAVI,1,1,True,NAVI,1.0,False,NAVI
NBR,1,1,False,NA,1.0,False,"NA INDUSTRIES, INC."
NBTYX,1,1,False,NBTY,1.0,False,NBTY
NCH2.F,1,1,False,NUCERA,1.0,False,NUCERA
NCRRP,1,1,False,NCR,1.0,False,NCR CORPORATION
NCX.V,1,1,True,NCX,1.0,False,NCX
NEN,1,1,False,AES,1.0,False,"AES WARRIOR RUN, LIMITED PARTNERSHIP"
NEXI,1,1,False,NEXIMMUNE,1.0,False,"NEXIMMUNE, INC."
NF1.MU,1,1,False,NILFISK,1.0,False,NILFISK
NFI.TO,1,1,False,NFI,1.0,False,NFI
NGVT,1,1,False,INGEVITY,1.0,False,INGEVITY CORPORATION
NIACL.NS,1,1,True,ASSURANCE,1.0,False,ASSURANCE
NIO,1,1,True,NIO,1.0,False,NIO
NJR,1,1,False,WAYSECAUCUS,1.0,False,"FILENE\'S BASEMENT/SYMS CLOTHING SYMS CORP AND FILENE\'S BASEMENT, LLCONE SYMS WAYSECAUCUS, NEW JERSEY"
NMBL,1,1,False,NIMBLE,1.0,False,"NIMBLE STORAGE, INC."
NMM,1,1,True,NAV,1.0,False,NAV
NO30.F,1,1,False,NOODLES,1.0,False,NOODLES & CO
NOEJ.HA,1,1,False,NORMA,1.0,False,"NORMA GROUP, INC,"
NOICE-USD,1,1,True,NOICE,1.0,False,NOICE
NOK,1,1,False,NOKIA,1.0,False,"NOKIA, INC."
NORNQ,1,1,False,NORANDA,1.0,False,"NORANDA ALUMINUM, INC"
NOTE,1,1,True,FISCALNOTE,1.0,False,FISCALNOTE
NP,1,1,False,PAPER,1.0,False,NEENAH PAPER
NRDS,1,1,True,NERDWALLET,1.0,False,NERDWALLET
NRDY,1,1,True,NERDY,1.0,False,NERDY
NRIS,1,1,False,NORRIS,1.0,False,NORRIS
NS8U.SI,1,1,True,NS8,1.0,False,NS8
NSBFX,1,1,False,BARBARA,1.0,False,"THE RITZ-CARLTON BACARA, SANTA BARBARA"
NSC,1,1,False,SOUTHERN,1.0,False,NORFOLK SOUTHERN
NTBLQ,1,1,True,NOTABLE,1.0,False,NOTABLE LABS
NTC.JO,1,1,False,NETCARE,1.0,False,NETCARE
NTES,1,1,True,NETEASE,1.0,False,NETEASE
NTMC.NE,1,1,False,NEOTECH,1.0,False,NEOTECH
NUE,1,1,False,NUCOR,1.0,False,NUCOR
NWF0.F,1,1,False,FOREST,1.0,False,WESTERN FOREST PRODUCTS INC.
NWL,1,1,False,BRANDS,1.0,False,"NEWELL BRANDS, INC."
NWPP,1,1,False,PEOPLES,1.0,False,"PEOPLES, INC."
NX,1,1,False,PRODUCTS,1.0,False,QUANEX BUILDING PRODUCTS
ODFL,1,1,False,OLD,1.0,False,"OLD DOMINION FREIGHT LINE, INC."
OGN,1,1,False,ORGANON,1.0,False,ORGANON
OHI,1,1,False,OMEGA,1.0,False,OMEGA HEALTHCARE
OHTR,1,1,False,CASINO,1.0,False,RESORT CASINO
OI,1,1,False,OWENS,1.0,False,"OWENS ILLINOIS, INC."
ON,1,1,True,ON,1.0,False,ON
OPAD,1,1,True,OFFERPAD,1.0,False,OFFERPAD
OPAL,1,1,True,OPAL,1.0,False,OPAL
OPENX-USD,1,1,True,OPENX,1.0,False,OPENX
OPEPZZX,1,1,True,OPENSPACE,1.0,False,OPENSPACE
ORBIA.MX,1,1,False,ADVANCE,1.0,False,ADVANCE CORPORATION
ORBT,1,1,True,ORBIT,1.0,False,ORBIT
ORIENTELEC.NS,1,1,True,ORIENTE,1.0,False,ORIENTE
ORLY,1,1,False,REILLY,1.0,False,"O'REILLY AUTOMOTIVE, INC."
ORT16252-USD,1,1,True,OKRA,1.0,False,OKRA
OSCR,1,1,True,OSCAR,1.0,False,OSCAR HEALTH
OTLY,1,1,True,OATLY,1.0,False,OATLY
OTOVO.OL,1,1,True,OTOVO,1.0,False,OTOVO
OUTB,1,1,False,BLOOMING,1.0,False,"OS RESTAURANT SERVICES LLC (BLOOMING BRANDS, D/B/A: BONEFISH, CARRABBA’S, FLEMINGS, & OUTBACK)"
OVER36272-USD,1,1,True,OVERTIME,1.0,False,OVERTIME
OWLT,1,1,True,OWLET,1.0,False,OWLET
OWN,1,1,True,OWN,1.0,False,OWN
OY4.F,1,1,True,MOGO,1.0,False,MOGO
OYYAT.IS,1,1,False,RINGO,1.0,False,"OKI RINGO DBA COVINA, O YA, & ROOF @ PARK SOUTH"
P,1,1,False,PANDORA,1.0,False,"PANDORA MEDIA, INC."
P4F.SG,1,1,False,PINNACLE,1.0,False,PINNACLE FOODS
PA=F,1,1,False,PITTSBURGH,1.0,False,"PITTSBURGH NURSING AND REHAB CENTER, PA"
PAGS,1,1,True,PAGSEGURO,1.0,False,PAGSEGURO
PAJAMAS-USD,1,1,True,YOUTUBE,1.0,False,YOUTUBE
PAR8665-USD,1,1,False,PARALLEL,1.0,False,PARALLEL
PARAS.NS,1,1,False,FARMS,1.0,False,"ROY FARMS, SPC"
PARAUCO.SN,1,1,False,ARAUCO,1.0,False,ARAUCO
PAT.L,1,1,True,PANTHER,1.0,False,PANTHER
PAYC,1,1,True,PAYCOM,1.0,False,PAYCOM
PAYD,1,1,True,PAID,1.0,False,#PAID
PAYU-USD,1,1,True,PAYU,1.0,False,PAYU
PBF,1,1,False,BENECARD,1.0,False,"BENECARD, PBF, INC."
PBM,1,1,False,PERFECT,1.0,False,"PBM, LLC (PERFECT BUILDING MAINTENANCE)"
PCM,1,1,False,PCM,1.0,False,"PCM, INC."
PCPP,1,1,True,PORTER,1.0,False,PORTER
PCRX,1,1,False,BIOSCIENCES,1.0,False,"PACIRA BIOSCIENCES, INC."
PCSFX,1,1,False,GUESS,1.0,False,"GUESS?, INC. (CAPITAL)"
PD,1,1,True,PAGERDUTY,1.0,False,PAGERDUTY
PDFDX,1,1,False,PLATTSBURGH,1.0,False,"CHRISTOPHER'S RESTAURANT INC. DBA COMFORT INN AND SUITES, ECLIPSE FITNESS AND SPA, PERKINS, PLATTSBURGH BREWING, CHAMP'S FUN CITY"
PEB,1,1,True,PEBBLE,1.0,False,PEBBLE
PEN,1,1,False,PENUMBRA,1.0,False,"PENUMBRA, INC."
PERSISTENT.NS,1,1,False,SYSTEMS,1.0,False,PE SYSTEMS
PESTO-USD,1,1,True,PESTO,1.0,False,PESTO
PFS,1,1,True,PROVI,1.0,False,PROVI
PFT.XA,1,1,False,TASMAN,1.0,False,TASMAN
PGFF,1,1,False,PRODUCE,1.0,False,"GREEN FARMS, INC DBA WORLDWIDE PRODUCE"
PGIL.NS,1,1,False,GLOBAL,1.0,False,"GLOBAL INDUSTRIES, INC."
PGR,1,1,False,PROGRESS,1.0,False,THE PROGRESS
PHP.JO,1,1,False,PRIMARY,1.0,False,PRIMARY HEALTH
PHPCNY=X,1,1,False,HUDSON,1.0,False,"MID HUDSON MEDICAL GROUP, P. C."
PHUN,1,1,True,PHUNWARE,1.0,False,PHUNWARE
PI,1,1,True,IMPINJ,1.0,False,IMPINJ
PINK,1,1,False,PINK,1.0,False,PINK
PIPE,1,1,True,PIPE,1.0,False,PIPE
PK,1,1,False,RESORTS,1.0,False,PARK HOTELS & RESORTS
PKN.MU,1,1,False,PERKINELMER,1.0,False,PERKINELMER
PLARZZX,1,1,True,AI,1.0,False,PLACER.AI
PLUG,1,1,False,POWER,1.0,False,"PLUG POWER, INC."
PMTS,1,1,False,CPI,1.0,False,CPI CARD GROUP
POLLY35695-USD,1,1,True,POLLY,1.0,False,POLLY
PPI,1,1,False,PPI,1.0,False,"PPI, INC."
PRAXX,1,1,False,PRIME,1.0,False,PRIME RETAIL
PREPZZX,1,1,True,PREPLY,1.0,False,PREPLY
PRGS,1,1,False,SOFTWARE,1.0,False,PROGRESS SOFTWARE CORPORATION
PRI,1,1,True,PRIMER,1.0,False,PRIMER
PROSPECT.BK,1,1,False,PRO,1.0,False,PRO LOGISTICS
PRTS,1,1,False,CARPARTS,1.0,False,CARPARTS.COM
PRX.AS,1,1,True,PROSUS,1.0,False,PROSUS
PS,1,1,False,RCO,1.0,False,"RCO LEGAL, PS"
PSCU,1,1,False,PSCU,1.0,False,"PSCU, INC."
PSRW.L,1,1,False,MARK,1.0,False,MARK III
PTBL.TA,1,1,False,BLUE,1.0,False,"BLUE SHIELD OF CALIFORNIA - TOWN CENTER, BUILDING C"
PUBM,1,1,True,PUBMATIC,1.0,False,PUBMATIC
PUMP,1,1,False,PUMP,1.0,False,"PUMP, LLC DBA PUMP RESTAURANT"
PWR.XA,1,1,True,WARREN,1.0,False,WARREN
PXLW,1,1,True,PIX,1.0,False,PIX
PYYX,1,1,False,ALLIANCE,1.0,False,"PYXUS INTERNATIONAL, INC. (F/K/A ALLIANCE ONE INTERNTERNATIONAL, INC.)"
Q3Q.F,1,1,False,DISCOVERY,1.0,False,"DISCOVERY ENERGY, LLC D/B/A REHLKO"
Q4KW.Z,1,1,True,Q4,1.0,False,Q4
QA4A.F,1,1,False,GENTHERM,1.0,False,GENTHERM
QAN.F,1,1,False,AIRWAYS,1.0,False,QANTAS AIRWAYS LTD
QBI.HM,1,1,False,Q2,1.0,False,Q2 MANAGEMENT
QDX-USD,1,1,True,QUIDAX,1.0,False,QUIDAX
QNST,1,1,False,QUINSTREET,1.0,False,QUINSTREET
QRC.TO,1,1,False,AIRPORT,1.0,False,"COMPASS GROUP USA, INC. DBA FLIK (AT BRITISH AIRWAYS LOUNGE, JFK AIRPORT, QUEENS)"
QRVO,1,1,False,QORVO,1.0,False,QORVO
QTRX,1,1,True,QUANTERIX,1.0,False,QUANTERIX
QUMUZZX,1,1,True,QUMULO,1.0,False,QUMULO
QURE,1,1,False,UNIQURE,1.0,False,"UNIQURE, INC."
R1T=F,1,1,False,R1,1.0,False,R1
R32G.VI,1,1,True,R3,1.0,False,R3
RAC.SG,1,1,False,CENTER,1.0,False,RENT A CENTER
RAILTEL.NS,1,1,False,RAI,1.0,False,RAI CORPORATION
RAIN,1,1,True,RAIN,1.0,False,RAIN
RAND.AS,1,1,False,RANDSTAD,1.0,False,RANDSTAD
RANDER.BO,1,1,False,RAND,1.0,False,RAND CORPORATION
RAPPID-SM.NS,1,1,True,RAPPI,1.0,False,RAPPI
RARE11294-USD,1,1,True,SUPERRARE,1.0,False,SUPERRARE
RBC,1,1,False,BELOIT,1.0,False,REGAL BELOIT
RBCN,1,1,True,RUBICON,1.0,False,RUBICON TECHNOLO...
RBLX,1,1,True,ROBLOX,1.0,False,ROBLOX
RBOTW,1,1,True,VICARIOUS,1.0,False,VICARIOUS SURGICAL
RCKT,1,1,False,PHARMACEUTICALS,1.0,False,ROCKET PHARMACEUTICALS
RCLRX,1,1,False,LIFEPOINT,1.0,False,LIFEPOINT
RDDT,1,1,True,REDDIT,1.0,False,REDDIT
RDPTF,1,1,False,THERANOS,1.0,False,"THERANOS, INC."
REDOX,1,1,True,REDOX,1.0,False,REDOX
REMEDY.HE,1,1,True,REMEDY,1.0,False,REMEDY
REPLZZX,1,1,True,REPLIT,1.0,False,REPLIT
REVB,1,1,True,REVEL,1.0,False,REVEL
REZI,1,1,True,REZI,1.0,False,REZI
RFG.L,1,1,False,SEARS,1.0,False,"SEARS HOLDINGS SEARS, ROEBUCK, & CO. ASSOCIATE SERVICE CENTER"
RGA,1,1,False,,0.0,False,"GROUP O, INC."
RGS,1,1,False,REGIS,1.0,False,REGIS CORP
RGTI,1,1,True,COMPUTING,1.0,False,RIGETTI COMPUTING
RHHBY,1,1,False,ROCHE,1.0,False,ROCHE
RHI,1,1,False,RHI,1.0,False,"RHI, INC. DBA ROBERTSON HONDA"
RHNO,1,1,True,RHINO,1.0,False,RHINO
RIPLEY.SN,1,1,True,RIPL,1.0,False,RIPL
RKDA,1,1,False,ARCADIA,1.0,False,"WOOD RANCH BBQ & GRILL, ARCADIA"
RKLB,1,1,False,LAB,1.0,False,LAB CORP.
RKT,1,1,True,ROCKET,1.0,False,ROCKET COMPANIES
RMNI,1,1,False,OSTERIA,1.0,False,"RIMINI, INC. DBA ANGELINI OSTERIA"
RNA,1,1,False,ATRIUM,1.0,False,ATRIUM
ROCK.V,1,1,False,EROS,1.0,False,EROS
ROVMF,1,1,True,ROVER,1.0,False,ROVER
ROYALCU.BO,1,1,True,CUSHION,1.0,False,CUSHION
RRC,1,1,False,RANGE,1.0,False,RANGE RESOURCES
RRTS,1,1,False,ROADRUNNER,1.0,False,ROADRUNNER
RUBI,1,1,True,RUBICON,1.0,False,RUBICON PROJECT
RUBYMILLS.NS,1,1,False,RUBY,1.0,False,"HMSHOST (ULSTER TRAVEL PLAZA, RUBY)"
RUN19638-USD,1,1,False,FEET,1.0,False,"RUN TOGETHER, LLC DBA FLEET FEET"
RVLV,1,1,False,REV,1.0,False,REV GROUP INC
RVMD,1,1,True,REVOLUT,1.0,False,REVOLUT
RWC.AX,1,1,False,WORLDWIDE,1.0,False,RELIANCE WORLDWIDE CORPORATION
RWT,1,1,False,REDWOOD,1.0,False,REDWOOD TRUST INC
RXRX,1,1,True,RECUR,1.0,False,RECUR
RXT,1,1,True,RACKSPACE,1.0,False,RACKSPACE
S,1,1,True,SENTINELONE,1.0,False,SENTINELONE
S2194.MC,1,1,True,ANAR,1.0,False,ANAR
S2626.MC,1,1,False,PRIMOS,1.0,False,"PRIMOS, INC."
SABR,1,1,True,SABRE,1.0,False,SABRE
SAF.PA,1,1,False,SAFRAN,1.0,False,SAFRAN
SAK-R.BK,1,1,False,SAKS,1.0,False,"SAKS, LLC"
SANA,1,1,True,SANA,1.0,False,SANA
SANDS.XC,1,1,False,SANDVIK,1.0,False,SANDVIK
SANM,1,1,False,SANMINA,1.0,False,SANMINA CORPORATION
SAP.TO,1,1,False,SAPUTO,1.0,False,SAPUTO
SARLAPOLY.NS,1,1,False,FIBERS,1.0,False,PERFORMANCE FIBERS
SATS,1,1,False,ECHOSTAR,1.0,False,ECHOSTAR CORPORATION
SAUEZZX,1,1,True,SAUCE,1.0,False,SAUCE LABS
SBC,1,1,False,MALCO,1.0,False,"MALCO PRODUCTS, SBC, INC."
SBIG,1,1,True,SPRINGBIG,1.0,False,SPRINGBIG
SBR,1,1,True,SABI,1.0,False,SABI
SCCO,1,1,False,,0.0,False,S&C CORP
SCDL.BO,1,1,False,CONTROL,1.0,False,"CONTROL DEVICES, LLC"
SCHW,1,1,False,SCHWAB,1.0,False,"CHARLES SCHWAB & CO., INC."
SCPX,1,1,False,SCP,1.0,False,SCP
SDCCQ,1,1,True,SMILEDIRECTCLUB,1.0,False,SMILEDIRECTCLUB
SDNI,1,1,False,SCANDIA,1.0,False,SCANDIA
SE,1,1,False,ELK,1.0,False,"ALPHA NATURAL RESOURCES ELK RUN COAL COMPANY AND MAXXIM SHARED SERVICES ROUNDBOTTOM POWELLTON DEEP MINE HUNTER PEERLESS MINE, SENG CREEK POWELLTON, CHESS PROCESSING"
SEATZZX,1,1,True,SEATGEEK,1.0,False,SEATGEEK
SEJ.SI,1,1,True,NOON,1.0,False,NOON
SEQUX,1,1,False,SEQUOIA,1.0,False,SEQUOIA
SEZL,1,1,True,SEZZLE,1.0,False,SEZZLE
SFQ.F,1,1,False,SAF,1.0,False,"SAF-HOLLAND, INC."
SFX.AX,1,1,True,SHEF,1.0,False,SHEF
SGSUL.XC,1,1,False,SGS,1.0,False,SGS
SHAU.F,1,1,False,SCHAEFFLER,1.0,False,SCHAEFFLER
SHEL,1,1,False,SHELL,1.0,False,SHELL
SHOPERSTOP.NS,1,1,False,SHOPPERS,1.0,False,SHOPPERS
SIFIZZX,1,1,True,SIFIVE,1.0,False,SIFIVE
SIG,1,1,False,SIGNET,1.0,False,SIGNET
SILO,1,1,True,SILO,1.0,False,SILO
SINCH.ST,1,1,True,SINCH,1.0,False,SINCH
SIS-USD,1,1,False,SYMBIOSIS,1.0,False,"SYMBIOSIS, INC."
SKETCH-USD,1,1,True,SKETCH,1.0,False,SKETCH
SKIKON.CO,1,1,True,TIKI,1.0,False,TIKI
SKIL,1,1,False,SKILLSOFT,1.0,False,SKILLSOFT
SKY,1,1,False,SKYLINE,1.0,False,SKYLINE CORPORATION
SLE,1,1,True,LEAGUE,1.0,False,LEAGUE
SLNAF,1,1,True,SELINA,1.0,False,SELINA
SM,1,1,False,ENERGY,1.0,False,SM ENERGY
SMARITIME.BO,1,1,False,SAHARA,1.0,False,SAHARA
SMG,1,1,False,MIRACLE,1.0,False,SCOTTS MIRACLE-GRO CO.
SMP,1,1,False,MOTOR,1.0,False,"STANDARD MOTOR PRODUCTS, INC."
SMR,1,1,True,POWER,1.0,False,NUSCALE POWER
SMTI,1,1,True,SANAR,1.0,False,SANAR
SND,1,1,False,SAND,1.0,False,SMART SAND INC.
SNIO.OL,1,1,False,NIELSEN,1.0,False,NIELSEN
SNOW,1,1,True,SNOWFLAKE,1.0,False,SNOWFLAKE
SNX.XA,1,1,False,COMMUNITY,1.0,False,"COMMUNITY MEDICAL CENTERS, SIERRA"
SNY,1,1,False,SANOFI,1.0,False,SANOFI
SOIL.TO,1,1,False,SATURN,1.0,False,SATURN
SOMATEX.NS,1,1,False,INDUSTRIES,1.0,False,S-T INDUSTRIES
SOSI1.HE,1,1,False,SOSI,1.0,False,SOSI
SPACEX-USD,1,1,True,PRESTO,1.0,False,PRESTO
SPACZZX,1,1,True,LEVEL,1.0,False,LEVEL
SPARC.BO,1,1,False,SUN,1.0,False,SUN PHARMA
SPT,1,1,True,SOCIAL,1.0,False,SPROUT SOCIAL
SPTW11.SA,1,1,False,RESIDENCE,1.0,False,"RESIDENCE INN WASHINGTON DC, DOWNTOWN"
SPUT,1,1,False,AEROSPACE,1.0,False,"DANBURY AEROSPACE, INC. (DAI)"
SPVI.BK,1,1,False,SPV,1.0,False,"CORVEST, SPV"
SPWH,1,1,False,WAREHOUSE,1.0,False,SPORTSMAN'S WAREHOUSE
SRAD,1,1,True,SPORTRADAR,1.0,False,SPORTRADAR
SSDIX,1,1,False,SSDI,1.0,False,SSDI
SSGOB.FGI,1,1,False,ST,1.0,False,ST. GOBAIN
SSII,1,1,False,SSI,1.0,False,SSI
SSYRF,1,1,False,SASSY,1.0,False,"SASSY, INC."
STABZZX,1,1,True,STARBURST,1.0,False,STARBURST
STARCOM.BO,1,1,False,STARCOM,1.0,False,STARCOM
STARSHIP24470-USD,1,1,True,STARSHIP,1.0,False,STARSHIP
STAX,1,1,True,STAX,1.0,False,STAX
STG.AX,1,1,True,STRAKE,1.0,False,STRAKE
STG.TA,1,1,False,STG,1.0,False,"STG INTERNATIONAL, INC."
STIF.CN,1,1,True,PLAID,1.0,False,PLAID
STORZZX,1,1,True,STORD,1.0,False,STORD
STRAZZX,1,1,True,STRAVA,1.0,False,STRAVA
STRL,1,1,False,AVENUE,1.0,False,"STERLING, INC. (122 FIFTH AVENUE NEW YORK)"
STWD,1,1,False,PROPER,1.0,False,PROPER
SUBSZZX,1,1,True,SUBSTACK,1.0,False,SUBSTACK
SUNPHARMA.NS,1,1,False,PHARMACEUTICAL,1.0,False,SUN PHARMACEUTICAL INDUSTRIES
SUNZ.XC,1,1,False,SULZER,1.0,False,SULZER
SURE,1,1,True,SURE,1.0,False,SURE
SVCO,1,1,False,SI,1.0,False,"SI GROUP, INC."
SVRT-M.TA,1,1,False,MCCORMICK,1.0,False,"SAVOR, INC. (AT MCCORMICK PLACE)"
SWBI,1,1,False,WESSON,1.0,False,SMITH & WESSON
SWKS,1,1,False,SOLUTIONS,1.0,False,"SKYWORKS SOLUTIONS, INC."
SWORZZX,1,1,True,HEALTH,1.0,False,SWORD HEALTH
SY1.DE,1,1,False,SYMRISE,1.0,False,"SYMRISE, INC."
SY4.F,1,1,False,INDUSTRIES,1.0,False,"ASC INDUSTRIES, INC."
SYBX,1,1,True,SYNLOGIC,1.0,False,SYNLOGIC
T06.F,1,1,True,VISE,1.0,False,VISE
T270.F,1,1,False,BAMBERGER,1.0,False,"BECK, CHAET, BAMBERGER,& POLSKY, S.C."
TAKLX,1,1,True,TAKL,1.0,False,TAKL
TAMWZZX,1,1,True,TEAMWORK,1.0,False,TEAMWORK
TANIZZX,1,1,True,TANIUM,1.0,False,TANIUM
TCKRC.IS,1,1,False,KIRA,1.0,False,KIRA
TD.TO,1,1,True,TOR,1.0,False,TOR
TDOC,1,1,True,TELADOC,1.0,False,TELADOC HEALTH
TECK,1,1,False,TECK,1.0,False,TECK
TEKIZZX,1,1,True,TEKION,1.0,False,TEKION
TENB,1,1,True,TENABLE,1.0,False,TENABLE
TEST,1,1,False,TEST,1.0,False,TEST
TGTR.TA,1,1,False,TOGETHER,1.0,False,TOGETHER
TH93.F,1,1,True,EMBRACE,1.0,False,EMBRACE
THBTWD=X,1,1,False,HUMAN,1.0,False,"T&T, HUMAN RESOURCES FIELD OPERATIONS"
THC,1,1,False,TENET,1.0,False,TENET HEALTHCARE CORP.
THL.F,1,1,False,TABC,1.0,False,"TABC, INC."
THOPZZX,1,1,True,THOUGHTSPOT,1.0,False,THOUGHTSPOT
THRY,1,1,False,THRYV,1.0,False,"THRYV, INC"
TIPH.BK,1,1,True,DHI,1.0,False,DHI GROUP
TITN,1,1,False,TITAN,1.0,False,TITAN MACHINERY
TLW.L,1,1,True,TUL,1.0,False,TUL
TMC,1,1,False,META,1.0,False,META COMPANY
TMI.F,1,1,True,TREND,1.0,False,TREND MICRO
TONALD-USD,1,1,True,TONAL,1.0,False,TONAL
TOVX,1,1,False,BIOLOGICS,1.0,False,"BIOLOGICS, INC."
TPE.F,1,1,False,TEP,1.0,False,"COMMUNITY MEDICAL CENTERS, TEP"
TPR,1,1,False,TAPESTRY,1.0,False,"TAPESTRY, INC."
TRAK,1,1,False,TECHNOLOGIES,1.0,False,DEALERTRACK TECHNOLOGIES
TREE37495-USD,1,1,True,TREEHOUSE,1.0,False,TREEHOUSE
TREL-B.ST,1,1,True,TRELL,1.0,False,TRELL
TREX,1,1,False,TREX,1.0,False,TREX COMPANY
TRLFF,1,1,True,MAVEN,1.0,False,MAVEN
TROCX,1,1,False,TROC,1.0,False,TROC
TROX,1,1,False,TRONOX,1.0,False,TRONOX
TRUA,1,1,False,TR,1.0,False,"TR APPAREL, LLC"
TRUEBS.XC,1,1,True,TRUECALLER,1.0,False,TRUECALLER
TRV,1,1,False,TRAVELERS,1.0,False,TRAVELERS
TRVG,1,1,True,TRIVAGO,1.0,False,TRIVAGO
TRWAX,1,1,False,TRW,1.0,False,TRW
TSCO,1,1,True,TRACT,1.0,False,TRACT
TSEM,1,1,False,SEMICONDUCTOR,1.0,False,TOWER SEMICONDUCTOR
TSM,1,1,False,LIMITED,1.0,False,"FOODLAND SUPER MARKET, LIMITED"
TST31934-USD,1,1,True,TELEPORT,1.0,False,TELEPORT
TTAN,1,1,True,SERVICETITAN,1.0,False,SERVICETITAN
TTC,1,1,False,TORO,1.0,False,THE TORO COMPANY
TTD,1,1,True,DESK,1.0,False,THE TRADE DESK
TTEK,1,1,False,TETRA,1.0,False,TETRA TECH
TTG.F,1,1,False,THORNE,1.0,False,THORNE
TTGT,1,1,True,TECHTARGET,1.0,False,TECHTARGET
TTX.F,1,1,False,TTX,1.0,False,TTX
TVC,1,1,False,AUTHORITY,1.0,False,TENNESSEE VALLEY AUTHORITY
TVI.V,1,1,False,SAVERS,1.0,False,"TVI, INC. DBA SAVERS"
TVSSCS.BO,1,1,False,SOLUTIONS,1.0,False,"SUPPLY CHAIN SOLUTIONS, LLC"
TWI,1,1,False,TITAN,1.0,False,TITAN INTERNATIONAL
TWIGGY35562-USD,1,1,True,TWIG,1.0,False,TWIG
TXHU.TS,1,1,False,BP,1.0,False,"BP AMERICA, INC.-ENERGY"
TXMD,1,1,False,THERAPEUTICSMD,1.0,False,THERAPEUTICSMD
TYPTF,1,1,True,ENTROPY,1.0,False,ENTROPY
TZROP,1,1,True,TZERO,1.0,False,TZERO
UBI.PA,1,1,False,UBISOFT,1.0,False,UBISOFT
UDS.NS,1,1,True,UPDATER,1.0,False,UPDATER
UEEC,1,1,False,UNITED,1.0,False,UNITED HEALTH
UEIC,1,1,False,UNIVERSAL,1.0,False,"UNIVERSAL ELECTRONICS, INC."
UNIT,1,1,True,UNIT,1.0,False,UNIT
UNITS-USD,1,1,True,UNITE,1.0,False,UNITE US
UNO8875-USD,1,1,True,LUNO,1.0,False,LUNO
UP,1,1,False,WHEELS,1.0,False,WHEELS UP
URBN,1,1,False,URBAN,1.0,False,URBAN OUTFITTERS
URI,1,1,False,UNITED,1.0,False,UNITED RENTALS
US20731J1025.SG,1,1,False,CONIFER,1.0,False,CONIFER
USDA35368-USD,1,1,True,AVA,1.0,False,AVA LABS
USEC.AS,1,1,False,USEC,1.0,False,USEC
USLM,1,1,True,LIME,1.0,False,LIME
UZQ.MU,1,1,True,KOGAN,1.0,False,KOGAN
V7D.F,1,1,True,PRISMA,1.0,False,PRISMA
V8Y.SI,1,1,False,PROMISE,1.0,False,"QUANTUM HEALTH, INC. D/B/A PROMISE"
VAL-KRW,1,1,True,VALIDITY,1.0,False,VALIDITY
VALMT.HE,1,1,False,FORMERLY,1.0,False,"VALMET, INC. (FORMERLY GL&V USA, INC.)"
VAR.AX,1,1,False,VARIS,1.0,False,VARIS
VASUPRADA.BO,1,1,False,VA,1.0,False,"VIRTEX PPI/TIME ZERO, INC. (WAYNESBORO, VA PLANT)"
VEHOZZX,1,1,True,VEHO,1.0,False,VEHO
VELT-USD,1,1,False,VELTRI,1.0,False,"VELTRI, INC."
VEV.F,1,1,True,VEEM,1.0,False,VEEM
VFF,1,1,False,VILLAGE,1.0,False,VILLAGE FARMS
VGL.NZ,1,1,True,VISTA,1.0,False,VISTA GROUP
VGS.XA,1,1,False,VGS,1.0,False,"VGS, INC."
VGSAX,1,1,False,PONDS,1.0,False,"HMSHOST (JUNIUS PONDS TRAVEL PLAZA, PHELPS)"
VGT,1,1,False,INFORMATION,1.0,False,"RAYTHEON INTELLIGENCE, INFORMATION &"
VIAV,1,1,False,SOLUTIONS,1.0,False,VIAVI SOLUTIONS INC.
VIR,1,1,False,BIOTECHNOLOGY,1.0,False,"VIR BIOTECHNOLOGY, INC."
VIS18348-USD,1,1,False,ENVISION,1.0,False,ENVISION
VMC,1,1,False,VULCAN,1.0,False,VULCAN MATERIALS COMPANY
VMI,1,1,False,VALMONT,1.0,False,VALMONT INDUSTRIES
VMM.BO,1,1,False,MART,1.0,False,"MEGA MART, LLC. (DBA PICK 'N SAVE)"
VOITHPAPR.BO,1,1,False,PAPER,1.0,False,"VOITH PAPER FABRICS, INC."
VOR,1,1,False,VOR,1.0,False,"VOR BIOPHARMA, INC."
VOYA,1,1,False,VOYA,1.0,False,VOYA FINANCIAL
VPLAY-B.ST,1,1,True,VIAPLAY,1.0,False,VIAPLAY
VREX,1,1,False,VAREX,1.0,False,VAREX IMAGING
VSQTF,1,1,False,SQUARE,1.0,False,"SQUARE, SUBSIDIARY OF BLOCK, INC."
VTEX,1,1,True,VTEX,1.0,False,VTEX
VTG,1,1,False,VT,1.0,False,VT GROUP
VTS,1,1,False,VTS,1.0,False,"VTS, INC."
VXX,1,1,False,IPA,1.0,False,"ACCOUNTABLE HEALTHCARE, IPA"
VYX,1,1,False,NCR,1.0,False,NCR
W2L.SG,1,1,False,SEAWORLD,1.0,False,SEAWORLD
WA2.F,1,1,False,BROCK,1.0,False,"BROCK, LLC"
WAC.DE,1,1,False,NEUSON,1.0,False,WACKER NEUSON
WAVE,1,1,True,WAVE,1.0,False,WAVE
WBX,1,1,True,WALLBOX,1.0,False,WALLBOX
WCFIX,1,1,False,HOTEL,1.0,False,"THE RITZ-CARLTON HOTEL CO., LLC DBA THE RITZ- CARLTON NEW YORK, WESTCHESTER"
WDBDAX,1,1,False,WDBD,1.0,False,WDBD
WEBC,1,1,False,WEB,1.0,False,"WEB INDUSTRIES, INC."
WEBWZZX,1,1,True,WEBFLOW,1.0,False,WEBFLOW
WEJOF,1,1,True,WEJO,1.0,False,WEJO
WEST,1,1,False,SIZZLIN,1.0,False,WESTERN SIZZLIN
WEW.F,1,1,True,WESTWING,1.0,False,WESTWING
WEX,1,1,True,WEX,1.0,False,WEX
WH,1,1,False,RESORTS,1.0,False,WYNDHAM HOTELS & RESORTS
WISE,1,1,True,WISE,1.0,False,WISE
WKATZZX,1,1,True,WORKATO,1.0,False,WORKATO
WKEY,1,1,False,WIS,1.0,False,WIS INTERNATIONAL
WLY,1,1,False,WILEY,1.0,False,JOHN WILEY & SONS
WMB,1,1,False,COS,1.0,False,WILLIAMS COS
WMI.XA,1,1,False,WMIRE,1.0,False,"WMI,WMI I, WMIRE, WILLIAMS MECHANICAL, INC."
WMMVY,1,1,False,MART,1.0,False,WAL-MART
WNC,1,1,False,WABASH,1.0,False,WABASH
WPRT,1,1,False,WESTPORT,1.0,False,"WESTPORT, LLC"
WRKEZZX,1,1,True,WORKRISE,1.0,False,WORKRISE
WRX-USD,1,1,True,WAZIRX,1.0,False,WAZIRX
WS11.MU,1,1,False,MINI,1.0,False,WILLSCOT MOBILE MINI
WSBCC.MI,1,1,False,CAR,1.0,False,"CAR SPA, INC."
WSRD.TO,1,1,True,WEALTHSIMPLE,1.0,False,WEALTHSIMPLE
WTS,1,1,False,WATER,1.0,False,"WATTS WATER TECHNOLOGIES, INC."
WWW,1,1,False,WOLVERINE,1.0,False,"WOLVERINE WORLD WIDE, INC."
WY,1,1,False,WEYERHAEUSER,1.0,False,WEYERHAEUSER
XAE=F,1,1,False,BUSINESS,1.0,False,"ANUVU OPERATIONS, LLC (MARITIME, ENERGY, AND GOVERNMENT BUSINESS)"
XAI=F,1,1,True,XAI,1.0,False,XAI
XEL,1,1,False,XCEL,1.0,False,XCEL ENERGY INC.
XELAP,1,1,False,TECHNOLOGIES,1.0,False,EXELA TECHNOLOGIES
XHS,1,1,False,CARE,1.0,False,"CARE SERVICES, LLC"
XOMA,1,1,False,XOMA,1.0,False,XOMA CORPORATION
XP,1,1,True,XP,1.0,False,XP
XQN.F,1,1,False,TECHNOLOGIES,1.0,False,"CORE MOLDING TECHNOLOGIES, INC."
XTL,1,1,False,XTL,1.0,False,"XTL, INC"
XYZ.AX,1,1,False,CDI,1.0,False,"CALIFORNIA DAIRIES, INC. (CDI)"
Y8E.SI,1,1,False,SAMURAI,1.0,False,"SAMURAI, INC."
YOCO-USD,1,1,True,YOCO,1.0,False,YOCO
YUM,1,1,False,YUM,1.0,False,YUM! BRANDS INC
ZADMRX,1,1,False,HDW,1.0,False,"HDW, INC."
ZAEZFX,1,1,False,COLEMAN,1.0,False,COLEMAN
ZAPIZZX,1,1,True,ZAPIER,1.0,False,ZAPIER
ZARAUD=X,1,1,False,ZARA,1.0,False,ZARA
ZEABNX,1,1,False,INTERNATIONAL,1.0,False,"EMPIRE INTERNATIONAL, LTD."
ZEENAX,1,1,True,ZEEN,1.0,False,ZEEN
ZEGLF,1,1,True,ZEGO,1.0,False,ZEGO
ZH,1,1,True,ZHIHU,1.0,False,ZHIHU
ZILCHX,1,1,True,ZILCH,1.0,False,ZILCH
ZMC4.F,1,1,False,ZMC,1.0,False,ZMC
ZS,1,1,True,ZSCALER,1.0,False,ZSCALER
ZWS,1,1,False,WATER,1.0,False,ZURN ELKAY WATER SOLUTIONS
ZYE1.F,1,1,True,ADDI,1.0,False,ADDI
^116402-INR-NETR,1,1,False,INCOMM,1.0,False,INCOMM
^ARMY-ID,1,1,False,VETTA,1.0,False,"VETTA, LLC"
^ASIUEC40,1,1,False,USEC,1.0,False,"USEC, INC."
^BUKCONS,1,1,False,CONSUMER,1.0,False,CONSUMER SERVICES
^COPY-IV,1,1,True,INSIDER,1.0,False,INSIDER
^HSI,1,1,False,SEN,1.0,False,"CURTISS-WRIGHT CONTROLS, INTEGRATED SENSING, SEN"
^IDW100T,1,1,True,DRIVEWEALTH,1.0,False,DRIVEWEALTH
^NQSSBAT,1,1,False,BANK,1.0,False,U. S. BANK
^SGC3MILT,1,1,True,CURVE,1.0,False,CURVE
^SPTMFIUP,1,1,False,TMI,1.0,False,"TMI, LLC. A SENECA COMPANY"
^TASI.SR,1,1,True,TADA,1.0,False,TADA
NAN,0,1,False,,0.0,False,
