Company_name,layoff_size,dates,Ticker
,27.0,['2014-07-01'],NAN
#PAID,19.0,['2023-01-27'],PAID-USD
&OPEN,56.0,"['2022-11-17', '2023-04-20']",OPEN
"1 BB FOOD AND DRINK CORP. (1 HOTEL BROOKLYN, BRIDGE)",144.0,['2018-04-06'],BAER
"1 PROSPECT PARK ALF, LLC",68.0,['2014-03-17'],VRT
1-800 FLOWERS.COM,267.0,"['2011-07-21', '2014-07-31']",FLWS
"10 ROADS EXPRESS LLC, 10 ROADS SERVICE, LLC, 10 ROADS LOGISTICS, LLC",84.0,['2025-12-01'],VRT
102,69.0,['2018-09-05'],1021.HK
10X GENOMICS,100.0,['2022-08-04'],TXG
"10X GENOMICS, INC. (5500)",93.0,['2025-05-08'],TXG
"114 PQ BAKERY, LLC",128.0,['2020-04-17'],VRT
"116 PQ CENTRAL PARK, INC.",116.0,['2020-04-17'],MU
"117TH APPLE, LLC",45.0,['2020-03-25'],VRT
"121 PQ NEW YORK, INC.",38.0,['2020-04-17'],MU
"12:05AM PRODUCTIONS, LLC",107.0,['2020-05-13'],VRT
"131 PQ 53RD STREET, INC.",54.0,['2020-04-17'],MU
"133 PQ 6TH AVE., INC.",48.0,['2020-04-17'],MU
"144 PQ 97TH STREET, INC.",32.0,['2020-04-17'],MU
"1650 BROADWAY ASSOCIATES, INC.",280.0,['2020-04-17'],MU
"1661, INC. DBA GOAT",96.0,['2020-03-30'],ZAJCFX
"1661, INC. DBA GOAT AND FLIGHT CLUB NEW YORK, LLC",77.0,['2020-03-30'],ZAJCFX
"1888 MILLS, LLC",180.0,['2024-02-02'],VRT
1STDIBS,70.0,['2020-04-02'],DIBS
"210 THE G, LLC",140.0,['2020-03-25'],VRT
"21CT, INC.",65.0,['2014-12-18'],MU
"23 BOTTLES OF BEER, LLC",90.0,['2020-04-20'],VRT
"23ANDME, INC.",153.0,['2024-11-20'],MU
"24356 SWARTZ BURGERS, INC.",105.0,['2016-12-12'],MU
"26TH STREET RESTAURANT, LLC",134.0,['2020-03-25'],VRT
"28 LIBERTY F&B MANAGEMENT, LLC",178.0,['2020-03-31'],VRT
"2K GAMES, INC",48.0,['2013-12-16'],MU
"2SEVENTY BIO, INC.",1966.0,"['2010-03-15', '2011-12-09', '2021-03-18', '2022-04-07', '2023-05-02', '2023-05-18', '2023-05-22', '2023-06-27', '2023-09-13', '2024-01-08', '2024-07-18', '2024-07-23', '2024-08-12', '2024-08-14']",MU
"3 SUNS, LLC",94.0,['2020-04-29'],VRT
"33RD STREET BAKERY, INC.",101.0,['2020-04-17'],MU
"365 HOSPITALITY ASSOCIATES, LLC",84.0,['2020-03-27'],VRT
"3720 CROYDON, LLC",110.0,['2020-04-02'],VRT
"3D INSTRUMENTS, LP",59.0,['2017-05-02'],ET
3D SYSTEMS,266.0,"['2014-05-27', '2021-11-03', '2021-12-14', '2022-01-28', '2022-12-06']",DDD
3M,458.0,"['2010-06-16', '2014-07-29', '2020-05-02']",MMM
3M COMPANY,872.0,"['2015-10-30', '2016-08-12', '2017-03-01', '2017-03-29', '2017-04-01', '2020-08-04']",MMM
"3M, DBA CERADYNE ACO (CERADYNE, INC.)",93.0,['2013-04-08'],MMM
"3RD AVENUE TRANSIT, INC.",1102.0,"['2014-11-21', '2015-03-17', '2020-05-21']",MU
"3RD AVENUE TRANSIT, INC./CANAL ESCORTS, INC.",91.0,['2014-03-27'],MU
"42ND APPLE, LLC",118.0,['2020-03-25'],VRT
"48FORTY SOLUTIONS, LLC",288.0,"['2020-02-20', '2022-07-26']",VRT
"4EARTH FARMS, LLC.",35.0,['2020-04-20'],VRT
"4LEAF, INC",106.0,['2020-04-17'],MU
"4OVER, INC.",386.0,"['2019-06-06', '2020-05-13', '2020-07-07', '2020-09-08', '2022-10-07']",MU
"503 SUTTER AVENUE, LLC",12.0,['2012-01-06'],VRT
"61 N RAYMOND, INC.",154.0,['2016-12-12'],MU
"6417 SELMA HOTEL, LLC",81.0,['2018-07-30'],VRT
6SENSE,150.0,['2022-10-12'],FSENZZX
"8 POINTS MANAGEMENT, LLC",886.0,"['2014-03-23', '2020-04-01', '2020-04-28', '2020-09-11', '2020-09-26', '2022-08-18', '2025-07-29']",VRT
"8009 DAY BURGERS, INC.",136.0,['2016-12-12'],MU
"85TH & 3RD LLC; EMMY SQUARED BEDFORD, LLC; ESQEV LLC; GARLIC KNOTS 364 I; AND GPEV LLC (PIZZA LOVES EMILY HOLDINGS, LLC)",167.0,['2020-03-25'],VRT
"88 INTERNATIONAL, INC.",1349.0,"['2011-01-03', '2012-10-29', '2014-02-25', '2014-08-01', '2014-11-01', '2015-09-16', '2018-04-06', '2019-09-05', '2020-04-09', '2020-04-13', '2020-06-29', '2020-09-02', '2020-10-15', '2024-07-18', '2026-01-16']",MU
8X8,355.0,"['2022-10-04', '2023-01-18']",EGHT
"8X8, INC.",124.0,"['2020-01-21', '2023-01-20']",EGHT
99,75.0,['2022-09-20'],9988.HK
"99 CENT ONLY STORES, LLC",1249.0,"['2013-10-22', '2023-04-06', '2024-04-16', '2024-04-29', '2024-06-03', '2024-06-04']",VRT
"A & B PRECISION METALS, INC.",309.0,"['2015-05-07', '2021-02-03']",MU
"A & H SPORTSWEAR CO., INC.",93.0,['2015-06-01'],MU
"A & J PROCESS SERVICE, LLC",46.0,['2011-11-30'],VRT
A & P,218.0,['2012-01-01'],AUDPHP=X
"A HEAD FOR PROFITS, LLC",45.0,['2020-03-23'],VRT
"A Q L DECORATING COMPANY, INC.",98.0,['2016-09-01'],MU
A SERVICES GROUP,255.0,"['2014-01-31', '2020-04-17', '2020-07-01']",ASH.XA
"A&A EXPRESS (AA TEMPERATURE CONTROL, LLC)",121.0,"['2020-04-30', '2024-08-09']",VRT
A&M LLC,653.0,"['2020-03-27', '2022-05-05', '2022-10-31']",ASST
"A'VIANDS, LLC",197.0,['2020-07-23'],VRT
"A-AMERICAN STORAGE MANAGEMENT CO., INC.",79.0,"['2010-05-01', '2020-11-18']",MU
"A-LIST, INC. & H-LIST INC. DBA KITSON",197.0,"['2015-12-28', '2016-01-05']",DE000SL0FPQ7.SG
"A. LAVA & SON, LLC",188.0,['2024-11-27'],VRT
"A. RUSSO & SONS, INC.",239.0,['2021-08-13'],MU
"A. SCHULMAN, INC",241.0,"['2015-01-05', '2019-07-15', '2024-01-11']",MU
"A.B.C. CARPET CO., INC./A.B.C. ORIENTAL CARPETS, INC",22.0,['2018-10-17'],MU
"A.F.L. QUALITY, INC.",49.0,['2012-11-01'],MU
"A.I. FRIEDMAN, L.P.",27.0,['2017-03-01'],EPD
"A.L. BAZZINI CO., INC.",57.0,['2011-04-19'],MU
"A.L.P. LIGHTING COMPONENTS, INC.",55.0,['2023-08-24'],MU
A.O. SMITH,57.0,['2018-04-13'],AOS
"A.R.M. STAFFING, INC.",222.0,['2020-03-23'],MU
"A3 SMART HOME, LP",50.0,['2024-11-01'],ET
"AAA CLUB ALLIANCE, INC.",18.0,"['2021-02-23', '2021-04-09']",MU
AAKASH,80.0,['2024-09-18'],AAKASH.NS
"AAREN SCIENTIFIC, INC.",450.0,"['2015-03-01', '2018-06-14', '2018-06-20', '2020-03-23', '2022-04-01', '2022-05-26', '2023-02-16']",MU
"AARON THOMAS COMPANY, INC.",268.0,"['2017-07-25', '2024-05-08', '2024-05-10']",MU
AARP,109.0,"['2013-06-05', '2013-08-01', '2025-12-10']",AARPLXX
"AB CAR RENTAL SERVICES, INC.",1063.0,"['2010-03-17', '2010-09-28', '2011-01-18', '2016-04-05', '2020-03-20', '2020-03-26', '2020-05-15', '2021-04-29']",MU
ABB INC,4161.0,"['2009-12-16', '2009-12-21', '2009-12-28', '2010-01-08', '2010-01-15', '2010-01-27', '2010-01-28', '2010-02-08', '2010-03-25', '2011-01-26', '2016-05-31', '2017-04-06', '2018-09-25', '2019-02-26', '2019-04-30', '2019-08-15', '2019-08-26', '2019-09-18', '2019-11-01', '2019-11-16', '2020-08-31', '2020-09-22', '2020-11-04', '2020-12-11', '2020-12-21', '2021-01-25', '2021-02-15', '2021-03-22', '2021-04-05', '2021-04-26', '2021-05-03', '2021-06-01', '2021-06-02', '2021-06-14', '2021-07-12', '2021-10-18']",ABBV
"ABB OPTICAL GROUP, LLC",138.0,['2024-10-23'],VRT
ABBOTT LABORATORIES,608.0,"['2010-05-31', '2010-10-20', '2010-11-23', '2010-12-02', '2017-04-11', '2021-07-07', '2024-03-20']",ABT
ABBVIE,59.0,['2025-11-13'],ABBV
"ABBVIE BIOTHERAPEUTICS,INC.",63.0,['2013-08-28'],MU
ABBVIE INC,195.0,"['2021-07-01', '2022-03-04', '2022-09-14']",ABBV
"ABC EXPRESS DELIVERY SERVICE, INC.",949.0,"['2020-04-22', '2020-04-23', '2020-05-29', '2020-06-01', '2020-06-06', '2020-11-05', '2021-01-25']",MU
"ABC EXPRESS DELIVERY, INC,",62.0,['2021-01-25'],MU
"ABCO STEEL DOOR, LLC",135.0,"['2014-05-16', '2022-07-05', '2025-03-07']",VRT
"ABERCROMBIE & FITCH, ABERCROMBIE KIDS, HOLLISTER CO., AND GILLY HICKS (1 SITE)",2696.0,['2020-04-10'],ANF
"ABERCROMBIE & KENT USA, LLC",61.0,['2020-09-10'],VRT
"ABLE SERVICES, INC.",593.0,"['2013-11-27', '2014-10-30', '2020-03-26', '2020-04-11', '2020-04-24', '2020-04-27', '2020-04-28', '2020-11-02', '2021-10-04', '2021-12-13', '2026-03-20']",MU
ABM,952.0,"['2019-06-11', '2020-06-30', '2021-05-06', '2024-01-19', '2025-02-28', '2025-05-01']",ABM
"ABM AVIATION, INC",3058.0,"['2017-09-25', '2017-11-09', '2018-02-26', '2018-08-20', '2018-11-16', '2019-03-08', '2019-09-22', '2020-03-18', '2020-03-19', '2020-03-20', '2020-06-02', '2020-08-25', '2020-10-07', '2020-10-12', '2020-10-14', '2020-10-16', '2020-11-01', '2021-06-17', '2021-12-03']",MU
"ABM AVIATION, INC. AND ABM INDUSTRY GROUPS, LLC (COLLECTIVELY, “ABM”)",353.0,['2024-08-30'],ABM
ABM INDUSTRIES,936.0,"['2010-04-05', '2012-08-06', '2018-01-31', '2018-12-21', '2020-05-01', '2021-05-26', '2021-11-04', '2022-07-06', '2024-09-19', '2024-12-12', '2025-04-30']",ABM
ABM INDUSTRIES INCORPORATED,1341.0,"['2010-07-19', '2011-04-01', '2013-03-28', '2014-07-02', '2014-12-01', '2015-03-11', '2016-03-14', '2017-03-01', '2019-07-02', '2020-04-20', '2020-08-24', '2023-01-20', '2023-03-13', '2023-12-07', '2025-07-29', '2025-11-17', '2025-11-19', '2025-11-20']",ABM
"ABM INDUSTRIES, INC. FLOWERS BAKING COMPANY",256.0,"['2010-03-30', '2011-12-30', '2024-01-09']",ABM
"ABM INDUSTRY GROUPS, INC.",1204.0,"['2016-01-05', '2019-03-13', '2020-04-15', '2021-04-27']",MU
"ABM, INC. (HERTZ)",67.0,['2020-09-22'],ABM
"ABM, INC. 2020",81.0,['2020-10-01'],ABM
ABRA,12.0,['2022-06-30'],ABRFL.BO
ABS GLOBAL,3710.0,"['2011-07-22', '2020-05-09', '2020-05-11', '2020-07-09', '2020-09-19', '2024-02-13', '2024-02-19', '2024-04-11', '2024-05-09', '2025-04-01']",0P0001EBUE
"ABS GLOBAL, GENUS INTELLIGEN TECHNOLOGIES (WINDSOR)",29.0,"['2024-02-27', '2026-03-13']",0P0001EBUE
ABSCI,544.0,"['2011-08-26', '2012-06-01', '2012-11-01', '2013-03-22', '2022-08-09', '2023-09-05', '2025-06-19']",ABSI
"ABSOLUTE SCREENPRINT, INC.",3254.0,"['2010-01-31', '2010-02-14', '2010-03-01', '2010-04-05', '2011-05-01', '2012-10-22', '2012-11-07', '2013-06-20', '2014-01-16', '2014-11-21', '2015-02-03', '2015-10-01', '2015-12-15', '2016-06-02', '2016-08-29', '2017-06-13', '2018-01-30', '2018-02-01', '2018-09-18', '2018-11-09', '2019-02-05', '2019-02-06', '2019-02-12', '2019-09-06', '2020-02-12', '2020-04-03', '2020-05-29', '2020-06-24', '2020-07-01', '2020-09-01', '2022-07-11', '2023-02-22', '2024-02-15', '2024-08-20', '2024-09-18']",MU
"ABT GLOBAL, INC.",241.0,['2025-02-03'],MU
"ABX AIR, INC.",31.0,"['2010-01-05', '2010-05-04']",MU
AC INCORPORATED,2506.0,"['2010-11-01', '2011-01-01', '2011-02-08', '2011-04-29', '2013-12-04', '2015-01-13', '2016-09-12', '2017-01-03', '2018-02-05', '2018-09-17', '2019-03-04', '2019-04-09', '2019-04-17', '2020-03-20', '2020-08-03', '2020-08-11', '2023-04-04', '2023-11-01', '2025-12-15', '2026-04-10']",ARAY
ACADEMY,1750.0,"['2021-06-01', '2022-04-07', '2022-06-18', '2022-11-07', '2023-03-30', '2024-07-02']",ASO
ACAST,197.0,"['2014-05-21', '2020-06-18', '2022-09-15']",ACAST.ST
ACCEL,246.0,['2026-04-30'],ACEL
"ACCELERATE 360 DISTRIBUTION, LLC",181.0,"['2025-04-25', '2025-04-28', '2025-06-03']",VRT
"ACCELERATED CLINICAL LABS, INC.",67.0,['2023-02-15'],MU
"ACCELERED, LLC",282.0,"['2025-08-04', '2025-10-14', '2026-01-23']",VRT
"ACCENT MARKETING SERVICES, LLC",3908.0,"['2010-01-06', '2010-06-17', '2010-07-05', '2010-09-04', '2010-09-30', '2010-11-05', '2010-11-30', '2011-05-31', '2011-12-07', '2012-12-10', '2013-01-10', '2013-06-14', '2013-07-29', '2013-12-20', '2014-02-17', '2014-05-28', '2014-08-21', '2016-07-29', '2016-09-08', '2017-05-03', '2017-05-18', '2018-05-04', '2018-07-06', '2019-02-25', '2019-04-25', '2020-01-24', '2020-03-24', '2020-07-06', '2020-08-17', '2022-01-14', '2024-11-04', '2025-04-07']",VRT
ACCENTURE,825.0,"['2020-05-20', '2022-09-23', '2023-01-12', '2023-04-21', '2023-05-05', '2023-08-28', '2023-12-13', '2025-05-01', '2025-05-14', '2026-03-31']",ACN
"ACCESS COURIER, INC.",346.0,"['2011-07-01', '2014-11-24', '2019-12-02', '2023-05-15', '2023-06-05', '2025-08-05']",MU
"ACCESS COURIER, INC. AND CONTRACTOR SOLUTIONS, LLC",72.0,"['2014-12-17', '2020-07-07']",VRT
ACCESS GROUP,150.0,['2011-12-11'],7042.T
"ACCESS SYSTEMS AMERICAS, INC.",67.0,"['2010-08-31', '2010-09-15']",MU
ACCESSO,171.0,"['2015-09-15', '2023-08-09']",LQG.F
"ACCLARENT, INC.",609.0,"['2011-12-31', '2012-03-31', '2012-06-30', '2013-02-21', '2013-03-27', '2015-07-15', '2015-09-04', '2019-03-01', '2022-11-14', '2023-03-20', '2024-03-06']",MU
ACCO BRANDS,26.0,['2018-01-22'],ACCO
"ACCOUNT CONTROL TECHNOLOGY, INC.",260.0,"['2018-06-15', '2018-12-27']",MU
"ACCOUNTABLE HEALTHCARE, IPA",66.0,['2018-01-02'],VXX
"ACCREDITED DEBT RELIEF, INC.",846.0,"['2020-04-30', '2020-05-27', '2020-07-02']",MU
"ACCURATE METAL FABRICATORS, LLC.",100.0,['2010-04-05'],VRT
ACE HARDWARE,181.0,['2021-10-11'],ACEHF
"ACE HOTEL CHICAGO, LLC",704.0,"['2020-06-02', '2020-10-06', '2022-03-07']",VRT
"ACE INTERNATIONAL, LLC",1725.0,"['2010-06-09', '2012-11-09', '2013-07-23', '2013-11-02', '2015-04-01', '2015-07-31', '2015-09-21', '2017-11-08', '2018-02-28', '2020-02-11', '2020-03-31', '2020-11-30', '2022-05-05', '2022-05-27', '2022-10-03', '2022-10-31', '2024-10-21', '2024-11-18', '2025-11-11']",VRT
"ACHAOGEN, INC.",168.0,"['2018-11-02', '2018-11-13']",MU
"ACI GLASS PRODUCTS, LLC",206.0,"['2011-07-15', '2025-12-16']",VRT
"ACISION, LLC",323.0,"['2014-07-11', '2014-11-07', '2017-04-28', '2020-03-26', '2020-06-01', '2020-07-14', '2025-01-06']",VRT
ACKO,105.0,"['2020-04-01', '2026-04-20']",ACKOYXX
ACLARA,79.0,['2013-04-26'],ARA.TO
"ACLARA METERS, LLC",775.0,"['2010-07-05', '2010-07-06', '2013-05-06', '2014-06-28', '2019-12-11', '2020-02-25', '2020-04-06', '2021-02-24']",VRT
"ACLARIS THERAPEUTICS, INC.",6452.0,"['2009-12-28', '2010-07-25', '2011-02-06', '2011-02-15', '2011-03-04', '2011-04-11', '2011-04-19', '2011-12-01', '2011-12-30', '2012-01-27', '2012-10-29', '2013-03-11', '2013-04-08', '2013-05-01', '2013-10-01', '2013-12-01', '2013-12-31', '2014-01-31', '2014-02-28', '2014-03-31', '2014-04-01', '2014-04-29', '2014-07-31', '2014-08-21', '2015-01-06', '2015-04-01', '2015-10-05', '2015-10-27', '2016-08-04', '2016-08-25', '2016-09-01', '2016-09-28', '2016-11-03', '2016-11-30', '2016-12-22', '2017-02-23', '2017-09-27', '2017-11-16', '2018-01-25', '2018-08-02', '2018-09-20', '2019-09-01', '2019-10-11', '2020-04-11', '2020-10-30', '2021-02-22', '2021-03-04', '2021-06-01', '2022-02-07', '2022-08-17', '2022-09-13', '2022-10-25', '2022-11-03', '2023-07-01', '2023-07-06', '2023-07-27', '2023-09-11', '2024-10-23', '2024-10-31', '2025-01-30', '2025-03-19', '2025-04-01', '2025-06-26', '2025-07-08', '2025-07-16', '2025-07-17', '2025-12-01']",ACRS
ACME,2648.0,"['2015-09-21', '2016-04-12', '2016-06-17', '2016-07-29', '2018-06-08', '2019-02-07', '2019-04-17', '2019-07-29', '2019-07-31', '2019-08-15', '2019-10-29', '2019-12-06', '2020-01-17', '2020-01-27', '2020-03-14', '2022-05-04', '2022-11-09', '2023-07-18', '2025-11-01']",ACMESOLAR.BO
"ACME ENERGY SERVICES, INC. DBA BIG DOG DRILLING",31.0,['2015-02-17'],6692.TWO
"ACME PLAYER SERVICES, LLC",1198.0,"['2018-05-01', '2018-11-01', '2020-01-27', '2020-06-30', '2020-07-29', '2020-10-16', '2021-04-23', '2021-04-30', '2022-08-19']",VRT
"ACORD LEASING, LLC",1441.0,"['2012-02-15', '2020-03-23', '2020-03-27', '2020-04-15', '2020-04-22', '2020-05-04', '2020-08-07', '2020-09-03', '2021-07-16', '2021-12-09', '2024-07-11', '2025-02-03']",VRT
ACORNS,704.0,"['2010-09-29', '2015-01-21', '2018-02-05', '2018-04-09', '2018-04-19', '2020-05-26', '2023-10-11']",0P00006OE7.SI
"ACP SERVICES, LLC",1839.0,"['2013-08-28', '2017-05-30', '2017-07-31', '2017-08-17', '2018-01-04', '2018-04-06', '2018-11-05', '2021-10-06', '2022-10-01', '2023-03-07', '2023-05-24', '2024-05-28', '2024-05-29', '2024-05-31', '2025-07-18', '2025-08-29', '2026-03-27']",VRT
"ACS INDUSTRIES, INC",1305.0,"['2014-03-11', '2014-04-21', '2015-07-01', '2015-11-24', '2018-03-08', '2018-08-16', '2019-04-01', '2019-08-09', '2020-01-14', '2020-03-30', '2020-06-12', '2020-08-07', '2024-06-01', '2024-06-10', '2024-11-04', '2025-12-15', '2026-05-01']",MU
"ACS, LLC",220.0,"['2016-05-04', '2018-02-21', '2020-04-16', '2020-09-11']",6232.T
"ACT FULFILLMENT, INC.",45.0,['2019-11-20'],MU
"ACT, INC",618.0,"['2015-06-24', '2019-09-05', '2020-06-25', '2023-05-17', '2025-03-06']",ACT
"ACT-ON SOFTWARE, INC.",176.0,"['2015-01-15', '2018-01-05']",MU
"ACTAVIS, INC",1089.0,"['2013-08-01', '2014-06-05', '2014-08-07', '2014-11-12', '2015-01-09', '2015-02-02', '2015-05-01', '2015-07-20', '2016-05-04', '2016-06-02', '2016-07-05', '2020-04-30', '2020-09-17', '2023-04-07', '2023-12-05', '2024-02-05', '2024-03-12']",MU
"ACTIFIO, INC.",315.0,['2020-12-07'],MU
"ACTION ENVIRONMENTAL SYSTEMS, LLC",563.0,"['2011-05-30', '2019-03-29', '2020-03-16', '2020-04-22', '2020-04-25', '2024-04-26', '2024-07-01']",VRT
"ACTION PATHWAYS, INC",184.0,['2021-03-22'],MU
"ACTIVCARE LIVING, LLC",134.0,"['2023-12-18', '2025-04-04']",VRT
"ACTIVE NETWORK, INC.",82.0,"['2014-11-24', '2021-02-04', '2021-09-21']",MU
"ACTIVISION, INC",171.0,['2011-04-12'],MU
"ACTIVISION, INC. CALIFORNIA 7 STUDIOS, INC.",29.0,['2011-04-12'],MU
"ACUTUS MEDICAL, INC.",1915.0,"['2012-10-29', '2012-12-31', '2014-03-23', '2022-01-19', '2023-03-31', '2023-04-07', '2023-12-13', '2024-06-05', '2024-12-03', '2025-02-06']",AFIB
ADA,418.0,"['2022-09-20', '2022-11-08', '2023-02-01', '2023-06-15', '2025-04-30']",ADA-USD
"ADAMS RITE AEROSPACE, INC.",2634.0,"['2013-06-10', '2013-06-17', '2013-07-19', '2014-03-10', '2016-08-01', '2016-12-22', '2017-09-29', '2020-03-17', '2020-05-09', '2020-06-30', '2020-07-03', '2020-07-08', '2020-07-09', '2021-01-05', '2023-02-28', '2024-04-03', '2026-04-20']",MU
"ADAPTIMMUNE, LLC",214.0,"['2018-12-26', '2022-12-01']",473A.MU
ADAPTIVE BIOTECH...,100.0,['2022-03-08'],ADPT
"ADAPTIVE PHAGE THERAPEUTICS, INC.",41.0,"['2023-03-10', '2024-01-04']",MU
"ADCOMM, INC.",803.0,"['2019-04-09', '2019-05-02', '2020-04-27', '2020-04-29', '2020-06-25', '2022-10-21', '2023-04-25', '2024-11-12']",MU
ADDEPAR,20.0,['2023-01-18'],ADDPZZX
"ADDEPAR, INC.",103.0,"['2018-09-19', '2019-09-09']",ADDPZZX
"ADDISON BEHAVIORAL RESOURCES, INC.",1406.0,"['2011-08-01', '2014-11-10', '2018-09-17', '2020-04-24', '2020-11-18', '2024-08-01']",MU
"ADDUS HEALTHCARE, INC.",652.0,"['2020-08-31', '2023-03-02']",ADUS
ADECCO GROUP,337.0,"['2013-09-10', '2014-05-30', '2016-01-07']",ADEN.SW
"ADECCO USA, INC. AT SIMS RECYCLING SOLUTIONS, INC.",116.0,"['2020-04-16', '2022-12-15']",MU
"ADECCO USA, OAKLEY, INC.",198.0,['2020-04-11'],OCI.L
"ADESA DES MOINES, LLC",58.0,"['2020-06-24', '2020-08-04']",VRT
"ADIDAS AMERICA, INC.",720.0,"['2020-05-12', '2020-05-15', '2020-05-19', '2021-09-21', '2023-02-23', '2024-01-24', '2024-04-17', '2024-04-25', '2024-07-30', '2024-11-18', '2025-10-06']",MU
ADIENT,915.0,"['2021-09-14', '2024-09-13', '2025-04-23', '2026-04-21']",ADNT
ADIENT PLC,4138.0,"['2010-10-20', '2010-11-18', '2011-08-03', '2012-05-02', '2012-05-07', '2012-06-26', '2012-09-25', '2013-09-01', '2014-06-24', '2014-10-30', '2015-07-24', '2017-11-02', '2019-06-26', '2019-07-10', '2021-06-10', '2021-06-30', '2023-01-19', '2025-04-22']",ADNT
ADJUST,304.0,['2024-11-22'],AST=F
ADOBE,100.0,['2022-12-06'],ADBE
ADOBE SYSTEMS INC,309.0,"['2014-02-07', '2018-01-29', '2024-07-15', '2026-01-02']",ADBE
ADOBE SYSTEMS INCORPORATED,586.0,"['2010-01-12', '2012-01-31', '2014-03-31']",ADBE
"ADOBE, INC.",839.0,"['2012-05-12', '2016-06-16', '2023-02-21', '2025-03-27']",ADBE
"ADORAMA SHIPPING, INC.",173.0,"['2013-07-26', '2022-10-01']",MU
ADP,100.0,['2012-09-14'],ADP
"ADP BENEFITS KY, INC.",110.0,['2016-05-24'],MU
"ADP, INC.",1885.0,"['2013-01-16', '2015-06-23', '2016-04-05', '2019-06-17', '2020-06-10', '2022-07-19', '2022-09-21', '2023-05-24', '2023-07-17']",ADP
"ADP, LLC",246.0,"['2016-03-30', '2016-09-27', '2017-07-14', '2019-07-29']",ADP
ADT,73.0,['2024-05-31'],ADT
ADVANCE AUTO PARTS,306.0,"['2012-12-10', '2020-06-12', '2024-11-15']",AAP
ADVANCE ENGINEERING,40.0,['2014-07-11'],8110.TW
"ADVANCE STORES COMPANY, INC., GENERAL PARTS DISTRIBUTION LLC",4823.0,"['2010-08-17', '2011-05-25', '2011-07-15', '2011-12-09', '2012-02-07', '2012-08-01', '2013-10-01', '2013-12-17', '2014-02-01', '2014-06-01', '2015-04-16', '2015-09-17', '2015-10-14', '2016-03-10', '2016-04-07', '2016-05-12', '2016-06-16', '2016-07-20', '2016-08-25', '2016-09-22', '2016-10-10', '2016-10-20', '2016-11-03', '2016-12-08', '2017-01-19', '2017-01-27', '2017-02-16', '2017-03-23', '2017-04-20', '2017-05-18', '2017-07-13', '2017-08-17', '2017-10-12', '2018-01-25', '2018-02-15', '2018-04-12', '2018-05-17', '2018-06-14', '2019-01-07', '2020-03-31', '2020-04-20', '2020-04-27', '2020-05-05', '2020-06-04', '2020-06-11', '2020-07-07', '2020-07-09', '2020-08-20', '2020-09-03', '2020-09-08', '2020-09-14', '2020-09-28', '2021-01-29', '2021-08-17', '2022-06-23', '2023-01-25', '2023-02-16', '2024-11-14', '2025-08-14', '2025-09-30']",MU
"ADVANCE TRANSIT CO., INC.",348.0,"['2010-02-02', '2018-03-28', '2019-07-01']",MU
"ADVANCED COMPOSITES, INC.",611.0,"['2014-05-02', '2020-04-14', '2023-04-21', '2023-10-31', '2024-11-01']",301586.SZ
"ADVANCED DIGITAL PRINTING, LLC",114.0,"['2012-01-06', '2020-05-06']",VRT
"ADVANCED DISPOSAL SERVICES EASTERN PA, INC",104.0,['2021-04-01'],MU
ADVANCED DRAINAGE SYSTEMS,314.0,"['2023-01-25', '2023-02-01', '2025-01-28', '2025-06-18']",WMS
"ADVANCED MICRO DEVICES, INC",388.0,"['2012-01-03', '2012-10-25', '2014-10-30', '2014-12-04', '2015-04-16']",AMD
"ADVANCED MONOLYTHIC CERAMICS, INC.",123.0,"['2013-02-04', '2023-09-08']",MU
"ADVANCED PACKAGING, INC.",18.0,['2026-03-31'],MU
"ADVANCED PRO SERVICES, LLC",109.0,"['2018-11-15', '2024-07-18']",VRT
"ADVANCED SLEEP MEDICINE SERVICES, INC",31.0,"['2021-01-04', '2022-12-09', '2023-02-17', '2023-03-02', '2023-03-14', '2023-06-22']",MU
"ADVANCED STIMULATION TECHNOLOGIES, INC.",442.0,"['2014-07-11', '2015-02-23', '2017-10-19', '2018-01-09', '2020-02-21', '2020-10-21', '2024-10-31', '2024-11-12', '2025-04-14']",MU
"ADVANCED SYSTEM DEVELOPMENT, INC. (ASD)",54.0,['2019-10-16'],0P0000SNBB.SI
"ADVANCED SYSTEMS GROUP, LLC",94.0,['2024-10-25'],VRT
"ADVANCED TUBING TECHNOLOGY, INC.",101.0,['2013-04-26'],MU
"ADVANCED UNIFORM DUST CONTROL & LINEN, LLC",93.0,"['2026-01-05', '2026-01-06']",VRT
ADVANSIX INC.,158.0,"['2016-06-16', '2019-05-01']",ASIX
"ADVANTAGE HEALTH SOLUTIONS, INC",156.0,['2016-01-29'],MU
"ADVANTAGE LOGISTICS SOUTHWEST, INC.",507.0,['2016-06-06'],MU
"ADVANTAGE LOGISTICS USA WEST LLC - AURORA, CO",747.0,['2019-02-02'],HG=F
"ADVANTAGECARE PHYSICIANS, P.C.",133.0,['2015-12-17'],PCSGH.BK
"ADVANTEST, INC.",1266.0,"['2015-12-10', '2020-07-29', '2021-01-27', '2021-08-08', '2024-09-16', '2026-04-01']",6857.T
"ADVENTIST HEALTHCARE, INC.",460.0,"['2011-10-06', '2014-06-05', '2016-09-20']",MU
"ADVERUM BIOTECHNOLOGIES, INC.",2274.0,"['2012-03-15', '2012-08-15', '2015-04-21', '2015-06-16', '2015-06-17', '2017-05-18', '2018-02-01', '2019-02-22', '2019-04-12', '2019-06-28', '2019-07-23', '2019-09-11', '2020-05-07', '2020-07-24', '2021-08-06', '2022-07-19', '2022-09-22', '2023-08-08', '2024-05-02', '2024-05-16', '2024-08-25', '2024-12-20', '2024-12-27']",MU
"AE REGIONAL DISTRIBUTION CO., LLC (FORMERLY KNOWN AS QUIET LOGISTICS, INC.)",1191.0,"['2016-02-24', '2026-02-11', '2026-04-23']",MU
"AEG MANAGEMENT ONTARIO, LLC",852.0,"['2014-03-31', '2014-08-29', '2016-05-24', '2017-08-24', '2018-10-25', '2019-03-29', '2020-04-28', '2020-06-01', '2020-06-02', '2025-07-09']",VRT
"AEGIS COMMUNICATIONS GROUP, INC.",621.0,"['2011-01-07', '2011-01-12', '2013-04-29', '2014-06-09', '2015-10-27', '2016-02-25', '2026-02-02']",MU
"AEGIS USA, INC.",496.0,"['2014-04-17', '2025-02-07']",MU
AEGON,8.0,['2011-04-25'],AEG
"AEGON GLOBAL SERVICES, LLC",703.0,"['2015-05-07', '2015-11-16', '2016-08-25', '2018-05-23', '2020-02-13', '2020-03-09', '2022-08-26', '2023-05-30']",VRT
"AERO INSTRUMENTS & AVIONICS, INC.",1600.0,"['2019-10-23', '2020-04-28', '2020-05-14', '2020-09-30', '2022-09-29', '2023-12-15', '2025-01-23', '2025-11-07', '2025-11-10', '2026-02-23', '2026-05-12', '2026-05-13']",MU
"AEROFLEX/METELICS, INC.",97.0,['2016-10-31'],MU
"AEROFLITE ENTERPRISES, INC.",414.0,"['2014-09-24', '2020-04-03', '2020-05-09', '2020-07-29', '2020-08-04', '2021-04-02', '2023-04-28']",MU
"AEROFLUIDPRODUCTS (AEROCONTROLEX GROUP, INC.)",82.0,"['2011-07-15', '2011-08-26', '2011-10-14']",MU
"AEROGROUP INTERNATIONAL, INC.",2299.0,"['2009-12-10', '2010-01-29', '2010-02-02', '2010-02-08', '2011-10-01', '2013-03-14', '2013-04-15', '2013-05-15', '2013-12-20', '2014-03-27', '2015-07-31', '2015-10-06', '2017-01-31', '2017-11-01', '2018-01-03', '2020-04-29', '2021-10-18', '2025-03-28']",MU
"AEROPOSTALE, INC.",333.0,"['2016-09-01', '2016-09-08']",MU
AEROSPACE CORPORATION,1774.0,"['2011-04-07', '2011-05-01', '2011-08-01', '2011-12-04', '2012-05-31', '2012-09-04', '2012-10-09', '2013-05-13', '2013-11-01', '2014-02-03', '2014-03-12', '2019-02-25', '2023-06-21', '2024-11-04', '2025-01-22', '2025-03-03', '2025-04-21', '2025-07-01', '2025-09-02', '2025-10-13', '2025-10-20', '2025-12-15', '2026-01-12', '2026-02-03']",274090.KQ
"AEROSPACE LOGISTICS SERVICES, LLC",2761.0,"['2012-10-26', '2014-05-09', '2014-12-01', '2016-07-01', '2016-08-23', '2016-11-01', '2016-11-21', '2020-07-21', '2020-07-29', '2020-08-27', '2020-12-16', '2021-01-13', '2021-04-21', '2022-05-01', '2022-07-20', '2022-07-21', '2022-08-19', '2022-09-02', '2024-03-22', '2024-07-22', '2026-03-11']",VRT
"AEROTEK, INC.",623.0,"['2013-08-17', '2015-06-25', '2015-10-02', '2022-12-19', '2024-02-05', '2025-02-04']",MU
"AEROVIRONMENT, INC.",79.0,"['2023-02-28', '2023-03-07']",AVAV
"AES WARRIOR RUN, LIMITED PARTNERSHIP",40.0,['2024-03-22'],NEN
AEYE,46.0,['2023-03-28'],AEYE
"AFA FOODS, INC.",100.0,['2012-07-19'],MU
"AFC CABLE SYSTEMS, INC.",113.0,"['2016-12-07', '2024-11-14', '2025-11-04']",MU
AFCO,395.0,['2018-12-31'],AFCONS.BO
AFFIRM,560.0,"['2022-11-03', '2023-02-08', '2024-02-21']",AFRM
"AFFIRM, INC.",426.0,"['2013-11-05', '2022-04-01', '2023-02-17', '2023-09-15', '2024-02-01']",AFRM
"AFFLIATED FOODS MIDWEST COOPERATIVE, INC.",139.0,['2016-08-17'],MU
"AFFYMAX, INC",227.0,['2013-05-18'],AFFY
"AFFYMETRIX, INC",69.0,['2012-01-08'],MU
"AFNI, INC.",1306.0,"['2011-11-18', '2012-09-14', '2012-10-30', '2014-02-18', '2016-07-05', '2016-07-12', '2019-05-03', '2024-04-26']",MU
"AFS-USA, INC.",52.0,['2020-06-01'],MU
"AG FACILITIES OPERATIONS, LLC",1272.0,"['2010-08-18', '2010-11-01', '2011-01-24', '2014-06-01', '2016-04-05', '2019-04-15', '2020-03-30', '2020-04-13', '2020-05-23', '2020-08-21', '2020-10-27', '2024-01-01', '2024-07-26']",VRT
"AG MANAGEMENT GROUP, LLC",1794.0,"['2019-10-22', '2020-03-26', '2020-03-31', '2020-04-20', '2020-08-03', '2020-09-11', '2021-10-29', '2021-11-08', '2022-12-23', '2023-07-31', '2024-07-24', '2024-07-29', '2025-08-30', '2025-09-17']",VRT
"AGB INVESTIGATIVE SERVICES, INC.",525.0,"['2017-01-19', '2020-04-03', '2023-08-25']",MU
"AGBIOME, INC.",123.0,['2023-10-17'],MU
"AGC BIOLOGICS, INC.",506.0,"['2016-09-20', '2024-01-11', '2024-04-25', '2024-09-18']",MU
"AGE OF LEARNING, INC.",222.0,"['2022-12-07', '2024-01-17']",MU
"AGILENT TECHNOLOGIES, INC.",4279.0,"['2009-12-31', '2010-04-16', '2010-05-18', '2014-04-29', '2015-04-20', '2015-08-21', '2015-09-10', '2016-04-15', '2016-05-05', '2016-05-06', '2016-05-11', '2016-08-25', '2017-04-02', '2017-04-04', '2017-06-02', '2018-06-28', '2018-10-29', '2019-03-07', '2019-03-08', '2019-04-29', '2019-06-26', '2019-07-29', '2020-03-31', '2020-04-14', '2020-04-20', '2020-07-02', '2021-03-02', '2021-05-20', '2021-10-04', '2021-12-14', '2021-12-15', '2021-12-16', '2023-05-12', '2023-08-28', '2023-12-18', '2024-01-30', '2024-06-07', '2024-12-13', '2025-01-09', '2025-11-10', '2026-02-03', '2026-04-16', '2026-04-29']",A
"AGILYSYS, INC",70.0,['2011-12-02'],AGYS
"AGODA TRAVEL OPERATIONS USA, INC.",62.0,['2019-01-14'],MU
"AGOURA&RSQUO;S FAMOUS DELI, INC",40.0,['2020-03-25'],MU
"AGR GROUP CALIFORNIA, LLC/AGR GROUP, INC.",203.0,['2014-06-02'],MU
"AGR GROUP NEVADA, LLC",173.0,"['2020-04-06', '2026-03-25']",VRT
AGRATI,102.0,['2020-04-08'],3467.T
"AGRATI, INC.",338.0,"['2018-02-02', '2020-04-10', '2024-08-14', '2025-07-15']",3467.T
"AGRIMACS, INC.",235.0,"['2010-09-03', '2010-09-17', '2010-09-30', '2020-04-07', '2025-09-29', '2026-03-09']",MU
"AGRO MERCHANTS OAKLAND, LLC",22.0,['2020-04-29'],VRT
AGY,60.0,"['2011-01-01', '2012-08-24']",AGYS
"AGY PRODUCTS, INC.",778.0,"['2010-02-01', '2018-02-26', '2020-01-28', '2022-12-07', '2023-03-09', '2023-05-17', '2025-08-19']",MU
AHEAD,44.0,"['2022-04-14', '2022-08-01', '2023-01-15']",DE000SL0CG95.SG
"AHTNA SUPPORT & TRAINING SERVICES, LLC",53.0,['2018-10-31'],VRT
AIR,364.0,"['2015-07-30', '2020-09-16', '2022-06-02']",AIR
AIR CANADA,196.0,"['2020-04-07', '2020-04-21', '2020-05-21']",AC.TO
"AIR GENERAL, INC.",203.0,"['2014-07-01', '2017-05-04', '2025-01-27']",MU
"AIR PRODUCTS AND CHEMICALS, INC.",803.0,"['2010-07-30', '2012-08-22', '2012-12-05', '2014-01-22', '2014-08-14', '2017-06-01', '2020-04-21', '2025-02-01', '2025-04-08', '2025-09-01']",APD
"AIR SYSTEMS, INC.",2148.0,"['2011-06-27', '2012-06-01', '2012-07-01', '2012-08-20', '2015-12-10', '2016-01-20', '2016-10-31', '2017-11-17', '2020-04-20', '2020-06-09', '2020-06-29', '2020-07-06', '2020-10-06', '2020-11-09', '2022-01-03', '2024-04-03', '2026-01-13']",600372.SS
AIRBNB,2591.0,"['2020-05-05', '2020-05-15', '2023-03-03']",ABNB
"AIRBORN, A MOLEX COMPANY",86.0,['2025-08-20'],BHARATROHAN.BO
"AIRPORT MANAGEMENT SERVICES AND HUDSON GROUP (AT GRAND CENTRAL STATION, NYC)",1183.0,"['2011-07-01', '2019-01-17', '2020-04-03', '2020-07-14', '2020-07-31', '2020-09-01']",SF=F
AIRTABLE,667.0,"['2020-04-22', '2022-06-10', '2022-07-08', '2022-12-08', '2023-04-14', '2023-05-18', '2023-09-14']",AIRTZZX
AIRTASKER,993.0,"['2019-10-09', '2019-10-10', '2019-12-03', '2020-04-02', '2020-06-29', '2020-07-07', '2021-06-01', '2021-07-02', '2022-07-04', '2023-04-27', '2026-04-13']",9B5.F
"AIRTIGHT SECURITY GROUP, INC.",80.0,['2021-10-04'],MU
"AIRWAY CLEANERS, LLC",153.0,"['2015-04-01', '2016-02-01']",VRT
"AISIN MFG. CALIFORNIA, LLC",77.0,"['2010-03-31', '2019-11-15', '2020-04-16']",VRT
"AJS SUPERMARKETS, LLC",185.0,"['2020-04-13', '2020-06-01']",VRT
"AK COAL RECOURSE, INC",323.0,"['2013-03-20', '2020-04-01', '2020-06-01']",MU
AKAMAI,540.0,"['2023-05-09', '2024-11-07']",AKAM
"AKASOL, INC.",370.0,"['2024-01-30', '2024-09-30', '2024-10-01', '2024-12-02', '2025-02-11']",MU
"AKEBIA THERAPEUTICS, INC. (""AKEBIA"")",91.0,['2022-04-11'],AKBA
"AKIMA SUPPORT OPERATIONS (ASO) 407TH FSB, ASC, LOGISTICS READINESS CENTER (LRC)",200.0,['2014-12-16'],ASC
"AKQA, INC.",139.0,"['2016-02-23', '2020-06-18']",MU
"AL JAZEERA AMERICA, LLC",340.0,"['2016-01-13', '2016-01-19']",VRT
"AL JAZEERA INTERNATIONAL (USA), LLC",68.0,['2018-05-11'],VRT
"AL JAZEERA, LLC",67.0,['2016-01-16'],VRT
"ALABAMA AIRCRAFT INDUSTRIES, INC.",472.0,"['2011-02-17', '2014-12-04', '2020-05-19']",AAIIQ
"ALAMO DRAFTHOUSE, LLC",813.0,"['2014-01-01', '2020-08-26']",VRT
"ALAN RITCHEY, INC.",916.0,"['2013-10-02', '2019-09-29', '2020-07-09', '2021-10-06', '2022-11-01', '2023-02-22', '2023-05-04', '2023-07-23', '2024-06-03', '2026-04-01']",MU
"ALASKA AIR GROUP, INC.",486.0,"['2017-01-10', '2022-11-14']",ALK
ALBERTSON'S,1302.0,"['2010-01-08', '2010-10-15', '2011-05-17', '2013-02-06', '2013-02-10', '2014-01-02', '2018-01-05', '2020-04-06']",ACI
ALBERTSON'S COMPANIES,604.0,"['2016-02-08', '2016-12-05', '2019-11-18', '2025-09-05', '2026-01-16']",ACI
"ALBERTSON'S, INC.",112.0,"['2011-01-09', '2012-01-09', '2020-02-12']",ACI
"ALCATRAZ CRUISES, LLC",1176.0,"['2014-07-30', '2015-01-01', '2017-03-03', '2020-04-29', '2020-09-14', '2020-09-15', '2020-10-29', '2022-02-11']",VRT
"ALCHEMEE, LLC",89.0,"['2023-06-20', '2023-09-06']",VRT
"ALCLEAR, LLC",16.0,['2020-07-07'],VRT
ALCO,4557.0,"['2013-04-09', '2014-11-17', '2015-09-25', '2020-03-18', '2020-03-19', '2020-03-20', '2020-03-24', '2020-03-25', '2020-03-26', '2020-03-27', '2020-04-07', '2020-04-28', '2020-05-20', '2021-01-05', '2022-07-29', '2022-09-19', '2023-01-13', '2023-04-18', '2024-04-29', '2026-02-17']",ALCO
"ALERISLIFE, INC.",358.0,"['2025-09-03', '2025-09-30']",MU
"ALEUT O&M SERVICES, LLC",452.0,"['2017-03-28', '2018-07-02', '2019-03-01', '2020-03-24', '2024-09-30']",VRT
"ALEVO, USA, INC. (ALEVO MANUFACTURING, INC.)",290.0,['2017-08-18'],USA
"ALEXANDER DENNIS, INC",457.0,"['2020-03-31', '2020-04-03', '2021-12-01']",MU
"ALEXION PHARMACEUTICALS, INC.",1753.0,"['2010-08-09', '2010-08-16', '2010-09-01', '2010-09-21', '2010-12-01', '2011-01-29', '2011-02-08', '2011-03-28', '2012-06-21', '2012-07-01', '2012-07-10', '2012-11-20', '2015-10-08', '2016-03-11', '2021-03-01', '2022-01-21', '2023-01-10', '2023-04-12', '2023-04-27', '2024-04-04', '2025-05-01']",MU
"ALFOREX SEEDS, LLC WHOLLY OWNED SUBSIDIARY OF CORTEVA, INC.",202.0,"['2022-10-03', '2023-07-19']",MU
ALICE,176.0,"['2022-07-11', '2022-12-09']",2305.T
"ALKO DISTRIBUTORS, INC",1000.0,"['2015-10-12', '2016-05-09', '2017-01-23', '2020-03-01', '2023-04-01', '2023-08-07', '2023-08-23', '2024-09-01', '2026-04-03']",MU
"ALL AMERICAN HOME CENTER, INC.",2067.0,"['2011-12-12', '2014-06-18', '2017-03-02', '2017-04-07', '2018-10-02', '2019-03-29', '2021-03-04', '2021-05-18', '2023-06-01', '2026-01-30', '2026-04-08']",MU
"ALL FAB PRECISION SHEETMETAL, INC.",1310.0,"['2013-12-31', '2014-01-21', '2020-04-07', '2023-11-02']",MU
"ALL STATE PROMOTIONS, INC",590.0,"['2013-01-31', '2013-04-05', '2020-03-24', '2020-03-30', '2020-04-16', '2024-05-31', '2024-06-30', '2024-08-09']",MU
"ALL TREGO/DUGAN AVIATION OF GRAND ISLAND, INC",123.0,"['2022-02-28', '2023-07-06', '2024-06-24']",MU
"ALL WEST COACHLINES, INC.",131.0,"['2020-05-28', '2022-11-06']",MU
"ALL-RITE LEASING, INC.",1894.0,"['2012-05-21', '2014-11-25', '2020-07-01', '2020-07-07', '2020-10-26', '2024-10-01', '2025-06-02', '2025-07-10', '2025-09-26', '2025-09-29', '2026-01-07']",MU
ALLBIRDS,89.0,"['2011-08-22', '2022-07-28']",BIRD
"ALLCARE CLINICAL ASSOCIATES, P.A.",108.0,['2016-04-28'],NVA.WA
"ALLEGIANT AIR, LLC",183.0,"['2020-03-25', '2020-07-08', '2020-07-17', '2020-08-04', '2020-10-07']",VRT
"ALLEN FAMILY FOODS, INC.",474.0,['2011-06-09'],MU
"ALLEN HARIM FOODS, LLC",461.0,"['2016-03-09', '2023-04-01']",VRT
"ALLENS, INC.",5970.0,"['2013-11-01', '2013-12-18', '2017-08-30', '2018-06-19', '2019-03-01', '2019-06-17', '2022-05-04', '2022-07-11', '2022-07-12', '2023-03-22', '2023-05-01', '2023-11-06', '2024-04-19', '2024-04-25', '2024-05-13']",MU
"ALLERGAN, INC",2091.0,"['2014-09-03', '2014-10-09', '2014-10-13', '2014-10-14', '2015-04-06', '2017-09-28', '2018-01-01', '2018-01-12']",MU
ALLETE,692.0,"['2018-02-01', '2023-08-09', '2025-01-16', '2025-04-21', '2025-07-15', '2025-08-11', '2025-08-25', '2025-10-30', '2026-01-15', '2026-02-26', '2026-04-09', '2026-04-24', '2026-04-30']",ALLETEC-SM.NS
ALLIANCE BANK,98.0,['2012-12-10'],PFBN
"ALLIANCE DATA SYSTEMS, INC.",490.0,"['2010-09-29', '2011-07-01', '2017-09-26', '2019-05-01', '2020-04-04', '2020-04-29', '2026-03-26']",0HCR.L
"ALLIANCE DATA SYSTEMS, INC. (ALLIANCE DATA CARD SERVICES)",220.0,['2021-01-14'],0HCR.L
"ALLIED AVIATION SERVICE COMPANY OF NEW YORK, INC.",17.0,['2020-04-20'],MU
"ALLIED BARTON SECURITY SERVICES LLC - THE ALLIED FOR DOWNTOWN NY, INC.",200.0,"['2010-05-25', '2015-03-26', '2023-08-03']",MU
"ALLIED BEVERAGE GROUP, LLC",683.0,"['2018-12-01', '2019-01-01', '2025-09-18']",VRT
"ALLIED BEVERAGES, INC",144.0,['2014-01-17'],MU
"ALLIED BUSINESS SCHOOLS, INC.",409.0,"['2010-03-02', '2018-03-27']",MU
"ALLIED FROZEN STORAGE, INC.",153.0,"['2011-08-15', '2012-11-20', '2016-02-11']",MU
"ALLIED GROUP, LLC",154.0,['2026-03-31'],0373.HK
"ALLIED HEALTH SERVICES, INC.",3581.0,"['2017-06-28', '2020-04-16', '2020-06-25', '2020-07-27']",MU
"ALLIED NEW YORK SERVICES, INC.",1703.0,"['2010-08-07', '2016-02-09', '2020-02-25', '2020-04-09', '2026-01-27']",MU
"ALLIED PLASTICS, LLC",220.0,"['2022-12-21', '2024-12-12']",VRT
"ALLIED SYSTEMS, LTD",192.0,"['2009-12-14', '2010-02-01', '2010-04-01']",005930.KS
"ALLIED WASTE SERVICES OF NORTH AMERICA, LLC",1668.0,"['2011-12-09', '2016-03-14', '2017-08-17', '2019-04-02', '2020-03-18', '2020-04-10', '2020-06-30', '2020-08-04', '2025-04-01']",VRT
"ALLISON TRANSMISSION, INC. REVISED (5/21/20) REVISED (6/4/20)",854.0,['2020-04-23'],ALSN
"ALLOY SURFACES COMPANY INC.; PLANTS 1, 2, 3",320.0,"['2011-02-01', '2011-04-01']",CL=F
"ALLPRO PARKING OHIO, LLC",100.0,"['2018-09-18', '2020-06-25', '2020-06-29']",VRT
ALLY FINANCIAL,277.0,"['2019-07-02', '2020-01-01']",ALLY
"ALMA FARMS, LLC",73.0,['2016-03-18'],VRT
"ALOHA AUTO GROUP, LTD",220.0,['2023-05-30'],005930.KS
"ALORICA CUSTOMER CARE, INC.",402.0,"['2017-01-05', '2018-10-30', '2022-07-19']",MU
"ALPEK POLYESTER USA, LLC",361.0,"['2020-05-14', '2025-05-29', '2026-01-01']",VRT
"ALPHA NATURAL RESOURCES (PARAMONT COAL COMPANY VIRGINIA, LLC)",214.0,"['2013-02-08', '2021-02-01']",VRT
"ALPHA NATURAL RESOURCES D/B/A ENTERPRISE MINING COMPANY, LLC",391.0,"['2012-02-03', '2020-04-24', '2024-03-14', '2024-08-14']",VRT
"ALPHA NATURAL RESOURCES ELK RUN COAL COMPANY AND MAXXIM SHARED SERVICES ROUNDBOTTOM POWELLTON DEEP MINE HUNTER PEERLESS MINE, SENG CREEK POWELLTON, CHESS PROCESSING",478.0,['2016-01-25'],SE
"ALPHA STAFFING, LLC",55.0,['2020-05-15'],VRT
ALPHA TECHNOLOGIES,277.0,"['2010-07-02', '2023-07-30', '2023-11-08']",AHAG
"ALPINA FOODS, INC",115.0,"['2012-05-10', '2014-10-14']",MU
"ALPINE ELECTRONICS RESEARCH OF AMERICA, INC.",815.0,"['2011-12-09', '2018-10-02', '2020-04-29', '2020-04-30', '2020-05-12', '2020-05-18', '2020-11-12']",MU
"ALSTOM POWER TURBOMACHINES GROUP, LLC",257.0,"['2010-07-01', '2013-04-24', '2022-03-08']",VRT
"ALSTOM SIGNALING, INC.",639.0,"['2017-11-17', '2020-03-11', '2025-10-28', '2025-10-29']",MU
"ALTA FINANCE GROUP, LLC",656.0,"['2015-08-26', '2017-04-25', '2017-06-27', '2020-05-26', '2023-02-17', '2024-08-23', '2024-12-06']",VRT
"ALTA MESA SERVICES, LP",162.0,"['2019-02-08', '2019-04-09', '2020-02-18']",ET
ALTA RESOURCES,1114.0,"['2013-04-28', '2014-01-15', '2015-12-10', '2019-02-01', '2020-03-18', '2020-04-01', '2020-04-06', '2020-05-19', '2022-01-26', '2023-10-01']",ARSEF
"ALTERCARE AT SAINT JOSEPH, INC.",338.0,"['2018-08-01', '2019-09-03', '2025-10-16']",MU
"ALTERYX, INC.",675.0,"['2010-11-29', '2010-12-01', '2010-12-06', '2014-07-24', '2023-05-10', '2024-05-29']",MU
"ALTO OPERATIONS CALIFORNIA, LLC",982.0,"['2013-12-31', '2014-01-31', '2014-11-04', '2019-02-22', '2023-01-26', '2023-08-01', '2023-08-15', '2024-02-12', '2024-07-30']",VRT
"ALTON STEEL, INC.",869.0,"['2014-11-11', '2020-10-01', '2020-10-02', '2020-10-05', '2020-12-15', '2023-10-09', '2026-01-27']",MU
ALTRON,460.0,"['2011-03-25', '2020-04-15', '2022-07-13']",RY7A.F
"ALTRON, INC.",903.0,"['2010-03-12', '2010-04-16', '2010-09-01', '2010-10-07', '2010-11-17', '2010-12-31', '2011-01-18', '2013-10-01', '2020-03-19', '2025-05-15', '2025-10-01']",RY7A.F
ALTRUIST,624.0,"['2015-02-17', '2015-02-26', '2020-01-24', '2020-02-12', '2020-04-02', '2022-06-22', '2023-06-21', '2025-01-07', '2025-10-23']",ALTRZZX
"ALUMNI PARTNERS, LLC",125.0,"['2012-10-01', '2020-10-01']",VRT
"ALVERNO PROVENA HOSPITAL LAORATORIES, INC.",413.0,['2024-11-22'],MU
"ALWAYS FRESH, INC.",272.0,"['2017-07-19', '2024-02-01', '2026-02-23']",MU
AM GENERAL,3397.0,"['2017-07-28', '2020-04-29', '2020-04-30', '2020-05-07', '2020-05-09', '2020-10-20', '2020-10-28']",0P0000P37J.L
"AMA CONSULTING GROUP, LLC",13.0,"['2022-05-24', '2024-07-01']",VRT
"AMACD AMERICAN CADASTRE, LLC",63.0,['2014-06-23'],VRT
AMAZON,50000.0,"['2017-02-15', '2017-03-29', '2018-03-01', '2018-03-07', '2022-08-26', '2022-10-28', '2022-11-09', '2022-11-16', '2022-12-05', '2023-01-04', '2023-01-18', '2023-01-20', '2023-02-21', '2023-03-20', '2023-07-13', '2023-11-02', '2023-11-08', '2023-11-13', '2023-11-17', '2023-12-05', '2024-01-10', '2024-01-18', '2024-01-29', '2024-02-06', '2024-04-03', '2024-05-01', '2024-05-28', '2024-05-31', '2024-06-07', '2024-09-09', '2024-09-16', '2024-10-29', '2025-01-01', '2025-01-15', '2025-01-29', '2025-03-14', '2025-05-14', '2025-06-02', '2025-07-17', '2025-10-01', '2025-10-02', '2025-10-03', '2025-10-27', '2025-10-28', '2025-12-13', '2025-12-15', '2026-01-01', '2026-01-28', '2026-01-30', '2026-03-04', '2026-04-17']",AMZN
"AMAZON.COMKSDC, LLC",634.0,['2014-10-16'],VRT
"AMBASSADOR PROGRAMS, INC.",61.0,"['2015-02-25', '2015-02-26']",MU
"AMC ONTARIO MILLS 30 - AMERICAN MULTI- CINEMA, INC.",146.0,['2020-06-01'],MU
AMCOR,439.0,"['2012-02-22', '2012-07-30', '2012-08-20', '2012-10-15', '2019-07-23', '2020-07-28', '2022-10-23', '2024-02-28', '2024-05-01', '2024-06-03', '2024-07-28']",AMCR
"AMCOR FLEXIBLES, LLC",194.0,"['2019-07-23', '2023-10-13']",VRT
"AMCOR RIGID PACKAGING USA, LLC",256.0,"['2019-10-16', '2019-11-24', '2020-03-20', '2026-05-01']",VRT
AMD,2188.0,"['2022-05-09', '2022-05-10', '2022-08-04', '2022-12-06', '2024-11-13']",AMD
AMDOCS,2700.0,"['2023-01-02', '2023-07-06', '2025-08-12']",DOX
AMENTUM,2502.0,"['2020-03-13', '2020-05-18', '2020-06-29', '2020-06-30', '2020-08-28', '2020-09-17', '2020-10-05', '2021-09-14', '2022-01-28', '2022-09-20', '2022-09-28', '2022-10-12', '2022-10-31', '2023-05-26', '2023-05-31', '2023-07-03', '2023-08-11', '2023-09-15', '2023-11-21', '2023-12-14', '2024-01-30', '2024-05-21', '2024-07-26', '2024-07-29', '2024-07-31', '2024-10-10', '2024-11-11', '2025-01-27', '2025-01-28', '2025-03-24', '2025-06-05', '2025-06-24', '2025-07-30', '2025-08-25', '2025-10-01', '2026-03-09']",AMTM
"AMENTUM, OPERATIONS AND MAINTENANCE SERVICES",259.0,"['2013-10-24', '2020-04-15', '2020-06-17', '2025-07-02']",AMTM
"AMERANT MORTGAGE, LLC",112.0,"['2020-03-31', '2025-04-24']",VRT
"AMERI-KLEEN, INC.",80.0,['2023-12-19'],MU
"AMERICA'S AUTO AUCTION BILLERICA, INC.",10.0,['2020-03-30'],MU
"AMERICA'S AUTO AUCTION TOLEDO, INC.",127.0,['2020-03-30'],MU
"AMERICA'S BEST BOTTLED WATER DBA WATERBOY, INC.",67.0,['2010-09-01'],MU
"AMERICA, INC. DNA LIXIL",205.0,"['2023-02-14', '2025-04-01', '2025-07-16']",BAC
"AMERICAN ADDICTION CENTERS, INC.",763.0,"['2010-11-17', '2011-06-01', '2013-09-24', '2015-07-15', '2018-11-29', '2020-04-15']",MU
AMERICAN AIRLINES,11204.0,"['2010-03-13', '2010-04-10', '2010-08-13', '2010-09-24', '2011-01-20', '2011-04-19', '2012-01-20', '2012-05-01', '2012-06-28', '2012-07-01', '2012-07-23', '2012-08-24', '2012-09-01', '2012-09-17', '2012-09-18', '2012-09-20', '2012-09-21', '2012-10-08', '2012-11-16', '2015-03-01', '2016-05-01', '2016-12-02', '2018-02-13', '2020-07-01', '2020-07-13', '2020-07-15', '2020-07-16', '2020-09-01', '2021-02-01', '2021-02-08', '2021-03-08', '2021-03-09', '2022-11-02', '2024-01-09', '2024-01-29', '2024-01-30']",AAL
"AMERICAN AIRLINES, INC. - ST. LOUIS PILOT CREW BASE",349.0,"['2016-02-16', '2018-06-29', '2020-04-17']",AAL
"AMERICAN AIRLINES, INC. CHARLOTTE RECEIVING BLDG COVID19",370.0,['2020-07-15'],AAL
"AMERICAN AIRLINES, INC. CLT CARGO COVID19",1109.0,['2020-07-15'],AAL
"AMERICAN AIRLINES, INC. INT RES. CTR",488.0,"['2020-07-15', '2021-01-28']",AAL
"AMERICAN AIRLINES, INC. MIAMI INTERNATIONAL AIRPORT",267.0,"['2015-03-10', '2018-06-07', '2018-12-13', '2020-08-26', '2021-02-09']",AAL
"AMERICAN AIRLINES, INC. RALEIGH DURHAM APT",369.0,['2020-07-15'],AAL
"AMERICAN ANESTHESIOLOGY ASSOCIATION OF VIRGINIA, INC",257.0,"['2020-04-18', '2023-04-11']",MU
"AMERICAN ANESTHESIOLOGY OF GEORGIA, LLC",499.0,"['2015-10-29', '2018-03-19', '2018-06-29', '2025-02-20']",VRT
AMERICAN APPAREL,4103.0,"['2012-01-09', '2012-04-24', '2012-09-25', '2013-04-02', '2016-11-07']",APP
"AMERICAN BROADCASTING COMPANIES, INC.",278.0,"['2012-04-12', '2020-05-19']",MU
"AMERICAN CAPITAL, LTD.",981.0,"['2010-02-12', '2016-08-31', '2020-02-28', '2020-05-05', '2020-05-11', '2022-11-16', '2024-04-17', '2025-08-20', '2025-11-06']",005930.KS
"AMERICAN EAGLE OUTFITTERS, INC.",1301.0,"['2016-02-19', '2016-06-10', '2020-02-18', '2020-03-30', '2020-04-01', '2020-04-16', '2020-04-17', '2021-05-28', '2023-01-12', '2024-05-13', '2025-03-11', '2026-02-02']",AEO
AMERICAN EXPRESS,411.0,"['2014-11-12', '2015-01-29', '2015-03-26', '2015-06-03', '2015-08-26', '2015-12-11', '2023-11-16']",AXP
"AMERICAN FOREST PRODUCTS, LLC",1429.0,"['2010-05-28', '2010-06-30', '2012-02-01', '2013-05-21', '2015-04-08', '2017-06-15', '2018-07-12', '2019-11-18', '2020-03-21', '2020-04-15', '2020-07-07', '2022-05-05', '2022-09-22', '2023-02-09', '2024-02-22', '2024-12-01', '2026-04-17']",VRT
"AMERICAN GIRL BRANDS, LLC.",162.0,"['2016-08-30', '2022-02-10']",VRT
"AMERICAN GREEN BUILDING MAINTENANCE, INC.",365.0,"['2014-06-18', '2015-06-18', '2021-02-03']",MU
"AMERICAN HEALTH PARTNERS, LLC",2165.0,"['2012-01-03', '2012-02-15', '2012-11-01', '2012-12-10', '2013-02-15', '2020-03-23', '2021-04-23', '2021-12-01', '2021-12-06', '2024-10-31', '2025-11-01']",VRT
"AMERICAN HOME MORTGAGE SERVICING, INC.",149.0,['2011-11-30'],MU
"AMERICAN HONDA MOTOR, CO., INC.",98.0,"['2020-05-29', '2020-08-10', '2025-11-21']",HG=F
AMERICAN INTERNATIONAL INDUSTRIES,899.0,"['2011-03-14', '2016-11-07', '2017-10-16', '2018-06-01', '2020-05-19', '2020-06-26', '2024-04-12']",AMIN
"AMERICAN LAFRANCE, LLC",169.0,"['2014-01-01', '2014-02-04', '2017-08-21', '2017-12-18']",VRT
"AMERICAN MEDICAL RESPONSE MID-ATLANTIC, INC.",318.0,"['2014-08-08', '2023-02-01', '2023-11-01']",MU
"AMERICAN MEDICAL SUPPLIES, INC.",80.0,['2017-10-30'],MU
"AMERICAN NURSERY SERVICES, INC.",1112.0,"['2011-01-27', '2017-09-11', '2020-04-08', '2021-08-24', '2023-09-05', '2023-09-07', '2023-09-28']",MU
"AMERICAN RETAIL, INC. DBA AMERICAN GIRL PLACE LOS ANGELES",93.0,['2020-04-14'],FHIXX
AMERICAN TOWER CORPORATION,3189.0,"['2009-12-19', '2010-01-04', '2010-02-11', '2010-07-15', '2010-08-03', '2011-07-28', '2011-08-01', '2011-08-15', '2011-09-06', '2011-09-30', '2011-12-19', '2012-02-03', '2012-03-09', '2012-04-04', '2013-03-28', '2013-06-30', '2013-09-30', '2014-05-31', '2014-06-02', '2014-06-05', '2014-06-10', '2014-06-27', '2014-07-11', '2015-02-05', '2016-04-04', '2017-03-01', '2017-04-06', '2018-01-09', '2019-10-16', '2020-05-01', '2020-05-02', '2020-06-04', '2022-06-28', '2023-02-27', '2024-10-23', '2025-01-07', '2025-07-28', '2025-10-02', '2025-12-04']",AMT
"AMERICAN WATER RESOURCES, LLC",150.0,"['2017-10-27', '2020-08-27', '2023-03-21', '2025-05-28']",VRT
"AMERICAN WOOD PRODUCTS, LLC.",440.0,"['2015-03-17', '2019-11-14', '2020-01-29', '2020-10-13', '2022-01-26', '2023-05-03', '2024-09-06', '2024-10-01']",VRT
"AMERICANOS USA, LLC",1389.0,"['2013-02-27', '2017-01-11', '2020-03-04', '2020-03-17', '2020-03-19', '2020-04-02', '2020-04-13', '2020-04-21', '2024-05-01']",VRT
"AMERICA’S AUTO AUCTION PENNSYLVANIA, INC",396.0,"['2011-12-01', '2020-03-01']",MU
"AMERICHEM, INC.",56.0,['2020-04-06'],MU
"AMERIMARK INTERACTIVE, LLC",212.0,['2023-04-10'],VRT
"AMERISOURCEBERGEN-H.D. SMITH, LLC",50.0,"['2019-02-25', '2019-05-09']",VRT
"AMERTEX TEXTILE SERVICES, INC.",455.0,"['2015-05-08', '2020-04-01', '2020-04-28', '2020-09-29', '2020-09-30', '2025-06-05']",MU
"AMESBURY TRUTH, INC.",479.0,"['2016-08-01', '2016-09-15', '2017-12-01']",MU
"AMETEK BISON GEAR & ENGINEERING, INC.",167.0,['2025-05-19'],MU
AMETEK INC.,42.0,['2018-05-03'],AME
"AMG SERVICE, INC.",550.0,"['2013-09-05', '2023-10-05', '2024-09-03', '2024-10-30', '2026-03-24', '2026-04-23']",MU
AMGEN,2091.0,"['2011-03-22', '2014-10-22', '2017-04-12', '2017-11-02', '2021-02-23', '2022-07-08', '2023-02-01', '2023-07-17']",AMGN
AMGEN INC,2517.0,"['2011-12-30', '2012-01-16', '2013-12-31', '2014-06-04', '2014-10-28', '2019-10-31', '2019-11-05', '2021-02-10', '2021-05-06', '2023-03-17']",AMGN
"AMI EXPEDITIONARY HEALTHCARE, LLC.",144.0,['2022-01-03'],VRT
AMICUS THERAPEUTICS,313.0,"['2010-01-01', '2010-09-01', '2020-06-03', '2023-09-11', '2026-05-01']",AM6.MU
"AMIEE LYNN, INC.",50.0,['2013-05-01'],MU
"AMMAR'S, INC.",97.0,['2018-07-02'],MU
"AMNEAL PHARMACEUTICALS, LLC",107.0,"['2019-07-10', '2024-06-17', '2025-07-07']",AMRX
"AMONIX, INC.",692.0,"['2011-07-30', '2012-05-07', '2012-06-30', '2015-07-21', '2025-10-14']",MU
"AMOUNT, INC.",221.0,"['2016-02-17', '2017-08-29', '2023-01-13']",MU
AMPCO,507.0,"['2012-09-26', '2025-10-01']",AP
"AMPLE JOY ABA CONSULTING SERVICES, LLC",100.0,['2026-04-21'],VRT
"AMPLIFY BIO, LLC",414.0,"['2025-04-15', '2025-10-03', '2025-10-06', '2025-10-07', '2025-11-10']",VRT
"AMPLIFY EDUCATION, INC.",504.0,"['2015-09-29', '2019-05-31', '2019-08-12', '2020-10-22']",MU
AMPLITUDE,99.0,['2023-04-05'],AMPL
"AMPLITUDE, INC.",797.0,"['2022-12-22', '2023-04-19', '2023-05-22', '2023-06-06', '2023-11-16', '2023-12-04', '2024-01-18', '2024-02-15', '2024-02-20', '2024-03-15', '2024-03-18', '2024-05-03', '2024-05-09', '2024-05-31', '2024-07-12', '2024-09-03']",AMPL
"AMQ SOLUTIONS, LLC",299.0,"['2020-07-31', '2024-01-18']",VRT
"AMSTERDAM PRINTING LITHO, INC.",307.0,"['2014-10-16', '2020-08-07', '2023-08-21', '2024-04-01']",MU
AMWAY,363.0,"['2019-05-03', '2019-09-11', '2020-04-07', '2023-05-31', '2024-02-14']",6351.KL
"AMY&RSQUO;S KITCHEN, INC.",331.0,['2022-07-25'],MU
"AMYRIS, INC.",809.0,"['2015-08-13', '2016-05-27', '2017-11-22', '2023-07-26', '2023-09-18', '2023-11-16', '2024-01-17', '2024-10-01']",MU
"AMYS KITCHEN, INC.",305.0,['2024-10-08'],MU
"AN BEVERLY HILLS, LLC",270.0,"['2017-04-21', '2020-04-07', '2020-11-09']",VRT
"ANADARKO INDUSTRIES, LLC",713.0,"['2010-01-07', '2016-07-13', '2016-07-18', '2020-02-24', '2020-04-22', '2021-09-13', '2024-05-07']",VRT
ANADARKO PETROLEUM CORPORATION,964.0,"['2010-02-04', '2011-04-18', '2016-08-23', '2017-01-01', '2017-05-17', '2023-12-07', '2025-11-10', '2026-04-16', '2026-04-22']",APC
"ANAHEIM ARENA MANAGEMENT, LLC",91.0,['2025-08-15'],VRT
"ANAHEIM HILLS - C2 EDUCATIONAL SYSTEMS, INC.",58.0,"['2017-08-09', '2020-04-28', '2020-04-29']",MU
"ANAHEIM NAPLES, LLC",310.0,"['2020-06-04', '2021-09-10']",VRT
"ANAIBIV, LLC",24.0,"['2020-05-15', '2025-09-05']",VRT
ANALOG DEVICES,112.0,"['2020-07-24', '2023-12-13']",ADI
"ANALOG DEVICES, INC.",739.0,"['2020-03-02', '2020-04-03', '2020-07-09', '2021-01-05', '2022-04-26', '2023-12-11', '2026-02-03']",ADI
"ANAPLAN, INC.",157.0,"['2016-05-17', '2023-07-20']",MU
ANAR,280.0,"['2017-03-10', '2022-06-10', '2023-11-25']",0P0000G6S0.F
"ANATOMIC HOLDINGS AND ANATOMIC OPERATIONS, INC",41.0,['2013-04-17'],MU
"ANCHOR BREWING COMPANY, LLC",772.0,"['2020-07-28', '2023-07-19']",VRT
"ANCHOR LONGWALL & REBUILD, INC.",142.0,['2020-04-02'],MU
ANCHORAGE DIGITAL,75.0,['2023-03-14'],AHOAZZX
"ANCONNECT, LLC.",137.0,['2016-05-05'],VRT
"ANDA INC. (WATSON PHARMACEUTICALS, INC.)",55.0,['2012-05-09'],MU
"ANDALUSIA COUNTRY CLUB, LLC.",38.0,['2020-04-20'],VRT
"ANDERSEN AMERICA, INC.",968.0,"['2012-08-03', '2017-05-31', '2017-11-08', '2018-09-06', '2018-12-10', '2020-05-19', '2023-12-14']",MU
"ANDERSON TECHNOLOGIES SOUTH, LLC",277.0,"['2020-02-24', '2020-03-18', '2020-07-16', '2020-12-18']",VRT
"ANDY FRAIN SERVICES, INC.",1084.0,"['2010-07-31', '2011-01-15', '2018-08-15', '2020-04-13', '2020-04-17', '2020-04-22']",MU
"ANESTHESIA GROUP OF ALBANY, P.C.",95.0,['2020-04-22'],PCSGH.BK
"ANGELES WELDING & MFG., INC.",63.0,['2010-10-16'],MU
ANGI,1264.0,"['2012-06-14', '2013-05-07', '2026-01-07']",ANGI
ANHEUSER-BUSCH,63.0,['2024-08-15'],BUD
"ANHEUSER-BUSCH COMMERCIAL STRATEGY, LLC",238.0,['2025-12-12'],VRT
"ANHEUSER-BUSCH SALES OF HAWAII, INC.",230.0,['2021-08-30'],MU
"ANHEUSER-BUSCH SALES OF NEW JERSEY,LLC",80.0,['2019-02-01'],VRT
"ANKA BEHAVIORAL HEALTH, INCORPORATED",1009.0,"['2019-04-23', '2019-04-24', '2019-05-17']",QCOM
"ANNA'S LINENS, INC.",29.0,['2015-08-07'],MU
"ANNABELLE CANDY CO., INC.",43.0,['2024-07-29'],MU
ANSELL,68.0,['2015-01-29'],ANN.AX
"ANSELL HAWKEYE, INC.",85.0,['2013-01-01'],MU
"ANSELL PROTECTIVE PRODUCTS, INC.",1110.0,"['2011-08-10', '2018-01-04', '2019-03-28', '2019-04-18', '2019-07-11', '2020-03-30', '2020-05-01', '2020-05-02', '2020-06-25', '2020-07-01', '2020-07-29', '2020-09-08', '2024-11-11']",MU
ANTHEM,290.0,"['2015-02-17', '2018-10-18']",ANTHEM.BO
ANTHEM INC.,57.0,['2015-06-24'],0HG8.L
"ANTHEM, INC./BEACON HEALTH OPTIONS",246.0,"['2019-11-01', '2020-01-01', '2021-09-21', '2021-09-24']",ANTHEM.NS
"ANTHONY'S FISH GROTTO OF LA MESA, INC.",136.0,['2016-11-30'],MU
"ANTHONY, INC.",610.0,"['2020-06-23', '2023-07-20']",MAJJ
"ANUVU OPERATIONS, LLC (MARITIME, ENERGY, AND GOVERNMENT BUSINESS)",135.0,['2024-02-22'],XAE=F
"ANVIL KNITWEAR, INC.",35.0,['2012-10-11'],MU
"APACHE CORPORATION (MARINER ENERGY, INC.)",98.0,['2010-10-14'],MU
"APC WORKFORCE SOLUTIONS, LLC",354.0,"['2018-01-03', '2020-10-02', '2022-07-27']",VRT
"APEEL TECHNOLOGY, INC.",383.0,"['2010-10-29', '2020-04-11', '2020-08-18', '2022-11-22']",MU
APELLIS PHARMACEUTICALS,1130.0,"['2013-05-14', '2017-07-24', '2020-12-08', '2023-08-30']",1JK.DU
"APEX ENVIRONMENTAL, LLC",204.0,"['2019-03-14', '2020-04-22', '2024-11-25', '2024-12-05']",VRT
"APEX XPRESS, INC.",49.0,['2021-03-01'],MU
APL,27.0,"['2020-03-27', '2020-12-28']",APLD
"APL LOGISTICS LIMITED, INC.",157.0,"['2016-07-12', '2018-11-08']",MU
"APL LOGISTICS, LTD.",282.0,"['2024-02-07', '2025-12-01', '2025-12-02']",W8R.F
"APOLLO EDUCATION GROUP, INC.",170.0,"['2015-04-01', '2015-04-28', '2016-03-02']",MU
APOY,20.0,"['2020-05-06', '2024-02-01']",APOYX
APPFOLIO,211.0,"['2023-02-20', '2023-05-22', '2023-08-17']",APPF
"APPFOLIO, INC.",227.0,"['2023-05-17', '2023-08-18', '2023-10-04', '2024-02-02']",APPF
APPLE,714.0,"['2023-04-03', '2024-02-27', '2024-04-04', '2024-08-27', '2024-11-24']",AAPL
"APPLE GILROY, INC.",51.0,['2018-07-10'],MU
APPLE INC.,1161.0,"['2016-01-15', '2018-05-01', '2019-02-19', '2024-01-29', '2024-04-02', '2026-04-23', '2026-04-27']",AAPL
"APPLE- METRO, INC. BED-STUY APPLE, LLC",36.0,['2020-03-25'],VRT
"APPLE-METRO, INC.",61.0,['2020-03-26'],MU
"APPLETON PAPERS, INC.",330.0,['2012-03-26'],MU
"APPLIED AERODYNAMICS, INC.",889.0,"['2010-05-03', '2010-07-10', '2010-08-16', '2011-01-18', '2011-05-22', '2011-07-31', '2011-08-21', '2011-10-02', '2012-02-04', '2012-04-15', '2012-07-23', '2012-08-30', '2012-09-16', '2012-11-04', '2013-08-30', '2015-06-25', '2020-04-20', '2025-10-24']",MU
APPLIED MATERIAL,1545.0,"['2010-03-03', '2011-11-20', '2012-05-20', '2013-02-13', '2013-05-12', '2013-09-18', '2013-11-20', '2014-01-19', '2025-10-23']",AMAT
"APPLIED MATERIALS, INC",940.0,"['2010-02-12', '2011-03-11', '2011-03-27', '2011-05-22', '2012-02-04', '2012-11-26', '2013-11-17', '2014-03-07', '2016-05-11', '2017-09-11', '2020-04-09', '2020-04-17', '2020-08-24', '2024-06-30', '2024-07-01', '2024-07-02']",AMAT
"APPLIED MATERIALS, INC. - AUSTIN11",15.0,"['2010-03-03', '2013-09-18', '2013-11-20']",AMAT
APPLOVIN,851.0,"['2017-09-18', '2022-06-27', '2024-08-15', '2024-10-03', '2024-10-15', '2024-11-13', '2025-01-15', '2025-04-16']",APP
APPLOVIN CORPORATION,2237.0,"['2010-07-12', '2013-09-02', '2014-10-22', '2015-12-04', '2019-03-13', '2022-07-11', '2022-11-01', '2024-07-24', '2024-08-14', '2024-10-03', '2024-10-15', '2024-11-13', '2025-01-15', '2025-02-19', '2025-03-21', '2025-03-31']",APP
"APRIA HEALTHCARE, INC.",873.0,"['2009-12-18', '2010-05-11', '2010-06-09', '2023-11-28']",MU
"APS WEST COAST, INC.",958.0,"['2010-01-11', '2015-05-08', '2017-11-21', '2019-10-17', '2020-06-04']",MU
"APTAR GROUP, INC*",406.0,"['2020-04-20', '2020-07-15', '2022-12-01', '2023-01-26']",ATR
APTIV,390.0,"['2011-04-06', '2011-06-03', '2012-11-01', '2024-02-20']",APTV
"AQUA GRILL, INC.",146.0,"['2020-05-01', '2026-01-14']",MU
"AQUA LUNG AMERICA, INC.",111.0,"['2015-10-27', '2022-03-07']",MU
"AQUA METALS, INC.",12.0,['2018-07-10'],AQMS
AQUA PRODUCTS,79.0,['2019-01-01'],300094.SZ
"AQUARIUS GAMING, LLC",863.0,['2020-04-15'],VRT
"AQUIRECORP'S NORWALK AUTO AUCTION, INC",79.0,['2020-03-25'],MU
"ARAMARK CAMPUS SERVICES, LLC",147.0,['2018-04-01'],VRT
"ARAMARK CAMPUS, LLC, DBA, ARAMARK AT TEMPLE",251.0,['2020-11-01'],VRT
"ARAMARK EDUCATIONAL SERVICE OF NORTH CAROLINA, LLC",287.0,"['2020-03-25', '2021-08-17']",VRT
"ARAMARK EDUCATIONAL SERVICES, LLC & ARAMARK CAMPUS, LLC",51.0,['2011-11-29'],VRT
"ARAMARK FACILITY SERVICES, LLC",824.0,"['2014-04-14', '2021-05-10', '2023-07-04', '2023-07-05', '2024-07-29']",VRT
"ARAMARK HEALTHCARE SERVICES, LLC",1212.0,"['2013-05-28', '2013-08-15', '2014-01-31', '2014-05-05', '2014-12-10', '2015-12-07', '2022-08-09']",VRT
"ARAMARK SERVICES, INC.",47.0,"['2020-01-03', '2020-04-09']",MU
"ARANA THERAPEUTICS, INC., A COMPANY WITHIN TEVA PHARMACEUTICALS USA, INC.",30.0,['2023-01-03'],MU
ARAUCO,84.0,['2020-02-11'],PARAUCO.SN
"ARAYMOND TINNERMAN INDUSTRIAL, INC.",363.0,"['2010-10-01', '2020-03-20', '2020-08-17', '2023-12-06']",MU
ARC,118.0,"['2018-08-01', '2018-08-02', '2022-07-20']",ACHR
"ARC MACHINES, INC",2610.0,"['2019-11-27', '2019-12-10', '2020-01-07', '2020-01-21', '2020-03-23', '2020-03-26', '2020-04-03', '2020-04-06', '2020-04-07', '2020-04-10', '2020-04-13', '2020-08-21', '2022-09-12', '2023-10-06', '2024-08-29', '2026-03-27']",MU
ARCELOR MITTAL,318.0,"['2012-06-07', '2012-10-26', '2015-07-24', '2020-04-28', '2020-05-01']",MT
"ARCELORMITTAL PLATE, LLC",318.0,"['2018-02-01', '2018-07-01', '2018-08-01', '2018-09-01', '2020-04-01']",VRT
"ARCHBROOK LAGUNA, LLC",172.0,['2011-07-01'],VRT
ARCHER DANIELS MIDLAND COMPANY,502.0,"['2010-05-06', '2014-10-01', '2016-10-01', '2020-04-17', '2020-08-05', '2025-12-19']",ADM
ARCHER-DANIELS-MIDLAND CO,130.0,['2022-08-26'],ADM
ARCHIPELAGO,40.0,['2023-08-01'],A33.SI
"ARCONIC, INC.",845.0,"['2012-04-11', '2013-02-12', '2019-10-17', '2019-10-18', '2022-04-01', '2023-11-02', '2024-01-18', '2025-06-02', '2025-09-17']",MU
"ARCOSA WIND TOWERS, INC",312.0,"['2020-09-22', '2021-08-18']",MU
"ARCTIC CIRCLE ENTERPRISES, LLC",152.0,"['2017-09-01', '2020-08-24']",VRT
ARCTIC WOLF,250.0,['2026-05-06'],ARCIZZX
"ARDAGH GLASS PACKAGING, INC.",220.0,['2024-06-24'],MU
ARDAGH METAL PACKAGING,110.0,['2023-11-28'],AMBP
"ARDENT MILLS, LLC",28.0,['2025-04-01'],VRT
"AREA203, LLC",49.0,['2013-08-29'],VRT
"AREAS RHHG ORD JV, LLC",156.0,['2020-04-07'],VRT
"AREAS USA FLTP, LLC",162.0,"['2020-08-05', '2020-08-11']",VRT
"AREAS USA, INC",1411.0,"['2011-05-01', '2011-05-20', '2014-12-01', '2020-04-24', '2020-09-19', '2022-11-09']",MU
ARGEN,36.0,['2020-04-16'],ARGX
"ARGO AI, LLC",1252.0,"['2022-10-01', '2022-10-27', '2022-11-09', '2022-12-29']",VRT
ARGYLE,20.0,"['2022-07-31', '2022-08-26']",ME0.F
"ARIA GROUP, INC.",691.0,"['2016-08-24', '2020-04-15', '2022-11-01', '2023-10-10', '2024-06-26', '2024-07-01']",MU
ARISTA,700.0,"['2015-07-14', '2016-08-26', '2020-04-05', '2020-04-10', '2022-11-08', '2023-01-25', '2023-08-03', '2023-08-04', '2025-07-28']",ANET
"ARKLATEX ENERGY SERVICES, LLC",2252.0,"['2016-12-23', '2018-04-01', '2020-01-07', '2020-03-23', '2020-03-27', '2020-05-07', '2020-06-26', '2024-10-02', '2025-03-25']",VRT
"ARLINGTON PARK RACECOURSE, LLC",394.0,"['2011-11-04', '2020-04-24', '2021-07-22']",VRT
ARM HOLDINGS,140.0,"['2017-06-22', '2023-12-18']",ARM
"ARMA GLOBAL, INC.",241.0,['2018-01-31'],MU
"ARMSTRONG ENERGY, INC.",103.0,"['2017-12-15', '2025-08-28', '2026-02-05']",MU
ARMSTRONG FLOORING,1277.0,"['2017-08-07', '2019-11-06', '2020-12-22', '2022-05-01', '2022-05-20', '2022-05-23']",AFIIQ
ARMSTRONG WORLD INDUSTRIES,177.0,"['2010-09-01', '2010-11-01', '2011-02-01', '2011-03-01', '2017-03-03']",AWI
"ARNOLD TRANSPORTATION SERVICES, INC",3027.0,"['2010-06-30', '2011-05-01', '2011-05-18', '2012-05-11', '2013-10-14', '2014-03-26', '2014-07-25', '2014-07-28', '2014-08-22', '2014-08-28', '2016-01-13', '2020-03-30', '2020-04-15', '2020-04-17', '2020-04-28', '2020-06-04', '2020-09-28', '2023-01-23', '2023-09-01', '2024-01-30', '2024-04-30', '2026-02-09', '2026-03-19']",MU
"ARON STREIT, INC.",1353.0,"['2010-01-09', '2010-01-17', '2014-01-30', '2014-03-11', '2014-05-29', '2015-01-06', '2015-03-13', '2019-10-18', '2019-11-27', '2020-04-22', '2020-07-23', '2023-04-28', '2024-04-02', '2024-05-07', '2024-09-30', '2024-10-01', '2024-10-03', '2025-11-01']",MU
"AROW ELECTRONICS, INC",2145.0,"['2009-12-02', '2009-12-09', '2009-12-30', '2010-01-06', '2010-01-13', '2010-01-20', '2010-01-27', '2010-02-17', '2010-02-24', '2010-03-10', '2010-03-12', '2010-03-17', '2012-09-12', '2013-06-10', '2013-12-30', '2015-01-16', '2015-04-22', '2015-04-30', '2016-08-30', '2016-10-24', '2017-05-08', '2019-07-16', '2019-07-18', '2020-05-13', '2021-07-09', '2023-04-03', '2023-12-01', '2024-11-27', '2025-05-15', '2025-05-19']",MU
"ARRIS GROUP, LLC",385.0,"['2016-01-14', '2016-08-24']",VRT
ARRIVAL,800.0,"['2022-07-13', '2022-10-20', '2023-01-30', '2023-10-05', '2025-03-10']",ARVLF
"ARROHEALTH, LLC",105.0,"['2013-03-18', '2018-01-09', '2020-04-17']",VRT
"ARROW AIR, INC.",901.0,"['2010-04-12', '2015-03-09']",MU
ARROW ELECTRONICS,2024.0,"['2009-12-09', '2010-03-13', '2010-03-26', '2013-07-23', '2018-02-01', '2023-02-28', '2023-03-29', '2024-02-28', '2025-04-29']",ARW
"ARROW ELECTRONICS, INC.-AUSTIN",197.0,"['2013-09-20', '2016-07-29', '2018-02-23', '2020-04-17']",ARW
"ARROW HOME PRODUCTS, LLC",96.0,['2022-12-21'],VRT
"ARROWAY CHEVROLET, INC.",222.0,"['2010-08-04', '2011-01-21', '2017-08-04', '2020-05-21']",MU
"ARRUTH ASSOCIATES,INC.",93.0,['2015-11-30'],MU
"ARS-FRESNO, LLC",163.0,['2022-03-30'],VRT
"ARSENAL BIOSCIENCES, INC.",487.0,"['2010-10-06', '2010-10-15', '2011-06-03', '2011-07-10', '2011-10-05', '2014-09-30', '2025-07-09', '2025-09-17']",MU
"ART FOOD, LLC",867.0,"['2017-02-22', '2017-04-04', '2019-05-31', '2020-03-31', '2023-03-27', '2023-10-26']",VRT
"ARTHA WELLNESS WEHO, LLC",40.0,['2024-06-20'],VRT
"ARTHUR J, LLC DBA THE ARTHUR J",86.0,"['2020-04-24', '2021-01-06']",AJG
ARTICLE,350.0,"['2020-05-15', '2022-08-04', '2022-09-09', '2022-10-27', '2022-11-30', '2023-01-12', '2023-12-14']",002762.SZ
"ARTISAN VEHICLE SYSTEMS, INC.",823.0,"['2014-03-31', '2015-04-15', '2015-06-25', '2017-04-05', '2017-04-07', '2018-03-28', '2020-04-07', '2020-04-24', '2020-07-29', '2024-01-30', '2025-10-20']",MU
"ARUBA NETWORKS, INC.",362.0,"['2010-02-19', '2010-03-08', '2010-04-16', '2010-06-04', '2014-07-30', '2014-08-28', '2023-02-21']",MU
"ARUZE GAMING AMERICA, INC.",100.0,['2023-06-16'],MU
"ARVIN SANGO, INC.",601.0,"['2010-03-31', '2010-04-09', '2010-04-16', '2010-05-04', '2020-04-17', '2020-07-07', '2025-04-30']",MU
ARVOS,350.0,"['2016-04-26', '2022-07-20', '2023-05-11']",ARVOSK.HE
ARYZTA,248.0,"['2015-03-30', '2015-05-04']",ARYN.SW
"AS LONG AS THERE IS LOVE, LLC (MRS. DOUBTFIRE AT THE STEPHEN SONDHEIM THEATRE, NYC)",89.0,['2020-06-20'],SF=F
ASANA,280.0,"['2022-11-15', '2022-11-30', '2025-02-04']",ASAN
"ASANA, INC.",298.0,"['2018-04-02', '2022-11-11', '2022-11-21', '2025-02-04']",ASAN
ASBURY AUTOMOTIVE GROUP,824.0,"['2020-04-03', '2020-04-07']",ABG
"ASBURY AUTOMOTIVE GROUP (CROWN CHRYSLER, DODGE, JEEP RAM)COVID19",32.0,['2020-04-03'],DODGX
"ASC AIRTEX, LLC",56.0,"['2020-08-07', '2024-03-01']",VRT
"ASC OPERATIONS, LLC",3745.0,"['2015-09-30', '2019-01-30', '2019-03-28', '2019-11-15', '2020-03-09', '2020-03-23', '2020-04-13', '2020-05-14', '2020-05-29', '2020-08-04', '2020-09-08', '2020-11-17', '2020-12-04', '2021-02-03', '2021-02-11', '2021-03-15', '2021-05-19', '2021-06-07', '2021-09-01', '2022-03-25', '2022-04-20', '2023-01-30', '2023-03-17', '2023-05-22', '2023-09-12', '2024-01-31', '2024-10-15', '2025-03-13', '2025-03-19', '2025-06-12', '2025-09-03']",VRT
"ASCENA RETAIL GROUP, INC., CATHERINES, INC., CATHERINES STORES CORPORATION, LANE BRYANT, INC., AND LANE BRYANT PURCHASING CORP.",192.0,"['2020-09-09', '2020-09-10', '2020-11-02']",MU
ASCO,107.0,['2016-08-08'],HMN.SI
"ASE, INC. - RESCINDED",491.0,"['2013-05-02', '2020-04-24', '2020-08-17']",ASX
"ASHFORD UNIVERSITY, LLC",724.0,"['2015-01-02', '2017-02-21', '2019-11-01', '2020-04-09', '2020-04-16', '2025-10-23']",VRT
ASHLAND INC,65.0,"['2023-01-01', '2025-07-01']",ASH
ASML,1700.0,['2026-01-28'],ASML
ASPIRATION,806.0,"['2020-03-16', '2020-03-25', '2023-01-18', '2023-03-24', '2023-03-31', '2023-05-24', '2023-07-19']",REDWX
ASPIRE,23.0,['2022-07-15'],WKU.F
"ASSEMBLED FINANCIAL TECHNOLOGY, LLC",378.0,"['2013-06-03', '2013-08-26', '2020-12-01', '2022-07-08', '2026-04-01']",VRT
"ASSERTIO HOLDINGS, INC.",1559.0,"['2011-05-26', '2012-05-04', '2012-05-17', '2012-10-12', '2013-02-21', '2016-04-26', '2018-01-02', '2018-03-20', '2019-01-09', '2019-08-30', '2019-10-04', '2020-08-12', '2020-08-24', '2020-10-22', '2020-12-15', '2023-09-07']",ASRT
"ASSET DEVELOPMENT GROUP, LLC",149.0,"['2010-09-17', '2020-03-18', '2022-06-01']",VRT
"ASSET MANAGEMENT SPECIALISTS, LLC",64.0,['2014-12-01'],VRT
"ASSOCIATE MANAGEMENT RESOURCES, INC.",1583.0,"['2013-02-21', '2015-07-23', '2015-07-24', '2019-10-28', '2020-09-04', '2023-04-21', '2023-12-13']",MU
"ASSOCIATION FOR METROAREA AUTISTIC CHILDREN, INC.",1256.0,"['2013-12-31', '2014-10-01', '2019-02-04', '2019-04-17', '2020-04-10', '2020-06-08', '2021-11-23', '2022-05-16']",MU
"ASSOCIATION MEMBER BENEFITS ADVISOR, LLC",1016.0,"['2017-11-16', '2023-04-06', '2023-04-20', '2025-05-30']",VRT
ASSURANCE,112.0,['2024-05-01'],7IQ.F
ASSURANT,756.0,"['2009-12-14', '2019-03-01', '2023-10-01', '2025-05-01']",AIZ
"AST TEXTILE GROUP, INC.",469.0,"['2013-06-03', '2019-11-27', '2020-03-23', '2020-04-18', '2020-05-14', '2020-05-20']",MU
"ASTAR AIR CARGO, INC.",312.0,"['2010-01-07', '2022-11-01']",MU
"ASTELLAS GENE THERAPIES, INC.",437.0,"['2020-04-17', '2020-05-01', '2020-05-19', '2024-06-20', '2024-08-27', '2024-10-29']",MU
"ASTELLAS US HOLDING, INC.",193.0,"['2011-12-12', '2019-12-03', '2020-12-01', '2026-04-10']",MU
"ASTEMO AMERICAS, INC",101.0,"['2023-02-24', '2026-03-27']",MU
"ASTORIA APPLE, LLC",189.0,"['2020-03-25', '2020-04-06']",VRT
ASTRAZENECA,1124.0,"['2010-05-13', '2013-05-31', '2016-09-01', '2016-12-15', '2019-01-08']",AZN
"ASTRONICS TEST SYSTEMS, INC.",92.0,"['2014-10-07', '2020-05-12']",MU
AT & T,68.0,['2015-09-14'],T
"AT APPLE, LLC",175.0,['2020-03-25'],VRT
AT HOME,228.0,"['2013-02-05', '2023-03-15', '2024-07-01', '2025-06-01']",PETS.L
AT&T,2684.0,"['2010-01-19', '2010-02-12', '2010-03-09', '2010-03-15', '2010-06-15', '2011-02-07', '2011-04-04', '2013-01-22', '2015-02-17', '2015-09-14', '2015-11-16', '2015-11-20', '2015-12-28', '2016-01-11', '2016-10-31', '2016-11-29', '2017-04-18', '2017-10-02', '2018-06-01', '2018-06-14', '2018-08-01', '2018-08-20', '2019-01-29', '2019-12-02', '2020-01-10', '2020-01-21', '2020-02-21', '2020-07-27', '2020-09-08', '2020-09-22', '2023-04-01', '2023-06-01', '2023-06-26', '2023-08-01', '2024-07-31', '2024-08-01', '2024-08-26', '2024-11-01', '2024-11-26', '2024-12-03', '2024-12-17', '2025-01-23', '2025-03-14', '2026-02-01', '2026-04-01']",T
"AT&T (M&E MARKETING UNIT) (1 ROCKEFELLER PLAZA, NYC)",54.0,['2020-07-23'],SF=F
"AT&T COMMUNICATIONS, INC.",896.0,"['2010-09-30', '2013-11-02', '2017-12-14', '2018-03-22', '2018-06-19', '2018-07-18', '2019-07-12', '2026-03-18']",MU
AT&T CORP,171.0,"['2010-05-14', '2010-08-01', '2010-08-20', '2020-09-08']",9563.T
AT&T CORPORATION,3185.0,"['2010-09-22', '2015-03-16', '2015-12-07', '2016-10-10', '2018-04-01', '2020-05-11', '2020-06-09', '2020-06-11', '2020-06-15', '2020-06-18', '2020-06-19', '2020-10-02', '2022-01-13', '2025-06-17', '2025-07-03']",9563.T
"AT&T, ARCHITECTURE AND COMMON SERVICES INTEGRATION",119.0,"['2009-12-29', '2020-04-07', '2020-07-29']",T
"AT&T, BUSINESS MARKETING",9.0,['2009-12-29'],T
"AT&T, CONSUMER INFORMATION TECHNOLOGY",209.0,"['2010-04-30', '2010-07-12', '2020-06-18', '2020-06-23', '2020-06-24', '2021-12-06']",T
"AT&T, CUSTOMER CONNECTIVITY SOLUTIONS",20.0,['2010-08-24'],T
"AT&T, GLOBAL ENTERPRISE SOLUTIONS",177.0,"['2009-12-29', '2010-06-25', '2011-11-04', '2011-12-02', '2026-02-26']",T
"AT&T, INFORAMTION TECHNOLOGY, APPLICATION & SVC MG",11.0,['2009-12-29'],T
"AT&T, WHOLESALE & GEM SOLUTIONS",832.0,"['2009-12-29', '2023-03-03']",T
"ATA RETAIL SERVICES, LLC",1571.0,"['2011-11-30', '2014-01-22', '2017-05-01', '2017-10-16', '2018-04-09', '2018-10-15', '2020-03-19', '2020-04-14', '2020-04-27', '2021-05-01']",VRT
"ATALYS TUCSON, LLC",30.0,['2025-04-04'],VRT
ATARA BIOTHERAPEUTICS,276.0,"['2022-08-17', '2023-04-26', '2023-12-13', '2024-01-29', '2025-03-18']",ATRA
ATCO,481.0,"['2016-04-14', '2019-11-04', '2020-04-21', '2020-11-02', '2020-11-20', '2021-01-05']",ATCO-A.ST
"ATHENAHEALTH, INC.",355.0,"['2016-10-25', '2023-08-01', '2024-08-05', '2024-10-08', '2024-10-25']",MU
ATHENE,204.0,['2014-01-23'],ATHS
"ATI RESTORATION, LLC",164.0,"['2020-08-03', '2020-08-12', '2023-09-13']",VRT
ATK,1109.0,"['2013-10-31', '2020-03-24', '2022-08-26', '2023-02-02', '2024-02-01', '2025-02-04']",IWIRX
"ATKORE HDPE, LLC",174.0,"['2020-04-10', '2026-05-06']",VRT
ATKORE INTERNATIONAL,1000.0,"['2012-01-04', '2012-03-27', '2012-09-24', '2013-09-27', '2014-09-29', '2015-08-01', '2015-08-06', '2016-03-16', '2018-09-20', '2019-10-02', '2019-12-13', '2020-06-02', '2020-06-04']",ATKR
"ATLANTIC & PACIFIC TEA COMPANY (C/O SUPERFRESH FOOD MARKETS, INC.)",300.0,"['2015-08-12', '2020-03-20']",MU
"ATLANTIC DETROIT DIESEL-ALLISON, LLC",24.0,['2011-08-05'],VRT
"ATLANTIC EXPRESS OF MO, INC",1218.0,"['2010-03-19', '2020-06-23', '2020-06-29', '2020-09-18', '2020-09-21']",MU
"ATLANTIC EXPRESS OF NEW JERSEY, INC.",125.0,['2013-11-01'],MU
"ATLANTIC PARATRANS OF NYC, INC.",610.0,['2010-10-05'],MU
"ATLANTIC RECORDING CORPORATION, INC.",132.0,"['2010-02-12', '2021-01-29']",MU
"ATLANTIC VEAL & LAMB, LLC",73.0,['2020-03-27'],VRT
ATLAS,150.0,['2023-08-23'],TEAM
"ATLAS HOSPITALITY GROUP, LLC",186.0,"['2010-02-19', '2020-04-10', '2026-04-30']",VRT
ATLASSIAN,2450.0,"['2023-03-06', '2025-07-30', '2025-09-10', '2026-03-11']",TEAM
"ATLASSIAN US, INC.",639.0,"['2023-03-08', '2024-05-20', '2026-03-11', '2026-03-12']",MU
ATOB,113.0,"['2022-06-22', '2022-06-29', '2022-10-19', '2022-12-12']",ATOBX
ATOME,24.0,"['2022-10-06', '2024-04-16', '2024-10-02']",ATOM
"ATOS IT SOLUTIONS & SERVICES, INC.",487.0,"['2013-12-26', '2013-12-30', '2014-01-01', '2014-01-03', '2014-02-28', '2017-10-11']",MU
ATRIUM,103.0,['2020-05-05'],RNA
ATSU,6.0,['2020-04-10'],3529.T
"AUBURN YMCA - WEIU, INC.",359.0,['2020-04-29'],MU
"AUDIO COMMAND SYSTEMS, INC.",169.0,"['2020-04-07', '2020-04-20']",MU
AUDIOCODES,160.0,"['2023-05-09', '2023-07-13']",AUDC
"AUDLEY TRAVEL US, INC",238.0,"['2020-11-05', '2024-10-21', '2026-02-23']",MU
"AUGUSTA SPORTSWEAR, INC",434.0,"['2020-03-25', '2025-10-07', '2025-10-08', '2026-05-13']",MU
AURA,70.0,['2022-06-23'],AURA
"AURINIA PHARMA U.S., INC.",80.0,['2024-12-17'],MU
"AUROLIFE PHARMA, LLC",99.0,['2022-03-01'],VRT
AURORA LABS,214.0,"['2024-01-30', '2025-01-16', '2025-01-27']",A3D.XA
"AUTHENTICOM, INC.",95.0,"['2017-11-08', '2024-01-12']",MU
"AUTISM SPECTRUM INTERVENTIONS, INC",226.0,['2020-05-04'],MU
"AUTO TRUCK TRANSPORT USA, INC.",237.0,"['2009-11-24', '2020-05-28']",MU
"AUTOALERT, LLC",279.0,"['2019-09-27', '2020-03-31']",VRT
AUTODESK,3282.0,"['2022-08-17', '2023-02-02', '2025-02-27', '2026-01-22', '2026-01-23']",ADSK
"AUTODESK, INC",699.0,"['2012-11-05', '2016-02-05', '2017-12-04', '2022-01-05', '2022-04-04', '2023-02-15', '2025-02-28']",ADSK
"AUTOFORM TOOL & MFG., LLC",480.0,['2020-03-31'],VRT
"AUTOMATED HARVESTING, LLC.",46.0,['2026-01-30'],VRT
AUTOMATIC,281.0,"['2020-05-01', '2025-04-02']",ADP
AUTOMATION ANY...,260.0,['2020-04-27'],ATOHZZX
"AUTOMOTIVE COMPONENT CARRIER, INC.",322.0,"['2012-09-10', '2018-05-29', '2020-05-04', '2023-08-23']",MU
"AUTOTRADER.COM, INC.",19.0,['2017-07-11'],MU
"AUTUMN SMILE, US TOUR, LLC",73.0,['2020-06-17'],VRT
"AVALON PS HM, LLC",34.0,['2021-01-05'],VRT
"AVANTE AT AT REIDSVILLE, INC.",95.0,['2018-03-28'],MU
"AVANTE AT CHARLOTTE, INC.",82.0,['2018-03-28'],MU
"AVANTE AT WILKESBORO, INC.",218.0,"['2010-03-12', '2010-05-04', '2010-07-07', '2010-10-12', '2011-03-02', '2018-03-28']",MU
"AVANTOR PERFORMANCE MATERIALS, INC.",150.0,['2015-01-16'],MU
"AVATAR PROPERTIES, INC.",987.0,"['2011-09-29', '2019-07-08', '2025-04-25']",MU
"AVEANNA HEALTCARE, LLC",139.0,"['2020-04-01', '2022-07-05', '2024-06-25']",VRT
AVERY DENNISON,225.0,['2015-04-23'],AVY
AVERY DENNISON CORPORATION,992.0,"['2010-02-22', '2010-03-02', '2010-03-09', '2010-03-17', '2010-04-08', '2010-04-12', '2010-04-14', '2010-04-23', '2010-05-18', '2010-06-02', '2010-06-28', '2010-07-01', '2010-07-27', '2010-10-18', '2011-09-14', '2011-12-21', '2012-01-19', '2012-08-15', '2012-11-19', '2013-03-26', '2016-02-26', '2020-12-18', '2025-06-03', '2026-02-17']",AVY
"AVI CASINO ENTERPRISE, INC.",5486.0,"['2009-12-26', '2010-04-13', '2012-12-28', '2015-04-01', '2015-11-19', '2015-12-05', '2016-08-03', '2016-12-01', '2017-01-27', '2019-05-01', '2019-07-26', '2019-11-08', '2020-01-18', '2020-03-08', '2020-03-19', '2020-03-27', '2020-04-09', '2020-04-30', '2020-05-22', '2020-06-05', '2020-11-03', '2021-03-24', '2022-10-24', '2022-12-13', '2023-01-20', '2023-02-21', '2023-03-13', '2023-05-05', '2023-05-22', '2023-05-31', '2023-06-27', '2023-10-16', '2024-01-10', '2024-03-12', '2024-04-12', '2024-06-07', '2024-06-12', '2024-11-14']",MU
"AVI FOODSYSTEMS, INC",1543.0,"['2010-04-01', '2012-05-21', '2013-06-12', '2026-01-01']",MU
"AVIARA BOATS, LLC",181.0,['2024-08-08'],VRT
"AVIAT U.S., INC",158.0,"['2010-04-06', '2014-03-28']",MU
AVIS BUDGET,124.0,"['2020-04-08', '2020-08-28']",CAR
AVIS BUDGET GROUP,305.0,"['2015-05-29', '2020-08-28', '2020-08-31', '2020-09-01', '2020-09-08']",CAR
"AVIS BUDGET GROUP BTR, MSY, LFT, LCH",7.0,['2020-08-28'],26954.HK
"AVIS BUDGET GROUP DBA AVIS BUDGET CAR RENTAL, LLC",46.0,['2020-08-28'],VRT
AVNET,368.0,"['2015-06-24', '2022-06-02', '2026-03-04']",AVT
"AVNET, INC.",2205.0,"['2011-09-01', '2012-02-01', '2013-07-16', '2014-05-11', '2014-06-02', '2015-05-20', '2016-03-03', '2016-11-03', '2017-04-03', '2017-06-02', '2018-02-21', '2018-05-15', '2023-02-15', '2025-04-08', '2025-04-29']",AVT
AVO,670.0,"['2022-05-01', '2022-06-02', '2024-01-25']",AVO
"AVON PROTECTION SYSTEMS, INC.",488.0,"['2014-03-05', '2014-03-06', '2023-10-02', '2024-10-03']",MU
"AWESOMENESSTV HOLDINGS, LLC",98.0,['2018-08-16'],VRT
"AWG AMBASSADOR, LLC",79.0,['2020-08-11'],VRT
"AWREY BAKERIES, LLC",203.0,['2012-11-28'],VRT
"AXION SERVICES, LLC",83.0,"['2015-05-27', '2019-02-28', '2021-07-15', '2021-08-17']",VRT
AYA,5.0,['2020-11-19'],AYA
"AZOTEAS MEX LA, LLC",48.0,['2025-08-04'],VRT
"AZTEC SHOPS, LTD.",12.0,['2020-04-28'],005930.KS
"AZUL HOSPITALITY - SRSB, LLC",121.0,['2020-03-24'],VRT
AZUMI,50.0,['2020-12-15'],0P0001Q9QO.SA
"B & R STORES, INC.",192.0,"['2020-01-21', '2020-04-01']",MU
"B&H FLOWERS, INC.",40.0,['2011-07-31'],MU
"B.R. GUEST HOLDINGS, LLC",54.0,['2016-12-05'],VRT
B/E AEROSPACE,160.0,['2017-03-21'],600855.SS
"BABBO, LLC",96.0,['2020-03-18'],VRT
"BABY LIST, INC.",32.0,['2020-06-05'],MU
BABYLON,100.0,['2022-07-12'],BBLNF
"BABYLON, INC",94.0,['2023-08-08'],BBLNF
"BACCHUS IMPORTERS, LLC",73.0,['2023-04-27'],VRT
"BACK OF THE HOUSE, INC",47.0,['2020-04-24'],MU
"BACK ON SOUTH RESTAURANT PARTNERS, LP",31.0,['2020-04-01'],ET
"BACK THRU THE FUTURE COMPUTER RECYCLING, INC.",15.0,['2020-03-01'],MU
"BACKYARD PLAYNATION, LLC",66.0,['2025-07-16'],VRT
"BADGER METER, INC. DBA NATIONAL METER &",140.0,"['2015-06-07', '2017-05-19']",BMI
"BADGER TRUCK AND AUTOMOTIVE GROUP, INC.",40.0,['2025-02-03'],MU
BAE SYSTEMS,9087.0,"['2010-08-01', '2011-05-10', '2011-10-30', '2012-02-01', '2012-03-07', '2012-04-27', '2012-05-30', '2012-07-23', '2012-08-20', '2012-09-07', '2012-09-16', '2012-09-28', '2012-10-12', '2012-10-31', '2012-11-01', '2012-12-19', '2013-02-08', '2013-04-09', '2013-06-03', '2013-07-06', '2013-07-31', '2013-09-23', '2013-11-19', '2014-01-16', '2014-03-16', '2014-04-01', '2014-05-01', '2014-06-18', '2014-06-26', '2014-09-03', '2014-09-05', '2014-10-23', '2015-01-06', '2015-01-15', '2015-03-27', '2015-05-22', '2015-06-04', '2015-06-08', '2015-07-07', '2015-08-01', '2015-09-08', '2015-09-21', '2015-10-30', '2015-12-18', '2016-01-12', '2016-02-22', '2016-04-06', '2016-04-07', '2016-04-29', '2016-05-27', '2016-06-01', '2016-08-19', '2017-01-31', '2018-03-02', '2018-06-08', '2018-06-25', '2018-09-27', '2018-11-01', '2019-10-16', '2020-04-09', '2020-05-01', '2020-08-01', '2020-08-10', '2022-08-04', '2024-02-16', '2026-03-19']",BA.L
"BAE SYSTEMS INFORMATION SOLUTIONS, INC.",131.0,"['2012-09-10', '2015-09-01']",MU
"BAE SYSTEMS, INC. LAND AND ARMAMENTS",78.0,['2013-10-01'],BA.L
"BAE SYSTEMS, NAS - WHITING FIELD, MILTON, PENSACOLA",289.0,['2013-10-01'],BA.L
"BAE SYSTEMS, USCS-ANNISTON/2",196.0,"['2011-10-31', '2020-03-21']",BA.L
BAGS,246.0,"['2015-06-17', '2025-11-01']",COMSYN.BO
"BAGS, A METROPOLIS COMPANY (ALASKA AIRLINES CONTRACT)",243.0,"['2020-08-28', '2025-10-13']",COMSYN.BO
"BAILEY STREET BAKERY, LLC",176.0,['2025-03-04'],VRT
"BAINBRIDGE PRODUCTS, LLC",161.0,"['2012-07-01', '2020-07-24', '2020-09-01', '2020-10-20', '2022-10-17']",VRT
"BAKED ZITI, LLC",142.0,['2020-03-31'],VRT
"BAKER & TAYLOR, LLC",719.0,"['2025-10-06', '2025-10-16', '2025-11-10']",VRT
BAKER HUGHES,1165.0,"['2015-02-04', '2015-02-06', '2015-08-27', '2015-10-05', '2016-02-16', '2016-02-18', '2018-01-25', '2020-04-15', '2020-04-27', '2023-05-18']",BKR
"BAKER METAL PRODUCTS, INC.",400.0,"['2012-10-29', '2013-01-28', '2014-12-17', '2015-05-28', '2018-03-27', '2020-04-27']",MU
"BAKER'S PRIDE, INC.",190.0,"['2019-12-05', '2025-11-07']",MU
"BAKERY BARN, LLC",82.0,['2025-05-01'],VRT
BAKKT,28.0,"['2022-12-08', '2024-05-03']",BKKT
"BALDA C. BREWER, INC.",323.0,"['2015-12-28', '2016-08-01']",MU
BALL CORP.,181.0,"['2013-04-05', '2022-08-03']",BALL
"BALL METAL BEVERAGE PACKAGING DIV, AMERICAS",127.0,['2012-08-16'],LAC
BAMBOO HEALTH,52.0,['2022-07-01'],2293.HK
"BAMBU SYSTEMS, LLC",141.0,['2025-11-04'],VRT
"BANANA REPUBLIC, LLC, A SUBSIDIARY OF GAP INC.",112.0,['2018-01-31'],VRT
"BANC OF CALIFORNIA, N.A.",276.0,"['2017-03-02', '2017-05-09', '2018-06-27', '2018-07-16', '2018-08-22', '2019-03-29']",BANC
"BANK FIRST, N.A.",696.0,"['2024-06-12', '2024-08-30', '2025-02-21', '2025-04-09', '2025-04-30', '2026-01-27']",BFC
BANK OF AMERICA,11143.0,"['2010-01-14', '2010-01-31', '2010-04-30', '2010-07-01', '2010-07-21', '2010-07-30', '2010-07-31', '2010-08-23', '2010-12-01', '2010-12-03', '2011-01-30', '2011-03-04', '2011-04-27', '2011-07-25', '2011-09-27', '2011-09-29', '2011-11-14', '2011-12-14', '2012-03-05', '2012-03-31', '2012-04-11', '2012-05-22', '2012-05-31', '2012-06-01', '2012-06-15', '2012-06-19', '2012-07-17', '2012-08-27', '2012-09-05', '2012-09-28', '2012-11-09', '2013-01-29', '2013-04-01', '2013-04-02', '2013-07-01', '2013-07-15', '2013-08-29', '2013-08-30', '2013-08-31', '2013-10-25', '2013-11-01', '2013-11-22', '2013-12-22', '2014-01-19', '2014-01-24', '2014-02-13', '2014-03-14', '2014-05-01', '2014-05-02', '2014-05-11', '2014-05-22', '2014-05-27', '2014-05-28', '2014-06-09', '2014-06-25', '2014-07-28', '2014-09-01', '2014-09-05', '2014-09-18', '2014-10-22', '2014-11-19', '2014-12-22', '2015-01-28', '2015-01-30', '2015-01-31', '2015-02-13', '2015-02-16', '2015-03-01', '2015-03-16', '2015-03-24', '2016-04-29', '2016-07-11', '2017-05-01', '2018-05-29', '2019-01-23', '2019-02-05', '2019-06-17']",BAC
BANK OF NEW YORK MELLON,929.0,"['2010-09-01', '2011-04-01', '2011-05-01', '2011-06-01', '2011-08-01', '2011-10-01', '2011-12-01', '2015-02-27', '2015-08-01', '2015-09-01']",BK
BANK OF NEW YORK MELLON CORPORATION,101.0,"['2010-06-01', '2024-01-01']",BK
BANK OF THE WEST,774.0,"['2017-02-07', '2017-07-25', '2018-05-10', '2018-11-13', '2023-07-10', '2023-07-11', '2023-08-10', '2023-09-19', '2023-11-02']",AATKRXX
"BARCELONA RESTAURANTS, LLC",157.0,"['2016-09-30', '2017-04-05', '2020-05-02']",VRT
BARCLAY'S CAPITAL INC.,358.0,"['2013-02-06', '2013-04-29', '2015-10-01', '2015-10-12']",^DJP-IV
BARCLAYS,408.0,"['2015-10-12', '2024-05-21', '2024-06-01', '2026-05-01']",BARC.L
"BARD ASSOCIATES, LLC",161.0,"['2018-12-10', '2020-04-29']",VRT
"BARE ESCENTUALS BEAUTY, INC.",190.0,['2016-07-29'],MU
BARK,763.0,"['2012-08-13', '2013-11-04', '2020-10-19', '2022-03-30', '2023-02-09', '2023-07-13']",BARK
"BARKO HYDRAULICS, LLC",57.0,['2024-11-18'],VRT
BARNES & NOBLE,107.0,['2025-01-29'],2BN0.F
"BARNES & NOBLE BOOKSELLERS, INC.",50.0,['2016-05-13'],MU
"BARNES & NOBLE, INC.",64.0,['2020-06-12'],2BN0.F
"BARNEY'S, INC.",456.0,"['2018-07-02', '2020-02-01', '2022-10-26']",MU
"BARREL TEN QUARTER CIRCLE, INC.",29.0,"['2025-02-06', '2025-04-22']",MU
"BARRINGTON ORTHOPEDIC SPECIALIST, LTD.",267.0,"['2020-03-27', '2020-08-25', '2023-12-13']",005930.KS
"BARS & RECREATION, INC.",394.0,"['2018-04-18', '2020-04-14']",MU
"BART & ASSOCIATES, INC.",73.0,['2015-02-12'],MU
"BARTASH PRINTING, INC.",1677.0,"['2013-03-26', '2016-02-01', '2018-11-01', '2020-04-08', '2020-05-15', '2025-09-04', '2026-04-24']",MU
"BARTOLOTTA RESTAURANT GROUP, LLC",268.0,['2020-09-21'],VRT
"BARTON BRANDS OF CALIFORNIA, INC.",50.0,['2023-05-03'],MU
BASF,159.0,"['2013-08-01', '2020-10-01', '2025-09-01']",BAS.DE
"BASIC ENERGY SERVICES - BIG SPRING, TX",249.0,"['2020-07-10', '2021-08-20']",TX
BATH & BODY WORKS,131.0,"['2017-10-04', '2020-04-13', '2020-07-29']",BBWI
"BATH & BODY WORKS BRAND MANAGEMENT, INC.",8.0,['2020-07-29'],MU
"BATH & BODY WORKS BRAND MANAGMENT, INC, BEAUTYAVENUES, LLC, BATH & BODY WORKS, LLC",29.0,['2022-08-19'],MU
"BATH AND BODY WORKS DIRECT, INC",11.0,['2022-08-19'],MU
"BATHCRAFT, LLC",87.0,['2015-03-30'],VRT
"BAUER BUILT MANUFACTURING, INC",124.0,['2025-12-01'],MU
"BAUMAN BUS COMPANY, INC.",222.0,['2020-04-28'],MU
"BAUMANN & SONS BUSES, INC.",456.0,"['2012-06-04', '2014-02-28', '2018-03-30', '2020-04-28']",MU
"BAUSCH HEALTH US, LLC",430.0,"['2020-04-16', '2020-04-20', '2020-07-30', '2020-09-18', '2025-08-13']",VRT
"BAVARIAN NORDIC, INC.",1384.0,"['2017-03-17', '2018-12-01', '2019-02-05', '2019-05-24', '2019-09-12', '2021-01-25', '2024-04-08', '2024-12-09', '2025-04-25']",BAVA.CO
"BAY CITY FLOWER COMPANY, INC.",195.0,['2019-09-18'],MU
"BAY CITY TELEVISION, INC.",127.0,['2017-02-02'],MU
"BAY PLAZA APPLE, LLC",58.0,['2020-03-25'],VRT
"BAY RIDGE FOREIGN AUTOS, INC.",70.0,['2020-04-13'],MU
"BAY RIDGE LUXURY AUTOMOBILES, INC.",86.0,['2020-04-13'],MU
"BAY RIDGE TOYOTA (BAY RIDGE MOTOR SALES, INC.)",105.0,['2020-04-13'],MU
"BAY TERRACE APPLE, LLC",595.0,"['2013-06-30', '2013-08-22', '2013-09-01', '2014-04-30', '2015-04-21', '2015-07-30', '2020-03-25']",VRT
BAYER,2702.0,"['2023-02-07', '2023-12-17', '2024-01-23', '2024-05-01', '2024-06-26', '2024-07-01', '2024-09-01', '2025-02-26', '2025-05-28', '2026-02-26']",BAYN.DE
BAYFIRST FINANCIAL,137.0,"['2022-09-23', '2022-09-30']",BAFN
"BAYVIEW BERRY FARMS, LLC",186.0,"['2013-05-24', '2016-11-08']",VRT
BB&T,302.0,"['2016-05-01', '2016-07-27']",BBVAGB3TNC.MX
"BBB INDUSTRIES, LLC",280.0,"['2014-05-17', '2023-12-15']",VRT
"BCBG MAX AZRIA GROUP, LLC",802.0,"['2016-02-22', '2016-08-31', '2017-03-13', '2017-07-07']",VRT
"BCH, INC. DBA WELLNESS WORK",63.0,['2023-02-14'],BCH
"BCS AUTOMOTIVE INTERFACE SOLUTIONS U.S., LLC",57.0,['2022-04-28'],VRT
"BCSI, LLC",170.0,"['2015-09-01', '2024-10-30']",VRT
"BEAR DOWN LOGISTICS MICHIGAN, INC.",125.0,"['2013-08-26', '2016-04-15', '2020-02-18']",MU
"BEASLEY MEDIA GROUP, LLC",335.0,"['2020-04-01', '2020-04-09', '2024-01-18', '2024-08-08']",VRT
"BEATPORT, LLC",88.0,"['2016-04-12', '2018-10-25']",VRT
"BEAUTICONTROL, INC.",227.0,"['2017-07-20', '2019-05-17']",MU
"BEAUTYAVENUES, LLC",15.0,['2020-07-29'],VRT
BEBE,124.0,['2017-03-27'],BEBE
"BEBE STORES, INC",957.0,"['2017-03-25', '2017-03-27', '2017-03-28', '2017-03-29', '2017-03-30', '2017-04-03', '2017-04-14']",BDST
"BEBE STORES, INC. DADELAND STORE",19.0,['2017-03-28'],BDST
"BEBE STORES, INC. DOLPHIN MALL OUTLET",81.0,"['2017-03-28', '2021-02-11']",BDST
"BEBE STORES, INC. MIAMI INTERNATIONAL STORE",653.0,"['2012-12-01', '2017-03-28', '2020-05-22', '2026-01-14']",BDST
"BEBE STORES, INC. PALM BEACH STORE",31.0,['2017-03-28'],BDST
"BEBE STORES, INC. PEMBROKE GARDENS STORE",9.0,['2017-03-28'],BDST
"BEBE STORES, INC. SAWGRASS OUTLET STORE",17.0,['2017-03-28'],BDST
"BEBE STORES, INC. SHOPS AT MERRICK PARK",7.0,['2017-03-28'],BDST
"BECK, CHAET, BAMBERGER,& POLSKY, S.C.",22.0,['2015-08-14'],T270.F
"BECKMAN COULTER, INC.",388.0,"['2011-09-30', '2014-06-27', '2017-09-25', '2020-04-11', '2025-04-01']",MU
BECTON DICKINSON,50.0,['2010-10-06'],BDX
BECTON DICKINSON AND COMPANY,878.0,"['2019-01-18', '2019-10-04', '2020-04-28', '2023-08-15', '2023-09-01', '2023-10-17', '2023-11-17', '2023-11-30', '2024-01-18', '2025-10-01']",BDX
"BECTON, DICKINSON AND COMPANY (&LDQUO;BD&RDQUO;)",89.0,['2020-11-09'],BDX
"BECTON, DICKINSON AND COMPANY (BD) (10020 PACIFIC MESA BOULEVARD)",7.0,['2025-11-04'],BDX
"BECTON, DICKINSON AND COMPANY (BD) (3750 TORREY VIEW COURT)",59.0,['2025-11-04'],BDX
"BECTON, DICKINSON AND COMPANY, MED-SAFE SYSTEMS",35.0,['2010-06-17'],BDX
"BECTON, DICKINSON, AND COMPANY - PACIFIC",27.0,['2023-11-30'],BDX
BED BATH & BEYOND,3275.0,"['2012-06-12', '2019-08-01', '2020-03-01', '2020-04-17', '2020-04-24', '2020-05-27', '2020-05-29', '2020-06-01', '2020-06-17', '2020-11-17', '2021-08-01', '2021-12-28', '2022-01-01', '2022-07-01', '2022-09-19', '2022-12-08', '2023-01-01', '2023-02-01', '2023-04-25']",BBBY
"BEDDING ACQUISITION, LLC",394.0,"['2020-05-02', '2022-11-18', '2023-01-31', '2023-03-01']",VRT
"BEEKMAN 1082, INC.",72.0,['2024-04-15'],MU
"BEEPI, INC.",204.0,"['2016-12-08', '2020-06-17']",MU
"BEIERSDORF, LLC",1017.0,"['2012-04-24', '2012-05-16', '2012-05-23', '2012-05-28', '2012-06-06', '2012-06-13', '2012-06-20', '2012-06-26', '2013-02-27', '2015-05-28', '2015-06-30', '2018-03-01', '2021-01-29']",BEID.XD
"BEKAERT PROGRESSIVE COMPOSITES, LLC, VISTA PLANT",93.0,"['2010-11-05', '2010-11-30', '2010-12-31', '2011-01-31', '2011-02-16']",VRT
"BEL USA, INC",270.0,['2024-12-11'],MU
"BELCAMPO BUTCHERY, LLC",130.0,"['2010-06-07', '2021-10-18']",VRT
"BELCAN, LLC",845.0,"['2014-10-29', '2016-03-11', '2018-09-06', '2020-04-27']",VRT
"BELDEN, INC.",918.0,"['2010-01-28', '2012-09-25', '2013-01-02', '2013-04-10', '2015-08-10', '2015-11-03', '2022-03-01', '2023-02-01']",BDC
BELK,306.0,"['2010-05-10', '2011-01-12', '2011-05-19', '2013-08-15', '2015-01-15', '2016-01-15', '2016-07-06']",BELKA39917-USD
"BELL NURSERY USA, LLC",63.0,"['2025-09-25', '2025-10-01']",VRT
"BELL SPORTS, INC.",57.0,['2023-06-05'],MU
"BELLA COLLINA SAN CLEMENTE, LLC",69.0,['2020-04-06'],VRT
"BELMAY, INC.",1637.0,"['2013-03-05', '2017-07-26', '2017-08-21', '2018-06-29', '2019-02-13', '2020-01-17', '2024-01-23', '2024-02-01', '2025-10-13', '2026-02-25', '2026-04-10']",MU
"BELMONT PARK ENTERTAINMENT, LLC.",298.0,"['2020-05-13', '2020-12-24']",VRT
"BEMC, LLC",131.0,['2019-11-04'],BEMHY.BO
"BEN'S RESTAURANT GROUP, INC. (LONG ISLAND, NYC, MID-HUDSON - EXACT LOCATIONS NOT PROVIDED)",92.0,['2020-03-31'],NYC
"BEN-EZRA & KATZ, P.A.",381.0,"['2011-02-21', '2011-03-31', '2011-05-03']",NVA.WA
BENCH,497.0,"['2020-03-27', '2024-12-27', '2025-05-01']",BHE
BENCHLING,74.0,['2023-04-21'],BENCZZX
BENCHMARK,140.0,"['2026-01-27', '2026-04-29']",BHE
"BENCHMARK ARROWHEAD, LLC",125.0,['2020-04-09'],VRT
"BENCHMARK BRANDS, INC.",78.0,['2016-08-11'],MU
"BENCHMARK CONFERENCE CENTERS OF NEW YORK, LLC",40.0,['2020-03-19'],VRT
BENCHMARK ELECTRONICS,565.0,"['2010-07-30', '2016-10-10', '2019-11-27', '2020-05-28', '2022-02-03']",BHE
"BENCHMARK ELECTRONICS PHOENIX, INC.",258.0,"['2014-10-30', '2022-05-09', '2025-02-26']",MU
"BENCHMARK HOSPITALITY AT GRAND CYPRESS, LLC",221.0,"['2014-01-20', '2019-09-04']",VRT
"BENCHMARK SOLUTIONS HOLDINGS, INC.",57.0,"['2013-03-05', '2020-05-11']",MU
"BENECARD, PBF, INC.",48.0,['2013-08-01'],PBF
"BENJAMIN FOODS, LLC",142.0,"['2018-03-01', '2019-10-01']",VRT
"BENNETT MACHINE AND FABRICATING, INC.",94.0,['2019-10-11'],MU
"BENSON HOUSE, INC.",121.0,['2024-10-16'],MU
"BERGERON LAND DEVELOPMENT, INC.",64.0,['2021-01-29'],MU
"BERING GLOBAL SOLUTIONS, LLC",182.0,"['2020-08-28', '2023-03-07', '2026-03-13']",VRT
"BERITAGE COLLEGIATE APPAREL, INC. FKA M-DEN, INC.",151.0,['2024-09-24'],MU
"BERKELEY - C2 EDUCATIONAL SYSTEMS, INC.",5.0,"['2020-04-28', '2020-04-29']",MU
"BERKELEY CONTRACT PACKAGING, LLC",215.0,['2014-02-01'],VRT
"BERKELEY FARMS, LLC",11.0,['2020-04-11'],VRT
"BERKLEY MEDICAL RESOURCES, INC.",43.0,"['2018-05-21', '2024-10-01']",MU
"BERKSHIRE HATHAWAY SPEC. CONCIERGE, LLC",72.0,['2016-08-01'],VRT
"BERKSHIRE HEALTH SYSTEMS, INC.",149.0,"['2015-07-01', '2021-12-03']",MU
"BERMEX, INC.",437.0,"['2010-12-01', '2020-03-30', '2020-06-06', '2023-11-22', '2024-07-17', '2025-12-11']",MU
BEST BUY,2918.0,"['2011-05-06', '2011-05-16', '2011-05-20', '2011-11-03', '2012-04-14', '2012-04-16', '2012-04-23', '2012-06-15', '2016-08-15', '2017-07-19', '2018-07-27', '2018-08-08', '2019-01-14', '2019-09-16', '2020-06-02', '2021-08-30', '2021-08-31', '2026-01-16']",BBY
"BEST OPPORTUNITIES, INC.",116.0,"['2014-03-01', '2015-07-29', '2023-12-13', '2024-02-12']",MU
"BEST-VIP CHAUFFEURED WORLDWIDE, CORP.",206.0,['2020-05-04'],NVDA
"BETH EMETH HOME ATTENDANT SERVICE, INC.",769.0,['2012-12-19'],MU
"BETTER BAKERY, LLC",45.0,['2015-03-02'],VRT
BETTER COLLECTIVE,300.0,['2024-11-14'],9C8.F
"BETTER HOLDCO, INC.",46.0,['2022-11-09'],MU
BETTERMENT,28.0,['2023-02-15'],BETNZZX
BETTERUP,100.0,['2023-08-02'],BETEZZX
"BEULAH PARK GAMING VENTURES, INC.",46.0,['2014-03-17'],MU
BEVI,75.0,"['2020-03-27', '2022-11-15']",BLRB.F
"BEYER FARMS, INC.",281.0,"['2012-12-14', '2015-05-26']",MU
"BEYOND FINANCE, INC.",18.0,['2020-04-14'],MU
"BEYOND HELLO CA, LLC",8.0,"['2023-02-24', '2023-09-13']",VRT
BEYOND MEAT,505.0,"['2022-08-03', '2022-10-14', '2023-11-02']",BYND
"BF RICH CO., INC.",274.0,"['2017-02-07', '2017-02-13']",MU
"BFHO, INC.",156.0,"['2025-04-15', '2025-10-28']",MU
"BFI WASTE SYSTEMS OF NORTH AMERICA, LLC.",3785.0,"['2010-12-31', '2018-12-31', '2019-01-28', '2019-02-04', '2019-02-19', '2019-02-20', '2019-02-25', '2019-03-01', '2019-08-29', '2020-06-06', '2020-07-23', '2024-11-19']",VRT
"BG US SERVICES, INC.",671.0,"['2014-11-21', '2015-01-16', '2015-02-04', '2015-03-18', '2015-04-16', '2015-05-18', '2015-05-20', '2016-07-01', '2019-09-27', '2020-08-07', '2022-07-27', '2024-04-24']",MU
BGIS,404.0,"['2010-03-29', '2019-06-28', '2020-04-08', '2020-08-13']",BGISX
"BH DOZEN 1, LLC AND CRANETOWN MEDIA, LLC",85.0,['2020-06-04'],VRT
"BH MEDIA GROUP, INC.",53.0,['2017-05-30'],MU
BHARATAGRI,77.0,"['2023-01-15', '2025-11-13']",BHARATAGRI.BO
BHP BILLITON,126.0,['2012-10-17'],0HN3.L
"BI NUTRACEUTICALS, INC.",397.0,"['2015-08-12', '2016-01-29', '2025-08-22']",MU
BI-LO,130.0,['2013-04-17'],BIGGQ
"BI-LO, LLC",53.0,['2014-02-28'],BIGGQ
"BICE RISTORANTE/DA ECIB USA, INC.",87.0,"['2010-10-14', '2014-07-10']",MU
"BICYCLE CASINO, L.P.",1648.0,"['2013-04-01', '2020-03-16']",EPD
"BIENVENIDOS CHILDREN CENTER, INC.",35.0,"['2015-02-27', '2016-05-23', '2016-11-14']",MU
BIG 5,31.0,['2020-05-11'],BIGY
"BIG AL'S V, INC.",7.0,['2020-05-28'],MU
"BIG DOT OF HAPPINESS, LLC",57.0,['2020-03-23'],VRT
BIG LOTS,781.0,"['2024-07-01', '2024-07-29', '2024-07-30', '2024-12-01']",BIGGQ
"BIG LOTS, INC.",1262.0,"['2013-01-11', '2019-10-28', '2020-07-14', '2022-12-13', '2023-02-23', '2024-09-05', '2024-12-01']",BIGGQ
"BIG SPRINGS, INC.",87.0,['2012-07-10'],MU
"BIG SWITCH NETWORKS, INC.",60.0,['2020-01-28'],MU
BIGCOMMERCE,180.0,"['2022-12-15', '2023-11-08', '2024-11-08']",BI1.DU
"BIGNAME COMMERCE, LLC",41.0,['2018-09-24'],VRT
"BIGPOINT, INC",47.0,['2012-12-22'],MU
"BILL OPERATIONS, LLC",561.0,"['2019-09-20', '2024-01-16', '2025-10-15']",VRT
BILL.COM,709.0,"['2023-12-05', '2025-10-15', '2026-05-07']",0M5.HA
"BIMBO BAKERIES OROGRAIN BAKERIES MANUFACTURING, INC.",151.0,['2013-11-01'],MU
BINANCE,1015.0,"['2023-07-14', '2025-02-05']",BNSOL-USD
"BINDAGRAPHICS, INC.",372.0,"['2010-12-06', '2023-05-10']",MU
"BINS HOLDINGS, LLC, AN ARIZONA LIMITED LIABILITY COMPANY F-K-A BABIS INDEPENDENT SCHOOLS, LLC (MANHATTAN)",68.0,['2019-10-01'],VRT
"BIO-RAD LABORATORIES, INC.",131.0,['2025-02-11'],BIO
"BIODERM, INC.",966.0,"['2015-11-23', '2019-03-26', '2019-04-26', '2019-07-29', '2019-12-17', '2020-01-09', '2020-08-06', '2023-04-07', '2024-02-05', '2024-03-27', '2024-10-08', '2026-02-05']",MU
"BIOLASE, INC.",193.0,"['2014-12-05', '2020-04-18']",BIOLQ
"BIOLIFE PLASMA SERVICES, LLC",26.0,['2025-09-02'],VRT
"BIOLOGICAL DYNAMICS, INC.",62.0,['2024-05-10'],MU
BIOMARIN,295.0,"['2022-10-07', '2023-01-23', '2024-01-11', '2025-10-24']",BMRN
BIOMARIN PHARMACEUTICAL INC.,373.0,"['2022-10-10', '2024-05-14', '2024-09-03']",BMRN
"BIOMAT USA, INC",192.0,"['2022-09-08', '2024-04-16']",MU
BIONANO GENOMICS,154.0,"['2024-03-22', '2024-03-27']",BNGO
"BIONANO GENOMICS, INC,.",220.0,"['2024-03-21', '2024-03-22', '2024-03-25', '2024-04-05']",BNGO
"BIOSCRIP, INC",189.0,['2012-05-18'],MU
"BIOVAIL TECHNOLOGIES, LTD.",317.0,"['2010-11-05', '2019-01-21', '2025-07-07']",005930.KS
BIOXCEL THERAPEUTICS,7.0,['2023-08-15'],BTAI
"BIRCHBOX, INC.",44.0,['2020-01-31'],MU
BIRD,544.0,"['2020-03-27', '2022-06-07', '2023-10-04', '2023-10-09']",BIRD
"BIRD RIDES, INC.",27.0,['2020-04-14'],MU
BITMEX,75.0,"['2022-04-04', '2022-11-02']",BMEX-USD
BITSIGHT,40.0,['2023-02-26'],DE000SL0BQN1.SG
BITSO,180.0,"['2022-05-26', '2022-11-29']",BTSG-USD
"BITTITAN, INC",70.0,['2021-11-17'],MU
BITTORRENT,92.0,['2023-01-20'],BTTOLD-EUR
"BITTREX, INC.",83.0,['2023-02-01'],MU
BJ'S RESTAURANT INC.,832.0,"['2014-06-05', '2020-03-26', '2020-04-13', '2020-04-14']",BJRI
BJ'S RESTAURANTS,90.0,"['2017-12-28', '2023-02-23']",BJRI
"BJ'S WHOLESALE CLUB, INC.",99.0,['2011-01-05'],BJ
BKI,80.0,['2019-12-28'],BKIH-R.BK
BLACK DIAMOND,67.0,['2019-07-16'],BDTX
"BLACK MOUNTAIN MANAGEMENT, LLC",87.0,['2020-04-16'],VRT
"BLACK OAK MINING, LLC",552.0,"['2019-10-08', '2019-12-04', '2020-01-06', '2020-04-01', '2020-09-14']",VRT
"BLACK TAP LAS VEGAS, LLC",112.0,['2020-04-06'],VRT
BLACKBAUD,500.0,['2023-02-14'],BLKB
"BLACKBAUD, INC",101.0,['2013-06-30'],BLKB
BLACKBUCK,200.0,['2020-04-17'],BLACKBUCK.NS
"BLACKHAWK MINING, LLC PANTHER CREEK MINING, LLC",146.0,['2016-01-11'],VRT
"BLACKJACK ENTERPRISE, INC.",142.0,"['2017-01-30', '2020-04-15']",MU
BLACKLINE,190.0,"['2022-12-08', '2023-08-23']",BL
"BLACKLINE SYSTEMS, INC.",116.0,['2023-09-27'],MU
"BLACKROCK, INC",292.0,"['2010-01-08', '2012-01-30', '2016-04-07', '2019-01-11']",BLK
"BLACKWELL NORTH AMERICA, INC",91.0,['2009-12-01'],MU
BLEND,1010.0,"['2022-04-19', '2022-08-15', '2022-11-10', '2022-11-28', '2023-01-10', '2023-08-09']",BLND
"BLISS, LLC (CORPORATE OFFICE)",33.0,['2016-08-31'],BLISSGVS.NS
BLOCK,1997.0,"['2023-10-04', '2024-01-30', '2025-03-25', '2025-08-13', '2026-02-26']",XYZ
BLOCK INC,876.0,"['2024-01-10', '2024-01-30', '2024-02-13', '2024-04-02', '2024-04-03', '2025-03-25', '2025-03-27', '2025-04-01', '2025-08-12', '2026-02-26']",XYZ
"BLOCK TOPS, INC.",18.0,['2020-04-13'],MU
"BLOCK, INC. (CASH APP AND FOUNDATIONAL BUSINESS UNITS)",5.0,['2024-02-20'],XYZ
BLOCKFI,250.0,"['2022-06-13', '2022-11-28']",0888.HK
"BLOOD SYSTEMS, INC.",102.0,['2014-02-24'],MU
BLOOM ENERGY CORPORATION,536.0,"['2011-10-15', '2011-11-01', '2020-08-19', '2023-10-23', '2023-11-01', '2023-12-04']",BE
BLOOMIN BRANDS,1685.0,"['2020-04-24', '2020-04-27']",BLMN
"BLOOMIN BRANDS, INC.",186.0,"['2017-05-23', '2020-04-27', '2025-12-05']",BLMN
"BLOSSOM SOUTH, LLC",160.0,['2014-03-19'],VRT
"BLST OPERATING COMPANY, LLC",1456.0,"['2018-05-01', '2020-02-27', '2020-04-10', '2021-02-01', '2021-06-01', '2021-12-03', '2023-03-01', '2024-04-19', '2024-11-01', '2025-06-23', '2025-10-30', '2026-03-12']",VRT
"BLT COMMUNICATIONS, LLC",4203.0,"['2017-01-24', '2017-12-04', '2019-02-15', '2019-03-26', '2019-08-14', '2019-10-01', '2020-01-14', '2020-06-05', '2020-06-24', '2020-07-23', '2020-09-01', '2021-02-18', '2022-02-21', '2022-09-08', '2024-06-13', '2025-08-18']",VRT
"BLUE APRON, INC.",296.0,"['2014-06-10', '2020-01-02', '2024-08-20']",MU
"BLUE BELL CREAMERIES, L.P.",341.0,['2015-05-18'],EPD
"BLUE BIRD, INC.",113.0,"['2011-11-21', '2026-03-17']",BIRD.JK
"BLUE BOTTLE COFFEE, INC.",5.0,['2020-08-19'],MU
"BLUE CHIP RECYCLING, LLC",90.0,['2014-02-21'],VRT
"BLUE CHIP SOUTHWEST, LLC",85.0,['2014-01-24'],VRT
"BLUE CHIP TPM, LLC",99.0,"['2014-01-31', '2014-04-30']",VRT
"BLUE MONDE, LLC",138.0,['2024-04-15'],VRT
"BLUE NILE, INC.",119.0,['2023-03-23'],MU
"BLUE SHIELD OF CALIFORNIA - TOWN CENTER, BUILDING B",38.0,['2025-07-15'],PBOG
"BLUE SKY STUDIOS, INC.*",469.0,['2021-02-09'],MU
"BLUE STAR GROWERS, INC.",210.0,"['2014-11-20', '2023-10-16', '2026-03-20']",MU
"BLUECROSS BLUESHIELD OF TENNESSEE, INC.",150.0,['2025-07-02'],MU
"BLUEFIRE INSURANCE SERVICES, INC.",213.0,"['2019-11-05', '2020-03-19', '2020-04-14']",MU
"BLUEGRASS FAMILY HEALTH, INC., (""BFH"")",61.0,['2014-09-05'],MU
"BLUEGREEN VACATIONS UNLIMITED, INC.",1529.0,"['2010-11-01', '2013-10-11', '2014-06-11', '2014-09-23', '2014-12-01', '2015-08-01', '2020-04-14', '2020-05-11', '2023-01-30', '2023-05-10']",MU
"BLUESCOPE BUILDINGS NORTH AMERICA, INC.",382.0,"['2011-10-13', '2016-10-18', '2016-11-30', '2017-01-10', '2017-08-31', '2026-01-15']",MU
"BMA CAR WASH, INC.",47.0,['2018-08-01'],MU
"BMC WEST, LLC",304.0,['2021-12-20'],VRT
BMO HARRIS,141.0,"['2019-05-30', '2020-02-03']",AARMNXX
BMO HARRIS BANK N.A.,81.0,['2023-07-10'],AARMNXX
"BMW NORTH AMERICA, LLC",370.0,"['2011-08-31', '2013-04-01', '2019-04-17', '2020-08-10', '2024-12-13']",VRT
BNY MELLON,217.0,"['2011-04-01', '2011-08-01', '2011-09-01', '2011-10-01', '2011-12-01', '2012-01-01', '2012-02-01']",SDSCX
"BOARDRIDERS WHOLESALE, LLC",802.0,"['2022-12-01', '2023-02-22', '2023-10-03', '2024-01-03', '2024-01-11', '2024-02-06']",VRT
"BOARDRIDERS, INC.",90.0,"['2019-05-03', '2019-09-19']",MU
"BOARDWALK PROPERTY SERVICES, LLC",66.0,['2025-09-30'],VRT
BOB'S DISCOUNT FURNITURE,89.0,"['2019-09-30', '2020-05-27']",BOBS
"BOBBY'S BUS COMPANY, INC",154.0,['2013-03-21'],MU
"BODY BEAUTIFUL CAR WASH, LNC.",47.0,['2019-03-28'],4587.TWO
"BOEHRINGER INGELHEIM PHARMACEUTICALS, INC.",191.0,"['2016-12-01', '2017-08-17']",MU
BOEING,13579.0,"['2009-12-18', '2010-01-15', '2010-01-22', '2010-02-19', '2010-03-01', '2010-03-19', '2010-04-16', '2010-04-19', '2010-05-21', '2010-06-18', '2010-07-23', '2010-08-20', '2010-09-17', '2010-10-15', '2010-11-19', '2010-12-17', '2011-01-21', '2011-02-18', '2011-06-03', '2011-06-17', '2011-07-01', '2011-07-22', '2011-08-19', '2011-09-16', '2011-09-30', '2011-10-14', '2011-10-18', '2011-10-28', '2011-11-18', '2011-12-16', '2012-01-20', '2012-02-03', '2012-02-17', '2012-03-23', '2012-03-26', '2012-04-20', '2012-05-18', '2012-06-22', '2012-06-29', '2012-07-20', '2012-08-17', '2012-09-14', '2012-10-12', '2012-11-02', '2012-11-08', '2012-11-21', '2012-12-21', '2013-01-18', '2013-02-01', '2013-02-15', '2013-03-22', '2013-04-08', '2013-04-19', '2013-04-23', '2013-05-17', '2013-05-21', '2013-06-21', '2013-06-25', '2013-07-19', '2013-07-25', '2013-07-29', '2013-08-23', '2013-09-20', '2013-09-23', '2013-10-11', '2013-10-15', '2013-11-01', '2013-11-06', '2013-11-22', '2013-11-25', '2013-12-20', '2013-12-23', '2014-01-01', '2014-01-04', '2014-01-17', '2014-01-21', '2014-02-01', '2014-02-03', '2014-02-14', '2014-02-18', '2014-02-21', '2014-03-21', '2014-04-18', '2014-05-23', '2014-06-20', '2014-07-18', '2014-07-21', '2014-08-22', '2014-08-25', '2014-09-19', '2014-10-10', '2014-10-31', '2014-11-21', '2014-12-02', '2015-01-16', '2015-02-20', '2015-02-26', '2015-04-17', '2015-04-23', '2015-06-11', '2015-06-22', '2015-07-17', '2015-07-22', '2015-08-24', '2016-06-01', '2016-06-22', '2016-08-24', '2016-10-18', '2017-03-23', '2017-05-08', '2017-05-23', '2017-06-30', '2017-07-27', '2017-08-24', '2017-09-18', '2017-11-02', '2020-06-08', '2020-06-17', '2020-06-29', '2020-07-31', '2020-08-19', '2020-08-31', '2020-09-21', '2024-11-15', '2024-11-18', '2024-12-09']",BA
BOEING CO,64.0,['2014-11-14'],BA
BOEING COMPANY,14362.0,"['2010-01-01', '2010-01-22', '2010-02-19', '2010-03-19', '2010-03-26', '2010-04-23', '2010-04-26', '2010-05-21', '2010-06-18', '2010-07-05', '2010-07-23', '2010-08-20', '2010-09-24', '2010-11-19', '2010-12-17', '2011-01-03', '2011-01-21', '2011-02-08', '2011-02-18', '2011-03-04', '2011-03-25', '2011-04-08', '2011-04-22', '2011-05-06', '2011-05-20', '2011-05-27', '2011-06-03', '2011-06-10', '2011-06-22', '2011-06-24', '2011-07-15', '2011-07-22', '2011-08-05', '2011-08-19', '2011-09-02', '2011-09-23', '2011-09-30', '2011-10-17', '2011-10-21', '2011-10-31', '2011-11-04', '2011-11-18', '2011-12-02', '2011-12-05', '2011-12-16', '2012-01-02', '2012-01-20', '2012-01-27', '2012-01-31', '2012-02-03', '2012-02-17', '2012-03-09', '2012-03-23', '2012-03-26', '2012-03-30', '2012-04-06', '2012-04-20', '2012-04-24', '2012-05-21', '2012-05-28', '2012-06-25', '2012-06-29', '2012-07-20', '2012-08-24', '2012-08-31', '2012-09-17', '2012-09-21', '2012-10-19', '2012-12-14', '2013-01-04', '2013-01-18', '2013-01-22', '2013-01-25', '2013-02-20', '2013-02-22', '2013-03-22', '2013-03-25', '2013-04-05', '2013-04-19', '2013-04-22', '2013-05-03', '2013-05-20', '2013-05-27', '2013-06-21', '2013-06-24', '2013-07-19', '2013-07-23', '2013-08-23', '2013-08-26', '2013-09-27', '2013-10-14', '2013-10-25', '2013-11-22', '2013-11-25', '2013-12-13', '2014-01-21', '2014-01-24', '2014-02-04', '2014-02-07', '2014-02-19', '2014-02-28', '2014-03-21', '2014-04-04', '2014-04-21', '2014-05-30', '2014-06-23', '2014-06-24', '2014-07-22', '2014-07-29', '2014-08-05', '2014-08-25', '2014-08-26', '2014-08-27', '2014-09-22', '2014-10-01', '2014-10-02', '2014-10-03', '2014-10-14', '2014-10-20', '2014-11-06', '2014-11-17', '2014-11-24', '2014-12-12', '2014-12-22', '2014-12-29', '2015-01-08', '2015-01-20', '2015-01-23', '2015-02-03', '2015-02-05', '2015-02-13', '2015-02-25', '2015-02-26', '2015-02-27', '2015-03-23', '2015-03-24', '2015-04-07', '2015-04-21', '2015-04-22', '2015-05-12', '2015-05-27', '2015-05-28', '2015-05-29', '2015-06-15', '2015-06-24', '2015-06-25', '2015-07-06', '2015-07-21', '2015-08-10', '2015-08-25', '2015-08-26', '2015-09-01', '2015-09-14', '2015-09-21', '2015-09-28', '2015-09-29', '2015-10-15', '2015-11-04', '2015-11-05', '2015-11-09', '2015-11-25', '2015-11-30', '2015-12-23', '2016-01-26', '2016-01-27', '2016-02-02', '2016-02-03', '2016-02-23', '2016-02-24', '2016-03-22', '2016-03-23', '2016-04-26', '2016-04-27', '2016-05-02', '2016-05-23', '2016-05-24', '2016-06-17', '2016-06-21', '2016-07-26', '2016-07-27', '2016-08-22', '2016-09-19', '2016-09-20', '2016-10-10', '2016-10-14', '2016-10-18', '2016-11-01', '2016-11-18', '2016-11-28', '2016-12-12', '2016-12-21', '2017-01-23', '2017-02-07', '2017-02-10', '2017-02-23', '2017-04-05', '2017-04-25', '2017-04-27', '2017-05-01', '2017-05-26', '2017-05-29', '2017-06-30', '2017-07-03', '2017-07-31', '2017-08-28', '2017-09-18', '2017-10-23', '2017-10-24', '2017-11-03', '2017-11-28', '2017-12-21', '2017-12-26', '2017-12-27', '2018-01-31', '2018-02-06', '2018-05-18', '2018-09-14', '2018-11-30', '2018-12-27', '2019-01-29', '2019-02-22', '2019-09-30', '2019-11-08', '2019-11-27', '2019-12-20', '2020-10-19', '2023-12-27', '2024-04-29', '2024-04-30', '2024-06-01', '2024-11-15', '2024-11-18', '2024-11-20', '2024-12-06', '2025-02-15', '2025-02-18', '2026-04-13']",BA
BOISE CASCADE COMPANY,130.0,"['2018-11-01', '2023-11-29']",BCC
"BOISE WHITE PAPER, LLC",106.0,['2012-10-16'],VRT
"BOLD GUARDING, INC.",151.0,['2019-02-28'],MU
BOLT,307.0,"['2022-05-25', '2023-01-24', '2023-02-21', '2023-12-14', '2026-04-05']",BOLT
"BOLT BIOTHERAPEUTICS, INC.",38.0,['2024-05-17'],BOLT
"BOLTHOUSE FARMS, INC.",1067.0,"['2010-02-09', '2010-06-18', '2010-10-15', '2020-07-09', '2022-09-01', '2025-09-17']",MU
BON TON,656.0,['2018-04-01'],BONTQ
BOND,20.0,"['2020-04-10', '2022-06-07']",BOND
"BONDUELLE AMERICAS DBA READY PAC FOODS, INC.",66.0,"['2020-06-08', '2026-01-07']",MU
"BONGOS CUBAN CAFE, INC.",245.0,['2019-06-21'],MU
"BONNE BELL, INC.",91.0,['2015-02-02'],MU
"BONNIE PLANTS, LLC",65.0,['2024-06-01'],VRT
"BONOBOS, INC., A SUBSIDIARY OF WALMART, INC.",26.0,['2019-10-07'],MU
BONSAI,2869.0,"['2022-04-26', '2022-06-14', '2022-06-20', '2022-11-10', '2023-01-10', '2026-05-05']",0P00017QOM.SA
BONTERRA,140.0,"['2023-01-13', '2023-09-11']",BNE.TO
"BONUMS OYSTER CO., INC.",29.0,['2020-03-25'],MU
"BOOK COVERS, INC.",176.0,"['2011-07-01', '2018-09-06']",MU
"BOOK OFF U.S.A., INC.",36.0,['2020-04-27'],MU
BOOKING HOLDINGS,60.0,['2024-12-04'],BKNG
"BOOKINGS.COM CUSTOMER SERVICE CENTER (U.S.A.), INC.",199.0,['2022-10-13'],MU
BOOST,15.0,['2023-04-04'],BRUN
BOOT BARN,170.0,"['2020-04-24', '2023-03-07']",BOOT
"BOOT BARN, INC.",122.0,"['2017-09-26', '2020-04-30']",BOOT
BOOZT,70.0,"['2022-06-09', '2025-01-13']",BOOZT-DKK.CO
"BORAL ROOFING, LLC",197.0,"['2012-12-01', '2020-07-27']",VRT
"BORAX PAPER PRODUCTS, INC",103.0,['2016-02-02'],MU
BORDERS,21.0,['2011-07-25'],BDRSF
"BORDERS GROUP, INC.",1254.0,"['2011-08-15', '2016-10-11', '2020-03-20']",MU
BORGWARNER,164.0,['2023-08-23'],BWA
"BORIKEN NEIGHBORHOOD HEALTH CENTER, EAST HARLEM COUNCIL FOR HUMAN SERVICES, INC.",42.0,"['2020-03-27', '2020-04-01']",MU
"BORO WIDE BUSES, INC.",99.0,['2013-03-27'],MU
"BORREGO ENERGY, LLC",80.0,"['2022-12-13', '2022-12-14']",VRT
"BORUSAN MANNESMANN PIPE U.S., INC.",114.0,['2020-07-08'],MU
BOSCH,1993.0,"['2012-04-02', '2013-02-07', '2013-04-06', '2014-06-15', '2014-08-28', '2014-09-08', '2017-03-31', '2017-04-24', '2017-05-08', '2017-07-03', '2017-08-25', '2020-07-31']",BOSCHLTD.BO
"BOSCH PACKAGING TECHNOLOGY, INC.",35.0,['2017-11-06'],MU
"BOSCH SECURITY SYSTEMS, INC.",172.0,"['2015-02-01', '2020-04-01', '2022-09-08']",MU
BOSE,504.0,"['2015-09-18', '2020-04-06', '2020-05-19', '2022-02-14']",3110.T
BOSTON SCIENTIFIC CORPORATION,3618.0,"['2011-01-05', '2011-02-14', '2011-03-01', '2011-04-04', '2011-05-03', '2011-06-02', '2011-06-29', '2011-07-18', '2011-07-22', '2011-08-22', '2011-09-26', '2011-10-11', '2011-10-13', '2011-10-18', '2011-10-24', '2011-10-31', '2011-11-07', '2011-11-23', '2011-12-05', '2011-12-12', '2011-12-27', '2012-08-16', '2014-02-25', '2014-05-02', '2014-08-04', '2015-07-31', '2015-10-30', '2016-11-16', '2017-12-01', '2019-05-21', '2020-05-02', '2020-06-29', '2020-11-06', '2021-04-28', '2021-12-03', '2023-02-23', '2023-06-14', '2023-07-17', '2024-10-23', '2025-04-21', '2025-06-10']",BSX
"BOTTLING GROUP, LLC",256.0,"['2018-10-26', '2020-10-08']",VRT
"BOTTOM DOLLAR FOOD NE, LLC",460.0,['2014-11-01'],VRT
"BOUCHON BEVERLY HILLS, L.P.",137.0,['2017-10-24'],EPD
"BOUDIN PROPERTIES OPERATING COMPANY, INC",1018.0,"['2012-11-13', '2015-10-02', '2020-05-14', '2020-08-11', '2020-09-08']",MU
BOUNCE,614.0,"['2020-03-19', '2020-04-06', '2020-06-29', '2021-02-22', '2022-08-03', '2023-01-06', '2024-07-16']",BNCM
"BOWERY F&B, LLC",209.0,['2020-03-19'],VRT
"BOWERY FARMING, INC.",187.0,['2024-11-01'],MU
"BOWHEAD SUPPORT GROUP, LLC",230.0,"['2014-12-17', '2024-12-03']",VRT
"BOYCE & BYNUM PATHOLOGY LABORATORIES, P.C.",177.0,['2018-11-28'],PCSGH.BK
BP,90.0,['2015-05-08'],BP
"BP AMERICA, INC.-CORPORATE",484.0,"['2016-03-28', '2018-12-03', '2025-04-08']",0P0001FKM7.TO
"BP AMERICA, INC.-ENERGY",168.0,"['2016-03-28', '2020-12-07']",TXHU.TS
"BP LUBRICANTS USA, INC.",369.0,"['2015-03-04', '2015-05-06', '2021-09-24']",MU
"BPA FACILITY SERIVCES, INC.",610.0,"['2010-07-28', '2020-05-01', '2023-08-01', '2024-05-03', '2024-08-08', '2024-11-01']",MU
BPSI,80.0,['2014-03-21'],BPSIX
BRADY CORPORATION,1262.0,"['2013-12-20', '2014-07-01', '2014-07-30', '2015-01-16', '2018-10-01', '2020-01-28', '2020-07-16', '2021-07-14', '2025-10-22']",BRC
"BRAGA FRESH FOODS, LLC",260.0,['2025-11-17'],VRT
"BRAMAN MOTORCARS, INC.",253.0,['2020-03-31'],MU
BRANCH,274.0,"['2020-06-11', '2023-06-08', '2024-01-09']",BOF
"BRANCH FINANCIAL, INC.",391.0,"['2023-06-05', '2024-03-05']",MU
"BRANDFX, LLC",60.0,['2017-10-19'],VRT
"BRANDYWINE HOSPITAL, COATESVILLE CARDIOLOGY, COATESVILLE CLINIC COMPANY, AND VILLAGE MEDICAL CENTER ASSOCIATES, LLC.",534.0,['2021-12-01'],VRT
"BRASSTECH, INC.",295.0,['2020-05-02'],MU
BRAVE,27.0,"['2023-10-06', '2024-08-28']",BBSN.L
"BRECHT ENTERPRISES, INC",553.0,"['2010-04-02', '2015-04-27', '2020-03-26', '2022-04-05', '2023-11-01']",MU
"BREG, INC.",510.0,"['2015-04-23', '2021-11-17', '2024-08-20', '2024-09-18', '2025-02-28']",MU
"BRENT'S HOLDING II, L.P.",55.0,['2020-04-14'],EPD
"BRESNAN COMMUNICATIONS, INC",336.0,"['2010-09-14', '2010-09-20', '2020-06-06']",MU
BREX,480.0,"['2020-05-29', '2022-10-11', '2024-01-23']",^BUKHI50P
"BRG SPORTS, INC.",56.0,"['2014-07-01', '2025-07-10']",MU
"BRIAD LODGING GROUP BRANCHBURG II, LLC",11.0,['2020-09-01'],VRT
"BRIAD LODGING GROUP TPS, LLC",11.0,['2020-09-01'],VRT
"BRIARCLIFFE COLLEGE, INC.",294.0,['2015-12-04'],MU
"BRICE MANUFACTURING COMPANY, INC.",301.0,"['2014-04-08', '2015-03-30', '2015-06-15', '2015-09-28', '2015-10-28', '2016-01-19', '2016-10-03', '2020-02-01', '2024-04-26']",MU
"BRICKELL FINANCIAL SERVICES - MOTOR CLUB, INC., D/B/A ROAD AMERICA MOTOR CLUB",115.0,['2020-10-01'],MU
"BRIDGE STAFFING, LLC",730.0,"['2016-04-22', '2020-03-25', '2024-01-29']",VRT
"BRIDGEPOINT EDUCATION, INC.",722.0,"['2013-08-19', '2014-03-31', '2014-11-24', '2015-06-16', '2015-07-06', '2015-09-24', '2015-10-16', '2015-10-22', '2015-12-10', '2017-08-17', '2026-02-13']",BPI
"BRIDGES BEHAVIORAL LANGUAGE SYSTEMS, INC.",135.0,"['2010-06-30', '2019-01-01']",MU
"BRIDGESTONE GOLF, INC.",176.0,"['2017-05-05', '2023-12-31', '2026-05-01']",MU
"BRIDGEWATER ASSOCIATES, LP",197.0,['2019-01-16'],ET
"BRIER OAK ON SUNSET, LLC",256.0,"['2017-10-05', '2020-04-18', '2020-04-24', '2020-08-24']",VRT
BRIGGS & STRATTON,450.0,"['2020-06-26', '2022-01-28', '2023-01-27']",BS7.F
BRIGGS & STRATTON CORPORATION,745.0,"['2010-01-28', '2013-03-26', '2019-08-22']",BS7.F
"BRIGGS AND STRATTON POWER PRODUCTS GROUP, LLC",231.0,['2012-02-13'],VRT
"BRIGGS PLUMBING PRODUCTS, INC.",90.0,['2012-05-29'],MU
"BRIGHT EVENT RENTALS, LLC",164.0,"['2020-05-14', '2020-07-31', '2023-09-01']",VRT
"BRIGHT FUTURES ACADEMY, LLC",44.0,['2022-06-13'],VRT
BRIGHT HEALTH,42.0,['2023-02-01'],BTSG
BRIGHT HORIZONS,74.0,['2020-10-06'],BFAM
"BRIGHT HORIZONS, 2ND GENERATION AT CABOT",102.0,['2020-04-21'],BFAM
BRIGHT MACHINES,45.0,"['2022-06-28', '2026-03-23']",BRIMZZX
BRIGHTE,88.0,"['2022-06-20', '2022-09-09']",5244.TW
"BRIGHTON TRU-EDGE HEADS & FABRICATED PRODUCTS, INC.",71.0,['2020-04-28'],MU
BRIGHTSTAR,53.0,['2018-07-27'],BRSL
"BRIGHTSTAR US, INC.",57.0,['2020-01-31'],MU
"BRILJENT, LLC",230.0,['2013-03-27'],VRT
"BRILLION IRON WORKS, INC.",340.0,['2016-09-19'],MU
"BRINDERSON, L.P.",329.0,['2015-12-01'],EPD
"BRINKER INTERNATIONAL PAYROLL COMPANY, L.P.",292.0,"['2019-11-19', '2022-08-05', '2025-04-01']",EPD
"BRISTOL CUSTOM SOLUTIONS/BLOCK & CO., INC.",43.0,['2013-10-31'],MU
"BRISTOL EQUITY PARTNERS, LP, DBA HABANA",46.0,['2021-01-14'],ET
BRISTOL MYERS SQUIBB COMPANY,137.0,['2012-11-01'],BMY
"BRISTOL-MEYERS SQUIBB AND MYOKARDIA, INC.",87.0,"['2021-08-06', '2021-08-17', '2021-08-24', '2021-08-30', '2021-09-16']",MU
"BRITISH AIRWAYS, PLC,",168.0,"['2010-03-29', '2014-08-14']",ARM
BRIX,87.0,['2017-01-12'],BBB.V
BRIZA,26.0,['2022-12-20'],MBWSP.XD
BROADCOM,375.0,"['2016-11-15', '2018-11-07', '2025-10-17']",AVGO
BROADCOM INC.,715.0,"['2018-11-08', '2023-11-27', '2024-01-03', '2024-02-22', '2025-10-20']",AVGO
"BROADCOM INC. (CA, INC.)",307.0,['2018-11-07'],MU
BROADRIDGE FINANCIAL SOLUTIONS,1474.0,"['2012-03-20', '2013-07-13', '2013-08-26', '2013-10-03', '2016-10-24', '2025-04-22']",BR
"BROADSPECTRUM DOWNSTREAM SERVICES, INC",460.0,"['2017-10-27', '2018-02-02']",MU
"BROADWAY APPLE, LLC",155.0,['2020-03-25'],VRT
"BROADWAY INBOUND, INC.",18.0,['2020-07-03'],MU
"BROADWAY PARTY RENTALS, INC.",706.0,"['2016-06-07', '2020-03-26']",MU
"BROCADE COMMUNICATIONS SYSTEMS, INC",764.0,"['2013-11-04', '2015-03-14', '2017-06-07', '2017-08-14', '2017-11-20']",MU
"BROCK, LLC",507.0,['2017-06-15'],WA2.F
"BRODOFICATION, LLC",34.0,['2020-04-15'],VRT
BROOKDALE SENIOR LIVING INC.,168.0,"['2018-01-08', '2020-02-21']",BKD
"BROOKFIELD PROPERTIES, LLC",146.0,['2020-07-14'],VRT
"BROOKLYN KIDNEY CENTER/NEW YORK DIALYSIS SERVICES, INC.",65.0,['2015-06-09'],MU
BROOKS,67.0,['2019-03-05'],BRK.L
BROOKS AUTOMATION,125.0,"['2014-07-07', '2015-06-08']",0HQ1.L
"BROOKS-TLC HOSPITAL SYSTEM, INC., TLC HEALTH NETWORK CAMPUS",248.0,"['2019-12-05', '2025-08-26']",MU
"BROOKSTONE COMPANY, INC.",84.0,['2018-09-04'],MU
"BROOKVALE INTERNATIONAL, LLC",107.0,['2016-07-08'],VRT
"BROWN & TOLAND PROFESSIONAL SERVICES ORGANIZATION, INC., WHOLLY-OWNED SUBSIDIARY OF ALTAIS",26.0,['2022-12-06'],MU
"BROWN DISTRIBUTING COMPANY, INC.",450.0,"['2014-01-29', '2016-04-11', '2020-11-16', '2021-04-29', '2022-09-19']",MU
"BROWNS OF BELLPORT, INC.",86.0,['2020-03-31'],MU
"BRYCE COMPANY, LLC",104.0,['2024-06-18'],VRT
"BSN MEDICAL, INC.",401.0,"['2014-12-18', '2020-04-01', '2020-04-13', '2025-07-23']",MU
"BTA ENTERPRISES, LLC",926.0,"['2013-01-14', '2018-04-04', '2019-09-20', '2020-08-13', '2020-08-27', '2020-10-30', '2021-10-28', '2023-01-01', '2023-01-27', '2023-10-26', '2025-08-21']",VRT
"BUBBA GUMP SHRIMP CO. RESTAURANTS, INC.",45.0,['2010-12-15'],MU
"BUCA RESTAURANTS 2, INC.",151.0,"['2016-05-27', '2017-07-16', '2019-10-03']",MU
"BUCKEYE INDUSTRIAL MINING COMPANY, INC. (EVERGREEN ENERGY, INC.)",108.0,['2010-03-19'],MU
"BUCKLEY RADIO/BUCKLEY BROADCASTING/WOR, LLC",73.0,['2012-08-15'],VRT
"BUCYRUS COMMUNITY HOSPITAL, INC.",285.0,"['2010-11-01', '2011-08-10', '2024-06-18']",MU
"BUDDAKAN NY, L.P.",238.0,['2020-03-25'],EPD
"BUFFALO CARDIOLOGY AND PULMONARY ASSOCIATES, P.C.",119.0,['2016-04-06'],PCSGH.BK
"BUFFALO WEAVER, INC.",36.0,"['2018-12-13', '2018-12-28']",MU
"BUFKIN ENTERPRISES, LTD.",12.0,['2020-03-29'],005930.KS
BUILD-A-BEAR WORKSHOP INC.,72.0,['2017-11-03'],BBW
"BUILDING ROBOTICS, INC.",218.0,"['2019-10-29', '2021-09-16', '2025-04-28']",MU
BULLISH,30.0,['2022-07-05'],BLSH
BUMBLE,590.0,"['2024-02-27', '2025-06-25']",BMBL
"BUMBLE BEE FOODS, LLC",56.0,['2025-10-16'],VRT
"BUNGE MANAGEMENT SERVICES, INC.",162.0,"['2012-03-19', '2015-11-12', '2019-10-01', '2019-10-04']",MU
"BUONGIORNO U.S., INC.",23.0,['2012-04-30'],MU
"BURCH LOGISTICS, LLC",380.0,"['2020-05-11', '2020-06-03', '2023-08-01', '2026-01-21']",VRT
"BUREAU VERITAS CONSUMER PRODUCTS SERVICES, INC.",51.0,['2020-01-31'],MU
"BURGESS-NORTON MFG. CO., INC.",79.0,['2025-11-06'],MU
"BURKE INDUSTRIES (DELAWARE), INC.",61.0,['2018-10-30'],MU
"BURKE SUPPLY A DIVISION OF IMPERIAL BAG & PAPER CO., LLC.",156.0,['2011-09-01'],VRT
"BURNDY, LLC",54.0,['2019-05-31'],VRT
"BURNER SYSTEMS INTERNATIONAL, INC.",377.0,"['2014-10-17', '2016-03-17', '2017-02-01', '2017-05-12', '2019-07-16']",MU
"BURTEK, INC.",284.0,"['2011-10-20', '2011-11-04']",MU
BUSER,8311.0,"['2018-05-29', '2020-05-06', '2020-05-18', '2020-05-26', '2020-06-12', '2022-09-07', '2022-12-08', '2023-06-21', '2025-02-03']",BUSER.ST
"BUSHWACKER AUTOMOTIVE GROUP, LLC",104.0,['2015-06-25'],VRT
"BUTTON, INC.",194.0,"['2020-04-10', '2020-06-30', '2025-01-08']",MU
BUZZFEED,360.0,"['2022-12-06', '2023-04-20', '2024-02-21']",BZFD
"BUZZFEED MEDIA ENTERPRISES, INC.",113.0,"['2022-12-13', '2024-02-29']",MU
"BUZZFEED, INC.",151.0,"['2017-11-29', '2017-11-30', '2019-01-30']",BZFD
"BVPV STYRENICS, LLC",140.0,['2024-11-01'],VRT
"BW GAS & CONVENIENCE HOLDINGS, LLC",99.0,"['2017-04-07', '2020-07-28']",VRT
"BWRD, LLC",132.0,['2023-06-25'],VRT
"BWW LAW GROUP, LLC",94.0,['2025-11-17'],VRT
"BX SOLUTIONS, INC.",382.0,"['2009-12-31', '2013-04-18', '2014-11-21', '2016-06-20', '2020-04-09', '2025-08-19']",MU
BYBIT,600.0,"['2022-06-20', '2022-12-03']",BBSOL-USD
"BYER CALIFORNIA, INC.",483.0,"['2019-03-27', '2019-05-30', '2019-10-18', '2020-05-13']",MU
"BYTEDANCE, INC.",420.0,"['2009-12-31', '2010-11-15', '2013-07-31', '2015-11-30', '2025-07-07']",MU
"C & S WHOLESALE SERVICES, INC",2055.0,"['2018-03-19', '2018-06-21', '2018-07-17', '2018-11-13', '2020-01-08', '2021-02-19', '2021-10-25', '2025-04-30']",MU
"C & S WHOLESALES, INC.",957.0,"['2011-06-01', '2014-05-30', '2016-01-20', '2021-03-06', '2021-05-07']",MU
C & W SERVICES,58.0,"['2013-02-27', '2018-07-03']",5CFA.F
"C AND D ZODIAC, INC.",248.0,"['2017-10-30', '2018-03-30', '2018-04-17', '2018-05-03']",MU
"C&E GP SPECIALISTS, INC.",210.0,"['2011-05-16', '2024-01-12']",MU
"C&J WELL SERVICES, INC., A BASIC ENERGY SERVICES, INC. COMPANY",121.0,"['2020-05-12', '2020-09-19']",MU
"C&K MARKET, INC.",141.0,"['2023-03-06', '2026-04-30']",MU
"C&S FAMILY OF COMPANIES (GSC WHOLESALE, LLC)",21.0,['2025-03-17'],VRT
"C. H. GUENTHER & SON, INC.",124.0,['2015-09-24'],MU
"C. MARTIN COMPANY, INC.",354.0,"['2014-04-14', '2017-08-23']",MU
"C.R. ENGLAND, INC.",97.0,['2020-05-08'],MU
"C.R. LAURENCE CO., INC.",116.0,"['2020-05-13', '2020-08-11']",MU
"C.T. MAC, INC.",154.0,['2017-11-03'],MU
C2FO,116.0,"['2022-12-09', '2023-10-16', '2024-06-18']",CBFOZZX
C3.AI,280.0,"['2023-11-20', '2026-02-25']",AI
"C3.AI, INC.",71.0,['2026-02-23'],AI
C3I,102.0,"['2012-06-01', '2016-11-01']",CISS
CABIN,10.0,"['2020-03-23', '2023-01-03', '2023-01-31']",2657.HK
"CABINETWORKS, LLC",420.0,['2024-10-01'],VRT
"CABLOFIL, INC.",30.0,"['2013-09-27', '2019-03-14']",MU
CACHE,100.0,['2015-02-25'],CACH
CACI,1630.0,"['2013-11-13', '2016-07-29', '2017-01-03', '2018-05-07', '2019-04-29', '2020-04-06', '2020-04-27', '2020-06-03', '2024-01-10', '2026-04-08']",CACI
"CACI INTERNATIONAL (TECHNIGRAPHICS, INC.)",142.0,['2013-05-24'],MU
CACI INTERNATIONAL INC.,1515.0,"['2011-01-28', '2015-11-30', '2018-04-01', '2025-09-04', '2025-12-02']",CACI
"CACI, INC. - FEDERAL",61.0,['2024-01-11'],CACI
"CACI-ISS, INC.",51.0,['2015-09-21'],MU
"CACIQUE FOODS, LLC",225.0,['2023-10-23'],VRT
"CADDOCK ELECTRONICS, INC.",60.0,['2016-06-14'],MU
"CADENCE DESIGN SYSTEMS, INC.",60.0,['2014-01-04'],CDNS
CADRE,28.0,"['2020-05-11', '2022-07-07', '2023-10-03']",CVKD
"CAFE LA CARRETA, INC.",59.0,['2020-03-20'],MU
"CAHABA GOVERNMENT BENEFIT ADMINISTRATORS, LLC",447.0,"['2012-10-15', '2015-03-30', '2019-08-12', '2020-07-29']",VRT
"CAITO FOODS, LLC",106.0,['2019-08-15'],VRT
"CAL CARTAGE WAREHOUSING & DISTRIBUTION, LLC",293.0,"['2019-04-02', '2020-04-15', '2020-04-24', '2025-06-02']",VRT
"CAL CARTAGE WAREHOUSING AND TRANSLOADING, LLC",74.0,['2020-05-18'],VRT
"CAL-MULTI, LLC",100.0,['2022-08-26'],VRT
"CALA HEALTH, INC.",652.0,"['2017-09-18', '2017-09-29', '2018-04-16', '2019-02-07', '2019-03-08', '2019-04-09', '2023-05-17']",MU
"CALABASAS - C2 EDUCATIONAL SYSTEMS, INC.",61.0,"['2020-04-11', '2020-04-29']",MU
"CALATLANTIC GROUP, INC.",15.0,['2018-01-02'],MU
"CALEDONIAN, INC.",166.0,['2020-04-27'],CHP.L
CALERES INC,1080.0,"['2020-03-01', '2020-03-27', '2020-04-03', '2020-04-08', '2020-05-20', '2020-06-23']",BRP.F
"CALERES, INC. NEW YORK CORPORATE HEADQUARTERS",70.0,['2020-04-02'],CAL
"CALIBRE, INC.",816.0,"['2016-08-03', '2016-10-26', '2020-10-28', '2021-06-01', '2022-07-18', '2022-09-07', '2022-09-12', '2023-03-03']",8CY.MU
"CALIFORNIA AUTO MART GROUP, INC",405.0,"['2014-06-08', '2023-01-20', '2024-02-06', '2024-09-12']",MU
"CALIFORNIA CARTAGE MANAGEMENT SERVICES, LLC",16.0,['2019-03-29'],VRT
"CALIFORNIA CARTAGE TRANSPORTATION, LLC",450.0,"['2011-12-15', '2012-12-10', '2012-12-12', '2012-12-14', '2012-12-18', '2015-10-02', '2019-03-29', '2020-08-11', '2025-10-02']",VRT
"CALIFORNIA CHASSIS, INC.",576.0,"['2015-05-04', '2016-05-10', '2016-05-11']",MU
"CALIFORNIA COMFORT SYSTEMS USA, INC.",516.0,"['2011-01-31', '2016-07-01', '2019-06-28', '2020-04-29', '2021-03-02', '2024-12-18']",MU
"CALIFORNIA COMMUNITY NEWS, LLC",291.0,"['2021-04-01', '2023-02-07']",VRT
"CALIFORNIA DAIRIES, INC.",130.0,"['2014-05-30', '2018-01-16', '2020-06-30']",MU
"CALIFORNIA FAMILY HEALTH, LLC",95.0,['2020-04-13'],VRT
"CALIFORNIA MUSHROOM FARM, INC",415.0,['2013-09-10'],MU
"CALIFORNIA PSYCHCARE, INC., BEHAVIOR RESPITE IN ACTION, INC. AND Z & S MANAGEMENT CORPORATION",66.0,"['2018-04-27', '2022-02-25']",MU
CALIFORNIA RESOURCES CORPORATION,1142.0,"['2010-03-08', '2016-02-18', '2020-01-22', '2020-09-03', '2021-02-23', '2021-08-09', '2023-10-04', '2024-08-22', '2025-07-29', '2026-02-17']",CRC
"CALIFORNIA SPORTSERVICE, INC",1323.0,"['2010-05-03', '2011-04-12', '2016-09-30', '2020-06-05', '2022-03-25', '2023-11-06']",MU
"CALIPER LIFE SCIENCES, INC.",60.0,['2013-08-27'],MU
"CALLANAN INDUSTRIES, INC.",675.0,"['2020-04-08', '2020-06-30', '2021-04-23', '2023-07-01', '2023-08-21', '2024-02-01', '2024-07-02', '2024-11-01', '2026-02-03', '2026-04-24']",MU
CALLAWAY GOLF COMPANY,559.0,"['2011-06-24', '2011-07-29', '2011-08-30', '2011-09-20', '2011-09-30', '2011-10-28', '2011-11-30', '2011-12-30', '2012-01-29', '2012-09-08', '2020-04-20', '2020-04-21']",CALY
CALM,90.0,['2022-08-11'],CALM
"CALVARY CHAPEL CHURCH, INC",81.0,['2020-04-10'],MU
"CALVERT INVESTMENTS, INC.",71.0,"['2015-11-03', '2016-09-09']",MU
"CAMARILLO HARVESTING, L.P.",322.0,"['2020-07-24', '2020-07-30']",EPD
"CAMBA, INC.- LTW AT BROOKLYN BRIDGE ACADEMY",26.0,"['2018-03-30', '2020-11-01']",0P0001PO9U.F
"CAMBA, INC.- LTW AT CASCADES HIGH SCHOOL",6.0,['2018-03-30'],0P0001PO9U.F
"CAMBA, INC.- LTW AT INDEPENDENCE HIGH SCHOOL",44.0,"['2010-06-25', '2018-03-30']",0P0001PO9U.F
"CAMBA, INC.- LTW AT JUDITH S. KAYE HIGH SCHOOL",5.0,['2018-03-30'],0P0001PO9U.F
"CAMBA, INC.- LTW AT THE YOUNG ADULT BOROUGH CENTER AT THE SOUTH SHORE EDUCATIONAL CENTER",6.0,['2018-03-30'],0P0001PO9U.F
"CAMBA, INC.- LTW CAMBA, INC.- LTW AT BROOKLYN ACADEMY HIGH SCHOOL",6.0,['2018-03-30'],0P0001PO9U.F
"CAMBIA HEALTH SOLUTIONS, INC.",247.0,"['2013-07-25', '2022-08-22']",MU
CAMBRIA,94.0,"['2019-08-01', '2023-02-01', '2023-10-12']",FYLD
"CAMELBAK PRODUCTS, LLC",122.0,"['2020-11-10', '2024-02-05']",VRT
CAMERON INTERNATIONAL CORPORATION,2070.0,"['2010-02-17', '2010-09-02', '2012-08-02', '2015-09-02', '2017-08-02', '2018-02-01', '2019-06-24', '2019-07-03', '2020-02-01', '2020-04-09', '2020-04-15', '2020-11-16', '2023-03-01', '2023-04-05', '2025-03-27', '2025-09-05']",CAM
"CAMPBELL SOUP SUPPLY COMPANY, LLC",1295.0,"['2013-02-01', '2013-05-01', '2013-07-01', '2024-05-28', '2026-03-03']",VRT
"CAMPESINOS UNIDOS, INC. -",156.0,"['2015-05-28', '2015-05-29', '2024-07-30']",MU
CAMPING WORLD,30.0,['2023-10-01'],CWH
CANA,745.0,"['2017-09-30', '2021-01-01', '2023-05-13', '2025-04-02']",6C=F
"CANADIAN PACIFIC RAILWAY COMPANY/ DELAWARE AND HUDSON RAILWAY COMPANY, INC.",26.0,['2015-05-01'],MU
"CANDLE CAFE WEST, LLC",42.0,['2019-05-14'],VRT
"CANNERY SEAFOOD OF THE PACIFIC, LLC",89.0,['2020-04-28'],VRT
"CANNING TRUCK SERVICE, INC.",141.0,"['2016-06-17', '2017-05-01']",MU
"CANOE VENTURES, LLC",135.0,"['2012-01-06', '2012-02-23', '2020-01-09']",VRT
"CANOPY TAX, INC.",73.0,['2019-11-27'],MU
"CANTECH INDUSTRIES, INC.",508.0,"['2010-03-19', '2010-11-08', '2012-04-25', '2018-07-12', '2020-03-31', '2025-09-03', '2026-05-01']",MU
"CANTOR FITZGERALD SECURITIES (OPERATIONS DIVISION 110 E. 59TH ST., NYC)",25.0,['2020-06-05'],SF=F
"CANUSA HERSHMAN RECYCLING OF VIRGINIA, LLC",139.0,"['2011-04-22', '2022-12-13']",VRT
"CAP YARNS, LLC",181.0,"['2011-04-22', '2019-06-18']",VRT
"CAPITAL CITY MATTRESS CO., INC.",97.0,"['2011-11-01', '2012-11-26']",MU
"CAPITAL DRYWALL, LP",698.0,"['2011-12-30', '2024-07-01']",ET
"CAPITAL FITNESS, INC.",1026.0,"['2012-07-16', '2018-10-29', '2020-03-26', '2020-06-17', '2020-09-25', '2021-01-28', '2024-07-16']",MU
CAPITAL HEALTH,317.0,"['2019-01-01', '2020-04-02']",0P0001JDIB
CAPITAL ONE FINANCIAL,551.0,"['2018-12-07', '2019-01-04', '2019-03-01', '2019-09-12', '2020-08-20', '2023-11-17', '2025-08-15']",COF
"CAPITAL ONE INVESTING, LLC",239.0,['2016-10-03'],VRT
"CAPITAL ONE, N.A.",132.0,['2017-10-20'],COF
"CAPITAL ONE, N.A.- BOROUGHS CENTRAL MARKET",142.0,['2018-06-19'],COF
"CAPITAL ONE, N.A.- MANHATTAN SOUTH MARKET",29.0,['2018-06-19'],COF
"CAPITAL POWER OPERATIONS (USA), INC.",245.0,"['2020-04-09', '2021-01-28', '2023-02-07']",MU
"CAPITOL BROADBAND MANAGEMENT CORPORATION, INC.",89.0,['2012-06-19'],MU
"CAPTEL, INC.",515.0,"['2012-03-15', '2014-10-16', '2015-03-04', '2020-03-27', '2020-04-16', '2022-02-18', '2022-07-20']",MU
"CAR CITY MOTOR, INC.",74.0,['2018-05-18'],MU
"CAR SPA, INC.",708.0,"['2014-05-31', '2017-04-28', '2020-03-03', '2020-05-11', '2023-05-01']",WSBCC.MI
CARBON HEALTH,1713.0,"['2020-04-23', '2022-06-02', '2022-06-08', '2023-01-06', '2023-01-10', '2023-10-09', '2023-10-16', '2023-10-18', '2024-02-23', '2024-07-01']",CARHZZX
"CARDINA, INC.",442.0,"['2010-09-10', '2023-06-23', '2023-08-08', '2024-05-01', '2024-05-06', '2025-02-04', '2025-06-06']",CAH
CARDINAL,412.0,"['2019-03-26', '2019-07-18', '2023-01-18', '2024-05-01', '2024-07-30', '2025-04-28']",CAH
CARDINAL HEALTH,1390.0,"['2010-02-03', '2011-02-14', '2012-11-05', '2016-02-01', '2018-02-20', '2021-01-29', '2021-02-26', '2021-03-26', '2021-04-30', '2021-05-21', '2021-06-18', '2021-06-30', '2023-02-24', '2023-03-31', '2023-09-25', '2023-10-16', '2023-10-30']",CAH
"CARDINAL HEALTH, INC. DBA CARDINAL HEALTH 200, LLC",236.0,['2022-10-27'],CAH
"CARDINAL METAL FINISHING, LLC",498.0,"['2018-09-27', '2020-03-25', '2021-01-13', '2022-10-01', '2023-01-01', '2025-03-14']",VRT
"CARDIODX, INC.",165.0,"['2018-12-21', '2025-09-23']",MU
"CARDIOVASCULAR CONSULTANTS MEDICAL GROUP, INC.",772.0,"['2012-07-31', '2024-12-30', '2025-04-03', '2025-04-04', '2025-04-08', '2025-06-16', '2025-06-18', '2025-07-08', '2025-11-19']",MU
CARDLYTICS,51.0,['2022-11-14'],CDLX
"CARE RX, LLC",444.0,"['2010-08-25', '2019-05-28']",VRT
"CARECONNECT INSURANCE COMPANY, INC.",173.0,"['2017-10-12', '2017-12-22', '2018-06-15', '2019-01-16', '2019-02-27']",MU
"CAREERBUILDER, LLC AND MONSTER WORLDWIDE, LLC",390.0,['2025-06-05'],VRT
"CAREFUSION RESOURCES, LLC",1886.0,"['2010-05-18', '2010-06-09', '2010-07-14', '2010-10-14', '2010-10-15', '2014-06-01', '2015-04-30', '2016-04-14', '2016-10-06', '2017-10-03', '2018-10-16', '2023-06-27', '2025-08-22']",VRT
"CAREFUSION RESOURCES, LLC AND MEDEGEN, LLC.",52.0,['2010-12-07'],VRT
"CAREFUSION RESOURCES, LLC, A SUBSIDIARY OF BECTON, DICKINSON AND COMPANY",607.0,"['2020-04-27', '2022-10-26', '2024-07-31', '2024-10-09', '2025-02-12']",VRT
"CAREISMATIC BRANDS, INC.",776.0,"['2015-03-30', '2016-04-13', '2020-06-05', '2020-08-11', '2024-05-02']",MU
"CAREMAX, INC.",583.0,"['2014-07-31', '2017-02-27', '2024-12-02']",MU
"CAREY DISPATCH SERVICES, INC.",1431.0,"['2014-01-01', '2017-11-29', '2018-09-10', '2020-05-05', '2020-06-25']",MU
"CAREY LIMOUSINE L.A., INC.",425.0,"['2012-11-16', '2020-05-05', '2020-05-09', '2020-05-11', '2020-09-21']",MU
"CARGO MOVERS OF CHICAGO, INC.",90.0,['2020-05-15'],MU
CARGURUS,130.0,['2020-04-16'],CARG
"CARL ZEISS VISION, INC.",444.0,"['2014-05-29', '2019-04-11', '2019-04-18', '2026-05-01']",MU
"CARLSON PAVING PRODUCTS, INC",1023.0,"['2010-05-13', '2012-01-05', '2012-09-01', '2017-04-05', '2021-01-22', '2024-05-01']",MU
"CARLSON WAGONLIT TRAVEL AGENCY, LLC",122.0,"['2020-07-29', '2022-10-04']",VRT
"CARMINE'S LAS VEGAS, LLC",295.0,"['2020-03-24', '2020-05-04']",VRT
"CAROFFER, LLC",101.0,['2025-08-13'],VRT
"CAROLE HOCHMAN DESIGN GROUP, INC.",116.0,['2010-12-01'],MU
"CAROLINA COTTON WORKS, INC.",526.0,"['2011-03-14', '2017-02-28', '2018-03-01', '2024-05-03']",MU
"CAROLINA THERAPEUTIC SERVICES DBA CTS HEALTH, INC.",512.0,"['2025-02-24', '2025-09-26']",MU
CARPARTS.COM,104.0,['2025-06-09'],PRTS
CARRIER,1264.0,['2017-05-19'],CARR
CARTA,161.0,"['2020-04-15', '2023-01-11', '2023-11-09']",0P0001A1SU.F
"CARTHAGE SPECIALTY PAPERBOARD, INC.",77.0,['2018-02-28'],MU
"CARTONDRUCK, USA, INC.",77.0,['2011-06-01'],USA
"CARTOON NETWORK ENTERPRISES AT WARNER MEDIA, LLC",273.0,"['2017-07-14', '2019-10-17', '2020-06-01', '2020-08-24']",VRT
"CASA JUANCHO RE HOLDINGS, LLC",80.0,['2020-03-20'],VRT
"CASA SYSTEMS, INC., CAD BUSINESS",12.0,['2024-04-05'],MU
"CASABELLA HOLDINGS, LLC",43.0,['2017-10-20'],VRT
"CASCADE PURCHASE HOLDINGS, INC. (D/B/A NEW HAMPSHIRE INDUSTRIES, INC.)",39.0,['2016-07-01'],MU
"CASCADE VIEW FRUIT & COLD STORAGE, LLC",263.0,['2025-09-15'],VRT
CASCADES,94.0,['2019-10-30'],CAS.TO
"CASE PAPER CO., INC.",234.0,"['2018-12-05', '2025-04-16']",MU
CASEY'S,15.0,['2017-03-28'],CASY
"CASHBAK, LLC",18.0,['2020-04-27'],VRT
CASPER,258.0,"['2011-03-07', '2020-04-21', '2021-09-14', '2023-04-01', '2024-12-16']",CSPR-USD
"CAST & CREW PAYROLL, LLC",441.0,"['2020-04-09', '2020-04-28', '2020-09-28']",VRT
"CASTLE CREDIT CO. HOLDINGS, LLC",166.0,"['2018-05-16', '2023-11-03']",VRT
"CATALENT CTS (KANSAS CITY), LLC",186.0,"['2012-07-01', '2013-03-01']",VRT
"CATALENT MARYLAND, LLC",127.0,"['2020-09-23', '2020-11-12', '2026-02-19']",VRT
"CATCO O'HARE, INC.",120.0,['2022-03-02'],MU
CATENA MEDIA,29.0,['2024-10-23'],CTM.ST
"CATERING BY MICHAEL'S, INC.",399.0,"['2012-01-13', '2013-05-06', '2020-09-14']",MU
CATERPILLAR,797.0,"['2010-06-03', '2013-11-01', '2016-05-04', '2016-11-11', '2017-05-01', '2024-06-07', '2024-11-26']",CAT
"CATERPILLAR GLOBAL MINING AMERICA, LLC",225.0,"['2014-04-29', '2014-05-02']",VRT
CATERPILLAR INC.,1005.0,"['2014-06-01', '2015-10-30', '2016-08-01', '2016-08-02', '2016-10-27', '2017-05-25', '2017-05-30', '2018-08-07']",CAT
"CATERPILLAR, INC. CATERPILLAR WORK TOOLS",69.0,"['2015-10-02', '2016-06-29']",CAT
CATHAY PACIFIC AIRWAYS LIMITED,232.0,"['2020-04-16', '2020-05-20', '2022-05-31']",CPCAY
"CATHOLIC CHARITIES, DIOCESE OF FORT WORTH, INC",169.0,['2025-03-10'],MU
"CATHOLIC COMMUNITY SERVICES OF SOUTHERN ARIZONA, INC.",74.0,['2026-04-08'],MU
"CAVIUM, INC.",86.0,"['2018-07-11', '2018-07-26', '2018-08-27']",MU
CAZOO,1500.0,"['2022-06-07', '2023-01-18']",CZOOF
"CB RICHARD ELLIS, INC",82.0,"['2010-04-01', '2012-11-07']",MU
CB&I,728.0,"['2013-12-01', '2017-07-21', '2017-12-07', '2017-12-21', '2018-03-20']",^TNX
"CB&I MAINTENANCE, INC.",148.0,['2015-04-07'],MU
"CB&I, INC. - 850 PINE STREET",455.0,['2017-09-22'],^TNX
"CBA INSERT DISTRIBUTION SYSTEM, INC",418.0,"['2011-10-06', '2025-10-28']",MU
CBCS,342.0,"['2010-04-30', '2011-08-12', '2011-12-28', '2012-01-10', '2012-01-23', '2012-05-01', '2012-09-04', '2014-05-12', '2020-04-14', '2020-04-15']",CBCSX
CBRE,288.0,"['2018-04-01', '2020-02-19', '2021-02-11']",CBRE
"CCC TRANSPORATION, LLC",415.0,"['2012-02-03', '2022-11-16', '2023-01-17', '2023-12-20', '2024-01-30', '2024-08-28']",VRT
"CDG MANAGEMENT & CIVIC DEVELOPMENT GROUP, LLC",247.0,"['2009-12-30', '2009-12-31']",VRT
"CDK GLOBAL, LLC",193.0,"['2016-09-27', '2016-11-15', '2020-04-03']",VRT
CDS GLOBAL,472.0,"['2010-04-30', '2023-11-07']",0P000077R7.TO
"CDS NFL EVENT, LLC",91.0,['2018-09-17'],VRT
"CDS STAFFING, LLC",225.0,"['2020-08-17', '2022-09-16']",VRT
"CE RENTAL, INC COVID19",54.0,"['2020-03-18', '2020-03-20']",508068.SS
"CEDAR VALLEY CORP, LLC",89.0,['2026-02-06'],VRT
"CEILLEY PALLETS, LLC",24.0,['2025-10-30'],VRT
"CELL.PLUS, LLC",66.0,['2026-05-05'],VRT
CELLEBRITE,20.0,['2025-12-03'],CLBT
CELSIUS,205.0,"['2022-07-01', '2022-07-03']",CELH
CELULARITY INC,188.0,['2023-01-01'],CELUW
"CEMCOLIFT, INC.",203.0,"['2011-11-01', '2012-08-01']",MU
CEMEX,128.0,"['2010-11-22', '2013-01-29']",CEMEX
"CENGAGE LEARNING, INC.",416.0,"['2015-03-18', '2017-02-17', '2019-01-25']",MU
"CENSEOHEALTH, LLC",141.0,['2018-07-17'],VRT
"CENTENE MANAGEMENT COMPANY, LLC AND HEALTH NET FEDERAL SERVICE, LLC",505.0,"['2020-04-01', '2020-04-10', '2020-09-16', '2021-04-29']",VRT
CENTER,944.0,"['2015-02-23', '2020-09-30', '2023-03-16', '2023-04-01', '2023-06-06', '2023-07-13', '2023-08-10', '2023-08-11', '2023-08-14', '2024-09-07']",CNP
"CENTER FOR AUTISM AND RELATED DISORDERS, LLC",416.0,"['2022-06-29', '2024-03-22', '2024-08-21']",VRT
"CENTER FOR COMMUNITY & FAMILY SERVICES, INC., KPP",144.0,"['2010-10-30', '2025-08-01']",MU
"CENTERRA (CONSTELLIS, LLC)",23.0,['2025-03-11'],VRT
"CENTERRA GROUP, LLC",475.0,"['2018-03-02', '2019-02-14', '2019-08-30', '2023-08-11']",VRT
"CENTERRA, A SUBSIDIARY OF CONSTELLIS, LLC",820.0,"['2015-05-18', '2015-05-20', '2016-05-09', '2020-03-20', '2020-04-27', '2020-05-15', '2025-03-07']",CG.TO
"CENTRAL AC, LLC",65.0,['2013-05-01'],VRT
"CENTRAL ADMIXTURE PHARMACY SERVICES, INC.",3316.0,"['2010-05-10', '2010-10-26', '2011-03-01', '2011-07-01', '2011-09-27', '2011-12-29', '2013-05-24', '2014-05-05', '2014-05-21', '2023-11-15']",MU
"CENTRAL LOBBY, LLC",190.0,"['2012-09-01', '2021-03-02']",VRT
"CENTRAL VALLEY EGGS, LLC",144.0,"['2024-12-03', '2024-12-05', '2024-12-23', '2024-12-26']",VRT
"CENTRAL VALLEY TRAINING CENTER, INC.",113.0,"['2016-02-19', '2025-06-02']",MU
"CENTRALLY GROWN, INC.",16.0,['2016-01-22'],MU
CENTRICA,77.0,"['2019-07-22', '2019-08-09', '2024-01-11']",CNA.L
CENTRUS ENERGY,12.0,['2015-11-05'],LEU
CENTURION,444.0,"['2011-08-03', '2019-09-26', '2023-02-23']",6F4.F
"CENTURION DETENTION HEALTH SERVICES, LLC",1332.0,"['2011-07-01', '2012-09-18', '2015-05-06', '2017-01-01', '2018-01-01', '2018-12-06', '2021-08-17']",VRT
"CENTURION OF DELAWARE, LLC",845.0,"['2021-01-07', '2023-05-09', '2024-10-24']",VRT
CENTURY ALUMINUM,1303.0,"['2015-12-22', '2016-07-31', '2020-12-31']",CENX
"CENTURY THERAPEUTICS, LLC",54.0,['2025-07-01'],IPSC
"CERTECH, INC.",752.0,"['2018-04-25', '2020-04-16', '2020-06-17', '2020-07-31', '2020-08-01', '2024-04-16']",MU
"CERTENT, INC.",220.0,"['2011-06-20', '2021-01-20']",MU
"CERTIFIED AVIATION SERVICES, LLC",614.0,"['2016-10-26', '2017-07-17', '2018-12-07', '2020-01-28', '2020-04-24', '2020-05-01', '2021-01-26', '2022-03-21', '2024-02-28']",VRT
"CERTIFIED FREIGHT LOGISTICS, INC.",221.0,"['2011-07-20', '2023-09-21']",MU
"CERTIFIED NETWORK M, INC.",211.0,['2014-03-31'],MU
"CERTIFIED PLAYERS, INC.",629.0,"['2015-05-26', '2017-12-01', '2018-06-01', '2023-08-09', '2024-05-31', '2024-06-24', '2025-06-04']",MU
"CERTOR SPORTS, LLC",56.0,['2022-09-27'],VRT
"CFRI-HWKD ANNAHALA, LLC.",7.0,['2011-12-31'],VRT
"CFRI-HWKD MAPLE GROVE, LLC",120.0,['2011-10-19'],VRT
"CGR/THOMPSON INDUSTRIES, INC.",348.0,"['2011-10-05', '2015-08-11', '2016-11-04', '2017-09-20']",MU
"CH2M HILL ENGINEERS, INC.",88.0,['2018-06-21'],MU
CHAINALYSIS,194.0,"['2023-02-01', '2023-10-02']",CHAAZZX
"CHAMPION WINDOWS, INC.",205.0,"['2011-10-18', '2012-11-09']",MU
CHAMPS,47.0,['2020-05-02'],FCHL
"CHAN ZUCKERBERG INITIATIVE, LLC",70.0,['2026-01-30'],VRT
"CHANCELIGHT, INC.",193.0,"['2019-08-02', '2024-04-15']",MU
"CHANDLER EXHIBITS, INC.",81.0,"['2020-04-02', '2020-05-18']",MU
"CHANEL, INC",75.0,['2016-07-01'],CHANEL-USD
CHANGE INVEST,200.0,"['2022-11-27', '2023-07-13']",0P0001EDGB
"CHANNEL CONTROL MERCHANTS, LLC",55.0,['2020-10-21'],VRT
CHARGEPOINT,250.0,"['2023-09-08', '2024-01-10', '2024-09-04']",CHPT
"CHARGEPOINT, INC.",259.0,"['2023-10-11', '2024-01-26', '2024-09-04']",CHPT
"CHARLEE OF DADE COUNTY, INC.",140.0,"['2014-11-26', '2015-03-11', '2016-09-27']",MU
CHARLES RIVER,95.0,['2020-06-23'],CRL
CHARLES RIVER LABORATORIES,762.0,"['2014-02-07', '2014-07-09', '2017-11-13', '2019-03-20', '2023-08-28', '2024-03-14', '2024-08-02', '2024-11-06', '2025-01-28', '2025-04-02', '2025-11-07', '2025-12-16', '2026-02-02', '2026-02-19', '2026-03-25']",CRL
CHART INC.,11.0,"['2018-10-02', '2024-01-11']",MCR
CHARTER COMMUNICATION,3536.0,"['2013-01-01', '2015-03-31', '2016-06-02', '2016-10-07', '2016-11-23', '2017-02-08', '2017-05-31', '2017-09-21', '2018-05-01', '2018-08-01', '2018-08-02', '2018-08-06', '2018-08-13', '2019-05-30', '2019-09-12', '2019-11-04', '2019-11-27', '2021-06-28', '2023-08-23', '2023-12-06', '2024-01-05', '2024-01-29', '2024-03-28', '2024-06-01', '2024-06-13', '2025-01-22', '2025-02-28', '2025-03-26', '2025-12-10']",CHTR
"CHARTWELLS HIGHER EDUCATION (AT PURCHASE COLLEGE, PURCHASE)",83.0,['2020-07-24'],7115.T
"CHATEAU HOLDINGS, LTD",316.0,"['2020-03-26', '2026-04-09']",005930.KS
"CHECK PRINTING SOLUTIONS CAROUSEL CHECKS, INC",83.0,['2021-03-02'],MU
CHECKR,156.0,"['2020-07-23', '2024-04-09']",CHEKZZX
"CHEDRAUI USA, INC.",204.0,"['2011-11-08', '2025-01-03']",MU
CHEESECAKE FACTORY*,642.0,"['2012-09-26', '2017-03-28', '2018-10-24', '2020-06-26', '2024-06-25', '2025-03-06']",CAKE
CHEF,143.0,"['2020-10-08', '2023-03-14', '2023-04-27', '2024-01-11', '2024-10-20']",CHEF
CHEGG,1595.0,"['2015-06-10', '2023-06-12', '2024-06-17', '2024-11-12', '2025-05-12', '2025-05-20', '2025-10-27']",CHGG
"CHELSEA PIERS SPORTS AND RECREATION COMPLEX (CHELSEA PIERS MANAGEMENT, INC.)",529.0,"['2020-06-02', '2021-10-04']",MU
CHEMOURS,484.0,"['2015-07-06', '2020-05-13', '2022-06-17', '2023-01-05', '2026-01-05', '2026-01-08']",CC
"CHEMTRUSION-LA, INC",115.0,"['2014-10-29', '2019-11-06']",MU
"CHENEGA AEROSPACE, LLC",9.0,['2013-05-15'],VRT
"CHENEGA INTEGRATED SSYSTEMS, LLC",55.0,['2013-05-15'],VRT
"CHENEY BROS., INC.",582.0,"['2020-03-31', '2020-05-11']",MU
"CHEROKEE NATION FEDERAL CONSULTING, LLC",1890.0,"['2014-01-27', '2015-09-15', '2018-06-29', '2018-07-01', '2018-07-02', '2018-07-13', '2020-07-09', '2023-10-04', '2024-06-18']",VRT
"CHEROKEE NATION SYSTEM SOLUTIONS, L.L.C.",87.0,['2025-10-29'],BCC
CHESAPEAKE,559.0,['2015-09-29'],CPK
CHESAPEAKE ENERGY,280.0,"['2013-10-09', '2021-02-03']",US1651677353.SG
CHEVRON,2545.0,"['2010-07-12', '2013-06-01', '2013-08-01', '2015-01-26', '2015-08-13', '2016-04-07', '2020-02-01', '2020-06-08', '2020-10-08', '2025-04-02', '2025-05-02', '2025-05-08', '2025-10-14']",CVX
"CHEVRON GLOBAL DOWNSTREAM,BUS REAL ESTATE,IT COMPA",68.0,"['2010-07-12', '2020-05-07']",ITERZZX
"CHEVRON USA, INC. - 2",686.0,"['2010-05-07', '2015-08-12', '2016-04-07']",0P0000XQPT.L
CHEWY,200.0,['2023-11-14'],CHWY
CHEWY INC.,990.0,"['2021-06-10', '2023-03-01', '2023-03-22']",CHWY
"CHG HEALTHCARE SERVICES, INC.",447.0,"['2011-11-01', '2014-11-26', '2024-09-09', '2024-10-31', '2024-12-04', '2025-01-02', '2025-02-06']",MU
CHI,74.0,['2015-10-08'],CHI
CHICAGO RIVET & MACHINE CO,38.0,['2024-06-28'],CVR
"CHICK-FIL-A, INC.",273.0,"['2021-07-06', '2021-08-17', '2021-12-03']",MU
"CHICO COMMUNITY PUBLISHING, INC.",45.0,['2020-06-05'],MU
"CHIEF MECHANICAL, INC.",206.0,"['2019-12-20', '2022-11-08', '2024-03-05']",MU
"CHILD, FAMILY & COMMUNITY SERVICES INC.",135.0,['2020-05-08'],^728121-EUR-GRTR
"CHILDREN’S FACTORY, LLC",153.0,"['2023-01-09', '2026-01-13']",VRT
CHIME,156.0,['2022-11-02'],CIM
"CHIMES, INC.",406.0,"['2013-06-13', '2016-02-01', '2016-03-01', '2017-12-01']",MU
CHIPOTLE MEXICAN GRILL,399.0,['2018-06-29'],CMG
"CHIPOTLE MEXICAN GRILL, INC. (NYC OFFICE)",32.0,['2018-06-29'],CMG
"CHIPPER - CRITICAL IDEAS, INC.",53.0,"['2023-02-16', '2023-02-23']",MU
"CHO CHO SAN, INC.",46.0,['2020-04-13'],MU
CHOICE HOTELS INTERNATIONAL,303.0,"['2016-08-04', '2020-04-07', '2020-06-30', '2023-11-08', '2026-01-15']",CHH
CHORD ENERGY,177.0,"['2022-09-29', '2024-11-04']",CHRD
"CHRISTOPHER'S RESTAURANT INC. DBA COMFORT INN AND SUITES, ECLIPSE FITNESS AND SPA, PERKINS, PLATTSBURGH BREWING, CHAMP'S FUN CITY",131.0,['2020-04-03'],PDFDX
CHS,63.0,['2017-12-18'],CHSPI.SW
CHS INC,203.0,"['2017-12-01', '2025-03-31', '2025-07-10']",CHSCM
CHUBB,71.0,['2016-10-28'],CB
"CHUGACH WORLD SERVICES, INC.",1026.0,"['2010-08-06', '2011-01-27', '2011-01-31', '2020-04-23', '2025-02-01', '2025-03-18']",MU
"CHURCH & DWIGHT COMPANY, INC.",195.0,['2026-04-01'],CHD
CIEE,256.0,['2020-03-27'],CIEE.XC
"CIGNA EVERNORTH SERVICES, INC.",1082.0,"['2010-03-28', '2010-04-05', '2015-02-18', '2015-03-19', '2015-04-21', '2015-09-16', '2015-10-01', '2015-10-22', '2015-12-01', '2015-12-15', '2019-10-07', '2020-04-28', '2020-06-08', '2023-12-20', '2025-04-01', '2025-09-10', '2025-11-07']",MU
CIMPRESS,500.0,['2023-03-23'],CMPR
"CINELUX DELTA CINEMA SAVER - CINELUX THEATERS, LLC",32.0,"['2017-08-01', '2020-04-13']",VRT
"CINELUX PLAZA CAFE & LOUNGE - CINELUX THEATERS, LLC",97.0,['2020-04-13'],VRT
CINEMARK,1739.0,"['2020-03-26', '2020-04-01', '2020-04-15', '2025-10-14']",CNK
CINT,68.0,"['2024-01-31', '2024-07-01', '2024-12-12']",CINT
CINTAS CORPORATION,4122.0,"['2010-03-03', '2011-01-18', '2011-01-25', '2011-02-28', '2011-03-14', '2011-03-31', '2011-04-17', '2011-05-01', '2011-05-02', '2011-05-22', '2011-05-31', '2011-08-31', '2011-09-15', '2012-01-05', '2012-11-29', '2012-12-06', '2014-03-06', '2015-04-21', '2015-05-20', '2016-08-23', '2016-11-09', '2017-02-23', '2017-06-01', '2017-08-31', '2018-03-01', '2018-03-23', '2018-05-29', '2018-09-19', '2019-02-15', '2019-03-14', '2019-05-23', '2019-07-31', '2019-09-26', '2020-03-19', '2020-04-28', '2020-07-13', '2021-05-05', '2022-07-27', '2022-09-28', '2023-02-27', '2023-12-07', '2024-01-18', '2024-02-01']",CTAS
CIRC,100.0,['2020-06-02'],CRCL
"CIRCA OF AMERICA, LLC",112.0,['2019-11-08'],VRT
CIRCLE,372.0,"['2022-07-13', '2022-08-30', '2022-12-07', '2023-02-13', '2023-07-12', '2023-08-17', '2024-01-31', '2024-12-05']",CRCL
"CIRCLE C RANCH, INC.",14.0,['2023-08-02'],MU
"CIRCLE K STORES, INC.",631.0,"['2013-10-01', '2019-03-28', '2019-10-08', '2021-02-24', '2022-07-27', '2023-08-11', '2023-08-14', '2024-04-22', '2024-11-05']",MU
"CIRCULO, INC.",50.0,"['2012-01-16', '2012-02-06', '2012-02-07', '2012-04-10', '2012-05-14', '2016-12-07', '2020-09-17', '2022-06-21']",MU
"CIRCUS CIRCUS, LLC",252.0,"['2020-05-15', '2020-07-13']",VRT
"CIRCUS DOG PRODUCTIONS, INC",173.0,"['2020-04-17', '2020-07-08', '2024-07-02']",MU
"CIRQUE DU SOLEIL NEVADA NEWCO, INC",204.0,['2024-04-10'],MU
CISCO,14521.0,"['2022-11-16', '2023-09-17', '2024-02-14', '2024-08-09', '2025-08-19']",CSCO
CISCO SYSTEMS INC,10395.0,"['2011-07-18', '2011-08-19', '2011-11-14', '2011-12-20', '2012-09-21', '2013-04-22', '2013-05-28', '2013-10-18', '2014-10-01', '2015-07-22', '2015-09-14', '2015-11-04', '2016-01-21', '2016-04-29', '2016-08-18', '2016-11-04', '2017-01-17', '2017-03-08', '2017-05-22', '2017-07-28', '2017-09-26', '2018-11-06', '2019-08-08', '2019-08-09', '2020-03-02', '2020-12-28', '2023-01-04', '2023-09-12', '2024-02-22', '2024-08-21', '2024-09-17', '2025-08-15']",CSCO
"CITCO TECHNOLOGY MANAGEMENT, INC.",253.0,"['2012-05-03', '2025-05-05']",MU
CITI,431.0,"['2015-07-02', '2016-09-15']",C
CITIBANK,260.0,"['2025-07-01', '2025-09-01', '2026-02-01']",C
"CITIBANK N/A, CITIGROUP GLOBAL MARKETS INC., CITIGROUP TECHNOLOGY INC., CITISHARE CORP.",187.0,['2024-04-01'],AAKXXXX
"CITIBANK, N.A.",153.0,['2013-06-03'],C
CITIGROUP,94.0,['2017-04-24'],C
CITIGROUP INC.,1307.0,"['2010-07-30', '2013-08-09', '2014-03-18', '2015-07-01', '2018-06-29']",C
"CITIGROUP TECHNOLOGY, INC.",400.0,"['2012-09-01', '2017-07-03', '2024-08-01', '2025-01-07']",MU
CITIZEN,63.0,"['2022-07-20', '2023-01-11']",CFG
"CITIZEN WATCH COMPANY OF AMERICA, INC.",42.0,['2020-03-23'],MU
CITIZENS BANK,228.0,"['2013-07-01', '2013-09-01', '2018-11-05', '2021-04-01', '2021-08-01', '2024-11-01']",FC6A.SG
"CITIZENS BANK, N.A.",244.0,"['2014-05-29', '2014-07-23']",FC6A.SG
"CITIZENS BANK, N.A. (UPDATE TO 7/23/14 NOTICE)",252.0,"['2014-08-28', '2014-10-15']",FC6A.SG
"CITIZENS OF HUMANITY, LLC.",186.0,['2020-04-02'],VRT
"CITRIX SYSTEMS, INC",99.0,['2015-02-09'],MU
"CITY VINEYARD, LLC",102.0,"['2014-09-16', '2020-06-15']",VRT
"CITY WINERY CHICAGO, LLC",166.0,['2020-06-16'],VRT
"CITYBLOCK HEALTH, INC AND CITYBLOCK MEDICAL PRACTICE, P.A.",60.0,['2023-05-09'],NVA.WA
"CIVIL, LLC - BECKLEY MECHANIC SHOP",15.0,['2025-06-04'],GLOBECIVIL.NS
"CIVIL, LLC - CV2 FACILITY",162.0,['2025-06-04'],GLOBECIVIL.NS
"CIVIL, LLC - CV2 PREP PLANT",20.0,['2025-06-04'],GLOBECIVIL.NS
"CIVIL, LLC - DELBARTON PREP PLANT",44.0,['2025-06-04'],GLOBECIVIL.NS
"CIVIL, LLC - EAGLE ENERGY",33.0,['2025-06-04'],GLOBECIVIL.NS
"CKE RESTAURANT HOLDINGS, INC.",914.0,"['2013-01-31', '2017-01-04', '2017-01-05', '2018-04-25', '2019-07-10', '2020-04-15', '2020-04-21', '2025-06-03']",MU
"CLAIM JUMPER RESTAURANTS, LLC.",254.0,"['2010-12-27', '2011-01-03']",VRT
"CLAIRE'S BOUTIQUES, INC.",155.0,['2025-08-01'],MU
"CLAREMONT HOTEL PROPERTIES, LLC",528.0,"['2020-03-27', '2020-04-02']",VRT
CLARI,141.0,"['2022-08-31', '2023-02-06', '2026-02-12']",CLVT
"CLARION MANAGEMENT, INC.",292.0,"['2015-11-20', '2019-11-04', '2022-11-29', '2023-04-27', '2025-02-19']",MU
"CLAYTON'S BAKERY AND BISTRO, LLC",23.0,['2020-06-09'],VRT
CLEARWATER PAPER,734.0,"['2011-10-26', '2016-11-30', '2017-11-29', '2021-06-02']",CLW
"CLEVELAND CLIFFS PLATE, LLC",107.0,['2025-05-01'],VRT
"CLEVELAND CLIFFS, INC.",1744.0,"['2023-05-22', '2024-02-15', '2025-05-01']",CLF
"CLEVELAND TUBING, INC.",5.0,['2012-10-24'],MU
CLINC,40.0,['2020-04-09'],CLCH.TO
"CLINICAL LABORATORY PARTNERS, LLC",269.0,['2015-12-28'],VRT
"CLIPPER WINDPOWER, LLC",325.0,"['2012-01-31', '2012-08-20', '2012-10-16', '2013-01-08', '2013-04-30']",VRT
"CLOPAY BUILDING PRODUCTS COMPANY, INC.",55.0,['2012-10-25'],MU
"CLOSURE SYSTEMS INTERNATIONAL PACKAGING MACHINERY, INC.",141.0,"['2013-01-25', '2024-08-14']",MU
"CLOUDFARE, INC.",279.0,"['2016-02-10', '2026-05-08']",MU
"CLOUDLESS SKIES, LLC",15.0,['2020-04-06'],VRT
"CLOUDPOINT VENTURES, INC.",1013.0,"['2016-04-19', '2018-12-04', '2020-03-27', '2020-05-22', '2020-06-26', '2023-01-13', '2023-07-17', '2023-10-16', '2024-02-01', '2025-02-03']",MU
"CLOUDSWELL, INC.",52.0,['2013-08-29'],MU
"CLOVER (ENVIRONMENTAL RECLAMATION SERVICES, LLC)",135.0,"['2016-02-01', '2016-07-01', '2016-11-01']",VRT
CLOVER HEALTH,64.0,['2019-03-01'],CLOV
"CLOVER HEALTH LABS, LLC",49.0,['2019-03-28'],VRT
"CLUB QUARTERS HOTEL, WORLD TRADE CENTER",87.0,['2020-07-09'],600007.SS
"CLUBCORP TEAL BEND GOLF CLUB, INC.",51.0,['2020-04-20'],MU
"CLUBCORP TURKEY CREEK GOLF CLUB, INC.",43.0,['2020-04-20'],MU
CLUE,589.0,"['2022-06-27', '2023-01-05', '2023-01-18']",CLU.XA
CLUTCH,226.0,"['2022-06-29', '2023-01-17']",603926.SS
CLYDE,22.0,['2022-04-25'],AAC.ST
"CM LAUNDRY, LLC",324.0,"['2015-11-30', '2020-04-02']",VRT
"CNC LOGISTICS, INC.",703.0,"['2017-08-14', '2020-02-27', '2023-02-23', '2024-07-03', '2025-07-10', '2025-09-17', '2025-09-23', '2025-09-30']",MU
CNET,412.0,"['2020-05-21', '2023-03-02']",CNET
CNH,200.0,"['2020-10-16', '2025-02-07']",CNH
CNH INDUSTRIAL,754.0,"['2014-10-10', '2014-10-17', '2014-10-24', '2014-11-14', '2015-06-15', '2015-10-23', '2018-05-01', '2018-05-31']",1CNHI.MI
CNO FINANCIAL GROUP,247.0,['2025-11-18'],CNO
"COA, INC. DBA COASTER COMPANY OF AMERICA",67.0,['2021-02-11'],AXTA
"COALOOSA HARVESTING AND HAULING, INC.",60.0,['2011-09-30'],MU
"COAST PROFESSIONAL, INC.",1474.0,"['2010-07-12', '2015-03-05', '2020-03-27', '2020-04-01', '2020-04-03']",MU
"COAST WENATCHEE, LLC",58.0,['2020-06-01'],VRT
"COASTAL GREEN VEGETABLE COMPANY, LLC",88.0,['2016-01-22'],VRT
"COATS AND CLARK, INC",18.0,['2018-02-13'],MU
COCA COLA,196.0,"['2018-01-22', '2023-09-01']",KO
COCA COLA COMPANY,540.0,"['2010-10-15', '2024-02-06', '2025-04-17', '2025-11-07', '2025-12-30']",KO
"COCA-COLA CONSOLIDATED, INC.",104.0,['2021-02-15'],COKE
CODA,2720.0,"['2015-06-12', '2017-06-30', '2022-05-27', '2022-08-31', '2022-11-01', '2023-01-18', '2023-12-31', '2024-06-05', '2026-02-26']",CODA
"CODA AUTOMOTIVE, INC.",188.0,"['2013-07-22', '2020-03-26', '2020-09-16']",MU
"CODEXIS, INC",1321.0,"['2009-12-30', '2010-04-28', '2010-05-14', '2010-09-01', '2012-10-30', '2013-03-11', '2013-04-19', '2015-01-13', '2016-08-12', '2017-08-28', '2017-11-02', '2020-08-20', '2023-08-30']",CDXS
"COEI, LLC",157.0,"['2013-06-14', '2019-04-22']",VRT
COGITO,201.0,"['2020-04-06', '2023-04-29']",CGV-USD
COGNIZANT,1158.0,"['2019-12-18', '2019-12-19']",CTSH
COGNIZANT TECHNOLOGY SOLUTIONS,256.0,"['2018-10-04', '2023-06-23', '2023-11-09', '2023-11-27']",CTSH
"COGNOSANTE, LLC",84.0,['2022-02-15'],VRT
COGNYTE,100.0,['2022-12-02'],CGNT
"COHEN DANIA BEACH HOTEL, LLC",112.0,['2016-04-15'],VRT
COHERE,222.0,"['2021-03-20', '2024-07-23']",COHR
COHERENT CORP,16.0,['2024-05-01'],COHR
"COHERUS BIOSCIENCES, INC.",131.0,"['2020-04-14', '2023-03-07']",CHRS
"COLD CHAIN TECHNOLOGIES, LLC",82.0,['2025-08-04'],VRT
"COLGAN AIR, INC.",228.0,"['2012-07-01', '2020-08-20', '2020-09-02']",MU
COLGATE-PALMOLIVE,300.0,['2016-04-01'],CL
"COLLECTION TECHNOLOGY, INC.",78.0,"['2016-03-21', '2017-09-12', '2017-11-09']",MU
COLLECTIVE HEALTH,103.0,"['2019-12-12', '2023-02-13']",CECVZZX
"COLLECTO, INC.",94.0,['2020-03-20'],CARDS38283-USD
"COLLECTO, INC. DBA EOS CCA",45.0,['2015-09-10'],CARDS38283-USD
"COLLINGTON SERVICES, LLC",2104.0,"['2010-10-31', '2010-11-19', '2013-03-28', '2015-09-24', '2015-10-06', '2016-06-02', '2017-02-03', '2018-10-29', '2019-03-12', '2021-01-13', '2024-11-20', '2024-12-01', '2024-12-30']",VRT
"COLLINS BUILDING SERVICES, INC.",202.0,"['2016-05-18', '2016-06-20', '2020-05-01']",MU
"COLLIS, LLC",237.0,"['2021-03-29', '2021-06-02', '2024-05-17', '2026-01-20']",VRT
"COLONIAL SAVINGS, F.A.",184.0,"['2022-10-17', '2025-10-29']",UEFZ.DU
"COLORADO BELLE GAMING, LLC",410.0,['2020-04-15'],VRT
"COLOREDGE, INC.",32.0,['2019-06-28'],MU
"COLORFX, LLC.",72.0,['2018-01-01'],VRT
COLOSSUS,97.0,['2022-05-04'],CLUS.V
"COLUMBIA STEEL, INC.",2322.0,"['2012-03-01', '2012-03-23', '2022-12-13', '2023-08-01', '2023-08-25', '2023-09-20', '2023-10-19', '2026-01-30', '2026-01-31', '2026-04-14', '2026-04-16']",MU
"COLUMBIA VALLEY FRUIT, LLC",131.0,['2023-07-31'],VRT
"COLUMBIA VEHICLE GROUP, INC.",363.0,"['2014-05-09', '2020-07-16', '2022-06-13', '2024-05-31']",MU
"COLUMBUS FOODS, INC.",144.0,"['2013-02-15', '2024-11-19']",MU
"COLUMBUS MANUFACTURING, INC., A WHOLLY-OWNED SUBSIDIARY OF THE HORMEL FOODS CORPORATION",125.0,['2025-01-15'],MU
COLUMBUS MCKINNON CORPORATION,430.0,"['2009-12-02', '2010-01-11', '2020-07-20', '2024-07-30']",VC3.F
"COLUMBUS TRANSIT, LLC",243.0,"['2019-07-01', '2020-02-19']",VRT
"COM DEV USA, LLC",53.0,['2015-01-16'],VRT
"COM-TEC SECURITY, LLC",23.0,['2018-08-09'],VRT
COMCAST,3830.0,"['2009-12-08', '2010-11-15', '2011-09-22', '2012-09-01', '2012-11-30', '2013-05-07', '2013-05-16', '2013-09-28', '2013-11-07', '2014-02-01', '2016-12-01', '2017-01-18', '2017-05-23', '2018-09-28', '2020-01-17', '2020-01-21', '2020-01-22', '2025-10-15']",CMCSA
"COMFORT SYSTEMS USA, INC. (SYRACUSE)",119.0,['2020-04-03'],FIX
"COMMERCE DISTRIBUTION CENTER, LLC",385.0,"['2023-03-15', '2024-09-09']",VRT
COMMERCIAL METALS COMPANY,247.0,"['2010-04-01', '2020-11-16', '2024-08-22']",CMC
COMMERCIAL VEHICLE GROUP,887.0,"['2010-07-16', '2012-03-02', '2013-01-16', '2016-03-01', '2016-05-16', '2016-08-24', '2022-09-29', '2024-02-12']",CVGI
"COMMONWEALTH-ALTADIS, INC.",257.0,"['2014-07-21', '2015-06-15', '2024-04-03']",MU
COMMSCOPE,390.0,"['2015-12-02', '2016-01-27', '2016-03-31']",CM9.MU
"COMMUNICATION SERVICE FOR THE DEAF, INC.",649.0,"['2010-06-01', '2013-04-22', '2019-11-05', '2020-04-16', '2020-09-28', '2022-08-05']",MU
"COMMUNICATIONS TEST DESIGN, INC",407.0,"['2012-06-26', '2016-04-04', '2019-10-10', '2020-10-22', '2024-10-01', '2025-10-27']",MU
COMMUNITY,40.0,['2022-06-21'],CRCA
"COMMUNITY ACCESS UNLIMITED, INC.",270.0,"['2010-06-29', '2017-01-01', '2024-06-01']",MU
COMMUNITY BANK,37.0,['2018-06-25'],CRCA
"COMMUNITY CARE ORGANIZATION, INC.",262.0,['2017-06-02'],MU
"COMMUNITY DEVELOPMENT INSTITUTE HEAD START/CDI HS SERVING ST. CLAIR COUNTY, MI",60.0,['2025-07-30'],MI
"COMMUNITY FIRST HOLDINGS, INC.",1156.0,"['2009-12-11', '2010-02-01', '2011-01-01', '2011-02-04', '2011-03-18', '2014-10-30']",MU
"COMMUNITY HOUSECALL PROVIDERS, LLC",750.0,"['2016-01-25', '2017-10-02', '2018-01-02', '2018-03-19', '2019-11-01']",VRT
"COMMUNITY RECYCLING & RESOUCE RECOVERY, INC",170.0,['2011-11-18'],MU
"COMPANY PICNIC SPECIALISTS, INC.",25.0,['2020-04-30'],MU
COMPASS,1120.0,"['2020-03-23', '2020-04-02', '2020-08-05', '2022-06-14', '2022-09-20', '2023-01-05']",CMPS
COMPASS GROUP,906.0,"['2013-09-20', '2018-02-01', '2018-02-02', '2018-02-05', '2020-02-03', '2020-07-07', '2020-09-08', '2023-08-03', '2025-07-14']",CPG.L
"COMPASS GROUP USA, INC",1724.0,"['2015-03-19', '2018-02-01', '2018-02-02', '2020-08-17', '2020-09-25', '2021-07-14', '2023-01-30', '2023-03-08', '2023-05-04', '2023-06-30', '2025-05-05', '2025-06-01', '2026-02-17', '2026-03-30', '2026-05-01']",MU
"COMPASS GROUP USA, INC. DBA FLIK (AT BRITISH AIRWAYS LOUNGE, JFK AIRPORT, QUEENS)",90.0,['2020-08-18'],BOQ.AX
"COMPASS GROUP USA, INC. DBA FLIK HOSPITALITY (47 WEST 66TH ST., NYC)",26.0,['2020-08-06'],SF=F
"COMPASS GROUP, INC.D.B.A.CHARTWELLS (LANCASTER ISD)",83.0,['2025-06-24'],CPG.L
"COMPASS GROUP, USA, INC.(RESTAURANT ASSOCIATES @ ROCKEFELLER UNIVERSITY)",36.0,['2018-07-23'],CPG.L
COMPASS INC.,381.0,"['2022-09-21', '2026-02-01']",COMP
COMPETE,11.0,['2022-09-12'],COMPEAU.BO
"COMPETITOR GROUP, INC.",222.0,"['2017-07-31', '2018-04-04', '2020-06-16']",MU
"COMPLETE GENOMICS, INC.",434.0,"['2015-11-23', '2018-12-20', '2024-08-22']",MU
COMPUCOM,77.0,"['2012-08-31', '2016-06-27']",COMPUSOFT.BO
"COMPUTER TASK GROUP, INC",227.0,"['2021-06-22', '2025-01-28']",MU
COMTECH,40.0,['2017-03-13'],CMTL
"COMTRANS, INC.",1187.0,"['2011-11-28', '2016-10-10', '2017-01-13', '2017-03-13', '2018-03-07', '2018-07-12', '2022-11-22', '2023-12-19']",MU
"CON TECH BUILDING SYSTEMS, INC.",52.0,['2020-03-30'],MU
CONAGRA BRANDS INC,320.0,['2021-08-17'],CAG
CONAGRA FOODS,938.0,"['2011-08-10', '2012-08-30', '2014-01-10', '2014-01-28', '2014-08-11', '2017-06-30']",CAG
"CONAGRA FOODS INC. AKA THE CARRIAGE HOUSE COMPANIES, INC.",423.0,['2014-03-20'],MU
"CONAGRA FOODS, INC. (UPDATED 01-30-2018)",282.0,['2018-01-05'],CAG
CONCENTRIX,1393.0,"['2016-01-18', '2016-02-03', '2018-05-08', '2020-02-27', '2021-01-25']",CNXC
CONCENTRIX CORP.,1057.0,"['2010-05-04', '2016-10-18', '2019-09-10', '2019-11-04', '2020-01-21']",CNXC
CONCENTRIX CORPORATION,2508.0,"['2017-10-02', '2019-02-20', '2019-03-25', '2019-04-05', '2019-05-13', '2019-06-26', '2019-09-23', '2019-11-25', '2020-01-21', '2020-01-22', '2020-06-25', '2023-01-23']",CNXC
"CONCERTO OF MICHIGAN, INC",139.0,"['2019-05-02', '2019-05-06']",MU
"CONCORD LITHO GROUP, INC.",43.0,['2018-06-29'],MU
"CONDE GROUP, INC",109.0,"['2020-07-08', '2022-06-30']",MU
CONDUENT,597.0,"['2017-02-10', '2018-06-01', '2018-10-26']",CNDT
"CONDUENT EDUCATION SERVICES, LLC",266.0,"['2018-01-11', '2018-02-16', '2018-03-12', '2018-03-30', '2018-04-27', '2018-05-11', '2018-07-06', '2018-08-17', '2018-09-17', '2018-09-28', '2018-10-01', '2018-10-25', '2018-10-29']",VRT
"CONDUENT FEDERAL SOLUTIONS, LLC.",211.0,"['2020-02-21', '2025-08-14']",VRT
CONDUENT INC.,339.0,"['2017-05-19', '2019-05-14']",CNDT
CONDUENT INCORPORATED,488.0,"['2011-11-06', '2012-09-20', '2014-01-16', '2017-02-13', '2017-04-01']",CNDT
"CONDUENT INCORPORATED (AT XEROX COMMERCIAL SOLUTIONS, LLC)",143.0,['2017-01-27'],VRT
"CONDUENT STATE & LOCAL SOLUTIONS, INC",181.0,"['2016-03-05', '2019-03-22']",MU
"CONDUENT STATE HEALTHCARE, LLC",317.0,"['2017-11-17', '2019-11-06', '2020-04-21', '2020-09-14']",VRT
"CONDUIT GLOBAL-KGB USA, INC.",470.0,"['2014-07-10', '2021-04-29']",MU
"CONFIER REVENUE CYCLE SOLUTIONS, INC",767.0,"['2011-02-28', '2018-01-29', '2018-03-01', '2018-06-04', '2019-01-30', '2019-08-14', '2020-03-31', '2020-07-20']",MU
"CONGO, LLC",248.0,"['2016-10-18', '2025-10-29']",VRT
"CONGOLEUM ACQUISTION, LLC",184.0,"['2021-03-01', '2022-01-01']",VRT
CONIFER,169.0,"['2019-08-14', '2023-08-01']",US20731J1025.SG
"CONMED CORPORATION AND BUFFALO FILTER, LLC",84.0,"['2019-02-12', '2019-06-17', '2019-10-08', '2019-10-24']",VRT
"CONN APPLIANCES, INC",175.0,"['2024-09-13', '2024-09-17', '2024-09-23']",MU
"CONN-SELMAR, INC.",260.0,"['2020-08-03', '2026-04-09']",MU
CONNECTED,17.0,"['2020-04-08', '2023-08-02']",CML.XA
"CONOPCO, INC.*",90.0,['2020-07-22'],MU
"CONSOLIDATED BUS TRANSIT (CBT) PARA TRANSIT, INC",239.0,['2020-04-03'],MU
"CONSTANT AVIATION, LLC",52.0,['2020-04-27'],VRT
CONSTELLATION,25.0,['2018-01-10'],CEG
"CONSTELLIUM ROLLED PRODUCTS RAVENSWOOD, LLC",245.0,['2020-05-08'],VRT
"CONSTRUCTION SPECIALTIES PLATFORN HOLDINGS, LLC",311.0,"['2020-04-07', '2020-06-03', '2025-01-27']",VRT
"CONSUEGRA TITLE, LLC",433.0,"['2013-06-30', '2013-07-31', '2013-08-31', '2013-09-30', '2015-09-30', '2015-10-13', '2016-04-28', '2019-09-27', '2024-10-11', '2026-04-29']",VRT
CONSUMER SERVICES,314.0,"['2011-02-02', '2012-04-02', '2022-09-14', '2023-10-26']",^BUKCONS
"CONTEMPORARY HOME SERVICES, INC",514.0,"['2012-02-01', '2017-04-24', '2017-10-09', '2020-03-26', '2024-04-08', '2025-06-06']",MU
"CONTESSA PREMIUM FOODS, INC.",2828.0,"['2009-12-16', '2009-12-25', '2010-12-24', '2011-12-26', '2012-08-16', '2014-05-01', '2016-02-24', '2019-07-10', '2019-12-16', '2020-04-14', '2020-04-16', '2025-07-28', '2025-07-29', '2026-05-01']",MU
CONTINENTAL,150.0,"['2019-12-09', '2020-06-15']",TY
"CONTINENTAL AIRLINES, INC., A WHOLLY OWNED SUBSIDIARY OF UNITED CONTINENTAL HOLDINGS, INC. (CARGO FUNCTION)",7.0,['2013-01-08'],MU
"CONTOUR DERMATOLOGY AND COSMETIC SURGERY MEDICAL CENTER, APC",409.0,"['2020-04-03', '2021-05-04']",APC
CONTRAFECT,16.0,['2022-08-15'],CFRXQ
"CONTROL COMPONENTS, INC.",190.0,"['2010-08-12', '2010-09-30', '2018-09-12']",MU
CONVATEC,540.0,"['2010-04-14', '2016-01-14', '2017-04-24']",CTEC.L
"CONVERGENT OUTSOURCING, INC.",210.0,"['2011-11-21', '2019-11-07', '2020-05-19']",MU
"CONVERSE, INC.",4748.0,"['2009-12-04', '2009-12-18', '2010-01-01', '2011-09-16', '2012-03-02', '2012-06-05', '2013-03-06', '2014-02-01', '2014-07-01', '2014-12-30', '2015-04-03', '2015-07-02', '2015-08-05', '2015-11-19', '2015-12-08', '2016-01-05', '2016-01-26', '2016-03-31', '2016-04-14', '2017-05-01', '2017-11-06', '2018-01-26', '2018-09-19', '2019-02-08', '2019-02-13', '2019-06-12', '2019-06-26', '2019-08-01', '2020-01-21', '2023-08-01', '2023-10-23', '2024-01-01', '2024-09-16']",MU
"CONXTECH, INC",61.0,['2020-07-31'],MU
COOKPAD,232.0,"['2012-07-27', '2016-08-26', '2023-03-10']",2193.T
"COOPER B-LINE, INC.",51.0,['2014-04-04'],MU
"COOPERVISION, INC.",291.0,"['2018-02-12', '2025-08-25', '2025-10-01', '2026-03-02']",MU
"COORSTEK, INC.",268.0,['2019-08-20'],MU
"COPAN DIAGNOSTICS, INC.",149.0,"['2024-11-05', '2026-01-14']",MU
COPART,287.0,"['2020-04-27', '2020-05-19', '2020-06-30', '2020-07-28', '2023-04-08']",CPRT
COPELAND,91.0,['2024-05-01'],CSMDX
COPPER,222.0,"['2020-04-02', '2020-04-09', '2020-04-22', '2023-03-22', '2024-02-13']",HG=F
"COR RESTAURANT SERVICES, LLC WITH CHICK-FIL-A, INC.",85.0,['2023-03-02'],MU
"CORE & MAIN, LP COVID19",12.0,['2020-04-15'],CNM
"CORE COMPOSITES CINCINNATI, LLC",341.0,"['2014-03-23', '2020-01-10', '2020-08-24', '2020-11-20', '2025-12-02']",VRT
"CORE MOLDING TECHNOLOGIES, INC.",229.0,"['2010-02-04', '2019-10-18']",CMT
"CORE SYSTEMS, LLC",426.0,"['2013-02-06', '2013-03-05', '2018-11-16', '2019-08-12']",VRT
CORE-MARK,97.0,"['2019-04-02', '2020-05-01']",SCMSX
"CORE-MARK MIDCONTINENT, INC.",104.0,['2010-08-03'],MU
CORECIVIC,811.0,"['2020-10-29', '2021-09-02', '2021-10-01', '2023-07-31']",CXW
CORELOGIC,604.0,"['2012-01-02', '2012-01-09', '2014-07-15', '2015-10-28', '2016-01-19', '2016-05-16', '2018-09-13', '2019-03-05', '2019-05-01']",^SPCS20R
"CORNERSTONE BUILDING BRANDS DBA SILVER LINE BUILDING PRODUCTS/CORNERSTONE BUILDING BRANDS SERVICES, INC.",274.0,['2023-06-02'],MU
"CORONADO BREWING COMPANY, INC.",149.0,"['2020-04-06', '2023-10-03']",MU
"CORSAIR GAMING, INC.",393.0,"['2010-05-09', '2020-04-17', '2023-09-01', '2024-02-01', '2024-02-21', '2025-08-04']",CRSR
"CORSICANA BEDDING TRUCKING, INC.",125.0,"['2013-10-15', '2020-06-23']",MU
"CORTLAND APPLE, LLC",61.0,['2020-03-25'],VRT
"CORTLAND PUMP AND EQUIPMENT, INC.",21.0,['2018-12-03'],MU
"CORVEST, SPV",201.0,['2010-02-22'],SPVI.BK
"COSMAX NBT USA, INC #1",116.0,"['2022-11-11', '2025-01-14']",0P0001FG58.TO
"COSMETIC ESSENCE, LLC",414.0,"['2010-02-01', '2010-07-01', '2015-12-01']",VRT
"COSTAR REALTY INFORMATION, INC.",212.0,"['2012-03-30', '2013-06-03', '2015-06-30', '2025-04-18']",MU
"COSTIKYAN, INC.",565.0,"['2019-10-08', '2020-03-23']",MU
"COSTUME ARMOUR, INC.",360.0,"['2010-11-17', '2011-01-26', '2011-07-18', '2016-08-01', '2020-03-16', '2020-04-08']",MU
"COUCHBASE, INC.",59.0,"['2025-11-13', '2025-11-17']",MU
"COUNCILL COMPANY, LLC",121.0,['2015-03-16'],VRT
"COUNTRY DELI I, INC",30.0,['2020-03-25'],MU
"COURIER EXPRESS ONE, INC.",451.0,"['2015-01-23', '2016-05-31', '2016-06-20', '2016-11-07', '2020-02-11']",MU
COURSERA,283.0,"['2022-11-09', '2023-09-11', '2024-03-06', '2024-10-25']",COUR
"COURSERA, INC.",645.0,"['2010-04-21', '2013-08-30', '2014-07-11', '2015-10-19', '2019-01-24', '2020-06-08', '2022-11-21', '2024-11-06', '2026-02-26', '2026-05-05']",COUR
"COURTYARD NEW YORK MANHATTAN/UPPER EASTSIDE/MARRIOTT INTERNATIONAL, INC.",386.0,"['2012-01-09', '2020-05-28', '2020-06-26', '2020-07-20', '2020-08-21']",MU
"COVA, INC.",146.0,"['2020-03-20', '2020-03-26', '2023-12-05']",CVALF
"COVANTA ENERGY, LLC",167.0,"['2015-01-21', '2020-04-09', '2023-10-02']",VRT
"COVANTA ENERGY, LLC DADE RESOURCES FACILITY, COVANTA DADE RENEWABLE ENERGY, LLC",64.0,['2023-04-14'],VRT
"COVERANCE INSURANCE SOLUTIONS, INC.",423.0,"['2010-04-16', '2016-05-10', '2020-06-04', '2021-11-10']",MU
"COWLEY DISTRIBUTING, INC. (CAPE GIRARDEAU, JEFFERSON CITY, MARYLAND HEIGHTS, SPRINGFIELD)",115.0,['2019-10-29'],SPR.L
"COX AUTOMOTIVE CORP SVC, LLC",84.0,"['2020-09-01', '2026-04-03']",VRT
"CP KELCO U.S., INC.",8.0,['2020-02-12'],MU
"CP REDI, LLC",80.0,['2014-01-20'],VRT
CPI CARD GROUP,79.0,['2018-02-12'],PMTS
"CPMC PACIFIC,CALIF,DAVUES,FOLSOM & ST LUKE'S CAMPU",160.0,['2010-07-20'],PACB
CRACKER BARREL,151.0,['2024-04-17'],CBRL
CRACKER BARREL OLD COUNTRY STORE,235.0,"['2015-10-12', '2018-11-30']",CBRL
CRAYON,80.0,"['2020-04-01', '2020-04-07']",CRAYONS-SM.NS
"CREATE-ABILITY, INC.",61.0,['2021-06-29'],MU
"CREATETHEGROUP, INC.",38.0,['2015-02-12'],MU
"CREATION TECHNOLOGIES ILLINOIS, INC.",198.0,"['2010-10-01', '2018-10-05', '2020-07-06']",MU
"CREATIVE CEILINGS, INC.",1439.0,"['2010-02-23', '2012-08-03', '2013-04-08', '2014-03-10', '2016-07-20', '2017-06-16', '2020-04-21', '2021-02-24', '2024-11-13', '2025-03-27', '2025-06-11', '2025-08-06', '2025-11-12', '2026-01-22', '2026-03-26', '2026-04-30', '2026-05-01']",MU
"CREATIVE EXTRUDED PRODUCTS, LLC",165.0,['2021-10-28'],VRT
CREDIT SESAME,798.0,"['2020-04-13', '2020-06-03', '2021-08-04']",CEDIZZX
"CREMACH TECH, INC.",115.0,['2024-10-29'],MU
"CRESCENT DUCK FARM, INC.",46.0,['2020-04-03'],MU
"CRESCENT HOTELS & RESORTS, LLC",386.0,"['2020-03-23', '2020-04-06', '2020-04-30', '2020-05-04', '2020-11-05']",VRT
CRESCO LABS,69.0,['2023-03-16'],CRLBF
"CREST BEVERAGE, L.L.C.",372.0,['2023-01-20'],BCC
"CREST HOLLOW COUNTRY CLUB DBA CREST HOLLOW CLUB AT WOODBURY, INC.",287.0,['2020-03-25'],MU
"CRESTA BLANCA GOLF, LLC",48.0,['2020-07-31'],VRT
"CRICKET COMMUNICATIONS, INC",254.0,"['2011-06-20', '2011-10-06', '2012-12-09']",MU
CRICUT INC,52.0,['2023-05-01'],398.F
"CRISIS PREPARATION & RECOVERY, INC.",73.0,['2025-05-06'],MU
"CRISSAIR, INC",170.0,['2014-07-07'],MU
CRITEO,382.0,"['2020-05-20', '2022-02-24', '2022-09-07', '2022-11-14', '2023-02-21', '2024-04-12']",CRTO
CROCS,183.0,['2019-02-28'],CROX
"CROSSROADS APPLE, LLC",91.0,"['2020-03-25', '2020-05-22', '2020-09-03']",VRT
"CROSSROADS, INC.",9.0,['2016-06-24'],CRG.V
"CROSSVILLE HARDWOODS, LLC",67.0,['2024-01-24'],VRT
CROWDSTRIKE,500.0,['2025-05-07'],CRWD
"CROWN CORK & SEAL USA, INC.",87.0,"['2015-08-31', '2024-01-19']",MU
"CROWN WORLD, INC",13.0,"['2020-04-15', '2020-05-22', '2020-09-28']",MU
"CROWN, COLUMN & MILLWORK COMPANY, LLC.",90.0,['2015-07-28'],CCI
"CRST EXPEDITED, INC.",12.0,['2025-11-20'],MU
"CRST LINCOLN SALES, INC. DBA CRST EQUIPMENT SOLUTIONS, INC.",31.0,"['2025-07-28', '2025-10-08']",MU
CRUISE,2050.0,"['2020-05-14', '2023-12-14', '2025-02-04']",NCLH
"CRUISE, LLC - 1201 BRYANT",85.0,['2025-07-03'],NCLH
"CRUISE, LLC - 840 W",14.0,['2025-07-03'],NCLH
CRUNCH,79.0,['2020-05-14'],CFISH.ST
"CRYPTIC STUDIOS, INC.",378.0,"['2015-03-23', '2015-03-27', '2019-06-18', '2020-03-03', '2020-04-11', '2020-04-22']",MU
CRYPTO.COM,2260.0,"['2022-06-10', '2022-08-16', '2022-10-06', '2023-01-12', '2026-03-19']",CDCETH-USD
"CRYSTAL RUN HEALTH PLAN, LLC",8.0,"['2019-04-08', '2020-08-03']",VRT
"CRYSTAL RUN HEALTHCARE, (INCLUDING CRYSTAL RUN AMBULATORY SURGERY CENTER OF MIDDLETOWN, LLC)",53.0,['2020-05-04'],VRT
"CRYSTAL STAIRS, INC.",443.0,"['2010-12-13', '2020-07-28', '2023-01-24', '2023-04-06', '2024-09-10']",MU
CS DISCO,62.0,"['2023-01-19', '2023-05-11']",LAW
"CSC HOLDINGS, LLC",723.0,"['2014-08-07', '2016-08-09', '2019-11-18']",0235.HK
"CSG SYSTEMS, INC",218.0,"['2011-08-31', '2021-03-29', '2025-03-25']",CSN.SG
"CSL BEHRING, LLC",175.0,"['2020-04-25', '2023-09-01', '2024-04-05']",VRT
"CSM SPORT AND ENTERTAINMENT, INC.",643.0,"['2010-04-21', '2010-05-13', '2010-07-01', '2010-07-22', '2010-08-05', '2010-09-16', '2010-10-21', '2010-12-01', '2011-01-01', '2016-04-05', '2020-03-31', '2026-03-19', '2026-04-09']",MU
"CSU, CHICO",446.0,['2020-09-29'],CSUD3F.SA
"CTI FOODS AZUSA, LLC",145.0,['2024-11-14'],VRT
CTS CORP.,206.0,['2018-07-24'],CTS
"CTSC, LLC",245.0,['2011-02-01'],VRT
"CUBIC APPLICATIONS, INC",496.0,['2012-10-01'],MU
"CUBIC ITS, INC.",187.0,"['2015-09-09', '2021-07-01']",MU
CUE HEALTH,1499.0,"['2022-07-08', '2022-11-21', '2023-01-10', '2023-02-24', '2023-04-28', '2024-01-05', '2024-02-02', '2024-05-03', '2024-05-22']",HLTHQ
CUE HEALTH INC,708.0,"['2022-07-08', '2023-05-17', '2024-01-26', '2024-05-21']",HLTHQ
"CUE HEALTH, VISTA",70.0,['2024-02-02'],HLTHQ
"CULINARY CONCEPTS HOSPITALITY GROUP, LLC (SPICE MARKET NY, LLC)",355.0,"['2016-08-22', '2020-05-07', '2026-03-19']",VRT
"CULPEPPER & ASSOCIATES SECURITY SERVICES, INC.",16.0,['2021-11-23'],MU
"CUMBERLAND FARMS, INC.",104.0,"['2014-02-01', '2021-06-03']",MU
"CUMMINGS-VIOLICH, INC",95.0,['2011-05-01'],MU
CUMMINS INC.,850.0,"['2009-12-01', '2021-08-27', '2023-10-09', '2024-11-13', '2026-05-01']",CMI
"CUMMINS WEST, INC.",889.0,"['2010-01-03', '2010-02-03', '2010-02-06', '2010-02-14', '2013-09-28']",MU
CURALEAF,580.0,"['2014-12-05', '2020-01-31', '2022-12-01', '2023-01-26']",CURA.TO
"CURATION FOODS, INC.",1456.0,"['2012-03-10', '2018-01-12', '2019-04-11', '2022-01-18', '2023-07-05', '2025-06-01']",MU
CURATIVE,109.0,['2022-09-20'],CBDX
"CURATIVE, INC",516.0,"['2020-05-12', '2021-03-16', '2022-09-15', '2022-10-31']",CBDX
"CURIO EMPLOYER LLC, JUNIPER HOTEL",88.0,['2020-04-17'],JUNIPER.BO
CUROLOGY,150.0,['2022-03-16'],CUROZZX
"CURRENT TV, LLC",71.0,['2010-01-11'],VRT
"CURTISS-WRIGHT CONTROLS, INTEGRATED SENSING, SEN",86.0,['2010-02-28'],^HSI
CURVE,65.0,['2022-06-01'],7085.T
CUSHMAN & WAKEFIELD,69.0,['2025-06-26'],CWK
"CUSIONS TO GO, LLC",101.0,"['2017-07-31', '2020-03-23']",VRT
"CUSTOM CONTROL SENSORS, LLC",127.0,['2023-03-17'],VRT
"CUSTOM LINK MANUFACTURING, INC.",10.0,['2020-06-19'],MU
"CUSTOMIZED DISTRIBUTION SERVICES, INC.",644.0,"['2012-10-01', '2023-02-07', '2023-06-08', '2024-03-25', '2024-07-01', '2024-11-27']",MU
"CUTRALE CITRUS JUICES USA, INC.",117.0,['2024-05-20'],MU
"CVG, INC.",1124.0,"['2012-02-08', '2012-10-11', '2015-09-01', '2016-02-01', '2020-03-24']",CVGW260717P00010000
CVS,2020.0,"['2011-06-30', '2016-06-15', '2020-04-14', '2023-08-18', '2023-10-26', '2024-10-07', '2024-11-25', '2024-12-18', '2025-02-06', '2025-03-19', '2025-11-01', '2025-12-09']",CVS
"CVS - DOUGLAS, AZ",6.0,['2025-03-19'],AZ
CVS HEALTH,3118.0,"['2017-10-01', '2017-10-03', '2023-08-01', '2023-08-18', '2023-10-01', '2023-10-26', '2024-09-01', '2024-10-06', '2024-11-25', '2024-11-26', '2024-12-16', '2024-12-20', '2025-01-17', '2025-02-04', '2025-02-11', '2025-02-28', '2025-04-24', '2025-06-11', '2025-10-17']",CVS
"CVS HEALTH SUBSIDIARY COMPANIES AETNA RESOURCES LLC AND CVS PHARMACY, INC.",138.0,['2019-03-13'],MU
"CVS HEALTH/OAK STREET HEALTH MSO, LLC",219.0,['2025-11-07'],VRT
"CWD, LLC DBA CENTRIC PARTS",538.0,"['2019-08-02', '2022-03-10']",CWD
"CWI, INC.",214.0,"['2020-02-11', '2020-04-13', '2023-12-05']",CWI
CWT,102.0,['2020-07-28'],CWT
"CWT, LLC",71.0,['2020-07-29'],CWT
"CYPRESS LANES, LLC",29.0,['2020-04-15'],VRT
CYREN,121.0,['2023-02-01'],CYRNQ
CYTOMX THERAPEUTICS INC.,514.0,"['2022-07-22', '2023-05-01', '2023-09-01', '2025-01-06']",6C1.F
"CYTOSPORT, INC.",258.0,"['2015-05-11', '2026-05-04']",MU
"D & D GEAR, INC. DBA ABSOLUTE TECHNOLOGIES, INC.",263.0,['2024-10-22'],ACNFMXX
"D'AMBROSIO EYE CARE, INC.",183.0,['2020-03-19'],MU
D+H CORPORATION,468.0,"['2015-11-01', '2017-09-08', '2017-09-21', '2020-09-24', '2022-09-16', '2024-01-31', '2024-07-18', '2024-11-22']",7372.T
D-ID,22.0,['2025-03-10'],DKKIDR=X
"D.E.N. SERVICES, INC.",101.0,['2019-03-27'],MU
"D.F. STAUFFER BISCUIT, CO.",51.0,['2017-09-20'],HG=F
"D2L ASSOCIATES, INC.",115.0,"['2012-06-01', '2013-06-19', '2020-04-30']",MU
"DABICO AIRPORT SOLUTIONS, INC.",161.0,"['2016-04-28', '2018-08-31', '2023-09-07']",MU
DAIFUKU,100.0,['2024-02-22'],891.F
DAIICHI SANKYO,19.0,"['2015-12-15', '2016-05-02']",4568.T
"DAIICHI SANKYO, INC.",92.0,"['2015-12-01', '2019-08-01']",4568.T
"DAILY GROMMET, INC.",312.0,"['2014-04-01', '2020-04-22', '2022-06-02']",MU
"DAILYLOOK, INC.",80.0,['2022-07-11'],MU
"DAIRY FRESH, INC.",116.0,['2010-06-01'],MU
"DAIRYLAND BUSES, INC. AND LAKESIDE BUSES, INC.",189.0,['2020-11-11'],MU
"DAIRYLAND PRODUCE, LLC",127.0,"['2025-11-04', '2025-11-05', '2025-12-30']",VRT
"DAKO RESOURCES, LLC",266.0,"['2016-06-10', '2026-04-23']",VRT
"DAN SCHANTZ FARM & GREENHOUSES, LLC",120.0,['2023-10-01'],VRT
"DANA LIGHT AXLE PRODUCTS, LLC",149.0,"['2020-04-13', '2021-01-20']",VRT
"DANBURY AEROSPACE, INC. (DAI)",106.0,['2015-05-13'],SPUT
"DANDELION PAYMENTS, INC.",980.0,"['2011-12-27', '2014-02-24', '2020-09-03', '2025-02-10', '2025-08-26', '2025-09-22']",MU
"DANFOSS CHATLEFF, LLC",94.0,['2010-08-25'],VRT
"DANFOSS, INC.",181.0,"['2012-12-01', '2018-11-01', '2023-11-01']",MU
"DANIA ENTERTAINMENT CENTER, LLC",338.0,"['2014-08-18', '2019-11-29', '2020-05-02']",VRT
"DANIEL RP MANAGEMENT, LLC",284.0,"['2012-01-01', '2020-05-15', '2025-10-29']",VRT
"DANIELS OF JANESVILLE, LLC",49.0,['2018-06-19'],VRT
"DARDEN RESTAURANT, INC. - OLIVE GARDEN-YARD HOUSE",799.0,"['2020-05-01', '2020-05-20']",DRI
"DARDEN RESTAURANTS, INC.",1734.0,"['2011-10-22', '2014-09-01', '2020-05-20', '2020-05-21', '2020-05-22', '2021-01-06']",DRI
"DARIGOLD, INC",86.0,['2012-05-24'],MU
DARK,6.0,['2020-06-23'],DKI
"DARLING INGREDIENTS, INC.",200.0,"['2010-05-01', '2015-01-30', '2024-03-01', '2025-02-11']",DAR
DATAMINR,150.0,['2023-11-28'],DATMZZX
DATAROBOT,270.0,"['2020-03-27', '2022-05-11', '2022-08-08', '2022-08-23']",DATRZZX
"DATROSE INDUSTRIES, INC.",2269.0,"['2010-02-03', '2010-07-21', '2010-07-23', '2014-06-30', '2015-03-03', '2016-01-11', '2017-08-04', '2017-09-11', '2018-05-18', '2020-03-31', '2020-07-21', '2023-08-01', '2023-08-02', '2023-08-03', '2023-09-27', '2026-02-02']",MU
"DATTCO, INC.",138.0,['2016-06-16'],MU
"DAV, INC. DBA VALLEY HI HONDA",28.0,['2020-05-18'],HOG
"DAVAINE LIGHING, LLC",387.0,"['2020-06-10', '2022-11-01', '2023-11-28']",VRT
"DAVALOR MOLD COMPANY, LLC",45.0,['2025-08-07'],VRT
DAVE & BUSTER'S,1949.0,"['2020-04-22', '2020-07-23', '2020-09-01', '2020-09-08', '2020-09-09', '2020-09-10', '2020-09-15', '2020-10-06']",PLAY
"DAVID'S BRIDAL, LLC",1103.0,"['2023-04-01', '2023-04-14', '2023-04-19', '2023-05-30', '2023-06-12', '2023-06-30', '2023-07-03', '2023-07-05']",VRT
"DAVID'S BRIDAL, LLC F/K/A DAVID'S BRIDAL, INC.",25.0,['2020-05-15'],MU
"DAVIS DEVELOPMENT COMPANY, INC.",190.0,['2020-04-25'],MU
"DAVIS EXPRESS, INC.",339.0,"['2015-11-23', '2025-04-16']",MU
DAVITA INC.,65.0,['2019-10-31'],DVA
"DAWN FOOD PRODUCTS, INC",229.0,"['2010-01-16', '2025-06-26', '2025-11-21']",MU
"DAY & ROSS USA, INC",132.0,['2026-03-25'],MU
"DAYBREAK FOODS, INC.",323.0,"['2015-06-04', '2015-07-08', '2015-07-21', '2026-03-27']",MU
"DAYMON WORLDWIDE, INC.",50.0,['2018-01-03'],MU
"DAYTON ROGERS OF NY, LLC",35.0,['2015-03-12'],VRT
DAZN,50.0,['2022-05-26'],DAZNX
"DBA RESTAURANT 365 (DYN365, INC.)",80.0,['2020-04-02'],MU
"DBX, INC. SUBSIDIARY OF THE DRESS BARN (DISTRIBUTION CENTER)",43.0,"['2011-01-25', '2011-02-23', '2011-03-28']",DBX
"DBX, INC., A SUBSIDIARY OF THE DRESS BARN, INC. AND ASCENA RETAIL GROUP, INC",470.0,"['2019-05-01', '2019-05-21', '2019-08-01']",DBX
"DD TRADERS, INC.",18.0,['2015-10-20'],MU
"DDSC, INC",39.0,['2022-08-31'],MU
"DE ANZA TILE CO., INC",127.0,['2020-04-11'],MU
"DE CAPITAL MORTGAGE, LLC",171.0,"['2014-02-27', '2020-04-03']",VRT
DEB,308.0,['2014-12-01'],0P0000ZKLW.BO
"DEBOER TRANSPORTATION, INC.",1333.0,"['2010-02-01', '2015-03-26', '2022-06-13', '2025-04-01']",MU
"DECATUR REHAB AND HEALTH CARE CENTER, LLC",57.0,['2024-11-01'],VRT
"DECIPHER PHARMACEUTICALS, LLC",116.0,['2021-11-29'],VRT
"DECKER ELECTRIC CO, INC.",15.0,"['2020-06-16', '2020-06-18', '2020-06-22']",MU
DECKERS OUTDOOR CORPORATION,99.0,['2019-02-06'],DECK
"DECORE-ATIVE SPECIALTIES, INC.",133.0,['2020-06-25'],MU
DEEPL,250.0,['2026-05-07'],DLC36116-USD
DEFINITIVE HEALTHC...,55.0,['2023-01-12'],DH
"DEFY MEDIA, LLC",92.0,"['2015-10-13', '2018-11-08']",VRT
"DEIORIO FOODS, INC.",210.0,"['2011-05-01', '2020-03-25']",MU
"DEL MONTE FOODS, INC.",709.0,"['2018-10-12', '2024-02-26', '2024-02-27', '2025-01-21', '2025-06-06']",MU
"DELAWARE AND HUDSON RAILWAY COMPANY, INC.",452.0,"['2015-05-07', '2020-05-26', '2021-05-18']",MU
"DELAWARE NORTH COMPANIES PARKS & RESORTS AT TENAYA, INC.",914.0,"['2020-05-26', '2020-06-04', '2020-07-09', '2020-09-03']",MU
"DELAWARE NORTH COMPANIES, INC. (DNC P&R AT GIDEON PUTNAM, LLC)",1687.0,"['2017-06-01', '2020-06-17', '2020-06-30', '2020-07-09']",VRT
"DELAWARE NORTH COMPANIES, INC. (FINGER LAKES FOODSERVICE INC. & ROCHESTER SPORTSERVICE, INC.)",352.0,['2020-06-30'],MU
"DELAWARE NORTH COMPANIES, INC. DAYTONA BEACH FOODSERVICE, INC.",758.0,"['2017-06-12', '2020-07-09', '2020-07-13']",MU
"DELAWARE NORTH COMPANIES, INC. PATINA ORLANDO, LLC",277.0,['2020-07-09'],VRT
"DELEK US HOLDINGS, INC.-ALON USA ENERGY, INC.",92.0,['2017-05-15'],DK
DELFINGEN,37.0,['2012-09-04'],HBS.F
"DELHAIZE AMERICA, LLC",116.0,['2013-12-16'],VRT
DELIV,669.0,['2020-05-13'],DHER.DE
"DELIV, INC., DBA DELIV CALIFORNIA INC.",669.0,['2020-05-13'],DHER.DE
DELL,23650.0,"['2023-02-06', '2023-08-07', '2024-03-25', '2024-08-05', '2026-03-16']",DELL
"DELL PRODUCTS LP, ENGINEERING",60.0,['2019-09-04'],MEC
DELPHI,50.0,['2012-11-01'],0P0001DW69.L
"DELPHI BEHAVIORAL HEALTH GROUP - BREAKTHROUGH LIVING RECOVERY COMMUNITY, LLC",8.0,['2023-01-05'],VRT
"DELPHI BEHAVIORAL HEALTH GROUP - FAMILY RECOVERY SPECIALISTS, LLC",46.0,['2023-01-05'],VRT
"DELPHI BEHAVIORAL HEALTH GROUP - OCEAN BREEZE DETOX, LLC",79.0,['2023-01-05'],VRT
"DELPHI PRODUCTION, INC,. DBA GROUP DELPHI",108.0,['2020-04-02'],MU
"DELPHINUS ENGINEERING, INC.",46.0,['2012-04-26'],MU
DELTA AIR LINES,413.0,"['2016-02-25', '2019-06-01']",DAL
"DELTA C, LP DBA KINGS CARD CLUB AND WESTLAND CARD ROOM",464.0,"['2020-05-21', '2020-10-02', '2021-01-14']",4YJ0.MU
"DELTA FLORAL DISTRIBUTORS, INC.",461.0,"['2010-03-05', '2020-04-24', '2020-04-27', '2020-05-01', '2022-11-03', '2024-11-14']",MU
"DELUXE BUILDING SYSTEMS, INC.",154.0,['2017-10-01'],MU
DELUXE CORP,221.0,['2020-03-09'],DLX
"DEMETRIX, INC.",169.0,"['2014-10-09', '2015-06-30', '2018-01-04', '2022-10-28']",MU
DENALI,128.0,"['2023-03-03', '2025-04-02']",DNLI
"DENIM-TECH, LLC",73.0,['2019-11-20'],VRT
"DENSO WIRELESS SYSTEMS AMERICA, INC.",160.0,['2018-05-04'],MU
"DENTEMPLOY, INC",124.0,"['2020-04-16', '2020-07-28', '2022-03-07']",MU
DENTSPLY SIRONA,806.0,"['2019-03-27', '2020-04-01', '2020-04-02', '2020-08-07', '2025-10-28']",XRAY
"DENTSPLY SIRONA DBA JCM INTERNATIONAL, INC",183.0,"['2020-04-14', '2020-04-24', '2020-05-12']",MU
"DEPLOYED RESOURCES, LLC",700.0,['2025-03-10'],VRT
"DEPOMED, INC.",328.0,['2017-12-12'],MU
"DESERT ISLAND RESTAURANT, LLC",530.0,"['2009-12-15', '2019-12-11', '2020-03-19', '2020-04-15', '2020-05-19', '2024-10-10']",VRT
"DESIGNATED METAL CONNECTION, INC",841.0,"['2017-07-18', '2020-05-27', '2020-06-04', '2020-07-21', '2020-07-24', '2020-08-03', '2026-05-12']",MU
"DESSERT SERVICE, INC.",3600.0,"['2013-09-01', '2013-09-30', '2013-10-08', '2017-01-01', '2017-04-24', '2017-05-08', '2017-10-31', '2018-11-29', '2019-07-10', '2019-07-30', '2019-09-03', '2019-10-15', '2020-03-25', '2020-05-08', '2022-04-18', '2022-12-01', '2023-03-20', '2023-08-01', '2024-04-09', '2024-05-31', '2024-06-07', '2025-04-01', '2025-10-21', '2025-11-03']",MU
"DESTRON, INC.",112.0,"['2020-05-05', '2023-12-07']",MU
"DEUFOL SUNMAN, INC",276.0,['2013-03-22'],MU
DEUTSCHE BANK,155.0,"['2019-07-08', '2019-09-06']",DB
"DEUTSCHE BANK SECURITIES INC., DB USA CORE CORPORATION, AND DEUTSCHE BANK AG, NEW YORK BRANCH, AND DB USA CORP. (TOGETHER, ""DEUTSCHE BANK"")",126.0,['2019-07-08'],DB
"DEVELOPMENT INDUSTRIES, INC.",533.0,"['2010-06-08', '2014-01-17', '2018-10-16', '2020-04-15', '2020-06-11']",MU
DEVO,23.0,"['2022-07-26', '2022-11-21']",DVN
DEVON ENERGY,700.0,['2016-02-19'],DVN
DEVON ENERGY CORP,200.0,"['2016-02-29', '2024-08-05']",DVN
"DEVRY, INC.",1011.0,"['2011-06-17', '2022-11-17', '2023-01-11']",MU
DEXCOM,160.0,['2019-02-26'],DXCM
"DEXCOM, INC.",1260.0,"['2019-03-05', '2021-01-11', '2024-06-26', '2025-08-28']",DXCM
"DFA DAIRY BRANDS ICE CREAM, LLC",352.0,['2021-06-11'],VRT
DFC,33.0,['2025-04-29'],DFCEX
DFS,123.0,['2020-10-30'],DFS.L
"DGA, INC. DBA PRO-FORM LABORATORIES",188.0,['2018-11-06'],HF
"DGI SERVICES, LLC",397.0,"['2011-12-01', '2011-12-13', '2020-04-29', '2022-03-21', '2022-10-18', '2025-01-01']",VRT
"DH DENTAL EMPLOYMENT SERVICES, LLC",533.0,"['2012-02-01', '2020-05-01', '2020-05-13']",VRT
DHI GROUP,53.0,['2023-05-26'],TIPH.BK
DHL,576.0,['2018-09-15'],DHL.DE
"DHM PAYROLL - FIESTA TEMPE, LLC",114.0,['2025-11-26'],VRT
"DHR RESTAURANT, CO. LLC, AKA RARE BAR & GRILL MURRAY HILL",185.0,['2019-06-28'],LB
"DI OVERNITE, LLC",384.0,['2018-11-14'],VRT
"DI-PRO, INC.",133.0,"['2010-11-30', '2010-12-24']",DIB.JO
DIAGEO,398.0,"['2011-05-25', '2012-02-23', '2022-12-13', '2023-06-06', '2024-03-04']",DEO
"DIAGEO NORTH AMERICA, INC.",457.0,"['2016-04-19', '2017-06-01', '2020-05-02', '2020-06-25', '2022-08-25', '2023-03-31', '2024-05-02', '2024-11-19']",MU
"DIAMOND COMIC DISTRIBUTORS, INC.",299.0,"['2025-01-21', '2025-01-22']",MU
"DIAMOND FOODS, INC",440.0,"['2012-10-25', '2017-03-16']",MU
"DIAMONDBACK ADVISORS NY, LLC",27.0,['2012-12-13'],VRT
"DIAMONDROCK SONOMA TENANT, LLC",33.0,['2019-06-27'],VRT
"DIAZ ANSELMO LINDBERG, P.A.",43.0,['2020-09-01'],NVA.WA
"DICK&RSQUO;S SPORTING GOODS, INC.",258.0,"['2020-04-28', '2020-04-30', '2023-12-04']",MU
"DICK'S SPORTING GOODS, INC",36.0,['2020-04-28'],DKS
"DICKENSON-RUSSELL COAL COMPANY, LLC",121.0,['2014-06-26'],VRT
DIEBOLD NIXDORF INC.,122.0,['2019-08-21'],DBD
"DIEBOLD, INC.",60.0,"['2013-05-13', '2013-09-27']",DBD
"DIGBY'S DETECTIVE AND SECURITY AGENCY, INC.",40.0,['2025-02-28'],MU
"DIGICERT, INC.",146.0,"['2015-11-23', '2018-10-24']",MU
DIGIMARC,90.0,"['2023-02-17', '2025-02-27']",DMRC
"DIGITAL ALLY, INC.",63.0,['2017-11-17'],MU
DIGITAL CURRENCY ...,35.0,"['2011-08-01', '2022-11-02']",DCX
"DIGITAL PRINTING SYSTEMS, INC.",66.0,['2019-09-11'],MU
"DIGITAL RISK, LLC",33.0,['2014-09-22'],VRT
DIGITALOCEAN,200.0,['2023-02-15'],DOCN
DILLARD'S,494.0,"['2012-03-15', '2019-02-13', '2020-04-15', '2020-05-13', '2024-11-15']",DDS
"DILLARD'S INC.(DILLARD'S TEXAS CENTRAL, LLC)",93.0,['2025-11-12'],VRT
"DILLARD'S, INC.",272.0,"['2010-09-20', '2011-03-16', '2016-03-20']",DDS
"DILLARD'S, INC.-PLANO",101.0,['2013-09-24'],DDS
"DILLON LOGISTICS, INC.",193.0,['2021-09-13'],MU
"DIN TAI FUNG RESTAURANT, INC.,",62.0,['2020-06-17'],MU
"DINE BRANDS GLOBAL, INC.",346.0,"['2020-04-27', '2023-06-15', '2024-04-17']",DIN
"DINEEQUITY, INC. AND APPLEBEE'S SERVICE, INC.",107.0,['2015-10-26'],MU
"DIODES FABTECH, INC.",167.0,['2017-08-03'],MU
"DIRECT BUY HOME PRODUCTS, INC.",116.0,"['2012-04-30', '2020-03-18']",MU
"DIRECT DELIVERY SERVICE, INC.",191.0,"['2022-09-16', '2026-01-05']",MU
"DIRECT ENERGY, INC.",62.0,['2013-08-01'],MU
"DIRECTED, LLC",173.0,"['2020-04-15', '2020-09-22']",TOAK
"DIRECTORS GUILD OF AMERICA, INC.",566.0,"['2020-03-24', '2020-06-09', '2020-06-10']",MU
DISCO,87.0,"['2020-03-27', '2020-04-03']",WBD
DISCORD,207.0,"['2023-08-03', '2024-01-11']",DSCRZZX
"DISCOVERY ENERGY, LLC D/B/A REHLKO",66.0,['2025-06-11'],Q3Q.F
DISCOVERY INC.,311.0,"['2017-10-23', '2018-08-29']",WBD
DISH,111.0,"['2013-09-09', '2018-03-18']",DISHTV.NS
"DISNEY DESTINATIONS, LLC",153.0,"['2020-10-02', '2020-11-17']",VRT
"DISNEY INTERACTIVE STUDIOS, INC.",248.0,"['2011-03-25', '2016-05-10', '2017-10-01']",MU
"DISPOSABLE HYGIENE, LLC",293.0,"['2020-04-28', '2020-05-07', '2022-01-01']",VRT
"DISTRICT PHOTO, INC.",109.0,"['2022-02-04', '2022-03-15', '2024-02-14']",MU
"DITA EYEWEAR GLOBAL, LLC",6.0,['2020-04-29'],VRT
"DITECH HOLDING CORPORATION D/B/A REVERSE MORTGAGE SOLUTIONS, INC.",186.0,"['2018-04-18', '2020-09-10']",MU
"DIVERSAPACK OF MONROE, LLC",2621.0,"['2012-01-06', '2017-09-12', '2019-12-02', '2020-03-16', '2020-03-23', '2020-04-06', '2020-04-07', '2020-04-10', '2020-04-13', '2020-04-14', '2020-05-15']",VRT
"DIVERSIFIED HEAT TRANSFER, INC.",46.0,['2012-04-03'],MU
"DIVERSIFIED MAILING, INC DBA WORLD MRKTING, INC",78.0,['2012-11-26'],MU
"DIVERSIFIED SILICONE PRODUCTS, INC.",172.0,"['2018-04-26', '2020-12-01']",MU
"DIY GROUP, INC",522.0,['2014-08-12'],MU
"DJAFI TRUCKING COMPANY, LLC",15.0,['2024-04-30'],VRT
DJSP ENTERPRISES,449.0,"['2010-11-09', '2016-03-15', '2022-10-24']",DJSP
DLUX,49.0,['2020-03-26'],DLUX
DMC,565.0,['2014-10-01'],DMCRX
"DMI FURNITURE, INC",124.0,['2010-09-15'],MU
DMSI,1745.0,"['2024-12-10', '2026-02-01']",DMSI
"DNC PARKS & RESORTS AT KSC, INC.",1903.0,"['2013-10-02', '2013-10-04', '2013-10-14', '2015-12-28']",MU
"DNC PARKS & RESORTS AT PEAKS OF OTTER, INC.",88.0,['2013-10-01'],MU
"DNC PARKS & RESORTS AT SHENANDOAH, INC.",303.0,"['2013-10-01', '2020-04-01']",MU
"DO & CO LOS ANGELES, INC.",277.0,['2020-03-16'],MU
"DO & CO NEW YORK CATERING, INC.",744.0,"['2020-03-12', '2020-03-13']",MU
"DOBAKE BAKERIES, INC.",221.0,['2014-06-26'],MU
DOCK,190.0,['2022-11-07'],DOCK
DOCUSIGN,1791.0,"['2022-09-28', '2023-02-16', '2024-02-06']",DOCU
"DOLCE INTERNATIONAL/PALISADES, INC.",110.0,['2011-11-02'],MU
"DOLE FOOD COMPANY, INC.",542.0,"['2017-08-29', '2017-11-17']",MU
"DOLE PACKAGED FOODS, LLC",30.0,['2016-11-30'],VRT
DOLLAR GENERAL,5.0,['2025-03-01'],DG
"DOLLAR THRIFTY AUTOMOTIVE GROUP, INC",502.0,"['2012-01-20', '2020-04-02', '2020-04-28']",MU
DOLLAR TREE,98.0,['2010-01-25'],DLTR
"DOLLAR TREE, INC. (FAMILY DOLLAR)",455.0,"['2016-08-05', '2018-09-18']",DLTR
"DOLLS KILL, INC.",295.0,"['2014-01-01', '2020-04-08', '2020-09-24', '2023-02-02']",MU
"DOLOMITE PRODUCTS CO., INC.",5.0,['2020-04-03'],MU
DOMINION,29.0,['2014-10-23'],D
"DOMUS CONSTRUCTION & DESIGN, INC.",61.0,['2020-03-25'],MU
"DON THOMAS BUSES, INC.",2154.0,"['2012-05-01', '2012-05-04', '2012-05-07', '2012-06-13', '2012-07-03', '2012-11-20']",MU
DOORDASH,1250.0,['2022-11-30'],DASH
"DOORDASH, INC.",595.0,"['2019-04-11', '2022-12-13']",DASH
"DORMA USA, INC",103.0,['2019-02-06'],MU
DOTS,155.0,"['2014-02-28', '2022-06-02']",DOTSOFT.AT
"DOTS, LLC",43.0,['2014-02-27'],DOTSOFT.AT
"DOUBLE TREE BERKELEY HOTEL - CRESCENT RESORTS & HOTELS, LLC",280.0,"['2020-04-13', '2020-08-21']",VRT
"DOUBLEDUTCH, INC.",57.0,['2017-01-27'],MU
"DOUMAK, INC.",30.0,['2020-05-29'],MU
"DOVENMUEHLE MORTGAGE, INC.",326.0,"['2023-12-14', '2025-05-12']",MU
"DOVER SADDLERY, INC.",923.0,"['2019-04-04', '2019-05-01', '2019-08-01', '2020-05-19', '2023-02-22', '2023-11-15', '2026-05-07']",MU
DOW CHEMICAL,54.0,['2014-12-02'],DOW
DOW CHEMICAL COMPANY,893.0,"['2016-06-28', '2020-12-03', '2025-07-09']",DOW
DOW JONES,47.0,['2010-02-01'],^DJI
"DOWCO, INC.",53.0,['2023-10-16'],MU
"DOWLINGS, INC",44.0,['2016-08-01'],MU
"DOWN-LITE INTERNATIONAL, INC.",335.0,"['2019-11-15', '2026-04-28']",MU
"DOWNTOWN STREETS, INC.",111.0,['2025-08-29'],MU
DOXIMITY,100.0,['2023-08-08'],DOCS
"DPI FOODS MID ATLANTIC, INC.",280.0,['2019-07-22'],MU
"DPI SPECIALTY FOODS [MID ATLANTIC, INC.]",90.0,['2010-04-02'],MU
"DPIX, LLC",116.0,"['2010-08-27', '2011-08-27']",VRT
"DPT LAKEWOOD, INC",74.0,['2010-03-01'],MU
"DR. FRESH, LLC",48.0,"['2017-04-20', '2018-01-10']",VRT
"DR. HOWARD DR. FINE, LLC",68.0,['2020-03-25'],VRT
"DR. SQUATCH, LLC",50.0,['2023-02-06'],VRT
DRAFTKINGS,140.0,"['2023-02-01', '2026-02-24']",DKNG
DRAFTKINGS INC.,101.0,['2024-10-01'],DKNG
DRAGOS,80.0,"['2020-02-25', '2023-06-06']",DRAGZZX
"DRAI'S AFTER HOURS, LLC",7.0,['2025-08-30'],VRT
DRATA,40.0,['2024-09-26'],DRATZZX
"DRIESSEN AIRCRAFT INTERIORS SYSTEMS USA, INC.",70.0,"['2018-06-06', '2018-11-02']",MU
DRIFT,159.0,"['2023-02-06', '2023-09-07']",DRIFT31278-USD
DRIP,205.0,"['2020-03-23', '2023-04-25']",DRIP
"DRISCOLL'S STRAWBERRY ASSOCIATES, INC.",38.0,['2015-08-03'],MU
"DRIVEN BRANDS SHARED SERVICES, LLC",31.0,"['2020-03-23', '2020-04-21']",VRT
"DRIZLY, LLC AND UBER TECHNOLOGIES, INC.",168.0,['2024-01-31'],MU
"DROBOX, INC.",592.0,"['2021-01-21', '2022-09-08', '2023-05-10', '2024-10-30']",MU
DROP,84.0,"['2022-11-01', '2023-02-14']",DROP
"DRS TEST & ENERGY MANAGEMENT, LLC",84.0,['2012-11-01'],VRT
"DRS ZUNGER AND JAMES, LLP",10.0,['2020-04-01'],0P0001X4N8
"DRT, LLC",154.0,"['2025-04-21', '2025-12-01']",0P00019IOT
"DS SERVICES OF AMERICA, INC.",630.0,"['2013-11-06', '2015-01-20', '2015-07-21', '2015-10-09', '2018-12-10', '2020-04-20']",MU
"DSE FUZING, LLC",103.0,['2011-05-02'],VRT
"DSE SYSTEMS, INC.",705.0,"['2013-05-31', '2014-10-17', '2014-10-30', '2017-08-10', '2018-06-08', '2018-06-12', '2025-08-18', '2025-08-19', '2026-01-28', '2026-04-08']",MU
"DSE, INC.",4803.0,"['2010-04-28', '2010-09-01', '2010-11-01', '2011-02-01', '2011-03-01', '2011-04-01', '2011-05-16', '2011-08-10', '2012-01-18', '2013-04-16', '2013-04-30', '2013-05-28', '2013-05-30', '2013-08-08', '2013-08-30', '2013-11-13', '2014-05-01', '2014-06-09', '2014-06-25', '2015-04-01', '2015-09-30', '2015-10-31', '2016-04-28', '2016-05-06', '2016-06-07', '2017-04-28', '2017-05-01', '2017-06-28', '2018-05-07', '2018-05-08', '2019-01-18', '2019-01-22', '2019-05-28', '2019-10-30', '2020-04-29', '2020-09-16', '2020-10-22', '2021-03-19', '2021-06-18', '2022-01-18', '2022-10-04', '2025-03-13']",MU
"DSJ HOLDING, INC. (F/K/A BRIDGEWATER WHOLESALERS, INC.)",133.0,['2019-01-01'],MU
"DSM NUTRITIONAL PRODUCTS, LLC",187.0,"['2013-03-01', '2020-03-26']",VRT
"DST OUTPUT WEST, LLC",215.0,"['2010-05-03', '2011-03-15']",VRT
"DSU-PETERBILT & GMC, INC.",327.0,"['2021-04-16', '2021-04-21']",MU
"DSV CONTRACT LOGISTICS, LLC",155.0,['2026-04-23'],VRT
"DSV SOLUTIONS, LLC",484.0,"['2012-11-13', '2017-02-06', '2020-02-02', '2022-01-05', '2022-03-04']",VRT
"DSW SHOE WAREHOUSE, INC.",202.0,"['2018-10-18', '2021-01-27']",MU
"DTG2GO, LLC",38.0,['2024-04-03'],VRT
"DTSV, INC.",309.0,"['2011-12-23', '2019-12-31', '2022-12-01']",MU
DTT,64.0,['2013-10-01'],DTT0.DU
"DTW NORTH PARTNERS JV, LLC",98.0,"['2020-03-20', '2025-10-16']",VRT
"DTZ, INC.",198.0,"['2014-10-31', '2015-06-30']",DTZ.XA
"DUCOMMUN AEROSTRUCTURES, INC.",146.0,['2023-02-23'],MU
DUKE ENERGY,131.0,"['2013-04-30', '2013-06-03', '2013-07-02', '2013-09-27', '2014-10-01']",DUK
"DUKE ENERGY GENERATION SERVICES, INC",41.0,['2010-11-11'],MU
"DUKE MANUFACTURING, INC.",1680.0,"['2016-11-28', '2018-09-14', '2020-03-30', '2020-04-02', '2020-04-20', '2020-05-11', '2020-06-06', '2020-07-14', '2020-11-17', '2024-07-31', '2025-01-15', '2025-02-03', '2025-10-20']",MU
"DUKE'S MALIBU, LLC",126.0,['2025-03-21'],VRT
"DUNBAR ARMORED, INC.",211.0,"['2015-06-30', '2019-02-20']",MU
DUPONT,398.0,"['2012-10-30', '2015-12-21', '2015-12-29', '2017-06-30', '2017-11-02', '2018-01-26']",DD
"DURA BOND INDUSTRIES, INC.",180.0,['2017-09-01'],MU
"DURA-LINE, LLC",79.0,['2024-01-16'],VRT
"DURALEE (THE ROBERT ALLEN DURALEE GROUP, INC.)",191.0,"['2019-02-01', '2019-02-15', '2019-02-19', '2019-02-21', '2020-04-11']",MU
"DURALEE, LTD.",82.0,['2017-03-31'],005930.KS
"DURCON, INC.",605.0,"['2011-08-09', '2022-11-30', '2023-05-25']",MU
"DUST-TEX HONOLULU, INC.",187.0,"['2020-03-24', '2023-08-01']",MU
"DVD, INC.",118.0,"['2020-09-30', '2020-10-02']",0P00011RCF.F
"DVD, INC. WALT DISNEY WORLD",244.0,['2020-09-30'],0P00011RCF.F
"DVF STUDIO, LLC",28.0,['2020-04-29'],VRT
"DW BERRY FARMS, LLC",648.0,"['2016-01-15', '2018-07-31', '2022-03-18']",VRT
"DWYER INSTRUMENTS, LLC",110.0,['2023-10-29'],VRT
DXC TECHNOLOGY,120.0,"['2019-08-30', '2019-09-27']",DXC
E INC.,30.0,"['2021-09-15', '2022-12-16']",FCEL
"E&G CORPORATION, LLC",22.0,['2020-05-11'],EGO
"E. J. LAUREN, LLC",69.0,['2024-01-17'],VRT
"E. J. VICTOR, INC.",121.0,['2024-11-16'],MU
"E2 CONSULTING ENGINEERS, INC.",162.0,['2018-11-02'],MU
"EAGLE SIGHT DELIVERY, LLC",589.0,"['2012-05-29', '2023-11-01']",VRT
"EAGLE STAFFING SOLUTIONS, LLC",126.0,['2024-01-29'],VRT
"EAGLE SYSTEMS & SERVICES, INC",48.0,['2012-10-11'],MU
"EARL OF SANDWICH (ORLANDO), LLC",85.0,['2020-04-15'],VRT
EARNIN,50.0,['2020-04-01'],EPI
"EARTH FARE, INC.",498.0,"['2019-09-17', '2020-02-17']",MU
"EARTHGRAINS BAKERY CO., MOBILE",116.0,"['2012-03-23', '2021-04-02']",TMUS
"EARTHLINK, LLC",60.0,['2015-01-23'],VRT
"EAST COAST REPAIR AND FABRICATION, LLC",280.0,"['2013-04-03', '2013-05-01', '2020-04-01', '2020-04-22']",VRT
"EAST END BUS LINES, INC.",255.0,['2017-03-15'],MU
"EAST TENNESSEE BRAIN AND SPINE CENTER, P.C.",101.0,"['2018-05-01', '2023-10-04']",PCSGH.BK
"EASTERN AIRLINES, LLC",374.0,"['2019-05-20', '2019-05-31', '2020-06-24', '2020-08-28', '2022-07-01']",600115.SS
"EASTERN REGIONAL MEDICAL CENTER, LLC DBA CANCER TREATMENT CENTERS OF AMERICA (CTCA, PHILADELPHIA)",365.0,['2021-04-01'],K6K26.CME
EASTON,2222.0,"['2013-04-11', '2013-07-29', '2015-08-28', '2018-04-05', '2020-05-12', '2020-11-16', '2023-05-09', '2023-10-02', '2025-01-13', '2026-03-13']",300310.SZ
"EASTPORT FEEDS, INC.",161.0,"['2010-01-29', '2019-09-05', '2019-12-03', '2020-04-03']",MU
"EASY LIFE FURNITURE, INC.",95.0,"['2014-05-02', '2023-01-11']",MU
EASYPOST,125.0,"['2020-03-11', '2020-04-13']",EASPZZX
EAT JUST,2530.0,"['2023-02-24', '2023-03-21', '2023-09-22', '2024-11-07', '2025-09-25']",EATJZZX
"EATALY NY FIDI, LLC",260.0,['2020-04-01'],VRT
"EATALY NY, LLC",363.0,"['2020-04-01', '2020-04-21']",VRT
EATON CORP,63.0,"['2013-01-30', '2026-03-26']",ETN
"EAU CLAIRE ANESTHESIOLOGISTS, LTD.",54.0,['2020-10-29'],005930.KS
"EB APPLE, LLC",33.0,['2020-03-25'],VRT
"EBISU MARKETING, CORP / HOTEI MARKETING, INC.",116.0,['2017-07-06'],MU
"EBTH, INC.",203.0,['2018-04-10'],MU
"EBUYS, INC., DBA SHOE METRO",57.0,['2018-02-08'],MU
"EBY F.A DAVIS, LLC",194.0,['2013-02-07'],VRT
"ECII JOBBOSS, LLC",29.0,['2018-12-01'],VRT
"ECKERT SEAMANS CHERIN & MELLOT, LLC",685.0,"['2011-04-01', '2020-05-15', '2020-06-03']",VRT
"ECLIPSE AEROSPACE, INC.",76.0,['2017-10-19'],MU
"ECOATM, INC.",228.0,"['2016-04-29', '2022-12-12', '2025-01-23']",MU
ECS,864.0,"['2011-01-27', '2015-08-10', '2016-10-31', '2025-07-24']",F1J.F
"EDE GROUP, INC.",257.0,"['2019-06-07', '2020-07-16', '2020-08-04', '2023-12-01']",MU
"EDGEWATER GAMING, LLC",597.0,['2020-04-15'],VRT
EDGEWELL PERSONAL CARE,425.0,"['2025-11-13', '2025-11-14']",EPC
"EDIBLE ARRANGEMENTS, LLC",1048.0,"['2017-10-16', '2018-08-21', '2020-03-26', '2025-11-07', '2026-02-13']",VRT
"EDISON HOTEL, LLC",392.0,"['2020-03-15', '2020-03-18', '2020-04-09', '2024-04-23']",VRT
EDITAS MEDICINE,138.0,"['2017-12-04', '2023-01-09']",EDIT
"EDMUNDS.COM, INC.",182.0,"['2017-10-18', '2020-01-08']",MU
"EDO RECONNAISSANCE & SURVEILLANCE SYSTEMS, INC",709.0,"['2010-03-21', '2020-05-29', '2020-08-19', '2020-08-28', '2020-09-01', '2020-09-19', '2021-05-06']",MU
"EDP ENTERPRISES, INC",1030.0,"['2021-07-01', '2023-05-24']",MU
"EDUCATION MANAGEMENT SYSTEMS III, INC.",100.0,"['2014-05-02', '2019-05-08', '2019-05-09']",MU
"EDWIN WATTS GOLF SHOPS, LLC",83.0,['2013-11-04'],VRT
"EFE RUBY'S DINER, LLC",134.0,"['2020-04-20', '2020-04-21', '2020-05-11']",VRT
EFS,39.0,"['2020-12-08', '2022-06-02']",EFSC
"EHARMONY, INC",39.0,['2012-10-22'],MU
"EHEALTHINSURANCE SERVICES, INC.",72.0,['2015-03-13'],MU
"EIGHTEENTH ST RESTAURANT PARTNERS, LP",290.0,"['2020-04-01', '2020-05-01']",ET
EIGHTFOLD AI,90.0,['2023-02-03'],EIGTZZX
EISAI,57.0,['2025-02-01'],ESAIY
"EKO DEVICES, INC.",5.0,['2022-09-09'],MU
"EL CHOLO ANAHEIM HILLS, LLC",57.0,['2020-04-28'],VRT
"EL CHOLO CORONA DEL MAR, INC.",102.0,"['2020-04-28', '2020-05-23']",MU
"EL DORADO BERRY FARMS, LLC",731.0,"['2016-01-14', '2019-05-31']",VRT
"EL DORADO NATIONAL (CALIFORNIA), INC.",425.0,['2024-02-02'],MU
"EL PORTON MEXICAN FOOD, INC.",84.0,['2020-04-16'],MU
"EL SUSHI LOCO, INC.",167.0,"['2020-04-11', '2020-05-27']",MU
ELAN,204.0,"['2011-07-01', '2026-03-27']",ELAN
"ELAN HOME SYSTEMS, LLC",33.0,['2010-09-17'],VRT
"ELBECO, INC",71.0,['2018-09-01'],MU
"ELECTRIC CARBIDE, INC",48.0,"['2020-04-06', '2021-11-15']",MU
"ELECTRO CYCLE, INC.",57.0,['2024-01-04'],MU
ELECTROLUX,2934.0,"['2010-10-28', '2010-11-10', '2011-01-27', '2011-01-28', '2011-06-28', '2018-01-01']",ELUX-B.ST
"ELECTROLUX HOME PRODUCTS, INC.",176.0,"['2011-02-16', '2011-03-10', '2011-04-21', '2011-07-29', '2011-10-28', '2011-12-05', '2013-03-18', '2013-04-12', '2013-05-17', '2013-05-20', '2013-06-04', '2013-06-28', '2013-08-05', '2013-08-19', '2013-08-28', '2013-10-31', '2013-11-19', '2014-02-11', '2014-02-14', '2014-10-29', '2015-04-08']",MU
"ELECTRONIC TRANSACTION CONSULTANTS, LLC",127.0,"['2011-06-09', '2021-05-27']",VRT
"ELEGANCE INTERNATIONAL, INC.",28.0,"['2020-04-09', '2020-04-17']",MU
ELEMENT,60.0,"['2022-06-15', '2022-12-25']",CRE.V
"ELEMENTAL HOLDINGS, LLC",93.0,"['2014-06-06', '2023-10-01']",VRT
ELEVANCE HEALTH,147.0,"['2023-11-03', '2024-02-02']",ELV
"ELEVANCE HEALTH, INC.",210.0,"['2023-11-29', '2024-10-15']",ELV
"ELEVATE TEXTILES, INC.",53.0,['2024-05-21'],MU
ELI LILLY,78.0,['2017-10-01'],LLY
ELI LILLY AND COMPANY,1000.0,['2010-08-09'],LLY
"ELIOR, INC",214.0,"['2024-07-18', '2025-11-03']",21E.SG
"ELITE LAUNDRY SERVICES OF FLORIDA, INC.",130.0,['2020-11-06'],MU
"ELITE SERVICES GROUP, LLC",834.0,"['2014-09-17', '2020-03-23', '2020-04-03', '2020-04-16', '2021-02-02', '2022-09-27', '2023-01-11', '2023-03-01', '2024-03-04', '2025-09-08']",VRT
"ELIZA TOUR, LLC",102.0,"['2020-06-26', '2020-08-13']",VRT
"ELIZABETH WENDE BREAST CARE, LLC",78.0,['2020-03-23'],VRT
"ELKHORN RIVER FARMS, LLC",31.0,['2019-04-22'],VRT
"ELKO BUS LINES, LLC",149.0,['2025-06-27'],VRT
"ELLIE MAE, INC.",754.0,"['2010-05-18', '2010-05-19', '2019-05-15']",MU
"ELLUME USA, LLC",37.0,['2023-06-16'],VRT
"ELMWOOD COUNTRY CLUB, INC.",76.0,['2017-06-27'],MU
"EMBARQUE N.Y., INC.",11.0,['2020-03-20'],MU
"EMBASSY SUITES TYSONS CORNER (MERRITT HOSPITALITY, LLC)",42.0,['2020-05-25'],VRT
"EMD SERONO RESEARCH & DEVELOPMENT INSTITUTE, INC.",139.0,"['2023-01-19', '2023-03-23']",MU
"EMERAL COAL RESOURCES, LP",316.0,['2015-09-01'],ET
"EMERALD CLOUD LAB, INC.",72.0,"['2010-03-16', '2023-04-17']",MU
"EMERALD POLYMER ADDITIVES, LLC EMERALD PERFORMANCE MATERIALS, LLC",52.0,['2021-02-05'],VRT
"EMERALD SHARED SERVICES DBA K&L DISTRIBUTORS, INC.",282.0,"['2011-11-21', '2020-03-24']",MU
"EMERALD, MS, LLC",62.0,['2019-08-16'],0P0001K7CC.SA
"EMERGENCY MOBILE HEALTH CARE, LLC",207.0,['2018-12-05'],VRT
"EMERSON - INTER METRO INDUSTRIES, INC.",99.0,['2012-10-25'],MU
"EMERSON AUTOMATION SOLUTIONS (INTELLIGENT PLATFORMS, LLC)",87.0,['2025-06-26'],VRT
"EMERY COUNTY COAL RESOURCES, INC",310.0,"['2012-06-18', '2022-08-31']",MU
"EMERY WATERHOUSE, INC.",225.0,"['2010-09-13', '2013-07-12', '2019-02-01']",MU
"EMI INDUSTRIES, LLC",1144.0,"['2012-08-15', '2018-10-17', '2020-03-30', '2020-04-13', '2020-04-28', '2020-05-18', '2020-06-30', '2020-08-18', '2022-07-18', '2023-10-13', '2024-04-30', '2024-10-21']",VRT
EMILIA,90.0,['2022-08-17'],EAO.SG
"EMINENT, INC.",193.0,"['2014-12-19', '2020-09-26', '2022-11-15']",6877.HK
"EMINENT, INC. AKA REVOLVE GROUP INC.",113.0,"['2020-04-27', '2020-05-23', '2020-09-26']",6877.HK
"EMPIENDA, LLC",65.0,"['2020-04-21', '2022-03-08']",VRT
"EMPIRE ARCHITECTURAL METAL, CORP.",125.0,['2020-03-30'],NVDA
"EMPIRE CHAUFFEURED SERVICES, LTD",534.0,"['2020-03-25', '2020-07-07', '2020-09-14']",005930.KS
"EMPIRE DIE CASTING CO, INC.",211.0,['2013-11-04'],MU
"EMPIRE INTERNATIONAL, LTD.",366.0,"['2020-03-01', '2020-05-29', '2022-09-21']",ZEACRX
"EMPIRE STATE ESCORTS, INC.",248.0,"['2014-03-31', '2015-04-28', '2026-01-06', '2026-01-07', '2026-01-12', '2026-02-05', '2026-02-24']",MU
"EMPOWER CLINIC SERVICES, LLC",236.0,"['2012-05-21', '2026-02-04']",VRT
"EMURSIVE PRODUCTIONS, LLC",144.0,"['2012-12-13', '2017-04-07', '2020-03-16']",VRT
"ENCINO ENERGY, LLC",246.0,"['2015-03-02', '2025-06-18']",VRT
"ENCOMPASS DIGITAL MEDIA, INC.",41.0,['2015-07-02'],MU
"ENCORE REPAIR SERVICES, LLC",435.0,"['2016-12-01', '2020-02-12', '2020-02-13', '2022-05-23']",VRT
"ENDURA PRODUCTS TENNESSEE, LLC",75.0,['2018-04-09'],VRT
"ENDURA PRODUCTS, INC.",593.0,"['2010-03-10', '2010-03-24', '2010-04-05', '2010-05-02', '2011-08-01', '2013-05-06', '2017-07-19', '2021-05-04', '2023-08-22']",MU
"ENERGES SERVICES, LLC",1368.0,"['2015-07-02', '2019-09-23', '2019-10-30', '2019-11-06', '2020-05-19', '2021-03-24', '2021-06-23', '2023-06-01', '2024-01-11', '2024-01-24', '2026-04-15']",VRT
"ENERGIZED DISTRIBUTION, LLC",77.0,"['2011-04-28', '2011-04-29']",VRT
ENERGIZER,411.0,"['2013-03-18', '2020-02-01', '2020-03-01', '2020-03-02', '2024-01-22']",ENR
"ENERGIZER BRANDS, LLC",62.0,"['2020-11-04', '2020-11-30']",VRT
ENERGIZER HOLDINGS INC.,635.0,"['2012-12-06', '2013-01-08', '2013-01-28', '2024-01-05']",ENR
ENERGY TRANSFER,108.0,['2020-01-06'],ET
"ENERGY TRANSFER, LP-SEC ENERGY PRODUCTS",95.0,['2020-04-21'],ET
ENERSYS,95.0,['2015-12-22'],ENS
"ENGENDERHEALTH, INC.",312.0,"['2018-01-25', '2023-11-01', '2023-11-15', '2023-12-21']",MU
"ENGINEERED POLYMER SOLUTIONS, INC.",227.0,"['2012-06-15', '2020-05-01', '2020-05-13']",MU
ENJOEI,31.0,['2023-01-20'],ENJU3F.SA
ENJOY,400.0,['2022-06-30'],300020.SZ
"ENLIVANT ES, LLC",465.0,"['2020-05-22', '2023-05-16']",VRT
ENOVIX,479.0,"['2016-01-26', '2023-10-05', '2024-05-06']",ENVX
ENPHASE ENERGY,850.0,"['2023-12-18', '2024-11-11']",ENPH
"ENPHASE ENERGY, INC.",201.0,"['2017-01-30', '2018-11-29']",ENPH
"ENROLLEASE, INC. AND ITS AFFILIATED ENTITY EMPLOYEE NAVIGATOR, LLC",534.0,"['2023-04-17', '2023-05-26']",VRT
"ENROLLEASE, LLC",17.0,['2023-05-01'],VRT
"ENTEGRIS, INC.",504.0,"['2015-06-25', '2017-11-30', '2018-09-19', '2021-10-01', '2023-02-15', '2023-02-28']",ENTG
ENTERGY,315.0,"['2013-07-31', '2014-11-18', '2020-03-20']",ETR
ENTERPRISE,575.0,"['2020-04-30', '2020-05-01']",HPE
ENTERPRISE HOLDING GROUP,297.0,"['2010-07-01', '2020-04-20']",8347.HK
ENTERPRISE HOLDINGS,6966.0,"['2020-04-01', '2020-04-20', '2020-04-22', '2020-04-23', '2020-04-24', '2020-04-27', '2020-04-28', '2020-04-29', '2020-04-30', '2020-05-01', '2020-05-04', '2020-05-05', '2020-05-12', '2020-05-20', '2020-05-29', '2020-06-22', '2020-06-24', '2020-08-12']",AEHL
"ENTERPRISE HOLDINGS DBA PENRAC, LLC",125.0,"['2020-04-01', '2020-06-15']",VRT
"ENTERPRISE HOLDINGS, NATIONAL AND ENTERPRISE BRANDS",33.0,['2020-05-06'],AEHL
"ENTERPRISE LEASING COMPANY OF FL, LLC",175.0,"['2010-07-29', '2020-04-28']",VRT
"ENTERPRISE RECOVERY STSTEMS, INC",930.0,"['2014-03-18', '2014-03-19', '2014-03-20', '2015-03-31']",MU
"ENTERPRISE RENT-A-CAR CO OF SAN FRANCISCO, LLC",44.0,['2020-04-27'],VRT
ENTROPY,560.0,"['2020-04-21', '2021-04-26', '2021-07-06', '2022-09-09', '2022-09-13', '2022-11-12', '2023-11-27', '2024-10-09', '2024-10-11', '2025-04-16', '2025-10-03', '2026-01-14', '2026-01-25']",TYPTF
ENVISION,37.0,"['2017-03-31', '2020-08-14', '2021-10-05', '2022-07-21', '2024-01-04']",VIS18348-USD
ENVOY,343.0,"['2015-06-01', '2018-03-14', '2020-04-14', '2020-08-14']",COCHW
"ENVOY AIR, INC.",1253.0,"['2014-11-03', '2015-05-22', '2016-09-22']",MU
"ENVOY, INC",53.0,['2020-06-06'],COCHW
"ENZYVANT THERAPEUTICS, INC.",338.0,"['2023-01-24', '2023-04-20']",MU
EPIC,328.0,['2013-05-08'],0P0001KOB2
"EPIC COMPANIES, LLC",8.0,['2019-08-21'],VRT
EPIC GAMES,1967.0,"['2023-09-28', '2024-03-07', '2026-03-24']",EPIGZZX
EQ,55.0,['2024-07-12'],EQ
EQUIFAX INC.,273.0,"['2013-03-20', '2018-11-14']",EFX
"EQUILIBRIUM HOMES OF ST. LOUIS, LLC",182.0,['2024-05-06'],VRT
"EQUINITI TRUST COMPANY, LLC",14.0,"['2020-04-14', '2025-08-11']",VRT
EQUINIX,172.0,"['2020-04-13', '2020-07-15', '2024-11-12']",EQIX
"EQUISTAR CHEMICALS, LP",683.0,"['2020-08-06', '2020-08-13', '2021-11-08', '2026-02-26', '2026-02-27', '2026-03-02']",ET
"EQUITY ONE, INC.",96.0,['2017-01-23'],MU
"EQUUS WORKFORCE SOLUTIONS HOUSTON OPERTIONS- ACRES HOME (ARBOR E&T, LLC)",53.0,['2025-08-01'],VRT
"EQUUS WORKFORCE SOLUTIONS STEPHENVILLE (ARBOR E&T, LLC)",129.0,"['2025-06-03', '2025-07-30', '2025-07-31']",VRT
"EQUUS WORKFORCE SOLUTIONS-ALPHA RD.(ARBOR E&T, LLC)",105.0,['2025-07-31'],VRT
"ERC, INC.",397.0,"['2010-03-08', '2010-03-26', '2010-04-19', '2010-05-18', '2010-07-09', '2011-08-11', '2015-07-30']",ERC
"EREV SUPPLY CHAIN, LLC",133.0,['2026-01-14'],VRT
"ERGOTRON, INC",99.0,['2018-11-16'],MU
ERICSSON,10191.0,"['2022-08-01', '2023-02-24', '2026-01-15']",ERIC-B.ST
EROAD,200.0,['2023-07-28'],ERD.NZ
EROS,1169.0,"['2013-01-25', '2013-03-07', '2013-04-30', '2019-04-30', '2020-04-23']",ROCK.V
"ERRANDS PLUS, INC.",189.0,"['2020-04-09', '2020-09-30']",MU
"ERUS ENERGEY/ERUS HOLDINGS, LLC/ERUS BUILDERS, LLC/NATIONAL CLEAN ENERGY, LLC",56.0,['2023-11-07'],VRT
ES3,69.0,['2024-05-01'],ES3.SI
ESAB,1769.0,"['2016-03-31', '2022-03-30', '2022-09-02', '2023-05-04']",ESAB
"ESOTERIX GENETICS LABORATORY, LLC",61.0,"['2011-07-27', '2020-07-29']",VRT
"ESPLANADE GOLF & COUNTRY CLUB OF NAPLES, INC.",124.0,['2021-01-19'],MU
"ESPN MAGAZINE, LLC/ESPN PRODUCTIONS, INC./ESPN TECHNOLOGY SERVICES, INC.",47.0,['2011-03-28'],MU
"ESPRIT US RETAIL, INC., ESPRIT US DISTRIBUTION, INC. AND ESPRIT INTERNATIONAL",58.0,['2012-01-27'],MU
"ESS TECH, INC.",195.0,['2025-06-03'],GWH
"ESSENDANT MANAGEMENT SERVICES, LLC",92.0,['2025-09-04'],VRT
ESSENTRA,283.0,"['2020-12-01', '2023-05-12', '2024-04-08', '2025-10-31', '2026-01-06']",ESNT.L
"ESSENTRA PACKAGING U.S., INC.",81.0,['2018-09-21'],MU
"ESSILOR OF AMERICA, INC.",799.0,"['2010-10-28', '2020-04-08', '2020-12-04']",MU
"ESSITY OPERATIONS WAUSAU, LLC",96.0,"['2016-10-25', '2018-05-18']",VRT
"EST 1977 GROUP, LLC, RUSTY'S SURF RANCH",28.0,['2020-04-15'],VRT
"EST 1977 SMPS, CO, THE ALBRIGHT RESTAURANT",43.0,['2020-04-15'],HG=F
ESTEE LAUDER COMPANIES,77.0,['2010-01-01'],EL
"ETHAN ALLEN OPERATIONS, INC.,",440.0,"['2016-01-12', '2019-04-01']",MU
"ETHOX MEDICAL, LLC",53.0,['2014-10-01'],VRT
"ETON PARK CAPITAL MANAGEMENT, L.P.",53.0,['2016-03-27'],EPD
ETORO,205.0,"['2022-07-05', '2023-06-22', '2026-01-13']",ETOR
ETS,121.0,"['2020-07-28', '2024-04-01', '2024-05-01', '2025-04-29']",ETS
"EUROFINS LANCASTER LABORATORIES PROFESSIONAL SCIENTIFIC SERVICES, LLC",25.0,['2025-07-03'],VRT
EUROPEAN WAX CENTER,121.0,"['2019-08-06', '2020-05-19']",EWCZ
"EVALUATION SOLUTIONS, LLC",545.0,"['2012-12-27', '2025-02-25', '2025-05-08', '2025-08-04', '2025-08-08']",VRT
"EVENTBRITE, INC.",47.0,['2017-09-11'],MU
"EVERBRITE, LLC",116.0,['2020-03-04'],4523.TWO
EVERC,16.0,['2024-07-17'],EVR
EVEREST GROUP,385.0,"['2024-02-08', '2025-12-01']",EG
"EVERETT FOODLINER, INC. AND SAXTON MARKET, INC.",122.0,['2026-02-01'],MU
"EVERGREEN ENTERPRISES OF VA, LLC",107.0,['2024-02-26'],VRT
EVERQUOTE,100.0,['2023-07-11'],EVER.MX
"EVERQUOTE, INC",196.0,['2023-06-30'],EVER.MX
"EVERY WARE GLOBAL, INC.",564.0,"['2014-01-28', '2014-06-01', '2016-11-30']",MU
"EVERYONE COUNTS, INC.",473.0,"['2014-12-15', '2015-01-29', '2018-08-09', '2020-06-04', '2020-07-23']",MU
EVGO,40.0,['2023-02-23'],EVGO
"EVO MERCHANT SERVICES, LLC",837.0,"['2020-03-24', '2020-04-13', '2020-06-26', '2020-08-24']",VRT
EVO TRANSPORTATION,261.0,"['2012-04-23', '2012-05-11', '2012-12-27', '2020-12-15']",EVOA
"EVOLUS, INC.",101.0,['2020-04-29'],EOLS
"EVOLUTION SORBENT PRODUCTS, LLC",37.0,['2021-08-13'],VRT
EVOLVE,339.0,"['2023-05-29', '2023-09-12']",TECH.TO
EXCEL INC.,2604.0,"['2010-06-23', '2010-12-31', '2011-02-14', '2012-03-30', '2012-10-03', '2015-01-05', '2015-01-26', '2015-09-25', '2015-11-17', '2023-09-26', '2024-01-08', '2025-02-03']",8987.T
EXCELSIOR,80.0,['2016-07-20'],ECL.AX
"EXECUTIVE JET MANAGEMENT, INC.",54.0,['2016-12-06'],MU
EXEL,688.0,"['2009-11-26', '2010-11-02', '2011-01-28', '2014-11-01', '2023-06-09', '2023-09-26', '2024-01-08', '2024-07-17']",EXEL
"EXEL, INC. HERSHEY SITE",86.0,['2011-01-01'],EXEL
"EXELA ENTERPRISE SOLUTIONS, INC.",1057.0,"['2016-02-17', '2017-09-05', '2017-10-18', '2020-05-21', '2020-07-29', '2020-08-20', '2021-01-07']",MU
"EXELIXIS, INC",712.0,"['2010-05-10', '2014-09-04', '2014-09-09', '2024-02-27', '2025-08-26', '2025-09-02']",EXEL
EXELON,25.0,['2018-06-27'],EXC
"EXEMPLIS, LLC",47.0,['2023-09-22'],VRT
"EXLSERVICE.COM, LLC",82.0,['2019-12-06'],VRT
EXO-S,112.0,['2023-10-12'],PCX.WA
EXODUS,125.0,"['2015-08-31', '2022-11-04']",EXOD
"EXOPACK, LLC",452.0,"['2012-05-02', '2013-04-01', '2020-06-01', '2020-06-02']",VRT
"EXPEDI PRINTING, INC.",116.0,['2011-07-05'],MU
EXPEDIA,1700.0,"['2023-03-21', '2023-07-12', '2023-08-31', '2023-10-17', '2024-02-26', '2024-04-24', '2025-02-26', '2025-04-28', '2026-01-26', '2026-02-01']",EXPE
"EXPEDIA, INC.",979.0,"['2010-08-04', '2020-02-27', '2024-02-27', '2024-04-22', '2024-05-29', '2026-01-28']",EXPE
"EXPEDIA, INC. - ARLINGTON",167.0,['2010-08-04'],EXPE
"EXPERIAN INFORMATION SOLUTIONS, INC.",359.0,"['2010-05-17', '2020-04-18', '2020-04-25', '2024-02-01', '2024-04-10', '2024-04-23']",MU
EXPRESS,616.0,"['2024-04-01', '2024-04-22']",AXP
"EXPRESS GRAIN TERMINALS, LLC.",1276.0,"['2014-12-09', '2019-09-24', '2022-01-10', '2023-07-31', '2026-04-06']",VRT
"EXPRESS SCRIPTS, INC.",1323.0,"['2010-03-26', '2010-03-27', '2010-05-19', '2010-09-01', '2010-10-01', '2010-11-01', '2010-11-16', '2020-05-23', '2020-10-21']",MU
"EXPRESSIVE LEARNING, INC.",68.0,"['2012-06-30', '2020-06-30']",MU
"EXPRESSPOINT TECHNOLOGY SERVICES, INC.",65.0,['2023-08-25'],MU
"EXPRESSWAY APPLE, LLC",44.0,['2020-03-25'],VRT
"EXTREME NETWORKS, INC.",134.0,"['2009-12-21', '2019-10-31']",EXTR
"EXYTE U.S., INC.",201.0,['2025-10-02'],MU
"EYE-FI HOLDINGS, LLC",76.0,"['2020-03-23', '2020-03-30', '2020-07-03']",VRT
"EYEVIEW, INC.",133.0,"['2019-12-12', '2020-05-08']",MU
"F AND S DISTRIBUTING COMPANY, LLC",123.0,"['2017-10-31', '2020-03-30', '2021-10-04']",VRT
F-SECURE,70.0,['2023-10-25'],FSECURE.HE
"F2 TPS, LLC",282.0,['2024-12-16'],VRT
F5,1049.0,"['2022-10-21', '2023-04-19', '2023-11-03', '2024-09-24', '2024-10-29', '2025-08-13']",FFIV
"F5, INC.",106.0,['2025-08-12'],FFIV
"FAAZ, LLC",68.0,['2022-05-26'],VRT
"FAB.COM, INC.",160.0,"['2013-11-21', '2014-05-22']",MU
FABLE,13.0,"['2023-07-31', '2024-10-15']",FABLE.ST
"FABRI-FORM, INC",74.0,['2013-10-07'],MU
FABRIC,150.0,"['2022-07-13', '2024-04-11']",FABC
"FACULTY STUDENT ASSOCIATION OF STATE UNIVERSITY OF NEW YORK AT BUFFALO, INC., DBA CAMPUS DINING AND SHOPS, AND UBFSA SERVICES LLC DBA THREE PILLARS CATERING",1401.0,['2020-07-22'],MU
"FAIRE WHOLESALE, INC.",146.0,"['2020-02-07', '2023-12-06']",MU
"FAIRFIELD NURSING AND REHABILITATION CENTER, LLC",753.0,"['2012-03-01', '2013-03-21', '2024-01-11', '2025-10-06']",VRT
"FAIRFIELD SOUTHERN COMPANY, INC.",964.0,"['2011-01-14', '2015-02-03', '2020-06-09', '2021-09-10']",MU
"FAIRN & SWANSON, INC.",49.0,['2020-06-09'],MU
"FAMILY BRIDGES, INC.",100.0,['2011-11-30'],MU
"FAMILY CARE CERTIFIED SERVICES OF NYC, INC., D/B/A/FAMILY CARE CERTIFIED SERVICES OF BROOKLYN/QUEENS",113.0,['2012-04-16'],MU
"FAMILY DOLLAR STORES OF PENNSYLVANIA, LLC",62.0,['2024-03-01'],VRT
"FAMSA, INC",76.0,['2013-04-12'],MU
FANATICS,183.0,"['2017-06-07', '2018-03-29', '2020-10-21']",FANAZZX
"FANATICS, LLC",504.0,"['2024-01-11', '2025-11-14']",FANAZZX
"FANCHER CHAIR COMPANY, INC.",154.0,"['2020-03-26', '2021-06-03', '2025-08-12']",MU
FARFETCH,2000.0,['2024-02-16'],FTCHQ
"FARGO ASSEMBLY OF PA, INC.",15.0,['2019-07-01'],MU
"FARLEY'S & SATHERS CANDY CO., INC.",167.0,['2012-07-03'],MU
"FARLEY'S AND SATHERS CANDY COMPANY, INC",20.0,['2012-07-24'],MU
"FARMERS GROUP, INC",541.0,"['2010-02-12', '2016-11-14', '2023-09-28', '2023-11-15', '2024-08-08', '2025-05-13', '2025-08-21']",MU
"FAROS UNLIMITED, INC",468.0,"['2013-12-10', '2020-04-03', '2020-04-07', '2024-12-10']",MU
"FASTLUBE, INC.",267.0,"['2014-01-20', '2019-11-21', '2024-06-17']",MU
"FASTLY, INC.",848.0,"['2020-04-29', '2022-11-09', '2023-05-10', '2023-05-30', '2024-08-12']",FSLY
FATE THERAPEUTICS,1449.0,"['2020-04-07', '2022-04-27', '2022-04-29', '2022-07-25', '2022-11-14', '2022-11-16', '2023-01-09', '2023-04-07', '2023-04-28']",FATE
"FC + SKANSKA MODULAR, LLC",165.0,['2014-08-27'],VRT
"FCR, LLC",70.0,['2025-05-02'],CAPRI.MC
"FDC VITAMINS, LLC",220.0,['2018-05-23'],VRT
"FEAST CALIFORNIA CAFE, LLC",283.0,"['2020-03-21', '2024-10-02']",VRT
"FEAST RESTAURANTS, LLC",147.0,['2020-03-20'],VRT
"FEDERAL HEATH SIGN COMPANY, LLC",2667.0,"['2009-12-31', '2014-08-15', '2020-03-28', '2020-03-30', '2023-06-27', '2024-01-24', '2025-05-13', '2025-05-15']",VRT
FEDERAL MOGUL,1203.0,"['2010-09-01', '2012-07-10', '2012-08-10', '2013-01-18', '2013-03-12', '2014-02-11', '2014-03-21', '2017-09-28', '2018-03-02', '2018-07-16']",FMGOETZE.BO
"FEDERATED PAYMENT SYSTEMS, LLC",47.0,['2018-10-10'],VRT
FEDEX,659.0,"['2010-11-29', '2024-04-17', '2025-03-31']",FDX
"FEDEX (WINDSOR) GROUND PACKAGE SYSTEM, INC.",537.0,"['2020-02-01', '2020-02-06', '2020-02-11', '2020-02-28', '2023-02-15']",MU
"FEDEX FREIGHT, INC.",215.0,"['2013-07-13', '2023-06-22']",MU
"FEENEY BROTHERS EXCAVATION, LLC",168.0,"['2025-04-16', '2025-04-30', '2025-05-05', '2025-05-28']",VRT
"FEGS FAMILY CARE SERVICES-JEWISH CARE SERVICES OF LONG ISLAND, INC.",80.0,['2015-02-18'],MU
"FELMAN PRODUCTION, LLC",541.0,"['2012-07-31', '2015-12-21', '2015-12-23']",VRT
"FENCE OUTLET MDC, LLC",69.0,['2024-02-09'],VRT
"FENNER PRECISION, INC.",60.0,['2014-09-25'],MU
"FERGUSON NY METRO, INC.",73.0,"['2014-12-15', '2015-03-04']",MU
"FERMENTED SCIENCES II, INC.",50.0,['2024-08-26'],MU
"FERNLEA NURSERIES, INC.",61.0,['2022-08-03'],MU
"FERRARI-CARANO VINEYARDS AND WINERY, LLC",95.0,['2020-07-15'],VRT
"FERRING RESEARCH INSTITUTE, INC.",194.0,"['2020-05-15', '2023-03-20']",MU
FERRO CORPORATION,819.0,"['2013-09-12', '2017-05-23', '2017-07-31', '2017-08-01', '2019-01-01', '2019-03-25', '2019-04-30', '2020-05-08', '2020-08-11']",6890.T
"FEZ, INC. DBA GT FISH & OYSTER",25.0,['2020-07-24'],FEZ
"FHI, LLC",396.0,"['2018-07-10', '2022-08-11']",FHI
"FHR CLAREMONT HOTEL MANAGEMENT COMPANY, LLC, A DELAWARE LIMITED LIABILITY COMPANY DBA CLAREMONT HOTE",508.0,['2020-11-12'],VRT
"FIBER GLASS INDUSTRIES, INC.",168.0,"['2014-08-04', '2020-05-07', '2025-08-06']",MU
"FIBERBLADES, LLC",73.0,['2012-07-01'],VRT
"FIBROGEN, INC.",231.0,"['2023-08-23', '2024-08-02']",1FG0.SG
"FIBRWRAP CONSTRUCTION SERVICES, INC.",31.0,['2017-08-10'],MU
"FIDELITY & GUARANTY LIFE BUSINESS SERVICES, INC",243.0,"['2020-12-01', '2025-05-27']",MU
FIDELITY INVESTMENTS,27.0,['2012-01-25'],FGEXX
"FIELD CONTROLS, LLC",50.0,"['2020-04-14', '2024-09-11']",VRT
"FIELDBROOK FOODS CORPORATION'S SUBSIDIARY WASHBURN'S DAIRY, INC.",34.0,['2018-11-15'],MU
"FIG LEASING CO., INC. A SUBSIDIARY OF FARMERS GROUP, INC.",186.0,['2024-10-31'],MU
"FIGI'S COMPANIES, INC.",279.0,['2019-01-07'],MU
FIGURE,123.0,"['2015-01-15', '2023-07-26']",FIGR
"FILA USA, INC.",259.0,"['2022-11-01', '2023-01-11', '2025-01-08']",MU
"FILENE'S BASEMENT, LLC",33.0,['2011-11-08'],VRT
"FILENE\'S BASEMENT/SYMS CLOTHING SYMS CORP AND FILENE\'S BASEMENT, LLCONE SYMS WAYSECAUCUS, NEW JERSEY",35.0,['2011-11-04'],NJR
FINANCE OF AMERICA,48.0,['2023-03-06'],FOA
"FINCH PAPER, LLC",25.0,['2011-09-30'],VRT
FINDER,2447.0,"['2020-04-07', '2022-06-14', '2022-11-09', '2023-02-03', '2023-04-04', '2023-04-11', '2024-02-21', '2024-08-22', '2025-01-09', '2025-02-12']",6NR.F
"FINELINE INDUSTRIES, LLC",92.0,['2024-02-01'],VRT
"FINITI TITLE, LLC",100.0,['2016-09-01'],VRT
"FIRE KING COMMERCIAL SERVICES, LLC & FIRE KING SECURITY PRODUCTS, LLC",78.0,['2020-03-24'],VRT
"FIREEYE, INC.",124.0,"['2016-08-19', '2020-05-04']",MU
"FIRESTONE FIBERS AND TEXTILES, LLC",81.0,['2026-01-27'],VRT
FIRST ADVANTAGE,213.0,"['2012-09-18', '2013-09-17']",FA
FIRST BANK,96.0,"['2011-09-30', '2023-06-27']",FBTT
"FIRST BRANDS GROUP, LLC",1471.0,"['2026-02-03', '2026-02-04', '2026-02-23', '2026-02-24', '2026-02-27', '2026-03-04']",VRT
"FIRST CARE OF NEW YORK, INC.",911.0,"['2017-08-04', '2018-05-31']",MU
"FIRST CENTER, LLC",85.0,['2013-07-29'],VRT
FIRST CITIZENS,77.0,['2015-09-01'],FCNCA
FIRST CITIZENS BANK,546.0,"['2018-04-09', '2023-02-01']",FC6A.SG
"FIRST COAST ADVANTAGE, LLC",63.0,['2014-09-29'],VRT
FIRST FOUNDATION INC.,98.0,['2026-01-29'],8F1.SG
"FIRST QUALITY RETAIL SERVICES, LLC",18.0,['2023-03-01'],VRT
FIRST SOLAR INC,459.0,['2016-11-22'],FSLR
"FIRST STUDENT, INC.",1451.0,"['2012-06-01', '2014-04-01', '2015-04-06', '2016-07-25', '2018-04-03', '2020-03-25', '2020-06-01', '2020-06-24', '2021-01-22', '2024-02-28', '2025-09-29']",MU
"FIRST TRANSIT, INC.",1298.0,"['2010-01-14', '2012-12-05', '2013-04-01', '2013-05-01', '2013-10-16', '2014-05-13', '2014-12-11', '2016-04-26', '2017-05-02', '2024-05-31', '2026-04-28']",MU
"FIRSTLINE TRANSPORTATION SECURITY, INC.",390.0,"['2015-01-30', '2015-10-29', '2026-01-01']",MU
"FIRSTSOURCE GROUP USA, INC.",387.0,"['2016-03-22', '2021-04-01', '2024-02-20']",MU
FIS,459.0,"['2020-05-14', '2020-05-20', '2022-05-03', '2023-01-30', '2024-01-10', '2025-07-11']",FIS
FISERV,80.0,['2024-01-04'],FISV
"FISERV, INC.",609.0,"['2010-03-15', '2010-04-16', '2013-01-18', '2016-06-30', '2020-05-05', '2020-07-06', '2020-07-15', '2024-08-20']",FISV
"FISH MARKET RESTAURANTS, INC.",514.0,"['2020-05-18', '2020-09-10', '2021-01-06', '2023-08-23', '2023-12-20']",MU
"FISHER AUTO PARTS, INC.",269.0,"['2015-07-06', '2019-08-01', '2020-07-02']",MU
"FISKER GROUP, INC.",425.0,"['2010-04-29', '2024-05-10', '2024-08-29']",MU
"FITBIT, INC.",92.0,['2017-02-07'],MU
"FITNESS 19 CA 278, LLC",167.0,['2020-04-24'],VRT
"FITZPATRICK, CELLA, HARPER & SCINTO",127.0,['2018-08-21'],405920.KQ
"FIVE BELOW, INC.",69.0,['2022-01-06'],FIVE
"FIVE STAR QUALITY CARE, INC.",544.0,"['2014-12-15', '2016-03-08']",MU
"FIVE-STAR AUDIOVISUAL, INC.",7.0,['2020-04-07'],MU
FIVE9,313.0,"['2024-08-20', '2025-04-03']",FIVN
FIVERR,310.0,"['2022-07-26', '2025-09-15']",FVRR
"FK IRONS, INC",63.0,"['2020-04-02', '2024-09-17']",MU
"FLA LITTLE FOLKS LEARNING CENTERS, INC.",14.0,['2010-03-04'],MU
FLAGSTAR BANK,324.0,['2013-07-18'],FLG
"FLATBUSH APPLE, LLC",41.0,['2020-03-25'],VRT
"FLEETLOGIX, INC",120.0,['2023-02-28'],MU
FLEX,602.0,"['2019-11-14', '2020-07-31', '2020-08-31', '2020-10-02', '2023-12-13']",FLEX
FLEX LTD,277.0,"['2022-11-29', '2023-03-07', '2023-06-01', '2023-08-29', '2023-12-07']",FLEX
"FLEXION THERAPEUTICS, INC. (""FLEXION"")",110.0,['2021-11-22'],FLXN
"FLEXITECH, INC.",298.0,"['2010-08-15', '2010-09-17', '2020-04-24', '2022-05-17']",MU
"FLEXOVIT USA, INC.",63.0,['2014-12-18'],MU
FLEXPORT,231.0,"['2023-01-11', '2023-10-13', '2024-01-26', '2024-10-02', '2025-12-02']",FLEPZZX
"FLEXPORT, INC.",456.0,"['2020-04-11', '2023-10-13', '2023-11-15', '2024-02-05']",FLEPZZX
"FLEXSTEEL INDUSTRIES, INC.",657.0,"['2019-05-16', '2020-05-04', '2024-02-09']",FX3.F
"FLEXSTEEL PIPELINE TECHNOLOGIES, INC.",76.0,['2015-03-30'],MU
"FLIXBREWHOUSE-CINEMA BREWERIES,INC.",168.0,['2020-03-31'],MU
"FLORES DESIGN FINE FURNITURE, INC.",218.0,"['2020-04-30', '2020-06-26']",MU
"FLORIDA CONNECTIONS ACADEMY, LLC",80.0,['2016-04-19'],VRT
"FLORIDA QUADEL CONSULTING, LLC",64.0,['2012-12-03'],VRT
"FLORIDE EXTRUDERS INTERNATIONAL, INC.",81.0,['2011-06-02'],MU
FLOUR,686.0,"['2011-01-06', '2012-09-12', '2013-09-12', '2018-01-22']",FTHF
"FLOWERS BAKING CO. OF MORRISTOWN, LLC",55.0,['2015-09-18'],VRT
FLOWSERVE,52.0,['2021-04-29'],FLS
"FLOYD BUS CO., INC.",276.0,['2018-08-15'],MU
FLSMIDTH,767.0,"['2012-11-12', '2013-07-16', '2013-12-11', '2019-10-28', '2021-11-01', '2022-05-17']",FLIDF
"FLUENT SERVICING, LLC",357.0,"['2020-06-15', '2023-04-01']",VRT
"FLUOR FEDERAL SERVICES, INC.",165.0,"['2013-07-08', '2018-11-08']",MU
"FLUOR INDUSTRIAL SERVICES, INC.",136.0,"['2019-02-06', '2019-02-12', '2026-01-27']",MU
"FLURESH, LLC",951.0,"['2020-01-30', '2022-12-05', '2022-12-06', '2026-01-30']",VRT
FLUTTERWAVE,30.0,['2024-06-24'],FLUTZZX
FLYWIRE,185.0,"['2020-05-07', '2025-02-26']",FLYW
"FM RESTAURANT HQ, LLC",481.0,"['2020-05-22', '2024-02-22', '2024-03-05', '2024-03-26', '2026-04-17', '2026-04-27', '2026-05-06']",VRT
FMC CORPORATION,141.0,"['2017-05-02', '2018-03-01', '2024-12-01']",FMC
"FMC LOGISTICS, LLC",181.0,"['2023-02-27', '2024-09-01']",VRT
"FNS, INC.",37.0,['2021-05-14'],083500.KQ
FNZ,1000.0,['2023-07-06'],FNZ.NZ
"FOCUS SERVICES, LLC",146.0,"['2020-04-07', '2026-02-27']",VRT
"FOLLETT SCHOOL SOLUTIONS, LLC",40.0,['2022-09-22'],VRT
"FOLSOM CHRYSLER, JEEP, DODGE",95.0,['2014-05-04'],DODGX
"FOODLAND SUPER MARKET, LIMITED",52.0,['2022-03-23'],BB
"FOODS FOR JUNIORS, INC.",169.0,['2020-05-26'],MU
"FOOT LOCKER CORPORATE SERVICES, INC.",267.0,"['2020-03-31', '2021-03-31', '2021-04-02', '2022-10-12', '2023-01-23']",MU
"FOOT LOCKER, INC.",327.0,"['2019-11-19', '2019-12-23', '2020-02-28', '2020-03-03', '2022-10-18']",MU
"FOOTHILL DISTRIBUTING CO., INC.",465.0,"['2018-03-09', '2025-04-01']",MU
FORD MOTOR COMPANY,359.0,"['2014-04-30', '2020-04-13']",F
"FORD OF UPLAND, LLC",60.0,['2020-04-15'],VRT
"FORD, WALKER, HAGGERTY & BEHAR, LLP (FWHB)",243.0,['2025-05-05'],F
"FORDHAM APPLE, LLC",129.0,['2020-03-25'],VRT
"FORDHAM TOYOTA (FORDHAM AUTO SALES, LLC)",74.0,['2020-04-13'],VRT
"FOREST HOME, INC.",96.0,"['2020-05-12', '2025-02-14']",MU
"FOREST LABORATORIES, INC.",592.0,"['2009-12-01', '2011-07-01', '2011-08-05', '2011-10-17', '2014-08-08', '2014-09-05']",MU
"FOREVER 21 OPCO, LLC",36.0,['2025-02-01'],VRT
"FOREVER 21, INC.",93.0,['2020-02-26'],MU
"FOREVER NUTRACEUTICALS, LLC",50.0,['2024-03-07'],VRT
"FORGEROCK, INC.",97.0,['2023-12-07'],MU
FORMFACTOR,334.0,"['2021-01-28', '2022-10-25', '2026-01-09']",FORM
"FORMFACTOR, INC.",220.0,['2026-01-06'],FORM
"FORMOSA PLASTICS CORP., USA",99.0,['2018-07-25'],1301.TW
"FORTIS PLASTICS, LLC",297.0,"['2012-01-26', '2019-10-01', '2020-05-20']",VRT
FORTO,260.0,"['2022-11-11', '2025-04-12']",FRT39164-USD
FORTUNA,217.0,['2021-10-18'],FSM
"FORTUNE BUILDERS, INC.,",154.0,['2020-05-18'],MU
"FORTY-NINER SHOPS, INC.",562.0,['2020-03-30'],MU
FORUM ENERGY TECHNOLOGIES,161.0,"['2015-10-19', '2019-03-29']",FET
FORWARD,210.0,"['2020-04-20', '2022-07-11', '2024-11-12']",3994.T
"FORWARD BUSINESS SOLUTIONS, LLC",61.0,['2014-06-17'],VRT
FOSSIL GROUP,222.0,['2020-03-26'],FOSL
"FOSTER NEEDLE CO., INC.",64.0,['2016-06-01'],MU
"FOUNDATION SURGICAL HOSPITAL MANAGEMENT, LL",128.0,"['2013-04-16', '2017-01-31']",VRT
FOUNDRY,74.0,['2024-12-11'],6NU0.F
FOUR SEASONS,268.0,['2020-09-11'],0YO0.F
"FOUR SEASONS GENERAL MERCHANDISE, INC.",217.0,"['2010-07-21', '2018-04-13']",MU
"FOUR SEASONS HOTELS CORPORATE SERVICES, INC",180.0,"['2020-04-06', '2020-05-15', '2022-10-31']",MU
FOURKITES,60.0,"['2022-08-11', '2023-12-13']",FOURZZX
"FOURTH STREET BARBECUE, INC.",252.0,['2025-10-01'],MU
"FOUSHEE AND ASSOCIATES COMPANY, INC",83.0,['2020-04-08'],MU
"FOX HEAD, INC.",119.0,['2020-05-27'],MU
"FOX KNOB COAL COMPANY, INC.",172.0,"['2015-01-06', '2015-01-30']",MU
"FOX RIVER MILLS, LLC",210.0,['2025-07-29'],VRT
"FOX SPORTS PRODUCTIONS, LLC",3595.0,['2020-05-02'],VRT
FOXTROT,26.0,['2022-09-23'],0P0001HZSM.SA
"FOXTROT VENTURES, INC.",91.0,"['2020-04-08', '2020-04-09', '2024-04-24']",MU
"FPP 1, LLC",9.0,['2020-03-25'],VRT
"FRAENKISCHE USA, LP",164.0,['2023-02-16'],ET
"FRANCIS FORD COPPOLA PRESENTS, LLC",238.0,"['2020-06-25', '2020-08-10', '2020-09-08', '2021-07-01']",VRT
"FRANCISCAN ALLIANCE, INC",122.0,['2023-07-10'],MU
"FRANCISCAN ALLIANCE, INC. DBA SPECIALTY PHYSICIANS OF ILLINOIS, LLC",329.0,['2026-02-05'],VRT
"FRANK PRODUCTIONS, LLC.",168.0,"['2020-05-15', '2020-09-16']",VRT
FRANKLIN TEMPLETON,189.0,['2021-11-24'],TEP8.SG
"FRED MEYER, INC.",249.0,['2025-07-17'],MU
"FREDERICK J. HANNA & ASSOCIATES, P.C.",13.0,"['2015-12-22', '2016-02-10']",PCSGH.BK
"FREEDOM FORUM, INC",88.0,['2019-10-25'],MU
"FREEDOM FRESH, LLC",52.0,['2020-03-24'],VRT
"FREEMAN CORPORATE, LLC",457.0,"['2020-05-04', '2020-09-18']",VRT
FREENOME,100.0,['2024-04-23'],FREEZZX
FREEPORT-MCMORAN,170.0,['2015-08-27'],FCX
FREETRADE,45.0,['2022-06-10'],600794.SS
"FREIGHT HANDLERS, INC. FHI, LLC",65.0,['2015-02-10'],VRT
"FREIGHT HANDLERS, LLC",1060.0,"['2020-04-02', '2022-07-29', '2024-01-31', '2025-08-20']",VRT
FREIGHTOS,50.0,['2023-07-12'],CRGO
"FRENCH WAY CLEANERS AND FURRIERS, INC.",64.0,['2018-06-20'],MU
"FRESENIUS HEALTH PARTNERS, I C.",122.0,"['2010-06-15', '2021-04-06']",ILSCHF=X
"FRESENIUS KABI USA, LLC",68.0,['2021-04-20'],VRT
"FRESENIUS KIDNEY CARE (HARLEM DIALYSIS CLINIC OPERATED BY NEW YORK DIALYSIS SERVICES, INC.)",26.0,['2016-07-25'],MU
"FRESENIUS MEDICAL CARE, NORTH AMERICA / KNOX BILLING GROUP",23.0,['2014-03-11'],FMS
"FRESH & EASY, LLC",912.0,['2015-10-22'],VRT
"FRESH GROCER - ADAMS MARKET, LLC",80.0,['2019-10-23'],VRT
"FRESHLY PICKED, LLC",26.0,['2018-02-02'],VRT
"FRESHLY, INC.",502.0,"['2017-02-03', '2020-03-10', '2020-05-04', '2022-07-20']",MU
"FRESHREALM, INC.",228.0,['2026-04-27'],MU
FRESHWORKS,1364.0,"['2022-12-15', '2023-03-16', '2023-06-08', '2024-11-07', '2026-05-05']",FRSH
"FRESNO ECONOMIC OPPORTUNITIES COMMISSION (1101 E. ANNANDALE, 101)",81.0,['2025-11-03'],DGE.L
"FRESNO PLUMBING & HEATING, INC.",130.0,"['2020-05-08', '2025-05-01']",MU
"FREUDENBERG BATTERY POWER SYSTEMS, LLC",190.0,['2025-10-29'],VRT
"FRITO-LAY, INC",806.0,"['2025-05-14', '2025-06-11', '2025-11-04', '2026-02-12']",MU
"FS - PRECISION TECH. CO., LLC",100.0,['2024-08-22'],VRT
"FUJIFILM IRVINE SCIENTIFIC, INC.",57.0,['2023-10-02'],MU
"FUJITSU NETWORK COMMUNICATIONS, INC",147.0,"['2016-02-03', '2020-07-30']",MU
"FULL FRONTAL, LLC",63.0,['2022-08-22'],VRT
"FULLERTON BAEKJEONG, LLC",67.0,['2020-12-30'],VRT
"FULLSCREEN, INC.",186.0,"['2018-12-04', '2018-12-06', '2020-05-21']",MU
"FULTON COUNTY PROCESSING, LTD",58.0,['2020-04-15'],005930.KS
"FUNDAMENTAL TECHNOLOGIES, INC. (D.B.A. KUSTER CO, D.B.A. PROBE)PROBE TECHNOLOGIES HOLDINGS, INC.",13.0,['2020-04-14'],MU
FUNDING CIRCLE,85.0,"['2020-07-08', '2024-05-29']",FCH.L
"FUNDING CIRCLE USA, INC.",86.0,['2020-07-16'],MU
"FUNKO, LLC",258.0,['2022-04-07'],FU2.F
"FURHAVEN PET PRODUCTS, INC.",299.0,"['2020-04-13', '2024-03-28', '2024-06-05']",MU
"FURNITURE HOMESTORES OF SOUTHERN CALIFORNIA, INC.",80.0,['2010-09-29'],MU
"FUSE, MSG HOLDINGS, L.P.",110.0,"['2014-05-02', '2014-05-09']",FUSE
FUSION,75.0,"['2022-06-20', '2022-10-19']",AMFN
"FUSION FURNITURE, INC",556.0,['2020-03-23'],MU
"FUTURE FOAM, INC.",40.0,['2014-03-10'],MU
"FUTURE FORD, INC., DBA FUTURE FORD LINCOLN",109.0,['2020-05-22'],MU
"FUTUREWEI TECHNOLOGIES, INC.",92.0,"['2019-07-01', '2023-02-24']",MU
FXI,76.0,['2018-05-30'],FXI
"G&D INTEGRATED CONTRACT LOGISTICS, INC",64.0,['2020-08-07'],MU
"G&T CONVEYOR CO., INC., AND G&T MFG., INC.",125.0,['2013-01-07'],MU
"G-III APPAREL GROUP, LTD. (3 NYC SITES)",205.0,['2020-06-26'],GIII
"G.A.F. SEELIG, INC.",81.0,['2018-01-02'],MU
G/O DIGITAL,242.0,"['2016-11-17', '2018-09-20']",002848.SZ
G2,301.0,"['2020-04-03', '2020-06-30', '2020-09-02']",G2Y.F
"G4S GOVENMENT SOLUTIONS, INC.",68.0,['2012-08-02'],MU
"G4S TECHNOLOGY, LLC",29.0,['2012-07-03'],VRT
GAF,93.0,"['2014-01-20', '2014-02-14', '2014-02-21', '2014-03-21', '2014-04-04', '2014-10-17']",GAF8.MU
"GALACTIC CO., LLC AND GALACTIC ENTERPRISES, LLC",73.0,['2023-11-08'],2924.TWO
"GALAXY RESTAURANTS CATERING GROUP, LP F/K/A STARR RESTAURANTS CATERING GROUP, LP",55.0,['2020-06-03'],ET
"GALLAGHER'S NEW YORK STEAKHOUSE, INC.",92.0,['2012-10-23'],MU
"GALLO SALES COMPANY, INC.",355.0,['2023-01-19'],MU
"GALPIN MOTORS, INC.",1332.0,"['2010-03-19', '2016-08-17', '2017-01-13', '2020-03-10', '2020-04-02', '2020-04-24', '2020-07-27', '2020-10-23', '2021-01-12', '2021-07-29', '2024-03-11']",MU
"GAMELOFT, INC.",68.0,['2015-07-08'],MU
"GAMESA WIND PA, LLC",154.0,"['2012-07-01', '2014-02-01']",VRT
GAMESTOP,130.0,"['2020-04-22', '2023-01-05', '2023-04-27', '2026-01-01']",GME
"GAMING FUND GROUP, INC.",93.0,['2019-11-01'],MU
"GAMING LABORATORIES INTERNATIONAL, LLC",56.0,['2020-07-01'],VRT
"GAMMA USA, INC.",59.0,['2019-04-22'],MU
GANNETT,617.0,"['2011-02-07', '2020-01-06', '2022-03-15', '2023-02-08', '2023-03-16']",US36472T1097.SG
"GANNETT DRIECT MARKETING SERVICES, INC.",663.0,"['2013-04-09', '2015-11-05', '2017-04-25', '2023-06-28']",MU
"GANNETT SATELILITE INFORMATION NETWORK, LLC",1338.0,"['2011-07-01', '2016-09-01', '2017-02-01', '2017-04-01', '2017-05-01', '2017-08-02', '2018-09-26', '2018-09-27', '2019-01-11', '2024-08-26']",VRT
"GANNETT, INC",52.0,['2021-01-15'],US36472T1097.SG
GAP INC,666.0,"['2015-01-26', '2015-12-08', '2016-06-17', '2017-02-01', '2020-08-20', '2020-09-01']",GAP
"GAP, INC. DBA OLD NAVY STORE #5934",112.0,['2023-06-15'],GAP
"GARDEN OF LIFE, LLC",28.0,['2015-06-19'],VRT
"GARDEN STATE HEALTHCARE ASSOCIATES, LLC",693.0,"['2017-10-30', '2019-11-01', '2020-05-01']",VRT
"GARDNER FAMILY HEALTH NETWORK, INC.",158.0,['2020-05-21'],MU
"GARGIULO, INC",939.0,"['2010-06-15', '2013-04-01']",MU
"GATES, MCDONALD & CO./NATIONWIDE BETTER HEALTH",345.0,"['2011-05-27', '2011-06-29', '2011-06-30']",GTES
"GATEWAY HEALTH PLAN, LP",100.0,['2019-05-01'],ET
GATHER,30.0,['2022-06-02'],GAT31575-USD
"GAZETTE COMMUNICATIONS - COLOR WEB PRINTERS, INC.",211.0,"['2015-09-28', '2019-08-20', '2020-09-03']",MU
"GBW RAILCAR SERVICES, LLC",142.0,['2016-12-19'],VRT
"GC APPLE, LLC",84.0,['2020-03-25'],VRT
"GCA EDUCATION SERVICES, INC BLUE LAKE ELEM-GCA EDUCATION SERVICES, INC.",141.0,['2023-04-28'],MU
"GCA EDUCATION SERVICES, INC DAYTONA FACILITIES-GCA EDUCATION SERVICES, INC.",8.0,['2023-04-28'],MU
"GCIUFFA, INC.",60.0,['2020-03-19'],MU
"GCM MEDICAL & OEM, INC",50.0,['2020-04-11'],MU
"GCP 2, LLC",21.0,['2020-03-25'],VRT
GCR,35.0,['2018-08-07'],GCRIF
GE,245.0,['2019-05-13'],GE
GE AVIATION,269.0,"['2011-01-26', '2020-04-29', '2020-06-29']",563320.SS
GE CAPITAL,1191.0,"['2014-01-15', '2016-04-14', '2020-04-22', '2024-07-19']",CGEO.L
GE ENERGY,236.0,['2018-06-29'],GEL
"GE ENGINE SERVICES, L.P.",257.0,['2020-06-01'],EPD
GE POWER,440.0,"['2016-06-22', '2016-07-22', '2016-10-14', '2021-06-01']",GENUSPOWER.NS
"GEE AUTOMOTIVE LIBERTY LAKE, LLC",97.0,['2020-03-30'],VRT
"GEHR INDUSTRIES, INC.",582.0,"['2012-04-16', '2016-04-06', '2017-05-16', '2019-03-26', '2020-09-21', '2021-09-15', '2024-06-03', '2025-06-01']",MU
GEMINI,368.0,"['2022-06-02', '2022-07-18', '2023-01-23', '2025-02-05', '2026-03-20']",GEMI
"GEMOLOGICAL INSTITUTE OF AMERICA, INC.",668.0,"['2020-04-07', '2020-05-01', '2023-08-29']",MU
GENCO,1207.0,"['2011-10-01', '2012-11-01', '2013-03-02', '2014-05-01', '2015-01-09', '2015-09-21', '2015-10-14', '2015-10-15', '2016-01-28', '2016-03-29', '2016-06-23', '2016-11-15']",GNK
"GENCO I, INC. DBA GENCO",53.0,['2016-07-12'],GENC
"GENENTECH, INC",1757.0,"['2010-08-31', '2010-09-15', '2010-09-16', '2010-09-24', '2011-01-12', '2011-03-31', '2011-05-31', '2017-11-01', '2018-12-05', '2020-02-20', '2023-03-27', '2024-04-09', '2024-08-22', '2025-07-17', '2025-10-27', '2026-02-04']",MU
"GENERAL DYNAMICS - OTS (PENNSYLVANIA), INC.",163.0,"['2010-03-22', '2014-02-01']",MU
"GENERAL DYNAMICS - OTS, INC.",227.0,"['2014-02-04', '2014-09-01', '2020-08-03']",MU
GENERAL ELECTRIC,217.0,"['2016-05-16', '2021-02-23']",GE
"GENERAL LINEN SUPPLY & LAUNDRY CO., INC.",258.0,['2010-03-02'],MU
GENERAL MILLS,686.0,['2015-10-26'],GIS
"GENERAL MILLS, INC. (PROGRESSO SOUP)",338.0,['2017-01-01'],GIS
"GENERAL SEALANTS, INC.",352.0,"['2017-09-27', '2018-07-25', '2020-06-05']",MU
"GENERICS BIDEO, II, LLC DBA QUALITEST PHARMACEUTICALS",386.0,['2016-05-17'],DC=F
GENESIS,2601.0,"['2012-09-18', '2012-09-19', '2017-09-01', '2018-01-24', '2018-07-26', '2018-10-26', '2018-10-29', '2019-05-23', '2020-04-23', '2022-02-09', '2022-06-20', '2022-08-17', '2023-01-05', '2023-07-11', '2024-01-11', '2024-02-13', '2025-05-05', '2025-12-09']",GEL
"GENESIS SECURITY SERVICES, INC.",219.0,"['2011-11-28', '2019-03-28', '2022-10-24']",MU
"GENESIS SUPREME RV, INC.",73.0,"['2020-03-20', '2025-02-26']",MU
GENIE,92.0,['2011-10-13'],GNE
"GENON ENERGY, INC.",372.0,"['2012-10-03', '2012-11-01', '2012-12-03', '2012-12-19', '2013-01-18', '2013-02-12', '2013-03-29', '2013-05-02', '2013-05-31', '2013-06-13', '2013-07-31', '2013-08-01', '2013-09-03', '2013-09-26', '2013-10-21', '2017-03-01', '2023-02-01']",MU
GENPACT,104.0,['2017-08-22'],G
"GENPACT RW SERVICES, INC",54.0,['2025-01-09'],MU
"GENPAK, LLC",122.0,"['2017-03-13', '2023-01-30']",VRT
"GENTEX OPTICS, INC.",126.0,['2014-07-01'],MU
GENTHERM,124.0,['2024-03-01'],THRM
GENWORTH,231.0,"['2018-03-21', '2021-01-26']",GNW
GENWORTH FINANCIAL,5521.0,"['2012-10-22', '2013-06-30', '2013-09-01', '2013-10-20', '2013-10-27', '2013-11-03', '2013-11-10', '2013-11-24', '2013-12-15', '2014-09-30', '2015-08-24', '2016-02-04', '2016-06-15', '2016-08-03', '2016-08-17', '2016-08-18', '2016-08-30', '2017-09-21', '2018-08-28', '2018-08-31', '2018-09-07', '2018-09-20', '2019-08-20', '2019-08-27', '2019-09-20', '2019-10-21', '2020-09-02', '2020-09-04', '2020-11-02', '2021-10-26', '2022-06-14', '2022-06-17', '2022-08-18', '2023-10-02', '2024-08-21', '2024-08-22', '2024-08-26', '2025-08-27', '2025-10-24']",GNW
GEO GROUP,52.0,['2020-11-01'],GEO
"GEORGE AMARAL RANCHES, INC.",922.0,"['2017-09-22', '2019-02-06']",MU
"GEORGE'S AT THE COVE, INC.",191.0,['2020-04-27'],MU
"GEORGIA PACIFIC CONSUMER OPERATIONS, LLC",241.0,"['2019-10-29', '2022-03-17']",VRT
"GEORGIA-PACIFIC CORRUGATED II, LLC",469.0,"['2016-01-19', '2022-10-17', '2022-11-01', '2024-05-08']",VRT
"GERAWAN FARMING, INC.",2551.0,['2015-12-18'],MU
"GERITREX, LLC",82.0,"['2018-05-22', '2019-05-21']",VRT
"GESTAMP WEST VIRGINIA, LCC",140.0,['2020-05-08'],LCCINFOTEC.BO
"GET FRESH PRODUCE, LLC",169.0,"['2018-08-27', '2020-03-30', '2024-12-11']",VRT
"GET STEEL, INC.",10.0,['2010-10-16'],MU
GETAROUND,100.0,"['2020-03-27', '2023-02-02', '2024-02-08', '2025-02-12']",GETR
GETINGE,85.0,['2024-09-01'],GETIBS.XC
GETIR,5900.0,"['2022-05-25', '2023-02-02', '2023-02-13', '2023-08-22', '2024-04-29']",XUSIN_CFNNTLTL.IS
"GG 1245 PARK, AVE, LLC",37.0,['2018-09-28'],^DJI
"GG OFFICE, LLC",11.0,['2018-09-28'],VRT
GHS,446.0,"['2011-03-18', '2014-10-30', '2014-11-06', '2017-01-01']",GHSJPY=X
"GIACALONE ELECTRICAL SERVICES, INC.",754.0,"['2010-07-16', '2020-05-01', '2020-06-01', '2020-06-02', '2020-06-03', '2020-09-21']",MU
"GIANT COMPANY, LLC",2369.0,"['2013-06-04', '2016-05-26', '2020-06-02', '2024-05-20', '2025-12-01', '2026-01-01']",VRT
"GIBSON OVERSEAS, INC.",309.0,"['2018-12-07', '2024-02-13', '2026-04-08']",MU
"GILBERT ORCHARDS, INC.",599.0,['2025-09-23'],MU
GILDAN,443.0,"['2011-02-01', '2018-07-27', '2022-06-10', '2022-10-06', '2022-12-14', '2023-11-15']",GIL
"GILDAN DISTRIBUTION, INC.",210.0,"['2020-01-15', '2020-02-14', '2023-06-28']",MU
"GILDAN FORMALLY GOLDTOEMORETZ, LLC",86.0,['2012-07-17'],VRT
GILEAD SCIENCES,156.0,"['2022-03-01', '2023-11-03']",GILD
"GILLETTE CITRUS, INC.",93.0,['2023-08-01'],MU
"GINA'S PIZZA & PASTARIA, INC.",12.0,['2020-04-16'],MU
"GINGER.IO,. INC.",19.0,['2023-07-27'],MU
GINKGO BIOWORKS,400.0,"['2024-06-20', '2024-06-24']",DNA
"GINKGO BIOWORKS, INC.",196.0,"['2024-06-17', '2024-06-18', '2024-06-25']",DNA
"GINKGO BIOWORKS, INC. - SUITE 401",10.0,['2024-06-25'],DNA
"GINSBURG BAKERY, INC.",159.0,['2015-04-01'],MU
GITLAB,130.0,['2023-02-09'],GTLB
"GIVE KIDS THE WORLD, INC.",171.0,['2020-06-09'],MU
"GKN AEROSPACE TRANSPARENCY SYSTEMS, INC.",40.0,['2020-06-11'],MU
"GLASSDOOR, INC",431.0,"['2020-05-11', '2020-05-13', '2023-03-22']",MU
GLAXO SMITH KLINE,723.0,"['2013-10-01', '2015-02-01', '2018-09-05', '2021-08-01']",EGS38171C012.CA
"GLAXOSMITHKLINE (STIEFEL LABORATORIES, INC.)",51.0,['2010-12-31'],MU
"GLAZIER STEEL, INC.",64.0,['2020-04-11'],MU
"GLIDEWELL - CROWN WORLD, INC.",5.0,"['2020-04-15', '2020-05-13']",MU
GLITCH,358.0,"['2020-05-21', '2022-03-31', '2023-02-05', '2023-03-22']",GLCH-USD
"GLOBAL CASH CARD, INC.",228.0,['2018-08-20'],MU
"GLOBAL FACILITY MANAGEMENT & CONSTRUCTION, INC.",339.0,"['2020-03-26', '2025-06-16', '2025-07-31']",MU
"GLOBAL OPERATIONS SECURITY SERVICES, INC.",381.0,"['2014-03-03', '2020-04-03', '2020-12-15']",MU
GLOBAL PAYMENTS INC.,352.0,"['2019-06-13', '2020-07-17', '2024-04-22']",GPN
"GLOBAL PERSONNEL SOLUTIONS, INC.",267.0,"['2017-10-11', '2018-02-08', '2026-04-06']",MU
GLOBAL SOLAR,97.0,['2019-10-24'],^SUNIDX
"GLOBAL SOLAR ENERGY, INC.",39.0,['2012-07-19'],^SUNIDX
"GLOBAL SULFUR SYSTEMS, INC.",15.0,['2017-03-02'],MU
"GLOBAL SUSPENSION SYSTEMS, L.L.C.",142.0,['2010-12-01'],BCC
"GLOBAL TEXTILE ALLIANCE, INC.",265.0,"['2020-03-18', '2020-03-27', '2024-02-05']",MU
"GLOBAL WIDGET, LLC",67.0,['2020-04-10'],VRT
GLOO,518.0,"['2023-01-30', '2023-03-23', '2023-06-14', '2024-04-12', '2024-05-25', '2024-09-23', '2026-01-29']",GLOO
"GLOSSIER, INC.",244.0,"['2020-05-18', '2020-06-05', '2020-10-21', '2024-01-11']",MU
"GLOUCESTER MANOR HEALTH CARE CENTER, INC.",16.0,['2014-06-01'],MU
"GM SUBSYSTEMS MANUFACTURING, LLC",24.0,['2016-11-09'],VRT
"GMAC MORTGAGE, LLC",269.0,"['2010-02-03', '2010-04-05']",VRT
GNC,65.0,['2020-03-01'],GNCAQ
GO DADDY,1323.0,"['2020-06-24', '2020-07-01', '2023-02-08', '2023-02-09', '2023-05-01']",GDDY
"GOBBLE HOLDINGS, INC",81.0,['2023-04-21'],MU
"GODIVA CHOCOLATIER, INC",19.0,"['2020-06-24', '2021-02-24']",MU
"GOFORWARD, INC.",90.0,['2024-11-20'],MU
"GOFUNDME, INC",72.0,['2022-11-18'],MU
"GOGO, INC.",707.0,"['2016-01-13', '2016-11-30', '2017-01-13', '2017-03-14', '2018-01-05', '2019-03-01', '2020-04-27', '2024-10-30']",GOGO
GOHEALTH,800.0,['2022-08-09'],GOCO
GOJEK,430.0,['2020-06-23'],GOTO.JK
"GOLD BOND BUILDING PRODUCTS, LLC",50.0,['2024-10-28'],VRT
"GOLD STAR FOODS, INC.",338.0,"['2017-08-07', '2020-05-18']",MU
"GOLDBERG AND SOLOVY FOODS, INC.",175.0,['2012-01-27'],MU
"GOLDEN ACRE FARMS, INC",200.0,['2013-07-01'],MU
"GOLDEN ENTERTAINMENT INC. / ACEP, LLC",170.0,['2020-04-15'],VRT
"GOLDEN ISLAND JERKY COMPANY, INC.",471.0,"['2019-12-16', '2020-12-15']",MU
GOLDEN LIVING,42.0,['2012-07-30'],603180.SS
"GOLDEN LIVING, OR SOUTHERN BILLING OFFICE",38.0,['2012-01-25'],603180.SS
"GOLDEN PAHRUMP LAKESIDE, LLC",76.0,['2020-04-15'],VRT
"GOLDEN PAHRUMP NUGGET, LLC",404.0,"['2020-02-06', '2020-04-15']",VRT
"GOLDEN STATE DRILLING, INC",234.0,"['2015-11-09', '2020-04-21']",MU
"GOLDEN STATE OVERNIGHT DELIVERY SERVICE, INC.",415.0,"['2018-07-18', '2018-07-19', '2018-08-31', '2018-09-04', '2018-09-19']",MU
GOLDMAN SACHS BANK USA,78.0,['2018-02-28'],AAHWMXX
"GOLDMAN, SACHS & CO.",945.0,"['2011-06-29', '2016-02-09', '2016-04-22', '2016-06-21', '2016-07-08', '2016-08-19', '2016-10-21', '2019-02-27', '2019-04-11', '2019-05-16', '2019-06-17', '2019-07-31', '2019-09-12']",GS
"GOLDSCHMITT AND ASSOCIATES, LLC",217.0,['2025-04-24'],VRT
GONG,80.0,['2023-02-08'],301197.SZ
"GOODBLEND PENNSYLVANIA, LLC",76.0,['2023-07-01'],VRT
GOODFOOD,70.0,"['2022-04-07', '2022-11-23']",FOOD.TO
GOODRX,140.0,['2022-08-31'],GDRX
GOODWILL,20.0,"['2020-04-20', '2024-10-10']",688246.SS
"GOODWILL INDUSTRIES OF SAN JOAQUIN VALLEY, INC.",31.0,['2020-07-15'],MU
"GOODWILL INDUSTRIES OF THE GREATER EAST BAY, INC.",402.0,"['2020-04-30', '2026-04-22']",MU
GOODYEAR,1407.0,"['2020-05-06', '2025-01-31']",GT
GOOGLE,14719.0,"['2017-02-01', '2023-01-20', '2023-01-23', '2023-01-24', '2023-09-13', '2023-10-18', '2023-10-30', '2023-11-08', '2024-01-10', '2024-01-16', '2024-01-17', '2024-01-22', '2024-04-17', '2024-04-30', '2024-05-01', '2024-05-10', '2024-05-31', '2025-02-27', '2025-04-11', '2025-06-24', '2025-10-01', '2025-10-02']",GOOG
"GOOGLE, INC (RANSTAD'S TEMP EES)",84.0,['2013-09-13'],GOOG
GOOP,523.0,"['2020-04-15', '2024-03-26', '2024-08-19', '2024-09-06', '2026-04-07']",GOOP
GOPUFF,2400.0,"['2022-01-26', '2022-03-29', '2022-07-12', '2022-10-19', '2023-03-09', '2024-05-16']",GOBRZZX
"GORDY'S CHIPPEWA FOODS, INC.",1008.0,['2017-08-29'],MU
"GOSCH AUTO GROUP, INC.",68.0,"['2020-04-02', '2020-05-18']",MU
GOTO,29.0,['2024-01-23'],GOTO.JK
"GOULET TRUCKING, INC.",209.0,"['2020-01-23', '2026-03-02']",MU
"GOURMET GARAGE WHOLESALE & CATERING, LLC",39.0,"['2012-05-30', '2018-09-28']",VRT
"GOURMET MANAGEMENT CORP. (TGI FRIDAYS, KFC, TACO BELL, PIZZA HUT, HAAGEN DAZS, TIM HORTONS & BEER CART RESTAURANTS AT PENN STATION)",45.0,['2018-07-13'],3420.T
"GOWANDA REM-TRONICS, LLC",69.0,['2020-08-17'],VRT
"GPI CONVERTING, LLC",168.0,"['2020-07-15', '2021-03-30']",VRT
GRAB,1360.0,"['2020-06-16', '2023-06-20']",GRAB
GRACE,95.0,['2023-10-02'],0GM.DU
"GRAHAM THERMAL PRODUCTS, LLC",61.0,['2017-07-01'],VRT
GRAIL,350.0,['2024-08-13'],GOGY
GRAMMARLY,230.0,['2024-02-07'],GRAMZZX
"GRAMMARLY, INC.",82.0,['2024-02-08'],GRAMZZX
"GRAND CASINOS OF BILOXI, LLC, HARRAH'S",612.0,['2020-04-30'],VRT
"GRAND HARBOR GOLF & BEACH CLUB, INC.",70.0,['2020-04-14'],MU
"GRAND LAUNDRY, INC.",132.0,['2020-05-05'],MU
"GRAND LUX CAFE, LLC",330.0,"['2021-12-01', '2023-11-09', '2025-12-04']",VRT
"GRAND PACIFIC HOTEL SERVICES, L.P.",408.0,['2020-04-11'],EPD
"GRAND PLAZA, THE ELEGANT MANOR, INC.",28.0,['2020-03-23'],MU
"GRAND RIVER MEDICAL GROUP, P.C.",104.0,['2024-02-01'],PCSGH.BK
"GRANDPA'S BUS CO., INC.",317.0,"['2013-03-21', '2015-03-27', '2020-09-18']",MU
"GRANITE SUMMIT, INC",60.0,['2020-07-01'],MU
"GRANULAR, INC. WHOLLY OWNED SUBSIDIARY OF CORTEVA, INC.",57.0,['2022-09-19'],MU
"GRANVILLE CAFE DBA GRANVILLE PASADENA, LLC",100.0,['2020-05-13'],VRT
"GRANVILLE MANAGEMENT GROUP, INC. DBA GRANVILLE PASADENA, LLC",100.0,['2020-04-20'],VRT
"GRAPEVINE ENTERTAINMENT, INC",161.0,"['2012-08-31', '2020-10-05', '2023-06-06']",MU
GRAPHIC PACKAGING,462.0,"['2015-10-08', '2016-05-01', '2017-10-05', '2020-04-29', '2024-01-16']",GPK
GRAPHY,50.0,['2023-10-26'],318060.KQ
"GRASS VALLEY USA, LLC",60.0,"['2012-09-04', '2013-09-30']",VRT
"GRAYS HARBOR PAPER, LLC",231.0,['2011-05-27'],VRT
"GRAYSTONE PUBLIC AFFAIRS, LLC",187.0,"['2018-10-25', '2020-04-20']",VRT
"GREAT ARROW BUILDERS, LLC",78.0,"['2012-04-02', '2020-08-01']",VRT
"GREAT DANE, LLC",164.0,['2025-12-01'],0P0001NPJO.CO
"GREAT LAKES COCA-COLA DISTRIBUTION, LLC",362.0,"['2017-05-26', '2026-01-15']",VRT
"GREAT NECK SAW MANUFACTURING, INC",59.0,['2020-05-22'],MU
"GREAT RIVER HEALTH SYSTEMS, INC",70.0,['2022-09-29'],MU
"GREDE CASTINGS, LLC., INC.",105.0,['2013-01-03'],VRT
"GREEN BAY DRESSED BEEF, LLC",95.0,['2020-06-08'],VRT
GREEN DOT CORP,56.0,['2020-10-22'],GDOT
"GREEN LEAF MEDICALS, LLC",125.0,"['2022-12-01', '2026-02-01']",VRT
"GREEN MESSENGERS, INC.",44.0,['2019-10-01'],MU
"GREEN PEAK INDUSTRIES, LLC",143.0,['2023-12-06'],VRT
"GREEN THUMB PRODUCE, INC.",214.0,"['2024-10-01', '2025-11-20']",MU
"GREEN TOKAI CO., LTD",728.0,"['2020-04-11', '2020-04-16', '2025-01-01']",005930.KS
"GREEN VOLT, INC.",84.0,['2012-09-14'],MU
GREENHOUSE,220.0,"['2020-04-17', '2023-04-27']",GWAYF
"GREENLEE TOOLS, INC.",436.0,"['2020-04-20', '2020-04-24', '2021-01-22', '2021-07-14']",MU
GREENLIGHT,104.0,['2023-01-12'],GLRE
"GREENLIGHT BIOSCIENCES, INC.",96.0,['2023-05-31'],MU
"GREENWAY HEALTH, LLC",154.0,"['2014-07-15', '2018-02-23', '2020-03-25']",VRT
"GREENWICH LOGISITICS, LLC, DBA 1-800 COURIER",328.0,"['2020-01-01', '2020-01-21']",VRT
GREIF INC,61.0,"['2010-07-01', '2025-03-11']",GEF
"GRIFFIN PIPE PRODUCTS, LLC",510.0,['2014-03-03'],VRT
"GRIFFIN TECHNOLOGY, INC.",98.0,['2015-12-18'],MU
GRIN,60.0,"['2022-11-30', '2023-03-21', '2024-04-25']",GRIN
"GRISHAM FARM PRODUCTS, INC.",55.0,['2017-06-23'],MU
"GRISHAM FARM TRANSPORTATION, LLC",470.0,"['2017-06-23', '2020-04-17', '2020-08-04']",VRT
"GRIZZLY INDUSTRIAL, INC.",226.0,"['2015-09-01', '2020-04-07', '2020-04-14']",MU
"GROCERYWORKS, LLC",66.0,['2021-01-19'],VRT
"GROCERYWORKS.COM OPERATING COMPANY, LLC.",47.0,['2020-12-24'],VRT
"GROUP 1001 RESOURCES, LLC",115.0,"['2024-12-20', '2025-06-25', '2025-06-26']",VRT
GROUP HEALTH,251.0,"['2014-10-31', '2014-12-29', '2016-08-26', '2017-07-11', '2026-01-01']",0P0001Q6X4.F
"GROUPER ACQUISITION COMPANY, LLC, DBA SHILOH INDUSTRIES, INC",172.0,['2026-02-02'],VRT
GROUPON,4140.0,"['2020-04-13', '2022-08-08', '2023-01-30', '2023-02-09', '2023-11-07']",GRPN
GROUPON INC.,584.0,"['2014-10-29', '2017-02-23', '2020-04-08']",GRPN
GROVER,234.0,"['2020-03-31', '2022-12-07']",GJL-SM.NS
"GROWERS TRANSPLANTING, INC",97.0,"['2020-05-21', '2024-05-01']",MU
"GRUNT STYLE, LLC",100.0,['2025-01-24'],VRT
"GSC NATIONAL TRANSPORTATION, INC",287.0,"['2016-05-27', '2020-04-11', '2025-07-10']",MU
GSK PLC.,158.0,"['2025-07-16', '2025-09-29']",GSK
"GTO ACCESS SYSTEMS, LLC",106.0,['2017-07-20'],VRT
GUARANTY BANK,279.0,['2009-12-21'],LUMB
"GUARDIAN FABRICATION, LLC",82.0,['2021-09-30'],VRT
"GUARDIAN NEWS & MEDIA, LLC",22.0,"['2016-09-16', '2017-04-03']",VRT
"GUARDIAN OF GEORGIA, LLC",21.0,['2022-06-13'],VRT
"GUAYABITO FARMS, LLC",98.0,['2026-04-20'],VRT
"GUCKENHEIMER ENTERPRISES, INC.",209.0,['2011-09-02'],MU
"GUEST PACKAGING, LLC",363.0,"['2010-03-01', '2022-05-16', '2022-05-20', '2022-10-13', '2025-03-31']",VRT
GUIDELINE,48.0,['2023-04-03'],GO91.F
GUILD,472.0,"['2023-05-24', '2024-05-22']",GOG-USD
"GUITAR CENTER, INC",366.0,"['2020-04-20', '2020-04-24', '2020-07-02', '2025-01-09']",MU
"GUITAR CENTER, INC. (GTRC SERVICES, INC.)",291.0,['2020-04-17'],MU
"GUITAR HERO, INC.",17.0,['2010-04-16'],MU
"GULF COAST ENT. OF LAKEVIEW CENTER, INC.",60.0,['2012-08-01'],MU
"GULF COAST OPTOMETRY, P.A., DBA GLOBAL CARE OPTOMETRY",116.0,['2025-07-01'],NVA.WA
"GULFMARK ENERGY, INC.",13.0,['2023-10-19'],MU
"GUMGUM, INC.",63.0,['2020-05-01'],MU
GUPSHUP,600.0,"['2024-12-31', '2025-04-15', '2025-09-04']",GUPHZZX
"GUS'S BBQ 2, INC.",131.0,['2020-05-09'],MU
"GUSSCO MANUFACTURING, LLC",102.0,['2012-04-01'],VRT
"GWF POWER SYSTEMS, INC.",41.0,['2012-03-19'],MU
"GWYNNIE BEE, INC.",96.0,['2014-05-09'],MU
GXO,375.0,"['2021-08-17', '2022-09-15', '2026-02-19', '2026-04-27']",GXO
"GXO LOGISTICS OF TEXAS SUPPLY CHAIN, INC",2269.0,"['2020-05-11', '2022-07-11', '2022-11-07', '2023-03-20', '2023-06-26', '2023-08-07', '2023-08-17', '2023-08-31', '2023-10-27', '2024-01-10', '2024-05-10', '2024-09-12', '2024-10-31', '2024-12-05', '2025-02-01', '2025-02-28', '2025-04-30', '2025-08-27', '2026-01-20', '2026-03-03', '2026-04-28']",MU
"GXO LOGISTICS OF TEXAS, LLC",172.0,"['2022-07-28', '2022-10-13']",VRT
"GXO LOGISTICS WORLDWIDE, LLC",583.0,"['2010-12-01', '2019-01-24', '2019-01-25', '2019-01-30', '2025-11-01', '2026-01-20']",VRT
"GXO WAREHOUSE COMPANY, INC",375.0,"['2020-04-06', '2024-01-19', '2025-01-01']",MU
"GYMBOREE GROUP, INC.",852.0,"['2019-01-25', '2019-02-05', '2019-02-11', '2019-02-21', '2019-04-17']",MU
"H & H METAL FABRICATION, INC.",5.0,['2020-04-16'],MU
"H & M RUBBER COMPANY, INC.",84.0,['2012-06-15'],MU
"H AND M INTERNATIONAL TRANSPORTATION, INC.",113.0,['2018-03-16'],MU
"H&F PRODUCTIONS, LLC",199.0,"['2020-04-10', '2024-04-16']",VRT
"H&M FASHION USA, INC.",181.0,['2026-02-20'],MU
H&M HENNES & MAURITZ,92.0,"['2020-04-18', '2020-04-20']",HMSA.MU
"H&R WOOD SPECIALTIES, INC.",157.0,"['2010-05-01', '2020-04-03']",MU
"H. D. SMITH, LLC",133.0,"['2018-12-13', '2019-02-01', '2019-06-21']",VRT
H.B. FULLER,38.0,['2012-12-12'],FUL
"H.C. STARCK, INC.",67.0,['2012-11-21'],MU
"H.F. CORWIN & SON, INC.",14.0,['2020-04-03'],MU
"H.J. HEINZ COMPANY, L.P.",144.0,['2015-05-27'],EPD
"H.M.S. PRODUCTIONS, LLC",51.0,['2020-07-24'],VRT
"H.P. NEUN COMPANY, INC.",76.0,['2016-02-12'],MU
"H.W. HUNTER, INC.",78.0,['2020-05-21'],MU
"HAAS AUTOMATION, INC.",344.0,"['2014-10-29', '2015-10-28', '2024-03-08', '2024-10-31']",MU
"HAAS CABINET CO, INC.",404.0,"['2010-02-13', '2024-04-30']",MU
"HACOR, INC",185.0,"['2020-04-09', '2020-10-16']",MU
HAEMONETICS,92.0,['2021-07-25'],HAE
"HAGGEN, INC.",721.0,"['2015-08-14', '2015-08-17', '2015-08-18', '2020-01-27']",MU
"HAIER AMERICA TRADING, LLC",398.0,"['2012-03-16', '2015-11-01', '2023-06-01']",VRT
"HAKKASAN HOLDINGS, LLC",336.0,"['2020-03-17', '2020-03-23', '2020-04-29', '2020-05-15', '2020-08-31', '2020-09-27']",VRT
"HAKUYOSHA INTERNATIONAL, INC.",508.0,"['2013-02-19', '2013-03-14', '2013-12-20', '2013-12-31', '2019-07-24', '2023-08-01']",MU
HALLIBURTON,1974.0,"['2015-10-05', '2016-05-23', '2019-10-10', '2019-12-02', '2020-04-06', '2020-04-14', '2020-04-15', '2020-04-29', '2020-06-06']",HAL
HALLMARK,251.0,"['2012-10-29', '2017-03-27']",HALL
"HALLMARK CARDS, INC. AND HALLMARK MARKETING COMPANY, LLC",564.0,['2015-10-02'],VRT
"HALLMARK CARDS, INC., LLC (UPDATE TO 10/2/15 NOTICE)",553.0,['2016-01-26'],MU
HALLMARK FINANCIAL SERVICES,83.0,['2022-11-11'],HALL
"HAMILTON PARK RENAL DIALYSIS, INC.",27.0,['2012-11-01'],MU
"HAMPDEN PAPERS, INC.",171.0,['2020-09-29'],MU
HANDSHAKE,100.0,"['2020-05-05', '2025-10-14']",HNS-USD
"HANJIN SHIPPING AMERICA, LLC",308.0,"['2016-10-01', '2016-10-12']",VRT
"HANK FISHER PROPERTIES, INC.",242.0,['2015-07-29'],MU
"HANKINS LUMBER COMPANY, INC.",125.0,"['2020-03-20', '2020-04-03']",MU
"HANNAFORD BROS. CO., LLC",160.0,['2025-07-14'],VRT
"HANOVERDIRECT, INC",189.0,['2012-02-09'],MU
"HANWHA VISION AMERICA, INC.",23.0,['2024-10-01'],MU
"HAPAG-LLOYD AMERICA, LLC AND HAPAG-LLOYD USA, LLC",55.0,['2016-03-29'],VRT
"HAPPY MONEY, INC.",241.0,"['2022-12-09', '2024-04-03']",MU
"HARBOR BAY CLUB, INC",80.0,['2020-06-30'],MU
"HARBOR FOOTWEAR GROUP, LTD.",53.0,['2018-05-01'],005930.KS
"HARBOUR RESTAURANT PARTNERS, LLC",485.0,"['2020-05-01', '2020-05-11']",VRT
"HARD ROCK CAFÉ INTERNATIONAL USA, INC.",363.0,"['2020-04-21', '2020-04-29', '2023-10-02']",MU
"HARD ROCK STADIUM TENANT, INC., HARD ROCK CAFÉ YANKEES STADIUM",64.0,['2020-04-21'],MU
"HARDEES, INC",14.0,['2012-02-22'],MU
"HARDEN FURNITURE, LLC",90.0,['2018-02-01'],VRT
"HARLAN-CUMBERLAND COAL COMPANY, LLC",92.0,['2014-06-19'],VRT
"HARMAN CONSUMER, INC.",48.0,['2010-09-30'],MU
"HARRELL HOSPITALITY GROUP, CALIFORNIA, INC. DBA BILTMORE HOTEL & SUITES SANTA CLARA",575.0,"['2020-04-09', '2020-04-17', '2020-04-21', '2020-04-24']",PACB
"HARRISON DRYWALL, INC",81.0,['2020-04-10'],MU
HARTE HANKS,239.0,"['2014-03-24', '2019-10-23']",HHS
"HARTE HANKS DIRECT MARKETING/FULLERTON, LLC",91.0,"['2019-11-06', '2020-05-01']",VRT
"HARTE-HANKS SHOPPERS, INC., BREA PREPRESS",64.0,['2011-09-26'],MU
"HARTMANN USA, INC",98.0,['2015-02-23'],MU
"HARTSON - KENNEDY, INC.",175.0,"['2012-11-20', '2024-07-31']",MU
"HASAKI RESTAURANT, INC.",166.0,"['2020-03-20', '2020-03-26']",MU
HASH,58.0,['2022-08-01'],3887.HK
HAUS,54.0,"['2022-07-18', '2022-08-09', '2025-12-10']",HAUS
"HAVATEQUILA RESTAURANT PARTNERS, LLC",138.0,['2020-03-25'],VRT
"HAVI LOGISTICS NORTH AMERICA, LLC",429.0,"['2010-05-18', '2010-07-28', '2010-08-04']",VRT
"HAWAII CANCER CARE, INC.",320.0,"['2024-02-02', '2024-03-18']",MU
"HAWAII HOCHI, LTD.",18.0,['2024-03-01'],005930.KS
"HAWAII VETERINARY HOSPITAL, LLC",55.0,['2022-06-17'],VRT
"HAYNEEDLE, INC.",443.0,"['2020-01-23', '2020-03-27']",MU
"HBF APU JV II, LLC",313.0,['2020-03-20'],VRT
"HBF SOTO JC, LLC",34.0,['2020-05-21'],VRT
"HBF TAMPA PARTNERS JV, LLC",107.0,['2020-07-17'],VRT
"HCC INVESTORS, LLC",156.0,['2014-12-19'],VRT
HCL,98.0,['2026-02-17'],HCLN.TO
"HCP PACKAGING USA, INC.",83.0,"['2010-01-14', '2019-09-04']",MU
"HCS RENEWABLE ENERGY, LLC",487.0,"['2023-04-19', '2025-03-01', '2025-03-13']",VRT
"HD SUPPLY MANAGEMENT, INC.",97.0,['2016-01-15'],MU
"HD SUPPLY, INC.",53.0,['2023-08-10'],MU
"HDA, INC AND N-STORE MERCHANDISING, INC",233.0,"['2013-02-04', '2014-02-03', '2014-02-04', '2014-02-11']",X2HZ.DE
"HDA, INC/N_STORE MERCHANDISING",115.0,"['2014-02-04', '2014-02-10']",X2HZ.DE
HDT,69.0,['2015-07-22'],HDTVX
"HDW, INC.",20.0,['2019-01-14'],ZADMRX
HEADSPACE,231.0,"['2022-12-14', '2023-06-29', '2024-11-20']",HEAAZZX
"HEADSPACE, INC.",158.0,['2023-07-27'],HEAAZZX
"HEALTH PLUS PREPAID HEALTH SERVICES PLAN, INC",875.0,['2011-12-28'],MU
"HEALTHCARE STAFFING PROFESSIONALS, INC.",658.0,"['2023-02-10', '2023-05-31']",MU
"HEALTHCARE, INC.",149.0,['2022-08-02'],GEHC
"HEALTHWAYS SC, LLC",68.0,['2016-10-18'],VRT
"HEALTHWAYS, INC.",299.0,"['2011-11-01', '2011-11-16', '2012-12-07']",MU
"HEALTHY OPTIONS, LLC",103.0,"['2016-10-28', '2020-04-07']",VRT
"HEARTLAND ALABAMA, LLC",200.0,['2011-02-15'],VRT
"HEARTLAND PRODUCTS-HOG SLAT, INC.",41.0,"['2018-02-08', '2019-09-26']",MU
"HEARTLAND RECREATIONAL VEHICLES, LLC",415.0,['2025-04-21'],VRT
"HEARUSA, INC.",204.0,"['2011-05-01', '2011-05-18', '2011-05-19']",MU
"HEATH CERAMICS, LTD",35.0,['2020-04-17'],005930.KS
"HEBREW HOME OF SOUTH BEACH, INC.",159.0,['2013-09-16'],MU
"HECHO EN MEXICO, LLC",10.0,['2020-04-24'],VRT
"HECNY TRANSPORTATION, INC.",4736.0,"['2010-06-01', '2010-07-25', '2011-10-03', '2012-02-04', '2012-03-01', '2012-06-08', '2012-06-30', '2012-07-27', '2012-09-28', '2013-04-12', '2013-06-30', '2013-08-02', '2014-05-20', '2014-06-01', '2014-06-18', '2014-06-27', '2014-11-12', '2015-04-14', '2015-12-22', '2018-02-26', '2018-04-11', '2018-07-27', '2019-04-24', '2019-04-30', '2019-08-30', '2019-10-29', '2020-04-14', '2020-09-11', '2020-10-28', '2021-04-28', '2022-05-09', '2023-05-24', '2023-09-22', '2023-09-29', '2024-05-24', '2024-10-31', '2025-07-31', '2025-08-01']",MU
"HEINLEIN FOODS USA, INC.",485.0,"['2013-11-14', '2014-09-19', '2025-10-17']",MU
HEINZ,198.0,['2014-03-21'],KHC
"HEITECH SERVICES, INC.",623.0,"['2011-11-01', '2012-03-08', '2015-11-20']",MU
HELLOFRESH,884.0,"['2022-10-10', '2025-03-17']",HFG.DE
"HELMERICH & PAYNE, INC H&P RIG 100",100.0,"['2016-02-08', '2016-04-19']",HP
"HELP AT HOME, LLC",107.0,['2021-01-29'],VRT
HENKEL,102.0,['2024-02-07'],HEN3.DE
"HENNES AND MAURITZ, L. P.",156.0,['2016-05-01'],PL
"HENRY PRATT COMPANY, LLC",260.0,"['2021-07-13', '2023-05-09']",VRT
"HENRY WURST, INC.",172.0,['2018-12-20'],MU
"HERBRUCK'S POULTRY RANCH, INC.",400.0,['2024-05-15'],MU
HERCULES OFFSHORE,646.0,"['2014-10-30', '2014-11-05', '2015-09-22', '2016-06-10']",HERO
"HERFF JONES, INC",461.0,"['2010-06-14', '2012-06-20', '2014-07-01', '2015-07-07']",MU
"HERITAGE COAL COMPANY, LLC",72.0,"['2015-02-17', '2015-04-20', '2025-11-11']",VRT
"HERITAGE OPERATIONS GROUP, LLC",190.0,"['2023-02-24', '2024-01-18', '2024-02-20', '2024-05-10']",VRT
HEROES,24.0,['2022-07-15'],459790.KS
"HERSHEY SALTY SNACK COMPANY (DOT'S PRETZELS, LLC)",54.0,['2023-08-22'],VRT
HERTZ,1015.0,"['2016-02-11', '2020-04-24', '2020-04-28', '2020-04-29', '2020-04-30', '2020-05-01', '2020-05-21', '2020-06-23']",HTZ
HEWLETT PACKARD E...,2552.0,"['2025-03-06', '2025-11-05']",HPE
HEWLETT PACKARD ENTERPRISE,609.0,"['2016-11-08', '2016-11-14', '2016-11-18']",HPE
HEWLETT-PACKARD,287.0,"['2011-02-03', '2011-04-01']",HPE
HEXCEL,244.0,"['2020-04-20', '2020-08-27']",HXL
HEXCEL CORP.,430.0,['2020-04-23'],HXL
"HEYCO PRODUCTS, INC.",239.0,"['2011-07-12', '2016-07-01', '2017-04-26']",MU
"HFI, INC.",99.0,['2020-06-11'],MU
"HGC TPC TAMPA BAY, LLC",33.0,['2020-04-07'],VRT
"HGM, HAILE GOLD MINE, INC.",50.0,['2015-02-13'],HGM.NS
"HGS USA, LLC",156.0,['2023-01-24'],VRT
"HH & P MANUFACTURING, LLC",127.0,"['2010-11-01', '2012-12-07']",VRT
"HH BROWN SHOE CO., INC.",150.0,"['2020-04-01', '2020-04-09', '2020-07-07']",MU
"HHCS, INC. - HHH CHOICES HEALTH PLAN, LLC",152.0,['2014-05-16'],VRT
HHGREGG,652.0,"['2017-04-07', '2017-04-13']",HGGG
"HHGREGG, INC.",63.0,['2017-03-02'],HGGG
"HI-REZ STUDIOS, INC.",69.0,['2025-02-05'],MU
"HI-WAY SAFETY, INC.",8.0,['2020-08-24'],MU
"HIGH MAINTENANCE TRIM CO, LLC",315.0,"['2015-06-16', '2020-05-01', '2020-09-15', '2021-02-01']",VRT
"HIGHER ONE, INC.",29.0,['2015-07-17'],MU
"HIGHGATE HOTELS, L.P",214.0,"['2020-04-07', '2020-04-10', '2026-04-01']",EPD
"HIGHGATE HOTELS, L.P., DBA STANFORD COURT SAN FRANCISCO",218.0,"['2020-03-30', '2020-04-22']",EPD
"HIGHLAND MINING COMPANY, LLC",786.0,"['2015-02-06', '2015-04-20', '2020-04-21']",VRT
HIGHSPOT,240.0,"['2023-02-02', '2023-06-08']",HIGHZZX
"HIGHTAIL, INC.",77.0,"['2014-09-01', '2014-09-17', '2014-09-18', '2014-10-01']",MU
"HIGHWAY EQUIPMENT COMPANY, INC.",67.0,['2024-09-01'],MU
"HII SAN DIEGO SHIPYARD, INC.",187.0,"['2020-02-20', '2020-03-16']",MU
HIKMA,78.0,['2018-07-01'],HKMPY
"HILITE INDUSTRIES-AUTOMOTIVE, LLC",139.0,['2020-11-24'],VRT
HILL,9.0,['2021-03-11'],ITH.TO
"HILL & SMITH, INC.",110.0,"['2023-07-11', '2025-09-10']",HILSL.XC
"HILL'S PET NUTRITION, INC.",54.0,['2011-10-24'],MU
HILLCREST,149.0,"['2016-04-06', '2024-11-25', '2025-01-30', '2025-07-01', '2025-07-30', '2025-08-04', '2025-10-03', '2025-11-19']",7HI.MU
"HILLPHOENIX DBA ANTHONY, INC.",778.0,"['2020-06-26', '2020-10-22']",MU
"HILLSBOROUGH KIDS, INC.",102.0,['2012-04-19'],MU
"HILLSIDE LOGISTICS, LLC",136.0,['2024-01-12'],VRT
HILTON GRAND VACATION,2305.0,"['2020-07-01', '2020-07-06', '2020-07-21', '2020-08-03']",HIE.F
"HILTON HOTEL EMPLOYER, LLC, HILTON SAN JOSE",157.0,['2020-05-21'],VRT
"HILTON RESERVATION WORLDWIDE, LLC",295.0,['2010-10-06'],VRT
HILTON WORLDWIDE,48.0,['2011-04-01'],HLT
HIMS & HERS,68.0,['2025-05-30'],HIMS
"HINES NURSERIES, LLC",566.0,"['2010-08-04', '2010-09-13', '2010-11-08', '2010-12-06', '2011-01-31', '2011-02-04', '2011-03-02', '2011-03-08']",VRT
"HINO MOTORS MANUFACTURING U.S.A., INC.",135.0,['2016-11-23'],MU
"HIPPODROME SERVICES, LLC - FORMULA 1 CLEANERS, INC.",69.0,['2020-06-04'],MU
HIRECT,200.0,['2022-11-28'],HIRECT.NS
"HIRERIGHT, INC.",57.0,['2022-07-01'],MU
HITACHI,61.0,['2018-03-02'],HTCI.NE
"HITACHI CABLE AMERICA, INC.",202.0,['2021-08-31'],MU
"HITACHI METALS NORTH CAROLINA, LTD.",784.0,"['2020-06-04', '2022-07-14', '2023-12-13']",005930.KS
"HL WEILDING, INC",5.0,['2017-04-10'],MU
"HM DUNN AEROSYSTEMS, INCORPORATED",53.0,['2017-11-16'],QCOM
HMI,17.0,"['2024-01-08', '2026-01-01']",HMIA.SG
"HMSHOST (ALBANY INT'L AIRPORT, 737 ALBANY SHAKER RD., ALBANY)",65.0,['2020-08-11'],AIN
"HMSHOST (LAGUARDIA AIRPORT TERMINAL B SUITE 3600, FLUSHING)",154.0,['2020-08-11'],FFIC
"HMSHOST (ULSTER TRAVEL PLAZA, RUBY)",7.0,['2020-08-12'],RUBYMILLS.NS
"HOBBY LOBBY STORES, INC.",639.0,['2020-04-06'],MU
"HOEHN MOTORS, INC., DBA HOEHN ACURA",386.0,['2020-05-19'],MU
"HOF&RSQUO;S HUT RESTAURANTS, INC., DBA LUCILLE&RSQUO;S SMOKEHOUSE BAR-B-QUE",691.0,"['2020-04-16', '2020-04-17', '2020-04-28', '2020-04-30', '2020-05-02', '2020-07-02']",MU
"HOF'S HUT RESTAURANTS, INC.",147.0,['2020-07-02'],MU
"HOGAN PERSONNEL, LLC",103.0,"['2024-09-03', '2024-10-30']",VRT
"HOHMANN & BARNARD, INC.",13.0,['2020-03-13'],MU
"HOLIDAY VILLAGE OF SANDPIPER, INC.",180.0,['2010-06-21'],MU
"HOLLANDER INVESTMENTS, INC.",85.0,"['2016-10-12', '2020-05-26']",MU
"HOLLAR, INC.",102.0,"['2018-09-19', '2024-08-21']",MU
"HOLLYWOOD & VINE RESTAURANT OPERATOR, LLC",78.0,['2020-04-10'],VRT
"HOLLYWOOD ALL SUITES, LLC",52.0,['2020-04-02'],VRT
HOLOGIC,86.0,['2024-10-18'],HO1.DU
"HOLOGIC, INC.",163.0,"['2018-08-01', '2018-11-01', '2020-05-23']",HO1.DU
"HOLOGIC, INC. AMENDED",334.0,"['2013-01-15', '2014-02-26']",HO1.DU
HOLOGRAM,80.0,"['2022-06-09', '2024-01-12']",WIMI
"HOLY LAND EXPERIENCE MINISTRIES, INC.",118.0,['2020-02-17'],MU
"HOME CREDIT US, LLC",99.0,['2019-12-02'],VRT
HOME DEPOT,330.0,"['2011-02-10', '2012-08-02', '2025-07-17']",HD
"HOME DEPOT U.S.A., INC.",797.0,['2026-01-28'],MU
"HOME EC, INC. DBA CONNECT HOMES",75.0,['2024-02-02'],DE000SL0BNK4.SG
"HOME HEALTH SERVICES OF WJCS, INC.",73.0,['2019-06-17'],MU
"HOME MAID BAKERY, INC.",49.0,['2024-03-28'],MU
"HOME RETENTION SERVICES, INC.",1907.0,"['2010-07-15', '2010-08-31', '2010-10-14', '2015-09-23', '2015-11-19', '2018-05-10', '2020-04-09', '2020-06-01', '2020-06-03', '2020-06-05', '2020-10-22', '2021-11-04']",MU
"HOME SERVICES SYSTEMS, INC.",4017.0,"['2010-10-14', '2011-09-26']",MU
"HOMEWARD RESIDENTIAL, INC.",670.0,['2013-02-12'],MU
"HONDA PERFORMANCE DEVELOPMENT, INC.",385.0,"['2017-08-24', '2020-05-29', '2020-08-10', '2025-06-17', '2025-07-10', '2025-07-30', '2025-08-26']",MU
"HONDA R&D AMERICAS, LLC",5.0,['2020-05-29'],VRT
"HONEYVILLE, INC.",276.0,"['2015-04-03', '2019-09-30']",MU
HONEYWELL,2286.0,"['2011-03-08', '2013-10-30', '2015-03-02', '2015-07-15', '2016-02-12', '2016-03-03', '2019-04-09', '2020-03-30', '2020-07-29', '2020-09-30', '2021-05-26', '2021-11-17', '2022-09-01', '2022-12-01', '2023-03-31', '2023-08-22']",HON
HONEYWELL INTERNATIONAL INC.,554.0,"['2015-06-29', '2020-04-11']",HON
"HONEYWELL INTERNATIONAL, INC - EMS AVIATION",53.0,"['2014-07-01', '2014-08-01']",HON
"HONOLULU ROOFING COMPANY, INC.",15.0,['2026-02-23'],MU
"HONOR TECHNOLOGY, INC.",114.0,['2023-06-22'],MU
"HOOPER HOLMES, INC.",99.0,['2018-11-01'],MU
"HOOTERS III, INC.",679.0,['2020-03-27'],MU
"HOP SKIP & JUMP PRODUCTIONS, INC.",194.0,['2020-05-13'],MU
"HORIZON HOBBY, LLC",19.0,['2025-08-05'],VRT
"HORIZON THERAPEUTICS USA, INC.",22.0,['2026-03-09'],MU
"HORNBLOWER CABLE CARS, INC",41.0,['2020-08-31'],MU
"HORNBLOWER YACHTS, LLC",25.0,"['2020-04-25', '2020-09-14']",VRT
"HORTON, INC. PHASE 1, 2 (7/28/20)",130.0,['2020-07-14'],DHI
"HOSOPO, CORPORATION",137.0,['2020-11-30'],NVDA
"HOSPIRA, INC",101.0,['2009-12-31'],MU
"HOSPITAL OF FULTON, INC., HILLVIEW MEDICAL CLINIC",18.0,['2015-01-30'],MU
"HOSPITALITY TEAM MEMBERS, INC",85.0,['2020-04-03'],MU
"HOTEL CHELSEA SOUTH BEACH, LLC",36.0,['2020-04-02'],VRT
"HOTEL CRAFTERS LA, LLC",19.0,['2021-01-28'],VRT
"HOTEL FIGUEROA - GLI AUDACI LA, LLC",24.0,['2020-04-14'],VRT
"HOTEL MANAGERS GROUP, LLC",93.0,"['2017-06-15', '2020-03-18']",VRT
"HOTEL SHELLEY, LLC",371.0,"['2020-03-14', '2020-03-20', '2020-04-02', '2020-04-09']",VRT
"HOTEL SLO, LLC",215.0,"['2020-04-03', '2021-01-08']",VRT
"HOTELCRAFTERS HOLLYWOOD LLC DBA THE STANDARD, HOLLYWOOD",121.0,['2020-05-19'],BOWL.L
"HOTELIER LAUNDRY, LLC",253.0,"['2020-09-08', '2023-07-28']",VRT
"HOUSEHOLD METALS, INC.",71.0,['2025-02-01'],MU
"HOUSTON REGIONAL SPORTS NETWORK, L.P.",285.0,"['2014-09-16', '2014-11-13']",EPD
"HOUWELING CAMARILLO, INC.",203.0,['2024-09-16'],MU
"HOV SERVICES, INC.",466.0,"['2012-10-01', '2018-02-01', '2021-03-09']",MU
"HOWARD ZIMMERMAN ARCHITECTS, P.C.",42.0,['2020-03-31'],PCSGH.BK
HOWDEN,90.0,['2014-04-25'],HWDN.L
"HOYA OPTICAL LABS OF AMERICA, INC.",247.0,"['2019-08-06', '2020-04-13']",MU
HP,8100.0,"['2023-02-19', '2025-02-28', '2025-11-25']",HP
HP INC.,74.0,['2016-02-16'],HPQ
HSBC BANK,98.0,['2012-07-24'],AAERNXX
"HSBC BANK USA , N.A.",26.0,"['2020-03-02', '2020-03-05', '2020-03-17']",AAERNXX
HSN,257.0,['2016-06-10'],6884.TWO
"HSN IMPROVEMENTS, LLC/HSN CATALOG SERVICES, INC.",53.0,['2018-08-01'],MU
"HSNI, LLC",87.0,['2024-11-12'],VRT
HUAWEI,50.0,"['2022-10-16', '2026-02-15']",180605.SZ
HUB GROUP,6.0,['2018-07-18'],HUBG
"HUB GROUP TRUCKING, INC.",131.0,['2016-01-29'],MU
HUBBELL,55.0,['2016-12-01'],HUBB
"HUBBELL & HUDSON MANAGEMENT, LLC.",80.0,['2014-01-10'],VRT
"HUBBELL GAS UTILITY SOLUTIONS, INC.",106.0,['2023-01-04'],MU
"HUBBELL LIGHTING, INC.",168.0,"['2017-05-01', '2018-03-26']",MU
HUBSPOT,500.0,"['2023-01-31', '2024-01-24']",HUBS
HUDSON,111.0,"['2020-09-01', '2025-10-24', '2025-11-18']",HDSN
"HUDSON VALLEY SNACKS AND SODA, LLC",38.0,['2017-08-02'],VRT
"HUFCOR, INC.",166.0,['2021-06-02'],MU
"HUGE, INC.",23.0,['2017-12-19'],HUGE.AX
HUGGING FACE,10.0,['2025-02-05'],HUGGZZX
HUGO BOSS,167.0,['2014-12-05'],BOSS.DE
"HUGO NEU RECYCLING, LLC",27.0,['2015-01-28'],VRT
HUHTAMAKI,221.0,"['2015-02-13', '2020-04-16']",HUHTAMAKI.BO
"HULTAFORS GROUP NORTH AMERICA, LLC",45.0,['2024-11-11'],VRT
HULU,200.0,['2023-03-30'],605199.SS
"HULU, LLC",35.0,['2023-06-08'],605199.SS
"HULU, LLC - 2450",27.0,['2023-06-08'],605199.SS
HUMA,360.0,"['2020-03-29', '2023-08-30']",HUMA
"HUMACH, LLC",224.0,"['2015-12-11', '2018-08-01']",VRT
HUMBLE,10.0,['2022-04-15'],B39.F
"HUMPHREY'S BAKERY INC. DBA BALTHAZAR BAKERY (80 SPRING ST., NYC)",42.0,['2020-08-07'],SF=F
"HUNTER AMBULETTE-AMBULANCE, INC.",113.0,['2015-10-05'],MU
"HUNTINGTON BEACH INLINE, LLC",21.0,['2020-09-29'],VRT
HUNTINGTON INGALLS,1443.0,"['2011-09-15', '2011-11-15', '2011-12-05', '2013-09-04']",HII
"HUSKY LINERS, INC",108.0,['2023-04-17'],MU
HUSQVARNA,789.0,['2012-05-18'],HRZA.F
"HUTCHIN HILL CAPITAL, LP & HUTCHIN HILL PORTFOLIO MANAGEMENT, LLC",121.0,['2017-11-30'],VRT
"HVL, LLC",312.0,"['2020-03-17', '2023-04-01']",HVLU.AX
"HY-VEE, INC.",733.0,"['2019-09-11', '2020-03-05']",MU
HYCROFT MINING,60.0,['2021-11-10'],HYMC
HYDRO,202.0,"['2019-11-15', '2022-07-18', '2023-01-19']",LTH=F
"HYDRO SYSTEMS USA, INC.",50.0,"['2020-04-13', '2020-08-03', '2021-04-22']",MU
"HYPERLOOP TECHNOLOGIES, INC",6.0,"['2023-02-28', '2023-05-02', '2023-11-07']",MU
"HYSTER-YALE MATERIALS, INC.",20.0,['2026-03-31'],MU
"I.S.A. CONTRACTING, INC.",19.0,['2019-04-22'],MU
"IAC DAYTON, LLC",275.0,"['2017-06-01', '2020-01-08', '2021-03-01']",VRT
"IAC MENDON, LLC",228.0,"['2025-09-30', '2025-10-08']",VRT
"IAC SEARCH & MEDIA, INC.",47.0,"['2016-03-30', '2016-07-13']",MU
"IAC SPRINGFIELD, LLC",425.0,"['2017-04-20', '2018-04-19', '2025-07-28']",VRT
"IAC STRASBURG, LLC",204.0,"['2024-02-23', '2024-10-08']",VRT
"IAERO THURST, LLC, A SUBSIDIARY OF IAERO GROUP",92.0,['2020-07-30'],VRT
IAP,63.0,['2020-12-01'],IAPDM.XD
"IAP-HILL, LLC",299.0,['2012-01-30'],VRT
IBEX,563.0,"['2018-05-01', '2020-02-01', '2020-03-01', '2020-12-22']",IBEX
IBM,5372.0,"['2020-07-01', '2023-01-25', '2023-07-17', '2024-03-12', '2024-08-26', '2024-09-18']",IBM
IBOTTA,157.0,"['2020-04-07', '2025-02-22']",IBTA
ICAD,23.0,['2023-03-29'],ICADP.XC
"ICF INTERNATIONAL, INC., THROUGH ITS SUBSIDIARIES ICF INCORPORATED, LLC, ICF MACRO, INC.",55.0,"['2025-03-12', '2025-03-26']",ICFI
"ICICLE SEAFOODS, INC.",159.0,"['2010-08-02', '2010-10-21', '2020-03-30']",MU
ICON,551.0,"['2013-12-01', '2014-02-01', '2014-03-01', '2014-05-01', '2016-01-31', '2020-04-13', '2022-10-24', '2023-01-17', '2023-01-18', '2023-01-24', '2023-08-15', '2023-11-03', '2025-01-09', '2025-05-27']",ICON
"ICU MEDICAL, INC",57.0,['2019-09-04'],ICUI
ID.ME,130.0,['2022-06-07'],IDMEZZX
"ID.ME, INC.",54.0,['2022-06-07'],IDMEZZX
"IDEOCLICK, INC",38.0,['2022-05-03'],MU
"IDEX HEALTH & SCIENCE, LLC",131.0,"['2018-05-31', '2026-05-05']",VRT
IDX,68.0,['2017-02-22'],IDX
"IG DESIGN GROUP AMERICAS, INC.",848.0,"['2020-12-18', '2025-03-27', '2025-06-01', '2025-06-26', '2025-06-27', '2025-08-21']",MU
"IGM BIOSCIENCES, INC.",100.0,['2025-01-14'],MU
"IHEARTMEDIA + ENTERTAINMENT, INC. AND IHEARTMEDIA MANAGEMENT SERVICES, INC.",130.0,"['2020-06-24', '2020-11-06']",MU
"IHEARTMEDIA, INC.",72.0,['2017-01-26'],IHRT
"IHERB, LLC",83.0,"['2022-05-23', '2022-06-16']",VRT
IHG,626.0,['2018-11-02'],IHG
"II MULINO GRAMERCY, LLC",133.0,"['2020-03-20', '2020-04-10']",VRT
"IKEA INDUSTRY DANVILLE, LLC",280.0,['2019-10-07'],VRT
"IKO MIDWEST, INC.",15.0,['2020-04-06'],MU
"IKO PACIFIC, INC",37.0,['2020-04-17'],MU
"IKON OFFICE SOLUTIONS, INC.",63.0,['2010-05-04'],MU
"ILILI BOX-ROW NYC, LLC",7.0,['2020-03-18'],VRT
"ILLUME AG HR, INC.",386.0,"['2011-12-12', '2013-10-08', '2022-06-14', '2023-04-03']",MU
ILLUMINA,2219.0,"['2011-12-27', '2020-03-29', '2022-11-14', '2023-06-21', '2023-08-17', '2024-02-01', '2024-12-23']",ILMN
"ILLUMINA, INC.",797.0,"['2018-02-12', '2018-02-13', '2019-12-06', '2022-11-30', '2023-02-01', '2023-07-13', '2023-08-15', '2023-09-14', '2024-01-29', '2024-08-01', '2024-09-05', '2025-02-13', '2025-11-07', '2025-11-21', '2025-12-04', '2025-12-12', '2025-12-23']",ILMN
ILUKA RESOURCES,120.0,['2015-01-08'],ILKAY
"IMAGE MOVERS DIGITAL, LLC",55.0,['2010-07-30'],VRT
"IMAGE SOLUTIONS APPAREL, INC",422.0,"['2017-11-21', '2020-03-01', '2020-03-25', '2020-03-26', '2020-04-02', '2024-04-05', '2026-04-09']",MU
IMAX,550.0,"['2020-10-09', '2025-09-12']",IMAX
IMMUTABLE,20.0,"['2022-07-26', '2023-02-22']",IHLDF
"IMNY GS, LLC",32.0,['2020-03-20'],VRT
"IMPACT NETWORKING, LLC",177.0,"['2012-11-26', '2020-03-26', '2020-09-14', '2020-11-25']",VRT
"IMPACT OUTSOURCING SOLUTIONS VI, LLC",1126.0,"['2023-06-06', '2026-02-13']",VRT
IMPALA,30.0,['2022-06-01'],IMP.JO
"IMPERFECT FOODS, INC.",616.0,"['2009-12-01', '2009-12-18', '2010-03-01', '2015-02-26', '2022-07-27']",MU
"IMPERIAL IMPORTS, INC.",373.0,"['2020-05-15', '2020-06-01', '2020-06-03']",MU
IMPINJ,50.0,['2024-02-13'],PI
"IMPLANT DIRECT MANUFACTURING, LLC.",212.0,"['2011-10-27', '2011-12-28', '2020-04-21']",VRT
"IMPOSSIBLE FOODS, INC.",411.0,"['2014-05-27', '2023-02-28']",IMPSZZX
IMPOSSIBLE FOODS...,140.0,['2023-01-30'],IMPSZZX
"INARI AGRICULTURE, INC.",150.0,"['2010-03-25', '2026-01-20']",MU
INCLUDED HEALTH,30.0,"['2011-02-02', '2022-07-25']",INCHZZX
INCOMM,125.0,['2019-04-29'],^116402-INR-GRTR
"INDEPENDENT MANAGEMENT BUSINESS CENTER, LLC",94.0,['2021-03-22'],VRT
"INDIANA MARUJUN, LLC",2178.0,"['2015-10-12', '2016-01-13']",VRT
INDIGO,80.0,"['2021-02-09', '2022-11-16', '2023-03-03', '2023-08-01', '2024-02-01']",IUSD22989-USD
"INDUSTRIAL PLASTICS GROUP, LLC",74.0,['2026-04-10'],VRT
"INDYNE, INC.",1607.0,"['2011-02-14', '2013-04-01', '2014-05-19', '2014-11-05', '2015-01-26', '2016-02-01', '2018-08-01']",MU
"INEOS ABS USA, LLC",242.0,"['2017-06-08', '2025-05-30', '2025-07-23']",VRT
INFINEON,1472.0,"['2024-08-05', '2025-11-04']",IFX.DE
INGEVITY CORPORATION,202.0,"['2018-10-25', '2023-11-01']",NGVT
"INGLEWOOD SPORTSERVICE, INC.",234.0,['2020-06-04'],MU
INGREDION INC,116.0,"['2021-01-04', '2021-01-12']",INGR
"INJEX INDUSTRIES, INC.",475.0,"['2010-04-01', '2010-08-30']",MU
"INKWRIGHT, LLC",34.0,['2020-04-21'],VRT
"INNIO WAUKESHA GAS ENGINES, INC.",75.0,['2019-10-28'],MU
"INNKEEPER HOSPITALITY SERVICES, LLC",155.0,"['2020-04-06', '2020-05-29']",VRT
"INNOVATION BAKERS, LLC",117.0,['2026-01-29'],VRT
"INNOVATION GROUP NORTH AMERICA, INC.",105.0,['2025-01-07'],MU
"INNOVATIVE BUILDING SYSTEMS, LLC",395.0,['2016-05-03'],VRT
"INNOVATIVE CONSULTANTS, L.L.C.",287.0,['2010-02-09'],BCC
"INOAC EXTERIOR SYSTEMS, LLC",606.0,"['2018-03-13', '2019-06-04', '2023-04-01', '2025-01-17', '2025-01-30', '2025-03-14', '2025-03-27', '2025-04-04', '2025-04-21', '2025-05-07', '2025-05-13', '2025-05-14', '2025-05-19', '2025-06-02', '2025-06-09']",VRT
"INOMEDIC HEALTH APPLICATIONS, INC.",172.0,['2015-07-31'],MU
INOVA,503.0,"['2013-03-07', '2013-09-05', '2020-03-26']",301656.SZ
"INOVALON, INC.",188.0,"['2017-01-27', '2018-06-15']",MU
"INPAX FINAL MILE DELIVERY, INC.",387.0,"['2019-10-01', '2019-10-02']",MU
"INSANE IMPACT, LLC",195.0,"['2020-04-22', '2025-11-10']",VRT
"INSCOM EXERCISE SUPPORT (MCNEIL TECHNOLOGIES, INC)",207.0,"['2010-06-01', '2011-05-14']",MU
INSCRIPTA,176.0,"['2022-05-17', '2022-12-02', '2022-12-08']",INSCZZX
"INSCRIPTA, INC.",900.0,"['2015-07-31', '2016-01-20', '2020-04-08', '2022-12-08', '2023-08-04', '2023-10-26', '2025-03-20', '2025-05-09', '2025-05-16', '2025-11-12']",INSCZZX
"INSIGHTS TRAINING GROUP, LLC",103.0,['2025-06-05'],VRT
"INSOMNIAC HOLDINGS, LLC",286.0,"['2016-01-11', '2019-10-22', '2020-05-02', '2020-05-28']",VRT
"INSTANT WEB, LLC",1337.0,"['2020-06-08', '2024-10-01', '2025-04-01']",VRT
"INSTITUTE FOR INTERGOVERNMENTAL RESEARCH, INC.",351.0,"['2015-04-15', '2015-11-05', '2025-05-02']",MU
"INSURANCE AUTO AUCTIONS, INC.",7.0,['2022-06-07'],MU
INTAPP,45.0,['2020-05-18'],INTA
INTEGRA,306.0,"['2014-09-04', '2015-10-20', '2016-08-04', '2023-01-07', '2023-01-19']",ZIM
INTEGRA LIFESCIENCES,120.0,['2024-01-31'],IART
"INTEGRATED ONCOLOGY NETWORK, LLC",111.0,"['2014-07-11', '2014-10-06', '2020-11-16']",VRT
"INTEGRATED TITLE, INC.",8.0,['2013-02-15'],MU
"INTEGRITY MOLDS, INC./WESTFALL TECHNIK, INC.",54.0,['2023-02-23'],MU
INTEL,44319.0,"['2016-04-25', '2018-05-15', '2020-01-30', '2022-12-06', '2023-01-30', '2023-08-17', '2023-12-21', '2024-04-09', '2024-08-01', '2025-02-04', '2025-04-23', '2025-06-17', '2025-06-24', '2025-07-11', '2025-07-16']",INTC
"INTER-CON SECURITY SYSTEMS, INC.",571.0,"['2019-09-24', '2025-03-06']",MU
"INTER-COUNTY MOTOR COACH, INC.",88.0,['2011-10-05'],MU
"INTERAMERICAN MEDICAL CENTER GROUP, INC",359.0,"['2011-03-25', '2020-04-22', '2020-07-01', '2026-02-03']",MU
"INTERCONTINENTAL HOTELS GROUP RESOURCES, INC.",681.0,"['2018-08-31', '2020-06-30', '2020-10-06', '2020-10-20', '2020-10-27', '2025-08-27']",MU
"INTERFLIGHT PARKING, LLC",53.0,['2024-03-26'],VRT
INTERFOR,485.0,"['2014-08-01', '2015-05-28', '2015-08-24', '2024-08-19']",IFP.TO
"INTERNATION TIMBER AND VENEER, L.C.",524.0,"['2011-08-31', '2011-09-30', '2017-09-26', '2025-06-01']",FTGU.MU
INTERNATIONAL BUSINESS MACHINES,359.0,"['2015-01-28', '2016-04-01', '2020-05-21', '2020-06-06']",IBM
"INTERNATIONAL COFFEE & TEA, LLC",69.0,['2015-02-10'],VRT
INTERNATIONAL FLAVORS & FRAGRANCES,85.0,"['2025-04-22', '2025-07-23']",IFF
"INTERNATIONAL NUTRITION, INC.",3203.0,"['2012-08-30', '2013-04-22', '2014-01-31', '2015-02-17', '2015-05-18', '2016-10-27', '2017-10-23', '2017-12-21', '2020-06-05', '2020-09-03', '2024-11-14']",MU
"INTERSECT ENT, INC",121.0,"['2013-11-05', '2020-06-03']",MU
INTRINSIC,40.0,['2023-01-11'],0P0001MHNW
INTUIT,1403.0,"['2009-11-30', '2010-07-14', '2013-07-10', '2014-07-15', '2015-06-25', '2020-06-22', '2022-10-06', '2024-03-07', '2024-07-10']",INTU
INTUIT INC,1845.0,"['2009-11-30', '2010-01-04', '2010-01-18', '2010-05-24', '2010-07-14', '2010-08-09', '2010-08-16', '2010-08-30', '2010-09-01', '2011-06-13', '2012-01-04', '2012-09-20', '2012-09-21', '2012-10-15', '2013-01-03', '2013-01-04', '2013-07-29', '2013-09-09', '2013-09-23', '2013-11-11', '2014-01-03', '2014-05-15', '2014-05-19', '2014-07-29', '2014-08-01', '2015-06-29', '2015-06-30', '2015-08-28', '2015-09-22', '2020-06-25', '2024-07-10']",INTU
INTUITIVE SURGICAL,248.0,"['2023-08-02', '2024-12-11']",ISRG
"INVESTOPEDIA, INC.",36.0,['2018-07-31'],MU
INVISTA,1417.0,"['2012-10-18', '2015-10-20', '2022-07-19', '2023-12-13']",IBBP11.SA
"INVISTA (ORANGE) NYLON CHEMICALS AMERICAS, LLC",75.0,['2024-08-12'],VRT
INVITATION HOMES,51.0,['2019-01-16'],INVH
"INVUITY, INC.",81.0,['2019-01-29'],MU
"ION MEDIA NETWORKS, INC.",337.0,"['2014-09-25', '2022-08-09', '2026-02-16']",MU
"IOWA ANESTHESIA ASSOCIATES, PC",284.0,['2022-06-22'],PC
"IPAYMENT, INC.",30.0,['2018-07-20'],MU
IPH,135.0,['2014-09-19'],IPHA
IPIC ENTERTAINMENT INC.,485.0,"['2013-03-31', '2019-10-29', '2021-08-17', '2022-02-01', '2023-08-21', '2023-10-02', '2023-10-24']",IPIC
"IPIC THEATERS, LLC.",124.0,['2020-08-01'],VRT
IPRO,352.0,"['2011-06-15', '2014-04-28', '2014-06-06', '2022-11-03', '2023-05-18']",IPRO.RO
"IPRO TECH, LLC",79.0,['2023-08-29'],VRT
IQE,100.0,['2020-09-01'],IQE.L
"IQE RF, LLC",22.0,['2018-12-01'],VRT
"IQOR US, INC.",531.0,"['2014-10-09', '2015-12-09', '2015-12-30', '2017-04-01', '2018-01-03', '2018-07-10', '2018-12-04', '2020-05-27', '2020-07-29', '2020-07-30']",MU
IQVIA,232.0,['2021-08-12'],IQV
"IR LABS DE, LLC",220.0,"['2024-02-02', '2024-02-22']",VRT
IREX,130.0,['2025-03-11'],IREX
IRL,25.0,"['2022-06-02', '2023-06-23', '2023-07-26']",6IRA.F
"IRON BOW TECHNOLOGIES, LLC",313.0,"['2019-05-08', '2019-12-03', '2021-01-05']",VRT
"IRON GALAXY STUDIOS, LLC",98.0,['2026-04-17'],VRT
IRON MOUNTAIN,547.0,"['2013-11-01', '2020-05-29', '2020-06-29', '2021-07-01', '2024-04-30']",IRM
"IRONHORSE FUNDING, LLC.",70.0,"['2024-02-29', '2025-03-05']",VRT
"IRVINE BAEKJEONG, LLC",68.0,['2020-12-30'],VRT
"IRVINE PARK RENTALS, INC.",25.0,"['2011-09-01', '2020-04-30']",MU
"IRVING PLAZA (VENUE OPERATED BY LIVE NATION WORLDWIDE, INC",63.0,['2019-04-02'],MU
"ISAACSON STRUCTURAL STEEL, INC.",267.0,"['2012-01-05', '2020-04-13', '2020-04-14', '2020-04-22', '2025-08-19']",MU
"ISABELLA VISITING CARE, INC.",569.0,['2019-10-01'],MU
"ISLE OF CAPRI CASINO BOONVILLE D/B/A IOC-BOONVILLE, INC.",350.0,['2020-04-07'],MU
"IT'S A LAUGH PRODUCTIONS, INC.",329.0,['2020-05-19'],MU
"IT'S ABOUT TIME (HERFF JONES, INC. COMPANY)",216.0,"['2011-06-13', '2020-05-05']",DIVHZZX
"ITALIAN TERRAZZO AND TILE CO. OF BREVARD, LLC",72.0,['2020-03-25'],VRT
"ITALIAN VILLAGE RESTAURANT, INC.",73.0,['2020-09-15'],MU
"ITG CIGARS, INC",67.0,['2020-03-01'],MU
"ITO PACKING COMPANY, INC.",197.0,['2015-06-03'],MU
ITRON,119.0,"['2012-08-10', '2023-04-10', '2024-09-09']",ITRI
ITRON INC.,433.0,"['2017-05-05', '2017-12-27', '2025-01-08']",ITRI
"ITT, GLOBAL INFORMATION SERVICES",48.0,['2011-03-22'],ITT
"IV MEDIA, LLC",299.0,"['2010-07-15', '2024-12-20', '2025-01-30', '2025-04-11']",VRT
"IVY H. SMITH COMPANY, LLC",107.0,['2010-07-29'],VRT
IZZY+,204.0,['2014-07-31'],IZZY-USD
J & J SNACK FOODS,162.0,"['2024-09-10', '2025-10-31']",JJSF
"J BRAND, INC.",33.0,"['2016-08-04', '2020-11-18']",MU
J P MORGAN CHASE,2008.0,"['2010-05-04', '2013-06-06', '2013-08-01', '2013-09-23', '2013-09-24', '2014-03-10', '2014-11-05', '2015-02-02', '2015-03-27', '2016-01-26', '2018-09-13', '2023-07-01', '2024-04-01', '2024-11-19', '2025-02-01', '2025-04-01', '2025-05-01', '2025-08-27', '2026-04-07']",JPM-PC
J&B GROUP,139.0,['2019-09-01'],3070.T
"J&L FARMS, INC",110.0,['2011-03-01'],MU
"J-LENCO, INC.",7.0,['2020-06-29'],MU
"J. C. PENNEY CORPORATION (5100 KINGS PLAZA, BROOKLYN, NY)",142.0,['2020-07-13'],0P00015JO1.L
"J. C. PENNEY CORPORATION, INC. (100 W. 33RD ST., NYC)",304.0,['2020-07-13'],SF=F
"J. C. PENNEY CORPORATION, INC. (DESIGN OFFICE, 200 LAFAYETTE ST., NYC)",31.0,['2020-07-15'],SF=F
"J.B. HUNT TRANSPORT, INC. (FACILITY MAINTAINED AT BOB’S DISCOUNT FURNITURE)",5.0,['2025-08-14'],JBHT
"J.J. HAINES & COMPANY, LLC",186.0,"['2017-06-01', '2017-08-04']",VRT
"J.M. HALEY, CORPORATION",44.0,['2020-03-31'],NVDA
"J.R. STATESVILLE, INC.",77.0,['2014-10-06'],MU
JABIL,615.0,['2013-09-05'],JBL
"JABIL CIRCUIT, INC.",45.0,['2016-03-29'],JBL
JABIL INC,7931.0,"['2018-01-22', '2018-09-24', '2018-10-19', '2018-10-24', '2019-04-04', '2019-06-17', '2019-09-27', '2019-10-16', '2020-10-22', '2020-11-10', '2021-08-17', '2021-09-27', '2022-04-12', '2022-10-20', '2022-10-25', '2022-11-17', '2023-01-10', '2023-04-06', '2023-07-13', '2023-07-26', '2023-10-13', '2023-10-24', '2023-10-25', '2024-02-27', '2024-03-01', '2024-03-27', '2024-07-15', '2024-08-27', '2024-09-20', '2024-09-23', '2024-09-30', '2024-10-10', '2024-12-04', '2025-08-07', '2025-12-08']",JBL
"JACK COOPER TRANSPORT CO., INC.",481.0,"['2010-09-30', '2015-04-07', '2025-01-06', '2025-02-10']",MU
JACK IN THE BOX,211.0,"['2012-09-28', '2018-10-24', '2025-07-14', '2025-08-04', '2026-04-27']",JBX.DU
"JACK IN THE BOX, INC.",70.0,['2012-08-20'],JBX.DU
"JACKPOT HARVESTING COMPANY, INC.",256.0,['2018-09-26'],MU
"JACKSON FAMILY WINERY, INC.",24.0,['2020-09-21'],MU
JACOB ENGINEERING,79.0,"['2011-12-09', '2018-12-05', '2022-10-24']",Z0Y.SG
JACOBS,552.0,"['2015-07-10', '2016-10-13', '2020-04-02', '2021-08-02']",J
"JACOBS TECHNOLOGY, INC.",551.0,"['2016-05-13', '2016-06-17', '2024-02-01']",MU
"JACOBSEN DANIEL'S ENTERPRISE, INC",91.0,"['2020-04-09', '2020-06-12', '2020-06-15', '2020-06-18', '2020-07-24']",MU
"JACOBSON STAFFING COMPANY, L.C.",390.0,['2014-05-28'],HZ52.F
"JACOBSON WAREHOUSE CO., XPO LOGISTICS",486.0,"['2016-09-30', '2020-01-15', '2020-05-18']",XPO
"JACOBSON WAREHOUSE COMPANY, INC.",85.0,"['2014-10-24', '2018-08-21']",MU
"JAD COAL COMPANY, INC.",18.0,"['2015-01-06', '2015-01-30']",MU
"JAD TRANSPORTATION, INC. TWIN AMERICA, LLC, R. W. EXPRESS, & SIGHTSEEING PASS",550.0,['2020-04-30'],VRT
"JAKKS PACIFIC, INC.",56.0,['2020-05-01'],JP1A.F
"JAL TRANS, INC.",233.0,"['2010-11-30', '2010-12-31', '2012-07-15', '2020-02-27']",JALAN-SM.NS
JAMA,12.0,['2020-03-25'],JAMAX
JAMF,166.0,"['2024-01-25', '2025-07-15']",JAMFX
"JAN SERVICES, 7TH AVE, LLC",29.0,['2018-09-28'],VRT
"JAN-GUARD HAWAII, INC.",226.0,['2022-01-14'],MU
"JAND GRACE DELIVERY, LLC",59.0,['2023-03-31'],VRT
"JANE STREET HOTEL, LLC",111.0,['2020-03-19'],VRT
"JANSSEN RESEARCH & DEVELOPMENT, LLC",55.0,['2024-02-23'],VRT
JANUS INTERNATIONAL GROUP,113.0,['2026-02-04'],JBI
"JARROW FORMULAS, INC.",9.0,['2021-12-06'],MU
"JASON PHARMACEUTICALS D/B/A MEDIFAST, INC.",200.0,"['2018-02-27', '2022-08-29']",MU
"JBT MAREL, PRIME EQUIPMENT GROUP",50.0,['2025-08-27'],JBT.F
"JC BRODERICK & ASSOCIATES, INC.",41.0,['2020-04-08'],MU
"JC EVANS CONSTRUCTION COMPANY, INC.",300.0,['2011-11-23'],MU
"JC'S 5 STAR OUTLET STORE (SB CAPITAL ACQUISITION, LLC)",284.0,"['2013-09-30', '2013-10-01', '2013-11-25']",VRT
"JCF HOUSEMENTS MANUFACTURING, LLC",79.0,['2023-05-30'],VRT
"JCIM US, LLC",714.0,"['2013-02-19', '2013-05-06', '2013-07-31']",VRT
JELD WEN,250.0,"['2013-07-17', '2019-02-01']",JELD
"JEMS ENTERPRISES, LLC DBA HAWAIIAN ICE BY PACIFIC OCEAN PRODUCERS, INC.",57.0,"['2009-12-21', '2025-01-23']",MU
"JENNERSVILLE HOSPITAL, LLC, JENNERSVILLE FAMILY MEDICINE, WEST GROVE CLINIC COMPANY AND WEST GROVE OF PA ASSOCIATES",293.0,['2021-11-01'],VRT
"JENNY CRAIG (JC) USA, INC.",146.0,['2023-05-05'],MU
"JEREMIAH'S INTL. TRADING CO., INC., D/B/A AMERICA'S AUCTION NETWORK",192.0,['2016-04-11'],MU
"JEROME W. VITTETOE PORK, LTD",130.0,['2023-12-29'],005930.KS
"JERRY LEIGH OF CALIFORNIA, INC.",16.0,['2020-06-05'],MU
"JERRY'S FAMOUS DELI, INC",175.0,"['2012-04-30', '2013-05-31', '2015-04-06']",MU
"JERSEY CITY CHILD DEVELOPMENT CENTERS, INC.",180.0,['2014-05-01'],MU
"JERSEY LYNNE FARMS, INC.",56.0,['2018-12-26'],MU
"JESSE CREEK MINING, LLC",322.0,"['2016-01-05', '2019-03-29']",VRT
"JET PLASTICA INDUSTRIES, INC",476.0,"['2012-03-01', '2012-03-29']",MU
"JET SPECIALTY, INC.",75.0,['2020-04-28'],MU
"JET.COM, INC. (WALMART)",160.0,['2019-11-22'],0R1W.L
"JEWISH COMMUNITY CENTER AND FEDERATION WEINBERG VILLAGE, LLC",320.0,"['2018-04-30', '2025-09-12']",VRT
"JEWISH FAMILY SERVICE OF SAN DIEGO, INC.",115.0,['2025-02-11'],MU
"JIPC LAS VEGAS, LLC",97.0,['2020-04-06'],VRT
JIVE,18.0,['2017-11-01'],JIVE
JLL,66.0,['2019-09-18'],JLL
"JMS ENGINEERED PLASTICS, INC.",403.0,"['2022-08-16', '2025-10-29']",MU
"JO-ANN STORES SUPPORT CENTER, INC.",1180.0,"['2025-01-14', '2025-01-27', '2025-02-28', '2025-03-01']",MU
"JOBSITE HOSPITALITY, LLC",100.0,['2020-07-20'],VRT
"JOFAZ TRANSPORTATION, INC.",461.0,"['2013-05-17', '2015-03-17']",MU
"JOHN B. SANFILIPPO & SON, INC.",84.0,"['2010-08-06', '2011-01-14']",JO1.F
"JOHN BOYD ENTERPRISES, INC.",25.0,['2020-06-16'],MU
"JOHN CARLO, INC.",287.0,"['2010-04-13', '2012-01-31', '2024-06-03']",MU
"JOHN HASSALL, INC.",122.0,"['2014-04-30', '2019-06-11']",MU
"JOHN I. HAAS, INC.",12.0,['2026-03-13'],MU
"JOHN R. MOTT, INC.",68.0,['2020-04-23'],MU
JOHN WILEY & SONS,103.0,['2023-11-01'],WLY
"JOHNNY APPLESEED'S, INC.",47.0,['2020-04-09'],MU
JOHNSON & JOHNSON,431.0,"['2017-10-01', '2018-01-01', '2018-02-01', '2018-03-01', '2018-04-01', '2018-05-01', '2018-06-01', '2018-08-01', '2018-11-01', '2019-02-01', '2019-05-01', '2019-10-01', '2019-11-01', '2020-01-01', '2020-07-01', '2021-03-25']",JNJ
"JOHNSON & JOHNSON, PRD (JANSEN SUPPLY CHAIN)",79.0,['2010-11-01'],JNJ
JOHNSON CONTROL,360.0,"['2011-03-02', '2012-04-23']",JCI
"JOHNSON CONTROLS INTERIOR MFG., US, LLC",392.0,['2012-12-07'],EURUSD=X
"JOHNSON CONTROLS, INC. @ BRISTOL MYERS SQUIBB",39.0,['2015-05-01'],JCI
"JOHNSTON TEXTILES, INC.",140.0,['2014-12-08'],MU
JONES LANG LASALLE,88.0,['2020-03-31'],JLL
"JORIKI USA, INC.",226.0,['2024-12-01'],MU
"JOSLYN SUNBANK COMPANY, LLC",140.0,"['2023-02-28', '2024-11-20']",VRT
"JOSTENS, INC",470.0,"['2011-04-01', '2013-06-24', '2014-09-30', '2020-05-02']",MU
"JOUNCE THERAPEUTICS, INC.",77.0,['2023-02-22'],MU
"JOURNEYCARE, INC",77.0,['2020-02-20'],MU
"JOYSON SAFETY SYSTEMS ACQUISITIONS, LLC",14.0,['2019-04-29'],VRT
"JSL TRANSPORT, LLC",154.0,"['2022-07-12', '2022-07-13']",VRT
"JSW STEEL USA OHIO, INC.",322.0,"['2020-04-09', '2020-07-14', '2020-12-03']",MU
"JTEKT NORTH AMERICA CORPORATION / KOYO BEARINGS NORTH AMERICA, LLC",47.0,['2018-06-05'],VRT
"JUICERO, INC.",185.0,"['2017-09-06', '2017-09-08']",MU
JUMIA,900.0,['2022-11-21'],JMIA
JUMP,500.0,['2020-05-07'],0P0001DERO.F
JUMPCLOUD,100.0,['2023-01-18'],JUMPZZX
JUNI,72.0,['2022-11-17'],JNUG
"JUNI LEARNING, INC.",121.0,['2025-09-02'],MU
JUNIPER,80.0,"['2020-04-16', '2022-11-11']",JUNIPER.BO
"JUNIPER NETWORKS, INC.",521.0,"['2017-03-02', '2017-10-26', '2018-07-02', '2023-11-06', '2024-01-17', '2024-03-06']",MU
"JUPITER GOLF CLUB, LLC",92.0,['2020-04-03'],VRT
JUST EAT TAKEAWAY,390.0,['2022-07-20'],JTKWY
"JUSTOURS, INC.",25.0,['2020-03-30'],MU
"JUUL LABS, INC.",199.0,"['2019-11-19', '2020-09-18', '2022-12-01', '2023-09-28']",MU
"K & N ENGINEERING, INC.",316.0,"['2020-04-21', '2020-06-30']",MU
"K AND R FARMS, LP",235.0,['2018-02-02'],ET
"K-CORR, INC.",166.0,['2013-11-13'],MU
"KA DISPLAY SOLUTIONS, INC.",25.0,['2020-04-27'],MU
"KABLELINK COMMUNICATIONS OF CALIFORNIA, INC.",74.0,['2011-04-02'],MU
"KADANT BLACK CLAWSON, LLC",51.0,['2018-01-09'],VRT
KAISER ALUMINUM,78.0,['2020-04-08'],KALU
"KAISER FOUNDATION HOSPITALS - MARKETING, SALES, SERVICE, ADMIN",49.0,"['2020-03-25', '2020-12-21']",CRM
KALEO,13.0,"['2024-09-30', '2024-10-02']",KLN.MI
KALTURA,145.0,"['2022-08-09', '2023-01-04', '2025-08-07']",KLTR
"KAMPACK, INC.",167.0,"['2013-12-01', '2021-06-01']",MU
"KANE FREIGHT LINES, INC.",211.0,"['2011-11-01', '2018-03-09', '2020-03-31']",MU
"KANE WAREHOUSING, INC.",137.0,"['2018-02-01', '2018-02-05']",MU
"KARLA OTTO, INC.",28.0,['2020-04-06'],MU
"KARYLEION, INC",348.0,['2010-03-17'],MU
"KASASA, LTD",59.0,['2024-02-22'],005930.KS
"KATEEVA, INC.",144.0,['2020-01-30'],MU
KAVAK,150.0,"['2022-06-08', '2022-11-18']",0P0001P8AO.SA
"KAYDON RING & SEAL, INC.",217.0,['2017-05-17'],MU
"KAYGEN, INC",14.0,['2022-06-30'],MU
"KBR WYLE SERVICES, LLC",118.0,['2026-05-01'],VRT
"KBR, INC",238.0,['2011-07-07'],KBR
"KC ECONOMIC DEVELOPMENT, LLC",207.0,['2013-02-26'],VRT
"KCI USA, INC.",1204.0,"['2014-06-23', '2019-02-06', '2020-04-20']",MU
"KEARNEY & COMPANY, P.C.",168.0,['2011-07-21'],PCSGH.BK
"KEECO, LLC",851.0,"['2019-10-22', '2020-04-02', '2022-03-07', '2022-10-12', '2024-12-04', '2025-07-18']",VRT
"KEEP TRUCKIN, INC",123.0,"['2020-03-31', '2020-04-15']",MU
KEEPE,45.0,"['2020-03-20', '2022-06-10']",6036.T
KELLY SERVICES,973.0,['2025-06-30'],KELYB
"KELLY SERVICES USA, LLC",47.0,['2025-06-30'],VRT
"KELSEY HAYES (SUBSIDIARY OF TRW AUTOMOTIVE, INC.)",78.0,['2010-02-08'],MU
"KEN GARFF AUTOMOTIVE, LLC",180.0,['2020-03-31'],VRT
KENCO,338.0,"['2016-02-19', '2018-08-31']",274090.KQ
"KENDAL FLORAL SUPPLY, LLC",68.0,['2020-08-31'],VRT
KENNAMETAL,181.0,"['2014-03-31', '2015-01-19']",KMT
KENNAMETAL INC.,449.0,"['2016-05-05', '2019-07-01', '2020-06-12', '2020-08-05', '2025-02-12']",KMT
"KENTUCKY EASTER SEAL SOCIETY, INC., DBA CARDINAL HILL SPECIALTY HOSPITAL",182.0,"['2011-08-29', '2025-10-09']",MU
"KENTUCKY MEDICAL SERVICES FOUNDATION, INC.",161.0,['2023-06-02'],MU
KENVUE,69.0,['2025-06-01'],KVUE
KENVUE INC.,51.0,['2024-02-01'],KVUE
"KENWOOD TV PRODUCTIONS, INC.",108.0,['2020-05-13'],MU
"KEPLR VISION, LLC",181.0,"['2024-07-09', '2025-05-20']",VRT
"KEPRO (KEYSTONE PEER REVIEW ORGANIZATION, INC)",109.0,"['2019-05-01', '2021-04-12']",MU
"KERN RADIOLOGY IMAGING SYSTEMS, INC.",173.0,['2019-02-01'],MU
"KERN VINEYARDS, INC.",125.0,['2023-06-06'],MU
KERRY,42.0,['2014-02-01'],0683.HK
"KERRY FLAVOR SYSTEMS US, LLC",226.0,"['2012-05-14', '2014-06-11']",VRT
"KETTLE CUISINE, LLC",110.0,['2016-02-22'],VRT
KEURIG DR PEPPER,338.0,"['2018-10-25', '2020-02-01', '2020-06-01', '2021-03-05']",KDP
"KEURIG DR PEPPER INC.; KEURIG GREEN MOUNTAIN, INC.",87.0,['2020-08-28'],MU
"KEVOTHERMAL, LLC",118.0,['2023-07-13'],VRT
"KEY PLASTICS, LLC",530.0,"['2011-01-27', '2018-03-01']",VRT
"KEYH, INC. DBA KEYES HYUNDAI",75.0,['2020-06-03'],4712.T
"KEYSTONE TAILORED MANUFACTURING, LLC",140.0,['2019-01-10'],VRT
"KEYWELL, L.L.C.",132.0,['2013-08-30'],BCC
"KGB DEALS, INC",30.0,['2011-12-01'],MU
"KGB USA, INC.",126.0,['2011-10-27'],MU
"KHOROS, LLC.",116.0,['2025-06-18'],VRT
"KHRG PHILLY MONACO, LLC",187.0,['2020-07-01'],VRT
"KICKSTARTER, PBC",25.0,['2020-05-07'],PL
"KID BRANDS, INC.",25.0,['2014-06-01'],KIDBQ
"KIK TACOMA, INC.",20.0,['2017-07-12'],MU
KIMBALL ELECTRONICS,250.0,['2024-11-04'],KE
"KIMBALL, TIREY & ST. JOHN LLP",60.0,['2020-04-01'],KE
KIMBERLY CLARK,90.0,['2014-01-28'],KMB
KIMBERLY-CLARK CORP.,74.0,['2019-01-10'],KMB
"KIMPTON HOTEL & RESTAURANT GROUP, LLC",76.0,['2020-06-12'],VRT
"KIMURA ENTERPRISE, INC.",16.0,"['2020-05-26', '2024-07-23']",MU
"KINDER MORGAN, INC.",188.0,"['2018-11-30', '2023-10-02', '2025-08-14']",KMI
"KINDRED HOSPITAL - NORTH SHORE, LLC",175.0,"['2014-06-01', '2014-08-01']",VRT
"KING BROS., INC.",83.0,['2013-11-22'],MU
"KING FUJI RANCH, INC.",334.0,['2025-10-10'],MU
"KING INFINITI OF HONOLULU, LLC,",28.0,['2024-08-26'],VRT
"KING MEAT, INC.",227.0,"['2015-06-11', '2020-07-27']",MU
"KINGS COMMAND FOODS, LLC",92.0,['2022-04-01'],VRT
"KINGSBURG APPLE PACKERS, INC.",72.0,['2019-04-02'],MU
"KINGSISLE ENTERTAINMENT, INC.",72.0,['2016-05-18'],MU
"KINYO VIRGINIA BEACH, INC",59.0,['2020-10-12'],MU
"KIOR, INC.",415.0,"['2014-06-16', '2014-07-01', '2014-07-23', '2020-04-13', '2022-12-22', '2023-04-05', '2023-10-24']",KPRX
"KIOXIA AMERICA, INC",9.0,['2022-05-16'],MU
"KIRBY OFFSHORT MARINE HAWAII, LLC",72.0,['2021-10-08'],VRT
"KIRKHILL, INC",1813.0,"['2020-04-17', '2020-04-22', '2020-11-30', '2021-10-27']",MU
"KIRKLAND AUTOMOTIVE HOLDINGS I, LLC",121.0,['2020-03-30'],VRT
"KIRKSIDE FACILITIES OPERATIONS, LLC",97.0,['2019-04-12'],VRT
KLARNA,800.0,"['2022-05-23', '2022-09-22']",KLAR
"KLEER FAX, INC.",70.0,['2016-12-12'],MU
"KLINE CONSTRUCTION CO., INC.",73.0,['2020-01-01'],MU
"KLINE MECHANICAL SYSTEM, INC.",42.0,['2021-03-09'],MU
"KLN STEEL PRODUCTS COMPANY, LLC",159.0,"['2011-11-15', '2021-04-30']",VRT
"KLX, INC.",32.0,['2015-06-24'],KLXE
"KNAPPCO, INC.",58.0,['2017-12-05'],MU
"KNBC-TV, LLC",46.0,['2020-05-01'],VRT
"KND DEVELOPMENT 53, L.L.C., D/B/A",94.0,['2015-08-19'],BCC
"KNIGHT FACILITIES MANAGEMENT, INC.",277.0,['2012-10-22'],MU
"KNIGHT LAW GROUP, LLP",75.0,['2020-04-16'],0P0001X4N8
KNOCK,115.0,['2022-03-15'],ABMDSXX
"KNOX ATTORNEY SERVICE, INC.",293.0,"['2014-03-17', '2015-01-30', '2023-12-20', '2024-05-13']",MU
"KNUEDGE, INC.",30.0,['2018-04-02'],MU
"KOCH MEMBRANE SYSTEMS, INC.",135.0,['2010-02-05'],MU
KODAK,68.0,['2012-02-21'],KODK
KODIAK ROBOTICS,15.0,['2020-04-15'],KODAZZX
"KODIAK SUPPORT SERVICES, JV",125.0,['2017-11-30'],6632.T
KOHL'S,768.0,['2025-06-05'],KSS
"KOHL'S DEPARTMENT STORES, INC.",1473.0,"['2014-04-05', '2014-10-07', '2015-10-02', '2016-04-08', '2016-04-11', '2016-04-12', '2020-05-28']",MU
"KOHL'S, INC.",1006.0,"['2024-12-04', '2025-01-08']",KSS
KOHO,133.0,"['2022-08-31', '2022-11-17', '2023-02-08', '2023-04-20', '2024-07-02']",6524.T
"KOKATAT, INC",161.0,['2020-05-28'],MU
KONGSBERG AUTOMOTIVE,281.0,"['2010-08-13', '2015-01-15', '2018-01-01', '2018-03-17']",KOA.OL
"KONICA MINOLTA BUSINESS SOLUTIONS U.S.A., INC.",451.0,"['2018-04-24', '2024-07-31']",MU
"KONTOOR BRANDS, INC. DISTRIBUTION CENTER",75.0,['2019-06-12'],KTB
"KOONS OF WILMINGTON, INC.",61.0,['2020-04-09'],MU
"KOONTZ-WAGNER CUSTOM CONTROL HOLDINGS, LLC",289.0,"['2016-07-19', '2018-07-11']",VRT
"KOPPER GLO MINING, LLC",70.0,['2017-11-21'],VRT
"KPWR RADIO, LLC",73.0,['2020-04-21'],VRT
KRAKEN,1500.0,"['2022-11-30', '2024-10-30']",PNG.V
"KRINOS FOODS, LLC",70.0,['2015-04-29'],VRT
"KROESCHELL OPERATIONS, INC.",365.0,"['2014-07-10', '2020-06-09', '2023-02-07', '2025-07-03', '2025-07-18', '2025-10-21']",MU
KROGER,2041.0,"['2012-04-27', '2014-07-24', '2018-06-13', '2019-03-27', '2022-10-28', '2025-06-20']",KR
KRY,400.0,"['2022-05-17', '2022-10-31']",KMON-USD
KUEHNE & NAGEL,1219.0,"['2019-07-30', '2020-12-16', '2022-04-28', '2023-03-10']",KNIN.SW
"KUEHNE & NAGEL, INC.",319.0,"['2021-05-19', '2023-08-29', '2025-02-18', '2025-02-21']",KNIN.SW
KUEHNE+NAGEL,380.0,"['2024-04-22', '2026-01-28']",KNIN.SW
"KUEI LUCK ENRICHMENT CENTER, INC. AND KUEI LUCK EARLY CHILDHOOD CENTER, LLC",73.0,['2020-03-19'],VRT
"KUMHO TIRE U.S.A., INC.",20.0,['2015-05-01'],MU
"KUNZLER & COMPANY, INC.",193.0,['2024-10-01'],MU
"KURZ-KASCH, INC.",115.0,"['2011-05-06', '2012-10-11']",MU
"KVS TRANSPORTATION, INC.",968.0,"['2011-04-12', '2011-06-30', '2015-12-07', '2016-04-27', '2017-02-01', '2017-03-31', '2017-04-27', '2017-09-29', '2018-01-29', '2018-02-15', '2018-02-20', '2018-04-10', '2018-05-18', '2018-06-27', '2018-07-30']",MU
"KYO-YA OHANA, LLC, DBA THE PALACE HOTEL",774.0,['2020-04-03'],VRT
"KYOCERA PRECISIONS TOOLS, INC.",74.0,"['2016-08-31', '2023-08-21']",MU
"KYOWA KIRIN, INC.",52.0,['2025-02-01'],4151.T
"L & M OPTICAL DISC, LLC",83.0,['2012-01-06'],VRT
"L&S SERVICES, LLC",20.0,['2019-01-02'],VRT
"L&W, INC., DBA SOUTHTEC, LLC",124.0,['2020-04-17'],LW
"L-3 COMMUNICATIONS DIVISIONS, ELECTRON",69.0,['2016-05-24'],005930.KS
"L.A. ARENA COMPANY, LLC , DBA STAPLES CENTER",18.0,['2020-06-15'],VRT
"L.A. ARENA COMPANY, LLC,",31.0,['2020-06-16'],VRT
"L.A. LIVE PROPERTIES, LLC",131.0,"['2015-01-29', '2020-06-15', '2020-06-16']",VRT
"L.A. LIVE THEATER, LLC",6.0,['2020-06-16'],VRT
"L3 TECH.-SECURITY & DETECTION SYS, INC",67.0,['2018-10-30'],MU
"L3 TECHNOLOGIES, INC. - SUBSIDIARY OF L3HARRIS TECHNOLOGIES",220.0,"['2021-04-30', '2023-09-14']",LHX
L3HARRIS,63.0,['2026-02-27'],LHX
L3HARRIS TECHNOLOGIES,351.0,"['2019-07-29', '2019-10-28', '2020-02-24', '2023-10-09']",LHX
"L3HARRIS TECHNOLOGIES, SONOMA EO",49.0,['2024-10-07'],LHX
"LA CARRETA AT MIRAMAR, INC.",16.0,['2020-03-26'],MU
"LA CARRETA GROUP, INC.",35.0,"['2020-03-23', '2020-03-26']",MU
"LA CARRETA NO. II, INC.",18.0,['2020-03-26'],MU
"LA CARRETA RESTAURANT IV, INC.",46.0,"['2020-03-20', '2020-03-26']",MU
"LA JOLLA BEACH & TENNIS CLUB PARTNERS, L.P.",420.0,['2020-05-11'],EPD
"LA JOLLA GROUP, INC.",87.0,['2020-04-16'],MU
"LA MADELEINE DE CORPS, INC.",245.0,"['2015-12-16', '2016-01-11', '2016-02-01', '2016-03-28', '2016-05-02', '2020-11-04']",MU
LA-Z-BOY,651.0,"['2019-08-14', '2020-06-04']",LAZ.SG
LA-Z-BOY INCORPORATED,105.0,['2019-08-14'],LZB
LABCORP,518.0,"['2013-10-19', '2013-11-16', '2013-12-07', '2013-12-31', '2014-01-31', '2014-08-13', '2023-11-01', '2024-09-16']",LH
"LABCORP / LABWEST, INC",313.0,"['2011-06-18', '2011-07-11', '2011-08-08', '2011-08-29']",MU
"LABCORP EARLY DEVELOPMENT LABORATORIES, INC., AND LABORATORY CORPORATION OF AMERICA HOLDING (DBA LABCORP)",170.0,"['2026-01-07', '2026-01-08']",MU
"LABCORP/ESOTERIX GENETICS LABORATORIES, LLC",63.0,['2014-07-11'],VRT
"LABELTEX MILLS, INC",73.0,['2020-05-02'],MU
"LABORTEMPS, INC.",175.0,"['2011-04-07', '2017-09-29', '2019-04-29', '2020-08-11']",MU
"LACEWORK, INC.",240.0,"['2018-06-01', '2024-06-25']",MU
LAIKA,50.0,['2020-08-14'],LKI-USD
"LAIKA, LLC",76.0,['2014-05-19'],LKI-USD
"LAIRD SUPERFOOD, INC",46.0,['2022-10-12'],LSF
"LAKE EMERGENCY MEDICAL SERVICES, INC.",5.0,['2018-07-31'],MU
"LAKEFRONT LINES, INC.",339.0,['2020-07-29'],MU
"LAKEHOUSE HOTEL, LLC",71.0,['2020-04-10'],VRT
"LAKEVIEW FARMS, LLC",93.0,['2012-03-26'],VRT
"LAKEVIEW NEUROREHABILITATION CENTER, INC",170.0,['2015-07-01'],MU
"LAKEWOOD FITNESS, LLC",90.0,"['2020-05-26', '2020-06-24']",VRT
"LAND O LAKES, INC.",306.0,"['2010-08-14', '2018-06-18', '2019-03-06', '2019-10-25', '2023-01-10']",MU
"LAND O&RSQUO;LAKES, INC.",7.0,"['2022-02-11', '2023-01-11']",MU
"LAND O'FROST, INC.",215.0,['2024-04-29'],MU
LANDIS + GYR,16.0,['2020-03-01'],LANDZ.XC
"LANDMARK MEDICAL MANAGEMENT, LLC",147.0,['2014-05-22'],VRT
"LANGMUIR SYSTEMS, LLC",16.0,['2023-08-30'],VRT
"LANZATECH GLOBAL, INC.",44.0,['2025-05-12'],LNZA
"LAPARKAN TRADING LIMITED, INC.",36.0,['2010-03-26'],MU
"LAPCO WEST, LLC",32.0,['2020-04-13'],VRT
"LARKEN LOGISTICS, LLC",995.0,"['2011-03-01', '2011-11-30', '2020-04-11', '2020-04-30', '2023-10-10', '2025-09-02']",VRT
"LARSON-JUHL U.S., LLC",55.0,['2020-04-28'],VRT
"LAS POSAS BERRY FARMS, LLC",19.0,['2021-12-01'],VRT
"LAS VEGAS ARENA MANAGEMENT, LLC",320.0,"['2020-05-05', '2020-05-11']",VRT
"LAS VEGAS BASKETBALL VENTURES, LLC",19.0,['2020-05-05'],VRT
"LASER SPINE INST., LLC & LSI MANAGEMENT CO., LLC",420.0,['2019-03-04'],VRT
"LATA ENVIRONMENTAL SERVICES OF KENTUCKY, LLC",169.0,"['2013-05-07', '2015-05-21', '2020-03-25']",VRT
LATCH,335.0,"['2020-04-02', '2022-05-10', '2022-05-20', '2022-08-02', '2023-07-10']",LTCH
"LATITUDE 45 CATERING, INC.",33.0,['2017-11-08'],MU
"LAW OFFICES OF DANIEL C. CONSUEGRA, PL",154.0,['2015-09-30'],PL
"LAW WAREHOUSES, INC, LAW REALTY CO, LAW MOTOR FREIGHT, INC",77.0,['2013-08-30'],MU
"LAWN AND GARDEN, LLC",93.0,['2025-10-31'],VRT
"LAWRENCEBURG DISTILLERS INDIANA, LLC",352.0,['2011-10-21'],VRT
"LAZ FLORIDA PARKING, LLC",4130.0,"['2020-03-30', '2020-06-04', '2020-09-19', '2021-01-21']",VRT
"LAZ PARKING CHICAGO, LLC",210.0,['2020-05-14'],VRT
"LAZ PARKING LIMITED, LLC",1570.0,"['2020-05-11', '2020-05-14', '2020-05-27', '2020-07-01', '2020-09-23', '2020-12-08']",VRT
"LAZ PARKING TEXAS, LLC",445.0,"['2020-05-22', '2020-12-14']",VRT
"LAZY DOG RESTAURANT, LLC",347.0,['2020-04-21'],VRT
"LAZYDAYS HOLDINGS, LLC",76.0,['2025-09-16'],VRT
"LBC, LIMITED PARTERNSHIP DBA MATHIS BROTHERS FURNITURE",433.0,"['2020-04-07', '2020-04-16', '2026-01-29']",SCOT-LBC1E.MX
"LBF HOLDINGS, LLC",62.0,['2024-11-11'],VRT
"LE TECHNOLOGY, INC. D.B.A LE ECO",275.0,['2017-05-25'],300889.SZ
LEAD,140.0,"['2022-08-04', '2023-01-10']",LEAD
LEADING EDGE,82.0,['2013-05-01'],LEMIF
"LEARNING CENTER (GUSTAVUS ADOLPHUS CHILD AND FAMILY SERVICES, INC.)",38.0,['2019-11-15'],MU
LEDDARTECH,138.0,['2025-05-22'],LDTCF
"LEE&RSQUO;S UNITED GYMNASTICS ACADEMY, LLC",22.0,['2020-03-24'],VRT
"LEGACY FRUIT PACKERS, LLC",199.0,['2019-02-06'],VRT
"LEGAL SEA FOODS, LLC",428.0,"['2011-10-03', '2013-09-24', '2020-06-26']",VRT
LEGALZOOM,100.0,"['2023-10-19', '2024-08-07']",LZ
LEGALZOOM.COM,122.0,['2023-10-12'],LZ
"LEGENDS GLOBAL (DBA LEGENDS ATTRACTIONS, LLC AND LEGENDS MUSIC, LLC)",41.0,['2026-02-18'],VRT
LEGG MASON,176.0,"['2010-06-03', '2011-07-25']",LWPXX
"LEGGET & PLATT, BRANCH ONE",422.0,['2020-04-06'],LEG
LEGGETT & PLATT,626.0,"['2011-10-20', '2016-02-05', '2018-12-13', '2020-04-13', '2020-04-24', '2024-08-22']",LEG
"LEGGETT & PLATT, INC DBA L&P SPRINGS MANUFACTURING, LLC",278.0,['2020-04-02'],LEG
"LEGGETT & PLATT, INC.",1071.0,"['2015-08-01', '2018-12-13', '2020-04-07', '2020-04-10', '2020-04-15', '2023-03-09', '2025-09-16']",LEG
LEGIBLE,23.0,['2022-04-04'],LEBGF
LEIDOS,1542.0,"['2014-04-30', '2014-09-12', '2015-01-16', '2015-03-02', '2015-07-01', '2017-06-30', '2017-10-24', '2018-03-01', '2019-05-03', '2019-10-22', '2019-11-01', '2020-09-08', '2020-09-30', '2023-11-01', '2025-03-04', '2025-03-31', '2025-04-02', '2025-04-30', '2025-06-11', '2026-01-21', '2026-04-02', '2026-04-06']",LDOS
LEMON,100.0,['2022-11-24'],LMND
"LENDINGCLUB BANK, N.A",80.0,['2023-01-13'],FLG
LENDINGCLUB CORPORATION,861.0,"['2016-06-27', '2019-06-28', '2020-06-06']",LC
LENDINGTREE,350.0,"['2022-11-03', '2023-03-30']",TREE
LENNOX,194.0,"['2012-03-29', '2012-05-31', '2012-07-30', '2012-08-31', '2012-09-19', '2012-11-30', '2013-02-28', '2013-04-29', '2013-06-13']",LII
"LENNOX HEARTH PRODUCTS, INC.",1196.0,"['2010-01-08', '2010-01-29', '2010-02-05', '2010-02-26', '2010-03-05', '2010-03-26', '2010-05-14', '2010-12-31', '2017-05-30', '2017-12-15', '2024-01-25']",MU
"LENOBLE LUMBER CO., INC.",99.0,['2020-03-27'],MU
LENOVO,135.0,"['2019-05-29', '2022-12-08', '2023-04-20', '2025-07-16']",0992.HK
"LEO BURNETT DETROIT, INC.",79.0,['2024-11-01'],MU
"LEO'S FOODS, INC.",87.0,['2014-09-03'],MU
"LEON INTERIORS, INC.",336.0,"['2011-03-28', '2015-09-10', '2020-03-24', '2020-04-09', '2024-06-12']",MU
"LEONI WIRE, INC.",137.0,"['2021-04-26', '2021-12-07']",MU
"LEPAGE BAKERIES BRATTLEBORO, LLC",66.0,['2018-11-06'],VRT
"LERETA, LLC",311.0,"['2020-05-05', '2022-10-31', '2023-09-05', '2023-09-07']",VRT
"LETTER RIDE, LLC",244.0,['2019-10-09'],VRT
"LETTUCE ENTERTAIN YOU ENTERPRISES, INC.",50.0,['2020-10-15'],MU
LEV,2007.0,"['2020-06-24', '2020-06-29', '2022-12-07', '2023-05-01', '2025-07-09']",HOD.TO
"LEVEL 10 CONSTRUCTION, LP",158.0,['2020-04-11'],ET
"LEVEL GLOBAL INVESTORS, L.P.",57.0,['2011-02-25'],EPD
"LEVELTEN ENERGY, INC.",60.0,['2025-08-01'],MU
"LEVENE GOULDIN & THOMPSON, LLP",31.0,['2020-03-26'],0P0001X4N8
LEVER,1086.0,"['2020-04-08', '2024-01-05', '2024-06-06']",HOD.TO
"LEVER, INC.",616.0,"['2016-06-09', '2016-09-01', '2020-04-21', '2023-05-15', '2023-08-01', '2025-09-04', '2026-03-02']",HOD.TO
LEVI STRAUSS & CO,1049.0,"['2011-12-08', '2014-05-26', '2024-03-01', '2024-10-17', '2025-06-16', '2025-07-17']",LEVI
"LEVIATHAN ENERGY, L.P.",105.0,['2025-05-01'],EPD
"LEXINGTON METAL SYSTEMS, LLC",104.0,"['2015-10-19', '2020-05-05', '2020-05-11', '2020-05-12']",VRT
"LEXUS OF QUEENS - MANHATTAN LUXURY AUTOMOBILES, INC.",82.0,['2020-04-13'],MU
"LFC AGRICULTURAL SERVICES, INC.",103.0,['2010-12-02'],MU
"LG ELECTRONICS VEHICLE COMPONENTS USA, LLC",79.0,['2020-07-02'],VRT
"LIBERTY BAR PRODUCTS, INC.",573.0,"['2020-05-08', '2022-09-09']",MU
"LIBERTY DENTAL PLAN OF CALIFORNIA, INC.",22.0,['2026-02-05'],MU
"LIBERTY HOMES, INC",152.0,"['2010-12-01', '2011-02-24']",MU
"LIBERTY HOUSE NURSING HOME OF JERSEY CITY, INC.",162.0,['2015-01-01'],MU
"LIBERTY MOBILITY NOW, INC.",29.0,['2018-01-11'],MU
"LIBERTY RESIDENTIAL SERVICES, INC.",869.0,"['2015-05-14', '2015-11-23', '2020-04-25', '2020-07-02', '2025-05-28']",MU
"LICKING RIVER MINING, LLC",127.0,['2015-02-10'],VRT
"LICKING RIVER RESOURCES, INC.",114.0,"['2015-02-10', '2020-07-16']",MU
LIDO,150.0,['2022-02-21'],STETH-USD
"LIFE FITNESS, LLC",212.0,['2020-02-28'],VRT
"LIFE SALES, LLC",8.0,['2015-03-11'],VRT
"LIFEBRIDGE SUBURBAN STAFFING, LLC",23.0,['2026-02-06'],VRT
"LIFELINK HEALTHCARE INSTITUTE, INC.",81.0,['2010-07-28'],MU
LIFEPOINT,22.0,['2012-06-15'],RCLRX
"LIFESTYLE FAMILY FITNESS, INC.",94.0,['2012-06-21'],MU
"LIGHTHOUSE MANAGEMENT SERVICES, LLC",48.0,['2019-01-07'],VRT
"LIGHTING TECHNOLOGIES INTERNATIONAL, LLC",162.0,['2020-05-04'],VRT
LIGHTSPEED COM...,780.0,"['2023-01-17', '2024-04-03', '2024-12-02']",LSPD.TO
"LIGHTSPEED, INC. DBA SKILLEDUP",27.0,['2015-04-01'],LSPD.TO
"LIGHTYEAR NETWORK SOLUTIONS, LLC",75.0,['2013-07-11'],VRT
"LIKEWIZE US, LLC",61.0,['2022-06-06'],VRT
"LILLY DISTRIBUTION, LLC",112.0,['2019-03-22'],VRT
LIME,180.0,"['2020-04-29', '2022-08-09', '2024-03-04']",LIK.F
"LIME SPRINGS BEEF, LLC",142.0,['2016-06-24'],VRT
"LINCOLN ARMS OF MIAMI BEACH, LLC",16.0,['2020-04-02'],VRT
"LINDEN CARE, LLC",29.0,['2017-03-15'],VRT
"LINEAGE LOGISTICS SERVICES, LLC",558.0,"['2014-10-01', '2022-01-20']",VRT
"LINENS & MORE, LLC",14.0,['2013-03-07'],VRT
"LINK SNACKS, INC.",72.0,['2017-12-08'],MU
LINN ENERGY,52.0,['2015-04-15'],LINE
"LIPARI FOODS, LLC",110.0,"['2012-07-12', '2020-09-25']",VRT
"LIPPERT COMPONENETS, INC.",204.0,"['2019-10-09', '2023-10-19']",MU
LITTELFUSE,54.0,['2018-02-12'],LFUS
"LITTLE RICHIE BUS SERVICE, INC.",461.0,['2015-03-27'],MU
"LITTLER MENDELSON, P.C.",172.0,"['2013-02-06', '2015-05-05', '2015-06-09', '2020-03-16']",PCSGH.BK
"LIVANOVA USA, INC.",137.0,['2024-01-01'],MU
LIVE NATION ENTERTAINMENT INC,1267.0,"['2013-09-06', '2016-03-29', '2020-06-09', '2020-08-21', '2020-09-01', '2020-09-02', '2020-09-14', '2020-09-15', '2020-09-22']",LYV
"LIVE NATION ENTERTAINMENT, INC TOUR DESIGN AND INFORMATION AND SECURITY DIVISION",8.0,"['2020-09-19', '2020-09-20']",LYV
"LIVE NATION ENTERTAINMENT, INC. DBA TICKETSNOW",109.0,"['2020-09-02', '2020-09-20']",LYV
"LIVE NATION ENTERTAINMENT, INC. HOUSE OF BLUES ANAHEIM-GARDENWALK",17.0,['2020-09-22'],LYV
"LIVE WELL FINANCIAL, INC.",162.0,"['2019-05-03', '2019-05-06']",MU
LIVEPERSON,223.0,"['2020-11-01', '2022-09-15']",LPSN
LIVERAMP,65.0,"['2022-11-03', '2025-03-05']",RAMP
"LNW GAMING, INC.",92.0,['2025-02-25'],MU
"LOANME, INC.",224.0,"['2014-02-28', '2020-04-28']",MU
"LOBUE BROS., INC.",98.0,['2017-07-21'],MU
"LOCANABIO, INC.",58.0,['2023-11-28'],MU
LOCKHEED MARTIN,2849.0,"['2009-12-02', '2010-01-04', '2011-06-13', '2011-07-28', '2011-08-01', '2011-09-06', '2011-09-23', '2011-11-18', '2012-02-27', '2012-03-22', '2013-03-28', '2013-12-31', '2014-01-01', '2014-02-01', '2014-03-31', '2014-04-01', '2014-05-01', '2014-06-01', '2014-07-01', '2014-09-01', '2014-12-01', '2015-07-20', '2015-10-23', '2015-12-31', '2016-07-29', '2016-08-01', '2017-11-01', '2024-04-09', '2024-07-01']",LMT
"LOCKHEED MARTIN GYROCAM SYSTEMS, LLP",57.0,['2013-01-08'],0P0001X4N8
"LOCKHEED MARTIN, GHG & DIVERSITECH",200.0,['2016-01-05'],LMT
"LOCKHEED MARTIN, ROTARY MISSION SYSTEMS BUSINESS AREA",64.0,['2025-05-02'],LMT
LOCO,40.0,['2023-11-30'],LOCO
"LODGING DYNAMICS HOSPITALITY GROUP, LLC",42.0,['2026-04-27'],VRT
"LODI CARDROOM, INC.",122.0,['2020-07-27'],MU
"LOEHMANN'S, INC. (CORPORATE)",123.0,['2013-12-17'],0P0001FKM7.TO
"LOEWS SEATTLE OPERATING COMPANY, LLC",2421.0,"['2016-11-08', '2020-04-15', '2020-05-29', '2020-08-18', '2021-06-30']",VRT
LOFT,1289.0,"['2020-03-27', '2020-04-17', '2022-04-19', '2022-07-05', '2022-12-07', '2023-03-03']",DE000SL0BJN6.SG
"LOGAN TRANSPORTATION SYSTEMS, INC.",90.0,"['2013-03-21', '2015-03-27']",MU
"LOGISTICS RESOURCES, INC.",224.0,['2014-12-01'],MU
"LOGMEIN USA, INC.",385.0,"['2019-04-10', '2019-08-27', '2019-12-06', '2020-02-01', '2020-02-20']",MU
"LOGOMARK, INC.",210.0,['2020-04-27'],MU
LONGI,112.0,"['2024-03-18', '2024-05-02']",601012.SS
"LONZA WALKERSVILLE, INC.",60.0,['2018-10-19'],MU
LOOM,167.0,"['2020-04-04', '2022-06-01', '2022-10-20']",LSCRX
LOOP,57.0,"['2022-08-24', '2023-03-30', '2024-06-16', '2024-08-16']",LOOP
"LORETO R. SICAM JR, DMD, INC.",6.0,['2025-06-16'],MU
"LORI'S DINER INTERNATIONAL, INC",214.0,"['2012-09-30', '2016-05-23']",MU
"LORINDA ENTERPRISES, LTD",165.0,['2015-03-27'],005930.KS
"LORISSA BUS SERVICE, INC.",205.0,"['2013-03-21', '2015-03-27']",MU
"LOS ANGELES DOCTORS HOSPITAL ASSOCIATES, LLP",83.0,"['2010-06-15', '2012-04-02']",0P0001X4N8
"LOS SOLES, INC.",77.0,['2020-04-16'],MU
"LOUIS DREYFUS COMPANY CITRUS, INC.",59.0,['2016-04-22'],MU
LOUIS VUITTON,10.0,['2026-02-19'],MC.PA
"LOUIS VUITTON U.S. MFG., INC.",421.0,['2020-04-15'],MU
LOUISIANA-PACIFIC,31.0,['2024-03-08'],LPX
"LOVI&RSQUO;S DELICATESSEN, INC.",60.0,['2020-03-25'],MU
"LOVIN OVEN, LLC",571.0,['2012-10-31'],VRT
LOWE'S,412.0,"['2011-10-01', '2018-11-01', '2019-02-27', '2026-02-13']",LOW
LOWE'S COMPANIES,100.0,"['2019-03-25', '2026-02-16', '2026-02-17']",LOW
"LOWE'S COMPANIES, INC.",2378.0,"['2015-05-12', '2017-02-21', '2017-09-13', '2017-09-14', '2018-11-05', '2019-04-04', '2019-12-23', '2020-09-30', '2021-01-29', '2021-02-16', '2021-04-12', '2026-02-13', '2026-02-16', '2026-02-17']",LOW
"LOWE'S HIW, INC.",488.0,"['2011-01-08', '2011-10-20', '2011-12-16']",MU
"LOWE'S HOME CENTERS, INC.",548.0,"['2011-08-15', '2011-10-17']",MU
"LSG GROUP - SKY CHEFS, INC",193.0,['2020-07-31'],MU
"LSI-SILVERCREEK, LLC.",225.0,"['2020-07-28', '2021-01-11']",VRT
"LTD COMMODITIES, LLC",234.0,['2023-04-10'],VRT
"LUCID GROUP, INC.",319.0,['2026-02-20'],LCID
"LUCKY 8 TV, LLC",110.0,['2018-12-21'],VRT
"LUCKY BRAND DUNGAREES, LLC",564.0,"['2020-04-14', '2020-05-01', '2020-09-14', '2020-09-27']",VRT
"LUCKY BUSINESS SERVICES, INC.",220.0,['2020-04-06'],MU
"LUCKY STRIKE ENTERTAINMENT, LLC",65.0,['2019-06-05'],LUCK
"LUCKY VITAMIN, LLC",60.0,['2021-08-01'],VRT
"LUFKIN INDUSTRIES, LLC, (GE OIL & GAS/POWER TRANSMISSION)",333.0,"['2016-05-20', '2016-05-26']",VRT
"LUKE BROTHERS, INC.",141.0,"['2017-09-06', '2026-04-29']",MU
"LUKKA, INC",31.0,['2024-11-15'],MU
"LULAROE, LLC",210.0,['2020-04-27'],VRT
"LULU'S FASHION LOUNGE, LLC",374.0,"['2020-05-14', '2020-09-01', '2024-12-05']",LVLU
LUMINAR,540.0,"['2023-02-15', '2023-04-11', '2024-05-03', '2024-09-20', '2025-05-20']",LRGR
"LUMLIQ2, LLC, DBA LUMBER LIQUIDATORS",64.0,['2026-05-04'],VRT
"LUNDBECK RESEARCH USA, INC.",113.0,"['2011-08-01', '2015-08-01']",MU
LUNO,330.0,['2023-01-25'],UNO8875-USD
"LURAYS TRAVEL, LTD.",48.0,['2013-03-26'],005930.KS
"LUTECH RESOURCES, INC.",36.0,['2017-08-23'],MU
"LX PANTOS AMERICA, INC.",332.0,"['2021-01-12', '2025-02-05', '2025-09-22']",MU
LYFT,2987.0,"['2020-04-29', '2020-05-07', '2022-07-20', '2022-11-03', '2023-04-21', '2024-09-04']",LYFT
"LYFT, INC. DBA LYFT",325.0,['2020-06-05'],LYFT
LYNX,206.0,"['2020-03-25', '2023-10-17']",0P0000KV4C.ST
"LYNX FBO DESTIN, LLC",7.0,['2020-03-30'],VRT
"LYNX FBO FORT LAUDERDALE, LLC",104.0,"['2020-04-02', '2020-04-20']",VRT
"LYNX FBO PITTSBURGH, LLC",6.0,['2020-03-01'],VRT
"LYNX GRILLS, INC.",130.0,['2019-09-19'],MU
"LYONDELLBASELL ADVANCED POLYMERS, INC",64.0,['2023-06-26'],MU
"LYONS MAGNUS, LLC.",63.0,['2020-04-10'],VRT
LYRIC,100.0,['2020-03-25'],0P0000Z4AD
"LYRIC HOSPITALITY, INC.",125.0,['2020-04-01'],MU
"M & M MANUFACTURING, INC.",75.0,['2025-10-13'],MU
M & T BANK,356.0,['2013-02-01'],MTB
"M&C HOTEL INTEREST, INC.",205.0,"['2015-10-14', '2019-02-06']",MU
"M&G DURAVENT, INC.",50.0,['2017-01-23'],MU
"M&N; PLASTICS, INC.",85.0,['2010-10-18'],MU
"M. BLOCK & SONS, INC",74.0,"['2020-12-31', '2021-01-05']",MU
"M. SLAVIN & SONS, LTD.",48.0,['2019-06-01'],005930.KS
"M.E. FOX & COMPANY, INC.",127.0,['2015-09-02'],MU
M1,38.0,['2022-07-19'],M1A.F
MAC INC,181.0,"['2016-02-17', '2020-07-15']",LUNR
"MACHINE ZONE, INC.",115.0,['2020-06-03'],MU
"MACHINIMA NU, LLC",156.0,"['2019-01-23', '2020-07-10']",VRT
"MACHINIMA, INC.",52.0,['2019-01-22'],MU
"MACK TRUCKS, INC.",404.0,"['2010-09-01', '2016-05-18', '2020-06-12']",MU
"MACMILLAN-PIPER, LLC",92.0,['2025-07-10'],VRT
"MACQUARIE FUNDING HOLDINGS, INC.",42.0,['2011-06-30'],MU
MACY'S,7609.0,"['2010-01-06', '2012-01-06', '2012-01-10', '2012-09-15', '2013-03-18', '2013-05-24', '2014-01-01', '2014-01-08', '2015-01-09', '2015-01-12', '2015-07-01', '2016-01-01', '2016-01-06', '2016-01-07', '2017-01-01', '2017-01-04', '2017-01-05', '2017-01-06', '2017-01-09', '2017-03-06', '2018-01-09', '2018-01-10', '2018-02-01', '2019-01-18', '2019-01-28', '2019-05-28', '2019-12-17', '2020-01-06', '2020-01-07', '2020-01-08', '2020-01-10', '2020-02-03', '2020-03-01', '2020-06-26', '2020-07-01', '2021-01-06', '2022-01-05', '2023-01-05', '2023-01-06', '2025-01-01', '2025-01-09', '2025-01-10', '2026-01-12', '2026-02-01']",M
"MACY'S (529 WEST 20TH STREET NEW YORK, NY, 10011)",28.0,['2020-06-25'],SF=F
"MACY'S COMMACK SHOPPING CENTER STORE (MACY'S RETAIL HOLDINGS, INC.)",127.0,['2020-01-06'],MU
MACY'S INC,1095.0,"['2011-01-11', '2020-11-16', '2021-01-08', '2022-01-13', '2025-01-01', '2025-01-09', '2025-01-10', '2025-01-16']",M
"MACY'S INC., LEDGEWOOD MALL STORE",79.0,['2015-01-01'],M
MAERSK,49.0,['2026-05-01'],MAERSK-B.CO
"MAGGY LONDON INTERNATIONAL, LTD.",121.0,"['2018-04-01', '2020-03-30']",005930.KS
MAGIC EDEN,22.0,['2023-02-13'],ME32197-USD
"MAGIC LEAP, INC",442.0,['2020-04-27'],MGIEZZX
"MAGIC TOUCH CLEANING, INC.",170.0,['2014-09-11'],MU
MAGNA,73.0,['2014-04-24'],MX
"MAGNESIUM ALLOY PRODUCTS CO., INC.",61.0,['2025-10-20'],MU
"MAGNUM DRYWALL, INC.",477.0,['2020-04-16'],MU
"MAHANA SPA, LLC",7.0,['2020-03-23'],VRT
MAHLE,66.0,['2018-04-15'],LEVE3.SA
"MAHLE ENGINE COMPONENTS USA, INC.",251.0,"['2011-02-17', '2015-11-09']",MU
"MAIDENFORM BRANDS, INC.",176.0,['2014-07-28'],MU
"MAIN STREET SPORTS GROUP, LLC.",18.0,['2026-02-19'],VRT
"MAINES PAPER AND FOOD SERVICE, INC.",131.0,['2020-04-29'],MU
MAINSTREET,311.0,"['2020-04-02', '2020-08-13', '2022-05-04']",MSCH
"MAJOR FOOD GROUP (MFG) LUDLOW HOTEL FOOD & BEVERAGE, LLC",81.0,['2020-03-29'],VRT
"MAJOREL USA, INC.",76.0,"['2014-02-28', '2020-12-14']",MU
"MAKER STUDIOS, INC.",127.0,"['2017-02-27', '2017-08-09']",MU
"MAKING OPPORTUNITIES COUNT, INC.",307.0,"['2020-03-25', '2020-04-01', '2020-04-11', '2025-02-28', '2025-04-04', '2025-05-02']",MU
"MAKITA U.S.A., INC., MID-ATLANTIC DIST. CENTER AND OFFICES",5.0,['2023-04-28'],MU
"MALCO PRODUCTS, SBC, INC.",63.0,['2022-11-02'],SBC
MALWAREBYTES,147.0,"['2022-08-17', '2023-08-31']",MALWZZX
"MAMA'S LADERA RANCH, LP",42.0,['2024-08-23'],ET
"MAMMOTH MOUNTAIN SKI AREA, LLC",295.0,['2020-07-13'],VRT
"MAMMOTH TECH, INC.",521.0,['2022-03-09'],MU
"MANDALAY BAY, LLC",108.0,"['2020-05-05', '2020-05-11']",VRT
"MANDARIN ORIENTAL, MIAMI",659.0,"['2020-03-27', '2020-03-30']",U42.F
"MANHATTAN BEACHWEAR, INC",155.0,['2020-04-15'],MU
"MANHATTAN FORD LINCOLN, INC.",245.0,['2014-06-30'],MU
"MANHATTAN LUXURY AUTOMOBILES, INC.",59.0,['2020-04-13'],MU
"MANSFIELD PLUMBING PRODUCTS, LLC",263.0,['2023-09-26'],VRT
"MAP OF EASTON, INC",278.0,['2021-12-10'],MU
MAPBOX,64.0,"['2020-04-06', '2023-01-12']",MAPBZZX
"MAPLE LEAF CHEESEMAKERS, INC.",31.0,['2020-10-29'],MU
"MAPLEHURST BAKERIES, LLC",312.0,"['2017-12-28', '2020-08-05', '2020-08-31', '2020-09-27']",VRT
"MAPLEWOOD AT HOME, LLC",115.0,['2018-05-15'],VRT
"MAR-A-LAGO CLUB, LLC",153.0,['2020-03-31'],VRT
MARA,6.0,"['2022-12-31', '2023-06-06']",MARA
"MARC GLASSMAN, INC.",44.0,['2023-01-03'],MU
MARCUS & MILLICHAP,7.0,['2020-05-08'],M6M.F
"MARIAN COMMUNITY HOSPITAL, OUTPATIENT CLINIC I, II, OUTPATIENT CENTER II, ENDLESS MOUNTAINS MEDICAL CLINIC, WAYMART FAMILY MEDICAL CENTER",233.0,['2011-12-01'],DC=F
"MARIOTT OWNERSHIP RESORTS, INC",568.0,"['2020-05-05', '2020-05-11', '2020-09-03', '2020-09-14', '2020-09-28']",MU
"MARITIME F & B, LLC @ MARITIME HOTEL",153.0,['2014-09-26'],0P0001H0KT.TO
"MARK FORMER, M.D., P.C. AND MARK FROMER LLC 6 NYC LOCATIONS",105.0,['2020-03-26'],MDIA3.SA
MARK III,100.0,['2015-09-08'],PSRW.L
"MARK LINE INDUSTRIES OF PENNSYLVANIA, LLC",44.0,['2017-05-01'],VRT
"MARK OF HONOR YOUTH LODGE, INC.",10.0,['2017-10-27'],MU
"MARK PORTER AUTO GROUP-MARK PORTER AUTOPLEX, INC.",91.0,['2020-03-25'],MU
"MARK PORTER AUTO GROUP-PORTER CDJR, INC.",70.0,['2020-03-25'],MU
"MARKET TRACK, LLC",107.0,['2014-10-02'],0P0001O8IP
"MARMON FOODSERVICE TECHNOLOGIES CORNELIUS, INC.",123.0,"['2015-06-26', '2020-12-01']",MU
"MAROBO, LLC",27.0,"['2014-01-10', '2017-08-02', '2025-02-07']",VRT
"MARQUEE EVENT GROUP, INC.",161.0,['2024-09-20'],MU
MARRIOT,653.0,"['2015-02-23', '2015-04-20', '2017-11-29', '2018-04-03', '2021-03-18']",MAR
"MARRIOTT HOTEL SERVICES, INC., DBA THE RITZ-CARLTON, LOS ANGELES AND JW MARRIOTT L.A. LIVE",62.0,['2020-09-04'],MU
"MARRIOTT HOTEL SERVICES, INC., DBA WILDHORSE",123.0,['2020-06-11'],MU
"MARRIOTT HOTEL SERVICES, INC., SJMEC, INC., DBA SAN JOSE MARRIOTT",229.0,['2020-04-11'],MU
"MARRIOTT INTERNATIONAL ADMINISTRATIVE SERVICES, INC.",315.0,['2020-04-17'],MU
"MARRIOTT INTERNATIONAL INC., DBA SEATTLE MARRIOTT WATERFRONT",196.0,"['2020-06-01', '2021-01-05']",MAR
"MARRIOTT INTERNATIONAL, INC DBA SANTA CLARA",98.0,['2020-09-04'],MAR
"MARRIOTT INTERNATIONAL, INC. (STARLAB OPERATIONS)",342.0,"['2013-04-14', '2016-09-30', '2016-11-28', '2016-12-28', '2020-08-26']",MAR
"MARRIOTT INTERNATIONAL, INC. (UPDATE TO 10/27/16 NOTICE)",56.0,"['2016-11-28', '2016-12-28', '2017-01-27']",MAR
"MARRIOTT INTERNATIONAL, INC. DBA NEW YORK MARRIOTT DOWNTOWN",1265.0,['2020-06-04'],MAR
"MARRIOTT INTERNATIONAL, INC. DBA THE ALGONQUIN HOTEL TIMES SQUARE, AUTOGRAPH COLLECTION (59 WEST 44TH STREET)",130.0,['2020-06-02'],MAR
MARRIOTT VACATION WORLDWIDE,220.0,"['2020-03-23', '2025-08-08']",VAC
"MARRITT ADMINISTRATIVE SERVICES, INC.",98.0,['2020-04-17'],MU
"MARSHAL S. FRUMIN, M.D.",6.0,['2021-12-02'],MDIA3.SA
"MARSHALLS OF CA, LLC",172.0,"['2011-02-11', '2025-10-17']",VRT
MARTIN'S,1414.0,"['2016-06-14', '2016-12-08', '2017-04-11', '2017-04-24']",JEM.MU
"MARTIN-BROWER, LLC",88.0,['2010-12-13'],VRT
MARTINREA,144.0,['2024-11-18'],MRE.TO
"MARTY SUSSMAN ORGANIZATION, INC",137.0,['2020-04-01'],MU
MARVELL,320.0,['2023-03-21'],MRVL
"MARVELL SEMICONDUCTER, INC.",1533.0,"['2014-06-06', '2015-10-16', '2015-12-07', '2016-11-02', '2016-11-08', '2017-03-01', '2017-04-20', '2017-05-12', '2017-05-22', '2017-06-09', '2017-07-14', '2017-09-13', '2017-09-22', '2017-09-28', '2017-10-12', '2018-02-14', '2018-07-09', '2018-07-12', '2018-10-31', '2019-03-07', '2019-03-08', '2019-04-09', '2019-06-25', '2019-06-26', '2019-08-12', '2019-08-14', '2019-11-05', '2019-11-14', '2020-02-25', '2020-08-13', '2020-08-17', '2020-11-16', '2023-04-03', '2023-12-14', '2024-02-27', '2024-06-20']",MU
"MARVIN LUMBER AND CEDAR COMPANY, LLC",167.0,['2025-11-03'],VRT
"MASHABLE, INC.",49.0,['2017-12-05'],MU
MASIMO CORPORATION,188.0,"['2018-07-09', '2024-11-14']",MASI
"MASON CITY CLINIC, P.C.",294.0,['2025-10-29'],PCSGH.BK
MASTERBRAND,458.0,['2022-12-05'],MBC
MASTERCLASS,199.0,"['2022-06-22', '2023-03-02', '2023-06-01']",MASEZZX
"MASTROIANNI BROS, INC.",51.0,['2016-07-04'],MU
MATCH GROUP,325.0,"['2023-02-01', '2024-07-31', '2025-05-08']",MTCH
"MATHESON FAST FREIGHT, INC.",1846.0,"['2010-03-06', '2023-08-15', '2023-08-16', '2023-08-31', '2023-10-01', '2023-10-18', '2023-11-09', '2023-11-15', '2023-12-01', '2023-12-04', '2024-01-12']",MU
"MATRIX MEDICAL NETWORK (COMMUNITY CARE HEALTH NETWORK, INC.)",58.0,"['2012-08-03', '2017-11-27']",MU
"MATRIX MEDICAL NETWORK (VOTIVA HEALTH, LLC)",19.0,['2012-08-03'],VRT
MATTEL,105.0,['2023-03-27'],MAT
"MATTEL, INC.",986.0,"['2010-07-30', '2014-03-25', '2015-03-19', '2017-12-08', '2018-04-09', '2018-07-31', '2020-10-20', '2025-03-17', '2025-11-01', '2025-11-13', '2026-03-24']",MAT
"MATTHEW WARREN, INC.",44.0,['2023-06-14'],MU
MAVEN,31.0,['2020-03-30'],96W.F
"MAVERIK, INC",624.0,"['2013-04-01', '2015-01-26', '2025-08-06']",0P0001LIG6.F
"MAX'S ON THE SQUARE, INC.",55.0,['2012-02-26'],MU
"MAXCYTE, INC. (MAXCYTE HEADQUARTERS)",20.0,['2025-09-23'],MXCT
MAXIMUS,226.0,"['2011-07-18', '2014-02-24', '2014-12-24', '2015-04-30', '2018-06-29']",MMS
"MAXIMUS HUMAN SERVICES, INC.",57.0,['2013-05-08'],MU
"MAXIMUS, INC.",212.0,"['2020-08-04', '2023-11-01', '2024-05-24', '2024-11-22']",MMS
"MAXIMUS, INC. (AT U.S. CENSUS BUREAU)",221.0,['2020-08-03'],MMS
"MAXIMUS, INC. FLORIDA HEALTHY KIDS PROJECT",100.0,"['2022-02-01', '2022-03-31']",MMS
"MAXION WHEELS AKRON, LLC",272.0,"['2018-11-01', '2020-08-11', '2022-12-19']",VRT
"MAYA BAKERSFIELD CINEMAS OPERATING COMPANY, LLC",999.0,"['2020-04-20', '2020-05-06']",VRT
"MAYBOURNE BEVERLY HILLS OPERATOR, LLC",348.0,['2020-08-12'],VRT
MAYO,234.0,"['2023-03-01', '2023-10-17', '2025-09-01', '2025-10-01']",6738.TWO
MAYVILLE ENGINEERING COMPANY,208.0,"['2020-07-06', '2024-09-19']",MEC
"MAZDA MOTORS OF AMERICA, INC.",261.0,"['2012-07-02', '2018-06-05', '2019-10-08', '2024-07-03']",MU
"MBP TITAN, LLC",150.0,"['2020-04-30', '2020-07-28']",VRT
"MBPO, LLC DBA MANHATTAN BEACH POST",109.0,"['2020-04-24', '2021-01-05']",27756.HK
"MCAFEE, LLC",244.0,"['2019-10-17', '2021-01-12']",VRT
"MCCAIN FOODS, INC.",180.0,"['2011-03-08', '2019-01-11']",MU
"MCCALL FARMS, INC.",64.0,['2014-12-19'],MU
"MCCARTHY TIRE SERVICE COMPANY OF NEW YORK, INC.",33.0,['2017-08-31'],MU
"MCCLATCHY COMPANY, LLC",199.0,['2020-09-25'],VRT
"MCCONNELL CABINETS, INC",131.0,['2011-04-01'],MU
"MCCROMETER, INC",160.0,['2020-05-09'],MU
"MCDANIEL TECHNICAL SERVICES, INC",156.0,['2022-03-15'],MU
"MCDONALD PLASTIC MOLDING, INC.",28.0,['2025-05-28'],MU
MCDONALD'S,106.0,"['2013-12-01', '2020-01-31', '2024-09-01']",MCD
"MCDONALD'S RESTAURANT/NICWIL, INC.",55.0,['2014-07-29'],MU
"MCDONALD'S USA, LLC",51.0,['2015-01-29'],VRT
MCGRAW HILL,56.0,['2020-01-08'],MH
"MCGRAW-HILL COMPANIES, INC",189.0,"['2009-12-15', '2011-12-08']",MU
"MCKAY BOOKS, INC.",54.0,['2026-03-02'],MU
MCKESSON,153.0,"['2019-04-03', '2021-10-19']",MCK
MCKESSON CORPORATION,1694.0,"['2016-03-18', '2016-12-31', '2017-01-17', '2017-10-27', '2018-01-01', '2018-05-29', '2018-06-12', '2019-11-04', '2019-11-07', '2020-01-29', '2020-02-01', '2023-03-29', '2023-04-01']",MCK
"MCMICHAEL MILLS, INC.",238.0,"['2015-03-25', '2024-02-13']",MU
"MCMINNVILLE MANUFACTURING, LLC",45.0,['2024-04-25'],VRT
"MCVEIGH GLOBAL MEETING AND EVENTS, LLC",53.0,['2020-03-29'],VRT
"MDH-DAY PROGRAM, INC.",99.0,['2020-08-21'],MU
MDV,18.0,['2012-06-28'],MDV
"MEADOWBROOK MEAT CO., INC.",394.0,"['2016-04-01', '2017-03-17', '2017-04-02', '2017-04-18']",MU
"MEAN GIRLS NATIONAL TOUR LLC (MEAN GIRLS) (1501 BROADWAY, NYC)",67.0,['2020-06-16'],SF=F
"MED-FIT SYSTEMS, INC.",165.0,"['2014-04-18', '2014-07-02']",MU
"MED-LEGAL, LLC",147.0,['2021-12-23'],VRT
"MED-METRIX, LLC",142.0,['2025-04-01'],VRT
"MED-PHARMEX, INC.",130.0,['2026-02-25'],MU
"MEDFORD CPL, INC.",63.0,['2026-01-16'],MU
"MEDFORD WELLINGTON SERVICE CO., INC",64.0,['2020-04-07'],MU
"MEDI-LYNX CARDIAC MONITORING, LLC",62.0,['2018-08-01'],VRT
"MEDIA LITHOGRAPHICS, INC.",67.0,['2010-10-30'],MU
"MEDIEVAL TIMES U.S.A., INC. / MEDIEVAL KNIGHTS, LLC.",166.0,['2020-04-10'],VRT
"MEDIFAST, INC.",83.0,['2023-06-20'],MED
"MEDIMIX, & FIRST COAST HEALTH, LLC",95.0,['2015-04-13'],VRT
"MEDIMPACT HEALTHCARE SYSTEMS, INC.",206.0,"['2010-07-10', '2026-03-04']",MU
"MEDPLAST WEST BERLIN, INC.",67.0,['2018-04-01'],MU
"MEDTEC, LLC DBA CQ MEDICAL",66.0,['2025-12-10'],0P0001J1F5.F
MEDTRONIC,630.0,"['2011-06-26', '2011-06-28', '2011-07-01', '2011-07-30', '2011-08-29', '2011-10-30', '2017-03-07', '2018-05-01', '2023-04-12', '2024-01-09', '2024-06-13', '2025-10-27']",MDT
"MEDTRONIC, INC",67.0,['2018-07-01'],MDT
MEESHO,901.0,"['2020-04-08', '2022-04-11', '2022-08-29', '2023-05-05']",MEESHO.BO
"MEGA MART, LLC. (DBA PICK 'N SAVE)",71.0,['2017-09-06'],VMM.BO
"MEGABUS NORTHEAST, LLC",436.0,"['2020-05-01', '2024-06-01', '2024-06-20']",VRT
"MEGGITT (NORTH HOLLYWOOD), INC.",96.0,['2016-11-08'],MU
"MEGGITT SAFETY SYSTEMS, INC.",55.0,['2020-06-05'],MU
"MEL S. HARRIS AND ASSOCIATES, LLC",148.0,"['2015-06-02', '2022-06-22']",VRT
"MELLANOX TECHNOLOGIES SILICON PHOTONICS, INC.",98.0,['2018-01-09'],MU
"MENASHA PACKAGING COMPANY, LLC",62.0,"['2018-01-17', '2018-01-24', '2022-01-01', '2022-04-14']",VRT
"MENU SOLUTIONS, INC.",60.0,['2018-02-23'],MU
"MEOPTA U.S.A, INC.",42.0,['2017-01-05'],MU
"MEPCO, LLC",385.0,"['2018-01-01', '2020-04-21']",VRT
MERCADOLIBRE,116.0,['2026-01-12'],MELI
MERCEDES-BENZ,115.0,['2018-04-01'],MBG.DE
"MERCEDES-BENZ RESEARCH & DEVELOPMENT NORTH AMERICA, INC.",72.0,['2026-05-08'],MU
"MERCEDES-BENZ USA, LLC",259.0,['2015-04-01'],VRT
"MERCHANTS METALS, LLC",136.0,['2020-01-20'],VRT
"MERCI MERCI ME, LLC",101.0,['2020-05-11'],VRT
"MERCK & CO INC., VARICELLA BULK MANUFACTURING FACILITY",150.0,['2019-07-25'],MRK
"MERCK & CO, INC",2722.0,"['2009-12-01', '2010-07-01', '2010-11-01', '2013-10-01', '2014-07-01', '2016-08-01', '2016-09-15', '2017-12-05', '2019-10-01', '2024-01-01', '2025-03-01']",MRK
MERCK & CO.,58.0,['2025-08-01'],MRK
"MERCK & CO., INC. (""MERCK""); MERCK SHARP & DOHME CORP.; ACCELERON PHARMA INC. (""ACCELERON"")",170.0,['2022-03-16'],MRK
"MERCK & CO., INC. (SIERRA THERAPEUTICS, INC.)",67.0,['2011-10-31'],MRK
"MERCURY FUEL SERVICE, INC.",112.0,['2021-07-01'],MU
"MERCURY SYSTEMS, INC.",100.0,"['2020-06-25', '2026-01-30']",MRCY
"MERCY HEALTH KANSAS COMMUNITIES, INC., D/B/A MERCY",327.0,['2018-10-26'],MU
"MERGE LEFT,INC.",77.0,['2011-10-01'],MU
"MERIT LOGISTICS, LLC",403.0,"['2012-11-01', '2021-09-15', '2024-01-10', '2024-09-25', '2026-03-13']",VRT
"MERITOR, INC.",134.0,"['2020-04-21', '2021-06-30']",MU
"MERRITT HOSPITALITY, LLC",539.0,"['2020-05-01', '2020-05-20', '2020-05-26', '2020-05-27', '2020-06-04']",VRT
"MERRITT ISLAND BOAT WORKS, INC.",103.0,['2020-07-24'],MU
"MESA BEVERAGE CO., INC.",137.0,['2015-08-25'],MU
"MESABA AIRLINES, INC.",112.0,['2011-09-26'],MU
META COMPANY,270.0,"['2018-09-07', '2023-09-01']",TMC
"META PLATFORMS, INC",7699.0,"['2020-07-06', '2022-11-11', '2022-11-16', '2022-12-02', '2023-05-04', '2023-05-08', '2023-06-21', '2023-06-23', '2023-06-26', '2025-10-23', '2026-01-19', '2026-01-21', '2026-02-03', '2026-03-31', '2026-04-01']",META
"META PLATFORMS, INC, (ALTERRA PKWY.)",7.0,['2022-11-16'],META
"META PLATFORMS, INC. (MCALLEN PASS)",11.0,['2022-11-16'],META
"META PLATFORMS, INC. (WEST 3RD)",154.0,['2022-11-16'],META
"META PLATFORMS, INC. - 1 HACKER",6.0,['2026-02-03'],META
"META PLATFORMS, INC. - 180 JEFFERSON",5.0,['2026-02-03'],META
"META PLATFORMS, INC. - 305 CONSTITUTION",39.0,['2026-02-03'],META
"META PLATFORMS, INC.(W,6TH)",50.0,['2022-11-16'],META
"METACOASTAL, LLC",97.0,"['2020-03-31', '2025-04-08']",VRT
"METIS TPS, LLC",500.0,['2020-02-12'],VRT
METLIFE,2256.0,"['2012-01-27', '2012-02-02', '2012-02-03', '2012-03-30', '2012-03-31', '2012-05-01', '2013-12-31', '2015-09-01', '2016-06-30', '2016-08-31', '2016-09-28', '2017-10-31', '2019-07-30', '2019-07-31', '2019-08-08', '2019-08-20', '2019-10-31']",MET
"METRO ATHLETIC MEDICINE AND FITNESS, P.C.",54.0,['2018-06-14'],PCSGH.BK
"METRO MOBILITY MANAGEMENT GROUP, LLC",286.0,['2014-12-04'],VRT
"METROWEST PACKAGE, INC.",201.0,['2021-01-19'],MU
"METTIKI COAL (WV), LLC",291.0,"['2026-01-29', '2026-04-01']",VRT
"METTLER-TOLEDO AUTOCHEM, INC.",21.0,['2014-01-24'],MU
"METTLER-TOLEDO RAININ, LLC",89.0,['2025-11-17'],VRT
"METTLER-TOLEDO, LLC HI-SPEED DIVISION",69.0,['2017-11-22'],MTD
"MEUNDIES, INC.",101.0,['2020-06-26'],MU
"MEXI-GRILL, LLC DBA JAVIER'S NEWPORT BEACH",239.0,['2023-11-16'],CMG
"MEXICALI, INC.",55.0,['2018-10-29'],MU
"MG HOSPITALITY GROUP, INC.",120.0,['2020-04-07'],MU
"MG HOSPITALITY MET II, INC. AND MG DB MET II, INC.",277.0,['2020-04-07'],MU
"MGM GRAND HOTEL, LLC",133.0,"['2020-05-05', '2020-05-11']",VRT
MGM RESORTS INTERNATIONAL,231.0,"['2020-05-05', '2020-05-11']",MGM
"MGM RESORTS INTERNATIONAL MARKETING, INC.",23.0,['2020-05-05'],MU
"MGS MFG. GROUP, INC.",65.0,['2020-01-13'],MU
"MHN GOVERNMENT SERVICES, INC. (SUBSIDIARY OF HEALTH NET, INC)",41.0,"['2010-08-03', '2010-10-12', '2010-12-03']",MU
"MHN SERVICES (SUBSIDIARY OF HEALTH NET, INC)",10.0,['2010-08-03'],MU
"MI PUEBLO, LLC",115.0,"['2016-05-23', '2017-03-22']",VRT
"MI WINDOWS AND DOORS, INC.",169.0,"['2010-10-29', '2012-06-01']",MU
"MICHAEL NICHOLAS DESIGNS, LLC",394.0,"['2020-03-23', '2025-01-10']",VRT
"MICHAEL WALTRIP RACING MANAGEMENT COMPANY, LLC",217.0,['2015-09-01'],VRT
"MICHAELS STORES PROCUREMENT COMPANY, INC.",522.0,"['2020-02-01', '2022-04-27']",MU
"MICHAUD RESIDENTIAL HEALTH CARE FACILITY, INC.",113.0,['2017-07-03'],MU
MICHELIN,75.0,['2010-07-21'],ML.PA
"MICHIGAN SPRING & STAMPING OF MUSKEGON, LLC",116.0,['2025-01-13'],VRT
MICO,100.0,['2018-06-01'],8210.TW
"MICRO MATIC USA, INC.",104.0,['2020-04-30'],MU
MICROCHIP,631.0,"['2025-03-03', '2025-03-04', '2025-10-29']",MCHP
MICRON,7500.0,"['2023-01-01', '2023-02-17', '2025-08-12']",MU
"MICROPLASTICS, INC.",86.0,['2025-12-19'],MU
MICROSOFT,10733.0,"['2014-07-17', '2014-09-18', '2014-10-30', '2022-07-12', '2022-10-17', '2023-01-18', '2023-02-08', '2023-02-09', '2023-02-13', '2023-03-06', '2023-03-20', '2023-03-27', '2023-04-03', '2023-05-09', '2023-05-10', '2023-06-05', '2023-07-07', '2023-07-10', '2023-07-18', '2023-08-10', '2024-01-25', '2024-06-03', '2024-07-03', '2024-09-12', '2025-01-07', '2025-01-14', '2025-05-13', '2025-06-02', '2025-06-24', '2025-07-02', '2025-08-04', '2025-09-08']",MSFT
"MICROTECH SOUTHWEST, INC./WESTFALL TECHNIK, INC.",60.0,['2023-02-23'],MU
MICROVISION,49.0,['2026-03-03'],MVIS
"MID HUDSON MEDICAL GROUP, P. C.",746.0,['2014-10-03'],PHPCNY=X
"MID ROCKLAND IMAGING PARTNERS, INC.",1589.0,"['2020-03-24', '2020-04-03', '2020-04-10', '2020-05-05']",MU
"MID-KANSAS INVESTMENT, INC",55.0,['2020-03-23'],MU
"MID-SOUTH TRANSPORTATION MANAGEMENT, INC.",18.0,['2024-08-20'],MU
"MIDDLE EAST BAKERY, INC.",47.0,['2020-04-06'],MU
"MIDDLESEX AVENUE LOGISTICS, LLC",364.0,['2015-05-01'],VRT
"MIDLAND CREDIT MANAGEMENT, INC.",40.0,['2015-02-27'],MU
"MIDWESCO FILTER RESOURCES, INC.",147.0,['2016-05-05'],MU
"MII BRAND IMPORT, LLC",42.0,['2020-07-29'],VRT
"MIKE DITKA'S - CHICAGO, L.L.C.",70.0,['2020-06-01'],BCC
"MILE HI SPECIALTY FOODS, INC.",211.0,"['2016-04-22', '2017-11-14']",MU
"MILESTONE REPORTING COMPANY, LLC",439.0,"['2021-10-29', '2022-03-31', '2022-04-21', '2022-05-19', '2022-07-15', '2022-08-29', '2022-11-16', '2023-03-15', '2023-04-19', '2023-06-01', '2023-09-28', '2024-03-27', '2024-09-30', '2024-10-30', '2024-11-14', '2025-01-10', '2025-02-12', '2026-03-16']",VRT
"MILLENNIUM MEDICAL STAFFING, INC.",135.0,['2018-05-31'],MU
"MILLENNIUM PACKAGING SOLUTIONS, LLC",61.0,['2013-01-14'],VRT
"MILLER'S HEALTH SYSTEMS, INC.",1382.0,['2022-05-02'],MU
MILLERKNOLL INC.,161.0,['2023-03-29'],MLKN
"MILLERS ALE HOUSE, INC.",754.0,"['2020-04-06', '2020-04-17', '2020-04-20', '2020-04-21']",MU
"MILLWOOD, INC.",112.0,['2026-03-03'],MU
"MILPRINT INC. (BEMIS COMPANY, INC.)",230.0,"['2011-12-05', '2012-03-03']",MU
"MIMEO.COM, INC.",116.0,['2018-05-01'],MU
"MINACT, INC.",118.0,['2026-01-30'],MU
MIND BODY,1282.0,"['2020-04-02', '2020-04-03', '2020-04-07', '2022-10-26']",MBS37266-USD
"MINDBODY, INC.",430.0,"['2020-04-18', '2022-10-28', '2024-10-17']",MU
"MINDSPARK INTERACTIVE NETWORK, INC.",170.0,"['2010-01-02', '2016-03-30', '2016-07-18']",MU
"MINDSTRONG, INC. AND MINDSTRONG HEALTH SERVICES, P.C.",301.0,"['2010-07-29', '2023-02-01']",PCSGH.BK
"MINIM PRODUCTIONS, INC.",458.0,"['2010-11-29', '2013-06-03', '2020-05-22']",MU
"MINING EXCHANGE, A WYNDHAM GRAND HOTEL",76.0,['2020-09-10'],DMC-USD
"MINNIE MARIE BAKERS, INC.",93.0,['2023-08-03'],MU
MINTED,147.0,['2020-04-03'],MTD21418-USD
"MINTED, LLC",71.0,"['2020-04-17', '2023-02-27']",MTD21418-USD
MIRO,394.0,"['2023-02-02', '2024-10-30']",0P0001JBXF.F
"MISSION AMBULANCE, INC.",134.0,['2023-02-06'],MU
"MISSION COAL COMPANY SEMINOLE WEST VIRGINIA MINING COMPLEX, LLC",252.0,['2019-02-05'],VRT
"MISTRAS GROUP, INC. AND SUBSIDIARY QUALITY SERVICES LABORATORIES IN",261.0,['2018-01-23'],MG
MITSUBISHI ELECTRIC,130.0,['2011-05-17'],6503.T
"MITSUBISHI ELECTRIC POWER PRODUCTS, INC.",160.0,['2019-11-12'],MU
"MITSUBISHI ELECTRIC US, INC.",52.0,['2020-04-22'],MU
"MITSUBISHI ELECTRIC VISUAL SOLUTIONS AMERICA, INC",60.0,['2012-11-30'],MU
"MITSUBISHI MOTORS NORTH AMERICA, INC.",256.0,"['2013-11-05', '2019-06-25']",MU
"MITSUI BUSSAN LOGISTICS, INC.",192.0,['2012-02-28'],MU
"MIZKAN AMERICA, INC.",278.0,"['2020-03-23', '2025-07-17']",MU
"MJ MECHANICAL SERVICES, INC.",44.0,['2020-04-15'],MU
MMC,64.0,['2015-03-25'],MMC=F
"MMT CRAFT, LLC, DBA MODERN TIMES BEER & COFFEE",77.0,['2024-09-09'],VRT
"MOBILEFORMING, LLC",55.0,['2020-05-19'],VRT
MOBILEYE,300.0,"['2024-09-09', '2025-12-08']",MBLY
"MOBITV, INC.",287.0,"['2015-10-01', '2016-03-01', '2021-03-12', '2021-04-26', '2024-12-01', '2024-12-20', '2025-02-19']",MU
"MODERN HR, INC DBA THE KOOPLES BLOOM, INC.",28.0,['2024-11-26'],MU
MODINE,172.0,"['2011-01-27', '2011-08-30']",MOD
"MOE LARRY CHEESE, LLC",117.0,['2020-03-25'],VRT
MOGO,78.0,['2020-03-27'],OY4.F
"MOHAWK ESV, INC.",600.0,['2022-08-02'],MU
MOHAWK INDUSTRIES,814.0,"['2012-04-13', '2012-08-16', '2012-09-25', '2012-11-20', '2014-10-14', '2015-12-31', '2017-03-08', '2021-03-03']",MHK
"MOJAVE DESERT MINERALS, LLC",56.0,['2012-07-12'],VRT
"MOLECULAR DEVICES, LLC",76.0,"['2020-05-13', '2024-08-09']",VRT
"MOLINA HEALTHCARE, INC. (MHI)",53.0,"['2017-07-27', '2017-10-26']",MOH
MOLSON COORS,600.0,"['2019-10-30', '2023-02-27', '2023-10-02']",TAP
MOLSON COORS BEVERAGE COMPANY,977.0,"['2020-03-05', '2020-11-02', '2024-11-06']",TAP
"MOMO WEST, LLC",229.0,"['2020-04-28', '2020-08-17']",VRT
"MON AMI BETHESDA, LLC",55.0,['2024-02-12'],VRT
"MONACO RV, LLC",102.0,['2012-10-30'],VRT
"MONARCH BEVERAGE CO., EF TRANSIT, INC. & MONARCH BEVERAGE CO., EF TRANSIT, INC. & MONARCH MEDICAL CENTER, LLC",1266.0,['2020-10-05'],VRT
"MONARCH DELIVERS, LLC",72.0,['2022-03-16'],VRT
MONDRIAN,325.0,"['2020-04-02', '2020-05-14']",0P0001IQGD
"MONEY MAP PRESS, LLC",114.0,"['2022-08-16', '2023-09-20']",VRT
"MONONGALIA COUNTY COAL RESOURCES, INC.",574.0,"['2013-06-07', '2021-06-01', '2021-06-04']",MU
"MONTAGE HOTELS AND RESORTS, LLC",54.0,['2018-01-29'],VRT
"MONTAGE PALMETTO BLUFF, LLC",132.0,['2022-01-01'],VRT
"MONTAUK STUDENT TRANSPORT, LLC",384.0,"['2016-06-01', '2017-04-21']",VRT
"MONTEBELLO CONTAINER COMPANY, LLC",64.0,['2019-10-21'],VRT
"MONTESORO GOLF AND SOCIAL CLUB, LLC",162.0,"['2010-01-08', '2020-04-14', '2020-08-12']",VRT
"MONTESSORI WEST, INC.",353.0,"['2011-02-01', '2019-05-01', '2020-03-24', '2025-01-24', '2026-04-08']",MU
"MONZO SUPPORT US, INC.",140.0,['2020-04-07'],MU
MOOG INC.,22.0,['2016-02-02'],MOG-A
"MOON RIDGE FOODS, LLC",240.0,['2018-01-11'],VRT
MOONPAY,30.0,['2024-06-05'],MOONZZX
MOOV,1852.0,"['2022-05-09', '2022-08-08', '2022-12-06', '2023-01-18', '2023-04-27', '2024-01-23', '2024-09-25']",MOOVE-USD
"MORAN FOODS, LLC D/B/A SAVE-A-LOT, LTD.",35.0,['2017-01-19'],005930.KS
"MOREFLAVOR, INC.",51.0,['2024-07-19'],MU
"MORGAN CORP., POTASH CORPORATION",260.0,"['2015-01-22', '2017-12-08']",0P0001F1AF.T
"MORGAN OLSON, LLC",975.0,"['2023-10-23', '2023-10-25', '2024-12-18']",VRT
"MORGAN TRUCK BODY, LLC",202.0,"['2025-06-02', '2025-10-01']",VRT
"MORGAN, LEWIS & BOCKIUS LLP",100.0,"['2015-01-06', '2015-01-28']",JOYT
"MORIMOTO NY VENTURE, L.P.",113.0,['2020-02-07'],EPD
"MORNINGSTAR FOODS, LLC",103.0,"['2012-02-16', '2020-05-01']",VRT
"MORPHE,LLC",15.0,['2020-04-21'],MPH-USD
"MORRISON HEALTHCARE, INC.",216.0,"['2015-02-01', '2017-04-07', '2017-06-21']",MU
MORTGAGE BANK,1436.0,"['2013-01-14', '2013-06-04', '2013-06-07', '2013-08-09', '2013-09-24', '2014-02-01']",FH21.SG
"MOSAIC FERTILIZER, LLC",1081.0,"['2010-07-13', '2017-10-31']",VRT
"MOSAIC SALES SOLUTIONS US OPERATING CO., LLC (AT SAMSUNG STORE #837, MANHATTAN)",45.0,['2020-08-21'],MANU.V
MOSS,291.0,"['2012-02-14', '2012-02-24', '2022-09-23', '2023-05-19']",F73.F
"MOSS & STONE, LLC",104.0,['2014-07-31'],VRT
"MOTIONAL AD, INC.",145.0,['2024-05-01'],MU
"MOTOROLA SOLUTIONS, INC.",301.0,"['2013-05-21', '2013-07-02', '2013-07-30', '2013-10-08', '2014-01-09', '2014-06-10']",MSI
"MOTOROLA SOLUTIONS, INC. REPAIR AND ORDER MANAGEMENT",50.0,['2013-04-25'],MSI
"MOUNT HERMON ASSOCIATION, INC.",343.0,"['2014-08-19', '2020-10-12']",MU
"MOUNTAIN VALLEY EXPRESS COMPANY, INC.",361.0,"['2010-03-31', '2010-07-02', '2010-09-05']",MU
MOVIE STAR,34.0,['2010-08-30'],MSI
"MOXION POWER, INC.",249.0,['2024-07-23'],MU
"MOZZARELLA FRESCA, INC.",144.0,['2013-09-06'],MU
MPL,386.0,"['2022-11-09', '2023-08-08']",MPL
MPP,55.0,['2018-10-02'],MPPTF
"MR. C MANAGER, LLC",103.0,['2020-03-30'],VRT
"MSC GROUP,INC",12.0,['2012-10-05'],MU
"MSG ENTERTAINMENT GROUP, LLC DBA MSG CHICAGO, LLC",46.0,['2020-09-30'],VRT
"MSG SPORTS & ENTERTAINMENT, LLC",72.0,['2020-02-13'],VRT
"MSG SPORTS, LLC (2 PENN PLAZA, NYC)",53.0,['2020-08-04'],SF=F
"MSRE MANAGEMENT, L.L.C., DBA MARTIN SELIG REAL ESTATE",86.0,['2025-03-28'],BCC
MSSC,170.0,['2020-05-22'],MSSCX
MTD,152.0,['2012-05-09'],MTD
"MTIL, INC",140.0,['2021-04-27'],MU
"MUFG UNION BANK, N.A.",266.0,"['2011-03-11', '2013-04-30', '2017-04-20', '2019-02-27']",FLG
"MULTI-FINELINE ELECTRONIX, INC.",85.0,"['2010-07-02', '2010-09-01', '2010-09-30']",MU
MULTIVERSE,145.0,"['2023-06-01', '2023-10-25', '2023-11-28', '2026-01-05']",SKYA-USD
"MUNDY MAINTENANCE AND SERVICES, LLC",220.0,"['2017-11-21', '2020-03-26', '2020-05-06']",VRT
"MURAD, LLC",257.0,"['2010-04-07', '2022-01-12']",VRT
"MURAL ONCOLOGY, INC.",117.0,['2025-04-16'],MU
"MURRAY AMERICAN RIVER TOWING, INC",69.0,['2020-04-01'],MU
"MURRAY ENERGY ANCHOR LONG WALL & REBUILD, INC.",659.0,"['2016-06-30', '2020-05-28', '2020-06-26', '2020-07-20', '2020-08-21']",MU
"MURRAY HILL MEDICAL GROUP, P.C.",113.0,['2018-10-02'],PCSGH.BK
"MURRAY MAPLE EAGLE COAL, LLC",155.0,['2019-12-20'],VRT
"MUSEUM OF CONTEMPORARY ART, LOS ANGELES",267.0,"['2020-03-24', '2020-07-06']",0P0001A0GW.F
"MUSEUM OF FINE ARTS, BOSTON",50.0,['2020-04-09'],BSX
"MUSEUM OF ICE CREAM, LOS ANGELES",114.0,['2017-10-19'],0P0001A0GX.L
"MUSEUM WALK APARTMENTS, LLC",49.0,['2020-04-02'],VRT
"MUSIC CITY DELIVERY, LLC",98.0,['2026-01-26'],VRT
"MUSICIAN'S FRIEND, INC.",288.0,"['2011-07-12', '2011-10-14']",MU
"MUSICIAN'S INSTITUTE INTERNATIONAL, INC.",231.0,"['2012-02-06', '2012-02-13', '2020-04-17']",MU
"MUSTANG SURVIVAL MFG, INC.",70.0,['2016-06-16'],MU
MUX,80.0,"['2022-09-29', '2023-05-31']",MUX
MVM,247.0,['2025-02-26'],MVMD.CN
"MVM, INC.",751.0,"['2012-03-22', '2012-03-23', '2013-03-08', '2013-07-22']",MVM7PPR.VI
"MVM, INC. (MCALLEN)",132.0,['2025-02-26'],MVM7PTR.VI
"MVW SSC, INC.",100.0,"['2020-09-03', '2020-09-25']",MU
"MVW SSC, INC. CORPORATE",20.0,['2020-11-30'],0P0001FKM7.TO
MX,200.0,['2022-10-11'],MX
MYERS INDUSTRIES,120.0,['2024-07-31'],MYE
"MYSPACE, INC",516.0,"['2011-01-11', '2011-06-29', '2012-12-31']",MU
"MZL HOME CARE AGENCY, LLC",1535.0,['2018-04-06'],VRT
"NAFTOON, INC, DBA STEVENS CREEK NISSAN",90.0,"['2020-04-10', '2020-04-11']",MU
"NANOSOLAR, INC",170.0,['2013-04-15'],MU
NAPA,64.0,"['2019-12-31', '2020-04-01']",0QJ4.L
"NASH AND SONS TRUCKING, INC.",150.0,['2021-12-28'],MU
"NASSAU EVENT OPERATIONS (ASM GLOBAL) AT NYCB LIVE (AEG MANAGEMENT NASSAU, LLC)",1419.0,['2020-06-19'],VRT
"NATHAN'S FAMOUS, INC.",71.0,"['2012-11-26', '2018-10-24']",NATH
"NATIONAL DISTRIBUTION CENTERS, LLC & NFI INTERACTIVE LOGISTICS, LLC",158.0,['2025-08-13'],VRT
"NATIONAL DIVERSIFIED SALES, INC.",30.0,['2021-11-01'],MU
"NATIONAL ENVELOPE, INC.",109.0,['2012-03-12'],MU
NATIONAL EXPRESS,576.0,"['2020-11-20', '2020-12-02']",3NA.MU
"NATIONAL FIRE & SAFETY, INC.",99.0,['2024-10-16'],MU
"NATIONAL FOOTBALL LEAGUE ENTERPRISES, LLC",466.0,['2020-05-18'],VRT
"NATIONAL FULFILLMENT SERVICES, LLC",237.0,"['2016-01-29', '2025-09-01']",VRT
"NATIONAL HYBRID, INC.",84.0,['2010-06-03'],MU
"NATIONAL MOLDING, LLC",43.0,['2019-01-01'],VRT
NATIONAL OILWELL VARCO,1094.0,"['2015-07-31', '2016-01-07', '2016-03-01', '2016-08-29', '2020-11-19', '2025-05-07']",NOV
"NATIONAL SEATING & MOBILITY, INC.",108.0,['2023-03-02'],MU
"NATIONAL VISION, INC.",357.0,"['2011-05-01', '2020-06-05', '2020-08-19', '2020-08-20', '2020-09-02', '2020-09-15']",7NV.F
"NATIONAL VISION, INC. (OPERATING WALMART VISION CARE)",16.0,['2023-12-15'],7NV.F
NATIONSTAR,520.0,"['2014-03-28', '2014-04-30', '2014-10-14', '2015-03-31', '2024-06-17']",002449.SZ
NATIONWIDE,588.0,"['2019-02-13', '2020-06-23', '2020-09-25']",NWRV
"NATIRAR RESORT DEVELOPMENT, LLC",160.0,"['2014-06-01', '2018-07-01']",VRT
"NATIVE BOUQUET, LLC",97.0,['2016-10-31'],VRT
"NATURA PCR, LLC",88.0,['2025-11-03'],VRT
NATURAL ALTERNATIVES INTERNATIONAL,66.0,['2023-09-27'],NAII
"NATURAL BALANCE PET FOODS, INC.",92.0,['2013-12-31'],MU
NAV,30.0,['2020-04-07'],NVTS
"NAVAJO MANUFACTURING CO., INC.",11.0,['2025-04-16'],MU
NAVAN,290.0,"['2023-12-05', '2023-12-06']",NAVN
"NAVISTAR DIESEL OF AL, LLC",220.0,['2014-03-05'],VRT
NAYAX,102.0,"['2025-07-07', '2026-04-15']",NAYAX
"NB FARMS, INC.",145.0,['2024-10-23'],MU
"NBC UNIVERSAL MEDIA, LLC, NBC UNIVERSAL PRODUCTION SERVICES, LLC",95.0,"['2021-02-26', '2022-08-29']",VRT
"NBCUNIVERSAL (BLDGS. 1280, 1320, 1360, AND 4250)",73.0,"['2025-05-22', '2025-11-13']",ZALNPX
"NBCUNIVERSAL MEDIA, LLC AND NBC WEST, LLC",10.0,['2022-09-28'],VRT
"NBTY INC. AND NBTY MANUFACTURING NEW YORK, INC.",287.0,"['2014-10-20', '2015-05-01']",MU
"NBTY MANUFACTURING NEW JERSEY, INC.",58.0,['2011-06-01'],MU
"NC FLOORING GROUP, INC.",41.0,['2020-04-16'],MU
"NC INTERACTIVE, LLC",133.0,"['2016-03-14', '2018-10-11', '2023-02-02', '2023-02-15']",VRT
NCC GROUP,125.0,"['2023-02-02', '2023-08-10']",NCC.L
"NCO CUSTOMER MANAGEMENT, INC",745.0,"['2010-04-06', '2012-03-02']",MU
"NCO NCO FINANCIAL SYSTEMS, INC.",368.0,['2010-12-01'],MU
"NCP SOLUTIONS, LLC",57.0,['2020-02-03'],VRT
NCR,35.0,['2017-09-06'],NCRA
"NDC TECHNOLOGIES, INC.",42.0,['2017-04-17'],MU
"NDSM CHEMUNG, LLC",247.0,['2022-05-09'],VRT
"NDSM DE PERE, LLC",135.0,['2022-05-10'],VRT
"NE TIMEAS RESTAURANT GROUP, INC.",690.0,"['2020-03-25', '2020-03-26', '2020-04-11', '2020-05-04', '2023-02-17']",MU
"NE VIRGINIA EMERGENCY PHYSICIANS, LLC",137.0,['2023-10-24'],VRT
"NECO FINE FOODS, LLC",49.0,['2012-03-16'],VRT
"NEDERLANDER PRODUCTIONS, INC.",58.0,"['2020-04-06', '2020-05-09']",MU
NEENAH PAPER,100.0,['2018-10-25'],NP
"NEIGHBORS HEALTH, LLC.",56.0,['2018-10-29'],VRT
"NELSON-MILLER, INC.",127.0,['2017-11-21'],MU
NEOTECH,76.0,['2024-01-26'],NTMFF
"NEOVIA LOGISTICS DISTRIBUTION, LP",181.0,"['2024-03-06', '2025-02-20', '2025-06-19']",ET
"NEP IMAGE GROUP, LLC",12.0,['2016-01-20'],VRT
NERDY,18.0,"['2020-03-20', '2022-12-08']",NRDY
NESTLE,1356.0,"['2017-06-20', '2017-11-06', '2019-08-16', '2019-09-03', '2019-11-06', '2023-11-01']",NESN.SW
"NESTLE R&D CENTER, INC.",51.0,['2020-03-16'],MU
"NESTLE USA, INC",3087.0,"['2015-04-30', '2015-05-08', '2016-05-26', '2016-10-25', '2017-05-26', '2017-10-09', '2017-10-18', '2018-04-17', '2018-10-15', '2019-08-19', '2019-09-02', '2020-03-09', '2020-09-02', '2020-09-10', '2020-09-15', '2021-05-12', '2022-03-04']",MU
NETAPP,1845.0,"['2016-11-03', '2020-09-14', '2023-01-31', '2025-04-30']",NTAP
NETFLIX,1079.0,"['2018-10-22', '2022-04-28', '2022-05-17', '2022-06-23', '2022-09-14']",NFLX
NETFLIX INC,68.0,['2015-04-02'],NFLX
"NETFLIX, INC.3RD PARTY AGENCY SPHERION",101.0,['2010-09-07'],NFLX
"NETFLIX,INC(SPHERION 3RD PARTY TEMP AGEMCU EMPLOY)",131.0,['2010-06-27'],NFLX
"NETWORKING IMAGING SOLUTIONS, LLC",280.0,['2025-11-14'],VRT
"NEUGEN, LLC",110.0,['2022-06-01'],VRT
"NEUMODX MOLECULAR, INC.",175.0,['2024-06-24'],MU
"NEUROONETICS, INC",97.0,['2020-04-01'],MU
"NEVADA COACHES, LLC",112.0,['2017-08-23'],VRT
"NEVERSOFT ENTERTAINMENT, INC.",54.0,['2010-04-16'],MU
NEW,280.0,['2012-01-31'],6N=F
NEW BALANCE,13.0,['2020-12-04'],0P00013XVX.HK
"NEW BREED LEASING OF NEW JERSEY, INC.",133.0,"['2010-06-01', '2011-04-01']",MU
"NEW COLUMBIA FRUIT PACKERS, LLC",357.0,"['2021-03-12', '2024-05-31']",VRT
"NEW DAIRY ALABAMA, LLC",236.0,['2022-08-04'],VRT
"NEW DIMENSION ONE SPAS, INC",37.0,"['2013-05-03', '2013-05-25']",MU
"NEW DORP APPLE, LLC",98.0,"['2020-03-25', '2020-04-15']",VRT
"NEW ERA OHIO, LLC",138.0,['2010-03-09'],VRT
"NEW HORIZON KIDS QUEST IV, INC.",11.0,['2014-03-26'],MU
NEW HORIZONS,224.0,"['2011-08-09', '2020-07-16']",PRNHX
"NEW MATHER METALS, INC.",168.0,['2010-02-01'],MU
"NEW MEDIA NEWS, LLC",74.0,['2017-11-03'],VRT
"NEW PENN MOTOR EXPRESS, LLC",98.0,['2019-07-01'],VRT
"NEW PUNCH BOWL SACRAMENTO, LLC",198.0,"['2020-03-20', '2025-10-24']",VRT
"NEW REZ, LLC",741.0,"['2022-11-04', '2024-05-02', '2024-06-03', '2024-06-27', '2024-06-28']",VRT
"NEW ROC FEC, LLC",124.0,['2020-08-11'],VRT
"NEW ROCHELLE APPLE, LLC",50.0,['2020-03-25'],VRT
"NEW VISTA BEHAVIORAL HEALTHCARE, INC",132.0,['2019-05-01'],MU
"NEW WINCUP HOLDINGS, INC.",432.0,"['2011-03-14', '2011-07-01', '2011-08-03', '2018-04-01', '2018-04-06']",MU
"NEW YORK CONVENTION CENTER OPERATING CORPORATION (THE JAVITS CENTER, NYC)",1937.0,['2020-06-15'],SF=F
"NEW YORK SKYLINE, INC.",90.0,['2015-10-02'],MU
"NEWELL BRANDS, INC.",325.0,"['2019-03-04', '2023-04-14']",NWL
NEWMONT,42.0,"['2025-08-28', '2025-10-01']",NEM
"NEWPORT DIVERSIFIED, INC.",241.0,"['2019-02-07', '2019-03-25', '2020-11-10', '2021-06-07']",MU
"NEWPORT TIMBER, LLC",13.0,['2025-08-21'],VRT
"NEWSLINK OF BOSTON, LLC",41.0,['2020-04-14'],VRT
"NEWSOUTH WINDOW SOLUTIONS, LLC",225.0,['2024-11-18'],VRT
"NEWSTAR FRESH FOODS, LLC",381.0,"['2013-09-06', '2014-08-15']",VRT
"NEXANS ENERGY USA, INC.",176.0,['2020-03-23'],MU
"NEXERGY, INC.",562.0,"['2011-07-06', '2017-06-02', '2018-01-24', '2018-05-09', '2020-06-06']",MU
NEXTDOOR,97.0,"['2015-06-28', '2023-11-07', '2025-08-07']",NXDR
"NEXTRAQ, LLC",39.0,['2025-05-21'],VRT
"NEXXLINX INCORPORATED, INC.",280.0,['2017-05-09'],MU
NFI,207.0,"['2020-03-26', '2024-11-21', '2025-03-20', '2025-09-10']",NFI.TO
"NGK SPARK PLUGS (USA), INC.",69.0,"['2010-11-04', '2011-01-06', '2011-06-01', '2011-06-09']",MU
"NH RESEARCH, LLC",191.0,"['2018-05-30', '2023-01-12']",VRT
NICHE,24.0,['2024-03-08'],7139.KL
"NICHIHA USA, INC",171.0,['2025-10-09'],MU
NIELSEN,724.0,['2018-03-26'],SNIO.OL
"NIELSEN & BAINBRIDGE, LLC",108.0,['2023-05-08'],VRT
"NIELSEN COMPANY (US), LLC",453.0,"['2014-05-06', '2020-05-12']",VRT
"NII HOLDINGS, INC.",305.0,"['2014-07-01', '2023-10-02']",MU
"NIKE IHM, INC.",172.0,['2026-04-23'],MU
"NIKE RETAIL SERVICES, INC",193.0,['2026-01-26'],MU
"NIKE, INC.",798.0,"['2018-02-23', '2024-04-19']",NKE
"NIKE, INC. (NIKETOWN MIDTOWN)",357.0,['2017-12-14'],NKE
NIKOLA,511.0,"['2012-02-03', '2012-02-15', '2023-06-16', '2024-10-11', '2025-02-19']",NIKO-USD
NILFISK,6.0,['2018-03-01'],NF1.MU
"NIPPON PAPER INDSUTRIES USA, CO. LTD.",151.0,['2017-03-06'],005930.KS
"NIRVANA, INC., NIRVANA TRANSPORT, INC., NIRVANA WAREHOUSING",70.0,['2015-06-01'],ANA19513-USD
NITTA GELATIN INC,68.0,['2024-01-26'],4977.T
"NITTO, INC",86.0,['2025-01-08'],3110.T
"NJ EYE PROFESSIONALS, LLC",5.0,['2020-04-01'],VRT
"NJSWIM LAKESIDE, LLC",21.0,['2020-03-01'],VRT
"NJSWIM WARREN, LLC",16.0,['2020-03-01'],VRT
"NJVC, LLC",113.0,['2018-03-07'],VRT
"NKARTA, INC.",53.0,['2025-03-27'],NKTX
"NOBEL BIOCARE USA, LLC",357.0,['2020-04-20'],VRT
"NOBLE DRILLING, LLC",130.0,['2015-11-25'],VRT
"NOBU MALIBU, LLC",117.0,['2020-12-22'],VRT
NOON,340.0,['2023-04-18'],SEJ.SI
"NORCAL NURSERY, LLC",8.0,['2019-03-04'],VRT
NORCON,147.0,['2017-05-12'],JL80.F
"NORDAM GROUP, INC.",161.0,"['2014-01-10', '2020-05-12']",MU
NORDSON,114.0,['2024-10-07'],NDSN
"NORDSTROM CREDIT, INC.",7.0,['2025-06-03'],MU
NORFOLK SOUTHERN,104.0,['2020-02-18'],NSC
"NORKUS ENTERPRISES, INC. (NEI)",701.0,['2011-03-01'],0P000127NA.TO
"NORM THOMPSON OUTFITTERS, INC.",82.0,['2016-05-24'],MU
"NORM'S RESTAURANTS, LLC",241.0,"['2013-07-17', '2015-11-05', '2016-10-27']",VRT
"NOROTOS, INC.",50.0,['2010-07-12'],MU
NORRIS,62.0,['2015-01-20'],NRIS
NORTECH SYSTEMS,199.0,"['2020-08-01', '2024-05-16']",NSYS
"NORTEK GLOBAL HVAC, LLC",110.0,['2019-01-01'],VRT
"NORTH ATLANTIC SHIP REPAIR, LLC",908.0,"['2020-04-07', '2020-07-13', '2020-08-04', '2020-08-31', '2020-11-05', '2021-12-20', '2024-04-01']",VRT
"NORTH COAST REHAB, INC.",465.0,['2017-03-15'],MU
"NORTHBAY EDUCATION, INC.",136.0,['2020-06-08'],MU
"NORTHERN AIR CARGO, LLC",30.0,['2025-05-01'],VRT
"NORTHERN LEASING SYSTEMS, INC.",29.0,['2015-05-05'],MU
"NORTHROP GRUMMAN CORPORATION, MISSION SYSTEMS SECTOR",256.0,"['2021-05-11', '2023-10-05']",NOC
"NORTHROP GRUMMAN, INFORMATION SYSTEMS SECTOR, INTELLIGENCE SYSTEMS DIVISION",62.0,"['2013-03-31', '2013-09-30']",NOC
"NORTHSTAR DEMOLITION AND REMEDIATION, LP",51.0,['2019-10-31'],ET
"NORTHWEST AEROSPACE TECHNOLOGIES, INC",295.0,"['2016-01-29', '2020-03-31', '2020-04-06', '2020-04-24', '2021-01-20']",MU
"NORTHWEST FURNITURE EXPRESS, INC.",37.0,['2016-11-01'],MU
"NORTHWEST MOTORSPORT, LLC",142.0,['2024-01-24'],VRT
"NORTHWEST OFFSET PRINTING, INC.",68.0,['2025-07-01'],MU
NORTHWEST PIPE COMPANY,332.0,"['2012-10-29', '2015-04-06', '2016-07-12', '2016-12-06']",NWPX
"NORTHWEST TRUSTEE SERVICES, INC.",25.0,['2017-10-13'],MU
"NORTHWESTERN INDUSTRIES, INC",133.0,['2019-12-30'],MU
NORTONLIFELOCK INC.,195.0,"['2019-12-20', '2019-12-30', '2020-01-30', '2020-04-01', '2020-05-04', '2020-06-01', '2020-08-10', '2020-10-06']",SYM.HM
"NORVAX, LLC",494.0,"['2012-02-23', '2025-11-03']",VRT
"NOSCO, INC.",227.0,"['2016-01-01', '2024-04-03']",MU
"NOTRAX USA, INC.",124.0,"['2014-03-28', '2024-07-26']",MU
"NOURYON CHEMICALS, LLC",78.0,['2021-03-01'],VRT
NOV,149.0,['2015-07-07'],NOV
"NOVA KNITS, INC.",193.0,"['2009-12-31', '2022-08-01']",MU
NOVANTA,58.0,"['2018-08-28', '2019-06-05']",NOVT
"NOVASOM, INC",169.0,['2019-07-22'],MU
NOVO NORDISK,326.0,"['2014-09-04', '2025-09-01']",NVO
"NOVO NORDISK RESEARCH CENTER SEATTLE, INC",219.0,"['2010-11-18', '2020-04-11', '2023-03-01']",MU
"NOVOLEX BAGCRAFT, INC.",100.0,['2020-05-13'],MU
"NP 5TH, LLC",109.0,['2020-05-04'],VRT
NPL,61.0,"['2018-06-22', '2021-09-29']",0P0001LDDD.SA
"NREIS OF TEXAS, LLC",5.0,['2012-12-18'],VRT
NRG ENERGY,192.0,"['2013-02-01', '2017-09-27', '2018-03-15', '2018-04-17']",NRG
"NRG ENERGY, INC. (BOHEMIA OFFICE)",81.0,['2017-02-20'],NRG
"NRG ENERGY, INC. (DUNKIRK POWER PLANT)",64.0,['2015-11-18'],NRG
"NRG ENERGY, INC. (GREEN MOUNTAIN ENERGY NYC OFFICE-SALES AGENTS)",71.0,['2020-05-04'],NRG
"NRG ENERGY, INC. - HUNTLEY GENERATING STATION",211.0,"['2013-10-01', '2014-02-01', '2014-04-01', '2015-12-18']",NRG
"NRG ENERGY, INC. - VALLEY COTTAGE",50.0,['2017-02-20'],NRG
"NRG, HOMER CITY GENERATING STATION",129.0,['2023-04-01'],NRG
NS8,240.0,['2020-09-11'],NS8U.SI
"NSI INDUSTRIES, LLC DBA REMKE INDUSTRIES, INC.",107.0,"['2025-04-04', '2025-11-07']",MU
"NSI INDUSTRIES, LLC; METALLICS, INC",33.0,['2025-11-07'],MU
NSO,100.0,['2022-08-21'],NSOIX
NTT DATA,108.0,['2025-10-30'],3850.T
NUCERA,237.0,"['2024-07-30', '2025-09-01']",NCH2.F
NUCOR,956.0,"['2020-07-16', '2022-07-13', '2022-11-18', '2023-05-12']",NUE
"NUGGET SPARKS, LLC",154.0,['2020-09-18'],VRT
NURI,45.0,"['2022-05-25', '2022-10-17']",NRIX
"NURSERY SUPPLIES, INC.",40.0,['2020-05-22'],MU
"NURSERYMEN'S EXCHANGE, INC.",140.0,['2010-08-30'],MU
NUSCALE POWER,224.0,"['2020-04-01', '2024-01-08']",SMR
NUTANIX,270.0,['2022-08-09'],NTNX
NUTANIX INC.,8.0,['2020-04-30'],NTNX
"NUTCRACKER BRANDS, INC",66.0,['2018-04-12'],MU
"NUVASIVE, INC.",157.0,['2024-01-24'],MU
"NUWELD, INC.",96.0,['2016-05-01'],MU
"NYC & COMPANY, INC.",77.0,['2020-04-15'],MU
"NYC FOOD AND BEVERAGE, LLC",144.0,['2015-04-13'],VRT
"NYK (NORTH AMERICA), INC.",846.0,"['2018-01-01', '2020-04-10', '2020-04-24']",MU
"NZXT, INC.",55.0,['2024-01-25'],MU
"O'REILLY AUTOMOTIVE, INC.",1336.0,"['2010-09-09', '2022-08-08', '2023-03-01', '2024-02-26', '2024-05-07']",ORLY
"O-I (OWENS-ILLINOIS, INC./OWENS-BROCKWAY GLASS CONTAINER, INC.)",81.0,['2019-09-05'],MU
"O.P.H. - R.B., INC., THE ORIGINAL PANCAKE HOUSE",44.0,['2020-03-24'],MU
"O.W. LEE CO., INC.",276.0,"['2020-04-11', '2021-02-23']",MU
"OAK-MITSUI, INC.",20.0,['2017-10-05'],MU
"OAKLAND CITY UNIVERSITY, INC",167.0,['2026-04-01'],MU
"OASIS REHABILITATION CENTER, INC.",105.0,['2014-07-01'],MU
"OBIM FRESH-CUT FRUIT CO., LLC",272.0,['2010-12-06'],VRT
"OCEAN BEAUTY SEAFOODS, INC",69.0,['2016-10-31'],MU
"OCEAN SPRAY CRANBERRIES, INC.",138.0,['2014-02-01'],MU
"OCEAN VIEW FLOWERS, LLC",144.0,"['2020-04-10', '2020-04-11']",VRT
"OCEANEERING INTERNATIONAL, INC.'S MARINE SERVICES",291.0,"['2011-09-01', '2013-03-08', '2019-05-13']",OII
"OCULAR THERAPEUTIX, INC.",40.0,"['2024-06-03', '2024-10-22']",OCUL
"OFF THE GRID SERVICES, LLC - THE WHOLE CART, LLC",251.0,['2021-04-28'],VRT
"OFFSET PAPERBACK MANUFACTURERS, INC.",106.0,['2024-02-01'],MU
"OFL-BP, LLC.",359.0,['2019-05-09'],VRT
"OFL-C, LLC",12.0,['2019-05-03'],VRT
"OFL-WSH, LLC.",84.0,['2019-05-08'],VRT
"OILFIELD TRUCKING SOLUTIONS, A SUBSIDIARY OF SEVENTY SEVEN ENERGY, INC.",93.0,['2015-03-04'],MU
"OKI RINGO DBA COVINA, O YA, & ROOF @ PARK SOUTH",104.0,['2020-03-26'],OYYAT.IS
"OLD COUNTRY BUFFET - FMP OVATION PAYROLL, LLC",42.0,['2016-06-13'],VRT
"OLD DOMINION FREIGHT LINE, INC.",69.0,['2020-05-01'],ODFL
"OLD LONDON FOODS, INC.",228.0,['2010-01-20'],MU
"OLD TIME POTTERY, INC.",33.0,['2009-11-24'],MU
"OLDCASTLE BUILDINGENVELOPE, INC.",113.0,['2024-11-05'],MU
OLIVE,494.0,"['2022-07-19', '2023-02-09', '2023-10-31']",36S.F
"OLIVE AI, INC",132.0,"['2022-07-19', '2023-10-31']",MU
"OLYMPIC SECURITY SERVICES, INC.",54.0,['2010-03-11'],MU
"OMAHA STANDARD, LLC",98.0,['2024-10-11'],VRT
OMNI ENGINEERING,35.0,"['2015-11-02', '2015-11-27']",OMTK
"OMRON MICROSCAN SYSTEMS, INC.",64.0,"['2021-03-09', '2023-12-07']",MU
ON,60.0,['2024-07-16'],ON
"ON DEMAND PUBLISHING, LLC",58.0,['2018-07-03'],VRT
"ONDA LAY PIPE AND RENTAL, INC.",133.0,"['2013-09-12', '2014-04-11']",MU
"ONE 27 ROOF, LLC",124.0,['2020-03-16'],VRT
"ONE BUS: ORANGE-NEWARK-ELIZABETH BUS, INC.",131.0,['2024-06-01'],MU
"ONE PROSPECT PARK RESIDENCE, LLC",61.0,['2014-03-17'],VRT
"ONE WORKPLACE L. FERRARI, LLC.",114.0,['2020-04-17'],VRT
ONEFOOTBALL,212.0,"['2022-12-09', '2023-02-23']",OFC39851-USD
"ONEROOF ENERGY, INC.",63.0,['2016-12-22'],MU
ONESPAWORLD,155.0,"['2020-03-31', '2020-04-13']",OSW
"ONEWEST BANK, FSB",245.0,"['2011-05-26', '2013-08-31']",0P0001RG0Y.F
"OPEN 4 BUSINESS PRODUCTIONS, LLC",17.0,['2020-05-01'],VRT
OPEN DOOR,2155.0,"['2020-04-15', '2022-11-02', '2023-04-18', '2024-11-07']",3926.T
OPENSEA,611.0,"['2016-06-07', '2016-06-23', '2019-05-17', '2019-06-03', '2019-07-01', '2022-07-14', '2022-09-28', '2022-10-01', '2022-12-16', '2023-04-13', '2023-05-01', '2023-11-02', '2023-11-03']",OPESZZX
"OPENTABLE, INC.",43.0,"['2020-05-04', '2020-06-01']",MU
OPENX,35.0,['2020-04-28'],OPENX-USD
"OPERATIONS OF GLOBAL SPECTRUM, L.P. D/B/A SPECTRA VENUE MANAGEMENT (""SPECTRA"") AT CANALSIDE, BUFFALO, NY",194.0,['2017-01-24'],6676.T
OPMOBILITY,72.0,['2024-09-18'],EZM.DU
"OPRY CITY STAGE (GOOSPK 1604 BROADWAY II LLC, A SUBSIDIARY OF RYMAN HOSPITALITY PROPERTIES, INC.)",99.0,['2018-09-26'],MU
"OPTIONS FOR YOUTH-VICTOR VALLEY, INC.",108.0,['2017-07-05'],MU
"OPW FUEL MANAGEMENT SYSTEMS, INC.",34.0,['2022-05-11'],MU
"OPW FUELING COMPONENTS, LLC",22.0,['2018-05-30'],VRT
ORCHARD,180.0,"['2022-06-23', '2022-11-17', '2023-03-02', '2023-11-02']",0P0001K1BA
"ORCHARD SUPPLY COMPANY, LLC",1920.0,"['2018-08-22', '2018-08-23', '2018-10-20']",VRT
ORMET,943.0,"['2013-08-08', '2014-05-13']",ORMTQ
"ORTHONORCAL, INC",132.0,"['2021-11-03', '2021-11-05']",MU
"ORTHOPEDIC ASSOCIATES OF HAWAII, LLP",126.0,"['2019-09-17', '2023-05-19']",0P0001X4N8
"OS RESTAURANT SERVICES LLC (BLOOMING BRANDS, D/B/A: BONEFISH, CARRABBA’S, FLEMINGS, & OUTBACK)",1382.0,['2020-04-27'],OUTB
"OSMOSE UTILITIES SERVICES, INC.",101.0,['2018-01-12'],MU
"OSSO VR, INC.",134.0,"['2024-03-28', '2024-04-03']",MU
"OTF STUDIOS, LLC",147.0,['2020-05-04'],VRT
"OTG DCA VENTURE II, LLC",121.0,['2020-03-31'],VRT
"OTG JFK T5 VENTURE, LLC",362.0,['2020-03-22'],VRT
OTOVO,65.0,['2024-02-08'],OTOVO.OL
"OTTOBOCK ORTHOPEDIC SERVICES , LLC",68.0,['2013-08-01'],VRT
OUTBRAIN,328.0,"['2022-07-26', '2023-06-01', '2025-02-05']",852.SG
"OUTERBRIDGE APPLE, LLC",36.0,"['2016-07-27', '2020-03-25']",VRT
"OUTFORM GROUP, INC.",53.0,['2024-11-05'],MU
OUTOTEC,58.0,['2012-01-06'],M6Q.SG
OUTREACH,197.0,"['2022-08-02', '2023-02-27', '2023-08-01', '2023-09-20', '2024-11-06']",OUTHZZX
OVATIONS,539.0,['2013-04-30'],INOH
"OVERHILL FARMS, INC.",100.0,['2023-02-16'],MU
OWENS & MINOR,128.0,"['2022-12-19', '2024-10-11']",6OM.SG
"OWENS & MINOR DISTRIBUTION, INC.",189.0,['2016-07-06'],MU
"OWENS AND MINOR HALYARD, INC.",75.0,['2025-09-01'],MU
OWENS CORNING,940.0,"['2010-11-03', '2015-06-24', '2016-10-03', '2022-07-28', '2023-07-19', '2023-08-18', '2025-06-24', '2025-10-27']",OC
"OWENS CORNING INSULATING SYSTEMS, LLC",60.0,['2019-01-16'],VRT
"OWENS HEALTHCARE-RETAIL PHARMACY, INC.",119.0,"['2011-01-24', '2012-12-10', '2019-07-31']",MU
"OWENS ILLINOIS, INC.",479.0,"['2010-04-01', '2013-01-01']",OI
"OXFORD RESOURCE PARTNERS - KENTUCKY, LLC",70.0,['2012-12-06'],VRT
OYO,1850.0,"['2020-04-25', '2020-04-29', '2020-05-01', '2020-06-24', '2020-12-08', '2022-12-03']",OYOCF
OYSTER,260.0,"['2022-03-17', '2023-01-11', '2023-01-30', '2023-09-11', '2024-01-24', '2024-02-15']",3224.T
"OZARK MOUNTAIN TECHNOLOGIES, LLC",87.0,['2020-04-10'],VRT
"P.F. CHANG'S -ALLEN,TX",150.0,['2020-09-17'],TX
"P.F. CHANG'S -COLONY,TX",75.0,['2020-09-17'],TX
"P.S. PIBBS, INC.",87.0,['2020-03-26'],MU
"P.W.MINOR AND SONS, INC.",72.0,['2014-06-13'],MU
"P3I, INC.",606.0,"['2019-04-24', '2020-04-07']",MU
"PAC-12 ENTERPRISES, LLC",141.0,['2023-12-11'],VRT
PACE AMERICAN,335.0,"['2010-06-01', '2011-09-20']",USAI
"PACE AMERICAN ENTERPRISES, INC",558.0,"['2011-09-13', '2015-04-28', '2018-11-13']",MU
"PACE INDUSTRIES, INC., AIRO DIVISION",392.0,['2020-04-01'],MU
"PACIFIC 2.1 ENTERTAINMENT GROUP, INC.",392.0,['2020-05-19'],MU
"PACIFIC BEACH ALE HOUSE, INC",116.0,['2020-04-08'],MU
PACIFIC BIOSCIENCES OF CALIFORNIA,372.0,"['2011-09-20', '2024-05-08', '2025-04-10']",PACB
"PACIFIC COAST GRILL, INC.",115.0,['2020-06-11'],MU
"PACIFIC COAST MS INDUSTRIES CO., LTD",119.0,['2010-03-31'],005930.KS
"PACIFIC COAST SIGHTSEEING TOURS & CHARTERS, INC.",474.0,"['2018-06-18', '2019-04-04', '2019-09-24', '2020-04-30', '2023-10-20']",MU
PACIFIC GAS & ELECTRIC,67.0,['2013-05-10'],PCG
"PACIFIC GLOBAL ADVISORS, LLC",37.0,['2015-03-17'],VRT
"PACIFIC HARVEST, INC.",311.0,"['2016-02-01', '2016-02-18', '2016-11-21', '2019-09-17', '2022-12-29']",MU
"PACIFIC PALACE, INC.",175.0,['2010-02-01'],MU
"PACIFIC PHYSICIANS' LABORATORY, INC.",59.0,['2013-01-09'],MU
"PACIFIC SHIP REPAIR & FABRICATION, INC",360.0,"['2011-03-24', '2013-03-01']",MU
"PACIFIC SOUTH FARMS, LTD.",16.0,['2018-04-02'],005930.KS
"PACIFIC SOUTHWEST CONTAINERS, LLC",63.0,"['2018-11-30', '2021-04-27']",VRT
"PACIFIC SUNWEAR OF CALIFORNIA, LLC",121.0,['2018-10-23'],VRT
"PACIFICA FOODS, LLC",86.0,['2022-04-26'],VRT
"PACK RYT, INC.",125.0,['2010-04-13'],MU
"PACKERS SANITATION SERVICES, INC. (PSSI) CENTER, TEXAS",196.0,"['2023-06-27', '2024-01-08']",TXN
"PACKERS SANITATION SERVICES- CACTUS, TEXAS",113.0,['2023-04-18'],TXN
PACT,72.0,['2025-05-13'],CFIBTGPLAI.SN
"PACT PHARMA, INC.",124.0,"['2019-12-13', '2022-08-22']",MU
PAE,925.0,"['2016-07-18', '2019-03-14', '2019-04-02', '2019-06-28', '2020-11-18', '2021-10-01']",PAEEM.PA
"PAG ONTARIO B1, INC.",86.0,['2020-05-21'],MU
"PAG SANTA ANA AVW, INC.",150.0,['2020-05-21'],MU
"PAG-DALY CITY, LLC, DBA CITY TOYOTA",53.0,['2020-04-02'],VRT
PAGAYA,240.0,"['2023-01-18', '2024-06-05']",PGY
"PALI INSTITUTE, INC",35.0,['2020-07-01'],MU
PALM INC.,219.0,['2012-04-28'],CFPI
"PAMELA'S PRODUCTS, INC.",130.0,"['2013-06-30', '2019-12-03']",MU
"PANCAKES, INC",327.0,['2020-04-20'],CAKE-GBP
PANDORA,34.0,['2020-04-06'],PNDORC.XD
"PANELFOLD, INC.",131.0,['2019-09-05'],MU
PANTHER,40.0,"['2020-09-29', '2023-06-19', '2026-04-27']",PAT.L
"PANTHER CREEK MINING, LLC",143.0,"['2020-01-07', '2020-05-12']",VRT
PAPA JOHNS,321.0,['2019-10-22'],PZZA
PAPER,355.0,"['2023-04-17', '2023-08-01', '2023-09-12', '2024-08-16']",IP
"PAPILLON AIRWAYS, INC.",110.0,['2020-09-17'],MU
"PAPPY'S SEAFOOD, INC.",21.0,['2020-04-15'],MU
"PARADIES LAGARDERE @ LAX F&B, LLC",163.0,"['2020-07-16', '2020-09-03']",VRT
"PARADIES LAGARDERE FL EE DINING, LLC",87.0,['2026-01-23'],VRT
"PARADIES-BROWARD, LLC",71.0,['2020-03-26'],VRT
"PARADIES-JFK, LLC",71.0,"['2020-03-23', '2020-08-17']",VRT
"PARADIES-LONG BEACH II, LLC",218.0,"['2020-08-18', '2020-08-19', '2020-09-03', '2021-01-22']",VRT
"PARADIES-SAN DIEGO, LLC",11.0,['2020-05-21'],VRT
"PARADIES-TPA 2014, LLC",38.0,['2020-07-24'],VRT
"PARADISE BEVERAGES, INC.",398.0,['2022-10-14'],MU
"PARAGON SPORTS, LLC",230.0,['2020-03-30'],VRT
PARALLEL,184.0,['2019-06-10'],PAR8665-USD
"PARAMEDICS PLUS, LLC",465.0,['2017-03-03'],VRT
"PARAMOUNT MEDICAL GROUP, P.C.",108.0,['2011-07-01'],PCSGH.BK
"PARCC HEALTH CARE, INC, D/B/A ASTORIA PARK",127.0,['2016-05-05'],MU
"PARCEL, INC. (WALMART)",139.0,['2019-11-22'],UPS
"PARDIES PLEASANT NEWS, LLC",50.0,['2020-07-01'],VRT
"PARIS PRECISION, LLC",130.0,['2016-03-22'],VRT
"PARK AVENUE PLAZA OWNER, LLC",14.0,['2020-04-18'],VRT
"PARK DISTRICT HOLDINGS, LLC",121.0,['2020-05-05'],VRT
"PARK HOLDING, INC.",109.0,"['2019-11-14', '2021-12-01']",2255.HK
PARK HOTELS & RESORTS,83.0,"['2015-09-01', '2020-03-23']",PK
PARK INC.,234.0,['2014-02-26'],WRBY
"PARK LANE HOTEL NEW YORK (36 CENTRAL PARK SOUTH, NYC",209.0,['2020-06-03'],NYC
"PARK PLACE PA, LLC",50.0,['2011-01-01'],VRT
"PARK SHUTTLE & FLY, INC.",139.0,['2020-04-05'],MU
PARKER HANNIFIN,339.0,"['2012-10-05', '2015-10-27', '2016-02-01', '2016-05-16', '2016-06-27', '2016-08-15', '2016-09-21', '2016-10-13', '2016-10-31', '2016-12-05', '2024-04-22']",PH
PARKER HANNIFIN CORP.,319.0,"['2015-07-22', '2016-06-22', '2016-07-26']",PH
"PARKHURST DINING, LLC @ THE UNIVERSITY OF THE ARTS, PHILADELPHIA",34.0,['2024-06-01'],K6K26.CME
"PARKING COMPANY OF AMERICA, INC.",28.0,['2020-06-04'],MU
"PARKING CONCEPTS, INC",181.0,['2011-06-30'],MU
"PARSEC, LLC",836.0,"['2017-10-05', '2025-01-29', '2025-12-12', '2026-02-23', '2026-03-31']",VRT
PARSONS,213.0,"['2012-06-20', '2015-03-30', '2019-08-08']",PSN
"PARTNERS CENTRAL BUSINESS OFFICE, LLC",67.0,['2020-06-12'],VRT
PASSPORT,44.0,['2020-03-26'],0P0001I34D
"PATAGONIA PROVISIONS, INC.",7.0,['2020-05-12'],MU
"PATHOLOGY, INC.",388.0,['2016-01-22'],MU
"PATHWAYS MANAGEMENT GROUP, INC.",85.0,['2019-05-09'],MU
"PATIENTPOP, INC.",123.0,"['2020-04-20', '2020-04-29']",MU
"PATRICIAN WINDOW COVERINGS, INC.",107.0,"['2011-08-01', '2020-12-10']",MU
"PATRICK YARN MILL, INC.",171.0,['2025-04-14'],MU
"PATRIOT COAL COMPANY, L.P.",88.0,['2012-11-01'],EPD
"PATRIOT COAL CORPORATION EASTERN ASSOCIATED COAL, LLC",1174.0,"['2015-10-02', '2020-03-27']",VRT
"PATTISON SAND COMPANY, LLC.",180.0,['2019-09-16'],VRT
"PAULA LEDUC, INC.",237.0,['2022-01-26'],MU
"PAXTON FURNITURE INDUSTRIES, LLC",38.0,['2024-07-23'],VRT
"PAYLESS SHOESOURCE DISTRIBUTION, INC.",1151.0,"['2014-09-10', '2017-07-12', '2019-05-28', '2023-03-17', '2024-04-04', '2024-10-11', '2025-03-25']",MU
PAYPAL,10635.0,"['2019-03-18', '2019-03-22', '2020-11-17', '2021-01-25', '2022-05-17', '2022-05-23', '2022-11-07', '2023-01-31', '2023-02-10', '2024-01-30', '2024-02-05', '2024-06-18', '2026-05-05']",PYPL
"PAYPAL, INC.",421.0,"['2017-03-10', '2017-04-05', '2019-03-28']",PYPL
PAYTM,5000.0,"['2020-04-21', '2023-12-25', '2024-06-10']",PAYTM.NS
PAYU,150.0,['2022-12-26'],PAYU-USD
"PBM, LLC (PERFECT BUILDING MAINTENANCE)",349.0,['2020-04-15'],PBM
"PCC STRUCTURALS, INC.",185.0,"['2020-04-21', '2020-05-22', '2020-05-27']",MU
"PCCC AEROSTRUCTURES PROTECTIVE COATINGS, INC",34.0,['2020-07-27'],MU
"PCCW TELESERVICES (US), INC",490.0,"['2011-05-13', '2012-01-18', '2012-01-31']",MU
"PCM, INC.",968.0,['2015-10-19'],PCM
"PCX AEROSTRUCTURES, LLC",57.0,"['2015-11-19', '2017-01-10']",VRT
"PDNYC, LLC",189.0,['2020-03-16'],VRT
"PEABODY ENGINEERING & SUPPLY, INC.",19.0,['2025-10-24'],MU
"PEAPOD, LLC",442.0,['2020-02-12'],PEAS-USD
"PEAR THERAPEUTICS (US), INC.",130.0,"['2023-04-06', '2025-08-04']",MU
"PECO FOODS, INC.",669.0,['2021-01-08'],MU
"PECO PALLET, INC.",46.0,['2025-03-19'],MU
"PEDALPOINT EVTERRA RECYCLING, LLC",17.0,['2026-03-19'],VRT
PEGASYSTEMS,485.0,"['2023-01-03', '2023-08-31']",PEGA
PELOTON,2084.0,"['2013-08-01', '2016-02-03', '2022-02-08', '2022-02-10', '2022-08-12', '2022-10-06', '2023-07-13', '2024-05-02', '2025-08-07', '2026-01-30']",PTON
"PELOTON INTERACTIVE, INC.",184.0,"['2022-02-08', '2022-02-09', '2022-12-08', '2023-06-06']",PTON
"PENINSULA HOTEL NEW YORK, LLC",459.0,['2020-03-30'],VRT
PENN NATIONAL GAMING,475.0,"['2020-06-01', '2020-06-12', '2020-07-21', '2020-08-11']",PENN
"PENNGROVE, LLC",10.0,['2011-12-31'],VRT
"PENNSY SUPPY, INC",278.0,['2020-04-01'],MU
PENNYMAC,706.0,"['2022-03-08', '2022-03-09', '2022-03-16', '2022-05-02', '2022-05-04', '2022-05-10', '2022-05-11', '2022-05-24', '2022-05-25', '2022-07-21', '2022-10-26', '2022-10-27', '2022-11-07', '2022-12-15', '2023-12-29', '2024-02-05']",PFSI
PENSKE,276.0,"['2014-06-20', '2024-09-18']",PAG
"PENSKE LOGISTICS, LLC PROVIDING SERVICES FOR ALDI, INC.",95.0,['2024-01-29'],MU
"PEPPERIDGE FARM, INC.",115.0,['2013-09-27'],MU
PEPSI,252.0,"['2014-02-25', '2025-11-16']",PEP
PEPSICO,136.0,['2024-10-29'],PEP
"PEPSICO, INC.",554.0,"['2022-04-12', '2024-10-01', '2024-10-28', '2025-07-21']",PEP
"PEPSICO, INC. (KANSAS CITY)",57.0,['2019-03-15'],PEP
"PEQUENA ESTRELLA, LLC",11.0,['2020-05-01'],VRT
"PERDUE FOODS, LLC",586.0,['2025-09-03'],VRT
"PERFECT WORLD CO., LTD",31.0,['2015-03-27'],002624.SZ
"PERFECTED LOGISTICS, LLC",65.0,['2023-09-07'],VRT
"PERFECTVISION MANUFACTURING, INC.",496.0,"['2014-07-21', '2016-09-01', '2020-11-18', '2024-09-05']",MU
"PERFORMANCE CHEVROLET, INC.",411.0,"['2018-07-24', '2021-02-26', '2021-03-03']",MU
PERFORMANCE FIBERS,206.0,['2014-08-29'],SARLAPOLY.BO
"PERFORMANCE MOTORSPORTS, INC. DBA JE PISTONS, INC.",224.0,"['2012-08-28', '2020-06-08']",MU
PERION,511.0,"['2022-08-08', '2023-01-03', '2024-01-24', '2024-06-25', '2024-11-07', '2025-10-29']",PERI
PERKINELMER,80.0,['2014-05-02'],PKN.MU
PERRIGO COMPANY,337.0,"['2012-01-26', '2026-04-28']",PRGO
"PERSONAL TOUCH HOME CARE OF OHIO, INC.",633.0,"['2018-02-14', '2018-03-01']",MU
"PERSONAL TOUCH HOME HEALTH CARE OF PA, INC. & PERSONAL TOUCH HOME AIDES, INC.",150.0,['2016-12-01'],MU
"PESHASTIN PEAR PACKERS, LLC.",193.0,"['2024-08-27', '2025-11-25', '2026-02-16']",VRT
PET VALU,157.0,['2020-11-01'],95T.F
"PET VALU, INC.",207.0,['2020-11-05'],95T.F
PETCO,31.0,"['2023-12-01', '2024-10-01']",WOOF
"PETER COOPER VILLAGE AND STUYVESANT TOWN PARTNERS II, LP",115.0,['2010-03-04'],ET
"PETER COOPER VILLAGE AND STUYVESANT TOWN PARTNERS II, LP / TISHMAN SPEYER PROPERTIES, L.P.",154.0,['2010-03-05'],EPD
"PETER LUGER, INC.",34.0,['2020-03-31'],MU
"PETIQ, INC.",55.0,['2020-08-05'],MU
"PETIQ, LLC",63.0,['2020-07-31'],VRT
"PETRI BAKING PRODUCTS, INC.",143.0,['2013-01-03'],MU
"PETVET CARE CENTERS (CALIFORNIA), INC.",57.0,"['2024-03-08', '2025-06-11']",MU
PFIZER,1307.0,"['2009-12-01', '2010-02-17', '2010-06-30', '2010-10-06', '2010-10-07', '2010-12-28', '2011-07-11', '2013-05-08', '2017-03-03', '2023-07-25', '2023-10-03', '2024-01-23', '2024-04-03', '2024-07-25', '2024-12-20', '2025-04-04', '2025-08-25']",PFE
PFIZER INC,3094.0,"['2009-12-14', '2011-01-26', '2011-05-12', '2011-07-19', '2011-07-21', '2011-08-23', '2012-01-30', '2012-04-23', '2012-05-01', '2012-05-17', '2012-06-19', '2012-09-11', '2012-09-26', '2012-12-18', '2013-03-01', '2013-03-26', '2013-07-09', '2013-09-13', '2013-10-22', '2014-02-19', '2014-03-06', '2014-04-10', '2014-06-12', '2014-10-22', '2015-01-15', '2015-02-04', '2015-02-12', '2015-05-20', '2015-06-28', '2015-07-07', '2015-07-31', '2015-08-17', '2015-09-10', '2015-09-14', '2016-04-07', '2016-09-23', '2016-12-16', '2017-03-01', '2017-10-26', '2017-11-20', '2017-12-05', '2018-01-02', '2018-01-12', '2018-02-23', '2018-03-28', '2018-04-09', '2018-04-24', '2018-05-09', '2018-05-20', '2018-06-01', '2018-06-15', '2018-08-01', '2018-10-01', '2018-11-09', '2018-12-03', '2019-01-09', '2020-03-06', '2023-02-17', '2023-10-01']",PFE
"PFSWEB, INC.",61.0,['2015-09-11'],MU
"PGT INDUSTRIES, LLC",690.0,"['2016-12-28', '2025-09-02', '2026-04-14']",VRT
"PHARMA PAC, LLC",84.0,['2014-03-12'],603976.SS
"PHARMACY SERVICES, INC. D/B/A BELLEVUE PHARMACY",150.0,['2016-03-04'],GRDN
"PHARMAKON LONG TERM CARE PHARMACY, INC",360.0,['2016-09-23'],MU
"PHARMAKON PHARMACEUTICALS, INC",30.0,['2016-09-23'],MU
"PHENIX ENGINEERED TEXTILES, INC.",30.0,['2023-02-10'],MU
"PHH HOME LOANS, LLC",78.0,['2018-01-01'],VRT
"PHILADELPHIA MEDIA HOLDINGS, LLC",96.0,['2010-05-01'],VRT
PHILIPS,10000.0,"['2022-10-24', '2023-01-30']",PHIA.AS
PHILLIPS 66,272.0,"['2022-12-20', '2023-01-11', '2026-01-26', '2026-02-02', '2026-04-10']",PSX
"PHILLIPS RESPIRONICS, INC.",14.0,['2025-03-01'],MU
"PHILLIPS ULTRASOUND, INC",33.0,['2025-10-31'],MU
"PHILLY AUTO LABOR SERVICES, LLC",63.0,"['2014-05-01', '2020-09-10']",VRT
"PHILOSOPHY, INC.",205.0,['2015-04-17'],MU
"PHILZ COFFEE, INC.",6.0,['2020-07-21'],MU
"PHOENIX HOUSE FOUNDATION, INC. AND PHOENIX HOUSES OF NEW YORK, INC.",68.0,"['2016-08-26', '2016-10-21', '2017-01-30']",MU
"PICCIANO & SCAHILL, P.C.",50.0,['2020-03-23'],PCSGH.BK
"PICTURE HEAD HOLDINGS, LLC",688.0,"['2019-07-29', '2020-05-09', '2020-05-11', '2020-09-15']",VRT
PIER,111.0,['2023-01-12'],CMCAF
"PIER 1 IMPORTS, INC",49.0,['2020-04-15'],MU
"PIER SIXTY, LLC",291.0,['2020-05-20'],VRT
"PIF RESTAURANT GROUP, INC",162.0,['2020-05-15'],MU
"PIGGLY WIGGLY MIDWEST, LLC.",83.0,['2016-07-13'],VRT
"PIGGLY WIGGLY, LLC",52.0,['2023-01-17'],VRT
"PILCHUCK CONTRACTORS, INC.",300.0,['2011-01-28'],MU
PILGRIM'S,71.0,['2012-05-25'],PPC
PILGRIM'S PRIDE,1154.0,['2013-11-26'],PPC
"PILLAR HOTELS & RESORTS: HOLIDAY INN (UNIONTOWN, YORK, CLARION, INDIANA, BEAVER FALLS), COURTYARD BENSALEM, FOUR POINTS GREENSBURG",840.0,"['2011-11-01', '2012-01-01']",ASML
PILOT,45.0,['2023-06-16'],POGHF
PINK,73.0,['2020-04-13'],PINK
PINNACLE FOODS,27.0,['2017-01-05'],P4F.SG
"PINNACLE TRAVEL SERVICES, LLC.",110.0,['2019-04-25'],VRT
"PINOVA, INC.",125.0,['2023-07-13'],MU
"PIONEER METAL FINISHING, LLC",52.0,['2017-09-13'],VRT
"PIRCH, INC.",78.0,['2017-10-18'],MU
PITCH,139.0,"['2022-09-14', '2024-01-08']",0P0001LCQC
PITNEY BOWES,1293.0,"['2009-12-15', '2020-03-01', '2020-03-25', '2024-07-17', '2024-07-18', '2024-08-01', '2024-08-10', '2025-03-12']",PBI
"PITTSBURGH GLASS WORKS, LLC",392.0,"['2018-01-01', '2018-03-01', '2018-05-01', '2018-06-01', '2018-07-01', '2018-08-01']",VRT
"PITTSBURGH NURSING AND REHAB CENTER, PA",124.0,['2024-06-01'],PA=F
PIVO,385.0,"['2020-04-02', '2022-06-22', '2022-12-07', '2023-12-05', '2024-02-16']",93P0.F
"PIVOT BIO, INC.",62.0,['2025-05-28'],MU
PIXAR,185.0,"['2024-05-23', '2024-07-18']",3227.TWO
"PIXELOGIC MEDIA PARTNERS, LLC",139.0,"['2024-06-18', '2024-10-10']",VRT
"PK MANAGEMENT, LLC",67.0,['2025-12-04'],VRT
PLACER.AI,150.0,['2025-01-29'],PLARZZX
PLAID,260.0,['2022-12-07'],4165.T
PLAID INC.,59.0,['2022-12-13'],4165.T
PLANET,497.0,"['2022-11-04', '2023-08-01', '2024-06-26']",PL
"PLANET EXPRESS (LAX), LLC",50.0,['2025-02-05'],VRT
"PLANET HOLLYWOOD (ORLANDO), INC.",796.0,"['2015-11-09', '2020-04-15']",MU
PLANET LABS PBC,184.0,"['2023-09-08', '2024-06-26', '2024-09-04']",PL
"PLANNED PARENTHOOD OF GREATER NEW YORK, INC.",240.0,['2020-04-06'],MU
"PLASKOLITE MASSACHUSETTS, LLC",90.0,['2024-10-30'],VRT
"PLASTIQ, INC.",190.0,"['2022-12-01', '2023-02-15', '2025-12-05']",PVL.PA
PLATO,29.0,"['2022-08-23', '2024-10-10']",0P0001NX5W.F
PLAYTIKA,2440.0,"['2022-05-31', '2022-12-09', '2024-01-11', '2025-06-05', '2025-11-17', '2026-01-14']",PLTK
"PLAYTIKA SANTA MONICA, LLC",111.0,['2016-05-27'],VRT
"PLAZA ASSOCIATES, INC",115.0,['2020-02-06'],MU
"PLAZA RECOVERY, INC.",131.0,['2012-02-07'],MU
PLEX,37.0,['2023-06-28'],PLXS
PLEXUS CORP.,204.0,['2015-11-19'],PLXS
"PLI HOLDINGS, INC., DBA PLI CARD MARKETING SOLUTIONS (&LDQUO;PLI&RDQUO;)",170.0,['2020-05-04'],MU
PLIANT THERAPEUTICS,69.0,['2025-05-05'],9PT.F
"PLUG POWER, INC.",282.0,"['2010-11-01', '2024-04-11']",PLUG
PLUME,24.0,['2023-10-18'],PLUME-USD
"PMAB-5, LLC",63.0,['2025-05-20'],VRT
"PMC BIOGENIX, INC.",172.0,['2026-03-03'],MU
PNC FINANCIAL SERVICES GROUP INC.,73.0,['2010-05-01'],PNC
"POCHET OF AMERICA, INC.",30.0,['2017-04-01'],MU
"POD BK HOTEL, LLC",49.0,['2020-03-25'],VRT
"POET DSM - PROJECT LIBERTY, LLC",136.0,"['2019-11-19', '2020-05-13']",VRT
"POHLIG BROS LLC DBA OLIVER, INC.",72.0,['2026-04-21'],MU
POINT,61.0,['2023-07-27'],CHKP
"POINT DIGITAL FINANCE, INC.",61.0,['2023-08-31'],MU
"POINT QUEST, INC.",166.0,['2025-09-24'],MU
POLARIS,550.0,['2017-04-25'],PII
POLLEN,269.0,"['2020-05-19', '2022-05-10', '2022-08-10']",POLN.L
POLLY,47.0,['2022-12-02'],POLLY35695-USD
"POLYCOM, INC.",20.0,['2018-11-02'],301526.SZ
POLYGON,220.0,"['2023-02-21', '2024-02-01', '2026-01-16']",MMF21370-USD
"POLYMER TECHNOLOGY SYSTEMS, INC.",56.0,['2025-10-07'],MU
"POMA GLASS & SPECIALTY WINDOWS, INC.",134.0,"['2014-06-25', '2020-05-01']",MU
"POND LEHOCKY GIORDANO, LLC",76.0,['2020-05-01'],VRT
"POP DISPLAYS USA, LLC",388.0,['2019-03-25'],VRT
PORTER,650.0,"['2023-01-19', '2025-11-04']",5126.T
"PORTFOLIO RECOVERY ASSOCIATES, LLC (PRA GROUP INC.)",123.0,['2023-07-18'],PRAA
"POSITIVE PATHWAYS, LLC",144.0,"['2020-07-13', '2022-03-16']",VRT
"POSITIVE PROMOTIONS, INC.",268.0,"['2020-03-27', '2020-03-28']",MU
"POST FOODS, LLC",107.0,"['2013-12-13', '2014-07-07']",VRT
"POURLESSOINS, LLC",8.0,['2025-07-02'],VRT
"POWERLINK SETTLEMENT SERVICES, L.P.",125.0,['2013-02-01'],EPD
"POWIN, LLC",388.0,"['2023-02-22', '2024-04-19', '2025-05-29']",VRT
PPG,34.0,['2018-03-02'],PPG
"PQ NEW YORK INC. 126 PQ UNION SQUARE, INC.",33.0,['2020-04-17'],MU
"PQ NEW YORK INC. DBA LE PAIN QUOTIDIEN (151 LPQ GARDEN CITY, INC.)",27.0,['2020-04-23'],MU
PRA GROUP,193.0,['2020-03-26'],PRAA
"PRAIRIE CATALYITIC, LLC",15.0,['2019-11-18'],VRT
"PRAIRIE FARMS DAIRY, INC",177.0,"['2020-06-30', '2021-12-01']",MU
"PRATT SOUTHEAST DISPLAYS, LLC",81.0,['2021-11-09'],VRT
"PRECISION COMPLETION & PRODUCTION SERVICES, LTD.",11.0,"['2014-11-01', '2020-11-05']",005930.KS
"PRECISION CUTOFF, LLC",78.0,['2012-09-26'],VRT
"PRECISION REHABILITATION & OCCUPATIONAL PHYSICAL THERAPY, INC",35.0,['2020-06-05'],MU
"PRECOR, INC. (NOTIFICATION LETTER TO GROUP 5)",14.0,"['2010-05-21', '2010-05-22', '2010-06-07']",PRCG.CN
"PREFERRED MEALS SYSTEMS, INC.",524.0,"['2022-05-01', '2022-05-19']",MU
"PREFERRED PALLETS, INC.",10.0,['2014-07-15'],MU
"PREGIS INNOVATIVE PACKAGING, LLC",88.0,"['2025-04-03', '2025-09-10']",VRT
"PREMIER BERRY FARMS, LLC",74.0,['2026-04-20'],VRT
"PREMIER BRICK & STONE, INC.",50.0,['2016-10-31'],MU
"PREMIER FIXTURES, LLC",234.0,['2019-09-11'],VRT
"PREMIER HEALTHCARE MANAGEMENT, INC.",155.0,"['2013-08-12', '2020-12-21']",MU
"PREMIER LAKEWOOD, INC",75.0,['2014-02-07'],MU
"PREMIER MANUFACTURING PRODUCTS, LLC",30.0,['2021-05-21'],VRT
"PREMIER WAREHOUSING VENTURES, LLC",80.0,['2012-02-24'],VRT
"PREMIERE RASPBERRIES, LLC",334.0,['2020-02-05'],VRT
"PREMIUM PET HEALTH, LLC",98.0,"['2013-11-21', '2014-01-27', '2014-02-21']",VRT
"PREMIUM WATER, INC.",61.0,['2012-09-05'],2588.T
PREPLY,97.0,"['2022-06-09', '2022-11-15']",PREPZZX
"PRESS GLASS, INC.",78.0,"['2014-12-18', '2025-01-13']",MU
"PRESTONE PRESS, LLC",118.0,"['2019-02-07', '2024-04-02', '2024-06-03', '2024-06-14', '2024-07-31']",VRT
PRICELINE,103.0,['2024-06-28'],BKNG
"PRIDGEON & CLAY, INC.",250.0,['2024-10-07'],MU
"PRIMAL PET FOODS, INC.",140.0,['2025-07-22'],MU
PRIMARK,241.0,"['2020-03-31', '2020-04-01']",PMPEX
PRIMARY HEALTH,60.0,['2023-07-06'],PHP.JO
"PRIME FLIGHT AVIATION SERVICES, INC.",2490.0,"['2012-03-29', '2019-07-01', '2019-07-15', '2019-11-25', '2020-01-24', '2020-04-01', '2020-04-09', '2025-11-09', '2026-01-01']",MU
"PRIME MSO, LLC",6.0,['2025-01-28'],VRT
PRIME RETAIL,44.0,['2010-07-07'],PRAXX
"PRIME TIME ATHLETIC CLUB, INC.",224.0,"['2020-03-30', '2020-08-06', '2020-12-17']",MU
PRIME TRUST,62.0,"['2023-01-30', '2023-09-14']",ZAFMTX
"PRIMEFLIGHT AVIATION-SAN ANTONIO, TX",154.0,"['2012-04-17', '2016-09-14']",TX
PRIMER,85.0,['2022-12-09'],PRI
"PRIMESOURCE BUILDING PRODUCTS, INC",125.0,"['2025-04-23', '2025-11-18', '2025-11-25']",MU
PRIMO BRANDS,31.0,['2025-05-02'],V76.F
"PRIMO BRANDS, INC.",274.0,"['2025-03-05', '2025-03-06', '2025-03-26', '2025-04-18', '2025-04-28', '2025-07-18', '2025-12-15', '2026-01-21', '2026-03-20']",V76.F
"PRIMO BRANDS, INC. - 1449",44.0,['2025-04-24'],V76.F
"PRIMOS, INC.",18.0,['2013-02-01'],S2626.MC
"PRIMUS SOLUTIONS, LLC",132.0,['2021-07-28'],VRT
"PRINCE TELECOM, LLC",229.0,"['2009-12-07', '2012-06-20']",VRT
"PRIORITY 1 SECURITY, LLC",456.0,['2020-03-27'],VRT
"PRISMATIK DENTALCRAFT, INC.",301.0,"['2020-04-15', '2020-05-22', '2020-06-22', '2020-09-28']",MU
"PROCOURIER, INC.",115.0,['2015-07-10'],MU
"PRODUCT & LOGISTICS SERVICES, LLC.",16.0,['2018-11-08'],VRT
"PRODUCT QUEST, LLC",184.0,['2018-08-02'],VRT
"PRODUCTION PAINT FINISHERS, INC.",99.0,"['2010-03-19', '2020-06-01']",MU
"PRODUCTION RESOURCE GROUP, L.L.C..",114.0,['2020-11-10'],BCC
"PROFUSION INDUSTRIES, LLC",159.0,['2020-04-15'],VRT
"PROGENITY, INC",110.0,['2021-06-04'],MU
PROGRESS SOFTWARE CORPORATION,99.0,['2024-11-05'],PRGS
"PROGRESSIVE GAMING, LLC",176.0,['2020-12-21'],VRT
"PROGRESSIVE WASTE SOLUTIONS OF TX, INC.",76.0,['2016-05-18'],MU
"PROGRESSUS THERAPY, LLC",531.0,['2023-06-20'],VRT
PROJECT44,309.0,"['2022-07-15', '2023-05-26', '2023-09-14']",PROJZZX
"PROMISES BEHAVIORAL HEALTH, LLC",283.0,"['2019-05-10', '2021-11-22', '2025-08-18']",VRT
"PROPEX OPERATING COMPANY, LLC",30.0,['2012-12-06'],VRT
"PROPORTION FOODS, LLC",70.0,['2017-03-30'],VRT
PROSEGUR,221.0,['2020-04-17'],0Q8P.IL
"PROSPECT MEDICAL SYSTEMS, LLC",125.0,['2025-06-23'],VRT
"PROSPECT MORTGAGE, LLC",94.0,['2016-12-05'],VRT
"PROSPECT OF ORLANDO, LTD., CO. ORLANDO INTERNATIONAL AIRPORT",166.0,['2020-04-09'],005930.KS
"PROSPECT OF TAMPA, LTD., CO.",156.0,['2020-04-14'],005930.KS
"PROSPECT PARK RESIDENCE HOME HEALTHCARE, INC.",74.0,['2012-09-28'],MU
PROSUS,60.0,"['2023-01-25', '2026-04-24']",PRX.AS
"PROTERRA OPERATING COMPANY, INC.",135.0,"['2023-01-20', '2023-07-27']",MU
"PROTERRA, INC.",368.0,"['2020-07-22', '2023-11-27']",MU
PROTOCOL,60.0,['2022-11-15'],NEAR-USD
"PROVEST, LLC",421.0,"['2020-03-23', '2020-06-18']",VRT
PROVIDENCE,208.0,"['2018-12-03', '2020-11-16']",NPAC
"PROVIDENCE BEHAVIORAL HEALTH HOSPITAL, THE MERCY HOSPITAL, INC.",34.0,['2021-02-18'],MU
PRUDENTIAL,475.0,"['2024-09-01', '2025-07-01', '2025-09-01', '2025-11-01', '2026-03-01']",PRU
"PRYSMIAN CABLES AND SYSTEMS, USA",151.0,['2025-11-01'],USA
"PSCU, INC.",118.0,"['2014-03-19', '2015-04-27', '2020-03-31']",PSCU
"PSS WORLD MEDICAL, INC.",124.0,['2013-09-10'],MU
PSSI,355.0,"['2012-12-18', '2023-12-05', '2024-03-27']",PSSIX
"PSW REAL ESTATE, LLC",255.0,"['2015-12-07', '2017-01-23', '2023-08-04']",VRT
"PTI PROFESSIONAL TRANSPORTATION, INC.",56.0,['2016-02-05'],MU
"PTV NUSTATS, LLC",60.0,['2011-10-31'],VRT
"PUBLICATIONS INTERNATIONAL, LTD.",50.0,['2016-02-02'],005930.KS
"PUBLISHERS CIRCULATION FULFILLMENT, INC.",460.0,"['2012-03-01', '2013-03-19', '2021-06-01']",MU
PUBMATIC,12.0,['2024-10-07'],PUBM
"PUMP, LLC DBA PUMP RESTAURANT",59.0,['2023-05-25'],PUMP
"PUNCH BOWL MIAMI WYNWOOD, LLC",194.0,['2020-03-19'],VRT
"PUNCH BOWL RANCHO CUCAMONGA, LLC",105.0,['2020-03-20'],VRT
"PUNCH BOWL SAN DIEGO, LLC",199.0,"['2020-03-20', '2020-03-27']",VRT
PUPPET,50.0,"['2020-03-26', '2022-08-03']",PUPPETH-USD
"PURDUE PHARMA, L.P.",59.0,['2014-06-19'],EPD
"PURPLE BANANA - MCKENZIE PB, LLC",8.0,['2021-02-02'],VRT
PURPLE INNOVATION,463.0,"['2022-09-02', '2024-10-22']",PRPL
"PURPLE LINE TRANSIT CONSTRUCTORS, LLC",478.0,['2020-06-24'],VRT
"PYRAMID MANAGEMENT GROUP, LLC /CAROUSEL CENTER CO. LP, AND DESTINY USA CAREERS FOR TOMORROW, LLC",50.0,['2015-01-30'],VRT
"PYXUS INTERNATIONAL, INC. (F/K/A ALLIANCE ONE INTERNTERNATIONAL, INC.)",565.0,['2018-11-07'],PYYX
"Q CENTER, LLC",322.0,['2020-06-09'],VRT
"Q.E.P. CO., INC.",125.0,"['2023-06-06', '2023-09-25', '2023-11-07']",QEPC
Q2 MANAGEMENT,53.0,['2020-03-30'],QBI.HM
Q4,50.0,['2022-08-23'],Q4KW.Z
QANTAS AIRWAYS LTD,132.0,['2020-05-18'],QAN.SG
"QB INTERMEDIATE HOLDINGS, LLC, AKA QUALITY BUILT, LLC",8.0,['2025-07-07'],VRT
"QB INTERMEDIATE HOLDINGS, LLC, QUALITY BUILT, LLC, FORESITE TECHNOLOGY SOLUTIONS, LLC (FKA QB TECHNOLOGY CO., LLC), SMC SYSTEMS LLC (DBA SKYETEC), SKYETEC ENGINEERING SERVICES, LLC, AND DUCTTESTERS, INC.",70.0,['2025-07-07'],VRT
"QG PRINTING II, LLC",473.0,"['2023-02-23', '2024-01-17', '2024-10-24']",VRT
"QIC PROPERTIES US, INC.",61.0,['2020-03-02'],MU
"QINETIQ NORTH AMERICA, INC",180.0,['2012-01-30'],MU
QORVO,142.0,['2019-06-03'],QRVO
QUAD GRAPHICS,2756.0,"['2010-08-06', '2011-04-19', '2011-10-17', '2013-01-09', '2014-12-17', '2015-08-27', '2015-11-01', '2016-01-28', '2016-02-01', '2016-12-01', '2018-04-01', '2018-11-16', '2019-01-04', '2023-03-08']",QUAD
"QUAD LOGISTICS SERVICES, LLC",174.0,"['2015-08-21', '2024-01-19']",VRT
QUAD/GRAPHICS INC.,1201.0,"['2010-08-20', '2011-12-01', '2013-11-22', '2014-04-03', '2015-08-27', '2016-12-01', '2017-11-15', '2022-12-01', '2025-12-16']",QUAD
"QUAD/GRAPHICS, MARKETING LLC",345.0,['2023-10-24'],QUAD
"QUADGRAPHICS, INCORPORATED",168.0,"['2011-09-30', '2012-02-21']",QCOM
"QUAKER MANUFACTURING, LLC",510.0,['2024-04-08'],VRT
QUALCOMM,1836.0,"['2015-09-17', '2022-12-16', '2022-12-22', '2023-05-23', '2023-06-16', '2023-10-12']",QCOM
"QUALCOMM DATACENTER TECHNOLOGIES, INC. (QUALCOMM)",241.0,['2018-06-12'],0QZ3.IL
QUALCOMM INC.,202.0,"['2014-12-19', '2023-10-01']",QCOM
"QUALITY AIR HEATING AND COOLING, INC.",212.0,['2020-04-10'],MU
"QUALITY BUILT, LLC",25.0,"['2025-07-03', '2025-07-07', '2025-07-14']",VRT
"QUALITY CARE ASSOCIATES, LLC",159.0,['2019-11-01'],VRT
"QUALITY FOOD CENTERS, INC",267.0,"['2019-12-05', '2021-02-18', '2025-07-21']",MU
"QUALITY MANUFACTURING, INC.",66.0,['2015-04-10'],MU
"QUALITY THERMISTOR, INC.",7.0,['2019-11-14'],MU
"QUANDT'S FOODSERVICE DISTRIBUTORS, INC.",116.0,['2013-10-31'],MU
QUANEX BUILDING PRODUCTS,140.0,['2024-04-09'],4Q2.F
"QUANTEM AVIATION SERVICES (QAS), LLC",55.0,['2023-05-24'],VRT
QUANTERIX,130.0,['2022-08-09'],QTRX
QUANTO,28.0,"['2022-07-22', '2023-05-16']",YQ8H.Z
"QUANTUM HEALTH, INC. D/B/A PROMISE",257.0,['2017-03-01'],QTHLF
"QUANTUM MEDICAL IMAGING, LLC, A SUBSIDIARY OF CARESTREAM HEALTH, INC.",83.0,['2016-04-20'],VRT
"QUARTERMASTER, LLC",60.0,['2013-04-07'],VRT
QUARTZ,80.0,['2020-05-14'],002273.SZ
"QUARTZ MEDIA, INC.",52.0,['2020-05-14'],MU
"QUEENS CENTER APPLE, LLC",53.0,['2020-03-25'],VRT
"QUEENS MEDICAL ASSOCIATES, P.C.",130.0,['2019-10-04'],PCSGH.BK
"QUEMETCO, INC.",394.0,"['2020-04-28', '2020-07-09']",MU
QUEST DIAGNOSTICS,157.0,"['2020-08-05', '2021-05-01']",DGX
QUEST DIAGNOSTICS INCORPORATED,85.0,"['2015-08-13', '2020-07-22']",DGX
"QUESTAR ASSESSMENT, INC.",39.0,['2014-07-07'],MU
"QUIBI HOLDINGS, LLC",180.0,['2020-11-13'],VRT
"QUICK BRIDGE FUNDING, LLC",49.0,['2020-03-24'],VRT
"QUICKSORT LA, INC.",113.0,['2010-07-30'],MU
QUIDAX,20.0,['2022-11-24'],QDX-USD
"QUIET LOGISTICS, INC.",74.0,['2023-01-06'],MU
"QUIKSILVER, INC",186.0,"['2012-07-02', '2013-04-08', '2013-04-30', '2015-09-11']",MU
"QUINCY COMPRESSOR, LLC",20.0,['2020-04-22'],VRT
QUINSTREET,120.0,"['2016-11-10', '2023-03-03']",5Q8.F
"QUIXEY, INC.",48.0,['2017-02-27'],MU
"QUIXOTE STUDIOS, LLC",210.0,"['2020-03-01', '2020-03-19', '2020-04-14']",VRT
QUMULO,80.0,['2022-06-29'],QUMUZZX
"QVC ST. LUCIE, INC.",670.0,['2015-11-24'],MU
"QX LOGISTIX, LLC",207.0,"['2021-09-27', '2021-09-28']",VRT
"R C FURNITURE, INC.",73.0,['2020-04-07'],MU
"R.A. PHILLIPS INDUSTRIES, INC.",519.0,"['2020-04-02', '2020-08-07', '2022-07-12']",MU
"R.C. PACKING, LLC",161.0,['2025-11-18'],VRT
R1,27.0,['2019-01-08'],R1T=F
"RABOBANK, N.A.",79.0,['2015-01-14'],FLG
RACKSPACE,275.0,['2023-03-27'],RXT
"RAD HARVEST, LLC",81.0,['2014-08-14'],VRT
RAD POWER BIKES,203.0,"['2022-04-12', '2022-07-21', '2023-04-27', '2023-07-10', '2024-08-01']",RADWZZX
"RADIA, INC. P. S.",51.0,['2011-04-14'],5IR.F
"RADIOLOGY ASSOCIATES OF SAN ANTONIO, P.A.",14.0,['2010-01-12'],NVA.WA
"RADIOLOGY MEDICAL GROUP OF SANTA CRUZ COUNTY, INC.",21.0,['2012-02-29'],MU
"RAFAELLA APPAREL GROUP, INC",66.0,['2010-06-01'],MU
"RAG & BONE INDUSTRIES AND RAG TRADERS RETAIL, LLC",10.0,['2020-08-24'],VRT
"RAIDERS FOOTBALL CLUB, LLC",492.0,['2020-06-25'],VRT
"RAILEX, LLC",217.0,"['2017-03-28', '2017-04-14']",VRT
"RAINBERRY, INC.",92.0,['2023-01-13'],MU
"RAINBOW ANGLING LAKE VILLAGE COMMUNITY ASSOCIATION, INC.",5.0,['2020-05-08'],MU
"RALPH LAUREN CORPORATION WHOLLY OWNED SUBSIDIARIES: RALPH LAUREN RETAIL, INC. AND PRL USA HOLDINGS, INC.",316.0,['2016-06-06'],MU
"RALPH LAUREN RETAIL, INC.",125.0,['2017-04-04'],MU
RAMBUS INC,120.0,"['2012-10-30', '2018-01-30']",RMBS
"RANCH0 SALISPUEDES VINEYARDS, LLC.",14.0,['2011-12-31'],VRT
RANDSTAD,158.0,['2011-08-11'],RSH0.MU
"RANDSTAD (GOOGLE, INC.)",344.0,"['2011-10-02', '2013-07-24']",MU
"RANDSTAND US, LLC",144.0,['2022-12-19'],VRT
RANGE RESOURCES,129.0,"['2015-02-18', '2016-01-15']",RRC
"RANK + RALLY, LLC",145.0,['2019-05-03'],VRT
RAPID7,470.0,['2023-08-08'],RPD
RAPYD,30.0,"['2022-11-22', '2024-06-18']",RAPYZZX
"RAREFIED ATMOSPHERE, INC",106.0,['2024-05-14'],MU
RASA,59.0,['2022-03-30'],4022.T
"RASSINI CHASSIS SYSTEMS, LLC",70.0,['2020-10-01'],VRT
"RATCLIFF MANUFACTURING, LLC",12.0,['2013-03-21'],VRT
"RATERLABS, INC.",77.0,"['2019-04-18', '2024-02-06']",MU
"RAVEN TRANSPORT HOLDING, INC.",62.0,['2024-05-07'],MU
"RAYBERN FOODS, LLC",158.0,['2015-01-16'],VRT
"RAYMOURS FURNITURE COMPANY, INC., D/B/A RAYMOUR & FLANIGAN",91.0,['2012-09-01'],MU
"RAYMUNDOS FOOD GROUP, LLC",123.0,['2024-06-28'],VRT
RAYTHEON,1003.0,"['2010-01-15', '2010-08-16', '2013-03-13', '2015-07-29', '2018-10-31', '2019-03-28', '2024-07-18', '2025-04-24', '2025-09-05', '2025-10-15', '2025-12-15', '2026-02-27']",5UR.MU
"RAYTHEON INTELLIGENCE, INFORMATION &",41.0,['2015-08-14'],VGT
"RB LUMBER COMPANY, LLC",68.0,['2025-08-21'],VRT
"RBI PACKING, LLC",88.0,['2020-11-18'],VRT
"RCO LEGAL, PS",12.0,['2017-10-13'],PS
"RCS CAPITAL CORPORATION - AMERICAN NATIONAL STOCK TRANSFER, LLC",9.0,['2016-01-29'],VRT
"READY RESPONDERS, INC.",8.0,"['2022-02-18', '2022-03-14', '2022-04-06']",MU
"REAL FARMING, LLC",174.0,['2021-01-11'],VRT
"REALPAGE, INC.",95.0,"['2015-03-03', '2019-10-10']",MU
"REALTY IN MOTION, LLC",27.0,"['2017-10-13', '2019-09-12']",VRT
"REC ROOM, INC.",141.0,['2025-08-25'],MU
"REC SILICON, INC.",324.0,"['2019-07-16', '2025-01-06']",R3Q.SG
"RECELLULAR, INC.",94.0,['2013-11-01'],MU
RECHARGE,84.0,['2022-10-27'],429980.KS
RECKITT BENCKISER,217.0,"['2012-12-06', '2026-03-01', '2026-04-01']",RBGLY
"RECTICEL INTERIORS N.A., LLC",40.0,['2011-05-16'],VRT
"RED & TAN CHARTER, INC.",45.0,['2010-01-01'],MU
"RED BULL NORTH AMERICA, INC.",46.0,['2024-11-14'],MU
"RED BULL NORTH AMERICA, INC. AND RED BULL MEDIA HOUSE NORTH AMERICA, INC.",89.0,['2020-10-21'],MU
"RED DOG MANAGEMENT, INC",96.0,['2012-11-01'],MU
"RED O LA JOLLA, LCC",91.0,['2026-02-17'],LCCINFOTEC.NS
"RED RIBBON BAKESHOP, INC.",9.0,['2024-11-01'],MU
"RED ROOSTER HARLEM, LLC",138.0,['2020-03-20'],VRT
"RED VENTURES, LLC",317.0,"['2014-06-26', '2014-06-30']",VRT
"RED, WHITE AND BLUE THRIFT",472.0,['2020-04-10'],RDW
"REDBARN PET PRODUCTS, INC",116.0,"['2010-03-23', '2010-03-24']",MU
REDDIT,90.0,['2023-06-06'],RDDT
REDOX,844.0,"['2020-06-16', '2023-03-09']",REDOX
"REDWOOD REGIONAL MEDICAL GROUP, INC.",261.0,['2014-04-01'],MU
REDWOOD TRUST INC,64.0,['2020-05-04'],RWT
REE AUTOMOTIVE,397.0,"['2023-02-09', '2026-04-14']",REE
REEF,750.0,['2022-05-06'],7YR.F
"REEL SECURITY CALIFORNIA, INC",470.0,['2020-04-03'],MU
"REFRATECHNIK NORTH AMERICA, INC.",8.0,['2024-07-03'],MU
"REGAL BELOIT AMERICA, INC.",352.0,"['2012-08-22', '2020-09-08']",MU
REGAL REXNORD,81.0,"['2023-08-03', '2026-02-02']",RRX
REGAL REXNORD CORPORATION,124.0,"['2023-09-13', '2026-04-01']",RRX
"REGENERON HEALTHCARE SOLUTIONS, INC., A WHOLLY OWNED SUBSIDIARY OR REGENERON PHARMACEUTICALS, INC.",15.0,['2019-12-20'],MU
REGIS CORP,31.0,['2021-08-17'],RGS
"REHABCARE GROUP, INC",140.0,['2011-04-01'],MU
"REIMBURSEMENTIQ, LLC",17.0,['2021-12-14'],VRT
"REINHART FOODSERVICE, L.L.C.",66.0,['2016-11-21'],BCC
"REISENFELD & ASSOCIATES, LLC",118.0,"['2011-03-03', '2020-07-13']",VRT
"REITER BERRY FARMS, INC.",50.0,['2011-12-03'],MU
RELATIVITY,150.0,['2022-12-07'],ACQC
RELIANCE WORLDWIDE CORPORATION,71.0,['2020-02-18'],RWC.AX
"REM OPTICAL COMPANY, INC., DBA DE RIGO REM",15.0,['2025-03-20'],MU
REMEDY,1043.0,"['2017-11-15', '2017-11-16', '2017-11-28', '2018-01-11', '2020-10-29']",RMDEF
"REMUDA RANCH ONE EAST APACHE STREET WICKENBURG, AZ",74.0,['2011-03-10'],AZ
"REMY USA INDUSTRIES, L.L.C.",112.0,['2016-02-09'],BCC
"RENEWED HOPE HOME CARE, LLC",50.0,['2025-08-04'],VRT
RENT THE RUNWAY,37.0,"['2020-03-28', '2022-09-12', '2024-01-09']",RENT
"RENT THE RUNWAY, INC.",36.0,['2020-03-27'],RENT
"REPLIMUNE, INC.",224.0,"['2026-04-13', '2026-04-17']",REPL
REPLIT,355.0,"['2022-04-14', '2022-06-08', '2022-08-11', '2022-09-30', '2024-05-16']",REPLZZX
"REPRODUCTIVE SPECIALISTS OF NEW YORK, LLP",119.0,['2018-11-02'],0P0001X4N8
REPUBLIC AIRWAYS,1181.0,"['2012-02-13', '2016-06-06', '2020-07-30', '2020-07-31', '2020-08-03']",RJET
REPUBLIC AIRWAYS HOLDINGS,158.0,['2016-01-25'],RJET
"REPUBLIC AIRWAYS, INC.",91.0,['2016-06-01'],RJET
REPUBLIC SERVICES,368.0,"['2016-10-26', '2019-07-31', '2019-11-08', '2025-10-16']",RSG
"REPUBLIC SERVICES OF FLORIDA, LP",60.0,['2024-05-28'],ET
"REPUBLIQUE, LLC",212.0,['2020-05-15'],VRT
"RESEARCH ANALYSIS & MAINTENANCE, INC. (RAM)",104.0,['2010-03-01'],0P0001IP9N.SW
"RESIDENCE INN BY MARRIOTT, LLC",52.0,['2020-06-03'],VRT
"RESIDENCE INN WASHINGTON DC, DOWNTOWN",56.0,['2020-06-09'],SPTW11.SA
"RESIDENCE INN, WORLD TRADE CENTER",36.0,['2020-06-09'],600007.SS
RESMED,64.0,"['2015-06-30', '2024-01-23']",RMD
"RESONETICS, LLC",114.0,"['2016-06-09', '2026-01-20']",VRT
"RESOURCES FOR HUMAN DEVELOPMENT, INC",70.0,['2020-06-01'],MU
"RESTAURANT ASSOCIATES (1 WORLD TRADE CENTER, NYC)",26.0,['2020-07-13'],SF=F
"RESTAURANT ASSOCIATES (200 VESEY STREET, NYC)",80.0,['2020-08-20'],SF=F
"RESTAURANT ASSOCIATES (388 GREENWICH ST., NYC)",30.0,['2020-07-24'],SF=F
"RESTAURANT ASSOCIATES (COMPASS GROUP, USA, INC.) (A FEDERAL RESERVE BANK OF NEW YORK)",65.0,['2018-06-12'],USA
"RESTAURANT ASSOCIATES (LINCOLN CENTER PLAZA, NYC)",83.0,['2020-07-14'],SF=F
"RESTORIX HEALTH, INC.",12.0,['2024-07-30'],MU
"RETAIL PROPERTIES OF AMERICA, INC.",50.0,['2021-09-13'],MU
REV GROUP INC,43.0,['2020-07-09'],RVLV
"REVCYCLE+, INC",445.0,"['2013-08-27', '2013-10-26', '2014-06-12']",MU
"REVOL GREENS CA, LLC",42.0,['2025-09-09'],VRT
REVOLUT,60.0,['2020-05-11'],RVMD
"REVONATE MANUFACTURING, LLC",205.0,"['2011-12-15', '2020-04-14']",VRT
"REVVITY, INC.",282.0,"['2025-09-10', '2025-10-03', '2025-10-08', '2025-12-01', '2026-03-24']",RVTY
"REWORLD PROJECTS, LLC",70.0,['2025-10-10'],VRT
"REX LUMBER, BROOKHAVEN, LLC",71.0,['2025-07-11'],VRT
"RGH ENTERPRISES, INC. A WHOLLY OWNED SUBSIDIARY OF CARDINAL HEALTH, INC.",478.0,"['2017-06-06', '2022-09-01', '2022-09-02']",MU
"RH US, LLC",81.0,['2018-11-07'],0P0001N9GF
RHD,160.0,['2017-10-08'],0P0001AHQB.SI
"RHI, INC. DBA ROBERTSON HONDA",119.0,['2018-06-18'],RHI
RHINO,57.0,['2022-02-03'],RHNO
"RHP, INC. DBA GOT LIGHT",111.0,['2020-03-27'],RHP
"RHYTHM AND HUES, INC",718.0,"['2013-02-10', '2013-04-12']",MU
RIBBON,306.0,"['2022-07-28', '2022-11-14']",RBBN
"RICHARD BAGDASARIAN, INC.",391.0,['2020-11-18'],MU
"RICHELIEU FOODS, INC",162.0,['2023-02-28'],MU
RICOH,168.0,"['2012-11-30', '2013-05-31', '2020-05-14']",8566.T
"RIGHT AT SCHOOL, LLC",301.0,"['2025-04-09', '2025-04-10']",VRT
"RIMINI, INC. DBA ANGELINI OSTERIA",46.0,['2020-04-29'],RMNI
"RINCON PACIFIC, LLC",79.0,['2016-07-20'],VRT
"RINEER HYDRAULICS, INC.",6.0,"['2010-05-09', '2010-07-07']",MU
RINGCENTRAL,80.0,"['2022-08-04', '2022-11-09', '2023-01-17']",RNG
"RINGCENTRAL, INC.",100.0,"['2022-07-28', '2022-11-29']",RNG
"RIO MESA FARMS, LLC",371.0,"['2015-06-02', '2019-05-21']",VRT
"RISE BAKING COMPANY DBA BRILL, INC.",78.0,['2022-07-26'],MU
"RISE BAKING COMPANY DBA TRADITIONAL BAKING, INC",62.0,['2022-01-07'],MU
RISKIFIED,40.0,"['2024-02-13', '2025-02-19']",RSKD
"RIVER CITY DISTRIBUTING CO., INC.",107.0,['2017-01-23'],MU
"RIVER RANCH FRESH FOODS, LLC",736.0,"['2012-05-11', '2012-11-24']",VRT
"RIVERDALE APPLE, LLC",51.0,['2020-03-25'],VRT
"RIVERENCE BROOD, LLC",5.0,['2020-04-03'],VRT
"RIVERSIDE METRO AUTO GROUP, LLC, RIVERSIDE METRO DEALER, LLC, AND RIVERSIDE METRO PARTNER, LLC.",51.0,['2020-05-19'],VRT
RIVIAN,2110.0,"['2020-06-02', '2022-07-27', '2023-02-01', '2023-12-07', '2024-02-21', '2024-04-17', '2024-05-03', '2024-05-10', '2025-06-26', '2025-09-05', '2025-10-23']",RIVN
"RIVIERA LOFT HOTEL, LLC",64.0,['2020-04-02'],VRT
"RJ AMERICAN, INC.",157.0,['2010-08-16'],MU
"RMA COACH, LLC",34.0,['2020-09-30'],VRT
"RNA HOLDINGS, LLC & RUSSELL-NEWMAN, INC.",55.0,['2011-01-19'],MU
ROADRUNNER,60.0,['2019-06-04'],RRTS
ROBERT HALF INTERNATIONAL INC.,309.0,"['2020-05-12', '2020-11-17']",RHJ.SG
"ROBERT KAUFMAN CO., INC.",104.0,"['2025-03-11', '2025-03-13', '2025-03-20', '2025-04-02']",MU
ROBINHOOD,1203.0,"['2022-04-26', '2022-08-02', '2023-06-26', '2023-09-21']",HOOD
"ROBINHOOD MARKETS, INC.",653.0,"['2019-04-05', '2022-04-28', '2022-08-03', '2022-08-05', '2023-06-22', '2023-06-29', '2023-07-13', '2023-09-27']",HOOD
ROBLOX,30.0,['2023-09-22'],RBLX
"ROC APPAREL GROUP, LLC",28.0,['2012-01-06'],VRT
"ROCHE NIMBLEGEN, INC.",79.0,['2018-06-19'],MU
"ROCK LICK PREP PLANT, LLC",7.0,['2020-09-14'],VRT
"ROCK MOUNTAIN MINING , LLC",240.0,"['2012-11-26', '2013-09-17']",VRT
ROCKET COMPANIES,775.0,"['2020-08-07', '2022-04-07', '2023-07-13', '2023-07-14', '2023-09-13', '2023-09-28', '2024-01-19', '2024-07-02', '2025-07-18']",RKT
"ROCKET FARMS, INC.",7.0,['2020-05-26'],MU
"ROCKINGHAM GAMING, LLC",92.0,['2016-06-23'],VRT
"ROCKINGHAM PARK (ROCKINGHAM VENTURE, INC. AND ROCKINGHAM PARK FOOD SERVICES, LLC)",92.0,['2016-06-23'],VRT
"ROCKTENN - RTS PACKAGING, LLC",52.0,['2011-02-17'],VRT
"ROCKWELL COLLINS, INC.",548.0,"['2010-01-29', '2011-07-22', '2011-08-05', '2011-10-24', '2011-12-30', '2012-03-12', '2012-09-07', '2015-10-14', '2016-01-29', '2016-03-23', '2016-04-07', '2016-07-07', '2016-07-21', '2017-02-23', '2017-04-20', '2018-11-29', '2019-05-03']",MU
"ROCKWELL DRYWALL, INC.",175.0,['2020-04-17'],MU
"ROCKYOU, INC.",62.0,['2016-07-21'],MU
"ROD M. RODGGE, D.D.S.",6.0,['2020-03-26'],DX3I.MU
"RODALE PAYROLL, LLC (SUBSIDIARY OF HEARST MAGAZINES, INC)",277.0,"['2018-01-01', '2018-01-11', '2018-02-01']",MU
"RODGERS TRUCKING, INC.",135.0,['2020-02-05'],MU
"ROGAR MANUFACTURING, INC.",76.0,['2023-02-01'],MU
"ROGER BROWN'S SPORTS BAR & RESTAURANT, INC.",46.0,['2020-04-01'],MU
"ROI CPS, LLC",109.0,['2025-01-15'],VRT
ROKU,760.0,"['2022-11-17', '2023-03-30', '2023-09-06']",ROKU
"ROLLINS MOVING STORAGE, INC.",21.0,['2023-10-17'],MU
"RON GROUP, LLC DBA BLUE SKY SPECIALTY PHARMACY",125.0,['2025-05-06'],002642.SZ
"RONALD R. WOLFE & ASSOCIATES, P.L.",116.0,['2014-04-29'],BP
"ROOF DIAGNOSTICS SOLAR AND ELECTRIC OF CONN, LLC",84.0,['2016-05-05'],VRT
"ROOSEVELT ISLAND MEDICAL ASSOCIATES, PC.",135.0,['2012-04-03'],0P0001HRL4.L
"ROQUEMORE HOLDINGS, LLC",37.0,['2020-04-03'],VRT
"ROSA MEXICANO NATIONAL HARBOR, LLC",115.0,['2020-09-22'],VRT
"ROSENTHAL JEWISH COMMUNITY CENTER OF NORTHERN WESTCHESTER, INC.",72.0,['2016-03-14'],MU
"ROSS NETWORK, INC.",338.0,"['2010-09-16', '2020-05-11']",MU
"ROSS STORES, INC",153.0,['2020-07-30'],ROST
"ROTECH OXYGEN AND MEDICAL EQUIPMENT, INC.",90.0,['2015-08-12'],MU
"ROTH STAFFING COMPANIES, L.P., DBA ULTIMATE",219.0,"['2018-04-17', '2023-11-08']",EPD
"ROUGE TOMATE, LLC",105.0,['2014-06-18'],VRT
"ROUSSELOT, INC,",84.0,['2023-02-27'],MU
ROUTE,258.0,"['2020-03-31', '2022-12-05', '2025-04-16']",ROUTE.BO
"ROY FARMS, SPC",129.0,['2024-02-14'],PARAS.NS
"ROYAL RIDGE FRUIT AND COLD STORAGE, LLC",45.0,['2022-08-17'],VRT
"ROYALTY CARPET MILLS, INC., MODA LLC,",412.0,['2017-06-21'],MU
"RPLANET EARTH LOS ANGELES, LLC",249.0,"['2020-03-21', '2025-10-06']",VRT
"RSM AUTOMOTIVE, LLC, DBA SANTA",77.0,['2015-12-14'],VRT
"RT WHOLESALE, LLC",177.0,"['2020-10-30', '2022-08-01']",VRT
"RTFP DENTAL INC. DBA MICRODENTAL LABORATORIES, INC.",156.0,['2020-04-16'],MU
RTS,313.0,"['2011-05-25', '2025-02-05']",0P000187LN.F
"RTW RETAILWINDS, INC.",368.0,"['2020-04-02', '2020-04-28']",MU
RTX,324.0,"['2020-05-03', '2022-06-20', '2022-11-22', '2025-04-10', '2025-04-23', '2025-05-09', '2025-09-30', '2025-10-16', '2025-11-04']",RTX
RUBICON PROJECT,50.0,['2020-05-06'],RUBI
"RUBIES II, LLC",22.0,['2024-09-27'],VRT
RUBRIK,114.0,"['2020-05-13', '2020-05-18']",RBRK
"RUCH DISTRIBUTORS, INC.",51.0,['2010-04-06'],MU
"RUDY'S HOLLYWOOD, LLC",209.0,"['2020-04-28', '2020-07-03']",VRT
"RUELAS ENTERPRISES DBA EDITORIAL RENUEVO, LLC AND SIGNATURE EQUIPOVISION, LLC",678.0,"['2020-04-27', '2020-06-30', '2020-12-08', '2022-10-21', '2023-07-17', '2023-09-22', '2024-11-07', '2024-11-22']",VRT
"RUGE'S AUTOMOTIVE, INC.",40.0,['2016-08-03'],MU
"RUIZ FOOD PRODUCTS, INC.",215.0,['2024-05-31'],MU
"RUMBLE FITNESS, LLC",221.0,"['2020-03-20', '2020-04-01', '2020-04-24']",VRT
"RUN TOGETHER, LLC DBA FLEET FEET",103.0,['2020-04-06'],RUN19638-USD
"RURAL/METRO OF ROCHESTER, INC.",60.0,['2012-06-30'],MU
"RUSSELL BRANDS, INC., COOSA RIVER DISTRIBUTION",191.0,['2013-06-04'],MU
"RUSSELL ROAD FOOD AND BEVERAGE, LLC",145.0,['2020-05-14'],VRT
"RUSTY ECK FORD, INC.",42.0,['2020-03-24'],MU
"RW CONSTRUCTORS, LLC",3212.0,['2015-04-22'],VRT
"RWE OFFSHORE WIND SERVICES, LLC",73.0,['2025-03-07'],VRT
"RXO MANAGED TRANSPORT, LLC",114.0,['2024-04-02'],VRT
RYDER,1555.0,"['2012-10-19', '2012-10-26', '2013-09-23', '2015-12-01', '2016-05-03', '2016-05-18', '2016-06-03', '2016-06-17', '2016-07-01', '2016-09-26', '2016-12-20', '2017-09-14', '2017-09-26', '2019-05-01', '2019-05-06', '2019-07-17', '2020-05-20', '2021-10-06', '2024-06-11', '2025-12-01']",R
"RYDER - MCCORMICK AND COMPANY, INC.",60.0,['2021-03-29'],MU
"RYDER INTEGRATED LOGISTICS, INC.",948.0,"['2019-01-07', '2023-01-11', '2023-01-12', '2023-02-08', '2023-04-01', '2024-02-13', '2024-03-06', '2024-05-23', '2024-12-30', '2025-05-01', '2025-07-22', '2025-07-29', '2025-12-30']",MU
"RYMAN HOSPITALITY PROPERTIES, INC.",124.0,['2023-10-26'],4RH.DU
S & A INDUSTRIES,6.0,['2023-03-24'],KCPSUGIND.BO
"S J AUTOMOTIVE, LLC DBA LEXUS OF STEVENS CREEK",152.0,['2020-05-20'],600609.SS
"S&B ENGINEERS AND CONSTRUCTORS, LTD.",112.0,['2025-02-05'],005930.KS
"S&B FABRICATION SERVICES,LTD.",136.0,"['2022-07-13', '2022-09-09']",005930.KS
S&C CORP,63.0,['2025-07-02'],SCCO
"S&S ACTIVEWEAR, LLC",250.0,"['2019-03-05', '2026-01-28']",VRT
"S-L SNACKS FL, LLC",101.0,['2017-07-26'],VRT
"S-L SNACKS FL, LLC A DIV. OF SNYDER'S-LANCE, INC",101.0,['2017-07-26'],MU
S.A.I.C.,111.0,['2012-11-06'],ALUAD.BA
"S.I. MALL APPLE, LLC",51.0,['2020-03-25'],VRT
"S3 SHARED SERVICE SOLUTIONS, LLC",513.0,"['2025-06-01', '2025-09-02', '2025-12-01']",VRT
SA AUTOMOTIVE,346.0,"['2024-01-16', '2025-08-07']",075180.KS
"SABA, A SUBSIDIARY OF COERNERSTONE ONDEMAND",11.0,['2020-11-16'],SABA
"SABRE GLBL, INC.",63.0,['2020-06-09'],MU
"SADDLE CREEK LOGISTIC SERVICES, INC.",719.0,"['2014-08-11', '2017-11-01', '2025-04-02', '2025-05-09', '2025-10-27', '2026-01-02', '2026-02-27']",MU
"SADDLE RANCH VALENCIA, LLC",63.0,['2020-04-13'],VRT
"SAF-HOLLAND, INC.",7.0,['2025-08-11'],0O4N.IL
"SAFARILAND, LLC",170.0,"['2018-11-01', '2020-02-12']",VRT
"SAFEGUARD PROPERTIES MANAGEMENT, LLC",250.0,['2013-02-04'],VRT
"SAFETY STORAGE, INC",63.0,"['2010-01-15', '2010-02-26', '2016-04-14', '2016-05-20']",MU
SAFEWAY,1453.0,"['2015-05-04', '2015-08-21', '2016-01-04', '2016-03-30', '2016-08-16', '2018-07-11', '2023-04-26', '2023-10-13', '2024-01-30', '2024-12-10', '2025-02-04', '2025-02-12', '2025-11-05']",301559.SZ
SAFRAN,27.0,['2020-09-01'],SAF.PA
"SAFRAN CABIN BELLINGHAM, INC",300.0,['2020-04-23'],MU
"SAFRAN CABIN GALLEYS US, INC",570.0,"['2020-01-27', '2020-04-07', '2020-05-04', '2022-08-10']",MU
"SAFRAN CABIN MATERIALS, LLC",85.0,['2020-06-24'],VRT
SAGE,558.0,['2020-03-30'],SGE.L
"SAINT MARK GOLF & RESORT, LLC",206.0,"['2020-04-10', '2025-02-18']",VRT
SAINT-GOBAIN,96.0,['2020-05-28'],SGO.PA
"SAINT-GOBAIN, SEKURIT",229.0,"['2020-04-02', '2020-07-03']",SGO.PA
"SAKS & COMPANY, LLC",435.0,['2026-03-01'],VRT
"SAKS, LLC",90.0,['2023-11-01'],SAK-R.BK
"SALEM MEDICAL PROFESSIONALS, P.C.",11.0,['2018-11-01'],PCSGH.BK
SALESFORCE,16525.0,"['2020-08-26', '2022-10-13', '2022-11-07', '2023-01-04', '2023-08-02', '2024-01-26', '2024-07-15', '2025-02-03', '2025-08-31', '2025-09-03', '2025-09-04', '2026-02-09']",CRM
"SALESFORCE, INC.",1911.0,"['2023-01-06', '2023-02-15', '2023-03-10', '2023-04-05', '2024-02-05', '2024-09-26', '2025-02-05', '2025-09-02', '2026-03-03']",CRM
SALSIFY,260.0,"['2020-04-03', '2022-11-16', '2023-10-25']",SLSFZZX
SALTO,110.0,"['2023-07-20', '2024-11-12', '2025-06-10']",0P000198AK.SA
"SAM LEVIN FURNITURE, LLC",456.0,"['2018-10-15', '2020-03-01']",VRT
SAMA,200.0,"['2022-08-31', '2022-09-12', '2022-11-02']",AGII.JK
SAMBANOVA,79.0,"['2025-04-23', '2025-04-25']",SAMNZZX
SAMSUNG,30.0,['2023-03-14'],005930.KS
"SAMSUNG SDS GLOBAL SCL AMERICA, INC.",27.0,['2019-09-09'],MU
"SAMSUNG SEMICONDUCTOR, INC.",243.0,"['2014-06-10', '2019-11-27', '2021-01-22']",MU
"SAN DIEGO GAMING VENTURES, LLC",650.0,['2018-04-02'],VRT
"SAN DIEGO IMAGING - CHULA VISTA, LLC",63.0,['2025-10-28'],VRT
"SAN DIEGO IMAGING MANAGEMENT, INC.",52.0,['2023-12-04'],MU
"SAN DIEGO UNION-TRIBUNE, LLC",275.0,"['2012-11-30', '2015-05-26', '2020-04-28']",VRT
"SAN DIMAS LUGGAGE CO., INC.",86.0,['2020-05-14'],MU
"SAN MIGUEL PRODUCE, INC.",127.0,['2024-05-07'],MU
"SANDBERG FURNITURE MANUFACTURING CO., INC.",105.0,['2018-03-16'],MU
"SANDERSON PLUMBING PRODUCTS, INC.",244.0,['2014-02-28'],MU
SANDRIDGE ENERGY,108.0,"['2020-02-04', '2020-04-16', '2020-04-17', '2020-05-28']",SD
SANDVIK,49.0,['2016-07-29'],SANDS.XC
"SANDVIK SPECIAL METALS, LLC",50.0,['2020-08-31'],VRT
"SANGAMO THERAPEUTICS, INC.",132.0,"['2023-05-09', '2023-12-06']",SGMO
SANOFI,100.0,['2024-04-05'],SNY
"SANOFI AVENTIS US, INC.",1065.0,"['2010-09-01', '2012-01-01', '2020-09-02', '2023-11-13']",MU
"SANTA TERESITA, INC.",96.0,['2022-08-29'],MU
SANTANDER,216.0,"['2020-09-30', '2022-02-02']",SAN.MC
SANTANDER BANK,18.0,['2020-10-01'],BKZHF
"SANTANDER BANK, LLC",53.0,['2022-02-01'],BKZHF
"SANTANDER BANK, N.A.",207.0,"['2019-08-01', '2020-10-01', '2023-04-01']",BKZHF
"SANYO NORTH AMERICA CORPORATION, DIGITAL SOLUTIONS",150.0,"['2012-03-30', '2020-03-27']",603825.SS
"SANYO SOLAR USA, LLC",141.0,"['2012-03-22', '2012-04-30', '2012-05-31', '2012-06-30', '2012-07-31']",VRT
SAP,14416.0,"['2019-03-13', '2022-08-31', '2023-01-26', '2023-09-27', '2023-11-08', '2024-01-23', '2024-02-05', '2026-04-15']",SAP
SAPUTO,60.0,['2014-03-26'],SAP.TO
"SARA LEE FROZEN BAKERY, LLC",210.0,['2020-05-11'],VRT
"SARTORIUS STEDIM SUS, INC.",91.0,['2012-10-12'],MU
SAS,250.0,"['2023-05-01', '2023-07-13']",SSL
"SASSY, INC.",72.0,['2014-06-20'],SSYRF
SATELLOGIC,104.0,"['2024-05-24', '2024-06-14']",SATL
SAUCE LABS,30.0,['2020-04-02'],SAUEZZX
"SAVANT SYSTEMS, LLC",18.0,['2016-10-07'],VRT
SAVERS,2087.0,"['2010-04-08', '2012-01-05', '2012-01-09', '2012-01-23', '2012-02-10', '2012-03-31', '2012-04-09', '2012-04-16', '2012-10-23', '2012-11-15', '2013-01-11', '2013-01-30', '2013-07-11', '2014-02-20', '2015-10-26', '2017-01-05', '2017-03-02', '2017-07-11', '2018-04-01', '2018-04-25', '2018-06-01', '2018-06-14', '2018-09-13', '2018-10-01', '2018-11-02', '2019-02-28', '2019-03-10', '2019-03-29', '2019-04-03', '2022-06-01', '2024-05-02']",SVV
"SAVI TECHNOLOGY, INC",153.0,"['2010-11-29', '2011-01-10', '2012-11-17', '2016-05-25']",300652.SZ
"SAVOR, INC. (AT MCCORMICK PLACE)",951.0,['2023-08-09'],SVRT-M.TA
"SB CAPITAL ACQUISITION, LLC",163.0,"['2013-09-30', '2013-12-01']",VRT
"SB CLINICAL NETWORK IPA, LLC",128.0,"['2020-02-04', '2023-12-20']",VRT
SCALE AI,200.0,"['2023-01-09', '2025-07-16']",SCALZZX
"SCARBOROUGH FARMS, INC.",101.0,['2020-08-17'],MU
SCE&G,67.0,['2013-12-31'],1966.HK
"SCENARIO-COCKRAM USA, INC.",53.0,['2023-07-27'],MU
SCHAEFFLER,189.0,['2020-07-31'],SCAFF
"SCHENECTADY REGIONAL ORTHOPEDIC ASSOCIATES, P.C.",79.0,['2014-04-02'],PCSGH.BK
"SCHMITT E.G., INC.",87.0,['2013-06-28'],MU
"SCHNADER, HARRISON, SEGAL & LEWIS, LLP",83.0,['2023-08-01'],5008.KL
SCHNEIDER ELECTRIC,518.0,"['2012-04-30', '2017-08-01', '2017-08-25', '2017-09-25', '2017-10-16', '2017-11-03', '2018-01-05', '2018-01-15', '2018-02-05', '2020-10-06', '2020-12-07', '2021-07-09', '2021-08-26', '2021-11-17', '2022-01-27', '2022-07-26', '2022-09-22', '2022-11-09', '2022-12-23', '2023-04-06', '2023-05-17']",SU.PA
"SCHNEIDER ELECTRIC, U.S.A.",49.0,['2012-08-20'],SU.PA
SCHOLASTIC,148.0,"['2011-03-03', '2020-04-13', '2020-05-20']",SCHL
"SCHOLLE IPN PACKAGING, INC.",250.0,"['2013-06-17', '2020-04-01']",MU
"SCHOOL DAYS, INC.",45.0,['2014-03-11'],MU
"SCHOOL SPECIALTY, LLC",40.0,['2024-07-24'],SCOO
"SCHWAAB, INC.",42.0,['2020-03-30'],MU
"SCHWAN COSMETICS USA, INC.",111.0,['2015-02-01'],MU
"SCHWEITZER-MAUDUIT INTERNATIONAL, INC.",98.0,['2020-10-01'],MU
SCIENCE APPLICATION INTERNATIONAL,112.0,"['2010-07-01', '2014-11-21']",SAIC
SCIENCE APPLICATION INTERNATIONAL CORPORATION,1281.0,"['2010-04-27', '2010-12-10', '2011-01-21', '2011-08-01', '2012-06-11', '2012-08-01', '2013-02-01', '2013-04-12', '2016-06-30', '2021-02-16', '2022-03-01']",SAIC
"SCIENCE SYSTEMS AND APPLICATIONS, INC.",613.0,"['2012-03-08', '2023-04-26', '2025-02-11', '2025-07-07']",MU
"SCOLARO, SHULMAN, COHEN, FETTER & BURSTEIN, PC (PRIMARY OFFICE)",50.0,['2013-03-22'],FOF
"SCOOBEEZ, INC.",262.0,"['2020-08-31', '2020-09-28']",SCBZ
"SCOOBEEZ, INC.-AUSTIN",71.0,['2020-08-28'],SCBZ
"SCOOBEEZ, INC.-FT. WORTH",89.0,['2020-08-28'],SCBZ
"SCOOBEEZ, INC.-GARLAND",69.0,['2020-08-28'],SCBZ
SCOOP,92.0,"['2020-04-08', '2020-11-17']",XS246958254.MU
"SCOTT'S SEAFOOD GRILL & BAR (WALNUT CREEK), INC.",145.0,['2020-04-25'],MU
SCOTTS MIRACLE-GRO CO.,81.0,['2018-05-01'],SMG
SCP,141.0,['2023-12-18'],PTSCPAOM0007.LS
"SDH SERVICE EAST, LLC",772.0,"['2023-05-01', '2024-09-01', '2024-11-25', '2024-12-17', '2025-05-15', '2025-10-15']",VRT
"SDK LOGISTICS, LLC",100.0,['2025-02-05'],VRT
SEAGATE,3549.0,"['2022-10-26', '2023-03-29', '2024-03-18']",STX
SEALY,239.0,"['2018-05-01', '2020-03-23']",TPD.MU
SEARS HOLDINGS,829.0,"['2010-02-01', '2010-03-05', '2016-05-02', '2016-05-16', '2017-07-01', '2018-01-01', '2018-01-04', '2018-01-10', '2020-02-05']",SHLD
"SEARS HOLDINGS SEARS, ROEBUCK, & CO. ASSOCIATE SERVICE CENTER",84.0,['2012-02-15'],RFG.L
"SEARS HOLDINGS, DBA INNOVEL SOLUTIONS, INC.",121.0,['2019-01-01'],SHLD
"SEARS, ROEBUCK & CO. - CARRY IN DIVISION",31.0,['2015-08-21'],SRSCQ
"SEARS, ROEBUCK AND CO. #1225",88.0,['2016-08-09'],SRSCQ
"SEARS, ROEBUCK AND CO. (FULL LINE STORE UNIT #01353)",488.0,"['2018-05-31', '2018-08-21', '2018-09-20', '2018-10-15', '2018-11-08']",SRSCQ
"SEARS, ROEBUCK AND CO. (SEARS AUTO CENTER UNIT #06955)",42.0,"['2016-08-09', '2018-05-31', '2018-10-15', '2018-11-08']",SRSCQ
"SEARS, ROEBUCK AND CO. (STORE# 1162 & 2621)",277.0,['2016-12-27'],SRSCQ
"SEARS, ROEBUCK AND CO. (STORE# 1544)",317.0,"['2016-12-27', '2018-08-24', '2019-01-04']",SRSCQ
"SEARS, ROEBUCK AND CO. FULL LINE STORE (UNIT 01894 ROCHESTER)",70.0,['2018-12-27'],SRSCQ
"SEASIDE APARTMENT HOTEL, LLC",64.0,"['2016-12-28', '2020-04-02']",VRT
SEATGEEK,150.0,['2025-02-20'],SEATZZX
"SEATRIUM AMFELS, INC.",91.0,['2025-09-30'],MU
"SECRET LEVEL, INC.",67.0,['2010-05-24'],MU
"SECTEK, INC.",137.0,['2016-08-29'],MU
"SECURITY INDUSTRY SPECIALIST, INC.",1047.0,"['2014-09-10', '2016-12-31', '2017-01-10', '2023-03-08', '2023-03-17']",MU
"SEEDCO - OFFICE LOCATED IN WORKFORCE1 CAREER CENTER, BRONX",101.0,['2012-03-26'],0P0000VXP8.ST
"SEEO, INC.",45.0,['2019-01-17'],MU
"SEGA OF AMERICA, INC.",76.0,"['2024-01-29', '2024-04-02']",MU
SEGMENT,50.0,['2020-05-06'],512120.SS
SELECT MEDICAL,161.0,"['2015-09-25', '2021-10-11']",SEM
"SELECT SPECIALTY HOSPITAL-PANAMA CITY, INC.",114.0,['2019-04-02'],MU
SELINA,350.0,['2023-06-27'],SLNAF
SEND,384.0,"['2022-05-04', '2022-08-02', '2023-08-08']",5205.KL
"SENECA DATA DISTRIBUTORS A WHOLLY-OWNED SUBSIDIARY OF ARROW ELECTRONICS, INC.",85.0,"['2012-02-22', '2014-12-09']",MU
"SENTINEL TRANSPORTATION, LLC",126.0,['2026-03-30'],VRT
"SENTRY SAFE, INC.",671.0,"['2011-04-27', '2015-10-29', '2023-01-10', '2024-01-09', '2025-11-06']",MU
"SEQUEL YOUTH SERVICES OF CLARINDA, LLC",184.0,['2021-02-03'],VRT
"SEQUEL YOUTH SERVICES OF FOREST RIDGE YOUTH SERVICES, LLC",118.0,['2021-10-12'],VRT
SEQUOIA,128.0,['2020-03-30'],SEQUX
"SERVICE AMERICA CORPORATION, D/B/A",831.0,['2015-03-17'],SBSW
"SERVICE CONNECTION, INC.",167.0,"['2019-03-07', '2020-04-09']",MU
"SERVICE KING PAINT & BODY, LLC.",49.0,['2020-11-09'],VRT
"SERVICELINK NLS, LLS",106.0,['2015-06-24'],KSM-F198.TA
"SETTLEMENT FUNDING, LLC",253.0,"['2011-08-23', '2013-04-05']",VRT
"SFI OF OHIO, LLC",81.0,['2012-05-02'],VRT
"SFS 39, INC.",175.0,['2020-04-10'],MU
SGS,37.0,['2017-03-01'],SGSUL.XC
"SHADES UNLIMITED, INC. DBA REDI SHADE, INC.",52.0,['2019-04-29'],MU
"SHADOW HOLDINGS, LLC.",60.0,['2024-02-05'],VRT
"SHAPIRO & KIRSCH, LLP",70.0,['2015-01-12'],0P0001X4N8
"SHAW INDUSTRIES GROUP, INC",1759.0,"['2016-02-03', '2016-05-17', '2017-10-31', '2019-04-26', '2019-06-24', '2023-06-28', '2024-06-06', '2024-09-24']",MU
"SHEEPSHEAD APPLE, LLC",67.0,['2020-03-25'],VRT
SHELL,75.0,['2016-01-27'],SHEL
"SHELTERED WORKSHOP FOR THE DISABLED, INC.",137.0,['2011-07-18'],MU
"SHEPPARD BUS SERVICE, INC",672.0,['2020-03-01'],MU
"SHERATON MANHATTAN AT TIMES SQUARE SUB STARWOOD HOTELS & RESORTS WORLDWIDE, INC.",79.0,['2010-02-12'],MU
SHERPA,22.0,['2022-07-29'],FTSP
SHERWIN-WILLIAMS,246.0,"['2017-06-12', '2023-04-28']",SHW
"SHERWOOD FOOD DISTIBUTORS, LLC, HARVEST MEAT COMPANY, INC, WESTERN BOXED MEAT INC.",141.0,['2025-02-18'],VRT
"SHIEL HOLDINGS, LLC",1076.0,"['2017-09-01', '2018-01-01']",VRT
"SHIEL HOLDINGS, LLC (SHIEL MEDICAL LABORATORY (A DIVISION OF FRESENIUS MEDICAL CARE, NA)",426.0,"['2016-07-21', '2016-11-29', '2016-12-06', '2017-09-27']",NG=F
"SHIFT TECHNOLOGIES, INC.",213.0,"['2019-04-09', '2023-11-09']",MU
"SHINE EARLY LEARNING, INC",114.0,['2025-08-05'],MU
"SHIPBOB, INC.",171.0,"['2019-03-21', '2019-09-17', '2024-06-25']",SHIBZZX
"SHIPPERS TRANSPORT EXPRESS, INC.",144.0,['2020-03-03'],MU
"SHOEDAZZLE.COM, INC",52.0,['2013-12-31'],MU
SHOGUN,48.0,['2022-08-09'],0P0001VSKR.SA
"SHOP-VAC USA, LLC",80.0,['2023-02-01'],VRT
SHOPIFY,5850.0,"['2020-08-14', '2022-07-06', '2022-07-26', '2022-09-01', '2022-10-06', '2022-11-09', '2023-01-23', '2023-03-30', '2023-05-04', '2023-06-05', '2023-12-04', '2024-07-15', '2025-11-26', '2026-01-22', '2026-03-23', '2026-05-04']",SHOP
"SHOPRITE OF WATERBURY, LLC",203.0,['2022-09-09'],VRT
"SHUTTERFLY LIFETOUCH, LLC",413.0,['2020-04-28'],VRT
SHUTTL,40.0,['2020-04-02'],NAS.OL
"SIBLEY- SUBURBAN HOME HEALTH AGENCY, INC. DBA POTOMAC HOME HEALTH CARE AND POTOMAC HOME SUPPORT, INC.",163.0,['2026-05-06'],MU
SIDE,23.0,"['2022-06-01', '2022-08-02', '2022-10-19']",SID
"SIE ORANGE COUNTY KITCHEN, LLC",139.0,"['2015-03-24', '2025-08-05']",VRT
"SIERRA HEALTH AND WELLNESS CENTERS, LLC",20.0,['2025-06-06'],VRT
SIFIVE,130.0,['2023-10-24'],SIFIZZX
"SIGMA DESIGN, INC",42.0,['2023-01-17'],MU
SIGNET,409.0,"['2013-11-04', '2022-09-29']",SIG
"SIKORSKY SUPPORT SERVICES, INC.",906.0,"['2011-08-31', '2012-12-18']",MU
"SILVER EAGLE MANUFACTURIG COMPANY, INC.",55.0,['2010-10-15'],MU
"SILVER OAK WINE CELLARS, LLC",59.0,"['2020-04-14', '2020-05-26']",VRT
"SILVER WINGS AEROSPACE, INC., A WENCOR GROU, LLC",133.0,"['2020-03-27', '2020-04-27', '2020-05-12', '2020-05-26', '2020-06-16', '2020-06-23', '2020-07-06', '2020-07-20', '2020-11-06']",MU
SIMILARWEB,180.0,"['2022-11-16', '2023-05-10']",SMWB
"SIMOS INSOURCING SOLUTIONS, LLC",249.0,"['2024-04-15', '2025-08-05']",VRT
SIMPL,397.0,"['2021-01-07', '2021-01-29', '2023-04-09', '2024-05-08', '2024-06-06', '2025-10-01']",SMPL
"SIMPLISAFE, INC.",58.0,['2023-01-12'],MU
"SIMPLY FRESH FOOD, INC.",168.0,['2020-04-21'],MU
"SIMPLY HIRED, INC.",94.0,['2016-05-31'],MU
SINCH,150.0,['2022-10-12'],SINCH.ST
"SINCLAIR PRINTING, A CJK GROUP, INC.",277.0,"['2019-05-01', '2020-04-06', '2023-09-07']",MU
"SINGULEX, INC.",71.0,['2019-06-24'],MU
"SINOMAX EAST, INC.",89.0,['2026-03-26'],MU
SIRIUSXM,635.0,"['2023-03-06', '2024-02-12']",SIRI
"SIX ON BROADWAY, L.P. (SIX AT THE BROOKS ATKINSON THEATRE, NYC)",32.0,['2020-06-20'],SF=F
"SK FOOD GROUP, INC.",209.0,['2026-02-27'],MU
"SK TEXTILE, INC.",51.0,['2016-02-16'],MU
"SKAGIT HORTICULTURE, LLC",321.0,"['2023-02-06', '2024-02-07']",VRT
SKETCH,80.0,['2022-10-11'],SKETCH-USD
SKF,314.0,"['2015-05-19', '2023-12-04']",SKF
SKILLSOFT,75.0,['2012-10-04'],SKIL
SKILLZ,91.0,"['2020-04-14', '2022-05-20', '2022-08-29']",SKLZ
"SKY AUTO MALL, LLC",46.0,['2026-03-09'],VRT
"SKY CHEVROLET, LLC",30.0,['2026-03-09'],VRT
"SKYES ENTERPRISES, INCORPORATED",1228.0,"['2011-04-28', '2011-09-13', '2012-01-10', '2012-01-24', '2012-02-21', '2013-03-26', '2014-12-16', '2016-01-04', '2017-05-05', '2017-09-13', '2018-01-15', '2025-12-09']",QCOM
"SKYKICK, INC.",181.0,['2023-08-30'],MU
"SKYLINE AVATAR HOUSE, LP",49.0,['2026-05-01'],ET
"SKYWEST AIRLINES, INC.",650.0,"['2016-07-07', '2016-08-04']",MU
"SKYWORKS SOLUTIONS, INC.",129.0,['2023-02-16'],SWKS
"SLATER'S 50/50, INC.",334.0,['2016-12-07'],MU
SLEEP NUMBER,147.0,"['2020-01-01', '2020-05-01', '2023-10-30', '2023-12-29']",SNBR
"SLS SOUTH BEACH EMPLOYER, LLC",66.0,['2025-03-17'],VRT
SM ENERGY,77.0,['2015-01-15'],SM
"SMA SOLAR TECHNOLOGY AMERICA, LLC",428.0,"['2018-04-27', '2020-04-29', '2021-01-11']",VRT
"SMALL PRECISION TOOLS CALIFORNIA, INC.",118.0,"['2018-05-21', '2026-02-04']",MU
SMART,442.0,"['2010-07-19', '2011-10-12', '2018-06-08']",TNZ.NZ
"SMART & FINAL LOGISTICS, LLC",194.0,['2025-02-18'],VRT
"SMASHBOX BEAUTY COSMETICS, INC.",37.0,['2023-06-28'],MU
"SMG FOOD & BEVERAGE, LLC",990.0,['2020-06-29'],VRT
SMITH & NEPHEW,16.0,['2018-10-01'],NPW1.HA
"SMITH & NEPHEW, INC.",108.0,['2014-11-10'],NPW1.HA
SMITH & WESSON,129.0,['2023-05-26'],SWBI
"SMITHFIELD DISTRIBUTION, LLC",1876.0,['2022-11-16'],VRT
SMITHFIELD FOODS,167.0,"['2023-08-04', '2024-03-04']",SFD
"SMOKY MOUNTAIN LOGISTICS, LLC",45.0,['2026-01-12'],VRT
"SMURFIT KAPPA NORTH AMERICA, LLC",155.0,['2018-01-08'],VRT
"SMYTH COMPANIES, LLC",134.0,"['2023-08-14', '2025-12-19']",VRT
SNAP INC.,707.0,"['2018-03-12', '2018-04-03', '2024-02-05', '2026-04-15', '2026-04-16']",SNAP
"SNAP INC., SUBSIDIARY OF PSA RISK MANAGEMENT SERVICES",44.0,['2022-09-02'],SNAP
"SNYDERS' GATEWAY, INC.",66.0,['2020-03-01'],MU
SNYK,356.0,"['2022-06-30', '2022-10-24', '2023-04-13']",SNYKZZX
"SOAPY JOE'S, INC.",269.0,['2020-03-30'],MU
"SOBER LIVING BY THE SEA, INC.",104.0,"['2023-04-12', '2023-11-15']",MU
"SOCAL PIZZA HOLDINGS, LLC",130.0,['2024-02-23'],VRT
"SODECIA AUTOMOTIVE KANSAS CITY, LLC",201.0,"['2024-06-04', '2024-10-31']",VRT
SODEXO,9615.0,"['2012-01-30', '2012-04-20', '2012-04-27', '2012-12-14', '2013-05-02', '2013-06-18', '2013-09-01', '2014-03-31', '2014-04-22', '2014-05-06', '2014-05-19', '2014-06-16', '2014-07-30', '2014-09-11', '2015-02-01', '2015-02-02', '2015-02-03', '2015-04-06', '2015-04-08', '2015-06-30', '2015-08-03', '2015-12-01', '2016-04-20', '2016-04-26', '2016-05-03', '2016-05-18', '2016-05-24', '2017-04-03', '2017-05-08', '2017-06-30', '2018-01-03', '2018-03-22', '2018-04-13', '2018-05-03', '2019-01-18', '2019-01-22', '2020-03-11', '2020-03-31', '2020-04-01', '2020-05-01', '2020-05-05', '2020-05-27', '2020-06-24', '2020-07-31', '2020-08-26', '2020-09-02', '2020-09-16', '2020-09-17', '2020-09-18', '2020-10-29', '2020-11-06', '2020-11-16', '2021-04-09', '2021-05-11', '2021-05-13', '2022-04-07', '2022-06-02', '2022-06-21', '2023-05-18', '2024-02-14', '2024-05-06', '2024-10-01', '2024-10-30', '2025-02-24', '2025-03-24', '2025-03-25', '2025-04-03', '2025-05-12', '2025-05-16', '2025-05-21', '2025-06-06', '2025-07-01']",0J3F.IL
"SODEXO MANAGEMENT, INC.",71.0,['2014-05-01'],MU
"SODEXO, INC @ SUNY BUFFALO STATE COLLEGE",221.0,['2011-04-08'],SW.VI
"SODEXO, INC AND AFFILIATES - ST. FRANCIS ES",107.0,"['2024-05-15', '2024-08-19']",SW.VI
"SODEXO, INC AT VANGUARD",88.0,['2020-08-01'],SW.VI
"SODEXO, INC. (@ COLGATE UNIVERSITY)",228.0,"['2015-06-17', '2016-06-17', '2017-09-05']",SW.VI
"SODEXO, INC. (@SIENA COLLEGE)",193.0,['2015-03-25'],SJ7.DU
"SODEXO, INC. (AA ADMIRALS CLUB)",157.0,"['2019-01-01', '2019-01-18']",SW.VI
"SODEXO, INC. (AT EAST AURORA SCHOOL DISTRICT)",59.0,['2020-09-21'],SW.VI
"SODEXO, INC. (AT GLENBARD SOUTH HIGH SCHOOL)",32.0,['2020-09-15'],SWN.MX
"SODEXO, INC. (AT ITHACA COLLEGE)",269.0,"['2011-05-02', '2019-03-29', '2020-06-24']",SJ7.SG
"SODEXO, INC. (AT LAKE FOREST ACADEMY)",43.0,['2023-09-29'],0J3F.IL
"SODEXO, INC. (AT MERRILL LYNCH)",32.0,['2013-06-14'],SWN.MX
"SODEXO, INC. (AT MOHAWK VALLEY COMMUNITY COLLEGE)",49.0,['2019-04-01'],SW.VI
"SODEXO, INC. (AT WESTCHESTER MEDICAL CENTER)",263.0,['2019-04-12'],SW.VI
"SODEXO, INC. (CHICAGO PUBLIC SCHOOLS)",354.0,['2021-08-04'],SJ70.F
"SODEXO, INC. (DUTCHESS COMMUNITY COLLEGE)",34.0,['2017-05-09'],SW.VI
"SODEXO, INC. (HOUGHTON COLLEGE)",38.0,['2017-02-24'],SWN.MX
"SODEXO, INC. (LANSING SCHOOL DISTRICT)",122.0,['2024-05-03'],SJ7.SG
"SODEXO, INC. (ONSITE AT LYCOMING COLLEGE)",64.0,['2011-05-01'],SJ70.F
"SODEXO, INC. (PROVIDED MGMNT SRVCS FOR CHUNKY CINEMA & PUB)",212.0,['2011-11-04'],SJ7.SG
"SODEXO, INC. (SODEXO SCHOOL SERVICES)",36.0,['2020-09-10'],SW.VI
"SODEXO, INC. (SOUTHERN NH MILLYARD & SOUTHERN NH UNIVERISITY)",168.0,['2023-02-08'],SW.VI
"SODEXO, INC. (STONY BROOK UNIVERSITY)",357.0,['2017-03-08'],SJ7.SG
"SODEXO, INC. (UNIVERSITY HOSPITAL OF BROOKLYN, SUNY DOWNSTATE MEDICAL CENTER",232.0,"['2011-03-21', '2018-03-26']",SJ7.SG
"SODEXO, INC. - HOSPITALITY SERVICES AT NIAGARA UNIVERSITY",167.0,['2015-04-08'],SW.VI
"SODEXO, INC. - NEWBERRY COLLEGE",51.0,['2020-03-01'],SWN.MX
"SODEXO, INC. /UNITED DENVER CLUBS",248.0,['2020-04-28'],SJ7.SG
"SODEXO, INC. @ FORDHAM UNIVERSITY",382.0,['2016-04-25'],SJ7.SG
"SODEXO, INC. @ NEW YORK CHIROPRACTIC COLLEGE",25.0,['2012-06-07'],SW.VI
"SODEXO, INC. @ THE COLLEGE OF NEW ROCHELLE",26.0,['2012-06-22'],SW.VI
"SODEXO, INC. AND AFFILIATES (TEXAS SOUTHERN UNIVERSITY)",81.0,['2025-07-10'],SW.VI
"SODEXO, INC. AND AFFILIATES AT BEVERLY HOSPITAL",263.0,"['2021-06-30', '2021-07-01', '2023-07-06']",SW.VI
"SODEXO, INC. AND AFFILIATES HCA - ORANGE PARK MEDICAL CENTER",414.0,"['2017-06-05', '2021-06-30', '2021-12-03']",SWN.MX
"SODEXO, INC. AND AFFILIATES MAYO CLINIC - JACKSONVILLE",138.0,['2016-12-05'],SJ7.SG
"SODEXO, INC. AND AFFILIATES MIAMI JEWISH HEALTH",163.0,['2025-11-22'],SW.VI
"SODEXO, INC. AT (COMPUTER ASSOCIATES)",26.0,['2012-02-02'],SW.VI
"SODEXO, INC. DBA GULFCOAST LINEN SVCS.",55.0,['2011-04-04'],SW.VI
"SODEXO, INC. DREXEL",266.0,['2016-09-01'],SWN.MX
"SODEXO, INC. HAHNERMANN UNIVERSITY HOSPITAL FOOD & NUTRITION",106.0,['2019-07-01'],SJ7.SG
"SODEXO, INC. HCA EAST-LAWNWOOD MEDICAL CENTER",168.0,['2015-09-02'],SWN.MX
"SODEXO, INC. PINNACLE HEALTH SYSTEM - WEST SHORE HOSPITAL",155.0,"['2016-05-31', '2018-01-01']",SJ7.DU
"SODEXO, INC. SODEXO DINING SERVICES AT CATHOLIC FOREIGN MISSION",38.0,['2015-11-17'],SWN.MX
"SODEXO, INC. ST. LUKE'S HOSPITAL ALLENTOWN CAMPUS",67.0,['2018-07-01'],SW.VI
"SODEXO, INC., AND AFFILIATES (KANSAS CITY - CHILDREN'S MERCY HOSPITAL)",96.0,['2019-09-18'],SWN.MX
"SODEXO, INC., FACILITY ENGINEERING",54.0,['2016-01-29'],SJ7.SG
"SODEXO, INC., TEMPLE UNIVERSITY (JOHNSON & HARDWICK HALLS)",469.0,"['2013-03-11', '2017-02-01']",SW.VI
"SODEXO, INC., UPMC PINNACLE HEALTH SYSTEM, COMMUNITY HOSPITAL, HARRISBURG, POLY CLINIC",389.0,['2018-01-01'],SWN.MX
"SODEXO, UNITED",120.0,['2020-04-30'],SWN.MX
"SODEXO,INC.",215.0,['2016-04-04'],SJ7.SG
SOFTWARE AG,200.0,['2023-01-31'],OSP2.HM
"SOHO BEACH HOUSE, LLC",157.0,"['2020-03-23', '2020-04-14', '2020-12-17']",VRT
"SOHO HOUSE NEW YORK, INC.",311.0,['2020-03-24'],MU
"SOHO HOUSE WEST HOLLYWOOD, LLCC",41.0,['2020-04-28'],EDMCQ
"SOHO-CECCONIS (WATER STREET), LLC",104.0,['2020-04-06'],VRT
"SOLAE, LLC DBA DUPONT SOY POLYMER",51.0,['2012-10-25'],0P0001KOVT.F
"SOLARCYCLE, INC.",70.0,['2025-08-06'],MU
SOLAREDGE,2200.0,"['2024-01-21', '2024-07-15', '2024-11-27', '2025-01-06']",SEDG
SOLARWORLD,461.0,"['2013-07-02', '2017-05-19']",SOLARWORLD.NS
"SOLERO TECHNOLOGIES SHELBY, LLC",102.0,['2025-09-29'],VRT
"SOLGAR, INC.",107.0,['2013-03-01'],MU
"SOLI ORGANIC, INC",102.0,['2022-05-31'],MU
SOLITAIRE,130.0,['2011-12-02'],0P00011XK4.SW
SONDER,856.0,"['2020-03-24', '2022-06-08', '2023-03-01', '2024-02-15', '2025-04-14', '2025-11-10']",SOND.SW
SONOCO,673.0,"['2011-04-28', '2015-10-16', '2023-03-03', '2023-10-02', '2025-03-13', '2025-05-01']",SON
SONOCO PRODUCTS,200.0,"['2010-12-14', '2023-03-05', '2024-02-02']",SON
"SONOCO PRODUCTS, CONSUMER DIVISION",34.0,['2013-03-12'],SON
"SONOCO WISCONSIN CORES, LLC",70.0,['2022-12-06'],VRT
SONOS,604.0,"['2020-06-24', '2023-06-14', '2023-11-16', '2024-08-14', '2025-02-05', '2026-04-01']",SONO
SOSI,25.0,['2025-03-10'],SOSI1.HE
"SOUNDAIR REPAIR GROUP, LLC",97.0,"['2020-03-27', '2020-04-10', '2020-12-04']",VRT
SOUNDHOUND,245.0,"['2022-11-10', '2023-01-05']",SOUN
"SOUNDVIEW VERMONT HOLDINGS, LLC",127.0,['2024-01-15'],VRT
"SOUNDWICH, INC.",93.0,['2020-03-26'],MU
"SOURCE ONE DIRECT, INC.",340.0,['2017-03-07'],MU
"SOURTHERN GLAZERS WINE AND SPIRITS, LLC",310.0,"['2020-05-11', '2020-05-13', '2020-08-11', '2020-10-09']",VRT
"SOUTH BRONX MENTAL HEALTH COUNCIL, INC",92.0,['2013-03-22'],MU
"SOUTH CITY MOTORS, INC.",181.0,"['2010-03-31', '2011-05-31']",MU
"SOUTHEAST HOMECARE, LLC",217.0,['2015-07-30'],VRT
"SOUTHERN HOME CARE SERVICES, INC.",340.0,"['2016-03-04', '2025-02-24']",MU
"SOUTHERN MOTION, INC.",1216.0,['2020-03-23'],MU
"SOUTHLAND TRANSIT, INC.",97.0,['2022-05-02'],MU
"SOUTHSIDE COMMUNITIES FIRE PROTECTION, INC.",138.0,"['2018-10-08', '2024-05-01']",MU
SOUTHWEST,24.0,['2020-12-07'],LUV
"SOUTHWEST ADMINISTRATORS, INC.",189.0,['2012-10-08'],MU
SOUTHWESTERN ENERGY,495.0,"['2016-01-01', '2016-01-21']",SWN.MX
"SOUTHWIRE, LLC",181.0,['2014-03-24'],VRT
SP PLUS,164.0,['2019-04-19'],0P00009OTG.SW
"SP PLUS, LLA, A METROPOLIS COMPANY",130.0,['2025-04-29'],0P0000JQJE.SW
SP+,789.0,"['2020-06-05', '2020-09-25']",SPY
"SP+, A METROPOLIS COMPANY",110.0,['2025-03-06'],SPY
"SPACE GATEWAY SUPPORT, LLC",328.0,['2011-07-29'],VRT
"SPACE SYSTEMS/LORAL, LLC",862.0,"['2014-08-06', '2014-11-21', '2015-09-29', '2016-02-09', '2017-02-22', '2017-07-03', '2018-07-09', '2019-06-27']",VRT
"SPACIOUS TECHNOLOGIES LLC SUBSIDIARY OF WEWORK COMPANIES, INC",48.0,['2019-12-19'],MU
"SPARBOE FOODS, LLC",380.0,['2019-05-09'],VRT
"SPARTANBURG STEEL PRODUCTS, INC.",64.0,['2013-07-01'],MU
"SPECIALTY HOSPITAL OF PHILADELPHIA, INC.",148.0,"['2012-06-01', '2012-07-01']",MU
"SPECIALTY RETAILERS, INC. (GORDMAN'S)",516.0,"['2020-05-11', '2020-07-02']",^NQUSB40401030LMN
"SPECTRAWATT, INC.",111.0,['2010-12-21'],MU
"SPENCER N. ENTERPRISES, INC.",20.0,['2019-05-02'],MU
"SPENCERARL NEW YORK, INC.",107.0,['2020-03-23'],MU
"SPEYSIDE BOURBON COOPERAGE IN VIRGINIA, INC.",52.0,['2026-02-23'],MU
"SPEYSIDE BOURBON COOPERAGE, INC.",75.0,['2025-02-28'],MU
"SPICER'S PAPER, INC.",62.0,['2020-04-27'],MU
"SPICEWORKS, INC.",59.0,['2019-08-14'],MU
SPIN,78.0,"['2022-01-08', '2022-09-30']",SPIN
"SPIN CHICAGO, LLC",68.0,['2020-09-21'],VRT
"SPIN PHILADELPHIA, LLC",50.0,['2020-11-01'],VRT
SPIRIT,238.0,['2020-07-30'],JN9.F
"SPIRIT & SANZONE DISTRIBUTORS CO., INC.",96.0,['2020-04-27'],MU
"SPIRIT AIRLINES, INC,",593.0,"['2010-05-14', '2020-07-31', '2020-08-01']",MU
"SPIRIT AIRLINES, INCORPORATED",64.0,['2010-09-09'],QCOM
"SPOONFUL MANAGEMENT, LLC",69.0,['2011-03-29'],VRT
"SPORT CLIPS, INC.",139.0,['2020-04-02'],MU
"SPORTS AUTHORITY, INC.",122.0,['2016-05-20'],MU
"SPORTS PHYSICAL THERAPY OF NEW YORK, PC",59.0,['2020-03-24'],PC
SPORTSMAN'S WAREHOUSE,45.0,['2020-04-30'],0A8T.L
"SPREADSHIRT, INC.",64.0,['2023-01-01'],MU
"SPRECKELS SUGAR COMPANY, INC.",394.0,['2025-04-23'],MU
"SPRING WINDOW FASHIONS, LLC",91.0,"['2012-02-01', '2020-04-01']",VRT
SPRINGBIG,37.0,['2022-12-01'],SBIG
"SPRINGFIELD ANESTHESIA SERVICE, INC.",91.0,['2024-10-21'],MU
SPRINKLR,766.0,"['2020-06-25', '2022-06-22', '2023-02-15', '2024-05-03', '2025-02-06']",CXM
SPRINT,6227.0,"['2012-04-23', '2013-08-26', '2013-09-09', '2013-09-23', '2013-11-18', '2014-02-11', '2014-03-18', '2014-03-19', '2014-10-17', '2014-10-24', '2014-11-14', '2015-01-16', '2015-04-10', '2015-08-28', '2016-01-22', '2016-04-26', '2018-03-09', '2018-03-20', '2018-05-25']",688605.SS
"SPROUT BOST, LLC",56.0,['2020-05-14'],VRT
"SPROUT LA, LLC",123.0,"['2020-04-06', '2020-05-14']",VRT
"SPS TECHNOLOGIES, LLC",251.0,['2025-03-01'],VRT
SPX FLOW,138.0,"['2019-11-07', '2020-08-03']",FLOW
"SPX FLOW, INC.",8.0,['2016-01-26'],FLOW
"SQUARE, SUBSIDIARY OF BLOCK, INC.",9.0,['2023-12-08'],VSQTF
"SQUAW VALLEY SKI HOLDINGS, LLC",89.0,['2020-04-17'],VRT
"SRHG WEST, LLC",181.0,['2020-03-25'],VRT
SRP,60.0,['2013-11-21'],SRPT
SSDI,9.0,['2019-04-21'],SSDIX
"ST. FRANCIS GERIATRIC & HEALTH CARE SERVICES, INC.",180.0,['2009-11-25'],MU
"ST. GILES HOTEL, LLC",55.0,['2011-11-14'],VRT
"ST. JAMES ASSOCIATES, L.P.",177.0,['2020-03-31'],EPD
"ST. JAMES LEASING, INC.",40.0,['2014-04-10'],MU
"ST. JAMES STEVEDORING PARTNERS, LLC",215.0,['2014-12-05'],VRT
"ST. LAWRENCE HEALTH ALLIANCE, INC.",72.0,['2018-12-28'],MU
"ST. LUKE'S HEALTH SYSTEM, LTD.",194.0,['2023-02-08'],005930.KS
"ST. MARY'S HOSPITAL FOR CHILDREN, INC., EARLY INTERVENTION PROGRAM - ST. MARY'S HEALTHCARE SYSTEM FOR CHILDREN",32.0,['2014-02-07'],MU
"ST. VINCENT DE PAUL SOCIETY OF LANE COUNTY, INC.",16.0,['2024-04-23'],MU
STAAR SURGICAL COMPANY,115.0,['2025-02-18'],STAA
"STAFANINI, INC.",461.0,"['2013-02-01', '2016-09-23']",MU
"STAFFING SYNERGIES, INC.",246.0,['2022-01-01'],MU
"STANDARD MOTOR PRODUCTS, INC.",182.0,['2016-03-02'],SMP
STANLEY BLACK & DECKER,1954.0,"['2011-02-15', '2011-08-01', '2011-09-01', '2011-10-17', '2012-02-01', '2019-08-08', '2019-10-25', '2020-06-01', '2020-09-30', '2023-03-20', '2024-03-11', '2024-03-14', '2024-06-07', '2024-06-14', '2026-03-04']",SWK
"STAPLES THE OFFICE SUPERSTORE, LLC",12.0,['2019-04-24'],VRT
"STAPLETON-SPENCE PACKING COMPANY, INC.",78.0,['2022-01-24'],MU
"STAR SPORTS THEATRE ARTS & RECREATION, INC.",76.0,['2021-02-23'],MU
"STAR WAGGONS, INC.",68.0,['2020-04-15'],MU
STARBUCKS,2127.0,"['2025-02-26', '2025-05-05', '2025-09-01', '2025-10-01', '2025-10-03', '2025-10-09', '2026-03-27', '2026-05-08']",SBUX
"STARRY, INC.",288.0,"['2022-10-20', '2022-10-21', '2023-01-18']",SSEAR
"STARVED ROCK WOOD PRODUCTS, LLC",65.0,['2025-04-08'],VRT
"STARWOOD HOTELS & RESORTS WORLDWIDE, LLC",629.0,"['2014-03-31', '2020-06-04']",VRT
STASH,240.0,"['2022-12-06', '2023-05-17', '2024-03-13', '2024-12-04']",STASH31420-USD
"STATS CHIPPAC, INC.",22.0,['2010-11-26'],MU
"STATUE CRUISES, LLC",102.0,"['2012-11-19', '2022-10-03']",VRT
STAX,24.0,['2023-02-24'],STAX
"STEADFAST APARTMENT REIT, INC",68.0,['2021-10-15'],MU
"STEINER SPORTS MEMORABILIA, INC.",60.0,['2019-06-05'],MU
"STELLAR MOLD & TOOL, INC.",22.0,['2020-08-05'],MU
"STELLAR SMART ENERGY SOLUTIONS, LLC",6.0,['2022-03-02'],VRT
"STEM, INC.",52.0,"['2025-04-14', '2025-04-17']",STEM
STEPSTONE,215.0,['2023-10-30'],STEP
"STERICYCLE, INC.",29.0,['2009-12-21'],MU
STERIS CORPORATION,362.0,"['2010-12-01', '2011-02-01', '2011-03-01', '2011-04-01', '2011-05-01', '2011-06-01', '2011-07-01', '2011-08-01', '2011-09-01', '2011-10-01', '2012-01-01', '2012-03-01', '2019-12-10']",STE
"STERLING ADMINISTRATIVE SERVICES, LLC",331.0,"['2013-06-04', '2023-09-11', '2023-09-15']",VRT
"STERLING NATIONAL BANK (BROADWAY, NY)",5.0,"['2018-01-09', '2018-09-06', '2018-09-19']",SF=F
"STERLING, INC. (122 FIFTH AVENUE NEW YORK)",38.0,['2020-07-30'],STRL
"STEVEN J. BAUM, P.C.",89.0,['2011-11-21'],PCSGH.BK
STITCH FIX,4666.0,"['2020-06-01', '2020-06-16', '2022-06-09', '2023-01-05', '2023-07-12', '2023-10-02', '2023-10-09', '2024-01-18']",SFIX
STITCH FIX INC,852.0,"['2021-01-28', '2022-10-01', '2023-01-10', '2023-03-06', '2023-07-01']",SFIX
"STMICROELECTRONICS, INC.",76.0,"['2009-12-07', '2010-01-18', '2010-02-01', '2010-03-15', '2010-03-29', '2010-11-29', '2013-10-01']",STM
"STOCKTON ENTERPRISES, LLC",99.0,['2020-10-05'],VRT
"STOCKTON RECYCLING, INC.",69.0,['2025-03-05'],MU
STOCKX,300.0,"['2020-04-23', '2022-06-28']",STOCZZX
"STONEBRIDGE HOSPITALITY ASSOCIATES, LLC",71.0,['2020-07-22'],VRT
"STORM8, INC.",131.0,['2017-02-16'],MU
"STRAND BOOKS, INC. (STRAND BOOK STORE, NYC & STRAND WAREHOUSE, BROOKLYN)",149.0,['2020-07-12'],0P00015JO1.L
STRATASYS,72.0,['2020-08-17'],SSYS
"STRATUS UNLIMITED, LLC",84.0,"['2020-04-03', '2024-01-08']",VRT
"STREAMLAND MEDIA MIDCO, LLC",71.0,['2026-05-07'],VRT
"STRESAU LABORATORY, INC",70.0,['2021-01-13'],MU
"STRICK TRAILERS, LLC",668.0,"['2020-05-06', '2024-02-28']",VRT
STRIPE,1350.0,"['2022-08-19', '2022-11-03', '2023-06-29', '2025-01-21']",STRIZZX
"STRIVRIGHT, INC.",265.0,['2020-03-23'],MU
"STRIZZI&RSQUO;S RESTAURANTS, INC",63.0,['2020-06-04'],MU
"STRONGARM, LLC",40.0,['2020-04-01'],VRT
"STRUCTURAL SYSTEMS, INC.",1769.0,"['2009-12-10', '2018-10-31', '2019-10-15', '2020-10-28', '2024-10-09', '2025-06-12', '2025-08-25', '2025-09-16']",MU
STRYKER,107.0,['2012-06-22'],SYK
STUBHUB,713.0,"['2020-01-23', '2020-05-28', '2020-06-06', '2022-08-04', '2024-10-01']",STUB
"STUDENTUNIVERSE.COM, INC.",32.0,['2024-06-03'],MU
"STUDIO ART AND TECHNOLOGY, LLC",47.0,['2020-04-15'],VRT
"STUFFED PUFFS, LLC",106.0,['2024-08-01'],VRT
"SUBLIME MACHINING, LLC",47.0,['2022-04-11'],VRT
"SUCCESS VALLEY FARMS, LLC",200.0,['2024-06-05'],VRT
"SUIT SUPPLY (USA), INC. SUIT SUPPLY (USA), INC.",75.0,"['2020-04-07', '2020-04-08']",MU
"SUIT SUPPLY MIAMI BEACH, INC. INC.",7.0,['2020-04-08'],ZINPSX
"SUIT SUPPLY NEWPORT BEACH, INC",12.0,['2020-04-21'],MU
"SUIT SUPPLY SAN DIEGO, INC.",10.0,['2020-04-21'],MU
"SUIT SUPPLY SAN FRANCISCO, INC.",199.0,"['2010-04-30', '2020-04-21', '2023-02-02']",MU
"SUIT SUPPLY USA, INC.*",11.0,['2020-04-07'],MU
"SUKUP STEEL STRUCTURES, LLC",133.0,['2020-10-01'],VRT
SULZER,24.0,['2021-09-14'],SUN.SW
"SUMITOMO PHARMA AMERICA HOLDINGS, INC./SUNOVIAN PHARMACEUTICALS, INC.",444.0,"['2022-11-03', '2023-04-27']",MU
"SUMITOMO PHARMA ONCOLOGY, INC.",38.0,['2023-04-27'],MU
"SUMMIT HILL FOODS, INC.",80.0,['2023-10-24'],MU
"SUMO LOGIC, INC.",79.0,['2023-07-10'],MU
SUN PHARMA,96.0,['2018-11-01'],SUNPHARMA.NS
SUN PHARMACEUTICAL INDUSTRIES,25.0,['2017-05-03'],SUNPHARMA.NS
"SUN WORLD INERNATIONAL, LLC",560.0,"['2011-04-01', '2013-01-15', '2015-01-27', '2019-05-08', '2019-05-15']",VRT
"SUNATION SOLAR SYSTEMS, INC.",128.0,['2020-04-14'],MU
"SUNCOKE ENERGY, INC. (JEWELL COAL MINE)",51.0,['2013-02-08'],SXC
"SUNDANCE HOLDINGS GROUP, LLC",7.0,['2020-12-14'],VRT
"SUNDANCE SPAS, INC",210.0,"['2010-12-12', '2011-03-01', '2011-04-04', '2011-05-09']",MU
SUNDAY,90.0,['2022-06-24'],300515.SZ
"SUNEDISON, INC.",426.0,"['2015-05-25', '2015-10-01', '2015-12-09', '2016-05-25', '2016-05-26', '2016-08-03', '2016-08-08', '2016-09-06', '2016-09-08', '2016-09-28', '2016-09-30', '2016-10-26', '2016-10-27', '2016-11-29', '2016-11-30', '2016-12-14', '2016-12-16', '2017-01-11', '2017-01-17', '2017-02-08', '2017-02-10', '2017-03-10', '2017-03-30', '2017-04-12', '2017-04-17']",MU
"SUNFOODS, LLC",69.0,['2011-05-27'],VRT
"SUNGARD BUSINESS SYSTEMS, LLC",122.0,['2010-11-02'],VRT
"SUNNY SKY PRODUCTS, LLC",25.0,"['2019-01-17', '2020-03-16']",VRT
SUNPOWER,261.0,"['2021-01-07', '2022-03-28']",SPWR
SUNPOWER CORPORATION,905.0,"['2010-01-22', '2012-04-27', '2012-12-20', '2013-09-16', '2013-09-19', '2016-12-06', '2024-07-29']",SPWR
SUNRUN INC.,320.0,"['2023-09-12', '2023-09-14', '2023-10-17', '2023-10-18', '2023-12-27', '2024-01-08']",RUN
"SUNRUN, INC. & SUNRUN INSTALLATION SERVICES, INC.",111.0,['2023-02-24'],RUN
SUNSHINE DAIRY,46.0,['2018-06-12'],001318.SZ
"SUNSHINE FITNESS MANAGEMENT, LLC",32.0,['2020-04-06'],VRT
"SUNSHINE MINTING, INC.",72.0,['2025-06-26'],MU
"SUPER A FOODS, INC.",20.0,['2026-02-06'],MU
"SUPER DELUXE, LLC",103.0,['2018-10-24'],VRT
"SUPER RX, INC.",158.0,"['2014-05-01', '2014-06-10', '2018-09-11', '2023-12-21']",MU
"SUPERIOR BEVERAGE GROUP, LTD.",40.0,['2010-10-26'],005930.KS
"SUPERIOR TECHNICAL RESOURCES, INC.",26.0,['2011-06-02'],MU
"SUPERIOR WEST LAUNDRY, LLC",85.0,['2022-06-24'],VRT
SUPERLOOP,30.0,['2020-08-24'],SLC.AX
"SUPERSOL 661 AMSTERDAM, LLC",31.0,['2010-12-16'],VRT
"SUPERSOL OF WESTCHESTER, INC.",37.0,['2010-12-16'],MU
"SUPERSOL, LTD.",47.0,['2010-12-16'],005930.KS
"SUPPLIER LINK SERVICES, INC",19.0,['2010-03-31'],MU
"SUPREME PROCESS SERVICE, LLC",11.0,['2011-11-30'],VRT
"SURE FIT, INC.",75.0,['2013-06-01'],MU
"SURGALIGN SPINE TECHNOLOGIES, INC.",148.0,"['2023-08-02', '2024-07-03']",MU
"SUSQUEHANNA BANCSHARES, INC.",344.0,"['2011-12-01', '2011-12-22']",MU
"SUTRO BIOPHARMA, INC.",274.0,"['2025-03-13', '2025-05-28', '2025-09-30']",STRO
"SW HOTELS & RESORTS WW, LLC",492.0,"['2020-06-02', '2020-06-03']",VRT
"SWAT FAME, INC",567.0,"['2020-04-09', '2025-06-04']",MU
SWEDA,343.0,"['2020-04-16', '2022-05-31']",SWEDAS.XC
SWEETGREEN,124.0,"['2019-01-19', '2020-04-17', '2022-08-09']",SG
"SWELL ATHLETIC CLUBS, GP, DBA WCAC MANAGEMENT LLC",194.0,['2020-04-11'],GP
"SWIFT ENERGY OPERATING, LLC",56.0,['2017-01-10'],VRT
SWIGGY,3280.0,"['2020-04-21', '2020-05-18', '2020-07-27', '2022-12-08', '2023-01-20', '2024-01-25']",SWIGGY.NS
"SWISS POST SOLUTIONS, INC.",85.0,['2020-07-22'],MU
"SWISSPORT SA USA, LLC",1420.0,"['2017-10-04', '2017-10-12', '2018-07-23', '2020-06-22', '2020-06-24', '2020-06-25']",VRT
"SWISSTEX DIRECT, LLC",9.0,['2020-04-02'],VRT
SWVL,400.0,"['2022-05-30', '2022-11-23']",SWVL
SYKES,2293.0,"['2012-07-31', '2014-03-01', '2018-02-01', '2018-05-08', '2018-07-02', '2018-09-13', '2019-06-26', '2020-10-31', '2021-01-26']",ASY.L
"SYLVAN LEARNING, LLC",48.0,['2024-05-21'],VRT
"SYMBIOSIS, INC.",49.0,['2020-05-28'],SIS-USD
"SYMS CORP AND FILENE'S BASEMENT, LLC",824.0,['2011-11-07'],VRT
"SYNAPSE FINANCIAL TECHNOLOGIES, INC",63.0,['2020-06-23'],MU
"SYNCREON US,. INC.",94.0,['2014-01-30'],MU
"SYNERGY ENTERPRISES, INC.",925.0,"['2020-06-06', '2025-08-18']",MU
"SYNGENTA SEEDS, LLC",56.0,['2024-02-02'],VRT
SYNOPSYS,2100.0,"['2023-01-27', '2025-11-12']",SNPS
SYNOPSYS INC.,400.0,"['2012-03-19', '2023-02-06', '2025-11-12', '2026-03-23']",SNPS
"SYNQOR, INC.",250.0,['2025-11-25'],MU
"SYRACUSE SYMPHONY ORCHESTRA, INC.",168.0,['2011-04-08'],MU
SYSCO,128.0,['2020-04-08'],SYY
"SYSCO LOS ANGELES,INC",200.0,['2013-07-15'],MU
"SYSCO SAN FRANCISCO, INC.",183.0,['2020-04-30'],MU
"SYSTEMS PAVING, INC",118.0,['2020-08-21'],MU
"SYX DISTRIBUTION, INC.",12.0,['2015-11-23'],MU
"T AND W FORGE, LLC",37.0,['2017-06-13'],VRT
"T W FITTING N.A., LLC",58.0,['2015-03-23'],VRT
"T&D HORIZONS, INC",70.0,['2021-02-18'],MU
"T&L AUTOMATICS, INC.",111.0,['2020-03-23'],MU
T-MOBILE,2180.0,"['2012-03-22', '2020-06-16', '2020-06-17', '2020-06-24', '2020-07-01', '2020-08-31', '2025-08-15', '2026-02-02', '2026-04-10']",TMUS
T-ROC,564.0,"['2024-05-03', '2024-05-06']",0P00000O3T.F
"T. HASEGAWA U.S.A., INC.",13.0,['2023-07-12'],MU
T. MARZETTI,155.0,"['2025-04-28', '2025-07-08']",MZTI
T. ROWE PRICE,341.0,"['2021-05-19', '2026-02-12']",TROW
"T. ROWE PRICE ASSOCIATES, INC.",211.0,['2015-06-01'],MU
"T. ROWE PRICE GROUP, INC.",180.0,"['2019-04-23', '2021-05-20']",TROW
"T.R.S.C., INC.",134.0,['2020-04-28'],MU
TABOOLA,200.0,"['2022-09-13', '2026-04-15']",TBLA
"TABULA, INC.",120.0,['2015-01-27'],0P0001OS3R.F
"TACHI-S AUTOMOTIVE SEATING-USA,LLC.",49.0,['2014-10-31'],VRT
"TACOS EL GORDO DE TIJUANA, BC",100.0,['2020-04-21'],BC
TAKASAGO,80.0,['2013-08-01'],Q74.F
TAKE-TWO,579.0,['2024-04-16'],TTWO
"TAKE-TWO INTERACTIVE SOFTWARE, INC.",70.0,['2024-04-29'],TTWO
"TAKEDA DEVELOPMENT CENTER AMERICA, INC",655.0,"['2021-10-13', '2023-05-01', '2023-05-19', '2024-05-10', '2025-10-01']",MU
"TALASCEND SL, LLC.",150.0,['2016-06-27'],VRT
"TALBOT (LEGGETT & PLATT, INC.)",130.0,['2017-12-15'],MU
"TALCOTT RESOLUTION LIFE, INC.",101.0,['2026-02-18'],MU
"TANIMURA & ANTLE ONIONS, LLC",132.0,"['2012-01-13', '2017-03-24']",VRT
TANIUM,30.0,['2021-08-30'],TANIZZX
"TAPESTRY, INC.",290.0,['2020-08-31'],TPR
"TARANTULA HILL BREWING COMPANY, LLC",71.0,['2020-03-24'],VRT
TASKUS,329.0,"['2022-06-21', '2023-02-22', '2023-03-01']",TASK
TASMAN,115.0,['2020-05-04'],PFT.XA
"TASTE, INC",11200.0,"['2020-04-10', '2020-05-12', '2020-08-01']",8371.HK
"TATTOOED CHEF, INC.",272.0,['2023-06-30'],MU
"TATUNG CO. OF AMERICA, INC.",98.0,['2015-03-17'],MU
"TAYLOR FARMS PACIFIC, INC.",382.0,"['2016-06-20', '2020-05-22']",MU
"TBS, INC - PORTLAND",52.0,['2020-02-14'],6AU.F
TD AMERITRADE,85.0,"['2015-07-03', '2017-04-20']",AMTD
TD BANK,151.0,"['2021-04-01', '2023-07-01', '2024-01-01']",TD-PFA.TO
TD SYNNEX,187.0,"['2023-09-18', '2024-07-01']",SNX
"TDG OPERATIONS, LLC",60.0,['2018-10-16'],VRT
TEADS,180.0,['2025-12-04'],TEAD
"TEAM MEMBER SERVICES, LLC",19.0,"['2020-04-01', '2020-04-09', '2020-07-01']",VRT
TECHNICOLOR,1159.0,"['2011-01-25', '2011-08-31', '2012-01-14', '2013-03-28', '2017-10-18', '2020-07-16', '2021-01-26']",TNM2.MU
TECHNIPFMC,112.0,"['2020-02-01', '2020-04-28']",FTI
TECHTARGET,60.0,['2022-12-08'],EFT0.F
TECK,210.0,['2019-05-30'],TECK
"TECO COAL CORPORATIONS (TECO DIVERSIFIED, INC.)",656.0,['2014-10-27'],MU
TEKION,300.0,"['2023-08-02', '2024-03-01']",TEKIZZX
"TEKSYSTEMS, INC.",153.0,"['2024-03-26', '2025-04-25']",MU
"TEL PHIL ENTERPRISES, INC.",109.0,['2011-04-01'],MU
"TELEDYNE CONTROLS, LLC",175.0,['2020-05-15'],VRT
TELEFLEX,254.0,"['2012-11-01', '2025-04-08']",TFX
"TELEMUNDO NETWORK GROUP LLC, NBCUNIVERSAL MEDIA, LLC, AND NBC UNIVERSAL PRODUCTION SERVICES, LLC",37.0,['2020-09-28'],VRT
TELEPERFORMANCE,1402.0,"['2010-02-05', '2010-04-01', '2012-10-05', '2013-02-01', '2014-01-15', '2019-01-28']",TEP.PA
"TELEPERFORMANCE USA-FHCS, INC.",530.0,"['2019-03-28', '2020-02-07']",MU
TELEPORT,15.0,['2022-07-01'],TST31934-USD
"TELERX MARKETING, INC",276.0,"['2012-10-08', '2014-09-01']",MU
"TELEVISTA, INC.",110.0,['2025-12-29'],MU
"TELLTALE, INC.",90.0,['2017-11-07'],MU
TEMPLE BAR,13.0,['2017-09-26'],1N00.SG
"TEMPLE CITY BAEKJEONG, LLC",52.0,['2020-12-01'],VRT
TEMPO AUTOMATION,170.0,"['2020-04-29', '2022-08-17', '2023-07-13', '2023-08-22']",TMPOQ
"TEMPO AUTOMATION, INC.",54.0,['2022-08-15'],TMPOQ
TEMPUR SEALY,211.0,['2020-05-15'],TPD.MU
"TEN PIN FUN CENTER, LLC",370.0,"['2020-04-14', '2020-09-26', '2022-01-10']",VRT
TEN SQUARE GAMES,120.0,['2023-04-17'],1HQ.DU
"TENNECO AUTOMOTIVE OPERATING COMPANY, INC.",710.0,"['2022-04-11', '2022-10-26']",MU
"TENNECO, INC.",140.0,['2024-12-27'],TENNIND.NS
"TEQUILA JACK'S, INC.",120.0,['2020-04-16'],MU
TEREX,504.0,"['2010-02-12', '2010-04-20', '2010-07-02']",TEX
"TERRAFINA, LLC",109.0,['2017-11-10'],CBAOF
"TEX MESS, LLC, DBA ELDORADO GRILL",20.0,['2020-11-19'],VRT
TEXAS INSTRUMENTS,207.0,['2011-11-23'],TXN
TEXAS ROADHOUSE,168.0,"['2020-03-26', '2020-04-28']",TXRH
"TEXAS SCENIC COMPANY, INC.",23.0,['2024-08-02'],MU
"TF-METAL USA, LLC",49.0,['2024-01-11'],VRT
"TGI FRIDAY'S INC./MILWAUKEE FRONT ROW JOINT VENTURE, LLC.",86.0,['2019-10-09'],VRT
"THE BAKHTIARI CORPORATION, INC, DBA STEVENS CREEK SUBARU",50.0,['2020-04-11'],MU
"THE BIG APPLE CIRCUS, LTD.",17.0,['2016-07-20'],005930.KS
THE BON TON,134.0,['2012-01-13'],BONTQ
THE BON TON STORES INC.,120.0,"['2013-11-05', '2017-11-27']",BONTQ
"THE BON TON STORES, INC. @ DESTINY USA",45.0,['2015-10-12'],BONTQ
"THE BOWERY HOTEL, LLC",95.0,"['2020-03-19', '2021-04-28']",VRT
"THE BREAKERS PALM BEACH, INC.",642.0,['2020-09-22'],MU
"THE CARLYLE, LLC DBA THE CARLYLE, A ROSEWOOD HOTEL",250.0,['2020-03-20'],CG
"THE CHEESECAKE FACTORY (GRAND LUX CAFE, LLC)",221.0,"['2013-01-17', '2013-03-19']",VRT
"THE CHEESECAKE FACTORY RESTAURANTS, INC.",409.0,"['2018-03-29', '2024-06-25', '2025-12-04']",MU
THE CHEMOURS COMPANY,145.0,['2016-07-25'],CC
THE CHILDREN'S PLACE,106.0,"['2012-08-01', '2016-05-28', '2017-01-14', '2019-01-01']",PLCE
"THE COURTYARD BY MARRIOTT LONG ISLAND CITY (29-15 QUEENS PLAZA NORTH, LIC)",22.0,['2020-08-05'],LICT
"THE CRYSTALS AT CITYCENTER MANAGEMENT, LLC",13.0,['2020-05-05'],VRT
"THE DELFIELD COMPANY, LLC",197.0,['2023-04-08'],VRT
"THE FAIRVIEW INN OF JACKSON, LLC",25.0,['2020-04-18'],VRT
"THE FRESH MARKET, INC.",382.0,"['2014-03-11', '2015-03-09', '2017-04-18', '2018-07-10']",MU
THE GEO GROUP,209.0,"['2019-08-08', '2021-06-17']",GEO
THE GOODYEAR TIRE & RUBBER COMPANY,41.0,['2020-03-31'],GT
"THE GREAT ATLANTIC & PACIFIC TEA COMPANY, INC. (A&P)",13416.0,"['2015-08-12', '2015-09-01']",0P0000TYOT.WA
"THE GROVE HIGHWAY 156, INC.",36.0,['2020-04-03'],MU
"THE HEDWIN DIVISION OF ZACROS AMERICA, INC.",129.0,['2016-06-28'],MU
THE HERSHEY COMPANY,373.0,['2012-01-01'],HSY
THE HOME DEPOT,621.0,"['2012-07-19', '2015-09-08', '2016-12-01', '2024-02-26']",HD
THE J. M. SMUCKER COMPANY,392.0,"['2015-12-01', '2018-07-18', '2021-03-23', '2022-03-08']",SJM
"THE JAMES NEW YORK, NOMAD",134.0,['2020-06-08'],NOMD
"THE JOHNNY ROCKETS GROUP, INC.",36.0,['2020-04-02'],MU
"THE JOSEPH A. BANK MFG. CO., INC.",51.0,['2023-01-31'],MU
"THE KITCHEN FOR EXPLORING FOODS, LLC",134.0,['2020-05-21'],VRT
"THE LANDSBY, LLC",59.0,['2020-04-11'],VRT
"THE LANGHAM, CHICAGO",153.0,['2020-06-04'],CU=F
"THE LANGHAM, NEW YORK, FIFTH AVENUE",163.0,['2020-05-18'],ASML
"THE LASH GROUP, LLC",202.0,['2018-06-01'],VRT
"THE LAW OFFICES OF JOSEPH A. ROMANO, P.C.",12.0,['2020-03-27'],PCSGH.BK
"THE LEADING HOTELS OF THE WORLD, LTD. (485 LEXINGTON AVE., NYC)",63.0,['2020-08-13'],SF=F
THE LIMITED,69.0,"['2016-01-31', '2016-05-16', '2017-01-11']",KZIA
"THE MANHATTAN OCEAN CLUB ASSOCIATES, LLC",120.0,['2020-03-31'],VRT
"THE MARTIN BROWER COMPANY, L.L.C",308.0,"['2020-04-01', '2020-04-06', '2020-04-16']",BCC
"THE MITCHEL GROUP, INC.",274.0,['2019-08-27'],MU
"THE MS DEPARTMENT OF CORRECTIONS - MHM HEALTH PROFESSIONS, LLC",373.0,['2020-08-06'],VRT
"THE MUFFIN MAN, INC",215.0,['2022-01-07'],MU
"THE NATURE'S BOUNTY CO., INC.",223.0,['2017-03-02'],MU
"THE NEW 42ND STREET (AT 229 WEST 42ND ST., AND THE NEW VICTORY THEATER, NYC",50.0,['2020-06-22'],NYC
"THE ORIGINAL MELS DINERS, INC AND THE ORIGINAL MELS DEVELOPMENT CO., LLC",138.0,"['2020-03-26', '2020-03-27', '2023-12-15']",VRT
"THE PATINA GROUP NEWCO, LLC",493.0,"['2019-04-16', '2020-06-05']",VRT
"THE PEDERSON KRAG CENTER, INC.",86.0,['2014-12-18'],MU
"THE PHANTOM COMPANY, LP",133.0,['2020-06-18'],ET
"THE PHILHARMONIC-SYMPHONY SOCIETY OF NEW YORK, INC.",98.0,['2020-06-10'],MU
"THE PIERRE, NEW YORK, A TAJ HOTEL",410.0,['2020-06-30'],ASML
THE PROGRESS,59.0,['2020-04-28'],PGR
"THE REAL GOOD FOOD COMPANY, LLC",28.0,['2024-03-26'],RGFC
THE REALREAL,792.0,"['2020-04-14', '2021-05-06', '2023-02-16']",REAL
"THE RIGHTSTUFF, INC",58.0,['2023-07-30'],MU
"THE RITZ CARLTON, NAPLES",1530.0,"['2020-06-05', '2022-10-20']",NASO
"THE RITZ-CARLTON BACARA, SANTA BARBARA",86.0,['2020-03-30'],NSBFX
"THE RITZ-CARLTON BAL HARBOUR, MIAMI",138.0,['2020-06-05'],U42.F
"THE RITZ-CARLTON COCONUT GROVE, MIAMI",113.0,['2020-06-04'],U42.F
"THE RITZ-CARLTON COMPANY, LLC (THE RITZ-CARLTON, BOSTON)",222.0,['2020-06-08'],BSX
"THE RITZ-CARLTON GOLF RESORT, NAPLES",305.0,['2020-06-05'],NASO
"THE RITZ-CARLTON HOTEL CO., LLC DBA THE RITZ- CARLTON NEW YORK, WESTCHESTER",183.0,['2020-06-11'],WCFIX
"THE RITZ-CARLTON KEY BISCAYNE, MIAMI",515.0,['2020-06-04'],U42.F
"THE RITZ-CARLTON, LOS ANGELES, JW MARRIOTT L.A. LIVE",1009.0,['2020-04-08'],0P0001A0GW.F
"THE RITZ-CARLTON, SAN FRANCISCO",86.0,['2014-06-21'],BSFO
"THE RIVER CLUB OF NEW YORK, INC.",243.0,"['2013-10-09', '2020-05-08']",MU
"THE ROSE CAFE & MARKET, INC.",210.0,['2020-05-15'],MU
"THE SCOTSMAN PRESS, INC.",148.0,"['2013-03-11', '2014-06-30', '2014-07-01', '2014-07-24']",MU
THE SHERWIN-WILLIAMS COMPANY,64.0,['2019-05-31'],SHW
"THE SHYFT GROUP GTB, LLC",60.0,['2023-04-07'],VRT
"THE SHYFT GROUP, INC.",71.0,['2022-11-15'],MU
"THE SIRE BAR & GRILL, LLC",20.0,['2020-03-26'],VRT
"THE SKILLET GROUP / SKILLET DINER, LLC",27.0,['2025-11-14'],VRT
"THE STOMP COMPANY LP (STOMP AT THE ORPHEUM THEATRE, NYC)",40.0,['2020-06-29'],SF=F
"THE TENDIT GROUP, LLC.",185.0,"['2017-08-02', '2026-04-14']",VRT
THE TORO COMPANY,122.0,['2024-11-14'],TTC
"THE VANGUARD GROUP, INC",991.0,"['2020-08-01', '2020-08-07']",MU
"THE VIRGINIAN~PILOT MEDIA COMPANIES, LLC",131.0,['2020-05-26'],VRT
"THE WATERSHED TREATMENT PROGRAMS, INC.",231.0,['2019-09-04'],MU
"THEATERMANIA.COM, INC.",17.0,['2019-01-16'],MU
THERAPEUTICSMD,212.0,['2022-12-07'],TXMD
THERMA,447.0,['2020-04-20'],JNX0.F
"THERMA-STOR, LLC",93.0,['2022-09-21'],VRT
THERMO FISHER SCIENTIFIC,3599.0,"['2009-12-10', '2011-09-08', '2012-09-01', '2013-01-26', '2014-06-24', '2016-10-17', '2018-08-01', '2020-01-01', '2020-03-01', '2022-11-23', '2023-02-06', '2023-03-01', '2023-03-07', '2023-04-26', '2023-06-13', '2023-07-31', '2023-08-02', '2023-08-08', '2023-11-03', '2023-12-22', '2024-04-03', '2024-11-07', '2025-01-31', '2025-04-29', '2025-07-29', '2026-01-08', '2026-01-23', '2026-01-27']",TMO
"THERMOFORMING SYSTEMS, LLC",66.0,['2024-01-31'],VRT
"THESYS CAT, LLC",76.0,"['2019-02-19', '2019-04-15']",VRT
"THIN FILM ELECTRONICS, INC.",52.0,['2019-03-15'],MU
THINKIFIC,176.0,"['2022-03-29', '2022-12-05', '2023-01-10']",THNC.TO
"THOMSON, INC",62.0,['2010-06-01'],TRI.TO
"THQ, INC.",189.0,"['2011-06-13', '2012-03-26', '2012-07-19']",THQ
"THQ, INC. DIGITAL STUDIO PHOENIX",48.0,['2011-08-08'],THQ
THREDUP,243.0,"['2021-02-09', '2022-08-15']",TDUP
THREDUP INC.,361.0,"['2018-09-04', '2021-01-15']",TDUP
"THREE FLOYDS DISTILLING, LLC",16.0,['2020-03-30'],VRT
"THRIFT BOOKS GLOBAL, LLC",157.0,"['2018-06-01', '2019-01-23', '2021-04-30']",VRT
"THRIFT STORES OF WASHINGTON, D. C.",41.0,['2025-12-19'],DKKCAD=X
THRIVE,75.0,"['2020-08-06', '2024-12-14']",AAMBX
"THRIVE MARKET, INC.",98.0,['2016-05-16'],MU
"THRYV, INC",111.0,['2019-07-26'],THRY
THUMBTACK,410.0,"['2020-03-30', '2022-12-13']",THUBZZX
THYSSENKRUPP,283.0,"['2013-12-01', '2023-02-08', '2025-12-15']",TKA.DE
"THYSSENKRUPP INDUSTRIAL SERVICES NA, INC.",211.0,"['2020-04-16', '2021-03-18', '2026-05-04']",MU
"TI GROUP AUTOMOTIVE SYSTEMS, LLC",40.0,['2018-04-27'],VRT
TIA,216.0,"['2025-04-29', '2025-10-02', '2025-10-17', '2026-01-02']",TINRX
"TICKETMASTER DIVISION OF LIVE NATION WORLDWIDE, INC.",13.0,['2020-05-12'],MU
"TICKETS.COM, INC.",255.0,"['2011-05-16', '2026-04-29']",MU
TIDAL,40.0,"['2023-12-06', '2024-10-31']",CHAT
"TIDI PRODUCTS, LLC",55.0,['2019-01-17'],VRT
"TIKI CHICKI, LLC",23.0,['2020-03-25'],VRT
TIKTOK,1610.0,"['2022-07-18', '2023-01-20', '2024-01-22', '2024-04-11', '2024-05-21', '2025-03-06', '2025-07-02', '2025-08-22']",PEANUT33916-USD
"TIMBERLINE KNOLLS, TK BEHAVIORAL, LLC",229.0,['2025-01-15'],VRT
"TIMES COMMUNITY NEWS, NORTH",13.0,['2020-04-27'],EHR=F
TIMET,434.0,"['2020-06-24', '2020-07-28', '2021-07-15']",TIMETECHNO.NS
TIMKEN,116.0,"['2012-09-28', '2012-10-18', '2025-02-24']",TKR
"TINTRI, INC.",368.0,"['2018-03-05', '2023-08-22']",MU
"TITLEMAX OF ILLINOIS, INC.",126.0,['2021-04-09'],MU
"TITLEMAX OF VIRGINIA, INC. AND TMX FINANCE OF VIRGINIA, INC.",166.0,['2020-11-30'],MU
"TJX COMPANIES, INC. - TJ MAXX",82.0,['2021-11-15'],TJX
"TKMOMENTUM, INC.",64.0,['2025-05-05'],MU
"TMI, LLC. A SENECA COMPANY",44.0,['2020-05-01'],^SPTMI
"TMK IPSCO - IPSCO TUBULARS, INC.",204.0,"['2019-06-11', '2019-08-19']",MU
TOAST,1850.0,"['2020-04-07', '2024-02-15']",TOST
"TOLEDO MOLDING & DIE, INC.",172.0,"['2018-01-30', '2022-12-16']",MU
"TOLL BROS., INC.",322.0,"['2019-10-01', '2020-02-26', '2020-06-24', '2020-07-06']",TOL.MX
TOLL BROTHERS INC,210.0,['2019-08-29'],TOL
"TOMATO GROWERS, INC.",1766.0,"['2015-01-02', '2015-04-15', '2017-01-27', '2019-04-30', '2020-11-01']",MU
"TOMMY BAHAMA R & R HOLDINGS, INC.",160.0,"['2020-07-31', '2021-01-05']",MU
"TOMMY HILFIGER USA, INC",87.0,['2010-10-01'],MU
TOMO,44.0,['2022-05-31'],475960.KQ
TOMORROW,30.0,"['2022-12-16', '2025-04-28']",VWSKX
"TOMS SIERRA ENERGY COMPANY, INC.",14.0,['2021-03-09'],MU
TOMTOM,845.0,"['2022-06-01', '2023-12-12', '2025-06-30']",TOM2.AS
"TONAL SYSTEMS, INC.",80.0,['2022-07-22'],MU
"TOO FACED COSMETICS, LLC",22.0,['2023-06-28'],VRT
TOP HAT,93.0,"['2020-05-12', '2023-08-04', '2024-02-02']",HAT35075-USD
"TOPPAN PHOTOMASKS, INC.",75.0,['2014-12-18'],MU
"TOPS MARKET, LLC",189.0,"['2011-02-01', '2017-11-03']",0P0001NVCG
TOR,13.0,['2020-04-17'],TD.TO
"TORAY COMPOSITE MATERIALS AMERICA, INC",531.0,"['2020-04-09', '2020-06-12', '2024-07-11']",MU
"TOSCANA COUNTRY CLUB, INC.",201.0,['2020-04-20'],MU
TOSHIBA,4000.0,['2024-05-16'],6588.T
"TOTAL FACILITY MAINTENANCE, INC.",47.0,['2024-04-30'],MU
"TOTAL LOGISTIC CONTROL, LLC",306.0,['2011-02-13'],VRT
"TOTSY, INC.",83.0,['2013-05-16'],MU
"TOUCHPOINT CONTRACT CENTERS, LLC",113.0,['2022-03-30'],VRT
"TOURNEAU, LLC",60.0,"['2010-01-31', '2020-04-10']",VRT
"TOWER 23, LP",32.0,['2020-04-09'],ET
TOWER SEMICONDUCTOR,699.0,['2024-01-30'],TSEM
"TOWN & COUNTRY GROCERS OF FREDERICKTOWN, INC",107.0,"['2020-03-31', '2020-05-12']",MU
"TOWNLINE BBQ, LLC",11.0,['2020-03-20'],VRT
"TOYOTA CENTRAL (MCCALL AUTOMOTICE, INC)",130.0,['2012-12-14'],MU
TOYS,396.0,"['2018-06-01', '2018-07-01']",^NQUSB40203045LMT
"TOYS ""R"" US",601.0,"['2012-07-02', '2018-01-24', '2018-03-01', '2018-03-15']",TOYRF
"TOYS ""R"" US - DELAWARE, INC.",486.0,"['2015-09-21', '2018-01-30']",MU
"TOYS ""R"" US, INC.",766.0,"['2018-03-15', '2018-05-30']",TOYRF
"TOYS ""R"" US, INC. - REVISION 1",326.0,['2018-05-30'],TOYRF
"TOYS ""R"" US, INC., D/B/A TOYS ""R"" US AND/OR BABIES ""R"" US (BRONX)",317.0,['2018-03-15'],TOYRF
TOYS 'R' US,239.0,"['2018-02-01', '2018-03-01']",TOYRF
TOYS-R-US,150.0,"['2013-01-26', '2018-06-27']",TOYRF
TPI COMPOSITES INC,52.0,['2023-08-15'],TPICQ
"TPS PARKING MANAGEMENT, LLC, DBA THE PARKING SPOT (JFK AIRPORT LOT)",71.0,['2017-08-07'],VRT
"TRADEMARK GLOBAL, LLC",53.0,['2024-01-09'],VRT
TRANSALTA,136.0,"['2020-10-29', '2025-10-30']",TA-PH.TO
"TRANSDE,V INC,",117.0,"['2021-10-20', '2023-01-31']",V
"TRANSDEV ON DEMAND, INC.",78.0,['2017-09-18'],MU
"TRANSITAMERICA SERVICES, INC.",47.0,"['2016-03-22', '2025-04-23']",MU
"TRANSITIONS OPTICAL, INC",43.0,['2016-10-24'],MU
"TRANSPORT PLUS OF LINCOLN, INC.",32.0,['2014-05-18'],MU
"TRANSPORTATION BROKERAGE SPECIALISTS, INC",230.0,['2020-02-18'],MU
"TRANSTAR TRANSPORTATION GROUP, INC.",81.0,['2018-09-11'],MU
"TRAPNELL ROAD FARMS, LLC",608.0,['2012-06-12'],VRT
"TRAVEL + LEISURE RESORT DEVELOPMENT, INC.",124.0,['2025-10-01'],MU
"TRAVELERS ONE TOWER SQUARE HARTFORD, CT",88.0,['2010-09-22'],0P0001HHNX.L
"TRAVISMATTHEWS, LLC",38.0,['2020-06-09'],VRT
"TREE TOP, INC",75.0,['2009-12-04'],MU
TREEHOUSE,41.0,['2021-09-14'],TREE37495-USD
"TREEHOUSE FOODS, INC.",176.0,"['2025-06-30', '2025-07-31']",MU
TRELL,300.0,['2022-03-15'],TRLS.L
"TRENTON HEAD START, INC.",77.0,['2014-05-01'],MU
TREX COMPANY,211.0,"['2010-01-29', '2020-04-22', '2022-07-26']",TREX
"TRI STATE PROFILE, LLC",37.0,['2023-01-09'],VRT
"TRI-CITY BLACKTOP, INC",60.0,['2021-05-14'],MU
"TRIB TOTAL MEDIA, INC.",133.0,['2015-11-01'],MU
"TRIBUNE 365, LLC",5.0,['2018-07-24'],VRT
"TRIBUNE DIRECT MARKETING, LLC.",79.0,['2020-12-11'],VRT
TRICAN WELL SERVICE,232.0,"['2015-03-17', '2021-06-04']",TCW.TO
TRIGO,139.0,"['2019-10-18', '2024-01-04']",3709.TWO
"TRIM MASTERS, INC",186.0,['2010-03-31'],MU
"TRINITY CHRISTIAN CENTER OF SANTA ANA, INC.",166.0,['2018-08-02'],MU
"TRINITY MINING & CONSTRUCTION EQUIPMENT, INC.",86.0,['2013-10-10'],MU
"TRINITY SERVICES GROUP, INC",582.0,"['2014-12-17', '2018-04-19', '2024-04-01']",MU
TRIPADVISOR,200.0,"['2020-04-28', '2023-08-02', '2023-11-12', '2025-02-04', '2025-11-05']",TRIP
TRIPADVISOR LLC,77.0,"['2020-04-28', '2020-05-04']",TRIP
TROPIC,514.0,"['2013-06-27', '2013-11-04', '2018-06-06', '2018-06-07', '2023-10-20', '2024-05-31']",5401.KL
"TROPICALE FOODS, LLC, AKA PLM OPERATIONS, LLC",168.0,['2024-05-17'],VRT
"TROPITONE FURNITURE CO., INC.",14.0,['2020-04-08'],MU
"TROTT LAW, P.C.",52.0,['2020-03-30'],PCSGH.BK
"TRUCK-LITE CO, LLC",90.0,['2020-04-30'],VRT
"TRUE RELIGION APPAREL, INC. -GURU DENIM, LLC",112.0,['2020-04-21'],VRT
TRUE VALUE,504.0,"['2019-11-18', '2024-08-08', '2024-10-01', '2024-10-21', '2025-02-01']",0P0000GBES.F
"TRUE VALUE COMPANY, L.L.C.",107.0,['2024-10-23'],BCC
"TRUE WORLD FOODS LOS ANGELES, LLC",30.0,['2020-04-22'],VRT
TRUECALLER,70.0,['2026-05-07'],49X0.F
"TRUEPILL, INC.",11.0,['2023-03-08'],MU
"TRULITE GLASS & ALUMINUM SERVICES, LLC",21.0,['2026-04-21'],VRT
"TRUMP ENTERTAINMENT RESORTS HOLDINGS, L.P.",8.0,['2014-09-01'],EPD
"TRUMP NATIONAL GOLF CLUB WASHINGTON, D.C., LLC",102.0,['2020-04-02'],FOMA.F
TRUSTMARK,6.0,['2020-02-13'],TRMK
TRW,585.0,['2013-12-18'],TRWCX
"TSG FINISHING, LLC",62.0,['2012-03-01'],VRT
"TSIYAHI, LLC",10.0,['2023-11-30'],VRT
"TSUBAKI, LLC",27.0,['2020-05-14'],TSKMF
"TSUBAKI, LLC DBA OTOTO",18.0,['2020-05-14'],TSKMF
TTEC,706.0,"['2019-08-06', '2020-11-17', '2020-11-19', '2023-01-09', '2023-01-30', '2026-02-13']",TTEC
"TTI CONSUMER POWER TOOLS, INC.",114.0,['2024-02-29'],MU
TTM,205.0,['2016-10-01'],TTMI
TTM TECHNOLOGIES INC.,70.0,['2015-10-20'],TTMI
"TTM TECHNOLOGIES, INC., SUBSIDIARY OF TTM TECHNOLOGIES NORTH AMERICA, LLC",342.0,"['2023-07-27', '2023-09-25']",TTMI
TTX,97.0,['2020-05-12'],TTX.F
"TUCKER MECHANICAL, INC.*",16.0,['2020-04-29'],MU
"TUFESA USA, LLC",37.0,['2020-04-15'],VRT
"TUFTS MEDICAL CENTER, INC.",360.0,"['2022-04-29', '2023-08-09']",MU
TUL,100.0,['2023-01-17'],0P0001E2CK.L
"TULKOFF FOOD PRODUCTS WEST, INC",33.0,['2020-05-13'],MU
"TUR-PAK FOODS, INC KUSTOM PAK FOODS, LTD, CO-PAK INC. PAK FABRICATORS, LTD, UNITED HOLDING COMPANY, LLC",242.0,['2022-03-11'],005930.KS
"TUSCARORA YARNS, INC.",123.0,['2016-03-10'],MU
"TVI, INC. DBA SAVERS",52.0,['2024-12-10'],TVIPF
"TWEEN BRANDS, INC. AND ASCENA RETAIL GROUP, INC.",295.0,"['2020-08-03', '2020-09-09', '2020-11-02', '2020-11-24', '2021-01-25']",MU
TWIG,494.0,"['2022-11-16', '2023-08-20', '2024-02-02']",TWIGGY35562-USD
TWILIO,2408.0,"['2022-09-14', '2022-09-15', '2023-02-13', '2023-12-04']",TWLO
TWILIO INC,213.0,"['2023-02-21', '2023-02-23']",TWLO
"TWIN CITY FOODS, INC.",157.0,"['2018-03-20', '2018-10-04']",MU
"TWIN PINES MINERALS, LLC",40.0,['2020-02-06'],VRT
"TWIN PINES, LLC",60.0,['2013-09-17'],VRT
"TWIN RIVERS FOODS, INC",815.0,"['2010-02-09', '2016-04-01']",MU
TWIST BIOSCIENCE,270.0,['2023-05-05'],TWST
"TWITTER, INC",1585.0,"['2015-10-14', '2016-10-27', '2022-11-04', '2022-11-07', '2022-11-25', '2022-11-28']",MU
"TWO JINN, INC.",48.0,['2012-09-16'],MU
"TWO'S COMPANY, INC.",109.0,['2020-03-30'],MU
"TXP - TRANSFER EXPRESS, INC.",53.0,['2025-04-29'],MU
"TYCO FIRE PRODUCTS, LP",49.0,['2011-01-26'],ET
TYSON FOODS INC.,4731.0,"['2010-01-22', '2011-07-27', '2011-09-22', '2015-08-14', '2016-05-09', '2016-07-07', '2017-11-02', '2017-11-15', '2017-12-13', '2018-01-17', '2018-02-15', '2023-03-13', '2023-11-08', '2023-12-13', '2024-09-09', '2024-12-02']",TSN
"TYSON FOODS, OPERATING AS LD FOODS/KEYSTONE FOODS",62.0,['2021-08-11'],TSN
"TYSON PREPARED FOODS, INC.",146.0,['2020-08-14'],MU
"TYSONS DELI, INC.",888.0,['2014-07-25'],MU
"TYTO ATHENE, LLC",39.0,['2026-04-02'],VRT
"U GYM, LLC",38.0,"['2020-04-24', '2020-08-14']",VRT
U. S. BANK,528.0,"['2009-12-31', '2010-03-01', '2010-03-31', '2010-04-01', '2010-04-07', '2010-04-15', '2010-05-11', '2010-05-14', '2010-05-21', '2010-05-28', '2010-06-01', '2010-06-08', '2010-06-11', '2010-06-30', '2010-07-09', '2010-07-15', '2010-07-16', '2010-07-30', '2018-06-07', '2023-09-21', '2023-09-26']",^NQSSBAT
"U.S. AUTO PARTS NETWORK, INC./DISTRIBUTION",78.0,['2014-06-30'],0P00000RFV.L
"U.S. AUTO SALES, INC.",142.0,['2023-05-15'],MU
"U.S. BEST REPAIR SERVICE, INC",179.0,['2013-04-12'],MU
"U.S. COTTON, LLC",175.0,['2024-09-04'],VRT
"U.S. LOGISTICS, INC.",160.0,['2012-07-01'],MU
"U.S. PAPER CONVERTERS, INC.",52.0,['2017-10-23'],MU
"U.S. PATRIOT TACTICAL (GALLS, LLC)",74.0,['2022-09-01'],VRT
UALÁ,187.0,['2022-11-30'],UAL
UBISOFT,152.0,['2024-12-04'],UBI.PA
UBS,313.0,"['2023-05-01', '2024-05-01', '2025-03-01', '2025-11-01', '2026-03-01']",UBS
UDEMY,280.0,"['2023-02-14', '2024-09-11']",7WH.DU
"UDEMY, INC.",365.0,"['2020-01-09', '2022-12-07', '2023-02-22', '2023-04-05']",7WH.DU
UIPATH,871.0,"['2022-06-27', '2022-11-15', '2024-07-09']",PATH
UKG,3715.0,"['2023-03-06', '2024-07-03', '2025-11-18', '2026-04-15']",UKGBBZ.XC
"ULTIMATE SURVIVAL TECHNOLOGIES, LLC",271.0,"['2015-07-30', '2019-01-10', '2025-12-19']",VRT
"ULTRA MACHINE & FABRICATION, INC. AND ULTRA ARMORING, LLC",70.0,['2015-02-25'],VRT
"ULTRA PREMIUM OILFIELD, LTD",78.0,['2015-03-03'],005930.KS
"ULTRA PREMIUM SERVICES, LLC",121.0,['2020-03-19'],VRT
ULTRA PRO,76.0,['2020-05-15'],ENPIX
UMB,80.0,"['2025-10-01', '2025-10-07']",45U=F
UNCAPPED,29.0,['2022-05-27'],CDAQ.DE
UNDER ARMOUR,204.0,"['2019-02-25', '2020-04-03']",UA
"UNDERGROUND DEVELOPMENT, LTD.",55.0,['2010-04-16'],005930.KS
UNIBAIL RODAMCO WESTFIELD,367.0,"['2020-05-15', '2020-06-05', '2020-11-18']",URW.PA
"UNICAL AVIATION DBA UNICAL 145, INC.",324.0,['2020-04-08'],MU
"UNICELL BODY COMPANY, INC.",25.0,['2020-04-02'],MU
"UNIFI AVIATION, LLC",1028.0,"['2015-07-30', '2022-03-01', '2025-08-05']",VRT
UNION BANK,175.0,['2013-01-29'],AUB
"UNION CITY NON- FERROUS, INC.",58.0,['2012-04-02'],MU
UNION PACIFIC,456.0,"['2015-09-16', '2019-01-30', '2019-05-21', '2019-06-21', '2024-05-30']",UNP
"UNION SQUARE HOSPITALITY GROUP (USHG), LLC",45.0,['2020-03-31'],VRT
"UNION SUPPLY GROUP, INC.",108.0,['2020-10-13'],MU
"UNIPOWER TECHNOLOGY, LLC",7.0,['2015-10-12'],VRT
"UNIQURE, INC.",32.0,['2024-07-01'],QURE
UNISON,89.0,['2020-04-08'],603418.SS
UNISYS,54.0,"['2012-03-30', '2012-04-27', '2012-06-01']",UIS
UNISYS CORPORATION,135.0,"['2012-04-15', '2018-05-14']",UIS
"UNITED AIRLINES, INC - CLEVELAND HOPKINS INTERNATIONAL AIRPORT",584.0,"['2015-03-09', '2020-08-03', '2020-09-01', '2021-08-02']",UAL
"UNITED AIRLINES, INC. DBA FLIGHT OPERATIONS DIVISION",110.0,"['2015-03-11', '2020-07-08']",UAL
"UNITED AIRLINES, INC. REVISED (7/31/20)",140.0,['2020-07-08'],UAL
"UNITED BANK CARD, INC.",106.0,['2011-04-01'],MU
"UNITED BUILDERS SUPPLY CO., INC.",83.0,['2018-09-20'],MU
"UNITED BUSINESS FREIGHT FORWARDERS, LLC",254.0,['2019-04-18'],VRT
"UNITED CHEMI-CON, INC.",306.0,"['2012-12-04', '2017-11-09']",MU
"UNITED ENVELOPE, LLC",58.0,['2013-02-13'],VRT
"UNITED FACILITIES, INC.",62.0,['2025-04-14'],MU
"UNITED FURNITURE INDUSTRIES CA, INC.",608.0,"['2020-04-11', '2022-12-14']",MU
"UNITED GROUND EXPRESS, INC.",76.0,['2020-08-05'],MU
UNITED GROWTH,37.0,['2022-04-26'],0P0001R8WV
"UNITED LITHO, INC.",80.0,['2011-01-20'],MU
"UNITED MAINTENANCE COMPANY, INC.",91.0,['2025-08-12'],MU
UNITED NATURAL FOODS INC.,590.0,"['2023-06-01', '2024-04-01', '2026-03-16']",UNFI
"UNITED PARCEL SERVICE, INC. (UPS)",206.0,['2024-02-01'],UPS
"UNITED PISTON RING, INC.",60.0,['2026-01-05'],MU
"UNITED REFRIGERATION, INC.",88.0,['2010-09-01'],MU
UNITED RENTALS,119.0,['2023-01-05'],URI
"UNITED SPACE ALLIANCE, LLC",1653.0,"['2010-07-27', '2010-10-29', '2010-11-05', '2011-02-01', '2011-05-10', '2011-05-13', '2011-07-27', '2011-07-29', '2011-08-26', '2011-08-29', '2011-11-08', '2012-02-08', '2012-02-09', '2012-07-24', '2012-07-26', '2012-10-09', '2012-10-12', '2014-07-11']",VRT
"UNITED STATES PIPE AND FOUNDRY COMPANY, LLC",244.0,['2010-02-03'],VRT
"UNITED STATES TRAFFIC NETWORK, LLC",118.0,['2018-08-01'],VRT
"UNITED TALENT AGENCY, LLC",171.0,['2020-06-17'],VRT
"UNIVERSAL AEROSPACE CO, INC",150.0,['2020-04-03'],MU
UNIVERSAL MUSIC GROUP,161.0,"['2010-02-23', '2010-12-27', '2012-12-17']",UMGNF
UNIVERSAL TECHNICAL INSTITUTE,35.0,['2020-04-01'],UTI
"UNIVERSAL TELEVISION, LLC",1010.0,['2020-05-28'],VRT
"UNIVERSITY INN & CONFERENCE CENTER, INC. D/B/A RAMADA HOTEL & CONFERENCE CENTER, INC.",72.0,['2016-06-27'],MU
"UNIVITA HEALTH, INC.",74.0,['2015-07-30'],MU
"UNY, LLC A/K/A GENERAL SUPER PLATING",95.0,['2015-04-20'],9068.T
UPS,4819.0,"['2016-11-16', '2020-02-04', '2024-01-26', '2024-01-29', '2024-02-02', '2024-02-06', '2024-02-21', '2024-03-06', '2024-03-22', '2024-04-03', '2024-06-13', '2024-11-14', '2024-11-18', '2025-02-20', '2025-02-25', '2025-03-03', '2025-03-04', '2025-03-05', '2025-03-28', '2025-04-04', '2025-05-15']",UPS
"UPTOWN CHEVROLET-CADILLAC, INC.",70.0,['2011-01-28'],MU
UPWORK,288.0,"['2023-05-03', '2024-10-23', '2026-05-07']",UPWK
UPWORK INC.,121.0,['2024-10-23'],UPWK
URBAN OUTFITTERS,327.0,['2015-08-18'],URBN
URS,892.0,"['2010-08-13', '2010-08-16', '2010-10-13', '2012-09-06', '2014-05-13', '2014-08-29', '2015-07-10']",URSB
"US AIRWAYS, INC.",13.0,['2014-04-07'],MU
"US FARATHANE, LLC",354.0,"['2023-12-11', '2025-01-01']",VRT
"US FOODS, INC.",790.0,"['2011-12-06', '2012-10-09', '2015-05-14', '2019-04-29', '2021-07-01', '2024-07-11', '2025-02-04', '2025-07-22']",USFD
"US LINES, LLC",92.0,['2016-08-29'],VRT
"US MOTOR WORKS, LLC",8.0,['2024-01-25'],VRT
"US STEEL OILWELL SERVICES, LLC",200.0,['2015-04-17'],VRT
USAA,116.0,"['2010-04-12', '2016-05-01']",UPMMX
"USM, INC",128.0,"['2010-01-01', '2020-04-27']",BIHI39.SA
"USNR, LLC",43.0,['2020-04-21'],VRT
"USS-UPI, LLC",474.0,['2023-11-15'],VRT
UTI,663.0,"['2015-01-29', '2015-07-17', '2015-07-31', '2015-08-24', '2016-02-02', '2016-02-10', '2016-09-20', '2016-11-16']",UTI
"UTI, UNITED STATES, INC.",20.0,['2011-06-30'],UTI
"V&L PRODUCE, INC.",87.0,['2015-03-03'],MU
"V2X DBA VERTEX AEROSPACE, LLC",46.0,['2024-08-21'],VRT
"VALASSIS COMMUNICATIONS, INC.",65.0,['2014-03-10'],MU
VALEO,20.0,['2023-04-10'],FR.PA
"VALERUS FIELD SOLUTIONS, LP",250.0,['2020-01-06'],ET
VALIDITY,130.0,['2020-05-06'],VAL-INR
"VALLEY AGGREGATE TRANSPORT, INC.",116.0,['2011-09-27'],MU
"VALLEY FRESH, INC.",101.0,['2010-10-29'],MU
"VALMET, INC. (FORMERLY GL&V USA, INC.)",40.0,['2019-12-04'],VALMT.HE
VALUE VILLAGE,41.0,['2022-09-07'],SVV
"VALUEOPTIONS, INC.",97.0,['2012-11-15'],MU
"VALYRIA, LLC",25.0,['2025-09-24'],VRT
"VAM USA, LLC",59.0,['2020-04-06'],VRT
"VAN DYK HEALTH CARE, INC.",216.0,['2018-07-01'],MU
"VAN NUYS FITNESS, LLC",40.0,['2020-06-24'],VRT
"VAN'S SUPPLY & EQUIPMENT, INC.",37.0,['2020-04-06'],MU
"VANCE BROWN, INC",101.0,['2020-04-07'],MU
"VANILLA FUDGE, LLC, SWEET DREAM DESSERTS, LLC AND GREAT AMERICAN DESSERT COMPANY LLC D/B/A GAD BAKERIES",75.0,['2015-04-10'],VRT
VANITY,58.0,['2017-03-27'],VYC-H.V
"VANITY FAIR BRANDS, LP",68.0,['2010-08-05'],ET
"VANTAGE PARTNERS, LLC",216.0,['2020-02-10'],VRT
"VANTEC HITACHI TRANSPORT SYSTEM (USA), INC.",78.0,['2019-09-05'],MU
VANTIV,200.0,['2016-11-17'],VANTI.PA
"VANTIV, LLC",50.0,['2011-09-16'],VANTI.PA
"VANTIV, LLC AMENDED",158.0,"['2011-10-05', '2012-10-10']",VANTI.PA
VARIS,368.0,"['2024-03-27', '2024-11-01', '2024-11-21']",VAR.AX
"VBZ PAYROLL SERVICE, INC.",31.0,['2019-03-08'],MU
"VDARA CONDO HOTEL, LLC",939.0,"['2020-05-05', '2020-05-11']",VRT
VEE,163.0,"['2020-05-14', '2022-07-31', '2022-10-25', '2022-11-11', '2023-11-26']",VEEV
VEHO,65.0,['2024-01-25'],VEHOZZX
VELO3D,42.0,['2024-08-26'],VELO
"VELO3D, INC.",71.0,"['2024-08-09', '2024-10-09']",VELO
"VENTE-PRIVEE USA BRANDS, INC.",36.0,['2014-10-23'],MU
"VENTE-PRIVEE USA, LLC",97.0,['2014-10-23'],VRT
"VERASA MANAGEMENT, LLC, DBA THE WESTIN VERASA NAPA",75.0,['2020-04-01'],VRT
VERBIT,162.0,"['2022-07-05', '2023-07-27', '2024-03-05', '2025-09-10']",VERBZZX
VERISIGN,75.0,"['2010-10-11', '2010-11-10', '2010-12-10', '2011-01-10']",VRSN
VERIZON,2458.0,"['2012-02-01', '2014-02-03', '2015-11-02', '2016-11-07', '2017-01-27', '2017-11-27', '2018-02-01', '2018-09-29', '2020-05-18', '2024-09-01', '2025-11-01', '2025-11-21', '2026-05-01']",VZ
"VERIZON COMMUNICATIONS/ XO COMMUNICATION SERVICES, LLC",53.0,['2017-05-01'],VRT
"VERIZON NORTH, INC.",358.0,"['2010-01-20', '2014-10-01']",MU
"VERSI-STAFF SOLUTIONS, INC.",150.0,['2016-05-03'],MU
VERTEX PHARMACEUTICALS,125.0,['2025-06-06'],VRTX
"VERTEX STANDARD U.S.A., INC.",31.0,['2011-08-31'],MU
VERTICALSCOPE,60.0,['2023-02-01'],7E9.SG
VESTA,76.0,"['2020-07-22', '2020-08-05']",VWS.CO
"VESTIS SERVICES, LLC",44.0,['2024-04-01'],VRT
"VESTRA LABS, LLC",72.0,['2022-03-28'],VRT
"VETTA, LLC",73.0,['2020-08-21'],^ARMY-ID
"VF CONTEMPORARY BRANDS, INC.",266.0,"['2016-02-04', '2016-09-13', '2017-02-13']",MU
VFC,11.0,"['2020-05-12', '2020-10-29']",VFC
VI,83.0,['2010-10-19'],V
VIAD CORP,123.0,"['2020-04-13', '2020-08-31']",DIL1.DU
VIAL,40.0,['2023-01-13'],0P0000ZRNQ
VIAPLAY,450.0,['2023-07-20'],VPLAY-B.ST
"VIBRA HOSPITAL OF FORT WAYNE, LLC",240.0,['2018-12-18'],VRT
"VICIS, INC",84.0,['2019-12-30'],MU
VICTORIA'S SECRET,141.0,"['2020-04-13', '2020-06-24']",VSCO
"VICTORIA'S SECRET (722 LEXINGTON AVE., NYC)",56.0,['2020-07-22'],SF=F
"VICTORIA'S SECRET STORES, LLC",52.0,['2020-07-29'],VRT
"VICTORINOX SWISS ARMY, INC.*",48.0,['2020-04-03'],MU
"VIE DE FRANCE YAMAZAKI, INC.",133.0,"['2019-05-30', '2020-07-16']",MU
VIEW,170.0,"['2020-04-15', '2023-04-03']",9591.SR
VIEW INC,72.0,['2020-05-08'],VRAYQ
"VIFOR PHARMA, INC.",55.0,['2025-10-01'],MU
"VIGOR ALASKA, LLC",72.0,['2025-05-07'],VRT
"VIKING RANGE, LLC",68.0,['2014-03-18'],VRT
"VILLA FINANCIAL SERVICES, LLC",106.0,['2022-12-21'],VRT
VILLAGE FARMS,27.0,['2023-05-10'],VFF
"VINCENT B. ZANINOVICH & SONS, INC.",511.0,['2019-03-08'],MU
"VINTAGE WINE ESTATES, INC",382.0,"['2024-07-24', '2024-10-21']",MU
"VIOLIN MEMORY, INC.",106.0,['2016-11-15'],MU
"VIRGIN ORBIT, LLC",753.0,"['2023-04-18', '2023-04-24']",VRT
"VIRIDOS, INC.",36.0,['2022-11-03'],MU
"VIRTEX PPI/TIME ZERO, INC. (WAYNESBORO, VA PLANT)",76.0,['2023-06-21'],VASUPRADA.BO
VISA INC.,271.0,"['2016-11-07', '2017-01-13']",V
"VISALUS, INC.",87.0,['2016-01-11'],MU
VISE,25.0,['2022-05-04'],T06.F
"VISIONWORKS, INC.",746.0,['2020-04-23'],MU
"VISITING NURSES ASSOCIATION OF LONG ISLAND, INC",93.0,['2015-03-23'],MU
"VISTA FORD, INC",11.0,['2015-01-23'],MU
"VISTANA DEVELOPMENT, INC",174.0,['2020-09-03'],MU
"VISTANA MANAGEMENT, INC.",903.0,"['2020-09-03', '2020-09-14', '2020-09-25']",MU
"VISTANA VACATION OWNERSHIP, INC",21.0,"['2020-09-02', '2020-09-03', '2020-09-14']",MU
"VISTAPHARM, INC.",36.0,['2022-10-11'],MU
VISTEON,30.0,['2010-01-26'],VC
"VITACARE PRESCRIPTION SERVICES, INC.",179.0,"['2023-10-03', '2023-12-05']",MU
"VITACOST, INC.",57.0,['2023-02-06'],MU
"VITAL PHARMACEUTICALS, INC. DBA VPX SPORTS, INC.",143.0,['2015-02-18'],MU
"VITARICH LABORATORIES, INC.",60.0,['2010-12-21'],MU
"VITRO FLAY GLASS, LLC",88.0,['2023-11-01'],VRT
"VMT LONG TERM CARE MANAGEMENT, INC",400.0,['2010-05-14'],MU
"VMWARE, INC.",992.0,"['2010-02-05', '2010-02-14', '2010-03-15', '2016-01-26', '2018-01-12', '2019-01-30', '2020-08-17', '2021-02-22', '2023-11-27']",MU
"VOILA SWEETS, LLC",72.0,['2014-03-21'],VRT
"VOLITION GAMES, LLC",183.0,['2023-09-20'],VRT
"VOLTA CHARGING INDUSTRIES, LLC",190.0,"['2024-04-01', '2024-04-02', '2024-04-03']",VRT
VOLTA INC.,69.0,"['2024-04-01', '2024-04-09']",3639.T
"VOLTRONICS, LLC",26.0,['2015-11-18'],VRT
"VONACHEN GROUP, INC.",184.0,['2025-06-05'],MU
"VORNADO AIR, LLC.",72.0,['2026-01-30'],VRT
VOUCH,15.0,['2022-06-23'],DIVA.JK
"VOXPRO GROUP, LLC",573.0,"['2019-03-28', '2020-05-12', '2022-07-15']",VRT
"VOYAGER GAMING GROUP, INC.",58.0,['2010-02-01'],MU
"VPD IV, INC",17.0,['2014-08-01'],MU
"VPM MAINTENANCE MANAGEMENT, LLC",35.0,['2015-02-12'],VRT
"VSB OPCO, LLC AND POPCHIPS, LLC DBA POPCHIPS, INC.",52.0,['2020-06-09'],MU
"VSE ARIZONA REALTY, INC.",58.0,['2020-09-02'],MU
"VSM-ROSTRA, LLC",87.0,['2020-05-01'],VRT
"VSSI STAFFING SERVICES, LLC",180.0,['2023-10-01'],VRT
VT GROUP,256.0,"['2011-08-03', '2012-10-26']",VTG
"VT WEST, INC.",68.0,['2015-08-27'],MU
VTEX,200.0,['2022-05-26'],VTEX
"VVF KANSAS SERVICES, LLC",76.0,['2022-12-12'],VRT
"VYTALOGY WELLNESS, LLC",133.0,"['2024-08-01', '2024-12-20']",VRT
"W HOTEL MANAGEMENT, INC., DBA W BELLEVUE",105.0,['2020-06-04'],MU
"W SILICON VALLEY HOTEL (W HOTEL MANAGEMENT, INC)",68.0,['2012-12-18'],MU
"W.F. DELAUTER & SON, INC.",78.0,['2024-03-27'],MU
WABASH,144.0,['2026-01-05'],WNC
WACKER NEUSON,186.0,['2020-08-07'],WAC.DE
"WADE'S MARKET, INC., DBA WADE'S MARKET CENTER",133.0,['2015-07-01'],MU
"WAG LABS, INC.",182.0,"['2019-01-23', '2019-04-08', '2019-12-09']",MU
"WAIKIKI RESORT HOTEL, INC.",97.0,['2024-04-19'],MU
WAITR,2300.0,['2020-02-06'],ASAPQ
WAL-MART,15454.0,"['2016-01-15', '2016-01-20', '2016-01-26', '2016-03-16', '2016-04-15', '2016-09-12', '2017-01-17', '2017-05-15', '2017-06-20', '2017-10-01', '2017-11-02', '2018-01-04', '2018-01-16', '2018-02-01', '2018-04-02', '2018-04-27', '2018-07-09', '2019-02-27', '2019-03-20', '2019-03-25', '2019-03-29', '2019-04-03', '2019-06-05', '2019-06-12', '2019-09-30', '2019-10-04', '2020-02-13', '2020-07-22', '2020-10-14', '2021-04-09', '2022-02-16', '2022-04-04', '2022-04-25', '2022-10-01', '2023-02-01', '2023-02-08', '2023-03-02', '2023-03-20', '2023-03-23', '2023-03-24', '2023-04-07', '2023-04-14', '2023-04-26', '2023-05-03', '2023-08-04', '2023-09-05', '2024-01-19', '2024-01-29', '2024-02-06', '2024-03-04', '2024-03-08', '2024-03-18', '2024-04-19', '2024-05-17', '2024-05-20', '2024-06-14', '2024-06-20', '2024-11-01', '2024-12-05', '2025-02-01', '2025-02-05', '2025-05-01', '2025-05-30', '2025-09-08', '2025-09-29', '2026-02-01', '2026-03-27', '2026-03-29']",WALMEX.MX
"WAL-MART STORES, INC DBA SAM'S",682.0,"['2010-03-11', '2011-01-25']",GJO
"WAL-MART STORES, INC.",174.0,['2016-07-08'],GJO
"WAL-MART STORES, INC./NEW YORK SAM'S CLUB",128.0,['2010-01-11'],GJO
"WALLBOARD TOOL CO., INC.",100.0,['2022-08-15'],MU
WALLENIUS WILHELMSEN LOGISTICS,104.0,['2015-02-19'],0N0B.L
"WALLENIUS WILHELMSEN LOGISTICS AMERICUS, LLC",158.0,['2014-04-19'],VRT
"WALMART ECOMMERCE (ALTITUDE COLLECTION, LLC)",31.0,"['2020-01-23', '2020-02-13']",VRT
WALMART INC,1026.0,"['2018-02-01', '2019-04-01', '2020-03-05', '2024-05-01']",WMT
WALNUT,15.0,['2024-05-29'],0905.HK
"WALSH COMMERCIAL GROUP, LLC",55.0,['2020-03-30'],VRT
"WALT DISNEY PARKS & RESORTS U.S., INC.",160.0,"['2015-01-21', '2016-08-04', '2020-10-02']",MU
"WALT DISNEY TRAVEL CO., INC.",206.0,"['2020-10-02', '2020-11-17']",MU
"WALT'S WHARF, INC.",82.0,['2020-04-02'],MU
"WALTER USA, LLC.",39.0,['2016-12-12'],VRT
"WALTERSCHEID, INC.",130.0,['2024-08-20'],MU
WARBY PARKER,63.0,['2022-08-08'],WRBY
"WAREHOUSE SERVICES, INC",660.0,"['2018-06-12', '2020-03-22', '2020-05-27', '2021-08-01', '2021-08-08']",MU
"WARNER BROS RECORDS, INC",404.0,"['2009-12-18', '2010-03-26', '2010-04-27', '2024-07-17', '2025-02-25']",MU
"WARNER BROS. DISCOVERY, INC. (100)",52.0,['2025-07-30'],WBD
"WARNER CHILCOTT (US), LLC",134.0,"['2013-10-01', '2013-11-01']",VRT
"WARNER MEDIA, LLC",17.0,"['2018-08-09', '2018-10-17']",VRT
WARREN,50.0,['2022-08-17'],PWR.XA
"WARWICK HOUSE, INC.",58.0,['2023-05-01'],MU
"WASHINGTON DEMILITARIZATION CO., (URS)",34.0,['2012-09-07'],0P000135WW.F
WASTE MANAGEMENT,650.0,"['2013-04-08', '2013-10-10', '2014-06-27', '2022-04-29', '2022-05-02', '2023-05-05', '2024-09-13']",WM
"WATER VALLEY POULTRY, LLC",160.0,['2018-11-30'],VRT
"WATERMARK SERVICES IV, LLC",93.0,"['2024-03-14', '2024-05-23']",VRT
"WATTS WATER TECHNOLOGIES, INC.",33.0,['2012-09-14'],WTS
"WAUSAU EQUIPMENT COMPANY, LLC",134.0,"['2025-10-08', '2025-12-04']",VRT
WAVE,300.0,['2022-07-13'],WAVE
"WAVE COMPUTING, INC.",67.0,['2019-09-23'],MU
"WAVERLY RESTAURANT, LLC",82.0,['2020-03-20'],VRT
"WAXING CENTERS OF BUFFALO, LLC",93.0,['2020-03-25'],VRT
WAYFAIR,5340.0,"['2022-08-19', '2023-01-20', '2024-01-19', '2025-01-10', '2025-03-07']",W
WAYFAIR LLC,2554.0,"['2022-08-19', '2023-01-20', '2024-01-19', '2024-02-01']",W
"WAYFORTH, LLC",144.0,"['2020-04-14', '2023-08-15', '2023-08-16']",VRT
WAZIRX,60.0,['2022-10-02'],WRX-USD
"WB GAMES INC. AND WARNERMEDIA SERVICES, LLC",51.0,['2025-02-26'],VRT
"WDC EXPLORATION & WELLS, INC.",54.0,['2012-08-18'],MU
"WEABER, INC.",191.0,"['2025-06-01', '2025-07-01']",MU
WEALTHSIMPLE,159.0,['2022-06-15'],WSRD.TO
WEATHERFORD,325.0,"['2013-06-28', '2016-12-02', '2016-12-05']",WFRD
"WEATHERSFORD U.S., L.P.",212.0,"['2016-06-29', '2016-12-01']",EPD
"WEBER METALS, INC",169.0,['2020-07-01'],MU
"WEDRIVEU DBA KIESSLING TRANSIT, INC.",131.0,"['2025-04-09', '2025-04-21']",MU
"WEDRIVEU, INC",717.0,"['2020-05-15', '2022-09-26', '2025-07-16', '2025-07-29', '2025-12-28']",MU
"WEIR SLURRY GROUP, INC.",191.0,"['2014-11-01', '2023-02-01']",MU
WEJO,40.0,['2023-03-22'],WEJOF
WELL FARGO,14320.0,"['2010-04-02', '2010-08-31', '2010-12-05', '2011-01-14', '2011-01-15', '2011-02-03', '2011-02-11', '2011-02-23', '2011-03-23', '2011-05-17', '2011-05-22', '2011-07-13', '2011-09-15', '2011-09-21', '2012-02-02', '2012-02-17', '2012-03-26', '2012-12-04', '2012-12-30', '2013-08-08', '2013-08-22', '2013-08-23', '2013-09-19', '2013-10-20', '2013-11-16', '2013-12-15', '2014-01-12', '2014-04-17', '2014-06-19', '2015-05-01', '2015-10-22', '2015-11-18', '2016-02-03', '2016-04-03', '2016-04-20', '2016-06-15', '2016-07-13', '2016-07-16', '2017-06-15', '2017-07-13', '2017-08-10', '2017-09-06', '2017-11-01', '2018-03-28', '2018-05-01', '2018-05-16', '2018-06-04', '2018-06-07', '2018-06-25', '2018-08-20', '2018-08-23', '2018-08-24', '2018-10-01', '2018-11-15', '2018-11-30', '2019-01-15', '2019-01-17', '2019-01-29', '2019-02-21', '2019-06-05', '2019-07-18', '2019-10-23', '2020-01-23', '2020-11-16', '2020-12-14', '2020-12-23', '2021-01-21', '2021-02-19', '2021-02-26', '2021-04-06', '2021-05-04', '2021-08-30', '2021-09-28', '2021-10-22', '2021-10-25', '2021-11-18', '2022-04-21', '2022-05-05', '2022-05-19', '2022-05-23', '2022-06-02', '2022-06-13', '2022-06-16', '2022-06-30', '2022-07-14', '2022-07-15', '2022-07-28', '2022-07-29', '2022-08-25', '2022-08-26', '2022-09-09', '2022-09-22', '2022-10-20', '2022-10-21', '2022-11-03', '2022-11-04', '2022-12-01', '2023-01-17', '2023-04-18', '2023-04-28', '2023-05-16', '2023-05-22', '2023-07-12', '2023-07-24', '2023-07-25', '2023-08-08', '2023-08-22', '2023-09-05', '2023-09-20', '2023-09-28', '2023-10-03', '2023-10-17', '2023-11-14', '2023-11-28', '2023-12-12', '2024-02-20', '2024-03-05', '2024-03-19', '2024-04-02', '2024-04-16', '2024-04-30', '2024-05-14', '2024-06-11', '2024-06-18', '2024-06-25', '2024-07-02', '2024-07-09', '2024-07-23', '2024-08-06', '2024-08-20', '2024-09-18', '2024-10-01', '2024-10-29', '2024-11-12', '2024-11-26', '2024-12-10', '2025-03-04', '2025-03-05', '2025-03-18', '2025-03-19', '2025-04-01', '2025-04-15', '2025-04-29', '2025-05-13', '2025-05-27', '2025-06-10', '2025-06-24', '2025-06-26', '2025-07-08', '2025-07-22', '2025-08-05', '2025-08-19', '2025-09-16', '2025-09-30', '2025-10-14', '2025-10-28', '2025-11-04', '2025-11-25', '2025-12-09', '2025-12-10', '2026-01-20', '2026-02-03', '2026-02-17', '2026-02-20', '2026-03-03', '2026-03-04', '2026-03-31', '2026-04-14', '2026-04-28']",WFC
"WELLMORE COAL COMPANY, LLC",61.0,['2020-12-22'],VRT
"WELLMORE ENERGY COMPANY, LLC",81.0,"['2025-07-07', '2025-08-04', '2025-10-06', '2025-10-31']",VRT
WELLS FARGO & CO,1227.0,"['2010-05-25', '2011-04-01', '2011-07-11', '2011-09-01', '2012-01-26', '2012-02-01', '2015-04-29', '2015-11-15', '2017-07-13', '2018-03-27', '2018-06-22', '2018-09-28', '2018-11-19', '2021-05-27', '2021-06-29', '2021-08-19', '2026-03-30']",WFC
WELLS FARGO & COMPANY.,536.0,"['2018-08-27', '2025-09-30', '2025-10-28']",WFC
WELLS FARGO BANK N.A.,1214.0,"['2023-08-22', '2024-07-23', '2024-10-31', '2024-12-04']",ACPQTXX
"WELOCALIZE, INC.",73.0,['2019-08-16'],MU
"WENCOR GROUP, LLC",5.0,['2020-12-17'],VRT
"WENCOR GROUP, LLC FORTNER ENGINEERING & MANUFACTURING, INC.",43.0,"['2020-04-22', '2020-09-29', '2021-01-13']",MU
"WEST COAST BERRY FARMS, LLC",465.0,['2018-11-06'],VRT
"WEST FRASER, INC",131.0,['2024-09-19'],WFG
"WEST HOUSTON HALL, INC.",49.0,['2020-03-26'],MU
"WEST PENN WIRE DBA BELDEN, INC.",60.0,['2021-11-01'],MU
"WEST POINT PRODUCTS ACQUISITION, LLC",172.0,"['2013-07-01', '2014-01-01']",VRT
"WEST TENNESSEE UTILITY CONSTRUCTION, INC.",104.0,['2016-05-18'],MU
"WESTCHESTER TOYOTA (WESTCHESTER FOREIGN AUTOS, INC.)",100.0,['2020-04-13'],MU
"WESTERN CNC, INC.",182.0,['2020-04-07'],MU
"WESTERN DENTAL SERVICES, INC",33.0,['2020-04-25'],MU
WESTERN FOREST PRODUCTS INC.,112.0,['2025-07-09'],WEF.TO
"WESTERN FORGE, INC.",164.0,['2020-02-21'],MU
"WESTERN REFINING YORKTOWN, INC.",225.0,['2010-08-05'],MU
WESTERN SIZZLIN,27.0,['2012-02-19'],WEST
WESTERN UNION,185.0,"['2010-05-28', '2010-06-18', '2011-02-10']",WU
"WESTERN UNION, LLC",236.0,"['2010-08-20', '2019-07-31', '2019-08-14', '2019-11-19']",WU
"WESTERN UNION, LLC AND WESTERN UNION BUSINESS SOLUTIONS USA",192.0,['2019-08-01'],WU
"WESTGATE MARKETING, LLC AND WESTGATE RESORTS, INC.",357.0,['2024-06-28'],MU
"WESTIN CINCINNATI (MERRITT HOSPITALITY, LLC)",98.0,['2020-06-22'],VRT
"WESTIN SHERATON VACATION SERVICES, INC. AND",62.0,['2019-04-18'],AZNIX
WESTLAKE CHEMICAL,99.0,['2025-12-16'],WLK
"WESTROCK CP, LLC",180.0,"['2019-06-11', '2019-10-01', '2024-08-28']",VRT
WEWORK,1150.0,"['2020-03-28', '2020-04-29', '2020-05-18', '2020-06-19', '2020-09-23', '2023-01-19']",WEWORK.BO
WEX,375.0,['2024-06-18'],WEX
"WFS EXPRESS, INC.",127.0,['2019-03-12'],MU
"WHEATLAND TUBE, LLC",238.0,['2024-08-30'],VRT
WHEEL,91.0,"['2022-08-18', '2023-02-01']",002085.SZ
WHEELS UP,40.0,['2024-04-17'],UP
WHIRLPOOL CORP.,216.0,['2010-06-02'],WHR
"WHITE MARSH DISTRIBUTION, LLC",120.0,['2012-09-07'],VRT
"WHITE SPGS AGRICULTURAL CHEMICALS, INC.",406.0,"['2013-12-04', '2014-06-03']",MU
"WHITEPATH FAB TECH, INC",42.0,['2025-07-14'],MU
"WHOLESOME HARVEST BAKING, LLC",146.0,['2019-06-12'],VRT
WHOOP,95.0,"['2022-07-21', '2023-01-10']",WHOOZZX
"WIDEOPENWEST NETWORKS LLC AND WIDEOPENWEST ILLINOIS, LLC",406.0,['2019-01-09'],VRT
"WIESNER PRODUCTS INC (AND ITS AFFILIATE, MYSTIC APPAREL, LLC)",43.0,['2020-06-19'],VRT
"WIGWAM MILLS, INC.",121.0,['2020-05-22'],MU
"WIKES-BARRE GENERAL HOSPITAL, LLC",87.0,['2014-02-01'],VRT
"WILBUR INTERNATIONAL, INC.",99.0,['2020-04-03'],MU
"WILDBRINE, LLC",41.0,"['2024-10-01', '2025-07-31']",VRT
"WILL FOODS, LLC",71.0,['2017-02-23'],VRT
"WILLIAM KREYSLER & ASSOCIATES, INC.",178.0,"['2023-11-15', '2024-02-01', '2024-02-21', '2024-05-10', '2024-05-17']",MU
WILLIAMS COS,400.0,['2016-12-07'],WMB
"WILLIAMS INTERNATIONAL, LLC.",248.0,['2020-04-20'],VRT
"WILLIAMS SONOMA, INC.",163.0,"['2015-11-19', '2016-03-21']",WSM
"WILLIAMSON MEMORIAL HOSPITAL, LLC",157.0,['2019-10-21'],VRT
WILLOW,99.0,['2022-12-23'],WLIIW
WILLSCOT MOBILE MINI,30.0,['2024-06-13'],WS11.MU
"WILLSIE CAP & GOWN, INC.",8.0,['2017-10-27'],MU
"WILSHIRE WEST CAR WASH, LLC",66.0,['2015-06-10'],VRT
"WIND RIVER SYSTEMS, INC.",64.0,['2018-07-20'],MU
"WINDHAVEN CLAIMS MANAGEMENT, LLC; WINDHAVEN SELECT, LLC & WINDHAVEN UNDERWRITERS, LLC",186.0,['2020-02-26'],VRT
"WINDMILL DISTRIBUTING COMPANY, LP",638.0,['2014-10-31'],ET
"WINDY CITY DISTRIBUTING, L.L.C.",106.0,['2020-08-10'],BCC
"WINDY GATES, SOHO, INC. DBA BALTHAZAR RESTAURANT (80 SPRING ST., NYC)",224.0,['2020-08-14'],0410.HK
"WINGFIELD NEVADA GROUP MANAGEMENT CO., LLC",115.0,['2020-05-18'],VRT
WINNEBAGO IND,138.0,['2019-02-04'],WGO
"WINSTON BRANDS, INC.",163.0,['2025-10-23'],MU
"WINSTON COUNTY MEDICAL FOUNDATION, INC.",119.0,['2014-05-21'],MU
WIPRO LIMITED,120.0,['2023-03-14'],WIT
WISE,376.0,"['2010-04-30', '2011-09-02', '2011-09-13', '2025-02-10']",WISE
WISH,595.0,"['2022-03-01', '2023-01-31', '2023-07-27']",WISH.V
"WITTENBERG LUTHERAN VILLAGE, INC.",142.0,['2022-08-09'],MU
WIX,244.0,"['2022-08-09', '2023-02-15']",WIX
WIX.COM,62.0,['2023-02-15'],WIX
"WIX.COM, INC.",127.0,"['2023-02-21', '2023-02-23']",WIX
"WMI,WMI I, WMIRE, WILLIAMS MECHANICAL, INC.",65.0,['2010-03-26'],WMI.XA
"WOLFGANG PUCK CATERING & EVENTS, LLC",246.0,"['2013-07-13', '2014-06-27']",VRT
WOLFSPEED,73.0,['2024-10-23'],WOLF
"WOLFSPEED, INC.",123.0,"['2023-09-21', '2025-06-09']",WOLF
"WOLVERINE WORLD WIDE, INC.",71.0,['2024-01-29'],WWW
WONDER,230.0,"['2020-04-02', '2022-11-30', '2025-08-04']",LNWO
"WOOD RANCH BBQ & GRILL, ARCADIA",68.0,['2020-08-20'],RKDA
"WOODINVILLE CONSTRUCTION SERVICES, L.L.C.",38.0,['2011-08-23'],BCC
"WOODINVILLE LUMBER, INC.",76.0,['2011-08-23'],MU
"WOODWARD HRT, INC",55.0,"['2010-02-11', '2013-03-29', '2020-04-10']",MU
WORKATO,90.0,['2023-02-01'],WKATZZX
WORKDAY,2675.0,"['2023-01-31', '2025-02-05', '2026-02-04']",WDAY
WORKDAY INC.,967.0,"['2023-02-15', '2025-02-05', '2026-02-05']",WDAY
"WORLD COURIER GROUND, INC.",66.0,['2016-09-27'],MU
"WORLD LOGISTICS GROUP, INC.",72.0,['2014-01-28'],MU
WORTHINGTON,347.0,"['2015-03-31', '2015-06-01']",WS
WORTHINGTON INDUSTRIES,492.0,"['2011-05-12', '2013-12-10', '2015-03-24', '2015-03-27', '2015-04-07', '2020-02-14']",WOR
WORTHINGTON STEEL,79.0,['2011-03-09'],WS
"WORTHY HOTELS, INC",274.0,['2020-07-29'],MU
"WP PAYROLL MANAGEMENT, LLC",113.0,['2018-02-28'],VRT
"WS PACKAGING GROUP, INC",55.0,['2012-07-01'],MU
"WVC RANCHO MIRAGE, INC",47.0,['2020-09-11'],MU
"WYNDAM VACTION OWNERHSIP, INC. (COMPANY)",153.0,"['2012-11-07', '2020-06-04']",DIVHZZX
WYNDHAM HOTELS & RESORTS,46.0,['2021-12-01'],WH
"WYNDHAM REVERE, LLC",52.0,['2020-07-29'],VRT
"WYNDHAM WORLDWIDE OPERATIONS, INC.",134.0,['2018-02-01'],MU
"XALT ENERGY MI, LLC",134.0,['2025-10-29'],VRT
"XANT, INC",112.0,['2021-08-03'],0P0001MQRH.SW
XCEL ENERGY INC.,28.0,['2023-11-29'],XEL
XEROX,3000.0,['2024-01-03'],XRX
"XEROX BUSINESS SERVICES, LLC",81.0,"['2016-02-26', '2016-04-28', '2016-08-12']",VRT
"XEROX BUSINESS SOLUTIONS CS DHS I-94 UNIT, XEROX FEDERAL SOLUTIONS, LLC",124.0,['2013-04-15'],VRT
"XEROX COMMERCIAL SERVIECS, LLC",279.0,"['2012-04-02', '2013-12-05']",VRT
"XEROX CORPORATION DBA MR. COPY, INC.",7.0,['2020-06-06'],MU
"XEVO, INC",173.0,['2021-07-07'],MU
"XILINX, INC.",195.0,"['2020-01-31', '2024-11-12']",MU
XING,68.0,['2023-03-21'],600809.SS
XOLO,24.0,['2023-09-04'],XOLO23058-USD
XPO LOGISTICS,1692.0,"['2016-01-22', '2016-10-27', '2019-06-01', '2019-12-09', '2020-03-01', '2020-09-01', '2021-01-29', '2021-03-01']",XPO
"XTL, INC",92.0,['2020-08-01'],XTL
YAHOO,1865.0,"['2011-02-25', '2023-02-09', '2023-12-05', '2024-12-12']",YOJ.SG
"YANFENG USA AUTOMOTIVE TRIM SYSTEMS, INC.",427.0,['2021-06-30'],MU
"YAZAKI NORTH AMERICA DBA ELCOM, INC.",43.0,['2020-04-10'],MU
"YELED V'YALDA EARLY CHILDHOOD CENTER, INC.",762.0,['2020-03-25'],MU
YELLOW CORPORATION,6595.0,"['2023-03-16', '2023-07-30', '2023-08-01', '2023-08-02', '2023-08-11', '2023-08-14', '2023-08-15', '2023-08-16', '2023-08-17', '2023-08-18']",YELLQ
"YELLOW CORPORATION AND AFFILIATES: YRC INC DBA YRC FREIGHT, USF HOLLAND, NEW PENN MOTOR EXPRESS LLC, USF REDDAWAY, INC.",330.0,['2023-08-01'],MU
YELP,438.0,"['2020-04-09', '2020-07-13']",YELP
"YOGA WORKS, INC",115.0,"['2020-07-09', '2020-07-14']",MU
"YOKOHAMA TIRE MANUFACTURING VIRGINIA, LLC",533.0,['2026-01-16'],VRT
"YONEKYU U.S.A., INC.",140.0,['2020-04-11'],MU
"YOSEMITE MEAT COMPANY, INC.",188.0,['2018-11-21'],MU
"YOUBET.COM, LLC",88.0,"['2010-12-03', '2010-12-31', '2011-01-31']",VRT
YOUTUBE,100.0,['2024-01-17'],PAJAMAS-USD
"YP HOLDINGS, LLC",100.0,['2015-12-01'],VRT
"YP, LLC",245.0,"['2017-07-14', '2017-07-31']",YPF
"YRC, INC. DBA NEW PENN MOTOR EXPRESS, LLC",42.0,['2023-08-01'],VRT
YUM! BRANDS INC,91.0,['2025-05-21'],YUM
"Z GALLERIE, LLC",196.0,['2019-05-31'],VRT
"ZACKY & SONS POULTRY, LLC",465.0,['2018-10-31'],VRT
ZAK,100.0,['2022-05-16'],PZU.WA
ZEGO,85.0,"['2022-07-14', '2024-04-11']",ZEGLF
"ZEKU, INC.",251.0,"['2017-07-13', '2023-05-30']",MU
"ZEMCO INDUSTRIES, INC. D/B/A/ TYSON FOODS, INC",287.0,['2014-10-01'],MU
"ZENDESK, INC.",115.0,"['2023-06-26', '2025-02-19']",MU
"ZENGO NYC, LLC",59.0,['2020-03-26'],VRT
"ZF TRADING NORTH AMERICA, LLC",64.0,['2009-12-15'],VRT
ZHONGDING SEALING PARTS,65.0,['2012-12-20'],000887.SZ
"ZIFF DAVIS ENTERPRISE/ENTERPRISE MEDIA GROUP, INC.",57.0,['2012-02-06'],MU
ZILLOW,2523.0,"['2021-11-02', '2022-10-26', '2023-11-07', '2025-01-10', '2026-02-02']",Z
ZILLOW GROUP,131.0,"['2021-11-04', '2022-06-27']",Z
"ZILLOW GROUP, INC.",65.0,"['2021-11-04', '2021-11-12', '2021-11-18', '2022-02-21', '2022-03-22', '2022-04-07']",Z
ZIP,300.0,['2023-07-02'],ZIP
"ZIP REALTY, INC.",98.0,"['2010-12-01', '2011-01-01', '2011-01-12']",MU
"ZIPPER INTERACTIVE, INC.",86.0,['2012-04-02'],MU
ZIPRECRUITER,750.0,"['2020-03-29', '2023-05-31', '2025-09-16']",ZIP
"ZIPRECRUITER, INC.",99.0,['2020-04-11'],ZIP
ZMC,15.0,['2016-05-02'],ZMC4.F
"ZODIAC SEAT SHELLS U.S., LLC",373.0,"['2016-05-02', '2016-09-09']",VRT
"ZOETIS, INC.",165.0,['2015-06-01'],ZTS
"ZONE ENTERPRISES OF ANAHEIM, LLC",216.0,['2018-03-30'],VRT
"ZOOM VIDEO COMMUNICATIONS, INC.",199.0,['2023-03-01'],5ZM.HM
ZOOMINFO,270.0,"['2023-06-02', '2025-06-09']",GTM
"ZOOMLION HEAVY INDUSTRY NA, INC.",31.0,['2024-03-20'],MU
"ZP BETTER TOGETHER, LLC",53.0,['2023-06-12'],VRT
ZSCALER,177.0,['2023-03-02'],ZS
"ZUCKER, GOLDBERG AND ACKERMAN, LLC",289.0,['2015-06-01'],VRT
ZUM,228.0,"['2020-04-15', '2020-04-20', '2023-06-02']",003030.SZ
ZUMIEZ,61.0,['2015-12-28'],ZM3.F
ZURN ELKAY WATER SOLUTIONS,100.0,['2023-07-06'],4RX0.F
"ZURN INDUSTRIES, LLC",51.0,"['2011-10-11', '2016-03-01']",VRT
"ZURN WATER, LLC",25.0,['2024-10-04'],4RX0.SG
"ZWIFT, INC.",139.0,"['2022-05-11', '2024-02-13']",MU
