State,Company,City,Number of Workers,WARN Received Date,Effective Date,Closure / Layoff,Temporary/Permanent,Union,Region,County,Industry,Notes
Pennsylvania,"Bush Industries, Inc.",Erie,51,05/01/2026,04/30/2026,Closure,,,,Erie,,
Pennsylvania,Dometic,Limerick,89,05/01/2026,09/21/2026-03/31/2027,Closure,,,,Montgomery,,
California,PET CLUB,318 N. Sunrise Blvd.  Roseville CA 95661,6,05/13/2026,07/18/2026,Closure Permanent,,,,Placer County,44-45 Retail Trade,
California,Liberty Healthcare Corporation,9500 Etiwanda Ave  Rancho Cucamonga CA 91739,113,05/13/2026,07/08/2026,Layoff Permanent,,,,San Bernardino County,62 Healthcare and Social Assistance,
Maryland,"Diamond Transportation Services, Inc.",Landover,571,05/13/2026,05/12/2026,Plant Closure,,,Prince George's,,488510,"3201 Hubbard Road Landover, MD 20785"
Oregon,"Augusta Sportswear, Inc.",Coburg,83,05/13/2026,07/17/2026,Large Layoff - 10 or more workers,,,,,,9507
California,"Kidango, Inc. - Skyway Office",3101 Skyway Court  Fremont CA 94539,59,05/12/2026,07/01/2026,Layoff Permanent,,,,Alameda County,62 Healthcare and Social Assistance,
California,"Kidango, Inc. - Peixoto Center",29159 Ruus Road  Hayward CA 94544,6,05/12/2026,07/01/2026,Layoff Permanent,,,,Alameda County,62 Healthcare and Social Assistance,
California,"Kidango, Inc. - Castlemont Center",8601 MacArthur Blvd.  Oakland CA 94605,2,05/12/2026,07/01/2026,Layoff Permanent,,,,Alameda County,62 Healthcare and Social Assistance,
California,"Kidango, Inc. - CCELC Center",2000 Kammerer Ave.  San Jose CA 95116,6,05/12/2026,07/01/2026,Layoff Permanent,,,,Santa Clara County,62 Healthcare and Social Assistance,
California,"National Distribution Centers, LLC",8688 Etiwanda Ave  Rancho Cucamonga CA 91732,50,05/12/2026,07/05/2026,Closure Permanent,,,,Los Angeles County,48-49 Transportation and Warehousing,
California,Alain LeRoyLocke College Preparatory Academy (Green Dot Public Schools),325 E. 11th Street  Los Angeles CA 90061,113,05/12/2026,06/30/2026,Closure Permanent,,,,Los Angeles County,61 Educational Services,
Virginia,"Diamond Transportation Services, Inc.",Springfield,144,05/12/2026,05/12/2026,Closure,,ATU Local 689,Northern,,,
Georgia,Jacuzzi Inc.,Valdosta,110,05/12/2026,08/10/2026-08/31/2026,Permanent Closure,,,,Lowndes,,GA202500100
Virginia,Hilex Poly Co. LLC,Richmond,117,05/11/2026,07/14/2026,Closure,,,Central,,,
California,The People Concern - Cloverfield,1751 Cloverfield Blvd.  Santa Monica CA 90404,20,05/11/2026,06/30/2026,Layoff Permanent,,,,Los Angeles County,62 Healthcare and Social Assistance,
California,The People Concern - Arlington HQ,2116 S Arlington Ste. 100  Los Angeles CA 90018,5,05/11/2026,06/30/2026,Layoff Permanent,,,,Los Angeles County,62 Healthcare and Social Assistance,
California,The People Concern - Nest 2,222 S Hill St.  Los Angeles CA 90012,15,05/11/2026,06/30/2026,Layoff Permanent,,,,Los Angeles County,62 Healthcare and Social Assistance,
California,The People Concern - 316 W,316 W 2nd St.  Los Angeles CA 90012,5,05/11/2026,06/30/2026,Layoff Permanent,,,,Los Angeles County,62 Healthcare and Social Assistance,
California,The People Concern - Admin,1447 - 1453 16th St.  Santa Monica CA 90404,3,05/11/2026,06/30/2026,Layoff Permanent,,,,Los Angeles County,62 Healthcare and Social Assistance,
California,Transdev,25430 Road 140  Visalia CA 93291,126,05/11/2026,06/30/2026,Closure Permanent,,,,Tulare County,48-49 Transportation and Warehousing,
California,"Cloudfare, Inc.",101 Townsend St.  San Francisco CA 94107,224,05/08/2026,05/15/2026,Layoff Permanent,,,,San Francisco County,54 Professional Scientific and Technical Services,
California,"Mercedes-Benz Research & Development North America, Inc.",4031 & 4035 Via Oro Ave  Long Beach CA 90810,72,05/08/2026,07/06/2026,Closure Permanent,,,,Los Angeles County,54 Professional Scientific and Technical Services,
California,"Reyes Coca-Cola Bottling, L.L.C.",5335 Walker Street  Ventura CA 93003,85,05/08/2026,07/10/2026,Closure Permanent,,,,Ventura County,31-33 Manufacturing,
Washington,Starbucks,Seattle,61,05/08/2026,06/20/2026,Layoff,Permanent,,,,,
California,"Streamland Media Midco, LLC",941 N Highland Ave.  Los Angeles CA 90038,71,05/07/2026,07/06/2026,Closure Permanent,,,,Los Angeles County,71 Arts Entertainment and Recreation,
California,GladUDid LLC (Chick-fil-A),3640 Grand Ave  Chino Hills CA 91709,98,05/07/2026,07/11/2026,Closure Temporary,,,,San Bernardino County,72 Accommodation and Food Services,
California,"Fresh Venture Foods, LLC",1205 Craig Dr.  Santa Maria CA 93458,185,05/07/2026,07/10/2026,Closure Permanent,,,,Santa Barbara County,11 Agriculture Forestry Fishing Hunting,
Massachusetts,"Dover Saddlery, Inc.",Littleton,112,05/07/2026,07/07/2026-07/20/2026,,,,Central,,,
Massachusetts,"*Updated* Community Healthlink, Inc. (aka CHL)","Leominster, Webster, Worcester",84,05/07/2026,06/30/2026-07/06/2026,,,,Central,,,
Washington,Novanta Corporation,Mukilteo,83,05/07/2026,07/07/2026,Closure,Permanent,,,,,
Florida,Stryker Employment Services,Lakeland,2,05/07/2026,07/10/2026,Layoff,Permanent,,,,Manufacturing,"approximately 500 employees affected: 269 laid off on December 31, 2021, additional 2 on July 10, 2026, and another 195 on a rolling basis"
South Carolina,Hengst Filtration,Camden,77,05/06/2026,07/06/2026-09/30/2026,Layoff,Permanent,,,Kershaw,,"29 Hengst Blvd. and Heier Blvd., Camden, SC 29020"
Maryland,"Sibley- Suburban Home Health Agency, Inc. dba Potomac Home Health Care and Potomac Home Support, Inc.",Bethesda,163,05/06/2026,07/06/2026,Plant Closure,,,Montgomery County,,621610,"6700A Rockledge Drive, Suite 200 Bethesda, Maryland 20817"
Florida,"Areas USA MCO, LLC (GastroHub-Orlando International Airport)",Orlando,101,05/06/2026,06/30/2026,Closure,Permanent,Unite Here Local 362,,,Accommodation and Food Services,
New Mexico,"Atkore HDPE, LLC",Albuquerque,51,05/06/2026,06/30/2026,,,,Central Region Workforce,Bernalillo,,
Florida,Maximus Global Services,Fort Lauderdale,123,05/06/2026,05/03/2026,Layoff,,,,,Administrative and Support and Waste Management and Remediation Services,
California,"FM Restaurants HQ, LLC",18512 MacArthur Boulevard  Irvine CA 92612,56,05/06/2026,06/10/2026,Closure Permanent,,,,Orange County,72 Accommodation and Food Services,
California,"Eclipse Advantage, LLC",8688 Etiwanda Avenue  Rancho Cucamonga CA 91739,10,05/06/2026,05/30/2026,Closure Permanent,,,,San Bernardino County,56 Administrative and Support and Waste Management and Remediation,
Kentucky,"University of Kentucky College of Medicine, Department of Behavioral Science",,36,05/05/2026,06/30/2026,Layoff,,Non-Union,Bluegrass,Fayette,611310,
Kentucky,UK HealthCare-HIV Program Operations (KIRP),,61,05/05/2026,06/30/2026,Closure,,Non-Union,Bluegrass,Fayette,611310,
Georgia,"MarketSource, Inc.",Alpharetta,51,05/05/2026,06/30/2026,Permanent Layoff / Reduction in Force,,,,Fulton,,GA202500099
Georgia,Milliken & Company,Nicholls,81,05/05/2026,07/10/2026-10/30/2026,Permanent Closure,,,,Bacon,,GA202500098
Rhode Island,Ideal US Talent Systems Worker OpCo LLC ,Remote,2,05/05/2026,07/01/2026,,,,,,,"2 remote workers affected in RI; 9,891 affected nationwide"
Massachusetts,"Christianbook, LLC and Christianbook Fulfillment, LLC (dba Christianbook Entities)",Peabody,50,05/05/2026,07/06/2026,,,,Northeast,,,
Wisconsin,"Cell.Plus, LLC",Chilton,4,05/05/2026,07/31/2026,Facility Closure,,,Fox Valley,Calumet,Electronics Stores,
Wisconsin,"Cell.Plus, LLC","Suamico, Two Rivers, Seymour, Shawano, Wautoma",12,05/05/2026,07/31/2026,Facility Closure,,,Bay Area,"Brown, Manitowoc, Outagamie, Shawano, Waushara",Electronics Stores,
Wisconsin,"Cell.Plus, LLC",Adams,4,05/05/2026,07/31/2026,Facility Closure,,,North Central,Adams,Electronics Stores,
Wisconsin,"Cell.Plus, LLC","Black River Falls, Mauston, La Crosse, Holmen, Sparta, Viroqua",21,05/05/2026,07/31/2026,Facility Closure,,,Western,"Jackson, Juneau, La Crosse, Monroe, Vernon",Electronics Stores,
Wisconsin,"Cell.Plus, LLC","Baraboo, Wisconsin Dells, Spring Green, Reedsburg",22,05/05/2026,07/31/2026,Facility Closure,,,South Central,Sauk,Electronics Stores,
Wisconsin,"Cell.Plus, LLC",Richland Center,3,05/05/2026,07/31/2026,Facility Closure,,,Southwest,Richland,Electronics Stores,
Connecticut,IDEX Health and Science LLC,Bristol,73,05/05/2026,07/15/2026-10/30/2026,Closure,Permanent,,,,,
Tennessee,"The Brand House Collective, Inc.",Brentwood,88,05/05/2026,07/04/2026-09/30/2026,Closure,Permanent,,,Williamson,,#202500053
California,Geodis,1710 West Baseline Road  Rialto CA 92376,238,05/05/2026,07/03/2026,Layoff Permanent,,,,San Bernardino County,48-49 Transportation and Warehousing,
Texas,Spirit Airlines (IAH) May 2026,Houston,515,05/04/2026,05/02/2026,,,,Gulf Coast WDA,Harris,,
Maryland,Tishcon Corp.,Salisbury,134,05/04/2026,07/03/2026-12/18/2026,Plant Closure,,,Lower Shore,,325412,"2410 Zion Road & 818 Brown Street Salisbury, MD 21801"
Maryland,Spirit Airlines,Baltimore,13,05/04/2026,05/02/2026,Plant Closure,,,Anne Arundel,,481111,"Baltimore Washington International Thurgood Marshall Airport (BWI) 7050 Friendship Rd., Baltimore, MD 21240"
Connecticut,CVS Health Aetnas Clinical Solutions/Aetna Business Operations,Remote,6,05/04/2026,07/03/2026,Layoff,Permanent,,,,,
Florida,Spirit Airlines,Fort Lauderdale,"2,529",05/04/2026,05/02/2026-05/13/2026,Closure,Permanent,,,,Transportation and Warehousing,
Florida,Spirit Airlines,Orlando,796,05/04/2026,05/02/2026-05/13/2026,Closure,Permanent,,,,Transportation and Warehousing,
Florida,Spirit Airlines,Miami,181,05/04/2026,05/02/2026-05/13/2026,Closure,Permanent,,,,Transportation and Warehousing,
Florida,Spirit Airlines,Orlando,796,05/04/2026,05/02/2026-05/13/2026,Closure,Permanent,,,,Transportation and Warehousing,
Florida,Spirit Airlines,Dania Beach,551,05/04/2026,05/02/2026-05/13/2026,Closure,Permanent,,,,Transportation and Warehousing,
Tennessee,Fayette County Public Schools,Somerville,75,05/04/2026,06/30/2026,Layoff,Permanent,,,Fayette,,#202500052
South Carolina,"thyssenkrupp Supply Chain Services, Inc.",Greer,110,05/04/2026,07/05/2026,Layoff,Permanent,,,Spartanburg,,"320 Business Parkway, Suite F, Greer, SC 29349"
California,Five Guys Operations - Store No. 1795,1693 West Lacy Blvd. Ste. A  Hanford CA 93230,14,05/04/2026,07/02/2026,Closure Permanent,,,,Kings County,72 Accommodation and Food Services,
California,Five Guys Operations - Store No. 1323,10140 Carmencita Road  Whittier CA 90605,13,05/04/2026,05/25/2026,Closure Permanent,,,,Los Angeles County,72 Accommodation and Food Services,
California,Zenlen Inc. (Native),201 California St. #450  San Francisco CA 94111,53,05/04/2026,09/01/2026,Closure Permanent,,,,San Francisco County,42 Wholesale Trade,
Virginia,"LumLiq2, LLC, dba Lumber Liquidators",Sandston,64,05/04/2026,06/30/2026,Closure,,,Central,,,
Texas,Spirit Airlines (DFW) May 2026,Dallas,444,05/02/2026,05/02/2026,,,,Dallas County WDA,Dallas,,
Missouri,Timken Belts,Springfield,283,05/02/2026,07/31/2026,Closing,,,Ozark,Greene,Manufacturing,
New Jersey,Fulton Bank,Parsippany,95,05/01/2026,07/31/2026-10/02/2026,,,,,,,
New Jersey,Accupac,Lakewood,260,05/01/2026,08/03/2026-12/31/2026,,,,,,,
New Jersey,Danone North America,Bridgeton,114,05/01/2026,08/04/2026-11/02/2026,,,,,,,
New Jersey,DoubleTree by Hilton,Somerset,90,05/01/2026,08/01/2026-08/05/2026,,,,,,,
New Jersey,Verizon,Basking Ridge,121,05/01/2026,08/07/2026,,,,,,,
New Jersey,Spirit Airlines,Newark,201,05/01/2026,05/02/2026,,,,,,,
New Jersey,Embassy Suites by Hilton,Parsippany,54,05/01/2026,08/14/2026,,,,,,,
New Jersey,JP Morgan Chase,Jersey City,51,05/01/2026,08/03/2026,,,,,,,
New Jersey,Amicus Therapeutics,Princeton,58,05/01/2026,08/07/2026-10/30/2026,,,,,,,
New Jersey,Barclays,Whippany,64,05/01/2026,08/10/2026-09/10/2026,,,,,,,
"Washington, D.C.",Ideal US Talent Systems Worker Op Co LLC,,307,05/01/2026,07/01/2026,Layoff,,,,,,
Virginia,Ideal US Talent Worker OpCo LLC,Statewide,776,05/01/2026,07/01/2026,Layoff,,,,,,
Georgia,"Bridgestone Golf, Inc.",Covington,84,05/01/2026,06/30/2026-11/01/2026,Permanent Closure,,,,Newton,,GA202500095
Virginia,"KBR Wyle Services, LLC",Accomack,118,05/01/2026,06/30/2026,Layoff,,IAM DL 74,Eastern,,,
Texas,"Amcor Rigid Packaging USA, LLC",Fort Worth,56,05/01/2026,07/02/2026,,,,Tarrant County WDA,Tarrant,,
Pennsylvania,"Quality Packaging Specialists International, LLC",Mechanicsburg,83,05/01/2026,07/06/2026,Closure,,,,Cumberland,,
North Carolina,"Lions Services, Inc.",Charlotte,107,05/01/2026,07/01/2026,Layoff,Permanent,,,Mecklenburg,,
Massachusetts,Managed Services-IDS (dba Cardinal Health),Tewksbury,58,05/01/2026,06/30/2026,,,,Northeast,,,
Arizona,Advanced Call Center Technologies (ACT),San Luis,232,05/01/2026,,,,,9,,,"580 N San Luis Plaza Dr San Luis, Arizona 85349"
California,First Student,2805 South East Avenue  Fresno CA 93725,170,05/01/2026,07/01/2026,Layoff Permanent,,,,Fresno County,48-49 Transportation and Warehousing,
California,Children's Institute Inc.,2121 W Temple St  Los Angeles CA 90026,47,05/01/2026,06/30/2026,Layoff Permanent,,,,Los Angeles County,62 Healthcare and Social Assistance,
California,Quixote Studio Services - Griffith Park,4585 Electronics Place  Los Angeles CA 90039,2,05/01/2026,06/29/2026,Layoff Permanent,,,,Los Angeles County,53 Real Estate and Rental Leasing,
California,Quixote Studio Services - North Valley Campus A,12137 Montague St  Pacoima CA 9131,9,05/01/2026,06/29/2026,Layoff Permanent,,,,Los Angeles County,53 Real Estate and Rental Leasing,
California,Quixote Studio Services - North Valley,10252 Norris Ave.  Pacoima CA 91331,7,05/01/2026,06/29/2026,Layoff Permanent,,,,Los Angeles County,53 Real Estate and Rental Leasing,
California,Quixote Studio Services - Sun valley,11473 Penrose St.  Sun Valley CA 91352,4,05/01/2026,06/29/2026,Layoff Permanent,,,,Los Angeles County,53 Real Estate and Rental Leasing,
California,Quixote Studio Services - Sylmar North,14002 Balboa Blvd.  Sylmar CA 91342,17,05/01/2026,06/29/2026,Layoff Permanent,,,,Los Angeles County,53 Real Estate and Rental Leasing,
California,Quixote Studio Services - Sylmar South,13334 Ralston Ave.  Sylmar CA 91342,3,05/01/2026,06/29/2026,Layoff Permanent,,,,Los Angeles County,53 Real Estate and Rental Leasing,
California,Quixote Studio Services - West Hollywood,1011 N Fuller Ave.  West Hollywood CA 90046,10,05/01/2026,06/29/2026,Layoff Permanent,,,,Los Angeles County,53 Real Estate and Rental Leasing,
California,"Gilead Sciences, Inc.",800 Bridge Parkway  Redwood City CA 94065,108,05/01/2026,06/30/2026,Layoff Permanent,,,,San Mateo County,54 Professional Scientific and Technical Services,
California,"Skyline Avatar House, LP",4200 Great American Parkway  Santa Clara CA 95054,49,05/01/2026,06/30/2026,Layoff Permanent,,,,Santa Clara County,72 Accommodation and Food Services,
California,Brite Horizons Nonpublic School (Abrite),125 Bethany Dr.  Scotts Valley CA 95066,59,05/01/2026,06/30/2026,Closure Permanent,,,,Santa Cruz County,54 Professional Scientific and Technical Services,
Indiana,"Cummins, Inc.",Whitestown,59,05/01/2026,07/31/2026,Closure,,,,,333610,Other Engine Equipment Manufacturing
Massachusetts,Community Counseling of Bristol County (aka CCBC),"Attleboro, Brockton, Fall River, New Bedford, Taunton",52,05/01/2026,06/30/2026-07/13/2026,,,,Southeast,,,
Massachusetts,"Community Healthlink, Inc. (aka CHL)","Leominster, Webster, Worcester",78,05/01/2026,06/30/2026,,,,Central,,,
Massachusetts,"Compass Group USA, Inc.",Boston,83,05/01/2026,07/01/2026,,,,Boston,,,
Ohio,UPDATE First Brands Group Cuyahoga 4,Cleveland,110,05/01/2026,02/27/2026-5/31/2026,Closure,Permanent,,,Cuyahoga,,
Pennsylvania,Durham School Services,Philadelphia,299,05/01/2026,06/29/2026,Layoff,,,,Philadelphia,,
Pennsylvania,Juvenile Justice Center of Philadelphia,Philadelphia,17,05/01/2026,04/30/2026-06/30/2026,Layoff,,,,Philadelphia,,
Pennsylvania,"Knause Foods Cooperative, Inc.",Chambersburg,148,05/01/2026,07/06/2026-12/31/2026,Closure,,,,Franklin,,
Washington,Maersk,Lakewood,44,05/01/2026,06/30/2026,Closure,Permanent,,,,,
Washington,Maersk,Sumner,5,05/01/2026,06/30/2026,Layoff,Permanent,,,,,
Wisconsin,Henkel US Operations Corporation,Oak Creek,57,05/01/2026,06/20/2026,Facility Closure,,,Milwaukee,Milwaukee,Bare Printed Circuit Board Mfg,
Kentucky,Stella-Jones Corporation,,67,04/30/2026,07/01/2026,Closure,,Non-Union,Western Kentucky,Fulton,321114,
Indiana,CICOA Aging & In-Home Solutions,Indianapolis,90,04/30/2026,05/15/2026,Layoff,,,,,62,Health Care and Social Assistance
Maryland,"Gilead Sciences, Inc.",Rockville,84,04/30/2026,06/30/2026-04/30/2027,Mass Layoff - No Recall,,,Montgomery County,,325412,"800 King Farm Blvd, Suite 600 Rockville, MD 20850"
Delaware,"Atlas Hospitality Group, LLC","Baltimore, MD",67,04/30/2026,,,,,1,,,"1429 Aliceanna Street Baltimore, Maryland 21231"
California,Altura Management Services,1401 N Montebello Blvd  Montebello CA 90640,113,04/30/2026,06/30/2026,Layoff Permanent,,,,Los Angeles County,54 Professional Scientific and Technical Services,
California,Five Guys Operations,1552 S Azusa Ave  City of Industry CA 91748,15,04/30/2026,05/26/2026,Closure Permanent,,,,Los Angeles County,72 Accommodation and Food Services,
California,Manteca District Ambulance Service - Striker Court,18440 Striker Court  Sonora CA 95370,18,04/30/2026,06/30/2026,Layoff Permanent,,,,Tuolumne County,62 Healthcare and Social Assistance,
California,Manteca District Ambulance Service,"20591 N Sunshine Road, Suite B  Sonora CA 95370",6,04/30/2026,06/30/2026,Layoff Permanent,,,,Tuolumne County,62 Healthcare and Social Assistance,
California,Manteca District Ambulance Service - Hwy 49,1180 Hwy 49  Sonora CA 95370,6,04/30/2026,06/30/2026,Layoff Permanent,,,,Tuolumne County,62 Healthcare and Social Assistance,
California,Manteca District Ambulance Service - Powder House,11850 Powder House St.  Groveland CA 95321,6,04/30/2026,06/30/2026,Layoff Permanent,,,,Tuolumne County,62 Healthcare and Social Assistance,
California,Manteca District Ambulance Service - Jamestown,18063 4th Ave.  Jamestown CA 95327,6,04/30/2026,06/30/2026,Layoff Permanent,,,,Tuolumne County,62 Healthcare and Social Assistance,
California,Propark Mobility,340 Mountain Ave.  Perris CA 92570,123,04/30/2026,06/30/2026,Layoff Permanent,,,,Riverside County,48-49 Transportation and Warehousing,
California,California Academy of Sciences,55 Music Concourse Drive  San Francisco CA 94118,53,04/30/2026,06/29/2026,Layoff Permanent,,,,San Francisco County,71 Arts Entertainment and Recreation,
California,"C&K Market, Inc.",355 Lakeport Blvd  Lakeport CA 95453,32,04/30/2026,06/30/2026,Closure Permanent,,,,Lake County,44-45 Retail Trade,
Colorado,Accel,,246,04/30/2026,06/30/2026,,,,Pikes Peak/El Paso,,"61,1110: Elementary & Secondary Schools",
Colorado,Aurora Mental Health & Recovery,,91,04/30/2026,06/30/2026,Mass Layoff,,,A/D Works (Arapahoe),,621420 - Outpatient Mental Health and Substance Abuse Centers,
Colorado,Battelle,,10,04/30/2026,06/29/2026,,,,"Rural Alliance, Pueblo",," 56,2910: Remediation Services",
Maryland,CBRE Government & Defense Services,Bethesda,174,04/30/2026,05/17/2026,Mass Layoff - No Recall,,,Montgomery County,,531210,"9000 Rockville Pike, Building 10, Room B D19 Bethesda, MD 20892"
Wisconsin,Ryder Integrated Logistics,Green Bay,151,04/30/2026,06/30/2026,Facility Closure,,,Bay Area,Brown,General Warehousing and Storage,
Utah,Milestone Technologies Inc.,Eagle Mountain,50,04/29/2026,,,,,,,,
Kentucky,"Aramark Campus, LLC",,923,04/29/2026,06/30/2026,Closure,,Both,Bluegrass,Fayette,722310,
Illinois,KLEO Community Family Life Center,Chicago,65,04/29/2026,06/30/2026,Closing,Permanent,No,Northeast 4,Cook,Health Care and Social Assistance,
Arizona,Benchmark,Phoenix,75,04/29/2026,,,,,5,,,"3201 S Harbour Drive Phoenix, Arizona 85034"
Arizona,Northpoint Expeditionary Learning Academy,Prescott,21,04/29/2026,,,,,12,,,"551 First Street Prescott, Arizona 86301"
California,Dudek,930 Garden Drive  Oroville CA 95965,36,04/29/2026,06/29/2026,Closure Permanent,,,,Butte County,54 Professional Scientific and Technical Services,
California,"Raytheon, An RTX Business",2000 E El Segundo Blvd.  El Segundo CA 90245,1,04/29/2026,07/03/2026,Layoff Permanent,,,,Los Angeles County,54 Professional Scientific and Technical Services,
California,The Primary School (1765 East Bayshore Rd. Ste. 111),1765 East Bayshore Rd. Ste. 111  East Palo Alto CA 94303,22,04/29/2026,06/30/2026,Closure Permanent,,,,San Mateo County,61 Educational Services,
California,The Primary School (2086 Clarke Ave),2086 Clarke Ave  East Palo Alto CA 94303,100,04/29/2026,06/30/2026,Closure Permanent,,,,San Mateo County,61 Educational Services,
California,The Primary School (750 Fargo Ave),750 Fargo Ave  San Leandro CA 94579,25,04/29/2026,06/30/2026,Closure Permanent,,,,Alameda County,61 Educational Services,
Colorado,TIAA - Update,,110,04/29/2026,07/01/2026,Mass Layoff,,,"Denver, RC",,52: Finance and Insurance,
Maryland,Crothall Healthcare at TidalHealth Peninsula Regional,Salisbury,109,04/29/2026,07/01/2026,Mass Layoff - No Recall,,,Lower Shore,,561720,"100 E. Carroll St Salisbury, MD 21801"
Maryland,"Tuerk House, Inc.",Baltimore,31,04/29/2026,06/30/2026,Plant Closure,,,Baltimore City,,624110,"2700 Rayner Avenue Baltimore, MD 21216"
Massachusetts,"Innovative Care Partners, LLC (aka ICP)","Northampton, Pittsfield, West Springfield",70,04/29/2026,06/30/2026,,,,Western,,,
North Carolina,"Vitacost.com, Inc.",Lexington,130,04/29/2026,07/01/2026,Closure,Permanent,,,Davidson,,
Ohio,Optalis Professional Services LLC,Circleville,122,04/29/2026,06/30/2026,Closure,Permanent,,,Pickaway,,
Oregon,"Milestone Technologies, Inc.",Prineville,66,04/29/2026,06/28/2026,Large Layoff - 10 or more workers,,,,,,9495
Tennessee,Yanfeng International Automotive Technology US I LLC,Chattanooga,153,04/29/2026,06/29/2026,Layoff,Permanent,,,Hamilton,,#202500051
Virginia,Milestone Technologies Inc.,Sandston,50,04/29/2026,06/28/2026,Closure,,,Central,,,
Wisconsin,Ahlstrom Mosinee LLC Revision,Mosinee,126,04/29/2026,06/30/2026,Workforce Reduction,,USW,North Central,Marathon,Paper exc Newsprint Mills,update to notice dated 03/04/2026
Wisconsin,"MTI Electronics, LLC",Menomonee Falls,91,04/29/2026,06/28/2026,Facility Closure,,,WOW,Waukesha,Printed Circuit Assembly (Electronic Assembly) Manufacturing,
California,"First Transit, Inc.",801 Wilbur Ave  Antioch CA 94509,194,04/28/2026,06/30/2026,Closure Permanent,,,,Contra Costa County,48-49 Transportation and Warehousing,
California,"Five Guys Operations, LLC",3572 G Street  Merced CA 95340,13,04/28/2026,06/26/2026,Closure Permanent,,,,Merced County,72 Accommodation and Food Services,
California,"Satco, Inc.",1601 E. El Segundo Blvd.  El Segundo CA 90245,34,04/28/2026,06/10/2026,Closure Permanent,,,,Los Angeles County,31-33 Manufacturing,
Florida,"Contact US Teleservices, Inc. dba Atento",Miramar,91,04/28/2026,06/26/2026,Layoff,Permanent,,,,"Professional, Scientific, and Technical Services",
Iowa,Wells Fargo,West Des Moines,10,04/28/2026,06/27/2026,Mass Layoff - Additional Employees,,,Central Iowa,Polk,Finance and Insurance,
Ohio,"Down-Lite International, Inc.",Mason,164,04/28/2026,06/19/2026-07/02/2026,Closure,Permanent,,,Warren,,
Ohio,"UPDATE GXO Logistics Supply Chain, Inc.",West Jefferson,102,04/28/2026,05/02/2026-08/01/2026,Closure,Permanent,,,Madison,,separation dates for ten employees are extended due to temporary need
Vermont,Perrigo Company,Georgia,162,04/28/2026,,,,,0,,,"147 Industrial Park Road Georgia, Vermont 05468"
California,Apple Inc.,272 E Via Rancho Pkwy  Escondido CA 92025,57,04/27/2026,06/24/2026,Closure Permanent,,,,San Diego County,44-45 Retail Trade,
California,"Aramark Campus, LLC",8901 Stockdale Highway  Bakersfield CA 93311,49,04/27/2026,06/11/2026,Layoff Permanent,,,,Kern County,72 Accommodation and Food Services,
California,Black Tiger Medical Transportation,9090 Birch St.  Spring Valley CA 91977,82,04/27/2026,05/29/2026,Layoff Permanent,,,,San Diego County,48-49 Transportation and Warehousing,
California,"FM Restaurants HQ, LLC","11065 Knott Avenue, Suite A  Cypress CA 90630",43,04/27/2026,04/30/2026,Closure Permanent,,,,Orange County,72 Accommodation and Food Services,
California,"FreshRealm, Inc.","2900 N MacArthur Dr, Unit 300  Tracy CA 95376",228,04/27/2026,06/27/2026,Closure Permanent,,,,San Joaquin County,31-33 Manufacturing,
California,"Lodging Dynamics Hospitality Group, LLC",521 Alder Dr.  Milpitas CA 95035,42,04/27/2026,06/27/2026,Layoff Permanent,,,,Santa Clara County,72 Accommodation and Food Services,
California,Veritiv Visual,1600 E Valencia Dr.  Fullerton CA 92831,46,04/27/2026,06/24/2026,Closure Permanent,,,,Orange County,42 Wholesale Trade,
Florida,Management & Training Corporation,Panama City,161,04/27/2026,06/30/2026,Layoff,Permanent,,,,Administrative and Support and Waste Management and Remediation Services,
Florida,Management & Training Corporation,Graceville,259,04/27/2026,06/30/2026,Layoff,Permanent,,,,Administrative and Support and Waste Management and Remediation Services,
Florida,Msgr. Bryan Walsh Children's Village,Miami,84,04/27/2026,05/31/2026,Closure,,,,,Health Care and Social Assistance,
Florida,Peterson Brands,Fort Myers,135,04/27/2026,06/27/2026,Closure,Permanent,,,,Retail Trade,
Texas,"FreshRealm, Inc.",Lancaster,,04/27/2026,06/27/2026,,,,Dallas County WDA,Dallas,,
Texas,Laurel Ridge Treatment Center (Laurel Ridge),San Antonio,648,04/27/2026,06/26/2026,,,,Alamo WDA,Bexar,,
Virginia,GXO,Henrico,66,04/27/2026,06/30/2026,Closure,,,Central,,,
Washington,Jack in the Box,Anacortes,14,04/27/2026,06/23/2026,Closure,Permanent,,,,,
Utah,"Bright Planet Solar, Inc.",Provo,50,04/24/2026,,,,,,,,
California,Blue Diamond Growers,1802 C Street  Sacramento CA 95811,3,04/24/2026,06/26/2026,Closure Permanent,,,,Sacramento County,31-33 Manufacturing,
California,"Constellation Brands, Inc.",26200 Arnold Drive  Sonoma CA 95476,7,04/24/2026,06/25/2026,Closure Permanent,,,,Sonoma County,42 Wholesale Trade,
Colorado,Batelle,,5,04/24/2026,06/22/2026,,,,Rural Alliance: Pueblo,," 56,2910: Remediation Services",
Ohio,UPDATE First Brands Group Cuyahoga,Cleveland,110,04/24/2026,05/31/2026,Closure,Permanent,,,Cuyahoga,,
Ohio,UPDATE First Brands Group Seneca,Tiffin,407,04/24/2026,05/31/2026,Closure,Permanent,UAW Local 2021,,Seneca,,
Ohio,UPDATE First Brands Group Wood,Bowling Green,302,04/24/2026,05/31/2026,Closure,Permanent,UAW Local 2021,,Wood,,
"Washington, D.C.",Republic National Distributing Company,,125,04/23/2026,06/21/2026,Layoff,,,,,,
Illinois,"DSV Contract Logistics, LLC",Edwardsville,155,04/23/2026,07/05/2026,Closing,Permanent,No,Southwestern 9,Madison,Transportation and Warehousing,
Illinois,Luttrell Staffing Group - at Freudenberg Filtration II,Belvidere,114,04/23/2026,07/16/2026-08/31/2026,Closing,Permanent,No,Northern Stateline 5,Boone,Employment Placement Agency,
Alabama,LineQuest LLC,Pelham,113,04/23/2026,08/01/2026,Closure,,,,,,
Arizona,"Republic National Distributing Company, LLC",Phoenix,211,04/23/2026,,,,,5,,,"402 S. 54th Place Phoenix, Arizona 85034"
California,Epic Games Inc.,700 Larkspur Landing Cir  Larkspur CA 94939,16,04/23/2026,03/27/2026,Layoff Permanent,,,,Marin County,51 Information,
California,Epic Games Inc.,"401 West A. Street, Suite 2400  San Diego CA 92101",28,04/23/2026,03/27/2026,Layoff Permanent,,,,San Diego County,51 Information,
California,Epic Games Inc. (Remote Employees in El Segundo),"401 West A. Street, Suite 2400 (Remote Employees in El Segundo)  San Diego CA 92101",2,04/23/2026,03/27/2026,Layoff Permanent,,,,San Diego County,51 Information,
California,Epic Games Inc. (Remote Employees in Los Angeles),"401 West A. Street, Suite 2400 (Remote Employees in Los Angeles)  San Diego CA 92101",61,04/23/2026,03/27/2026,Layoff Permanent,,,,San Diego County,51 Information,
California,Epic Games Inc. (Remote Employees in San Francisco),"401 West A. Street, Suite 2400 (Remote Employees in San Francisco)  San Diego CA 92101",28,04/23/2026,03/27/2026,Layoff Permanent,,,,San Diego County,51 Information,
Colorado,Republic National Distributing Company LLC (RNDC),,320,04/23/2026,06/21/2026,,,,ADW (Littleton),,424820 - Wine and Distilled Alcoholic Beverage Merchant Wholesalers,
Georgia,SKF USA Inc.,Flowery Branch,40,04/23/2026,06/26/2026,Permanent Layoff / Reduction in Force,,,,Hall,,GA202500094
Maryland,Apple Inc.,Towson,78,04/23/2026,06/24/2026,Plant Closure,,,Baltimore County,,443142,"825 Dulaney Valley Road Towson, Maryland 21204"
Maryland,"Republic National Distributing Company, LLC",Jessup,318,04/23/2026,06/21/2026,Mass Layoff - No Recall,,,Howard County,,424820,"8201 Stayton Drive Jessup, MD 20794"
Massachusetts,Anna Maria College,Paxton,150,04/23/2026,06/22/2026-06/30/2026,,,,Central,,,
Michigan,"Dako Resources, LLC",Auburn Hills,85,04/23/2026,06/30/2026,Layoff,Permanent,,,Oakland,,
Missouri,"Nike IHM, Inc.",St. Charles,172,04/23/2026,06/26/2026,Layoff,,,St. Louis & vicinity,St. Charles,Manufacturing,
South Carolina,"Republic National Distributing Company, LLC",West Columbia,451,04/23/2026,06/07/2026-07/05/2026,Closure,Permanent,,,Lexington,,"410 Foster Brothers Drive, West Columbia, SC 29172"
Texas,"National Safety Apparel, LLC",San Antonio,50,04/23/2026,06/30/2026,,,,Alamo WDA,Bexar,,
Texas,"Republic National Distributing Company, LLC (Reyes Holdings, L.L.C) Austin",Austin,164,04/23/2026,06/21/2026,,,,Capital Area WDA,Travis,,
Texas,"Republic National Distributing Company, LLC (Reyes Holdings, L.L.C) Corpus Christie",Corpus Ch,90,04/23/2026,06/21/2026,,,,Coastal Bend WDA,Nueces,,
Texas,"Republic National Distributing Company, LLC (Reyes Holdings, L.L.C) Grand Prairie",Grand Prairie,689,04/23/2026,06/21/2026,,,,Tarrant County WDA,Tarrant,,
Texas,"Republic National Distributing Company, LLC (Reyes Holdings, L.L.C) Houston",Houston,588,04/23/2026,06/21/2026,,,,Gulf Coast WDA,Harris,,
Texas,"Republic National Distributing Company, LLC (Reyes Holdings, L.L.C) San Antonio",Schertz,372,04/23/2026,06/21/2026,,,,Alamo WDA,Bexar,,
Virginia,"Republic National Distributing Company, LLC",Ashland,428,04/23/2026,06/21/2026,Closure,,,Central,,,
"Washington, D.C.",Noblis,,115,04/22/2026,05/19/2026-06/02/2026,Layoff,,,,,,
California,Freudenberg Medical LLC,1110 Mark Avenue  Carpinteria CA 93013,80,04/22/2026,06/24/2026,Layoff Permanent,,,,Santa Barbara County,31-33 Manufacturing,
California,Joe's Crab Shack,12011 Harbor Blvd  Garden Grove CA 92840,44,04/22/2026,06/21/2026,Closure Permanent,,,,Orange County,72 Accommodation and Food Services,
California,Next Stop Logistics Inc.,9350 Rayo Ave.  South Gate CA 90280,80,04/22/2026,04/16/2026,Closure Permanent,,,,Los Angeles County,48-49 Transportation and Warehousing,
California,ODS Technologies LP and Betfair Interactive US LLC,"6701 Center Drive West, Suite 160  Los Angeles CA 90045",174,04/22/2026,06/30/2026,Layoff Permanent,,,,Los Angeles County,51 Information,
California,Paramount Skydance Corporation,5555 Melrose Avenue  Los Angeles CA 90038,2,04/22/2026,01/02/2026,Layoff Permanent,,,,Los Angeles County,71 Arts Entertainment and Recreation,
California,Paramount Skydance Corporation - 1575 N. Gower,1575 N. Gower Street  Los Angeles CA 90038,5,04/22/2026,01/02/2026,Layoff Permanent,,,,Los Angeles County,71 Arts Entertainment and Recreation,
Florida,"Republic National Distributing Company, LLC",Deerfield Beach,363,04/22/2026,06/21/2026-07/05/2026,Closure,,,,,Wholesale Trade,"Reyes Holdings, LLC may extend offers of employment to some employees as part of sale"
Florida,"Republic National Distributing Company, LLC",Jacksonville,169,04/22/2026,06/21/2026-07/05/2026,Closure,,,,,Wholesale Trade,"Reyes Holdings, LLC may extend offers of employment to some employees as part of sale"
Florida,"Republic National Distributing Company, LLC",Pensacola,121,04/22/2026,06/21/2026-07/05/2026,Closure,,,,,Wholesale Trade,"Reyes Holdings, LLC may extend offers of employment to some employees as part of sale"
Florida,"Republic National Distributing Company, LLC",Tampa,393,04/22/2026,06/21/2026-07/05/2026,Closure,,,,,Wholesale Trade,"Reyes Holdings, LLC may extend offers of employment to some employees as part of sale"
Massachusetts,KAC Logistics,East Taunton,40,04/22/2026,06/16/2026,,,,Southeast,,,
Ohio,GridHawk,Mount Gilead,248,04/22/2026,04/22/2026-06/20/2026,Closure,Permanent,,,Morrow,,
Ohio,Venture Solutions/Taylor Technology Services,Grove City,60,04/22/2026,06/22/2026,Closure,Permanent,,,Franklin,,
Texas,"Southern Mail Service, Inc.",Houston,50,04/22/2026,05/15/2026,,,,Gulf Coast WDA,Harris,,
Wisconsin,Green Bay Converting Inc,Green Bay,32,04/22/2026,04/25/2026,Workforce Reduction,,,Bay Area,Brown,Ind Paper Merch Whls,
California,"Ample Joy ABA Consulting Services, LLC",1411 Rimpau Avenue Suite 109  Corona CA 92879,100,04/21/2026,02/02/2026,Layoff Permanent,,,,Riverside County,62 Healthcare and Social Assistance,
California,City National Bank,555 S. Flower Street  Los Angeles CA 90071,1,04/21/2026,06/22/2026,Layoff Permanent,,,,Los Angeles County,52 Finance and Insurance,
California,Corteva Agriscience LLC,901 Loveridge Road  Pittsburg CA 94565,2,04/21/2026,07/03/2026,Layoff Permanent,,,,Contra Costa County,54 Professional Scientific and Technical Services,
Idaho,Idahoan Foods ,Rupert,61,04/21/2026,06/26/2026,,,,,,,823 S Oneida St
Maryland,"Trulite Glass & Aluminum Services, LLC",Ijamsville,21,04/21/2026,06/19/2026,Plant Closure,,,Frederick,,327215,"2190 Urbana Pike Ijamsville, MD 21754"
Massachusetts,Hampshire College,Amherst,199,04/21/2026,06/16/2026-12/31/2026,,,,Western,,,
South Carolina,Univar Solutions USA LLC,Greer,99,04/21/2026,6/28,Layoff,Permanent,,,Spartanburg,,"1400 Highway 101 South, Greer, SC 29651"
Tennessee,Adient,Athens,210,04/21/2026,06/30/2026,Closure,Permanent,,,McMinn,,#202500050
Virginia,"Pohlig Bros LLC dba Oliver, Inc.",North Chesterfield,72,04/21/2026,07/26/2026,Closure,,,Central,,,
Washington,Maverick Washington LLC / Silver Dollar SeaTac Casino,Seattle,65,04/21/2026,06/30/2026,Closure,Permanent,Teamsters Local 117,,,,
Wisconsin,Polaris Inc.,Osceola,189,04/21/2026,07/27/2026,Facility Closure,,,West Central,Polk,All Other Trans Equip Mfg,
California,"Guayabito Farms, LLC",5060 Olivas Park Drive  Ventura CA 93003,98,04/20/2026,06/06/2026,Closure Permanent,,,,Ventura County,11 Agriculture Forestry Fishing Hunting,
California,"Premier Berry Farms, LLC",2840 East Hueneme Road  Oxnard CA 93033,74,04/20/2026,06/06/2026,Closure Permanent,,,,Ventura County,11 Agriculture Forestry Fishing Hunting,
California,Yanfeng International Automotive Technology,31500 Hayman Street  Hayward CA 94544,17,04/20/2026,06/22/2026,Closure Permanent,,,,Alameda County,31-33 Manufacturing,
California,YMCA Arellanes Elementary School,1890 Sandalwood Dr.  Santa Maria CA 93455,6,04/20/2026,06/09/2026,Layoff Permanent,,,,Santa Barbara County,81 Other Services Except Public Administration,
California,YMCA Arellanes Junior High,1890 Sandalwood Dr.  Santa Maria CA 93455,4,04/20/2026,06/09/2026,Layoff Permanent,,,,Santa Barbara County,81 Other Services Except Public Administration,
California,YMCA Bill Libbon Elementary School,750 Meehan St.  Santa Maria CA 93454,11,04/20/2026,06/09/2026,Layoff Permanent,,,,Santa Barbara County,81 Other Services Except Public Administration,
California,YMCA Bonita Elementary School,2715 W. Main St.  Santa Maria CA 93458,6,04/20/2026,06/09/2026,Layoff Permanent,,,,Santa Barbara County,81 Other Services Except Public Administration,
California,YMCA El Camino Jr. High School,219 W El Camino St.  Santa Maria CA 93458,3,04/20/2026,06/09/2026,Layoff Permanent,,,,Santa Barbara County,81 Other Services Except Public Administration,
California,YMCA Fairlawn Elementary School,123 St Mary Drive  Santa Maria CA 93458,6,04/20/2026,06/09/2026,Layoff Permanent,,,,Santa Barbara County,81 Other Services Except Public Administration,
California,YMCA Fesler Jr. High School,1100 E Fesler St.  Santa Maria CA 93454,3,04/20/2026,06/09/2026,Layoff Permanent,,,,Santa Barbara County,81 Other Services Except Public Administration,
California,YMCA Juan Pacifico Ontiveros Elementary School,930 Rancho Verde  Santa Maria CA 93458,10,04/20/2026,06/09/2026,Layoff Permanent,,,,Santa Barbara County,81 Other Services Except Public Administration,
California,YMCA Liberty Elementary School,1300 Sonya Ln.  Santa Maria CA 93458,9,04/20/2026,06/09/2026,Layoff Permanent,,,,Santa Barbara County,81 Other Services Except Public Administration,
California,YMCA Oakley Elementary School,1120 W Harding Ave.  Santa Maria CA 93458,9,04/20/2026,06/09/2026,Layoff Permanent,,,,Santa Barbara County,81 Other Services Except Public Administration,
California,YMCA Rice Elementary School,700 Vickie Ave.  Santa Maria CA 93454,11,04/20/2026,06/09/2026,Layoff Permanent,,,,Santa Barbara County,81 Other Services Except Public Administration,
California,YMCA Robert Bruce Elementary School,604 W. Alvin Ave.  Santa Maria CA 93458,8,04/20/2026,06/09/2026,Layoff Permanent,,,,Santa Barbara County,81 Other Services Except Public Administration,
California,YMCA Roberto & Dr. Francisco Jimenez Elementary School,1970 Biscayne St.  Santa Maria CA 93458,12,04/20/2026,06/09/2026,Layoff Permanent,,,,Santa Barbara County,81 Other Services Except Public Administration,
California,YMCA Sanchez Elementary School,804 Liberty St.  Santa Maria CA 93458,8,04/20/2026,06/09/2026,Layoff Permanent,,,,Santa Barbara County,81 Other Services Except Public Administration,
California,YMCA Santa Maria Valley,3400 Skyway Drive  Santa Maria CA 93455,7,04/20/2026,06/09/2026,Layoff Permanent,,,,Santa Barbara County,81 Other Services Except Public Administration,
California,YMCA Taylor Elementary School,1921 Carlotti Dr.  Santa Maria CA 93454,10,04/20/2026,06/09/2026,Layoff Permanent,,,,Santa Barbara County,81 Other Services Except Public Administration,
California,YMCA Tommie Kunst Jr. High School,930 Hidden Pines Way  Santa Maria CA 93458,3,04/20/2026,06/09/2026,Layoff Permanent,,,,Santa Barbara County,81 Other Services Except Public Administration,
California,YMCA Tunnel Elementary School,1248 Dena Way  Santa Maria CA 93454,10,04/20/2026,06/09/2026,Layoff Permanent,,,,Santa Barbara County,81 Other Services Except Public Administration,
Colorado,PNC Bank NA,,777,04/20/2026,06/30/2026,,,,Jeffco (Tri-County),,522110 (Commercial Banking),
Maryland,Stoney River Steakhouse & Grill,Towson,68,04/20/2026,06/26/2026,Plant Closure,,,Baltimore County,,722511,"825 Dulaney Valley Road Towson, MD 21204"
North Carolina,"Mars Petcare US, Inc.",Henderson,149,04/20/2026,12/31/2026,Closure,Permanent,,,Vance,,
Wisconsin,UnityPoint Health,Madison,25,04/20/2026,07/24/2026,Workforce Reduction,,,South Central,Dane,General Medical and Surgical Hospitals,
Illinois,"Iron Galaxy Studios, LLC",Chicago,48,04/17/2026,04/17/2026-07/17/2026,Layoff,Permanent,No,Northeast 4,Cook,Computer Programming Service,
Arizona,DLH Solutions Inc,Tucson,20,04/17/2026,,,,,6,,,"3675 E. Britannia Dr Tucson, Arizona 85706"
California,"Best Formulations PC, LLC",5900 Skylab Rd  Huntington Beach CA 92647,32,04/17/2026,06/15/2026,Closure Permanent,,,,Orange County,31-33 Manufacturing,
California,"FM Restaurants HQ, LLC","11065 Knott Avenue, Suite A  Cypress CA 90630",49,04/17/2026,04/19/2026,Closure Permanent,,,,Orange County,72 Accommodation and Food Services,
Florida,Amazon,Homestead,616,04/17/2026,07/02/2026-09/30/2026,Closure,Permanent,,,,Transportation and Warehousing,
Florida,"Iron Galaxy Studios, LLC",Orlando,50,04/17/2026,04/17/2026-07/17/2026,Layoff,Permanent,,,,Manufacturing,
Massachusetts,"*Updated* Replimune, Inc.",Woburn,81,04/17/2026,04/17/2026-04/24/2026,,,,Boston,,,
Massachusetts,"Replimune, Inc.",Framingham,80,04/17/2026,04/17/2026-04/24/2026,,,,Metro Southwest,,,
"Washington, D.C.",General Dynamics Information Technology,,87,04/17/2026,06/15/2026,Layoff,,,,,,
California,Disney Entertainment Operations LLC,500 South Buena Vista St.  Burbank CA 91521,53,04/16/2026,06/20/2026,Layoff Permanent,,,,Los Angeles County,71 Arts Entertainment and Recreation,
California,"Noa Technologies, Inc.",1137 San Antonio Road  Mountain View CA 94043,69,04/16/2026,06/01/2026,Layoff Permanent,,,,Santa Clara County,51 Information,
California,Paramount Skydance Corporation,1575 N. Gower Street  Los Angeles CA 90028,2,04/16/2026,01/02/2026,Layoff Permanent,,,,Los Angeles County,51 Information,
California,Paramount Skydance Corporation,5555 Melrose Avenue  Los Angeles CA 90038,5,04/16/2026,01/02/2026,Layoff Permanent,,,,Los Angeles County,51 Information,
California,Snap Inc.,"395 Page Mill Road, 3rd Floor  Palo Alto CA 94306",73,04/16/2026,04/16/2026,Layoff Permanent,,,,Santa Clara County,54 Professional Scientific and Technical Services,
California,The Primary School,750 Fargo Ave  San Leandro CA 94579,147,04/16/2026,06/12/2026,Closure Permanent,,,,Alameda County,61 Educational Services,
Iowa,Transco Rail Services,Oelwein,40,04/16/2026,04/10/2026,Mass Layoff,,,Northeast Iowa,Fayette,Transportation and Warehouse,
Kentucky,Marsden Services LLC,Louisville,106,04/16/2026,05/10/2026,Layoff,,,Kentuckiana Works,Jefferson,,
Tennessee,"T-Mobile USA, Inc.",Chattanooga,200,04/16/2026,06/08/2026,Layoff,Permanent,,,Hamilton,,#202500049
Washington,ZoomCare,"Bellevue, Remote",36,04/16/2026,06/15/2026,Layoff,Permanent,,,,,
Alabama,Serta Mattress Company,Cullman,102,04/15/2026,04/17/2026,Closure,,,,,,
Arizona,"Marsden Services, LLC",Tucson,85,04/15/2026,,,,,6,,,"3760 N. Commerce Drive Tucson, Arizona 85705"
California,Block by Block,870 Market St.  San Francisco CA 94102,47,04/15/2026,06/13/2026,Layoff Permanent,,,,San Francisco County,56 Administrative and Support and Waste Management and Remediation,
California,Snap Inc.,2772 Donald Douglas Loop N  Santa Monica CA 90405,247,04/15/2026,04/16/2026,Layoff Permanent,,,,Los Angeles County,54 Professional Scientific and Technical Services,
Massachusetts,Aloha Logistics LLC,Taunton,10,04/15/2026,04/17/2026,,,,Southeast,,,
Tennessee,Pave It Forward Logistics,Lebanon,100,04/15/2026,03/31/2026,Closure,Permanent,,,Rutherford,,#202500048
Texas,Saddle Creek Corporation,New Caney,168,04/15/2026,06/11/2026,,,,Gulf Coast WDA,Montgomery,,
Washington,Snap Inc.,"Bellevue, Seattle, Vancouver",95,04/15/2026,04/16/2026,Layoff,Permanent,,,,,
Arizona,"The Tendit Group, LLC.",Phoenix,143,04/14/2026,,,,,7,,,"2503 E. Rose Garden Lane Phoenix, Arizona 85050"
California,Blue Diamond Growers,1802 C Street  Sacramento CA 95811,49,04/14/2026,06/12/2026,Closure Permanent,,,,Sacramento County,31-33 Manufacturing,
California,Chen-Tech Industries LLC,9 Wrigley  Irvine CA 92618,98,04/14/2026,04/02/2026,Layoff Permanent,,,,Orange County,31-33 Manufacturing,
California,McGee Air Services,1 World Way  Los Angeles CA 90045,29,04/14/2026,06/14/2026,Layoff Permanent,,,,Los Angeles County,48-49 Transportation and Warehousing,
California,Redding Cement Plant,15390 Wonderland Blvd.  Redding CA 96003,53,04/14/2026,06/15/2026,Layoff Temporary,,,,Shasta County,31-33 Manufacturing,
California,The Gambrinus Company (Trumer Brewery and Taproom),1404 Fourth Street  Berkeley CA 94710,6,04/14/2026,05/29/2026,Layoff Permanent,,,,Alameda County,42 Wholesale Trade,
California,"Trumer Brewery, Comeback Brewing II dba Trumer Brewery",1404 Fourth Street  Berkeley CA 94710,27,04/14/2026,05/29/2026,Closure Permanent,,,,Alameda County,42 Wholesale Trade,
California,Ventura Coastal,12310 Avenue 368  Visalia CA 93291,69,04/14/2026,06/15/2026,Layoff Temporary,,,,Tulare County,31-33 Manufacturing,
Colorado,Tendit Group LLC,,107,04/14/2026,04/15/2026-04/30/2026,Closure,,,"Denver, ADW, Larimer",,"56,1210 Facilities Support Services & 56,1790 Other Services to Buildings and Dwellings",
Indiana,RESRG Automotive,Evansville,266,04/14/2026,06/06/2026,Closure,,,,,336110,Automotive Manufacturing
Iowa,Appliance Plus,Oelwein,4,04/14/2026,07/31/2026,Closing,,,Northeast Iowa,Fayette,Retail Trade,
Iowa,Appliance Plus,Independence,5,04/14/2026,07/31/2026,Closing,,,Northeast Iowa,Buchanan,Retail Trade,
Iowa,Appliance Plus,West Union,4,04/14/2026,07/31/2026,Closing,,,Northeast Iowa,Fayette,Retail Trade,
Iowa,Appliance Plus,New Hampton,3,04/14/2026,07/31/2026,Closing,,,Northeast Iowa,Chickasaw,Retail Trade,
Iowa,Appliance Plus,Charles City,5,04/14/2026,07/31/2026,Closing,,,Northeast Iowa,Floyd,Retail Trade,
Iowa,Appliance Plus,Webster City,3,04/14/2026,07/31/2026,Closing,,,Iowa Plains,Hamilton,Retail Trade,
Iowa,Appliance Plus,Algona,5,04/14/2026,07/31/2026,Closing,,,Iowa Plains,Kossuth,Retail Trade,
Iowa,Appliance Plus,Waukon,1,04/14/2026,07/31/2026,Closing,,,Northeast Iowa,Allamakee,Retail Trade,
Iowa,Appliance Plus,Dyersville,5,04/14/2026,07/31/2026,Closing,,,Northeast Iowa,Delaware,Retail Trade,
Iowa,UnityPoint Health,Hiawatha,97,04/14/2026,07/24/2026,Mass Layoff,,,East Central Iowa,Linn,Management of Companies and Enterprises,
Iowa,UnityPoint Health,Des Moines,3,04/14/2026,07/24/2026,Mass Layoff,,,Central Iowa,Polk,Management of Companies and Enterprises,
Iowa,UnityPoint Health,Grimes,1,04/14/2026,07/24/2026,Mass Layoff,,,Central Iowa,Polk,Management of Companies and Enterprises,
Iowa,UnityPoint Health,Des Moines,5,04/14/2026,07/24/2026,Mass Layoff,,,Central Iowa,Pollk,Management of Companies and Enterprises,
Iowa,UnityPoint Health,Waterloo,1,04/14/2026,07/24/2026,Mass Layoff,,,Northeast Iowa,Black Hawk,Management of Companies and Enterprises,
Iowa,UnityPoint Health,Sioux City,1,04/14/2026,07/24/2026,Mass Layoff,,,Iowa Plains,Woodbury,Management of Companies and Enterprises,
Iowa,UnityPoint Health,Dubuque,2,04/14/2026,07/24/2026,Mass Layoff,,,Northeast Iowa,Dubuque,Management of Companies and Enterprises,
Iowa,UnityPoint Health,Marshalltown,1,04/14/2026,07/24/2026,Mass Layoff,,,South Central Iowa,Marshall,Management of Companies and Enterprises,
Iowa,UnityPoint Health,Des Moines,76,04/14/2026,07/24/2026,Mass Layoff,,,Central Iowa,Polk,Management of Companies and Enterprises,
Iowa,UnityPoint Health,Fort Dodge,1,04/14/2026,07/24/2026,Mass Layoff,,,Iowa Plains,Webster,Management of Companies and Enterprises,
Iowa,UnityPoint Health,Cedar Rapids,1,04/14/2026,07/24/2026,Mass Layoff,,,East Central Iowa,Linn,Management of Companies and Enterprises,
Iowa,Wells Fargo,West Des Moines,25,04/14/2026,06/13/2026,Mass Layoff - Additional Employees,,,Central Iowa,Polk,Finance and Insurance,
Maryland,Hendall Inc.,Rockville,50,04/14/2026,06/10/2026,Mass Layoff - No Recall,,,Montgomery County,,541512,"1803 Research Blvd, Suite 300 Rockville, MD 20850; temporary, may become permanent"
Ohio,Refresco Beverages US Inc,Carlisle,63,04/14/2026,06/24/2026-12/21/2026,Closure,Permanent,,,Warren,,
Texas,"T-Mobile USA, Inc.",Austin,74,04/14/2026,06/08/2026,,,,Capital Area WDA,Travis,,
Virginia,Central Garden & Pet,Richmond,94,04/14/2026,04/14/2026,Closure,,,Central,,,
Illinois,Gerresheimer Moulded Glass Chicago Inc.,Chicago Heights,172,04/13/2026,09/30/2026-11/30/2026,Closing,Permanent,Yes,Northeast 4,Cook,Glass Container Manufacturing,
California,Boeing Company,1500 Columbia Way (E. Ave. M) USAF Plant 42  Palmdale CA 93550,13,04/13/2026,06/12/2026,Closure Permanent,,,,Los Angeles County,31-33 Manufacturing,
Florida,Ari Ben Aviator Inc.,Fort Pierce,50,04/13/2026,04/15/2026,Closure,Permanent,,,,Educational Services,
Massachusetts,"Replimune, Inc.",Woburn,63,04/13/2026,04/13/2026-04/24/2026,,,,Boston,,,
Illinois,Dana Incorporated,Robinson,81,04/10/2026,06/15/2026-10/01/2026,Closing,Permanent,Yes,Southeastern 7,Crawford,Vehicle Transmission and Power Train Parts Manufacturing,
California,eBay Inc.,"300 Mission Street, 19th Floor  San Francisco CA 94105",198,04/10/2026,09/30/2026,Closure Permanent,,,,San Francisco County,44-45 Retail Trade,
California,Mills College Children's School at Northwestern University,5000 MacArthur Blvd.  Oakland CA 94613,21,04/10/2026,06/10/2026,Closure Permanent,,,,Alameda County,61 Educational Services,
California,Phillips 66,1660 W. Anaheim Street  Wilmington CA 90744,10,04/10/2026,06/10/2026,Closure Permanent,,,,Los Angeles County,31-33 Manufacturing,
California,Phillips 66,1520 E. Sepulveda Blvd.  Carson CA 90745,6,04/10/2026,06/10/2026,Closure Permanent,,,,Los Angeles County,31-33 Manufacturing,
California,Sumisho Air Lease Corporation,"2000 Avenue of the Stars, Suite 1000N  Los Angeles CA 90067",53,04/10/2026,06/08/2026,Layoff Permanent,,,,Los Angeles County,53 Real Estate and Rental Leasing,
Colorado,T-Mobile,,51,04/10/2026,06/08/2026,,,,Denver,,"51,7112: Wireless Telecommunications Carriers, Except Satellite",
South Carolina,"Industrial Plastics Group, LLC ",Liberty,74,04/10/2026,04/10/2026,Layoff,Permanent,,,Pickens,,"565 Cartee Rd., Liberty, SC 29657"
Tennessee,Durham School Services,McMinnville,79,04/10/2026,06/06/2026,Closure,Permanent,,,Warren,,#202500046
Tennessee,Legacy Supply Chain,Selmer,4,04/10/2026,06/06/2026,Closure,Permanent,,,McNairy,,#202500047
Virginia,Voyant Beauty,Roanoke,95,04/10/2026,06/30/2026,Closure,,,Northern,,,
Washington,"Astellas US Holding, Inc.",Seattle,50,04/10/2026,07/01/2026,Closure,Permanent,,,,,
Alabama,Legacy Supply Chain Operations,Decatur,6,04/09/2026,06/06/2026,Closure,,,,,,
Arizona,VisionQuest National LTD,Tucson,203,04/09/2026,,,,,6,,,"1304 E. Copper St Tucson, Arizona 85719"
California,Del Monte Foods Corporation II Inc.,4000 Yosemite Boulevard  Modesto CA 95357,25,04/09/2026,04/07/2026,Closure Permanent,,,,Stanislaus County,42 Wholesale Trade,
California,Qualcomm Incorporated,5565 Morehouse Drive  San Diego CA 92121,10,04/09/2026,06/08/2026,Layoff Permanent,,,,San Diego County,55 Management of Companies and Enterprises,
California,Qualcomm Incorporated,5525 Morehouse Drive  San Diego CA 92121,11,04/09/2026,06/08/2026,Layoff Permanent,,,,San Diego County,55 Management of Companies and Enterprises,
California,Qualcomm Incorporated,5665 Morehouse Drive  San Diego CA 92121,6,04/09/2026,06/08/2026,Layoff Permanent,,,,San Diego County,55 Management of Companies and Enterprises,
California,Qualcomm Incorporated,10145 Pacific Heights Blvd.  San Diego CA 92121,3,04/09/2026,06/08/2026,Layoff Permanent,,,,San Diego County,55 Management of Companies and Enterprises,
California,Qualcomm Incorporated,6455 Lusk Blvd.  San Diego CA 92121,2,04/09/2026,06/08/2026,Layoff Permanent,,,,San Diego County,55 Management of Companies and Enterprises,
California,Qualcomm Incorporated,10185 McKellar Ct.  San Diego CA 92121,1,04/09/2026,06/08/2026,Layoff Permanent,,,,San Diego County,55 Management of Companies and Enterprises,
California,Qualcomm Incorporated,5745 Pacific Center Blvd.  San Diego CA 92121,2,04/09/2026,06/08/2026,Layoff Permanent,,,,San Diego County,55 Management of Companies and Enterprises,
California,Qualcomm Incorporated,10160 Pacific Mesa Blvd.  San Diego CA 92121,1,04/09/2026,06/08/2026,Layoff Permanent,,,,San Diego County,55 Management of Companies and Enterprises,
California,Qualcomm Incorporated,10445 Pacific Center Court  San Diego CA 92121,2,04/09/2026,06/08/2026,Layoff Permanent,,,,San Diego County,55 Management of Companies and Enterprises,
California,Sony Pictures Entertainment Inc.,10202 W. Washington Boulevard  Culver City CA 90232,111,04/09/2026,06/12/2026,Layoff Permanent,,,,Los Angeles County,71 Arts Entertainment and Recreation,
California,Sony Pictures Entertainment Inc.,5750 Wilshire Boulevard  Los Angeles CA 90036,6,04/09/2026,06/12/2026,Layoff Permanent,,,,Los Angeles County,71 Arts Entertainment and Recreation,
California,Sony Pictures Entertainment Inc.,6007 Sepulveda Boulevard  Van Nuys CA 91411,7,04/09/2026,06/12/2026,Layoff Permanent,,,,Los Angeles County,71 Arts Entertainment and Recreation,
California,Sony Pictures Entertainment Inc.,2150 Colorado Avenue  Santa Monica CA 90404,9,04/09/2026,06/12/2026,Layoff Permanent,,,,Los Angeles County,71 Arts Entertainment and Recreation,
Colorado,Batelle,,21,04/09/2026,06/08/2026,Project Milestone Completion,,,Pueblo,,"56,2910: Remediation Services",
Georgia,"SDH Education East, LLC",Young Harris,74,04/09/2026,05/29/2026,Permanent Closure,,,,Towns,,GA202500093
Missouri,Durham School Services,House Springs,107,04/09/2026,06/05/2026,Loss of Contract,,,St. Louis & vicinity,Jefferson,Transportation,
Missouri,Trilogy Warehouse Partners,St. Louis,67,04/09/2026,06/12/2026,Layoff,,,St. Louis,,Warehouse Logistics,
North Carolina,Compass Group USA Inc. dba Chartwells,Chapel Hill,91,04/09/2026,06/12/2026,Layoff,Permanent,,,Orange,,
North Carolina,Parkdale Mills,Lexington,68,04/09/2026,06/07/2026,Closure,Permanent,,,Davidson,,
Ohio,Advanced Specialty Hospitals of Toledo,Toledo,116,04/09/2026,06/08/2026,Closure,,,,Lucas,,
Ohio,"Conn-Selmer, Inc",Eastlake,150,04/09/2026,06/30/2026,Closure,Permanent,UAW Local 2359,,Lake,,
Texas,"Ampac Mobile Holdings, LLC (ProAmpac)",Grand Prairie,52,04/09/2026,06/07/2026,,,,Tarrant County WDA,Tarrant,,
Arizona,"Catholic Community Services of Southern Arizona, Inc.",Tucson,74,04/08/2026,,,,,6,,,"268 W. Adams St. Tucson, Arizona 85705"
California,"Gossamer Bio, Inc.","3115 Merryfield Row, Suite 120  San Diego CA 92121",65,04/08/2026,05/15/2026,Layoff Permanent,,,,San Diego County,54 Professional Scientific and Technical Services,
California,"Montessori West, Inc.",155 Washington Blvd.  Fremont CA 94539,35,04/08/2026,06/15/2026,Closure Permanent,,,,Alameda County,61 Educational Services,
Iowa,Ryder Systems Inc. ,Waterloo,153,04/08/2026,07/24/2026,Mass Layoff - Additional Employees,,,East Central Iowa,Black Hawk,Transportation and Warehousing,
Texas,GoldStar Transit (GST) Eagle Mountain/Saginaw Independent School District,Fort Worth,336,04/08/2026,05/29/2026,,,,Tarrant County WDA,Tarrant,,
Wisconsin,"Lakeshore Community Health Care, Inc.","Manitowoc, Sheboygan, West Bend",178,04/08/2026,03/31/2026,Facility Closure,,,"Bay Area, WOW","Manitowoc, Sheboygan, Washington",All Other Outpatient Care Centers,
Illinois,"Aramark Campus, LLC (at Plainfield Community School District)",Plainfield,170,04/07/2026,05/22/2026,Closing,Permanent,No,Northeast 4,Will,Food Service Contractors,
California,America's Finest Charter School - High School Program,4481 Estrella Avenue  San Diego CA 92115,10,04/07/2026,06/30/2026,Closure Permanent,,,,San Diego County,61 Educational Services,
California,JPMorgan Chase,1 Front Street  San Francisco CA 94111,53,04/07/2026,05/21/2026,Layoff Permanent,,,,San Francisco County,52 Finance and Insurance,
California,Prepa Tec Los Angeles campus,8001 Santa Fe Avenue  Huntington Park CA 90255,42,04/07/2026,06/30/2026,Closure Permanent,,,,Los Angeles County,61 Educational Services,
California,South Coast Behavioral Health,9642 Peppertree Drive  Huntington Beach CA 92646,36,04/07/2026,05/29/2026,Closure Permanent,,,,Orange County,62 Healthcare and Social Assistance,
California,South Coast Behavioral Health,559 Pierpoint Drive  Costa Mesa CA 92626,1,04/07/2026,05/29/2026,Closure Permanent,,,,Orange County,62 Healthcare and Social Assistance,
California,Wellpath and CFMG - Placer Jail - Auburn,2775 Richardson Dr.  Auburn CA 95603,50,04/07/2026,06/30/2026,Closure Permanent,,,,Placer County,62 Healthcare and Social Assistance,
California,Wellpath and CFMG - Placer Juvi Detention,11260 B Ave.  Auburn CA 95603,4,04/07/2026,06/30/2026,Closure Permanent,,,,Placer County,62 Healthcare and Social Assistance,
California,Wellpath and CFMG - South Placer Jail,11801 Go For Broke Rd.  Roseville CA 95678,35,04/07/2026,06/30/2026,Closure Permanent,,,,Placer County,62 Healthcare and Social Assistance,
Florida,Bahama Breeze,Brandon,86,04/07/2026,04/20/2026,Closure,Permanent,,,,Accommodation and Food Services,
Michigan,Samaritas,Grand Rapids,58,04/07/2026,03/31/2026,Closure,Permanent,,,Kent,,
North Carolina,ECU Health Home Health and Hospice,Ahoskie,4,04/07/2026,05/01/2026,Closure,Permanent,,,Hertford,,
North Carolina,ECU Health Home Health and Hospice,Washington,10,04/07/2026,05/01/2026,Closure,Permanent,,,Beaufort,,
North Carolina,ECU Health Home Health and Hospice,Windsor,14,04/07/2026,05/01/2026,Closure,Permanent,,,Bertie,,
North Carolina,ECU Health Home Health and Hospice,Kenansville,37,04/07/2026,05/01/2026,Closure,Permanent,,,Pitt,,
North Carolina,ECU Health Home Health and Hospice,Greenville,61,04/07/2026,05/01/2026,Closure,Permanent,,,Duplin,,
North Carolina,ECU Health Home Health and Hospice,Greenville,35,04/07/2026,05/01/2026,Closure,Permanent,,,Pitt,,
South Carolina,"ABM Industry Groups, LLC",North Charleston,122,04/07/2026,04/13/2026-07/07/2026,Layoff,Permanent,,,Charleston,,"5400 International Blvd., N. Charleston, SC 29418"
Texas,DSV Contract Logistics (3PL Logistics Facility),Wilmer,391,04/07/2026,04/30/2026,,,,Dallas County WDA,Dallas,,
California,Amethod Public Schools,4215 Foothill Blvd  Oakland CA 94601,17,04/06/2026,06/05/2026,Closure Permanent,,,,Alameda County,61 Educational Services,
California,Partnerships to Uplift Communities Los Angeles,1855 N. Main Street  Los Angeles CA 90031,26,04/06/2026,06/05/2026,Closure Permanent,,,,Los Angeles County,61 Educational Services,
California,PUC eCALS,2050 N San Fernando Road  Los Angeles CA 90065,22,04/06/2026,06/05/2026,Closure Permanent,,,,Los Angeles County,61 Educational Services,
Idaho,Intermountain Packing,Idaho Falls,150,04/06/2026,04/03/2026,,,,,,,1096 East Iona Road
Maryland,Leidos,Windsor Mill,156,04/06/2026,06/05/2026,Mass Layoff - No Recall,,,Baltimore County,,334413,"3300 Lord Baltimore Drive Windsor Mill, MD 21244"
Missouri,"General Mills Operations, LLC",St. Charles,163,04/06/2026,06/08/2026,Closing,,,St. Louis & vicinity,St. Charles,Manufacturing,
Oregon,Direct Marketing Solutions,Portland,106,04/06/2026,06/05/2026-07/31/2026,Large Layoff - 10 or more workers,,,,,,9470
Oregon,"Nelson Global Products, Inc.",Troutdale,65,04/06/2026,09/30/2026,Large Layoff - 10 or more workers,,,,,,9474
Texas,"Sodexo (SDH Services East, LLC) HCA Clear Lake",Webster,86,04/06/2026,06/13/2026,,,,Gulf Coast WDA,Harris,,
Texas,"Sodexo (SDH Services East, LLC) HCA Kingwood",Kingwood,81,04/06/2026,06/13/2026,,,,Gulf Coast WDA,Harris,,
Texas,"Sodexo (SDH Services East, LLC) HCA Southeast Texas Medical Center",Pasadena,63,04/06/2026,06/13/2026,,,,Gulf Coast WDA,Harris,,
Texas,"Sodexo (SDH Services East, LLC) HCA Women's Hospital of Texas",Houston,66,04/06/2026,06/13/2026,,,,Gulf Coast WDA,Harris,,
California,Good Sports Plus dba Arc - Myron D. Witter Elementary School,150 K Street  Brawley CA 92227,15,04/03/2026,06/04/2026,Layoff Permanent,,,,Imperial County,62 Healthcare and Social Assistance,
California,Good Sports Plus dba Arc - Padilla-Pace Middle School,681 Vine Avenue  Brawley CA 92227,7,04/03/2026,06/04/2026,Layoff Permanent,,,,Imperial County,62 Healthcare and Social Assistance,
California,"Good Sports Plus Ltd, dba Arc Phil D. Swing Elementary School",245 W A Street  Brawley CA 92227,13,04/03/2026,06/04/2026,Layoff Permanent,,,,Imperial County,62 Healthcare and Social Assistance,
California,Good Sports Plus Ltd. dba Arc,"400 N. Imperial Avenue, Ste. 1  Imperial CA 92251",4,04/03/2026,06/04/2026,Layoff Permanent,,,,Imperial County,62 Healthcare and Social Assistance,
California,Good Sports Plus Ltd. dba Arc - Central Union High School,1001 W. Brighton Avenue  El Centro CA 92243,3,04/03/2026,06/04/2026,Layoff Permanent,,,,Imperial County,62 Healthcare and Social Assistance,
California,Good Sports Plus Ltd. dba Arc - Desert Valley High School,104 Magnolia Street  Brawley CA 92227,3,04/03/2026,06/04/2026,Layoff Permanent,,,,Imperial County,62 Healthcare and Social Assistance,
California,Good Sports Plus Ltd. dba Arc - Phoenix Rising/Desert Oasis High School,1302 S. 3rd Street  El Centro CA 92243,2,04/03/2026,06/04/2026,Layoff Permanent,,,,Imperial County,62 Healthcare and Social Assistance,
California,Good Sports Plus Ltd. dba Arc - Southwest High School,2001 Ocotillo Drive  El Centro CA 92243,4,04/03/2026,06/04/2026,Layoff Permanent,,,,Imperial County,62 Healthcare and Social Assistance,
California,Good Sports Plus Ltd. dba Brawley Union High School,480 N. Imperial Avenue  Brawley CA 92227,6,04/03/2026,06/04/2026,Layoff Permanent,,,,Imperial County,62 Healthcare and Social Assistance,
California,"Good Sports Plus, Ltd dba ARC - Barbara Worth Junior High School",385 D Street  Brawley CA 92227,5,04/03/2026,06/04/2026,Layoff Permanent,,,,Imperial County,62 Healthcare and Social Assistance,
California,"Good Sports Plus, Ltd. dba Arc -  J.W. Oakley Elementary School",1401 B Street  Brawley CA 92227,15,04/03/2026,06/04/2026,Layoff Permanent,,,,Imperial County,62 Healthcare and Social Assistance,
California,"Good Sports Plus, Ltd. dba Arc - Miguel Hidalgo Elementary School",615 S. Cesar Chavez Street  Brawley CA 92227,5,04/03/2026,06/04/2026,Layoff Permanent,,,,Imperial County,62 Healthcare and Social Assistance,
California,ProYouth,2009 W. Feemster Ave  Visalia CA 93277,81,04/03/2026,06/05/2026,Layoff Permanent,,,,Tulare County,61 Educational Services,
California,Super 7,"500 Devlin Rd., Suite 101  Napa CA 94558",6,04/03/2026,05/29/2026,Closure Permanent,,,,Napa County,48-49 Transportation and Warehousing,
Colorado,Eagle Rock Distribution,,526,04/03/2026,06/05/2026,,,,"Various: Adams/Denver, Larimer, Mesa Pikes Peak & Rural Alliance",,"42,4810 Beer & Ale Merchant Wholesalers",
Maryland,"Cox Automotive Corp Svc, LLC",Belcamp,70,04/03/2026,06/05/2026,Mass Layoff - No Recall,,,Susquehanna,,423110,"4805 Philadelphia Road Belcamp, MD 21014"
Massachusetts,South Shore Elder Services,Braintree,52,04/03/2026,06/01/2026-06/30/2026,,,,Southeast,,,
California,Consolidate Entertainment LLC,5500 Grossmont Center Dr. Suite 169  La Mesa CA 91942,63,04/02/2026,05/31/2026,Closure Permanent,,,,San Diego County,51 Information,
California,Crittenton (100 E. Valley View),100 E. Valley View  Fullerton CA 93832,81,04/02/2026,03/31/2026,Closure Permanent,,,,Orange County,62 Healthcare and Social Assistance,
California,Crittenton (201 W. Amerige Ave),201 W. Amerige Ave  Fullerton CA 92831,37,04/02/2026,03/31/2026,Closure Permanent,,,,Orange County,62 Healthcare and Social Assistance,
California,Crittenton (600 N. Harbor Blvd),600 N. Harbor Blvd  Fullerton CA 92832,26,04/02/2026,03/31/2026,Closure Permanent,,,,Orange County,62 Healthcare and Social Assistance,
California,Morgan Technical Ceramics,2425 Whipple Road  Hayward CA 94544,94,04/02/2026,06/01/2026,Closure Permanent,,,,Alameda County,31-33 Manufacturing,
California,"Oracle America, Inc.",5815 Owens Drive  Pleasanton CA 94588,158,04/02/2026,06/01/2026,Layoff Permanent,,,,Alameda County,54 Professional Scientific and Technical Services,
California,"Oracle America, Inc.","1620 26th Street, Suite 100S  Santa Monica CA 90404",50,04/02/2026,06/01/2026,Layoff Permanent,,,,Los Angeles County,54 Professional Scientific and Technical Services,
California,"Oracle America, Inc.",500 Oracle Parkway  Redwood City CA 94065,310,04/02/2026,06/01/2026,Layoff Permanent,,,,San Mateo County,54 Professional Scientific and Technical Services,
California,"Oracle America, Inc.",4230 Leonard Stocking Drive  Santa Clara CA 95054,184,04/02/2026,06/01/2026,Layoff Permanent,,,,Santa Clara County,54 Professional Scientific and Technical Services,
California,Qualcomm Incorporated (10001 Pacific Heights Blvd),10001 Pacific Heights Blvd  San Diego CA 92121,2,04/02/2026,05/26/2026,Layoff Permanent,,,,San Diego County,55 Management of Companies and Enterprises,
California,Qualcomm Incorporated (10185 McKellar Court),10185 McKellar Court  San Diego CA 92121,4,04/02/2026,05/26/2026,Layoff Permanent,,,,San Diego County,55 Management of Companies and Enterprises,
California,Qualcomm Incorporated (10350 Sorrento Valley Road),10350 Sorrento Valley Road  San Diego CA 92121,3,04/02/2026,05/26/2026,Layoff Permanent,,,,San Diego County,55 Management of Companies and Enterprises,
California,Qualcomm Incorporated (4243 Campus Point Ct),4243 Campus Point Ct  San Diego CA 92121,1,04/02/2026,05/26/2026,Layoff Permanent,,,,San Diego County,55 Management of Companies and Enterprises,
California,Qualcomm Incorporated (5535 Morehouse Drive),5535 Morehouse Drive  San Diego CA 92121,2,04/02/2026,05/26/2026,Layoff Permanent,,,,San Diego County,55 Management of Companies and Enterprises,
California,Qualcomm Incorporated (5545 Morehouse Drive),5545 Morehouse Drive  San Diego CA 92121,15,04/02/2026,05/26/2026,Layoff Permanent,,,,San Diego County,55 Management of Companies and Enterprises,
California,Qualcomm Incorporated (5565 Morehouse Drive),5565 Morehouse Drive  San Diego CA 92121,13,04/02/2026,05/26/2026,Layoff Permanent,,,,San Diego County,55 Management of Companies and Enterprises,
California,Qualcomm Incorporated (5737 Pacific Center Blvd),5737 Pacific Center Blvd  San Diego CA 92121,1,04/02/2026,05/26/2026,Layoff Permanent,,,,San Diego County,55 Management of Companies and Enterprises,
California,Qualcomm Incorporated (5745 Pacific Center Blvd),5745 Pacific Center Blvd  San Diego CA 92121,2,04/02/2026,05/26/2026,Layoff Permanent,,,,San Diego County,55 Management of Companies and Enterprises,
California,Qualcomm Incorporated (5775 Morehouse Drive),5775 Morehouse Drive  San Diego CA 92121,19,04/02/2026,05/26/2026,Layoff Permanent,,,,San Diego County,55 Management of Companies and Enterprises,
California,Qualcomm Incorporated (6455 Lusk Blvd),6455 Lusk Blvd  San Diego CA 92121,5,04/02/2026,05/26/2026,Layoff Permanent,,,,San Diego County,55 Management of Companies and Enterprises,
California,Think Together,6296 River Crest Dr  Riverside CA 92507,114,04/02/2026,06/12/2026,Layoff Permanent,,,,Riverside County,61 Educational Services,
California,Union of Pan Asian Communities - East Wind Clubhouse,"5348 University Ave., Ste. 108  San Diego CA 92105",5,04/02/2026,06/30/2026,Layoff Permanent,,,,San Diego County,62 Healthcare and Social Assistance,
California,Union of Pan Asian Communities - Positive Solutions and Elder Multicultural Access & Support Service,3539 College Ave  San Diego CA 92115,14,04/02/2026,06/30/2026,Layoff Permanent,,,,San Diego County,62 Healthcare and Social Assistance,
California,Victoria Nursery,1085 Victoria Ave.  Oxnard CA 93030,62,04/02/2026,06/01/2026,Closure Permanent,,,,Ventura County,42 Wholesale Trade,
Iowa,First Student,Waterloo,120,04/02/2026,06/30/2026,Closing,,,East Central Iowa,Black Hawk,Transportation and Warehousing,
Maryland,Leidos,Fort Meade,71,04/02/2026,05/31/2026,Mass Layoff - No Recall,,,Anne Arundel,,541519,"6910 Cooper Ave Fort Meade, MD 20755"
Maryland,"Tyto Athene, LLC",Fort Meade,39,04/02/2026,05/31/2026,Mass Layoff - No Recall,,,Anne Arundel,,541519,"6910 Cooper Ave Fort Meade, MD 20755"
Oregon,Sunstone Way,Portland,175,04/02/2026,04/30/2026-05/29/2026,Large Layoff - 10 or more workers,,,,,,9473
Illinois,Heartland Human Care Services (International Children's Reception Center),Chicago,120,04/01/2026,03/31/2026,Closing,Permanent,Yes,Northeast 4,Cook,Human Rights Organization,
Illinois,Illinois Central School Bus (at Alton Community School District),Godfrey,160,04/01/2026,05/22/2026-07/01/2026,Closing,Permanent,Yes,Southwestern 9,Madison,School and Employee Bus Transportation,
Alabama,Swedish Match Cigars Inc,Dothan,54,04/01/2026,05/31/2026,Layoff,,,,,,
Arizona,"Aramark Campus, LLC",Vail,108,04/01/2026,,,,,6,,,"13801 E. Benson HWY Vail, Arizona 85641"
California,Experian,475 Anton Blvd.  Costa Mesa CA 92626,3,04/01/2026,05/22/2026,Layoff Permanent,,,,Orange County,44-45 Retail Trade,
California,John Adams Academy,1797 Bella Breeze Dr.  Lincoln CA 95648,13,04/01/2026,06/01/2026,Closure Permanent,,,,Placer County,61 Educational Services,
California,John Adams academy,1 Sierra Gate Plaza  Roseville CA 95678,49,04/01/2026,06/01/2026,Layoff Permanent,,,,Placer County,61 Educational Services,
California,John Adams Academy - El Dorado,1102 Investment Blvd.  El Dorado Hills CA 95762,6,04/01/2026,06/01/2026,Layoff Permanent,,,,El Dorado County,61 Educational Services,
California,"Meta Platforms, Inc.",311 Airport Boulevard  Burlingame CA 94010,124,04/01/2026,05/22/2026,Layoff Permanent,,,,San Mateo County,51 Information,
California,"Meta Platforms, Inc.",1180 Discovery Way  Sunnyvale CA 94089,74,04/01/2026,05/29/2026,Layoff Permanent,,,,Santa Clara County,51 Information,
Colorado,"T&H/KIRA: KIRA Infrastructure, KIRA Integrated Solutions, T&H Solutions, T&H Services, KIRA Aviation",,286,04/01/2026,05/31/2026,,,,Pikes Peak,,"56, 54, 33, 23 (Kira Infrastructure: 562111), 236220 (KIRA Integrated Solutions), 541512 (T&H Solutions), 336143 (Kira Aviation), ",
Florida,"Highgate Hotels, L.P",Miami Beach,114,04/01/2026,05/31/2026-06/14/2026,Closure,Permanent,,,,Accommodation and Food Services,
Florida,U.S. Committee for Refugees and Immigrants,Lake Worth,53,04/01/2026,3/31,Closure,Permanent,,,,Public Administration,
Georgia,Tri-Starr Management Services,Crandall,15,04/01/2026,06/06/2026,Permanent Closure,,,,Murray,,GA202500092
Illinois,Heartland Human Care Services,Chicago,120,04/01/2026,03/31/2026,Closing,Permanent,Yes,Northeast 4,Cook,Human Rights Organization,
Indiana,"Oakland City University, Inc",Oakland City,167,04/01/2026,06/01/2026,Layoff,,,,,61,Education Services
Kentucky,Bluegrass UPS Facility,Louisville,65,04/01/2026,06/02/2026,Closure,,Both,Kentuckiana Works,Jefferson,,
Kentucky,Legacy Supply Chain,Louisville,123,04/01/2026,06/06/2026,Closure,,,Kentuckiana Works,Jefferson,,
Maryland,General Dynamics Information Technology,Rockville,74,04/01/2026,06/01/2026,Mass Layoff - No Recall,,,Montgomery County,,541330,"5601 Fishers Lane Rockville, MD 20852"
Maryland,Legacy Supply Chain,Perryville,21,04/01/2026,06/06/2026,Mass Layoff - No Recall,,,Susquehanna,,493110,"238 Belvidere Road Perryville, MD 21903"
New Jersey,"Alan Ritchey, Inc.",Phillipsburg,176,04/01/2026,07/17/2026,,,,,,,
New Jersey,AT&T,Bedminster,87,04/01/2026,05/04/2026-05/19/2026,,,,,,,
New Jersey,Bayonne University Hospital,Bayonne,967,04/01/2026,06/29/2026,,,,,,,
New Jersey,Bristol Myers Squibb,Lawrence Township,206,04/01/2026,07/16/2026-12/31/2026,,,,,,,
New Jersey,Federal Express Corporation,Union,50,04/01/2026,08/03/2026,,,,,,,
New Jersey,FreshRealm,Linden,637,04/01/2026,06/27/2026-07/27/2026,,,,,,,
New Jersey,Lakewood Public Schools,Lakewood,164,04/01/2026,06/30/2026,,,,,,,
New Jersey,Novartis,East Hanover,60,04/01/2026,07/24/2026-11/20/2026,,,,,,,
New Jersey,Reckitt Benckiser LLC,Nutley,57,04/01/2026,03/02/2026-03/18/2027,,,,,,,
New Jersey,Sandy Alexander,Clifton,151,04/01/2026,07/19/2026,,,,,,,
Pennsylvania,"Advantest, Inc.",Allentown,55,04/01/2026,06/30/2026,Layoff,,,,Lehigh,,
Pennsylvania,"Bowhead Logistics Management, LLC",Chambersburg,307,04/01/2026,05/10/2026,Layoff,,,,Franklin,,
Pennsylvania,"Church & Dwight Company, Inc.",York,195,04/01/2026,06/30/2026,Layoff,,,,York,,
Pennsylvania,LNS Chipblaster,Meadville,67,04/01/2026,09/30/2026,Closure,,,,Crawford,,
West Virginia,"Mettiki Coal (WV), LLC ",Davis,92,04/01/2026,05/31/2026,Closure,Permanent,,,,,
Wisconsin,Regal Rexnord Corporation,Milwaukee,70,04/01/2026,06/30/2026,Facility Closure,,,Milwaukee,Milwaukee,Speed Changer Drive & Gear Mfg,
Alabama,Resolute Forest Products,Alpine,20,03/31/2026,05/24/2026,Closure,,,,,,
Alabama,Resolute Forest Products,Coosa Pines,255,03/31/2026,05/24/2026,Closure,,,,,,
Georgia,Accenture,Atlanta,54,03/31/2026,06/08/2026,Permanent Layoff / Reduction in Force,,,,Fulton,,GA202500088
Georgia,"Parsec, LLC",Austell,179,03/31/2026,05/01/2026,Permanent Closure,,,,Cobb,,GA202500085
Georgia,Thrive SMP LLC,Stone Mountain,497,03/31/2026,06/01/2026,Permanent Closure,,,,DeKalb,,GA202500091
Illinois,"Hyster-Yale Materials, Inc.",Danville,20,03/31/2026,06/01/2026,Closing,Permanent,Yes,East Central 2,Vermilion,Industrial Machinery and Equipment Wholesalers,
Illinois,Southwest Airline Co. (at O'Hare Airport),Chicago,107,03/31/2026,06/04/2026,Closing,Permanent,Yes,Northeast 4,Cook,Passenger Air Transportaton,
Iowa,Wells Fargo,West Des Moines,62,03/31/2026,05/30/2026,Mass Layoff - Additional Employees ,,,Central Iowa,Polk,Finance and Insurance,
Maryland,"*Rescinded* Advanced Packaging, Inc.",Baltimore,18,03/31/2026,06/01/2026,Plant Closure,,,Baltimore City,,326199,"4818 Seton Drive Baltimore, MD 21215"
Maryland,Carnegie Institution for Science,Baltimore,15,03/31/2026,06/30/2026,Mass Layoff - No Recall,,,Baltimore City,,541715,"3520 San Martin Drive Baltimore, MD 21218"
Mississippi,Amplify Cell Technologies,Byhalia,73,03/31/2026,05/30/2026,Layoff,,,MS Partnership,Marshall,"335912-LithiumBatteries,PrimaryManufacturing",
Missouri,Oracle,Kansas City,539,03/31/2026,05/26/2026-06/01/2026,Layoff,,,Kansas City,Jackson,Software Publisher,
Rhode Island,"Allied Group, LLC",Cumberland,154,03/31/2026,05/05/2026-06/06/2026,Closure,,,,,,
Texas,"Compass Group USA, Inc. (d/b/a Chartwell's Higher Education (Texas State University)",San Marcos,183,03/31/2026,05/31/2026,,,,Rural Capital WDA,Hays,,
Texas,"CPLC Texas, Inc. (Magnolia ORR Site)",Los Fresnos,56,03/31/2026,03/31/2026,,,,Cameron County WDA,Cameron,,
Texas,Endeavors Eagle Lake Children's Center (Eagle Lake),Eagle Lake,88,03/31/2026,03/24/2026,,,,Gulf Coast WDA,Colorado,,
Texas,Hyatt Regency (South Congress Hotel),Austin,126,03/31/2026,05/31/2026,,,,Capital Area WDA,Williamson,,
Texas,Tempus Holding INC. d/b/a The Lodge Card Club,Round Rock,144,03/31/2026,03/24/2026,,,,Rural Capital WDA,Travis,,
Virginia,PCA (Packaging Corporation of America),Richmond,109,03/31/2026,06/01/2026,Closure,,USW Local No. 8-699,Central,,,
Washington,"Meta Platforms, Inc","Seattle, Bellevue, Redmond, Remote",168,03/31/2026,05/08/2026,Layoff,Permanent,,,,,
Washington,"Oracle America, Inc.","Seattle, Remote",491,03/31/2026,06/01/2026,Layoff,Permanent,,,,,
California,F10 Oceanside LLC,201 N Myers St  Oceanside CA 92054,58,03/30/2026,05/14/2026,Closure Permanent,,,,San Diego County,72 Accommodation and Food Services,
California,"Sentinel Transportation, LLC",310 Nord Ave  Chico CA 95926,10,03/30/2026,05/31/2026,Layoff Permanent,,,,Butte County,48-49 Transportation and Warehousing,
California,"Sentinel Transportation, LLC",746 Pool Station Rd  San Andreas CA 95249,3,03/30/2026,05/31/2026,Layoff Permanent,,,,Calaveras County,48-49 Transportation and Warehousing,
California,"Sentinel Transportation, LLC",1802 Old Hwy 99W  Williams CA 95987,3,03/30/2026,05/31/2026,Layoff Permanent,,,,Colusa County,48-49 Transportation and Warehousing,
California,"Sentinel Transportation, LLC",3050 Wilbur Ave  Antioch CA 94509,7,03/30/2026,05/31/2026,Layoff Permanent,,,,Contra Costa County,48-49 Transportation and Warehousing,
California,"Sentinel Transportation, LLC",2891 Mosquito Rd  Placerville CA 95667,2,03/30/2026,05/31/2026,Layoff Permanent,,,,El Dorado County,48-49 Transportation and Warehousing,
California,"Sentinel Transportation, LLC",245 Garden St  Willows CA 95988,3,03/30/2026,05/31/2026,Layoff Permanent,,,,Glenn County,48-49 Transportation and Warehousing,
California,"Sentinel Transportation, LLC",13601 S. Broadway  Los Angeles CA 90061,2,03/30/2026,05/31/2026,Layoff Permanent,,,,Los Angeles County,48-49 Transportation and Warehousing,
California,"Sentinel Transportation, LLC",2249 Atwater Blvd  Atwater CA 95301,1,03/30/2026,05/31/2026,Layoff Permanent,,,,Merced County,48-49 Transportation and Warehousing,
California,"Sentinel Transportation, LLC",720 S Auburn St  Grass Valley CA 95945,3,03/30/2026,05/31/2026,Layoff Permanent,,,,Nevada County,48-49 Transportation and Warehousing,
California,"Sentinel Transportation, LLC",188 Crescent St  Quincy CA 95971,3,03/30/2026,05/31/2026,Layoff Permanent,,,,Plumas County,48-49 Transportation and Warehousing,
California,"Sentinel Transportation, LLC",5725 Alder Ave  Sacramento CA 95828,24,03/30/2026,05/31/2026,Layoff Permanent,,,,Sacramento County,48-49 Transportation and Warehousing,
California,"Sentinel Transportation, LLC",14972 CA-160  Isleton CA 95641,3,03/30/2026,05/31/2026,Layoff Permanent,,,,Sacramento County,48-49 Transportation and Warehousing,
California,"Sentinel Transportation, LLC",3515 Navy Dr  Stockton CA 95203,2,03/30/2026,05/31/2026,Layoff Permanent,,,,San Joaquin County,48-49 Transportation and Warehousing,
California,"Sentinel Transportation, LLC",6001 Rossi Ln  Gilroy CA 95020,2,03/30/2026,05/31/2026,Layoff Permanent,,,,Santa Clara County,48-49 Transportation and Warehousing,
California,"Sentinel Transportation, LLC",2050 Oakland Rd  San Jose CA 95131,2,03/30/2026,05/31/2026,Layoff Permanent,,,,Santa Clara County,48-49 Transportation and Warehousing,
California,"Sentinel Transportation, LLC",4990 Mountain Lakes Blvd  Redding CA 96003,5,03/30/2026,05/31/2026,Layoff Permanent,,,,Shasta County,48-49 Transportation and Warehousing,
California,"Sentinel Transportation, LLC",1900 N 1st St  Dixon CA 95620,5,03/30/2026,05/31/2026,Layoff Permanent,,,,Solano County,48-49 Transportation and Warehousing,
California,"Sentinel Transportation, LLC",744 N Texas St  Fairfield CA 94533,4,03/30/2026,05/31/2026,Layoff Permanent,,,,Solano County,48-49 Transportation and Warehousing,
California,"Sentinel Transportation, LLC",720 B St  Modesto CA 95354,24,03/30/2026,05/31/2026,Layoff Permanent,,,,Stanislaus County,48-49 Transportation and Warehousing,
California,"Sentinel Transportation, LLC",746 Merced St  Newman CA 95360,1,03/30/2026,05/31/2026,Layoff Permanent,,,,Stanislaus County,48-49 Transportation and Warehousing,
California,"Sentinel Transportation, LLC",937 Von Geldern Way  Yuba City CA 95991,1,03/30/2026,05/31/2026,Layoff Permanent,,,,Sutter County,48-49 Transportation and Warehousing,
California,"Sentinel Transportation, LLC",2155 Main St  Red Bluff CA 96080,1,03/30/2026,05/31/2026,Layoff Permanent,,,,Tehama County,48-49 Transportation and Warehousing,
California,"Sentinel Transportation, LLC",13079 Sanguinetti Rd  Sonora CA 95370,3,03/30/2026,05/31/2026,Layoff Permanent,,,,Tuolumne County,48-49 Transportation and Warehousing,
California,"Sentinel Transportation, LLC",1515 S River Rd  West Sacramento CA 95691,8,03/30/2026,05/31/2026,Layoff Permanent,,,,Yolo County,48-49 Transportation and Warehousing,
California,"Sentinel Transportation, LLC",418 13th St  Marysville CA 95901,4,03/30/2026,05/31/2026,Layoff Permanent,,,,Yuba County,48-49 Transportation and Warehousing,
Louisiana,Einstein Charter Schools,New Orleans,81,03/30/2026,05/30/2026,,,,,,Education,"5316 Michoud Boulevard New Orleans, LA 70129"
Massachusetts,"Clover Fast Food, Inc. (Clover)",Cambridge,182,03/30/2026,5/29,,,,Boston,,,
Michigan,"Compass Group USA, Inc.","Allegan, Kalamazoo, Dowagiac, Plainwell",262,03/30/2026,07/01/2026,Layoff,,,,"Allegan, Kalamazoo, Cass",,
Montana,Wells Fargo & Company,,77,03/30/2026,05/30/2026,,,,,Yellowstone,Banking,
Wisconsin,Wells Vehicle Electronics,Fond du Lac,100,03/30/2026,06/02/2026,Facility Closure,,UAW Local 646,Fox Valley,Fond du Lac,Other Motor Vehicle Elect Equip Mfg,
Massachusetts,Walmart,Worcester,90,03/29/2026,5/29,,,,Central,,,
California,Rb Wine Associates LLC dba Rack & Riddle,"1 Winemaster Way, Suite D  Lodi CA 95240",32,03/27/2026,05/29/2026,Closure Permanent,,,,San Joaquin County,31-33 Manufacturing,
California,Welcome Palm Springs LLC dba Riviera Resort & Spa Palm Springs,1600 N. Indian Canyon Drive  Palm Springs CA 92262,233,03/27/2026,05/31/2026,Layoff Permanent,,,,Riverside County,72 Accommodation and Food Services,
Florida,"HCL America, Inc",Orlando,120,03/27/2026,05/26/2026-02/18/2027,Layoff,Permanent,,,,"Professional, Scientific, and Technical Services",
Georgia,"Astemo Americas, Inc",Tallapoosa,60,03/27/2026,04/03/2026-05/01/2026,Permanent Closure,,,,Haralson,,GA202500090
Illinois,Walmart,Matteson,111,03/27/2026,05/29/2026,Closing,Permanent,No,Northeast 4,Cook,Department Stores,
Maryland,General Dynamics Information Technology,Bethesda,21,03/27/2026,05/29/2026,Mass Layoff - No Recall,,,Montgomery County,,541330,"4600 Sangamore Road Bethesda, MD 20816"
Ohio,"Louis Vuitton USA, Inc",Beachwood,11,03/27/2026,03/14/2026,Closure,Permanent,,,Cuyahoga,,
Ohio,Panera,West Chester,70,03/27/2026,05/20/2026-05/22/2026,Closure,Permanent,,,Butler,,
Oregon,Horizon Air,Medford,78,03/27/2026,05/31/2026,Large Layoff - 10 or more workers,,Teamsters Local 1224; AFA-CWA,,,,9465
Utah,"ProFrac Services, LLC",Vernal,157,03/27/2026,,,,,,,,
Washington,Starbucks,Seattle,69,03/27/2026,03/29/2026,Closure,Permanent,,,,,"Stores 00104 (non-union) and Stores 00112, 03204, 07941, and 08890 (union, not specified)"
Wisconsin,"Daybreak Foods, Inc.",Palmyra,55,03/27/2026,04/01/2026,Workforce Reduction,,,South Central,Jefferson,Chicken Egg Production,
Wisconsin,"Daybreak Foods, Inc.",Whitewater,32,03/27/2026,04/01/2026,Workforce Reduction,,,Southeast,Walworth,Chicken Egg Production,
Arizona,"Sinomax East, Inc.","Houston, TX",89,03/26/2026,,,,,5,,,"10111 Richmond Ave, Suite 130 Houston, Texas 77042"
California,DASH Industries,4500 Pell Drive  Sacramento CA 95838,80,03/26/2026,03/31/2026,Closure Permanent,,,,Sacramento County,11 Agriculture Forestry Fishing Hunting,
California,"Gilead Sciences, Inc.",333 Lakeside Drive  San Mateo CA 94404,51,03/26/2026,05/29/2026,Layoff Permanent,,,,San Mateo County,31-33 Manufacturing,
California,"Kay and Associates, Inc.","HMLAT-303, Building 2360, Hangar 3  Camp Pendleton CA 92055",103,03/26/2026,04/30/2026,Layoff Permanent,,,,San Diego County,48-49 Transportation and Warehousing,
Georgia,The Hillshire Brands Company,Rome,168,03/26/2026,05/31/2026,Permanent Closure,,Yes,,Floyd,,GA202500089
Maryland,"Maryland and Virginia Milk Producers Cooperative Association, Inc. dba Maola",Laurel,72,03/26/2026,06/01/2026-12/31/2026,Plant Closure,,,Prince George's,,311511,"8321 Leishear Road Laurel, Maryland 20725"
California,"Bedabox, LLC (dba ShipMonk)",6010 Cajon Blvd.  San Bernardino CA 92407,124,03/25/2026,06/30/2026,Closure Permanent,,,,San Bernardino County,48-49 Transportation and Warehousing,
California,Comprehensive Autism Center,"3600 Lime St, Suite 612  Riverside CA 92501",27,03/25/2026,05/31/2026,Closure Permanent,,,,Riverside County,62 Healthcare and Social Assistance,
California,Comprehensive Autism Center,"3655 Ruffin Rd, Suite 100  San Diego CA 92123",35,03/25/2026,05/31/2026,Closure Permanent,,,,San Diego County,62 Healthcare and Social Assistance,
California,Experian,475 Anton Blvd.  Costa Mesa CA 92626,35,03/25/2026,05/22/2026,Layoff Permanent,,,,Orange County,56 Administrative and Support and Waste Management and Remediation,
California,"MAG Brand Group, LLC",13861 Rosecrans Avenue  Santa Fe Springs CA 90670,53,03/25/2026,08/01/2026,Closure Permanent,,,,Los Angeles County,31-33 Manufacturing,
California,Nob Hill Foods,1250 Grant Road  Mountain View CA 94040,50,03/25/2026,05/29/2026,Closure Permanent,,,,Santa Clara County,44-45 Retail Trade,
Maryland,Evonik Corporation,Havre De Grace,34,03/25/2026,06/30/2026-12/31/2026,Plant Closure,,,Susquehanna,,325180,"701 Fountain Street Havre De Grace, MD 21078"
Massachusetts,*Updated* Charles River Laboratories,Wilmington,71,03/25/2026,04/24/2026-07/10/2026,,,,Boston,,,
Massachusetts,"Takeda Pharmaceuticals USA, Inc. dba Takeda",Cambridge,247,03/25/2026,07/01/2026-12/31/2027,,,,Boston,,,
Michigan,"Day & Ross USA, Inc.",Livonia,32,03/25/2026,05/30/2026,Layoff,Permanent,,,Wayne,,
Ohio,"Day & Ross USA, Inc",Hamilton,100,03/25/2026,05/30/2026,Layoff,,,,Butler,,
Ohio,Technicote Inc dba Beontag,Trotwood,53,03/25/2026,05/24/2026,Layoff,Permanent,,,Montgomery,,
Texas,Albertsons #106 (Euless),Euless,82,03/25/2026,04/25/2026,,,,Tarrant County WDA,Tarrant,,
Texas,Albertsons #4286 (W. Freeway),Fort Worth,56,03/25/2026,04/25/2026,,,,Tarrant County WDA,Tarrant,,
Utah,Genpak,Cedar City,200,03/25/2026,,,,,,,,
California,"Mattel, Inc.",333 Continental Boulevard  El Segundo CA 90245,65,03/24/2026,05/22/2026,Layoff Permanent,,,,Los Angeles County,51 Information,
California,Pernod Ricard Kenwood Holding LLC,9592 Sonoma Highway  Kenwood CA 95452,14,03/24/2026,03/31/2026,Closure Permanent,,,,Sonoma County,31-33 Manufacturing,
Massachusetts,"*Updated* Revvity, Inc.",Boston,29,03/24/2026,06/01/2026-03/31/2027,,,,Boston,,,
Massachusetts,"Compass Grou USA, Inc. dba Chartwells",Boston,76,03/24/2026,05/27/2026,,,,Boston,,,
North Carolina,"Epic Games, Inc.",Cary,211,03/24/2026,03/27/2026,Layoff,Permanent,,,Wake,,
South Carolina,KPR US LLC,Camden,23,03/24/2026,05/29/2026,Closure,Permanent,,,Kershaw,,"90 East Hampton St., Camden, SC 29020"
Tennessee,Blount Memorial Hospital,Maryville,85,03/24/2026,05/01/2026,Layoff,Permanent,,,Blount,,#202500042
Tennessee,Titan International,Jackson,153,03/24/2026,05/18/2026,Closure,Permanent,,,Madison,,#202500043
Washington,"Epic Games, Inc.",Bellevue,82,03/24/2026,03/27/2026,Layoff,Permanent,,,,,
California,City National Bank (350 S. Grand Ave.),350 S. Grand Ave.  Los Angeles CA 90071,3,03/23/2026,05/29/2026,Layoff Not known at this time,,,,Los Angeles County,52 Finance and Insurance,
California,City National Bank (555 S. Flower Street),555 S. Flower Street  Los Angeles CA 90071,9,03/23/2026,05/29/2026,Layoff Not known at this time,,,,Los Angeles County,52 Finance and Insurance,
California,"Summit Funding, Inc.","2135 Butano Drive, #150  Sacramento CA 95825",163,03/23/2026,05/17/2026,Layoff Permanent,,,,Sacramento County,52 Finance and Insurance,
California,"Synopsys, Inc.",675 Almanor Ave  Sunnyvale CA 94085,55,03/23/2026,05/26/2026,Layoff Permanent,,,,Santa Clara County,54 Professional Scientific and Technical Services,
South Carolina,Textron Systems Corporation ,Goose Creek,58,03/23/2026,05/21/2026-08/14/2026,Layoff,Permanent,,,Berkeley,,"5 Alliance Dr., Goose Creek, SC 29445"
Tennessee,BlueOval SK,Stanton,150,03/23/2026,05/06/2026,Layoff,Permanent,,,Haywood,,#202500041
Utah,Crimson Heights,"St. George, Cedar City, Spanish Fork",15,03/23/2026,,,,,,,,
California,"ERN Services, Inc.",5757 Century Bl. Suite 752  Los Angeles CA 90045,74,03/20/2026,04/24/2026,Layoff Permanent,,,,Los Angeles County,56 Administrative and Support and Waste Management and Remediation,
California,NSI-Lynn Electronics,3162 East La Palma Avenue  Anaheim CA 92806,52,03/20/2026,05/22/2026,Closure Permanent,,,,Orange County,31-33 Manufacturing,
California,"Primo Brands, Inc.",1522 North Newhope Street  Santa Ana CA 92703,23,03/20/2026,07/01/2026,Layoff Permanent,,,,Orange County,31-33 Manufacturing,
California,SSP America,6900 Airport Blvd.  Sacramento CA 95837,44,03/20/2026,05/19/2026,Closure Permanent,,,,Sacramento County,72 Accommodation and Food Services,
California,Waymakers,"440 Exchange, Ste. 250 and 200  Irvine CA 92602",67,03/20/2026,06/30/2026,Layoff Permanent,,,,Orange County,62 Healthcare and Social Assistance,
California,Waymakers,"16580 Harbor Blvd., Unit O  Fountain Valley CA 92708",3,03/20/2026,06/30/2026,Layoff Permanent,,,,Orange County,62 Healthcare and Social Assistance,
Colorado,PharmaCann Inc.,,132,03/20/2026,05/20/2026,,,,Denver,,"11: Agriculture, forestry, fishing & hunting",
Illinois,Illinois Central School Bus,Wilmington,55,03/20/2026,05/29/2026-06/30/2026,Closing,Permanent,Yes,Northeast 4,Will,School and Employee Bus Transportation,
Illinois,Trinity Christian College,Palos Heights,107,03/20/2026,05/04/2026-05/17/2026,Closing,Permanent,No,Northeast 4,Cook,"Colleges, Universities, and Professional Schools",
North Carolina,AmeriPark LLC and Republic Parking System LLC dba Reimagined Parking,Charlotte,188,03/20/2026,06/20/2026,Closure,Permanent,,,Mecklenburg,,
Washington,"Blue Star Growers, Inc.",Cashmere,143,03/20/2026,05/19/2026,Layoff,Permanent,,,,,
California,"Lodging Dynamics Hospitality Group, LLC (Courtyard & TownePlace Suites)",4427 West El Segundo  Hawthorne CA 90250,97,03/19/2026,05/20/2026,Layoff Permanent,,,,Los Angeles County,72 Accommodation and Food Services,
California,"Lodging Dynamics Hospitality Group, LLC (Hilton Garden Inn)",2410 Marine Avenue  Redondo Beach CA 90278,36,03/19/2026,05/20/2026,Layoff Permanent,,,,Los Angeles County,72 Accommodation and Food Services,
California,"Lodging Dynamics Hospitality Group, LLC (Homewood Suites)",2430 Marine Avenue  Redondo Beach CA 90278,51,03/19/2026,05/20/2026,Layoff Permanent,,,,Los Angeles County,72 Accommodation and Food Services,
California,"Lodging Dynamics Hospitality Group, LLC (Midici Restaurant)",4427 West El Segundo  Hawthorne CA 90250,9,03/19/2026,05/20/2026,Layoff Permanent,,,,Los Angeles County,72 Accommodation and Food Services,
California,"Lodging Dynamics Hospitality Group, LLC (Residence Inn)",2420 Marine Avenue  Redondo Beach CA 90278,43,03/19/2026,05/20/2026,Layoff Permanent,,,,Los Angeles County,72 Accommodation and Food Services,
California,Total Storage Solutions (Airport Mini Storage),7044 Arlington Ave.  Riverside CA 92503,3,03/19/2026,05/18/2026,Layoff Permanent,,,,Riverside County,53 Real Estate and Rental Leasing,
California,Total Storage Solutions (All Size Laguna Niguel),27872 Crown Valley Parkway  Laguna Niguel CA 92677,3,03/19/2026,05/18/2026,Layoff Permanent,,,,Orange County,53 Real Estate and Rental Leasing,
California,Total Storage Solutions (All Size Self Storage),911 Calle Amanecer  San Clemente CA 92673,3,03/19/2026,05/18/2026,Layoff Permanent,,,,Orange County,53 Real Estate and Rental Leasing,
California,Total Storage Solutions (Arcadia 210 Self Storage),324 N. 2nd Ave.  Arcadia CA 91006,1,03/19/2026,05/18/2026,Layoff Permanent,,,,Los Angeles County,53 Real Estate and Rental Leasing,
California,Total Storage Solutions (Aware Self Storage),5021 W. Ramsey St.  Banning CA 92220,2,03/19/2026,05/18/2026,Layoff Permanent,,,,Riverside County,53 Real Estate and Rental Leasing,
California,Total Storage Solutions (Beaumont RV & Self Storage),251 W. 1st St.  Beaumont CA 92223,3,03/19/2026,05/18/2026,Layoff Permanent,,,,Riverside County,53 Real Estate and Rental Leasing,
California,Total Storage Solutions (Beaumont Self Storage),190 E. First St.  Beaumont CA 92223,3,03/19/2026,05/18/2026,Layoff Permanent,,,,Riverside County,53 Real Estate and Rental Leasing,
California,Total Storage Solutions (Best RV & Self Storage),5900 Esperanza Ave.  Whittier CA 90606,3,03/19/2026,05/18/2026,Layoff Permanent,,,,Los Angeles County,53 Real Estate and Rental Leasing,
California,Total Storage Solutions (Citrus Plaza Self Storage),"202 W. College St., Suite 100  Fallbrook CA 92028",2,03/19/2026,05/18/2026,Layoff Permanent,,,,San Diego County,53 Real Estate and Rental Leasing,
California,Total Storage Solutions (Crenshaw Self Storage),6725 Crenshaw Blvd.  Los Angeles CA 90043,2,03/19/2026,05/18/2026,Layoff Permanent,,,,Los Angeles County,53 Real Estate and Rental Leasing,
California,Total Storage Solutions (E Street Self Storage),1723 S. E St.  San Bernardino CA 92408,2,03/19/2026,05/18/2026,Layoff Permanent,,,,San Bernardino County,53 Real Estate and Rental Leasing,
California,Total Storage Solutions (El Monte Stor It Now),10212 Valley Blvd.  El Monte CA 91731,3,03/19/2026,05/18/2026,Layoff Permanent,,,,Los Angeles County,53 Real Estate and Rental Leasing,
California,Total Storage Solutions (Garden Grove Secured Storage),13632 S. Euclid St.  Garden Grove CA 92843,3,03/19/2026,05/18/2026,Layoff Permanent,,,,Orange County,53 Real Estate and Rental Leasing,
California,Total Storage Solutions (Jefferson Self Storage),25435 Jefferson Ave.  Murrieta CA 92562,4,03/19/2026,05/18/2026,Layoff Permanent,,,,Riverside County,53 Real Estate and Rental Leasing,
California,Total Storage Solutions (Riverside Self Storage),7200 Indiana Ave.  Riverside CA 92504,4,03/19/2026,05/18/2026,Layoff Permanent,,,,Riverside County,53 Real Estate and Rental Leasing,
California,Total Storage Solutions (Studebaker Self Storage),698 N. Studebaker Rd.  Long Beach CA 90803,3,03/19/2026,05/18/2026,Layoff Permanent,,,,Los Angeles County,53 Real Estate and Rental Leasing,
California,Total Storage Solutions (Sun City Mini Storage),27460 McCall Blvd.  Sun City CA 92585,3,03/19/2026,05/18/2026,Layoff Permanent,,,,Riverside County,53 Real Estate and Rental Leasing,
California,Total Storage Solutions (Townsend Self Storage),308 N. Townsend St.  Santa Ana CA 92703,3,03/19/2026,05/18/2026,Layoff Permanent,,,,Orange County,53 Real Estate and Rental Leasing,
California,Total Storage Solutions (Tri-City Self Storage),485 W. LaCadena  Riverside CA 92501,3,03/19/2026,05/18/2026,Layoff Permanent,,,,Riverside County,53 Real Estate and Rental Leasing,
California,Total Storage Solutions (Western States Self Storage),23190 Hemlock Ave.  Moreno Valley CA 92557,3,03/19/2026,05/18/2026,Layoff Permanent,,,,Riverside County,53 Real Estate and Rental Leasing,
Illinois,Windy City Supply Chain LLC,Chicago,105,03/19/2026,05/24/2026,Closing,Permanent,No,Northeast 4,Cook,Couriers and Express Delivery Services,
Maryland,"PedalPoint EvTerra Recycling, LLC",Frederick,17,03/19/2026,05/19/2026,Plant Closure,,,Frederick,,562920,"7118 Geoffrey Way, Unit E Frederick, MD 21704"
North Carolina,"Red Storm Entertainment, Inc.",Cary,105,03/19/2026,09/18/2026,Layoff,Permanent,,,Wake,,
Ohio,Ten Sixty Logistics LLC,Etna,125,03/19/2026,03/31/2026-04/30/2026,Closure,,,,Licking,,
Ohio,Zenith Logistics Inc,Cincinnati,225,03/19/2026,04/15/2026-07/01/2026,Closure,,Teamsters Local 100; IAM Local 804,,Hamilton,,
Rhode Island,Northeast Transportation Services LLC,Pawtucket,52,03/19/2026,05/09/2026,Closure,,Teamsters Local 251,,,,
Virginia,BAE Systems,Vienna,119,03/19/2026,03/18/2026,Layoff,,,Northern,,,
Massachusetts,"WestRock Services, LLC (aka WestRock or Westrock Smurfit)",Wakefield,91,03/18/2026,05/18/2026,,,,Boston,,,
Virginia,Bering Global Solutions (BGS),Arlington,108,03/18/2026,06/30/2026,Layoff,,GUSPU,Northern,,,
Wisconsin,Artisans Inc.,Glen Flora,46,03/18/2026,03/31/2026,Change to Layoff Schedule,,,Northwest,Rusk,Family Clothing Stores,update to notice dated 02/04/2026
Wisconsin,"Charter Communications, Inc.",Appleton,313,03/18/2026,06/21/2026,Facility Closure,,,Fox Valley,Calumet,Wired Telecommunications Carriers,
Alabama,Overland Contracting Inc,Coosada,62,03/17/2026,03/13/2026,Layoff,,,,,,
California,Corteva Agriscience,901 Loveridge Road  Pittsburg CA 94565,3,03/17/2026,06/05/2026,Layoff Permanent,,,,Contra Costa County,54 Professional Scientific and Technical Services,
California,Experian (Experian Health and Experian Information Solutions),475 Anton Blvd.  Costa Mesa CA 92626,5,03/17/2026,05/18/2026,Layoff Permanent,,,,Orange County,56 Administrative and Support and Waste Management and Remediation,
California,Heritage Bank of Commerce (Danville),387 Diable Blvd.  Danville CA 94526,4,03/17/2026,04/17/2026,Closure Permanent,,,,Contra Costa County,52 Finance and Insurance,
California,Heritage Bank of Commerce (Hollister),"351 Tres Pinos Road, Suite 102A  Hollister CA 95023",1,03/17/2026,04/17/2026,Closure Permanent,,,,San Benito County,52 Finance and Insurance,
California,Heritage Bank of Commerce (Livermore),1987 First Street  Livermore CA 94550,1,03/17/2026,04/17/2026,Closure Permanent,,,,Alameda County,52 Finance and Insurance,
California,Heritage Bank of Commerce (Los Altos),419 South San Antonio Road  Los Altos CA 94022,1,03/17/2026,04/17/2026,Closure Permanent,,,,Santa Clara County,52 Finance and Insurance,
California,Heritage Bank of Commerce (Mateo),"400 S. El Camino Real, Suite 150  Mateo CA 94402",5,03/17/2026,04/17/2026,Closure Permanent,,,,San Mateo County,52 Finance and Insurance,
California,Heritage Bank of Commerce (Morgan Hill),18625 Sutter Blvd. Suite 100  Morgan Hill CA 95037,1,03/17/2026,04/17/2026,Closure Permanent,,,,Santa Clara County,52 Finance and Insurance,
California,Heritage Bank of Commerce (Oakland),"1111 Broadway, Suite 1650  Oakland CA 94607",1,03/17/2026,04/17/2026,Closure Permanent,,,,Alameda County,52 Finance and Insurance,
California,Heritage Bank of Commerce (Remote-San Jose),224 Airport Parkway  San Jose CA 95110,12,03/17/2026,04/17/2026,Closure Permanent,,,,Santa Clara County,52 Finance and Insurance,
California,Heritage Bank of Commerce (San Francisco),"120 Kearney St., Suite 2300  San Francisco CA 94108",3,03/17/2026,04/17/2026,Closure Permanent,,,,San Francisco County,52 Finance and Insurance,
California,Heritage Bank of Commerce (San Jose),224 Airport Parkway  San Jose CA 95110,85,03/17/2026,04/17/2026,Closure Permanent,,,,Santa Clara County,52 Finance and Insurance,
California,Heritage Bank of Commerce (San Rafael),"999 Fifth Ave., Suite 100  San Rafael CA 94901",3,03/17/2026,04/17/2026,Closure Permanent,,,,Marin County,52 Finance and Insurance,
California,Heritage Bank of Commerce (Walnut Creek),"1990 N. California Blvd, Suite 100  Walnut Creek CA 94596",4,03/17/2026,04/17/2026,Closure Permanent,,,,Contra Costa County,52 Finance and Insurance,
Hawaii,Saks & Company LLC,Honolulu,161,03/17/2026,05/06/2026-05/31/2026,Closure,Permanent,,,,,
Hawaii,The Odom Corporation,Aiea,53,03/17/2026,05/30/2026,Closure,Permanent,International Longshore and Warehouse Union Local 42,,,,
Maryland,"Panera, LLC",Jessup,118,03/17/2026,05/20/2026-05/22/2026,Plant Closure,,,Howard County,,311812,"7801 Dorsey Run Jessup, MD 20794"
Washington,"Blue Bird, Inc.",Wenatchee,82,03/17/2026,05/16/2026,Layoff,Permanent,,,,,
California,Blue Shield of California,601 12th Street  Oakland CA 94607,7,03/16/2026,04/08/2026,Layoff Permanent,,,,Alameda County,52 Finance and Insurance,
California,Blue Shield of California,3840 Kilroy Airport Way  Long Beach CA 90806,14,03/16/2026,04/08/2026,Layoff Permanent,,,,Los Angeles County,52 Finance and Insurance,
California,Blue Shield of California,6300 Canoga Avenue  Woodland Hills CA 91367,8,03/16/2026,04/08/2026,Layoff Permanent,,,,Los Angeles County,52 Finance and Insurance,
California,Blue Shield of California,3300 Zinfandel Drive  Rancho Cordova CA 95670,6,03/16/2026,04/08/2026,Layoff Permanent,,,,Sacramento County,52 Finance and Insurance,
California,Blue Shield of California,"3131 Camino Del Rio, Suite #1300  San Diego CA 92108",3,03/16/2026,04/08/2026,Layoff Permanent,,,,San Diego County,52 Finance and Insurance,
California,Blue Shield of California,3021 Reynolds Ranch Parkway  Lodi CA 95240,17,03/16/2026,04/08/2026,Layoff Permanent,,,,San Joaquin County,52 Finance and Insurance,
California,Blue Shield of California,4700 Bechelli Lane  Redding CA 96002,2,03/16/2026,04/08/2026,Layoff Permanent,,,,Shasta County,52 Finance and Insurance,
California,Blue Shield of California (Building B),"4203 Town Center Blvd., Building B  El Dorado Hills CA 95762",7,03/16/2026,04/08/2026,Layoff Permanent,,,,El Dorado County,52 Finance and Insurance,
California,Blue Shield of California (Building C),"4203 Town Center Blvd., Building C  El Dorado Hills CA 95762",5,03/16/2026,04/08/2026,Layoff Permanent,,,,El Dorado County,52 Finance and Insurance,
California,Calvary Murrieta Christian School,2475 Monroe Avenue  Murrieta CA 92562,74,03/16/2026,05/29/2026,Closure Permanent,,,,Riverside County,61 Educational Services,
Florida,"Milestone Reporting Company, LLC",Orlando,80,03/16/2026,05/15/2026-05/31/2026,Layoff,Permanent,,,,Administrative and Support and Waste Management and Remediation Services,
North Carolina,Family Dollar,Matthews,373,03/16/2026,08/12/2026,Closure,Permanent,,,Mecklenburg,,
North Carolina,Perdue Foods Feed Mill,Cofield,104,03/16/2026,04/19/2026,Closure,Temporary,,,Hertford,,
Wisconsin,"United Natural Foods, Inc.",Sturtevant,443,03/16/2026,06/20/2026,Facility Closure,,Teamsters Local 200,Southeast,Racine,General Line Grocery Merchant Wholesalers,
California,American Eagle Flights (Santa Maria Airport),3217 Terminal Dr.  Santa Maria CA 93455,20,03/13/2026,05/06/2026,Closure Permanent,,,,Santa Barbara County,48-49 Transportation and Warehousing,
California,Sanitation Specialists,320B Shaw Road  South San Francisco CA 94080,15,03/13/2026,05/22/2026,Closure Permanent,,,,San Mateo County,56 Administrative and Support and Waste Management and Remediation,
California,Westside Equipment Co. (OXBO),18 Fink Road  Crows Landing CA 95313,2,03/13/2026,05/11/2026,Closure Permanent,,,,Stanislaus County,31-33 Manufacturing,
Indiana,"WIT Logistics, LLC",Plainfield,65,03/13/2026,05/31/2026,Closure,,,,,541614,"Process, Physical Distribution, and Logistics Consulting Services"
Maryland,"Bering Global Solutions, LLC (BGS) - Bethesda",Bethesda,5,03/13/2026,03/31/2026,Mass Layoff - No Recall,,,Montgomery County,,561210,"8901 Rockville Pike Bethesda, MD 20889"
Maryland,"Bering Global Solutions, LLC (BGS) - Carderock",Bethesda,6,03/13/2026,03/31/2026,Mass Layoff - No Recall,,,Montgomery County,,561210,"9500 Macarthur Blvd. Bethesda, MD 20817"
Maryland,"Bering Global Solutions, LLC (BGS) - CBD",Chesapeake Beach,21,03/13/2026,03/31/2026,Mass Layoff - No Recall,,,Southern Maryland,,561210,"5813 Bayside Rd Chesapeake Beach, MD 20732"
Ohio,Lourdes University,Sylvania,387,03/13/2026,05/15/2026-09/30/2026,Closure,Permanent,,,Lucas,,
Washington,"John I. Haas, Inc.",Yakima,12,03/13/2026,05/15/2026,Layoff,Temporary,Teamsters Local 760,,,,
"Washington, D.C.",Albertson's Safeway,,87,03/13/2026,,Permanent Closures,,,,,,
"Washington, D.C.","Bering Global Solutions, LLC",,108,03/13/2026,03/31/2026,Layoff,,,,,,
California,"Atlassian US, Inc.","350 Bush Street, Floor 13  San Francisco CA 94104",252,03/12/2026,03/13/2026,Layoff Permanent,,,,San Francisco County,54 Professional Scientific and Technical Services,
California,Sanitation Specialists,14490 Catalina Street  San Leandro CA 94577,21,03/12/2026,05/22/2026,Closure Permanent,,,,Alameda County,56 Administrative and Support and Waste Management and Remediation,
California,Union of Pan Asian Communities (Neighborhood Enterprise Center),5296 University Avenue  San Diego CA 92105,16,03/12/2026,05/10/2026,Closure Permanent,,,,San Diego County,62 Healthcare and Social Assistance,
Massachusetts,*Updated* Boston Electrometallurgical Corporation (dba Boston Metal),Woburn,71,03/12/2026,04/21/2026,,,,Boston,,,
Ohio,UPDATE First Brands Group Cuyahoga 3,Cleveland,110,03/12/2026,04/30/2026-06/30/2026,Closure,Permanent,,,Cuyahoga,,
Washington,"Rise Baking Company, LLC",Kent,120,03/12/2026,08/07/2026,Closure,Permanent,,,,,
Wisconsin,Cree Lighting,Racine,172,03/12/2026,03/12/2026,Workforce Reduction,,,Southeast,Racine,Residential Electric Lighting Fixture Manufacturing,
California,Experian,475 Anton Blvd.  Costa Mesa CA 92626,28,03/11/2026,12/11/2026,Layoff Permanent,,,,Orange County,56 Administrative and Support and Waste Management and Remediation,
Florida,Nan McKay & Associates,Miami,97,03/11/2026,05/11/2026-06/30/2026,Closure,Permanent,,,,Real Estate and Rental and Leasing,
Florida,Nan McKay & Associates,Miami Gardens,4,03/11/2026,05/11/2026-06/30/2026,Closure,Permanent,,,,Real Estate and Rental and Leasing,
Georgia,C2 Technologies,"McLean, VA",1,03/11/2026,03/06/2026,Permanent Layoff / Reduction in Force,,,,,,GA202500086
Georgia,KPR US LLC,Augusta,213,03/11/2026,05/15/2026-10/02/2026,Permanent Closure,,,,Richmond,,GA202500087
Maryland,United Source One,Belcamp,8,03/11/2026,03/04/2026,Mass Layoff - No Recall,,,Susquehanna,,424470,"4610 Mercedes Drive, Suite 110 Belcamp, MD 21017"
Nevada,C2 Technologies,Las Vegas,1,03/11/2026,03/06/2026,Layoff,Permanent,,,Clark,,
North Carolina,"Kenco Logistic Services, LLC",Charlotte,86,03/11/2026,05/17/2026,Layoff,Permanent,,,Mecklenburg,,
Texas,Ashley Furniture Industries (Mesquite),Mesquite,266,03/11/2026,05/07/2026,,,,Dallas County WDA,Dallas,,
Washington,"Atlassian US, Inc.",Bellevue,63,03/11/2026,03/13/2026,Layoff,Permanent,,,,,
California,Sky Chefs' Customer Service Center,1590 S. Milliken Ave. Unit F  Ontario CA 91761,14,03/10/2026,05/07/2026,Closure Permanent,,,,San Bernardino County,72 Accommodation and Food Services,
Indiana,Kem Krest LLC,Carmel,77,03/10/2026,08/31/2026,Closure,,,,,48-49,Transportation and Warehousing
Michigan,Siena Heights University,Adrian,132,03/10/2026,05/09/2026-06/19/2026,Closure,Permanent,,,Lenawee,,
North Carolina,C2 Technologies,"McLean, VA",9,03/10/2026,03/06/2026,Layoff,Permanent,,,,,
Ohio,"Boelter Companies, LLC",Toledo,64,03/10/2026,05/11/2026-05/29/2026,Closure,Permanent,,,Lucas,,
South Carolina,KPR US LLC,Camden,19,03/10/2026,05/15/2026,Closure,Permanent,,,Kershaw,,"90 East Hampton St., Camden, SC 29020"
California,Endologix LLC,1971 Milmont Dr.  Milpitas CA 95035,23,03/09/2026,05/06/2026,Closure Permanent,,,,Santa Clara County,31-33 Manufacturing,
California,Endologix LLC,1971 Milmont Dr.  Milpitas CA 95035,6,03/09/2026,05/15/2026,Closure Permanent,,,,Santa Clara County,31-33 Manufacturing,
California,Endologix LLC,1971 Milmont Dr.  Milpitas CA 95035,2,03/09/2026,05/29/2026,Closure Permanent,,,,Santa Clara County,31-33 Manufacturing,
Hawaii,Cotti Foods Pizza Hawaii,"Aina Haina, Kailua, Aiea, Honolulu, Kane'ohe",56,03/09/2026,03/23/2026-05/22/2026,Layoff ,Permanent,,,,,
Iowa,"Sky Auto Mall, LLC",Center Point,46,03/09/2026,03/06/2026,Mass Layoff,,,East Central Iowa,Linn,Retail Trade,
Iowa,"Sky Chevrolet, LLC",Newhall,30,03/09/2026,03/06/2026,Mass Layoff,,,East Central Iowa,Benton,Retail Trade,
Maryland,Amentum,Fort Washington,9,03/09/2026,05/03/2026,Mass Layoff - No Recall,,,Prince George's,,541330,"10530 Riverview Road Fort Washington, MD 20744"
Maryland,Amentum,Suitland,27,03/09/2026,05/03/2026,Mass Layoff - No Recall,,,Prince George's,,541330,"4251 Suitland Road Suitland, MD 20746"
Maryland,"Horizon Therapeutics USA, Inc.",Rockville,22,03/09/2026,05/08/2026,Mass Layoff - No Recall,,,Montgomery County,,325412,"9605 Medical Center Drive, Suite 325 Rockville, MD 20850"
Texas,Saks & Company LLC (Saks Fifth Avenue - San Antonio),San Antonio,71,03/09/2026,05/06/2026,,,,Alamo WDA,Bexar,,
Washington,"Agrimacs, Inc.",Chelan,145,03/09/2026,05/08/2026,Closure,Permanent,,,,,
California,KBR Services LLC,"Bldg. 896, Langford Lake Road  Fort Irwin CA 92311",758,03/06/2026,05/06/2026,Layoff Permanent,,,,San Bernardino County,56 Administrative and Support and Waste Management and Remediation,
California,Liberty Dental Plan Corporation,"1730 Flight Way, Suite 125  Tustin CA 92782",16,03/06/2026,05/04/2026,Layoff Permanent,,,,Orange County,52 Finance and Insurance,
California,Saks & Company LLC,6550 Topanga Canyon Blvd.  Canoga Park CA 91303,97,03/06/2026,05/06/2026,Closure Permanent,,,,Los Angeles County,44-45 Retail Trade,
California,Saks & Company LLC,3333 Bristol Street  Costa Mesa CA 92626,76,03/06/2026,05/06/2026,Closure Permanent,,,,Orange County,44-45 Retail Trade,
California,Saks & Company LLC,73555 El Paseo  Palm Desert CA 92260,58,03/06/2026,05/06/2026,Closure Permanent,,,,Riverside County,44-45 Retail Trade,
Florida,Saks & Company LLC,Sarasota,66,03/06/2026,05/01/2026-05/30/2026,Closure,Permanent,,,,Retail Trade,
Georgia,"SK Battery America, Inc.",Commerce,958,03/06/2026,05/06/2026,Permanent Layoff / Reduction in Force,,,,Jackson,,GA202500084
Hawaii,Kauai Coffee Company. LLC,Kalaheo,136,03/06/2026,04/18/2026-05/02/2026,Closure,Permanent,,,,,update to notice on 01/12/2026
Illinois,Aspira Inc. of Illinois,Chicago,57,03/06/2026,04/03/2026,Closing,Permanent,Yes,Northeast 4,Cook,Educational Services,
Illinois,Saks Fifth Avenue,Chicago,101,03/06/2026,05/06/2026-05/13/2026,Closing,Permanent,No,Northeast 4,Cook,Retail Department Stores,
Maryland,C2 Technologies,"McLean, VA",1,03/06/2026,03/06/2026,Mass Layoff - No Recall,,,Statewide,,611430,"7601 Lewinsville Road, Suite 200 McLean, Virginia 22102"
Maryland,Saks & Company LLC,Chevy Chase,75,03/06/2026,05/06/2026-05/31/2026,Plant Closure,,,Montgomery County,,458110,"5555 Wisconsin Avenue Chevy Chase, MD 20815"
Missouri,Saks & Company LLC,St. Louis,65,03/06/2026,05/06/2026-05/31/2026,Closing,,,St. Louis,,Clothing Distribution,
Nevada,Saks & Company,Las Vegas,70,03/06/2026,05/31/2026,Closure,Permanent,,,Clark,,
North Carolina,Saks & Company LLC,Raleigh,43,03/06/2026,05/31/2026,Layoff,Permanent,,,Wake,,
Ohio,Saks & Company LLC,Beachwood,70,03/06/2026,05/06/2026-05/31/2026,Closure,Permanent,,,Cuyahoga,,
Virginia,Saks & Company LLC (Saks Fifth Avenue Store),McLean,70,03/06/2026,05/06/2026,Closure,,,Northern,,,
Arizona,C2 Technologies,"McLean, VA",1,03/05/2026,,,,,7,,,"7601 Lewinsville Road, Ste. 200 Mc Lean, Virginia 22102"
California,Foreside Home Care & Nursing,26023 Acero  Mission Viejo CA 92691,300,03/05/2026,03/27/2026,Closure Permanent,,,,Orange County,62 Healthcare and Social Assistance,
California,Kintetsu World Express,8525 Camino Santa Fe Suite E and F  San Diego CA 92121,5,03/05/2026,03/31/2026,Closure Permanent,,,,San Diego County,56 Administrative and Support and Waste Management and Remediation,
Florida,C2 Technologies,,35,03/05/2026,03/06/2026,Layoff,Permanent,,,,"Professional, Scientific, and Technical Services",
Kentucky,Battelle Memorial Institute E3,,5,03/05/2026,05/06/2026,Closure,,,Bluegrass,Madison,541715,
Nevada,Liberty Dental Plan,Las Vegas,22,03/05/2026,05/04/2026,Layoff,Permanent,Teamsters Local 986,,Clark,,
Tennessee,All Heart Pediatric Cardiology,Chattanooga,1,03/05/2026,03/06/2026,Layoff,Temporary,,,Hamilton,,#202500040
Tennessee,IKEA Memphis,Cordova,114,03/05/2026,05/09/2026-08/31/2026,Closure,Permanent,,,Shelby,,#202500039
Washington,C2 Technologies,Remote,1,03/05/2026,03/06/2026,Layoff,Permanent,,,,,
Washington,CHS Northwest,"Ferndale, Lynden, Nooksack",57,03/05/2026,05/05/2026,Closure,Permanent,,,Whatcom,,
California,"MedImpact Healthcare Systems, Inc.",10181 Scripps Gateway Ct.  San Diego CA 92131,125,03/04/2026,03/04/2026,Layoff Permanent,,,,San Diego County,62 Healthcare and Social Assistance,
California,Wells Fargo,333 Market Street  San Francisco CA 94105,6,03/04/2026,05/02/2026,Layoff Permanent,,,,San Francisco County,52 Finance and Insurance,
Connecticut,Stanley Black and Decker,New Britain,300,03/04/2026,05/04/2026-04/14/2027,Closure,Permanent,"IAM, District 26, Locals 1433 and 1249",,,,
Tennessee,"First Brands Group, LLC",Fayetteville,333,03/04/2026,04/30/2026,Closure,Permanent,,,Lincoln,,#202500038
Texas,First Brands Group LLC. (ASC Facility),Brownsville,43,03/04/2026,04/30/2026,,,,Cameron County WDA,Cameron,,
Texas,"First Brands Group, LLC. (Titan Dist. Center)",Brownsville,183,03/04/2026,04/30/2026,,,,Cameron County WDA,Cameron,,
Texas,"First Brands Group, LLC(Billy Mitchell)",Brownsville,345,03/04/2026,04/30/2026,,,,Cameron County WDA,Cameron,,
Wisconsin,Ahlstrom Mosinee LLC Revision,Mosinee,20,03/04/2026,06/30/2026,Workforce Reduction,,USW,North Central,Marathon,Paper exc Newsprint Mills,update to notice dated 02/27/2026
California,David & Margaret,1350 Third Street  La Verne CA 91750,83,03/03/2026,03/31/2026,Layoff Permanent,,,,Los Angeles County,62 Healthcare and Social Assistance,
California,"Salesforce, Inc.",415 Mission Street  San Francisco CA 94105,51,03/03/2026,05/01/2026,Layoff Permanent,,,,San Francisco County,54 Professional Scientific and Technical Services,
Illinois,"Millwood, Inc.",Melrose Park,112,03/03/2026,05/01/2026,Closing,Permanent,No,Northeast 4,Cook,Wood Container and Pallet Manufacturing,
Iowa,Wells Fargo,West Des Moines,7,03/03/2026,05/02/2026,Mass Layoff - Additional Employees,,,Central Iowa,Polk,Finance and Insurance,
Maryland,Excelitas,Gaithersburg,30,03/03/2026,05/15/2026-10/31/2026,Plant Closure,,,Montgomery County,,335129,"910 Clopper Road Gaithersburg, MD 20878"
North Carolina,Fortrex,Clinton,121,03/03/2026,03/20/2026,Closure,Permanent,,,Sampson,,
North Carolina,Prepac Manufacturing US LLC,Whitsett,200,03/03/2026,05/02/2026,Layoff,Permanent,,,Guilford,,
Ohio,GEODIS LLC,Ashville,105,03/03/2026,04/28/2026,Closure,Permanent,,,Pickaway,,
Ohio,"GXO Logistics Supply Chain, Inc.",West Jefferson,102,03/03/2026,05/02/2026,Closure,Permanent,,,Madison,,
Ohio,Lifetouch,Galion,88,03/03/2026,06/05/2026-12/24/2026,Closure,Permanent,,,Crawford,,
Tennessee,"PMC Biogenix, Inc.",Memphis,172,03/03/2026,04/26/2026,Closure,Permanent,Yes,,Shelby,,#202500037
Texas,"Campbell Soup Supply Company, LLC",Paris,205,03/03/2026,05/01/2026,,,,North East Texas WDA,Lamar,,
Washington,Northwest Hardwoods,Centralia,70,03/03/2026,03/05/2026,Closure,Permanent,,,,,
Washington,Refresco Beverages US Inc,Walla Walla,58,03/03/2026,05/02/2026,Closure,Permanent,,,,,
Wisconsin,Midwest Energy Resources Co.,Superior,54,03/03/2026,06/30/2026,Facility Closure,,ILA Local 1000,Northwest,Douglas,Port & Harbor Operations,
California,Food 4 Less #364,3200 Century Blvd.  Inglewood CA 90303,64,03/02/2026,03/28/2026,Closure Permanent,,,,Los Angeles County,44-45 Retail Trade,
California,Foods Co #371,8122 Gerber Rd.  Sacramento CA 95828,58,03/02/2026,03/14/2026,Closure Permanent,,,,Sacramento County,44-45 Retail Trade,
California,Foods Co #784,3657 Shaw Ave.  Fresno CA 93711,49,03/02/2026,03/14/2026,Closure Permanent,,,,Fresno County,44-45 Retail Trade,
California,"IPIC Theaters, LLC - Pasadena",42 Miller Alley  Pasadena CA 91103,91,03/02/2026,04/28/2026,Closure Permanent,,,,Los Angeles County,51 Information,
California,"IPIC Theaters, LLC - Westwood",10840 Wilshire Blvd.  Los Angeles CA 90024,103,03/02/2026,04/28/2026,Closure Permanent,,,,Los Angeles County,51 Information,
California,The Vons Companies Inc.,2345 E. Valley Parkway  Escondido CA 92027,65,03/02/2026,05/01/2026,Closure Permanent,,,,San Diego County,44-45 Retail Trade,
Florida,"Trulieve, Inc.",Clearwater,58,03/02/2026,05/01/2026,Layoff,Permanent,,,,Administrative and Support and Waste Management and Remediation Services,
Illinois,Illinois Central School Bus,Waterloo,37,03/02/2026,05/25/2026-06/30/2026,Closing,Permanent,Yes,Southwestern 9,Monroe,School and Employee Bus Transportation,
Maryland,"IPIC Theaters, LLC",North Bethesda,116,03/02/2026,04/28/2026,Plant Closure,,,Montgomery County,,711110,"11830 Grand Park Avenue North Bethesda, MD 20852"
Massachusetts,"Goulet Trucking, Inc.",South Deerfield,144,03/02/2026,04/18/2026,,,,Western,,,
Nevada,iHerb,Las Vegas,113,03/02/2026,05/01/2026,Closure,Permanent,,,Clark,,
Tennessee,"McKay Books, Inc.",Knoxville,54,03/02/2026,05/04/2026,Closure,Permanent,Yes,,Knox,,#202500036
Virginia,C2 Technologies,McLean,2,03/02/2026,03/06/2026,Layoff,,,Northern,,,
Washington,Doosan GridTech,Bellevue,18,03/02/2026,05/01/2026,Layoff,Permanent,,,,,
Washington,"MicroVision, Inc.",Redmond,49,03/02/2026,04/30/2026,Layoff,Permanent,,,,,
Minnesota,Godfather Pizza,Brooklyn Park,1,03/01/2026,03/19/2026,Closing,Small Layoff Services,,,,Dining Establishments,
Minnesota,Hooters,Bloomington,1,03/01/2026,03/22/2026,Closing,Small Layoff Services,,,,Dining Establishments,
Minnesota,Jack Links,Mankato,44,03/01/2026,03/22/2026,Workforce Reduction,Small Layoff Services,,,,Manufacturing,
Minnesota,Jade Fountain,Duluth,1,03/01/2026,04/04/2026,Closing,Small Layoff Services,,,,Dining Establishments,
Minnesota,Kirkland's Home,Rochester,15,03/01/2026,04/13/2026,Closing,Small Layoff Services,,,,Retail,
Minnesota,Le Jeune Steel,Minneapolis,1,03/01/2026,03/31/2026,Closing,Small Layoff Services,,,,Manufacturing,
Minnesota,Pace Industries,Maple Lake,1,03/01/2026,04/02/2026,Closing,Small Layoff Services,,,,Manufacturing,
Minnesota,White Valley Motel,St. Charles,1,03/01/2026,03/18/2026,Disaster,Temporary Layoff/Closure,,,,Accommodation,
Mississippi,New Way Trucks,Booneville,86,03/01/2026,05/30/2026,Layoff,,,MS Partnership,Prentiss,336211- Motor Vehicle Body Manufacturing,
New Jersey,Fiserv Solutions LLC,Berkeley Heights,118,03/01/2026,03/31/2026-05/31/2026,,,,,,,
New Jersey,Heights University Hospital,Jersey City,65,03/01/2026,03/16/2026,,,,,,,
New Jersey,JP Morgan Chase,Jersey City,134,03/01/2026,06/20/2026,,,,,,,
New Jersey,Labcorp Raritan,Raritan,83,03/01/2026,07/03/2026-07/17/2026,,,,,,,
New Jersey,Luna Foods dba Joey's Fine Foods,Newark,61,03/01/2026,06/05/2026,,,,,,,
New Jersey,Mead Johnson,Parsippany,18,03/01/2026,03/02/2026-08/31/2026,,,,,,,
New Jersey,Novartis,East Hanover,114,03/01/2026,06/26/2026-11/27/2026,,,,,,,
New Jersey,O.C.E.A.N Inc.,Toms River,79,03/01/2026,07/01/2026,,,,,,,
New Jersey,OTB Hospitality,Paramus,62,03/01/2026,03/13/2026,,,,,,,
New Jersey,Prudential,Newark,54,03/01/2026,05/07/2026-06/07/2026,,,,,,,
New Jersey,RB Health,Parsippany,14,03/01/2026,03/02/2026-08/31/2026,,,,,,,
New Jersey,Reckitt Benckiser,Parsippany,62,03/01/2026,03/02/2026-08/31/2026,,,,,,,
New Jersey,UBS,Weehawken,103,03/01/2026,06/22/2026-06/24/2026,,,,,,,
Pennsylvania,Federal Express Corporation,Pittston,63,03/01/2026,05/02/2026,Closure,,,,Luzerne,,
Pennsylvania,Liberty Home Choices,Philadelphia,615,03/01/2026,05/24/2026,Closure,,,,Philadelphia,,
Pennsylvania,Lineage Logistics,East Pottsville,208,03/01/2026,05/27/2026,Layoff,,,,Schuylkill,,
Pennsylvania,"PharmaCann, Inc.",Olyphant,60,03/01/2026,05/20/2026,Closure,,,,Lackawanna,,
Pennsylvania,Pittsburgh Post-Gazette,Pittsburgh,171,03/01/2026,05/04/2026,Closure,,,,Allegheny,,
Pennsylvania,"Saks & Company, LLC",Pottsville,435,03/01/2026,05/03/2026-05/31/2026,Closure,,,,Schuylkill,,
Alabama,Saddle Creek Logistics Services,Bessemer,151,02/27/2026,04/30/2026,Layoff,,,,,,
California,"CJ Logistics America, LLC",10825 Production Avenue  Fontana CA 92337,71,02/27/2026,04/30/2026,Layoff Permanent,,,,San Bernardino County,48-49 Transportation and Warehousing,
California,FreshKO Produce Services LLC,2155 East Muscat Avenue  Fresno CA 93725,58,02/27/2026,03/07/2026,Closure Permanent,,,,Fresno County,42 Wholesale Trade,
California,"Monroe Operations, LLC dba Newport Healthcare",920 Happy Valley Road  Pleasanton CA 94566,30,02/27/2026,04/24/2026,Closure Permanent,,,,Alameda County,62 Healthcare and Social Assistance,
California,"Monroe Operations, LLC dba Newport Healthcare",227 Kilkare Road  Sunol CA 94586,16,02/27/2026,04/24/2026,Closure Permanent,,,,Alameda County,62 Healthcare and Social Assistance,
California,Raytheon,2000 E El Segundo Blvd  El Segundo CA 90245,55,02/27/2026,05/01/2026,Layoff Permanent,,,,Los Angeles County,54 Professional Scientific and Technical Services,
Florida,L3Harris,Orlando,63,02/27/2026,04/30/2026-05/14/2026,Layoff,Permanent,,,,"Professional, Scientific, and Technical Services",
Florida,Professional Course Management II LTD,Miami Shores,68,02/27/2026,05/01/2026-06/30/2026,Closure,Permanent,,,,"Professional, Scientific, and Technical Services",
Hawaii,Alaska Airlines (Hawaiian Airlines),Honolulu,48,02/27/2026,05/01/2026-06/30/2026,Layoff,Permanent,,,,,
Indiana,"First Brands Group, LLC",Jasper,345,02/27/2026,04/30/2026,Closure,,,,,31-33,Manufacturing
Indiana,"First Brands Group, LLC",Logansport,38,02/27/2026,04/30/2026,Closure,,,,USW Local 4863,31-33,Manufacturing
Iowa,CNH Industrial America LLC,Burlington,4,02/27/2026,03/23/2026,Amendement - Change in Number,,,Mississippi Valley,Des Moines,Manufacturing,
Iowa,CNH Industrial America LLC,Burlington,47,02/27/2026,04/02/2026,Amendement - Change in Number,,,Mississippi Valley,Des Moines,Manufacturing,
Iowa,CNH Industrial America LLC,Burlington,16,02/27/2026,04/08/2026,Amendement - Change in Number,,,Mississippi Valley,Des Moines,Manufacturing,
Iowa,CNH Industrial America LLC,Burlington,6,02/27/2026,04/09/2026,Amendement - Change in Number,,,Mississippi Valley,Des Moines,Manufacturing,
Iowa,CNH Industrial America LLC,Burlington,14,02/27/2026,04/13/2026,Amendement - Change in Number,,,Mississippi Valley,Des Moines,Manufacturing,
Iowa,CNH Industrial America LLC,Burlington,4,02/27/2026,04/17/2026,Amendement - Change in Number,,,Mississippi Valley,Des Moines,Manufacturing,
Iowa,CNH Industrial America LLC,Burlington,4,02/27/2026,04/24/2026,Amendement - Change in Number,,,Mississippi Valley,Des Moines,Manufacturing,
Iowa,CNH Industrial America LLC,Burlington,18,02/27/2026,04/30/2026,Amendement - Change in Number,,,Mississippi Valley,Des Moines,Manufacturing,
Iowa,CNH Industrial America LLC,Burlington,27,02/27/2026,05/01/2026,Amendement - Change in Number,,,Mississippi Valley,Des Moines,Manufacturing,
Iowa,CNH Industrial America LLC,Burlington,1,02/27/2026,05/22/2026,Amendement - Change in Number,,,Mississippi Valley,Des Moines,Manufacturing,
Iowa,CNH Industrial America LLC,Burlington,7,02/27/2026,05/29/2026,Amendement - Change in Number,,,Mississippi Valley,Des Moines,Manufacturing,
Iowa,CNH Industrial America LLC,Burlington,15,02/27/2026,06/26/2026,Amendement - Change in Number,,,Mississippi Valley,Des Moines,Manufacturing,
Iowa,CNH Industrial America LLC,Burlington,13,02/27/2026,09/25/2026,Amendement - Change in Number,,,Mississippi Valley,Des Moines,Manufacturing,
Iowa,CNH Industrial America LLC,Burlington,5,02/27/2026,12/31/2026,Amendement - Change in Number,,,Mississippi Valley,Des Moines,Manufacturing,
Kansas,"First Brands Group, LLC (Horizon Global)",Edgerton,64,02/27/2026,,,,,3,,,"32901 W. 193rd St. Edgerton, Kansas 66021"
Nevada,"SK Food Group, Inc.",Reno,209,02/27/2026,04/30/2026,Layoff,Permanent,,,Washoe,,
North Carolina,"Focus Services, LLC",Greenville,94,02/27/2026,04/30/2026,Closure,Permanent,,,Pitt,,
Ohio,First Brands Group Cuyahoga,Cleveland,110,02/27/2026,04/30/2026,Layoff,Permanent,,,Cuyahoga,,
Ohio,First Brands Group Darke,Greenville,302,02/27/2026,04/30/2026,Layoff,Permanent,UAW Local 2413,,,,
Ohio,First Brands Group Seneca,Tiffin,407,02/27/2026,04/30/2026,Layoff,Permanent,UAW Local 2021,,,,
Ohio,First Brands Group Wood,Bowling Green,302,02/27/2026,04/30/2026,Layoff,Permanent,UAW Local 2021,,,,
Washington,"IPIC Theaters, LLC",Redmond,64,02/27/2026,04/28/2026,Closure,Permanent,,,,,
Wisconsin,Ahlstrom Mosinee LLC,Mosinee,28,02/27/2026,06/30/2026,Workforce Reduction,,USW,North Central,Marathon,Paper exc Newsprint Mills,
Arizona,"Block, Inc.","Oakland, CA",83,02/26/2026,,,,,7,,,"1955 Broadway, Suite 600 Oakland, California 94612"
California,Anaheim Transportation Network,1354 South Anaheim Blvd.  Anaheim CA 92805,132,02/26/2026,03/31/2026,Closure Permanent,,,,Orange County,48-49 Transportation and Warehousing,
California,Del Monte Foods Corporation II Inc.,4000 Yosemite Boulevard  Modesto CA 95357,21,02/26/2026,05/01/2026,Layoff Permanent,,,,Stanislaus County,31-33 Manufacturing,
Colorado,Batelle,,11,02/26/2026,04/27/2026,Project Milestone Completion,,,Pueblo,,"56,2910: Remediation Services",
Colorado,Block,,61,02/26/2026,04/28/2026,,,,Remote Employees,,"NAICS codes: 513210 Software Publishing (primary), 541511 Custom Computer Programming, and 522320 Financial Services Processing (Square).",
Florida,"IPIC Theaters, LLC",Delray Beach,51,02/26/2026,04/28/2026,Closure,Permanent,,,,Information,
Florida,"IPIC Theaters, LLC",Boca Raton,98,02/26/2026,04/28/2026,Closure,Permanent,,,,Information,
Florida,"IPIC Theaters, LLC",North Miami Beach,58,02/26/2026,04/28/2026,Closure,Permanent,,,,Information,
Georgia,"MarketSource, Inc.",Alpharetta,57,02/26/2026,02/26/2026-06/30/2026,Permanent Layoff / Reduction in Force,,,,Fulton,,GA202500083
Illinois,Trelleborg Sealing Solutions,Streamwood,65,02/26/2026,04/30/2026-12/31/2026,Closing,Permanent,Yes,Northeast 4,Cook,"Manufacturing - Gasket, Packing and Sealing Device",
Nevada,Boulder City Hospital,Boulder City,70,02/26/2026,04/30/2026,Layoff,Permanent,,,Clark,,
Tennessee,Pace Industries,Jackson,59,02/26/2026,04/26/2026,Closure,Permanent,,,Madison,,#202500035
California,Angel City Brewery,216 S Alameda Street  Los Angeles CA 90012,66,02/25/2026,04/30/2026,Closure Permanent,,,,Los Angeles County,31-33 Manufacturing,
California,eBay - San Francisco,300 Mission St. 19th Floor  San Francisco CA 94105,28,02/25/2026,02/25/2026,Layoff Permanent,,,,San Francisco County,44-45 Retail Trade,
California,eBay Inc.,2025 Hamilton Ave.  San Jose CA 95125,243,02/25/2026,02/25/2026,Layoff Permanent,,,,Santa Clara County,44-45 Retail Trade,
California,"Med-Pharmex, Inc.",727 Thompson Creek Rd.  Pomona CA 91767,130,02/25/2026,03/06/2026,Closure Permanent,,,,Los Angeles County,31-33 Manufacturing,
California,Riot Games,12333 W Olympic Blvd.  Los Angeles CA 90064,26,02/25/2026,04/27/2026,Layoff Permanent,,,,Los Angeles County,51 Information,
Georgia,IPIC Theaters LLC,Atlanta,103,02/25/2026,04/28/2026,Permanent Closure,,,,Fulton,,GA202500082
Wisconsin,TJ Hale,Menomonee Falls,64,02/25/2026,02/05/2026,Facility Closure,,,WOW,Waukesha,Showcases Partitions Shelving & Lockers,
California,Commute is Great Logistics LLC,3500 Wilson Road  Bakersfield CA 93309,132,02/24/2026,02/03/2026,Closure Permanent,,,,Kern County,48-49 Transportation and Warehousing,
California,Lumileds LLC,370 W. Trimble Road  San Jose CA 95131,24,02/24/2026,05/01/2026,Closure Permanent,,,,Santa Clara County,31-33 Manufacturing,
California,VCA Bay Area Veterinary Specialists & Emergency Hospital,14790 Washington Ave  San Leandro CA 94578,91,02/24/2026,04/25/2026,Closure Permanent,,,,Alameda County,54 Professional Scientific and Technical Services,
Kentucky,"FRAM First Brands Group, LLC",,76,02/24/2026,04/30/2026,Closure,,,Northern Kentucky,Boone,423120,
Maryland,Viskon-Aire Corporation,Salisbury,51,02/24/2026,04/13/2026- 09/30/2026,Plant Closure,,,Lower Shore,,333413,"410 Winfield Avenue Salisbury, MD 21801"
Michigan,General Shale dba Michigan Brick,Corunna,48,02/24/2026,04/27/2026,Closure,Permanent,,,Shiawassee,,
Michigan,"Pace Industries, LLC",Muskeon,145,02/24/2026,04/25/2026,Closure,Permanent,,,Muskegon,,
Nevada,Water Safety Corp of Nevada,Reno,35,02/24/2026,04/01/2026,Closure,,,,Washoe,,
North Carolina,Merck Sharp & Dohme LLC,Durham,7,02/24/2026,05/01/2026,Layoff,Permanent,,,Durham,,
North Carolina,Merck Sharp & Dohme LLC,Durham,147,02/24/2026,05/01/2026,Layoff,Permanent,,,Durham,,
Ohio,Evergreen Recycling LLC,Clyde,163,02/24/2026,02/24/2026-04/24/2026,Closure,Permanent,,,Sandusky,,
Ohio,"Meteor Creative, Inc.",Tipp City,66,02/24/2026,04/24/2026,Closure,Permanent,USW Local 1123L,,Miami,,
South Dakota,Christ The King School,Sioux Falls,31,02/24/2026,05/31/2026-08/31/2026,Layoff,Permanent,,,,,
California,"C3.ai, Inc.",1400 Seaport Boulevard  Redwood City CA 94063,71,02/23/2026,04/26/2026,Layoff Permanent,,,,San Mateo County,54 Professional Scientific and Technical Services,
California,Ferrara Candy Company (2385),2385 N. Watney Way  Fairfield CA 94533,16,02/23/2026,06/01/2026,Layoff Permanent,,,,Solano County,31-33 Manufacturing,
California,Ferrara Candy Company (2400),2400 N. Watney Way  Fairfield CA 94533,17,02/23/2026,06/01/2026,Layoff Permanent,,,,Solano County,31-33 Manufacturing,
California,Ferrara Candy Company (2500),2500 N. Watney Way  Fairfield CA 94533,33,02/23/2026,06/01/2026,Layoff Permanent,,,,Solano County,31-33 Manufacturing,
California,Ferrara Candy Company (Courage Drive),2330 Courage Drive  Fairfield CA 94533,1,02/23/2026,06/01/2026,Layoff Permanent,,,,Solano County,31-33 Manufacturing,
California,Ferrara Candy Company (One Jelly Belly),One Jelly Belly Lane  Fairfield CA 94533,2,02/23/2026,06/01/2026,Layoff Permanent,,,,Solano County,31-33 Manufacturing,
California,Raley's,3632 Lone Tree Way  Antioch CA 94509,43,02/23/2026,04/28/2026,Closure Permanent,,,,Contra Costa County,44-45 Retail Trade,
California,"Safari West, Inc.",3115 Porter Creek Road  Santa Rosa CA 95404,134,02/23/2026,04/21/2026,Closure Permanent,,,,Sonoma County,71 Arts Entertainment and Recreation,
Florida,"Parsec, LLC",Jacksonville,147,02/23/2026,05/01/2026,Closure,Permanent,,,,Transportation and Warehousing,
Hawaii,"Honolulu Roofing Company, Inc.",Honolulu,15,02/23/2026,05/01/2026,Closure,Permanent,,,,,
Illinois,"First Brands Group, LLC (Albion Air Facility)",Albion,114,02/23/2026,02/23/2026-04/10/2026,Closing,Permanent,No,Southern 8,Edwards,Manufacturing - Motor Vehicle Parts,
Illinois,"First Brands Group, LLC (Albion Distribution Center)",Albion,48,02/23/2026,02/23/2026-04/10/2026,Closing,Permanent,No,Southern 8,Edwards,Manufacturing - Motor Vehicle Parts,
Illinois,"First Brands Group, LLC (Albion Oil Facility)",Albion,435,02/23/2026,02/23/2026-04/10/2026,Closing,Permanent,No,Southern 8,Edwards,Manufacturing - Motor Vehicle Parts,
Illinois,"First Brands Group, LLC (Albion Shared Services)","Albion, Fairfield",45,02/23/2026,02/23/2026-04/10/2026,Closing,Permanent,No,Southern 8,Edwards,Manufacturing - Motor Vehicle Parts,
Kansas,"First Brands Group, LLC (Hopkins)",Edgerton,81,02/23/2026,,,,,1,,,"W 185th St. Edgerton, Kansas 66030"
Kansas,"First Brands Group, LLC (Hopkins)",Emporia,130,02/23/2026,,,,,1,,,"428 Peyton St. Emporia, Kansas 66801"
Maryland,Duality Ventures LLC,Williamsport,98,02/23/2026,03/21/2026,Plant Closure,,,Western Maryland,,492210,"16604 Industrial Lane Williamsport, MD 21795"
Michigan,"First Brands Group, LLC",Rochester Hills,41,02/23/2026,02/23/2026,Layoff,Permanent,,,Oakland,,
Ohio,First Brands Group Cuyahoga,Cleveland,146,02/23/2026,02/23/2026,Layoff,Permanent,,,Cuyahoga,,
Ohio,Main Street Sports Group Cincinnati,Cincinnati,8,02/23/2026,04/14/2026,Closure,Permanent,,,Hamilton,,
Ohio,"Parsec, LLC",Columbus,115,02/23/2026,05/01/2026,Closure,,Teamsters Local 413,,Franklin,,
South Carolina,"First Brands Group, LLC (AVM)",East Marion,64,02/23/2026,02/23/2026-04/30/2026,Closure,Permanent,,,Marion,,"3108 Hwy. 76, East Marion, SC 29571"
South Carolina,"Parsec, LLC",Charleston,39,02/23/2026,05/01/2026,Closure,Permanent,,,Charleston,,"4350 Goer Drive North, Charleston, SC 29406"
Virginia,"Speyside Bourbon Cooperage in Virginia, Inc.",Atkins,52,02/23/2026,04/23/2026,Layoff,,,Central,,,
Utah,Nordstrom Card Services,Statewide,15,02/21/2026,,,,,,,,
California,"Lucid Group, Inc.",7373 Gateway Blvd.  Newark CA 94560,319,02/20/2026,04/21/2026,Layoff Permanent,,,,Alameda County,44-45 Retail Trade,
California,Tony's Fine Foods,14260 Day St  Moreno Valley CA 92553,24,02/20/2026,05/01/2026,Closure Permanent,,,,Riverside County,42 Wholesale Trade,
California,Wells Fargo,333 Market Street  San Francisco CA 94105,21,02/20/2026,04/21/2026,Layoff Permanent,,,,San Francisco County,52 Finance and Insurance,
Illinois,"H&M Fashion USA, Inc.",Chicago,181,02/20/2026,05/07/2026,Layoff,Permanent,No,Northeast 4,Cook,Clothing & Clothing Accessories Retailers,
Massachusetts,Boston Electrometallurgical Corporation (dba Boston Metal),Woburn,71,02/20/2026,03/14/2026,,,,Boston,,,
South Carolina,Koppers Inc.,Florence,66,02/20/2026,04/21/2026,Layoff,Permanent,,,Florence,,"280 N. Koppers Rd., Florence, SC 29506"
Alabama,CVG – Commercial Vehicle Group Alabama,Piedmont,76,02/19/2026,04/11/2026,Layoff,,,,,,
Alabama,Louis Vuitton,Birmingham,10,02/19/2026,02/17/2026,Closure,,,,,,
California,Jackson Family Wines (Carneros Hills Winery),27000 Ramal Road  Sonoma CA 95476,13,02/19/2026,04/17/2026,Closure Permanent,,,,Sonoma County,31-33 Manufacturing,
California,Wescom Financial,123 South Marengo Ave.  Pasadena CA 91101,15,02/19/2026,04/21/2026,Layoff Permanent,,,,Los Angeles County,52 Finance and Insurance,
California,Wescom Financial,10970 Jefferson Blvd.  Culver City CA 90230,1,02/19/2026,04/21/2026,Layoff Permanent,,,,Los Angeles County,52 Finance and Insurance,
California,Wescom Financial,2871 W 120th Street  Hawthorne CA 92618,1,02/19/2026,04/21/2026,Layoff Permanent,,,,Los Angeles County,52 Finance and Insurance,
California,Wescom Financial,4373 W. 182nd St.  Torrance CA 90504,1,02/19/2026,04/21/2026,Layoff Permanent,,,,Los Angeles County,52 Finance and Insurance,
California,Wescom Financial,2646 E Garvey Ave.  West Covina CA 91791,1,02/19/2026,04/21/2026,Layoff Permanent,,,,Los Angeles County,52 Finance and Insurance,
California,Wescom Financial,"General Stilwell Dr, Suite 100  Marina CA 93933",2,02/19/2026,04/21/2026,Layoff Permanent,,,,Monterey County,52 Finance and Insurance,
California,Wescom Financial,1141 S Main St.  Salinas CA 93901,1,02/19/2026,04/21/2026,Layoff Permanent,,,,Monterey County,52 Finance and Insurance,
California,Wescom Financial,5601 E. La Palma Ave.  Anaheim CA 92807,40,02/19/2026,04/21/2026,Layoff Permanent,,,,Orange County,52 Finance and Insurance,
California,Wescom Financial,"8039 Beach Blvd., Bldg. 6301  Buena Park CA 90620",1,02/19/2026,04/21/2026,Layoff Permanent,,,,Orange County,52 Finance and Insurance,
California,Wescom Financial,15378 Alton Pkwy.  Irvine CA 90250,1,02/19/2026,04/21/2026,Layoff Permanent,,,,Orange County,52 Finance and Insurance,
California,Wescom Financial,1330 S Beach Blvd Suite B  La Habra CA 90631,1,02/19/2026,04/21/2026,Layoff Permanent,,,,Orange County,52 Finance and Insurance,
California,Wescom Financial,3743 W Chapman Avenue  Orange CA 92868,1,02/19/2026,04/21/2026,Layoff Permanent,,,,Orange County,52 Finance and Insurance,
California,Wescom Financial,3431 Grand Oaks  Corona CA 92881,1,02/19/2026,04/21/2026,Layoff Permanent,,,,Riverside County,52 Finance and Insurance,
California,Wescom Financial,4330 E Mills Circle  Ontario CA 91764,1,02/19/2026,04/21/2026,Layoff Permanent,,,,San Bernardino County,52 Finance and Insurance,
California,Wescom Financial,9980 Alabama St. Suite F1  Redlands CA 92374,1,02/19/2026,04/21/2026,Layoff Permanent,,,,San Bernardino County,52 Finance and Insurance,
California,Wescom Financial,1660 E. Gonzales Rd.  Oxnard CA 93036,1,02/19/2026,04/21/2026,Layoff Permanent,,,,Ventura County,52 Finance and Insurance,
California,Wescom Financial,2691 E Tapo Canyon Road  Simi Valley CA 93063,1,02/19/2026,04/21/2026,Layoff Permanent,,,,Ventura County,52 Finance and Insurance,
California,Wescom Financial,11-A East Hillcrest Dr.  Thousand Oaks CA 91360,1,02/19/2026,04/21/2026,Layoff Permanent,,,,Ventura County,52 Finance and Insurance,
Maryland,"Catalent Maryland, LLC",Harman,93,02/19/2026,03/19/2026,Mass Layoff - No Recall,,,Anne Arundel County,,325412,"7555 Harmans Road Harman, MD 21077"
Maryland,"Catalent Maryland, LLC",Baltimore,3,02/19/2026,03/19/2026,Mass Layoff - No Recall,,,Baltimore City,,325412,"801 West Baltimore Street Suite 302 Baltimore, MD 21201"
Maryland,"Hornblower Cruises and Events, LLC",Baltimore,51,02/19/2026,04/25/2026,Mass Layoff - No Recall,,,Baltimore City,,487210,"575 S. Charles Street, Suite 506, Baltimore, MD 21201"
Massachusetts,*Updated* Charles River Laboratories,Wilmington,71,02/19/2026,04/24/2026-07/24/2026,,,,Boston,,,
North Carolina,Corning Incorporated,Tarboro,123,02/19/2026,04/19/2026,Closure,Permanent,,,Edgecombe,,
Tennessee,GXO,Memphis,185,02/19/2026,04/03/2026-05/31/2026,Layoff,Permanent,,,Shelby,,#202500034
Tennessee,Liberty Dental Plan,,1,02/19/2026,04/06/2026,Layoff,Permanent,,,Bradley,,#202500033
Texas,Bluum USA Inc.,Irving,60,02/19/2026,04/20/2026,,,,Dallas County WDA,Dallas,,
Texas,"Main Street Sports Group, LLC.",The Woodlands,18,02/19/2026,04/14/2026,,,,Gulf Coast WDA,Montgomery,,
Texas,Stockyards Hotel and H3 Ranch,Fort Worth,120,02/19/2026,04/06/2026,,,,Tarrant County WDA,Tarrant,,
Washington,CHS Northwest,"Bellingham, Black Diamond, Chimacum, Poulsbo",38,02/19/2026,04/19/2026,Layoff,Permanent,,,,,
California,Corteva Agriscience LLC,901 Loveridge Road  Pittsburg CA 94565,3,02/18/2026,04/24/2026,Closure Permanent,,,,Contra Costa County,54 Professional Scientific and Technical Services,
California,De La Pena Eye Clinic - DLP Commerce,5800 South Eastern Ave. Ste. 330 and 340  Commerce CA 90040,38,02/18/2026,03/13/2026,Closure Permanent,,,,Los Angeles County,62 Healthcare and Social Assistance,
California,De La Pena Eye Clinic - DLP El Monte,10942 Ramona Blvd. A  El Monte CA 91731,5,02/18/2026,03/13/2026,Closure Permanent,,,,Los Angeles County,62 Healthcare and Social Assistance,
California,De La Pena Eye Clinic - DLP Huntington Park,2715 E Florence Ave.  Huntington Park CA 90255,15,02/18/2026,03/13/2026,Closure Permanent,,,,Los Angeles County,62 Healthcare and Social Assistance,
California,De La Pena Eye Clinic - DLP Long Beach,1760 Termino Avenue  Long Beach CA 90804,3,02/18/2026,03/13/2026,Closure Permanent,,,,Los Angeles County,62 Healthcare and Social Assistance,
California,De La Pena Eye Clinic - DLP Los Angeles,139 S. Alvarado St.  Los Angeles CA 90057,12,02/18/2026,03/13/2026,Closure Permanent,,,,Los Angeles County,62 Healthcare and Social Assistance,
California,De La Pena Eye Clinic - DLP Montebello,2446 W. Whittier Blvd.  Montebello CA 90640,38,02/18/2026,03/13/2026,Closure Permanent,,,,Los Angeles County,62 Healthcare and Social Assistance,
California,De La Pena Eye Clinic - DLP Santa Ana,1520 N Grand Ave.  Santa Ana CA 92701,6,02/18/2026,03/13/2026,Closure Permanent,,,,Orange County,62 Healthcare and Social Assistance,
California,De La Pena Eye Clinic - DLP Van Nuys,7100 Van Nuys Blvd. Ste. 120  Van Nuys CA 91405,19,02/18/2026,03/13/2026,Closure Permanent,,,,Los Angeles County,62 Healthcare and Social Assistance,
California,Med-Laser Surgical Center LLC,2445 W Whittier Blvd. Ste 100  Montebello CA 90640,22,02/18/2026,04/14/2026,Closure Permanent,,,,Los Angeles County,62 Healthcare and Social Assistance,
Connecticut,"Talcott Resolution Life, Inc.",Hartford,101,02/18/2026,04/24/2026,Closure,Permanent,,,,,
Florida,Clarifying LLC,Clearwater,103,02/18/2026,04/19/2026,Closure,,,,,Finance and Insurance,
Florida,UF Health Central Florida,Leesburg,58,02/18/2026,05/01/2026,Layoff,Permanent,,,,Health Care and Social Assistance,
Florida,UF Health Central Florida,The Villages,102,02/18/2026,05/01/2026,Layoff,Permanent,,,,Health Care and Social Assistance,
Florida,UF Health Shands,Gainesville,139,02/18/2026,05/01/2026,Layoff,Permanent,,,,Accommodation and Food Services,
Massachusetts,"Legends Global (dba Legends Attractions, LLC and Legends Music, LLC)",Boston,41,02/18/2026,04/22/2026,,,,Boston,,,
South Carolina,International Paper Company,Georgetown,126,02/18/2026,05/01/2026-12/31/2026,Closure,Permanent,,,Georgetown,,"1480 International Dr., Georgetown, SC 29440"
Texas,Walgreens (Greens Rd.),Houston,159,02/18/2026,06/01/2026,,,,Gulf Coast WDA,Harris,,
Virginia,JC Penney,Springfield,74,02/18/2026,05/29/2026,Closure,,,Northern,,,
California,California Resources Corporation - (River Run),1117 River run Blvd  Bakersfield CA 93312,46,02/17/2026,02/14/2026,Layoff Permanent,,,,Kern County,21 Mining Quarrying Oil and Gas Exraction,
California,California Resources Corporation (Ming),10000 Ming Avenue  Bakersfield CA 93311,9,02/17/2026,02/14/2026,Layoff Permanent,,,,Kern County,21 Mining Quarrying Oil and Gas Exraction,
California,"Red O La Jolla, LCC",4340 La Jolla Village Drive  San Diego CA 92122,91,02/17/2026,04/20/2026,Closure Permanent,,,,San Diego County,72 Accommodation and Food Services,
California,Renova Energy Corporation,41555 Cook Street  Palm Desert CA 92211,49,02/17/2026,04/10/2026,Closure Permanent,,,,Riverside County,23 Construction,
California,Topanga Social Manager. LLC - Topanga Social Food Hall,6600 CA-27 #9038  Canoga Park CA 91303,131,02/17/2026,04/14/2026,Closure Permanent,,,,Los Angeles County,72 Accommodation and Food Services,
Florida,HCL,Lakeland,98,02/17/2026,04/20/2026-11/15/2026,Layoff,Permanent,,,,Information,
Illinois,Heartland Human Care Services,Chicago,145,02/17/2026,03/31/2026-04/01/2026,Closing,Permanent,Yes,Northeast 4,Cook,Human Rights Organization,
Iowa,Wells Fargo,West Des Moines,2,02/17/2026,04/18/2026,Mass Layoff - Additional Employees,,,Central Iowa,Polk,Finance and Insurance,
Iowa,Whirlpool Corporation,Amana,341,02/17/2026,03/09/2026,Mass Layoff,,,East Central Iowa,Iowa,Manufacturing,
Maryland,Breakthru Beverage Group,Linthicum Heights,35,02/17/2026,04/18/2026,Mass Layoff - No Recall,,,Anne Arundel County,,424820,"525 Progress Drive, Suite K, Linthicum Heights, MD 21090"
Maryland,"Lowe’s Companies, Inc.",Remote,5,02/17/2026,04/19/2026-05/01/2026,Mass Layoff - No Recall,,,Statewide,,444110,"1000 Lowe’s Blvd. Mooresville, NC 28117"
Michigan,"Compass Group USA, Inc.",Madison Heights,114,02/17/2026,04/06/2026,Closure,Permanent,,,Oakland,,
Oregon,Lowe's Companies,"Albany, Remote",3,02/17/2026,04/19/2026-05/01/2026,Large Layoff - 10 or more workers,,,,,,9446
Virginia,AOL,Reston,108,02/17/2026,03/01/2026,Layoff,,,Northern,,,
Virginia,Huntington Ingall Industries (HII) Mission Technologies,Fairfax,74,02/17/2026,04/17/2026,Layoff,,,Northern,,,
Arizona,"Lowe's Companies, Inc.","Mooresville, NC",12,02/16/2026,,,,,7,,,"1000 Lowe's Blvd Mooresville, North Carolina 28117"
Georgia,"ION Media Networks, Inc.",Atlanta,53,02/16/2026,04/10/2026,Permanent Layoff / Reduction in Force,,,,Fulton,,GA202500079
Georgia,Main Street Sports Group,Atlanta,74,02/16/2026,04/14/2026,Permanent Closure,,,,Fulton,,GA202500081
Ohio,Lowe's Companies,"Remote, Groveport, North Canton, Fairborn, Cincinnati, Findlay, Columbus",17,02/16/2026,04/19/2026-05/01/2026,Layoff,Permanent,,,,,
Washington,"Peshastin Pear Packers, LLC.",Peshastin,31,02/16/2026,04/23/2026,Layoff,Permanent,,,,,
Utah,Sheraton,Salt Lake City,100,02/15/2026,,,,,,,,
California,E. J. Gallo Wineries - Frei Ranch,3387 Dry Creek Road  Healdsburg CA 95448,9,02/13/2026,04/15/2026,Layoff Permanent,,,,Sonoma County,31-33 Manufacturing,
California,E. J. Gallo Wineries - J Vineyards & Winery,11447 Old Redwood Hwy.  Healdsburg CA 95448,11,02/13/2026,04/15/2026,Layoff Permanent,,,,Sonoma County,31-33 Manufacturing,
California,E. J. Gallo Wineries - Orin Swift Tasting Room,1321 Main Street  St. Helena CA 94574,2,02/13/2026,04/15/2026,Layoff Permanent,,,,Napa County,31-33 Manufacturing,
California,E.G. Gallo Winery - Louis M. Martini Winery,254 St. Helena Hwy  St. Helena CA 94574,15,02/13/2026,04/15/2026,Layoff Permanent,,,,Napa County,31-33 Manufacturing,
California,"Harbinger Production, Inc.",1245 Nimitz Ave Bldg. 680  Vallejo CA 94592,290,02/13/2026,04/13/2026,Layoff Permanent,,,,Solano County,31-33 Manufacturing,
California,LPL Financial LLC,4707 Executive Drive  San Diego CA 92121,72,02/13/2026,04/17/2026,Layoff Permanent,,,,San Diego County,52 Finance and Insurance,
California,"Main Street Sports Group, LLC",12910 Culver Blvd.  Los Angeles CA 90066,97,02/13/2026,04/14/2026,Closure Permanent,,,,Los Angeles County,72 Accommodation and Food Services,
California,Outdoor Research,10668 Hickson St  El Monte CA 91731,50,02/13/2026,04/14/2026,Closure Permanent,,,,Los Angeles County,31-33 Manufacturing,
Connecticut,"Main Street Sports Group, LLC",Southport,44,02/13/2026,04/14/2026,Closure,Permanent,,,,,
Florida,ILLUMUS,Titusville,84,02/13/2026,04/15/2026-09/30/2026,Closure,Permanent,,,,Manufacturing,
Florida,Main Street Sports Group,Tampa,4,02/13/2026,04/10/2026-04/27/2026,Closure,Permanent,,,,Information,
Florida,Main Street Sports Group,Fort Lauderdale,20,02/13/2026,04/10/2026-04/27/2026,Closure,Permanent,,,,Information,
Florida,TTEC,Saint Petersburg,57,02/13/2026,04/14/2026,Layoff,Permanent,,,,"Professional, Scientific, and Technical Services",
Georgia,"Impact Outsourcing Solutions VI, LLC",Jonesboro,76,02/13/2026,04/13/2026,Permanent Closure,,,,Clayton,,GA202500080
Illinois,"Panera, LLC (Panera Bread)",Elk Grove Village,119,02/13/2026,03/25/2026-03/27/2026,Closing,Permanent,No,Northeast 4,Cook,Limited-Service Restaurants,
Kansas,Lowe's,"Charlotte, NC",3,02/13/2026,,,,,3,,,"100 W Worthington Avenue Charlotte, North Carolina 28203"
Michigan,"Main Street Sports Group, LLC",Detroit,17,02/13/2026,04/14/2026,Closure,Permanent,,,Wayne,,
Mississippi,Birdsong Peanuts-Aberdeen,Prairie,7,02/13/2026,06/30/2026,Layoff,,,MS Partnership,Monroe,424590 – Other Farm Product Raw Material Merchant Wholesaler,
Missouri,"Main Street Sports Group, LLC",St. Louis,25,02/13/2026,04/14/2026,Closing,,,St. Louis,,Entertainment,
North Carolina,"Lowe's Companies, Inc.",Charlotte,49,02/13/2026,05/01/2026,Layoff,Permanent,,,Mecklenburg,,
North Carolina,"Lowe's Companies, Inc.",Mooresville,178,02/13/2026,05/01/2026,Layoff,Permanent,,,Iredell,,
Ohio,Main Street Sports Group,Cleveland,27,02/13/2026,04/14/2026,Closure,Permanent,,,Cuyahoga,,
West Virginia,"Greenbriar Minerals, LLC","Lorado, Cyclone, Davin",530,02/13/2026,04/14/2026,Layoff,Permanent,,,,,
Wisconsin,"Main Street Sports Group, LLC",Brookfield,2,02/13/2026,04/14/2026,Facility Closure,,,WOW,Waukesha,Television Broadcasting Stations,
Alabama,Southern Parallel Forest Products Corp,Albertville,62,02/12/2026,04/08/2026,Closure,,,,,,
California,E.J. Gallo Winery - The Ranch Winery,105 Zinfandel Lane  Saint Helena CA 94574,56,02/12/2026,04/15/2026,Closure Permanent,,,,Napa County,31-33 Manufacturing,
California,"Frito-Lay, Inc.",9535 Archibald Avenue  Rancho Cucamonga CA 91730,248,02/12/2026,06/06/2026,Closure Permanent,,,,San Bernardino County,31-33 Manufacturing,
Maryland,T. Rowe Price,Baltimore,54,02/12/2026,02/06/2026,Mass Layoff - No Recall,,,Baltimore City,,523940,"1307 Point Street Baltimore, MD 21231"
California,Yanfeng International Automotive Technology US I LLC,31500 Hayman Street  Hayward CA 94544,43,02/11/2026,04/13/2026,Layoff Permanent,,,,Alameda County,31-33 Manufacturing,
Massachusetts,"AE Regional Distribution Co., LLC (formerly known as Quiet Logistics, Inc.)",Devens,103,02/11/2026,04/12/2026-05/06/2026,,,,Central,,,
Mississippi,Regency Hospital,Meridian,102,02/11/2026,02/11/2026,Closure,,,Twin Districs,Lauderdale,622110 – General Medical and Surgical Hospital,
North Carolina,LTI Holdings Inc. DBA Boyd,Monroe,63,02/11/2026,09/01/2026,Closure,Permanent,,,Union,,
South Carolina,Milliken (Cedar Hill Plant) ,Jonesville,126,02/11/2026,04/17/2026,Closure,Permanent,,,Union,,"225 Bob Little Rd., Jonesville, SC 29353"
Texas,Comerica Bank(Frisco Star Tower Facility),Frisco,54,02/11/2026,04/24/2026,,,,North Central Texas WDA,Denton,,
Texas,Randalls #3067,Houston,94,02/11/2026,04/18/2026,,,,Gulf Coast WDA,Harris,,
Washington,PeaceHealth,Various,94,02/11/2026,04/12/2026,Layoff,Permanent,"IUOE, SEIU Local 49, SEIU Local 1199, WSNA, OFNHP",,,,
Alabama,Birmingham Parking Authority,Birmingham,33,02/10/2026,04/01/2026,Layoff,,,,,,
Alabama,Saks Fifth Avenue,Birmingham,44,02/10/2026,04/11/2026,Closure,,,,,,
Arizona,Saks & Company LLC,Phoenix,67,02/10/2026,,,,,5,,,"2446 E Camelback Rd Phoenix, Arizona 85016"
California,Clari Inc.,1154 Sonora Court  Sunnyvale CA 94086,76,02/10/2026,04/11/2026,Layoff Permanent,,,,Santa Clara County,54 Professional Scientific and Technical Services,
California,Johns Manville,5916 County Road 49  Willows CA 95988,90,02/10/2026,04/19/2026,Closure Temporary,,,,Glenn County,31-33 Manufacturing,
California,Riot Games,12333 W Olympic Blvd.  Los Angeles CA 90064,56,02/10/2026,04/10/2026,Layoff Permanent,,,,Los Angeles County,51 Information,
Florida,DHL Supply Chain,Lakeland,203,02/10/2026,04/01/2026-12/31/2026,Closure,Permanent,,,,Transportation and Warehousing,
Georgia,Moove Cars Mobility Usa Corp,East Point,83,02/10/2026,04/10/2026,Permanent Closure,,,,Fulton,,GA202500078
Illinois,Walgreens,Deerfield,416,02/10/2026,02/10/2026,Layoff,Permanent,No,Northeast 4,Lake,Pharmacies and Drug Retailers,
Illinois,Walgreens,Chicago,52,02/10/2026,02/10/2026,Layoff,Permanent,No,Northeast 4,Cook,Pharmacies and Drug Retailers,
Illinois,Walgreens,Danville,1,02/10/2026,02/10/2026,Layoff,Permanent,No,East Central 2,Vermilion,Pharmacies and Drug Retailers,
Massachusetts,Saks & Company LLC (dba Neiman Marcus),Boston,73,02/10/2026,04/11/2026-04/30/2026,,,,Boston,,,
Ohio,Saks & Company LLC,Columbus,41,02/10/2026,04/11/2026-04/30/2026,Closure,Permanent,,,Franklin,,
Virginia,Saks Fifth Avenue,Richmond,40,02/10/2026,04/11/2026,Closure,,,Central,,,
Wisconsin,Cargill Meat Solutions Corp,Milwaukee,221,02/10/2026,04/11/2026,Facility Closure,,,Milwaukee,Milwaukee,Meat Processed from Carcasses,
Wisconsin,SpartanNash,Chippewa Falls,57,02/10/2026,04/11/2026,Facility Closure,,,West Central,Chippewa,Supermarkets & Other Grocery Stores,
California,Fender Musical Instruments Corporation,311 Cessna Cir.  Corona CA 92878,60,02/09/2026,04/07/2026,Layoff Permanent,,,,Riverside County,31-33 Manufacturing,
Georgia,"WWL Vehicle Services Americas, Inc.",Brunswick,65,02/09/2026,04/10/2026,Permanent Layoff / Reduction in Force,,,,Glynn,,GA202500077
Idaho,LA Semiconductor LLC ,Pocatello,342,02/09/2026,04/10/2026,,,,,,,2300 W. Buckskin Rd
Maryland,Savage Infrastructure LLC,Oakland,72,02/09/2026,04/07/2026-04/21/2026,Plant Closure,,,Western Maryland,,484110,"354 Table Rock Road Oakland, MD 21550"
Massachusetts,Garlock Flexibles,Gardner,91,02/09/2026,04/30/2026-09/30/2026,,,,Central,,,
Missouri,Community Wholesale Tire Dis. Inc.,Hazelwood,143,02/09/2026,04/10/2026,Closing,,,St. Louis County,St. Louis,Tire Merchant,
Ohio,Astrion,Beavercreek,61,02/09/2026,05/31/2026,Layoff,Permanent,,,Greene,,
Washington,Congdon Packing Company,Seattle,102,02/09/2026,04/15/2026,Layoff,Permanent,,,,,
Washington,Eddie Bauer LLC,Yakima,60,02/09/2026,04/15/2026,Closure,Permanent,,,,,
California,Searles Valley Minerals,13200 Main Street  Trona CA 93562,270,02/06/2026,04/07/2026,Layoff Permanent,,,,San Bernardino County,31-33 Manufacturing,
California,"Super A Foods, Inc.",6380 E. Florence Ave.  Bell Gardens CA 90201,20,02/06/2026,03/24/2026,Closure Permanent,,,,Los Angeles County,44-45 Retail Trade,
Florida,"Ritz-Carlton, Bal Harbour",Bal Harbour,108,02/06/2026,04/06/2026,Layoff,Temporary,,,,Accommodation and Food Services,
Iowa,"Cedar Valley Corp, LLC",Waterloo,89,02/06/2026,03/17/2026,Closing,,,Northeast Iowa,Black Hawk,Construction,
Maryland,"LifeBridge Suburban Staffing, LLC",Ellicott City,23,02/06/2026,03/07/2026-04/06/2026,Plant Closure,,,Howard County,,561311,"2850 N. Ridge Road Ellicott City, MD"
Massachusetts,Smithfield Packaged Meats Corp.,Springfield,190,02/06/2026,04/10/2026-09/11/2026,,,,Western,,,
Missouri,St. Louis Post-Dispatch,Maryland Heights,3,02/06/2026,06/26/2026,Closing,,,St. Louis & vicinity,St. Louis,Newspaper Publisher,
North Carolina,"Avantor Fluid Handling, LLC ",Morrisville,54,02/06/2026,07/10/2026,Closure,Permanent,,,Wake,,
"Washington, D.C.",WP Company LLC,,277,02/06/2026,04/10/2026,Layoff,,,,,,
Alabama,Tiffin Motor Homes Inc,Winfield,140,02/05/2026,05/12/2026,Closure,,,,,,
Alabama,Tiffin Motor Homes Inc,Red Bay,140,02/05/2026,05/12/2026,Closure,,,,,,
Alabama,Tiffin Motorhomes Incorporated,Winfield,139,02/05/2026,05/12/2026,Closure,,,,,,
Arizona,Liberty Dental Plan,"Tustin, CA",1,02/05/2026,,,,,7,,,"1730 Flight Way, #125 Tustin, California 92782"
California,Del Monte Foods Corporation II Inc - Modesto,4000 Yosemite Boulevard  Modesto CA 95357,765,02/05/2026,04/07/2026,Closure Permanent,,,,Stanislaus County,42 Wholesale Trade,
California,Del Monte Foods Corporation II Inc. - Hughson,2018 Santa Fe Avenue  Hughson CA 95326,11,02/05/2026,04/07/2026,Closure Permanent,,,,Stanislaus County,42 Wholesale Trade,
California,"Liberty Dental Plan of California, Inc.","1730 Flight Way, Suite 125  Tustin CA 92782",22,02/05/2026,04/06/2026,Layoff Permanent,,,,Orange County,52 Finance and Insurance,
California,"Medtronic, Inc.",18000 Devonshire Street  Northridge CA 91325,81,02/05/2026,04/07/2026,Layoff Permanent,,,,Los Angeles County,31-33 Manufacturing,
California,"Natron Energy, Inc.",3542 Bassett St  Santa Clara CA 95054,58,02/05/2026,09/03/2025,Closure Permanent,,,,Santa Clara County,54 Professional Scientific and Technical Services,
California,RSVC Company (1825 Chicago Avenue),1825 Chicago Avenue  Riverside CA 92507,114,02/05/2026,04/06/2026,Closure Permanent,,,,Riverside County,23 Construction,
California,RSVC Company (3051 Myers Street),3051 Myers Street  Riverside CA 92503,13,02/05/2026,04/06/2026,Closure Permanent,,,,Riverside County,23 Construction,
California,Workday Inc.,6110 Stoneridge Mall Road  Pleasanton CA 94588,154,02/05/2026,04/06/2026,Layoff Permanent,,,,Alameda County,51 Information,
Florida,Liberty Dental Plan Corporation,Tampa,95,02/05/2026,04/06/2026-04/19/2026,Layoff,Permanent,,,,Health Care and Social Assistance,
Georgia,Aludyne Inc,Columbus,341,02/05/2026,01/01/2026,Permanent Closure,,,,Muscogee,,GA202500010
Georgia,Big Tex Trailer Manufacturing LLC,Cordele,100,02/05/2026,01/16/2026,Permanent Closure,,,,Crisp,,GA202500054
Georgia,"GMRI, Inc.",Duluth,78,02/05/2026,04/05/2026,Permanent Closure,,,,Gwinnett,,GA202500073
Georgia,Liberty Dental Plan Corporation,Remote,1,02/05/2026,04/06/2026,Permanent Layoff / Reduction in Force,,,,,,GA202500075
Georgia,Sumitomo Mitsui Banking Corporation,Remote,3,02/05/2026,03/10/2026,Permanent Layoff / Reduction in Force,,,,,,GA202500064
Georgia,"Tessera Therapeutics, Inc",Remote,1,02/05/2026,03/08/2026,Permanent Layoff / Reduction in Force,,,,,,GA202500063
Illinois,"Franciscan Alliance, Inc. dba Franciscan Health Olympia Fields",Olympa,"1,535",02/05/2026,04/01/2026,Closing,Permanent,No,Northeast 4,Cook,General Medical and Surgical Hospitals,
Illinois,"Franciscan Alliance, Inc. dba Specialty Physicians of Illinois, LLC",Chicago Heights,329,02/05/2026,04/01/2026,Closing,Permanent,No,Northeast 4,Cook,Office of Physicians,
Virginia,Liberty Dental Plan Corporation,Staunton,1,02/05/2026,04/06/2026,Layoff,,,,,,
California,"genentech, Inc.",1 DNA Way  South San Francisco CA 94080,141,02/04/2026,08/18/2025,Layoff Permanent,,,,San Mateo County,42 Wholesale Trade,
California,HRL Laboratories,3011 Malibu Canyon Drive  Malibu CA 90265,258,02/04/2026,04/03/2026,Layoff Permanent,,,,Los Angeles County,54 Professional Scientific and Technical Services,
California,HRL Laboratories,26800 Agoura Road  Calabasas CA 91301,50,02/04/2026,04/03/2026,Layoff Permanent,,,,Los Angeles County,54 Professional Scientific and Technical Services,
California,HRL Laboratories,1545 26th Street  Santa Monica CA 90404,21,02/04/2026,04/03/2026,Layoff Permanent,,,,Los Angeles County,54 Professional Scientific and Technical Services,
California,HRL Laboratories,741 Calle Plano  Camarillo CA 93012,4,02/04/2026,04/03/2026,Layoff Permanent,,,,Ventura County,54 Professional Scientific and Technical Services,
California,HRL Laboratories,3500 Willow Lane  Thousand Oaks CA 91361,35,02/04/2026,04/03/2026,Layoff Permanent,,,,Ventura County,54 Professional Scientific and Technical Services,
California,HRL Laboratories (Remote),Remote  Malibu CA 90265,8,02/04/2026,04/03/2026,Layoff Permanent,,,,Los Angeles County,54 Professional Scientific and Technical Services,
California,San Bruno CityNet Services,398 El Camino Real  San Bruno CA 94066,13,02/04/2026,11/15/2025,Closure Permanent,,,,San Mateo County,92 Public Administration,
California,"Small Precision Tools California, Inc.",1330 Clegg Street  Petaluma CA 94954,30,02/04/2026,04/17/2026,Layoff Permanent,,,,Sonoma County,31-33 Manufacturing,
Connecticut,CVS Heath - Aetna,"Hartford, Remote",313,02/04/2026,04/03/2026-07/31/2026,Layoff,Permanent,,,,,
Florida,HGS USA,Orlando,1,02/04/2026,03/31/2026,Layoff,Permanent,,,,Information,
Georgia,KIPP Atlanta Schools,Atlanta,122,02/04/2026,06/30/2026,Permanent Closure,,,,Fulton,,GA202500074
Kentucky,HGS CX TECHNOLOGIES INC.,,92,02/04/2026,03/31/2026,Layoff,,,Bluegrass,Franklin,541611,
Maryland,"HGS CX Technologies, Inc. f/k/a HGS USA","El Paso, TX",92,02/04/2026,03/31/2026-04/14/2026,Mass Layoff - No Recall,,,Statewide,,561499,"12120 Rojas Drive El Paso, Texas"
Maryland,"NFI Interactive Technologies, LLC (NFI)",Perryville,40,02/04/2026,03/30/2026,Plant Closure,,,Susquehanna,,484121,"81 Belvedere Road Perryville, MD 21903"
Oregon,Roseburg Forest Products,Springfield,146,02/04/2026,04/05/2026,Large Layoff - 10 or more workers,,UBC,,,,9436
Texas,"Empower Clinic Services, LLC",Houston,57,02/04/2026,02/04/2026,,,,Gulf Coast WDA,Harris,,
Texas,"First Brands Group, LLC",Arlington,87,02/04/2026,01/26/2026,,,,North Central Texas WDA,Tarrant,,
Texas,Helpful Hands Inc. Joint Base San Antonio-Lackland,San Antonio,96,02/04/2026,03/31/2026,,,,Alamo WDA,Bexar,,
Texas,HGS Solutions,El Paso,92,02/04/2026,03/31/2026,,,,Borderplexjobs WDA,El Paso,,
Texas,Janus International Group,Houston,113,02/04/2026,04/03/2026,,,,Gulf Coast WDA,Harris,,
Wisconsin,Artisans Inc.,Glen Flora,46,02/04/2026,03/31/2026,Facility Closure,,,Northwest,Rusk,Family Clothing Stores,
California,City National Bank,350 S. Grand Ave.  Los Angeles CA 90071,9,02/03/2026,04/03/2026,Layoff Not known at this time,,,,Los Angeles County,52 Finance and Insurance,
California,"Constellation Brands, Inc.",12667 Road 24  Madera CA 93637,212,02/03/2026,04/03/2026,Layoff Permanent,,,,Madera County,42 Wholesale Trade,
California,"First Brands Group, LLC",2701 Keystone Pkwy  Patterson CA 95363,98,02/03/2026,04/04/2026,Closure Permanent,,,,Stanislaus County,44-45 Retail Trade,
California,"Meta Platforms, Inc.",1180 Discovery Way  Sunnyvale CA 94089,52,02/03/2026,03/20/2026,Layoff Permanent,,,,Santa Clara County,51 Information,
California,"Meta Platforms, Inc. - 1 Hacker",1 Hacker Way  Menlo Park CA 94025,6,02/03/2026,03/20/2026,Layoff Permanent,,,,San Mateo County,51 Information,
California,"Meta Platforms, Inc. - 180 Jefferson",180 Jefferson Drive  Menlo Park CA 94025,2,02/03/2026,03/20/2026,Layoff Permanent,,,,San Mateo County,51 Information,
California,"Meta Platforms, Inc. - 190 Jefferson",190 Jefferson Drive  Menlo Park CA 94025,1,02/03/2026,03/20/2026,Layoff Permanent,,,,San Mateo County,51 Information,
California,"Meta Platforms, Inc. - 220 Jefferson",220 Jefferson Drive  Menlo Park CA 94025,2,02/03/2026,03/20/2026,Layoff Permanent,,,,San Mateo County,51 Information,
California,"Meta Platforms, Inc. - 305 Constitution",305 Constitution Dr.  Menlo Park CA 94025,39,02/03/2026,03/20/2026,Layoff Permanent,,,,San Mateo County,51 Information,
California,"Western Digital Technologies, Inc.",5601 Great Oaks Parkway  San Jose CA 95119,47,02/03/2026,01/27/2026,Layoff Not known at this time,,,,Santa Clara County,31-33 Manufacturing,
Florida,Bahama Breeze,"Miami, Pembroke Pines, Kissimmee, Sanford, Jacksonville",377,02/03/2026,04/05/2026,Closure,Permanent,,,,Accommodation and Food Services,
Florida,"Innodata Services, LLC",Statewide,163,02/03/2026,02/06/2026-03/13/2026,Layoff,Permanent,,,,Information,
Illinois,"First Brands Group, LLC",McHenry,389,02/03/2026,02/23/2026-04/10/2026,Closing,Permanent,No,Northeast 4,McHenry,Manufacturing - Motor Vehicle Parts,
Illinois,Wells Fargo,Rosemont,41,02/03/2026,03/06/2026-04/04/2026,Layoff,Permanent,No,Northeast 4,Cook,Commercial Banking,
Iowa,Wells Fargo,West Des Moines,49,02/03/2026,04/04/2026,Mass Layoff,,,Central Iowa,Polk,Finance and Insurance,
Kentucky,PARSONS CORPORATION,,8,02/03/2026,04/16/2026,Closure,,,Bluegrass,Madison,541330,
Louisiana,Stockhausen Superabsorber LLC,Garyville,64,02/03/2026,04/03/2026,,,,,,Chemical Manufacturing,
Michigan,"GMRI, Inc., DBA Bahama Breeze",Livonia,66,02/03/2026,04/05/2026,Closure,Permanent,,,Wayne,,
North Carolina,"GMRI, Inc. dba Bahama Breeze",Raleigh,75,02/03/2026,04/05/2026,Closure,Permanent,,,Wake,,
North Carolina,Wells Fargo,Raleigh,112,02/03/2026,04/04/2026,Layoff,Permanent,,,Wake,,
Tennessee,Premiere Building Maintenance Corporation,Knoxville,154,02/03/2026,03/31/2026,Layoff,Permanent,,,Knox,,#202500032
Texas,Expedia Group Inc. (Austin),Austin,100,02/03/2026,04/01/2026,,,,Capital Area WDA,Travis,,
Virginia,Bahama Breeze,Woodbridge,62,02/03/2026,04/05/2026,Closure,,,Northern,,,
Washington,"GMRI, Inc. dba Bahama Breeze",Tukwila,93,02/03/2026,04/05/2026,Closure,Permanent,,,,,
California,"American Eagle Outfitters, Inc.",6565 Valley View Street  La Palma CA 90623,108,02/02/2026,04/03/2026,Closure Permanent,,,,Orange County,44-45 Retail Trade,
California,"Intrepid Studios, Inc.","3721 Valley Centre Dr., Ste. 200  San Diego CA 92130",123,02/02/2026,02/02/2026,Closure Permanent,,,,San Diego County,51 Information,
California,Legacy Supply Chain,7835 Canoga Avenue  Canoga Park CA 91304,8,02/02/2026,04/01/2026,Layoff Permanent,,,,Los Angeles County,42 Wholesale Trade,
California,Legacy Supply Chain,200 North Berry St  Brea CA 92821,92,02/02/2026,04/01/2026,Layoff Permanent,,,,Orange County,42 Wholesale Trade,
California,Legacy Supply Chain,8331 Avenue 45 Ste 102  Indio CA 92201,4,02/02/2026,04/01/2026,Layoff Permanent,,,,Riverside County,42 Wholesale Trade,
California,Legacy Supply Chain,14835 San Bernardino Ave  Fontana CA 92335,11,02/02/2026,04/01/2026,Layoff Permanent,,,,San Bernardino County,42 Wholesale Trade,
California,Legacy Supply Chain,10031 Old Grove Rd  San Diego CA 92120,14,02/02/2026,04/01/2026,Layoff Permanent,,,,San Diego County,42 Wholesale Trade,
California,Medical Device Components LLC dba Lighteum Medical,12205 World Trade Drive  San Diego CA 92128,83,02/02/2026,04/03/2026,Layoff Permanent,,,,San Diego County,42 Wholesale Trade,
California,Phillips 66,1660 W. Anaheim Street  Wilmington CA 90744,82,02/02/2026,04/03/2026,Closure Permanent,,,,Los Angeles County,31-33 Manufacturing,
California,Phillips 66,1520 E. Sepulveda Blvd.  Carson CA 90745,40,02/02/2026,04/03/2026,Closure Permanent,,,,Los Angeles County,31-33 Manufacturing,
California,Regal Rexnord,"4603 N Brawley, Suite 102  Fresno CA 93722",3,02/02/2026,04/10/2026,Closure Permanent,,,,Fresno County,42 Wholesale Trade,
Illinois,Alverno Laboratories (at Franciscan Health Olympia Fields),Olympia Fields,66,02/02/2026,04/01/2026,Closing,Permanent,No,Northeast 4,Cook,General Medical and Surgical Hospital,
Indiana,"Grouper Acquisition Company, LLC, dba Shiloh Industries, Inc",Goshen,172,02/02/2026,03/31/2026,Closure,,,,,336370,Motor Vehicle Metal Stamping
Maryland,"Charles River Laboratories, Inc.",Hanover,20,02/02/2026,03/23/2026,Plant Closure,,,Anne Arundel County,,541715,3600 Cabover Drive Hanover MD 21076
Michigan,"Grouper Acquisition Company, Inc.",Galesburg,160,02/02/2026,03/31/2026,Closure,Permanent,,,Kalamazoo,,
Ohio,First Financial Bancorp,Serville,56,02/02/2026,03/19/2026-09/15/2026,Layoff,Permanent,,,Medina,,
Oregon,"Single Source Security, LLC dba Protos Security",Statewide,71,02/02/2026,04/05/2026,Large Layoff - 10 or more workers,,,,,,9434; service at Kroger locations
Washington,T-Mobile,"Bellevue, Bellingham, Bothell, Spokane Valley, Woodinville, Snoqualmie, East Wenatchee, Remote",393,02/02/2026,04/02/2026,Layoff,Permanent,,,,,
"Washington, D.C.",Elior North America,,76,02/02/2026,06/30/2026,Layoff,,,,,,
Minnesota,Golden Corral Buffet,Maple Grove,1,02/01/2026,02/19/2026,Closing,Small Layoff Services,,,,Dining Establishments,
Minnesota,Main Street Sports Group,Minneapolis,20,02/01/2026,04/14/2026,Closing,Small Layoff Services,,,,Arts/Entertainment/Rec,
Minnesota,MDI,Grand Rapids,102,02/01/2026,02/04/2026,Workforce Reduction,Small Layoff Services,,,,Manufacturing,
Minnesota,Me & Julio Restaurant,Hastings,1,02/01/2026,02/06/2026,Closing,Small Layoff Services,,,,Dining Establishments,
Minnesota,MN Twist Drill,Chisholm,84,02/01/2026,,,Aversion/Retention,,,,Manufacturing,
Minnesota,Pizza Hut,Winona,1,02/01/2026,03/02/2026,Closing,Small Layoff Services,,,,Dining Establishments,
New Jersey,Arrow Fastener,Saddle Brook,140,02/01/2026,05/01/2026-08/26/2026,,,,,,,
New Jersey,AT&T,Bedminster,75,02/01/2026,05/19/2026,,,,,,,
New Jersey,Birstol Myers Squibb,Lawrence Township,247,02/01/2026,05/21/2026-12/31/2026,,,,,,,
New Jersey,Cigna Evernorth Services,Morris Plains,134,02/01/2026,04/28/2026-05/20/2026,,,,,,,
New Jersey,Citibank,Statewide,141,02/01/2026,05/21/2026-06/14/2026,,,,,,,
New Jersey,Compass Inc.,Madison,110,02/01/2026,01/09/2026-08/14/2026,,,,,,,
New Jersey,Eddie Bauer,"Bergen, Morris, Camden, Monmouth, Somerset",58,02/01/2026,02/02/2026-05/15/2026,,,,,,,
New Jersey,GMRI Inc,Statewide,98,02/01/2026,04/05/2026,,,,,,,
New Jersey,Imperia Foods,Fairfield,82,02/01/2026,05/22/2026-09/01/2026,,,,,,,
New Jersey,Integra Life Sciences,Princeton,65,02/01/2026,05/01/2025-06/15/2026,,,,,,,
New Jersey,IPIC Theaters,Fort Lee,97,02/01/2026,05/28/2026,,,,,,,
New Jersey,JP Morgan Chase,Jersey City,120,02/01/2026,05/03/2026,,,,,,,
New Jersey,Macy's,Statewide,79,02/01/2026,03/07/2026,,,,,,,
New Jersey,MarketSource,Jersey City,57,02/01/2026,05/30/2026,,,,,,,
New Jersey,Saks & Company,East Rutherford,58,02/01/2026,05/11/2026,,,,,,,
New Jersey,Scudetto Logistics,Trenton,120,02/01/2026,05/14/2026,,,,,,,
New Jersey,Spectra Laboratories,Rockleigh,57,02/01/2026,04/07/2026-05/08/2026,,,,,,,
New Jersey,Target,"Burlington, Gloucester, Middlesex, Monmouth",107,02/01/2026,05/17/2026,,,,,,,
New Jersey,Valley National Bank,Morristown,96,02/01/2026,05/04/2026-09/25/2026,,,,,,,
New Jersey,Walmart,Hoboken,100,02/01/2026,05/01/2026,,,,,,,
Pennsylvania,BPM Limited Update,Chesterbrook,248,02/01/2026,03/29/2026-09/30/2026,Layoff,,,,Chester,,
Pennsylvania,Bradford Regional Medical Center,Bradford,238,02/01/2026,05/02/2026-05/17/2026,Closure,,,,McKean,,
Pennsylvania,"Everett Foodliner, Inc. and  Saxton Market, Inc.","Everett, Saxton",122,02/01/2026,04/20/2026,Closure,,,,Bedford,,"64 affected in Everett, 58 affected in Saxton"
Pennsylvania,"Green Leaf Medicals, LLC",Saxton,52,02/01/2026,04/18/2026,Closure,,,,Bedford,,
Pennsylvania,"Post Consumer Brands, LLC",Bloomsburg,11,02/01/2026,05/01/2026,Layoff,,,,Columbia,,
Pennsylvania,Saks Fifth Avenue,Wilkes Barre,155,02/01/2026,04/11/2026-04/30/2026,Closure,,,,Luzerne,,
Pennsylvania,Saks Fifth Avenue,Bala Cynwyd,50,02/01/2026,04/11/2026,Closure,,,,Montgomery,,
Pennsylvania,White Deer Run Allenwood,Allenwood,31,02/01/2026,04/05/2026,Layoff,,,,Union,,
Georgia,TLC of Georgia LLC,Sugar Hill,78,01/31/2026,04/04/2026,Permanent Closure,,,,Gwinnett,,GA202500072
Kentucky,"T-Mobile USA, Inc.",Louisville,74,01/31/2026,04/02/2026,Layoff,,,Kentuckiana Works,Jefferson,517,
Missouri,National Aviation Services (NAS),St. Louis,48,01/31/2026,04/01/2026,Loss of Contract,,,St. Louis,,Travel - Airline,
Arizona,"Automated Harvesting, LLC.",Yuma,46,01/30/2026,,,,,9,,,"10266 South Avenue 4E, Yuma, Arizona 85365"
California,Amazon,401 San Antonio Rd  Mountain View CA 94040,72,01/30/2026,04/28/2026,Layoff Permanent,,,,Santa Clara County,44-45 Retail Trade,
California,Amazon,1120 Enterprise Way  Sunnyvale CA 94089,32,01/30/2026,04/28/2026,Layoff Permanent,,,,Santa Clara County,44-45 Retail Trade,
California,Amazon,1100 Enterprise Way  Sunnyvale CA 94089,3,01/30/2026,04/28/2026,Layoff Permanent,,,,Santa Clara County,44-45 Retail Trade,
California,Amazon,1160 Enterprise Way  Sunnyvale CA 94089,11,01/30/2026,04/28/2026,Layoff Permanent,,,,Santa Clara County,44-45 Retail Trade,
California,Amazon,905 Eleventh Ave.  Sunnyvale CA 94089,58,01/30/2026,04/28/2026,Layoff Permanent,,,,Santa Clara County,44-45 Retail Trade,
California,Amazon,1100 Discovery Way  Sunnyvale CA 94089,87,01/30/2026,04/28/2026,Layoff Permanent,,,,Santa Clara County,44-45 Retail Trade,
California,Amazon,1140 Enterprise Way  Sunnyvale CA 94089,81,01/30/2026,04/28/2026,Layoff Permanent,,,,Santa Clara County,44-45 Retail Trade,
California,Amazon,2100 University Ave  Palo Alto CA 94303,89,01/30/2026,04/28/2026,Layoff Permanent,,,,Santa Clara County,44-45 Retail Trade,
California,Amazon - SAN 13,10300 Campus Point Dr. Ste. 200  San Diego CA 92121,38,01/30/2026,04/28/2026,Layoff Permanent,,,,San Diego County,44-45 Retail Trade,
California,Amazon - SAN 15,17075 Camino San Bernardo  San Diego CA 92127,1,01/30/2026,04/28/2026,Layoff Permanent,,,,San Diego County,44-45 Retail Trade,
California,Amazon - SAN 17,4575 La Jolla Village  San Diego CA 92122,19,01/30/2026,04/28/2026,Layoff Permanent,,,,San Diego County,44-45 Retail Trade,
California,Amazon - SAN 18,Wework Aventine  San Diego CA 92122,13,01/30/2026,04/28/2026,Layoff Permanent,,,,San Diego County,44-45 Retail Trade,
California,Amazon - SAN 21,4577 La Jolla Village  San Diego CA 92122,2,01/30/2026,04/28/2026,Layoff Permanent,,,,San Diego County,44-45 Retail Trade,
California,Amazon - SAN 3,6971 Otay Mesa Road  San Diego CA 92154,1,01/30/2026,04/28/2026,Layoff Permanent,,,,San Diego County,44-45 Retail Trade,
California,Amazon - SFO 13,188 Spear St. 2nd Floor  San Francisco CA 94105,19,01/30/2026,04/28/2026,Layoff Permanent,,,,San Francisco County,44-45 Retail Trade,
California,Amazon - SFO 28,525 Market St.  San Francisco CA 94105,84,01/30/2026,04/28/2026,Layoff Permanent,,,,San Francisco County,44-45 Retail Trade,
California,Amazon - SNA 16,17300 Laguna Canyon Rd.  Irvine CA 92618,24,01/30/2026,04/28/2026,Layoff Permanent,,,,Orange County,44-45 Retail Trade,
California,Amazon - SNA 17,140 Progress 200  Irvine CA 92618,1,01/30/2026,04/28/2026,Layoff Permanent,,,,Orange County,44-45 Retail Trade,
California,Amazon - SNA 20,200 Spectrum Center Dr.  Irvine CA 92618,25,01/30/2026,04/28/2026,Layoff Permanent,,,,Orange County,44-45 Retail Trade,
California,Amazon - SNA 3,40 Pacifica Ste. 100  Irvine CA 92618,34,01/30/2026,04/28/2026,Layoff Permanent,,,,Orange County,44-45 Retail Trade,
California,Amazon - SNA12,20 Pacifica Ste 900  Irvine CA 92618,5,01/30/2026,04/28/2026,Layoff Permanent,,,,Orange County,44-45 Retail Trade,
California,Amazon (LAX10),1620 26Th St Ste 4000N  Santa Monica CA 90404,2,01/30/2026,04/28/2026,Layoff Permanent,,,,Los Angeles County,44-45 Retail Trade,
California,Amazon (LAX16),2425 Olympic Blvd Ste 2000E  Santa Monica CA 90404,46,01/30/2026,04/28/2026,Layoff Permanent,,,,Los Angeles County,44-45 Retail Trade,
California,Amazon (LAX78),2450 Colorado Avenue  Santa Monica CA 90404,45,01/30/2026,04/28/2026,Layoff Permanent,,,,Los Angeles County,44-45 Retail Trade,
California,Amazon (SJC25),2795 Augustine Dr  Santa Clara CA 95054,43,01/30/2026,04/28/2026,Layoff Permanent,,,,Santa Clara County,44-45 Retail Trade,
California,Amazon (SJC38),3075 Olcott St  Santa Clara CA 95054,141,01/30/2026,04/28/2026,Layoff Permanent,,,,Santa Clara County,44-45 Retail Trade,
California,Amazon (SJC44),4980 Great America Pkwy  Santa Clara CA 95054,49,01/30/2026,04/28/2026,Layoff Permanent,,,,Santa Clara County,44-45 Retail Trade,
California,"Chan Zuckerberg Biohub, Inc.",499 Illinois St.  San Francisco CA 94158,1,01/30/2026,03/30/2026,Layoff Permanent,,,,San Francisco County,81 Other Services Except Public Administration,
California,"Chan Zuckerberg Initiative, LLC",1180 Main St.  Redwood CA 94063,38,01/30/2026,03/30/2026,Layoff Permanent,,,,San Mateo County,81 Other Services Except Public Administration,
California,"Chan Zuckerberg Initiative, LLC - Remote",1180 Main St.  Redwood City CA 94063,32,01/30/2026,03/30/2026,Layoff Permanent,,,,San Mateo County,81 Other Services Except Public Administration,
California,"Mercury Systems, Inc.",48025 Fremont Blvd  Fremont CA 94538,18,01/30/2026,03/31/2026,Closure Permanent,,,,Alameda County,54 Professional Scientific and Technical Services,
California,"MINACT, Inc.",351 Avenue H  San Francisco CA 94130,118,01/30/2026,03/31/2026,Layoff Temporary,,,,San Francisco County,62 Healthcare and Social Assistance,
Georgia,"Continental Tire the Americas, LLC",Barnesville,235,01/30/2026,03/31/2026-12/31/2026,Permanent Closure,,,,Lamar,,GA202500071
Illinois,Kroger Delivery,Maywood,72,01/30/2026,02/01/2026-05/01/2026,Closing,Permanent,No,Northeast 4,Cook,General Merchandise Retailer,
Illinois,"T-Mobile USA, Inc.",Schaumburg,109,01/30/2026,04/02/2026,Layoff,Permanent,No,Northeast 4,Cook,Wireless Telecom Carrier,
Indiana,National Distribution Centers,Lebanon,53,01/30/2026,04/03/2026,Closure,,,,,48-49,Manufacturing and Warehousing
Kansas,"Vornado Air, LLC.",Andover,72,01/30/2026,,,,,4,,,"415 E. 13th Andover, Kansas 67002"
Louisiana,Denka Performance Elastomer LLC,LaPlace,45,01/30/2026,04/01/2026,,,,,,Chemical Manufacturing,
Maryland,"MUFG Investor Services (US), LLC (MUIS)",Rockville,86,01/30/2026,03/31/2026-06/30/2026,Mass Layoff - No Recall,,,Montgomery County,,523920,"805 King Farm Boulevard, Suite 600 Rockville,MD 20850"
Massachusetts,"Zipcar, Inc. dba Zipcar",Boston,65,01/30/2026,04/01/2026-04/14/2026,,,,Boston,,,
Michigan,"Fluresh, LLC",Grand Rapids,15,01/30/2026,01/28/2026,Closure,Permanent,,,Kent,,
Ohio,Goodyear Tire & Rubber Company,Findlay,85,01/30/2026,03/31/2026,Closure,Permanent,,,Hancock,,
Tennessee,Danfoss Power Solutions,Cleveland,100,01/30/2026,04/01/2026-10/31/2026,Layoff,Permanent,,,Bradley,,#202500030
Tennessee,DLH Solutions,Murfreesboro,209,01/30/2026,03/31/2026,Layoff,Permanent,,,Rutherford,,#202500031
Vermont,Maple Ridge Memory Care and Lodge,Essex Junction,126,01/30/2026,,,,,0,,,"6 Freeman Woods Essex Junction, Vermont 05452"
Washington,Amazon,"Sumner, DuPont, Kent, Spokane, Arlington, Pasco, Bellevue, Redmond, Remote","2,198",01/30/2026,04/28/2026,Layoff,Permanent,,,,,
Washington,International Paper Company,Union Gap,102,01/30/2026,04/03/2026,Closure,Permanent,"PPPWU District Council 2, Local 737M",,,,
Wisconsin,Associated Milk Producers Inc.,Blair,86,01/30/2026,03/31/2026,Workforce Reduction,,Teamsters Local 662,Western,Trempealeau,Cheese Mfg,
Arizona,Shell Recharge Solutions,"Los Angeles, CA",2,01/29/2026,,,,,7,,,"767 S Alameda, Suite 200 Los Angeles, California 90021"
California,First Foundation Inc.,"18101 Von Karman Avenue, Suite 150  Irvine CA 92612",98,01/29/2026,03/31/2026,Layoff Permanent,,,,Orange County,52 Finance and Insurance,
California,"Innovation Bakers, LLC",1910 W Malvern Ave.  Fullerton CA 92833,117,01/29/2026,03/31/2026,Layoff Permanent,,,,Orange County,31-33 Manufacturing,
California,Shell Recharge Solutions,"767 S Alameda, Suite 200  Los Angeles CA 90021",29,01/29/2026,03/31/2026,Layoff Permanent,,,,Los Angeles County,54 Professional Scientific and Technical Services,
Kentucky,Battelle Memorial Institute E3,,30,01/29/2026,04/02/2026,Closure,,,Bluegrass,Madison,541715,
Maryland,Saks & Company LLC,Clarksburg,15,01/29/2026,04/30/2026,Plant Closure,,,Montgomery County,,458110,"22705 Clarksburg Road Clarksburg, MD 20871"
Maryland,Saks & Company LLC,Hanover,16,01/29/2026,04/30/2026,Plant Closure,,,Anne Arundel County,,458110,"7000 Arundel Mills Circle Hanover, MD 21076"
Nevada,Shell Recharge Solutions,Remote,1,01/29/2026,03/31/2026,Layoff,Permanent,,,,,
Ohio,Fresenius USA Manufacturing,Oregon,54,01/29/2026,04/10/2026,Layoff,Permanent,,,Lucas,,
Oregon,"Three Pirates, LLC dba Point Blank Distributing","Bend, Eugene, Portland",177,01/29/2026,03/31/2026,Permanent Closure,,,,,,9429
Texas,Compass Connections,Harlingen,148,01/29/2026,03/29/2026,,,,Cameron County WDA,Cameron,,
West Virginia,"Mettiki Coal (WV), LLC",Davis,199,01/29/2026,04/01/2026,Closure,Permanent,,,,,
California,Amazon - MAB1,6245 Topanga Canyon Blvd.  Woodland Hills CA 91367,215,01/28/2026,04/28/2026,Closure Permanent,,,,Los Angeles County,44-45 Retail Trade,
California,Amazon - MAB4,5101 Lankershim Blvd.  North Hollywood CA 91601,131,01/28/2026,04/28/2026,Closure Permanent,,,,Los Angeles County,44-45 Retail Trade,
California,Amazon - MAB5,19340 Rinaldi St.  Porter Ranch CA 91326,184,01/28/2026,04/28/2026,Closure Permanent,,,,Los Angeles County,44-45 Retail Trade,
California,Amazon - MAB8,6911 Warner Avenue  Huntington Beach CA 92647,191,01/28/2026,04/28/2026,Closure Permanent,,,,Orange County,44-45 Retail Trade,
California,Amazon - MAB9,13672 Jamboree Rd.  Irvine CA 92602,191,01/28/2026,04/28/2026,Closure Permanent,,,,Orange County,44-45 Retail Trade,
California,Amazon - MAC2,1100 S. Harbor Blvd.  Fullerton CA 92832,175,01/28/2026,04/28/2026,Closure Permanent,,,,Orange County,44-45 Retail Trade,
California,Amazon - MAC9,6235 E Spring St.  Long Beach CA 90808,168,01/28/2026,04/28/2026,Closure Permanent,,,,Los Angeles County,44-45 Retail Trade,
California,Amazon - MAF3,16325 Ventura Blvd.  Encino CA 91436,201,01/28/2026,04/28/2026,Closure Permanent,,,,Los Angeles County,44-45 Retail Trade,
California,Amazon - MAF5,235 E. Foothill Blvd.  Upland CA 91786,190,01/28/2026,04/28/2026,Closure Permanent,,,,San Bernardino County,44-45 Retail Trade,
California,Amazon - MAF8,21035 Hawthrone Blvd.  Torrance CA 90503,196,01/28/2026,04/28/2026,Closure Permanent,,,,Los Angeles County,44-45 Retail Trade,
California,Amazon - MAF9,11340 South St.  Cerritos CA 90703,155,01/28/2026,04/28/2026,Closure Permanent,,,,Los Angeles County,44-45 Retail Trade,
California,Amazon - MAG1,6855 S La Cienega Blvd  Los Angeles CA 90045,185,01/28/2026,04/28/2026,Closure Permanent,,,,Los Angeles County,44-45 Retail Trade,
California,Amazon - MAH8,40481 Murrieta Hot Springs Rd.  Murrieta CA 92563,172,01/28/2026,04/28/2026,Closure Permanent,,,,Riverside County,44-45 Retail Trade,
California,Amazon - MAI8,14837 Pomerado Rd.  Poway CA 92064,182,01/28/2026,04/28/2026,Closure Permanent,,,,Riverside County,44-45 Retail Trade,
California,Amazon - MAJ8,3941 Bedford Canyon Rd.  Corona CA 92883,160,01/28/2026,04/28/2026,Closure Permanent,,,,Riverside County,44-45 Retail Trade,
California,Amazon - MAK9,3425 E. Colorado Blvd.  Pasadena CA 91107,134,01/28/2026,04/28/2026,Closure Permanent,,,,Los Angeles County,44-45 Retail Trade,
California,Amazon - MAM7,742 Los Angeles Ave  Moorpark CA 93021,139,01/28/2026,04/28/2026,Closure Permanent,,,,Ventura County,44-45 Retail Trade,
California,Amazon - MAM9,7530 Elk Grove Blvd.  Elk Grove CA 95757,179,01/28/2026,04/28/2026,Closure Permanent,,,,Sacramento County,44-45 Retail Trade,
California,Amazon - MAO6,16188 South Highland Ave.  Fontana CA 92336,189,01/28/2026,04/28/2026,Closure Permanent,,,,San Bernardino County,44-45 Retail Trade,
California,Amazon - MAQ8,5425 Sunrise Blvd.  Citrus Heights CA 95610,163,01/28/2026,04/28/2026,Closure Permanent,,,,Sacramento County,44-45 Retail Trade,
California,Amazon - MAQ9,6780 Stanford Ranch Rd.  Roseville CA 95678,174,01/28/2026,04/28/2026,Closure Permanent,,,,Placer County,44-45 Retail Trade,
California,Amazon - MBA6,18100 Brookhurst St.  Fountain Valley CA 92708,181,01/28/2026,04/28/2026,Closure Permanent,,,,Orange County,44-45 Retail Trade,
California,BEN Group. Inc (BENlabs),"14724 Ventura Blvd, Suite 1200  Los Angeles CA 91403",75,01/28/2026,03/06/2026,Closure Permanent,,,,Los Angeles County,51 Information,
California,Pinterest Inc. (CA Remote),Remote  Remote CA 94107,4,01/28/2026,03/31/2026,Layoff Permanent,,,,San Francisco County,51 Information,
California,Pinterest Inc. (Palo Alto),"395 Page Mill Rd., Suite 200  Palo Alto CA 94306",16,01/28/2026,03/31/2026,Layoff Permanent,,,,Santa Clara County,51 Information,
California,Pinterest Inc. (San Francisco),651 Brannan St  San Francisco CA 94107,98,01/28/2026,03/31/2026,Layoff Permanent,,,,San Francisco County,51 Information,
Colorado,KIRA Training,,118,01/28/2026,02/28/2026,Contract Ending/RIF,,,Pikes Peak,,"56,1210: Facilities Support Services",
Georgia,"Home Depot U.S.A., Inc.",Atlanta,797,01/28/2026,03/31/2026,Permanent Layoff / Reduction in Force,,,,Fulton,,GA202500069
Georgia,Kuehne-Nagel,Locust Grove,153,01/28/2026,04/01/2026,Permanent Closure,,,,Henry,,GA202500068
Georgia,"S&S Activewear, LLC",Duluth,114,01/28/2026,12/04/2025,Permanent Closure,,,,Will,,GA202500056
Georgia,"TelaForce, LLC",Atlanta,73,01/28/2026,03/20/2026,Permanent Layoff / Reduction in Force,,,,Fulton,,GA202500065
Georgia,"Waddington North America, Inc. a Novolex entity",Bremen,49,01/28/2026,03/31/2026-05/29/2026,Permanent Closure,,,,Haralson,,GA202500070
Georgia,"Zeco Systems, Inc.",,3,01/28/2026,10/31/2025,Permanent Layoff / Reduction in Force,,,,,,GA202500021
Hawaii,"DFS Group L.P. (""DFS"") Update","Honolulu, Kahului",183,01/28/2026,03/31/2026,Closure,Permanent,,,,,update to notice on 01/08/2026
Idaho,"Hearthside Food Solutions, LLC dba Maker's Pride",Boise,51,01/28/2026,02/26/2026,,,,,,,7031 S. Eisenman Rd
Illinois,Amazon Fresh,Naperville,132,01/28/2026,04/28/2026,Closing,Permanent,No,Northeast 4,Will,Supermarkets and Grocery Retailers,
Illinois,Amazon Fresh,Schaumburg,134,01/28/2026,04/28/2026,Closing,Permanent,No,Northeast 4,Cook,Supermarkets and Grocery Retailers,
Illinois,Amazon Fresh,Morton Grove,179,01/28/2026,04/28/2026,Closing,Permanent,No,Northeast 4,Cook,Supermarkets and Grocery Retailers,
Illinois,Amazon Fresh,Oak Lawn,220,01/28/2026,04/28/2026,Closing,Permanent,No,Northeast 4,Cook,Supermarkets and Grocery Retailers,
Illinois,Amazon Fresh,Bloomingdale,132,01/28/2026,04/28/2026,Closing,Permanent,No,Northeast 4,DuPage,Supermarkets and Grocery Retailers,
Illinois,Amazon Fresh,Norridge,173,01/28/2026,04/28/2026,Closing,Permanent,No,Northeast 4,Cook,Supermarkets and Grocery Retailers,
Illinois,Amazon Fresh,North Riverside,155,01/28/2026,04/28/2026,Closing,Permanent,No,Northeast 4,Cook,Supermarkets and Grocery Retailers,
Illinois,Amazon Fresh,Naperville,118,01/28/2026,04/28/2026,Closing,Permanent,No,Northeast 4,DuPage,Supermarkets and Grocery Retailers,
Illinois,Amazon Fresh,Tinley Park,170,01/28/2026,04/28/2026,Closing,Permanent,No,Northeast 4,Cook,Supermarkets and Grocery Retailers,
Illinois,Amazon Fresh,Arlington Heights,132,01/28/2026,04/28/2026,Closing,Permanent,No,Northeast 4,Cook,Supermarkets and Grocery Retailers,
Maryland,Amazon - MAF1 facility,Chevy Chase,129,01/28/2026,04/28/2026,Plant Closure,,,Montgomery County,,454110,"5463 Wisconsin Ave. Chevy Chase, MD 20815"
Maryland,Amazon - MAG5 facility,Chevy Chase,118,01/28/2026,04/28/2026,Plant Closure,,,Montgomery County,,454110,"8525 Chevy Chase Lake Terrace Chevy Chase, MD 20815"
Maryland,Amazon - MAH5 facility,Gaithersburg,155,01/28/2026,04/28/2026,Plant Closure,,,Montgomery County,,454110,"15790 Shady Grove Road Gaithersburg, MD 20877"
Maryland,Amazon - MAT8 facility,Glen Burnie,156,01/28/2026,04/28/2026,Plant Closure,,,Anne Arundel County,,454110,"6711 Ritchie Highway Glen Burnie, MD 21061"
Maryland,Amazon - MAV2 facility,Silver Spring,184,01/28/2026,04/28/2026,Plant Closure,,,Montgomery County,,454110,"12263 Prosperity Drive Silver Spring, MD 20904"
Texas,Cardone Industries-Arlington,Arlington,87,01/28/2026,01/26/2026,,,,Tarrant County WDA,Tarrant,,
Texas,Cardone Industries-Harlingen,Harlingen,41,01/28/2026,01/26/2026,,,,Cameron County WDA,Cameron,,
Texas,Fresenius USA Manufacturing,Coppell,67,01/28/2026,04/10/2026,,,,Dallas County WDA,Dallas,,
Virginia,Amazon,"Fairfax, Franconia, Lorton, Alexandria, Falls Church",691,01/28/2026,04/27/2026,Layoff,,,Northern,,,
Virginia,PMI-U.S. Corporate Services (Phillip Morris),Richmond,135,01/28/2026,04/17/2026,Closure,,,Central,,,
Washington,Amazon,"Bellevue, Seattle, Mill Creek, Puyallup",401,01/28/2026,04/28/2026,Closure,Permanent,,,,,
Washington,CHS Northwest,Lynden,11,01/28/2026,04/01/2026,Layoff,Permanent,,,,,
Washington,"Expedia, Inc.",Seattle,162,01/28/2026,04/01/2026,Layoff,Permanent,,,,,
Wisconsin,Fresenius USA MFG INC,Kenosha,41,01/28/2026,04/10/2026,Workforce Reduction,,,Southeast,Kenosha,Medical Equip Merch Whls,
Arizona,Benchmark,Phoenix,65,01/27/2026,,,,,5,,,"3201 S. Harbour Drive Phoenix, Arizona 85034"
California,"Catholic Charities, Diocese of San Diego - MG Suite A",4575 Mission Gorge Place  San Diego CA 92120,7,01/27/2026,03/31/2026,Layoff Permanent,,,,San Diego County,62 Healthcare and Social Assistance,
California,"Catholic Charities, Diocese of San Diego - MG Suite B",4575 Mission Gorge Place  San Diego CA 92120,11,01/27/2026,03/31/2026,Layoff Permanent,,,,San Diego County,62 Healthcare and Social Assistance,
California,"Catholic Charities, Diocese of San Diego - Mission Valley ASIP","3131 Camino Del Rio N, Ste. 300  San Diego CA 92108",45,01/27/2026,03/31/2026,Layoff Permanent,,,,San Diego County,62 Healthcare and Social Assistance,
California,"Catholic Charities, Diocese of San Diego - Pastoral Center",3888 Paducah Dr.  San Diego CA 92117,6,01/27/2026,03/31/2026,Layoff Permanent,,,,San Diego County,62 Healthcare and Social Assistance,
California,"Catholic Charities, Diocese of San Diego - San Diego Migrant Shelter",4902 Pacific Highway  San Diego CA 92110,7,01/27/2026,03/31/2026,Layoff Permanent,,,,San Diego County,62 Healthcare and Social Assistance,
California,Google (BRGAS1265),1265 Borregas Avenue  Sunnyvale CA 94089,1,01/27/2026,04/12/2026,Layoff Permanent,,,,Santa Clara County,54 Professional Scientific and Technical Services,
California,Google (HMBLT3),227 Humboldt Court  Sunnyvale CA 94089,1,01/27/2026,03/29/2026,Layoff Permanent,,,,Santa Clara County,54 Professional Scientific and Technical Services,
California,Google (MP1),1155 Borregas Avenue  Sunnyvale CA 94089,2,01/27/2026,03/29/2026,Layoff Permanent,,,,Santa Clara County,54 Professional Scientific and Technical Services,
California,Google (MP2),1175 Borregas Avenue  Sunnyvale CA 94089,3,01/27/2026,03/22/2026,Layoff Permanent,,,,Santa Clara County,54 Professional Scientific and Technical Services,
California,Google (MP3),1170 Bordeaux Drive  Sunnyvale CA 94089,27,01/27/2026,03/29/2026,Layoff Permanent,,,,Santa Clara County,54 Professional Scientific and Technical Services,
California,Google (MP4),1190 Bordeaux Drive  Sunnyvale CA 94089,24,01/27/2026,03/15/2026,Layoff Permanent,,,,Santa Clara County,54 Professional Scientific and Technical Services,
California,Google (MPD237),237 Moffett Park Drive  Sunnyvale CA 94089,19,01/27/2026,03/15/2026,Layoff Permanent,,,,Santa Clara County,54 Professional Scientific and Technical Services,
California,JBT Marel Corporation,2300 W Industrial Ave.  Madera CA 93637,59,01/27/2026,09/18/2026,Closure Permanent,,,,Madera County,31-33 Manufacturing,
California,"Schultz Industrial Services, Inc.",1660 W. Anaheim Street  Los Angeles CA 90744,66,01/27/2026,03/31/2026,Closure Permanent,,,,Los Angeles County,23 Construction,
California,Thermo Fisher Scientific,5781 Van Allen Way  Carlsbad CA 92008,173,01/27/2026,03/18/2026,Layoff Temporary,,,,San Diego County,54 Professional Scientific and Technical Services,
Florida,Naples Grande Beach Resort,Naples,235,01/27/2026,04/03/2026-04/12/2026,Layoff,Temporary,,,,Accommodation and Food Services,
Illinois,"Alton Steel, Inc.",Alton,253,01/27/2026,01/31/2026-07/31/2026,Closing,Permanent,Yes,Southwestern 9,Madison,Iron and Steel Manufacturing,
Iowa,American Contract Systems,Grimes,47,01/27/2026,03/31/2026,Closing,,,Central Iowa,Polk,Administrative and Support and Waste Management and Remediation Services,
Nevada,Ace Dragon Wok (WAA Hospitality LLC),Las Vegas,35,01/27/2026,01/27/2026,Layoff,,,,Clark,,
North Carolina,"Firestone Fibers and Textiles, LLC",Gastonia,4,01/27/2026,04/28/2026,Layoff,Permanent,,,Gaston,,
North Carolina,"Firestone Fibers and Textiles, LLC",Kings Mountain,77,01/27/2026,04/28/2026,Layoff,Permanent,,,Gaston,,
Tennessee,"NIKE Retail Services, Inc.",Memphis,583,01/27/2026,04/03/2026,Layoff,Permanent,,,Shelby,,#202500029
Virginia,Bear Express LLC,"Norfolk, Virginia Beach",168,01/27/2026,04/01/2026,Closure,,,Eastern,,,Amazon DSPs
Wisconsin,"Bank First, N.A.",Beloit,47,01/27/2026,03/31/2026,Facility Closure,,,Southwest,Rock,Commercial Banking,
California,Phillips 66,1520 E. Sepulveda Blvd.  Carson CA 90745,44,01/26/2026,12/01/2026,Closure Permanent,,,,Los Angeles County,31-33 Manufacturing,
California,Phillips 66 - Wilmington,1660 W. Anaheim Street  Wilmington CA 90744,111,01/26/2026,12/01/2026,Closure Permanent,,,,Los Angeles County,31-33 Manufacturing,
Georgia,TTEC Services Corporation,Duluth,169,01/26/2026,03/31/2026,Permanent Layoff / Reduction in Force,,,,Gwinnett,,GA202500067; 71 workers affected in Oklahoma City
Iowa,MercyOne Des Moines Medical Center,Des Moines,67,01/26/2026,03/17/2026,Mass Layoff,,,Central Iowa,Polk,Health Care and Social Assistance,
Iowa,MercyOne North Iowa Medical Center ,Mason City,34,01/26/2026,03/17/2026,Mass Layoff,,,Northeast Iowa,Cerro Gordo,Health Care and Social Assistance,
Massachusetts,"Panera, LLC dba Panera",Franklin,92,01/26/2026,03/25/2026-03/27/2026,,,,Metro Southwest,,,
Mississippi,"NIKE Retail Services, Inc",Byhalia,193,01/26/2026,04/03/2026,Layoff,,,MS Partnership,Marshall,458110 – Clothing and Clothing Accessories Retailers,
Tennessee,"Music City Delivery, LLC",College Grove,98,01/26/2026,04/02/2026,Closure,Permanent,,,Williamson,,#202500028
Texas,Power Plug Inc. (Houston Manufacturing Company),Houston,74,01/26/2026,01/23/2026,,,,Gulf Coast WDA,Harris,,
Texas,"Tyson Foods, Inc (Amarillo B-Shift Operations) Updated",Amarillo,"1,761",01/26/2026,02/24/2026,,,,Panhandle WDA,Potter,,
Wisconsin,Tekni-Plex,Milwaukee,39,01/26/2026,03/27/2026,Facility Closure,,IUE-CWA Local 84101,Milwaukee,Milwaukee,Other Paperboard Container Mfg,
California,Autodesk,1 Market Street  San Francisco CA 94105,104,01/23/2026,04/01/2026,Layoff Permanent,,,,San Francisco County,54 Professional Scientific and Technical Services,
California,Corteva Agriscience,901 Loveridge Road  Pittsburg CA 94565,1,01/23/2026,02/27/2026,Layoff Permanent,,,,Contra Costa County,54 Professional Scientific and Technical Services,
California,"Illumina, Inc Worldwide Headquarters",5200 Illumina Way  San Diego CA 92122,1,01/23/2026,03/09/2026,Layoff Permanent,,,,San Diego County,31-33 Manufacturing,
California,"Illumina, Inc. Worldwide Headquarters",5200 Illumina Way  San Diego CA 92122,4,01/23/2026,03/16/2026,Layoff Permanent,,,,San Diego County,31-33 Manufacturing,
Florida,Aimbridge,Miami,66,01/23/2026,03/24/2026-04/09/2026,Closure,Permanent,,,,Accommodation and Food Services,manages staff working at the Holiday Inn Port of Miami
Florida,"ECS Federal, LLC",Orlando,117,01/23/2026,02/14/2026,Layoff,,,,,Information,
Florida,"Paradies Lagardere FL EE Dining, LLC",Orlando,87,01/23/2026,01/23/2026,Layoff,Permanent,,,,Accommodation and Food Services,
Florida,Saks & Company LLC,Miramar,74,01/23/2026,03/27/2026-04/30/2026,Closure,Permanent,,,,Retail Trade,
Iowa,MercyOne,Ottumwa,40,01/23/2026,02/27/2026,Closing,,,South Central Iowa,Wapello,Health Care and Social Assistance,
Massachusetts,Thermo Fisher Scientific,Franklin,103,01/23/2026,12/31/2026-12/31/2027,,,,Metro Southwest,,,
California,"Gilead Sciences, Inc.",4010 Ocean Ranch Blvd  Oceanside CA 92056,34,01/22/2026,03/27/2026,Layoff Permanent,,,,San Diego County,54 Professional Scientific and Technical Services,
Missouri,Greenbrier Manufacturing,Kennett,94,01/22/2026,01/23/2026,Furlough,,,Southeast,Dunklin,Manufacturing,
Nevada,Spirit Airlines,Las Vegas,1,01/22/2026,03/15/2026,Layoff,,,,Clark,,
Vermont,Calmont Beverage,Barre,67,01/22/2026,,,,,0,,,"308 Industrial Lane Barre, Vermont 05641"
California,McGee Air Services,1 Airport Dr  Oakland CA 94621,32,01/21/2026,03/06/2026,Closure Permanent,,,,Alameda County,48-49 Transportation and Warehousing,
California,"Meta Platforms, Inc.",12105 E Waterfront Drive  Playa Vista CA 90094,53,01/21/2026,03/20/2026,Layoff Permanent,,,,Los Angeles County,51 Information,
California,"Meta Platforms, Inc.",311 Airport Boulevard  Burlingame CA 94010,219,01/21/2026,03/20/2026,Layoff Permanent,,,,San Mateo County,51 Information,
California,"Pioneer Custom Electrical Products, LLC",10640 Springdale Avenue  Santa Fe Springs CA 90670,47,01/21/2026,03/31/2026,Closure Permanent,,,,Los Angeles County,31-33 Manufacturing,
California,"Primo Brands, Inc.",11811 Highway 67  Lakeside CA 92040,19,01/21/2026,03/17/2026,Layoff Permanent,,,,San Diego County,31-33 Manufacturing,
California,Western Digital Technologies,5601 Great Oaks Parkway  San Jose CA 95119,87,01/21/2026,01/20/2026,Layoff Permanent,,,,Santa Clara County,31-33 Manufacturing,
Hawaii,Wolfgang’s Steakhouse,Wailea,20,01/21/2026,01/31/2026,Closure,Permanent,,,,,
Nebraska,Tyson Extension - Lexington,Lexington,294,01/21/2026,01/23/2026-07/24/2026,Layoff,Permanent,,,,,
Texas,Future Proof Brands LLC (Austin),Austin,158,01/21/2026,02/21/2026,,,,Capital Area WDA,Travis,,
Virginia,Leidos,Ashburn,93,01/21/2026,03/23/2026,Layoff,,,Northern,,,
Wisconsin,"H4 Logistics, LLC",Kenosha,41,01/21/2026,03/23/2026,Facility Closure,,,Southeast,Kenosha,General Warehousing & Storage,
California,"Resonetics, LLC",405 Campbell Ave.  Menlo Park CA 94025,61,01/20/2026,04/21/2026,Closure Permanent,,,,San Mateo County,31-33 Manufacturing,
Georgia,"GXO Logistics Worldwide, LLC",Lithia Springs,85,01/20/2026,03/31/2026,Permanent Closure,,,,Douglas,,GA202500066
Illinois,"GXO Logistics Supply Chain, Inc.",Romeoville,32,01/20/2026,04/04/2026,Closing,Permanent,No,Northeast 4,Will,Warehousing and Storage,
Indiana,"Inari Agriculture, Inc.",West Lafayette,64,01/20/2026,01/20/2026,Layoff,,,,,11,"Agriculture, Forestry, Fishing, and Hunting"
Iowa,CNH Industrial America LLC,Burlington,7,01/20/2026,03/31/2026,Closing,,,Mississippi Valley,Des Moines,Manufacturing,
Iowa,CNH Industrial America LLC,Burlington,4,01/20/2026,04/01/2026,Closing,,,Mississippi Valley,Des Moines,Manufacturing,
Iowa,CNH Industrial America LLC,Burlington,52,01/20/2026,04/02/2026,Closing,,,Mississippi Valley,Des Moines,Manufacturing,
Iowa,CNH Industrial America LLC,Burlington,18,01/20/2026,04/08/2026,Closing,,,Mississippi Valley,Des Moines,Manufacturing,
Iowa,CNH Industrial America LLC,Burlington,9,01/20/2026,04/09/2026,Closing,,,Mississippi Valley,Des Moines,Manufacturing,
Iowa,CNH Industrial America LLC,Burlington,21,01/20/2026,04/10/2026,Closing,,,Mississippi Valley,Des Moines,Manufacturing,
Iowa,CNH Industrial America LLC,Burlington,16,01/20/2026,04/13/2026,Closing,,,Mississippi Valley,Des Moines,Manufacturing,
Iowa,CNH Industrial America LLC,Burlington,16,01/20/2026,04/30/2026,Closing,,,Mississippi Valley,Des Moines,Manufacturing,
Iowa,CNH Industrial America LLC,Burlington,42,01/20/2026,05/01/2026,Closing,,,Mississippi Valley,Des Moines,Manufacturing,
Iowa,CNH Industrial America LLC,Burlington,24,01/20/2026,05/29/2026,Closing,,,Mississippi Valley,Des Moines,Manufacturing,
Iowa,"Collis, LLC",Clinton,51,01/20/2026,03/23/2026,Mass Layoff,,,Mississippi Valley,Clinton,Manufacturing,
Iowa,Wells Fargo,West Des Moines,33,01/20/2026,03/20/2026,Mass Layoff,,,Central Iowa,Polk,Finance and Insurance,
North Carolina,Access East,Greenville,31,01/20/2026,03/31/2026,Layoff,Permanent,,,Pitt,,
North Carolina,"CJ Logistics America, LLC",Rural Hall,99,01/20/2026,03/23/2026,Closure,Permanent,,,Forsyth,,
Florida,"TelaForce, LLC",Fort Walton Beach,59,01/19/2026,03/20/2026,Closure,Permanent,,,,"Professional, Scientific, and Technical Services",
Kentucky,Bechtel Parsons Blue Grass,,33,01/19/2026,03/20/2026,Closure,,,Bluegrass,Madison,541330,
Missouri,"TelaForce, LLC",Kansas City,106,01/19/2026,03/20/2026,Loss of Contract,,,Kansas City,Jackson,Business Services,
Washington,"Meta Platforms, Inc","Seattle, Bellevue, Redmond, Remote",331,01/19/2026,03/20/2026,Layoff,Permanent,,,King,,
California,Albertsons Companies LLC,1260 E. Ontario Ave  Corona CA 92881,75,01/16/2026,03/19/2026,Closure Permanent,,,,Riverside County,44-45 Retail Trade,
California,Best Buy,11160 Rancho Carmel Dr.  San Diego CA 92128,46,01/16/2026,03/17/2026,Closure Permanent,,,,San Diego County,44-45 Retail Trade,
California,Best Buy,3090 Stevens Creek Blvd.  San Jose CA 95128,60,01/16/2026,03/17/2026,Closure Permanent,,,,Santa Clara County,44-45 Retail Trade,
California,DHL Supply Chain,1201 Voyager Street  Livermore CA 94551,74,01/16/2026,03/20/2026,Layoff Permanent,,,,Alameda County,48-49 Transportation and Warehousing,
California,GCOM Software LLC dba Voyatek,3100 Zinfandel Suite 250  Rancho Cordova CA 95670,8,01/16/2026,03/20/2026,Layoff Permanent,,,,Sacramento County,54 Professional Scientific and Technical Services,
California,James Hardie Fontana Manufacturing,10901 Elm Ave.  Fontana CA 92337,94,01/16/2026,03/16/2026,Closure Permanent,,,,San Bernardino County,31-33 Manufacturing,
California,"Lakeshore Learning Materials, LLC",2695 E. Dominguez St.  Carson CA 90895,163,01/16/2026,03/16/2026,Layoff Permanent,,,,Los Angeles County,62 Healthcare and Social Assistance,
California,"Nationstar Mortgage, LLC d/b/a Mr. Cooper",25500 Commerce Centre Drive  Lake Forest CA 92630,110,01/16/2026,01/16/2026,Layoff Permanent,,,,Orange County,52 Finance and Insurance,
California,Sealed Air Corporation,19440 Arenth Ave  City of Industry CA 91748,51,01/16/2026,04/30/2026,Closure Permanent,,,,Los Angeles County,31-33 Manufacturing,
California,The Vons Companies Inc.,552 N. Orange St.  Redlands CA 92374,70,01/16/2026,03/19/2026,Closure Permanent,,,,San Bernardino County,44-45 Retail Trade,
California,UKG Inc.,"5 Hutton Centre, Suite 1100  Santa Ana CA 92702",209,01/16/2026,03/16/2026,Closure Permanent,,,,Orange County,51 Information,
Florida,"Host International, Inc.",Orlando,92,01/16/2026,1/30/2026-03/13/2026,Closure,Permanent,,,,Transportation and Warehousing,
Massachusetts,"Medford CPL, Inc.",Medford,63,01/16/2026,03/17/2026,,,,Boston,,,
Ohio,New Horizons Baking Company,Toledo,68,01/16/2026,03/17/2026,Closure,Permanent,USW Local 1-377,,Lucas,,
Virginia,"Yokohama Tire Manufacturing Virginia, LLC",Salem,533,01/16/2026,03/18/2026,Closure,,USW Local 1023,Western,,,
California,Amy's Drive-Thru,58 Golf Course Drive West  Rohnert Park CA 94928,55,01/15/2026,03/08/2026,Closure Permanent,,,,Sonoma County,72 Accommodation and Food Services,
California,RR Donnelley,6955 Mowry Avenue  Newark CA 94560,70,01/15/2026,03/31/2026,Closure Permanent,,,,Alameda County,31-33 Manufacturing,
California,Valero Refining Company,3400 East 2nd Street  Benicia CA 94510,237,01/15/2026,03/15/2026,Layoff Permanent,,,,Solano County,31-33 Manufacturing,
Colorado,Battelle,,1,01/15/2026,03/16/2026,Projec Milestone Completion,,,Pueblo,,"56,2910: Remediation Services",
Colorado,EPTAM West LLC dba Precision Metals,,134,01/15/2026,03/16/2026-09/30/2026,Closure,,,Pikes Peak,,31-33: Manufacturing,
Maryland,Weis Store #291,Cumberland,52,01/15/2026,03/16/2026,Plant Closure,,,Western Maryland,,445110,"15300 McMullen Highway Cumberland, MD 21502"
Massachusetts,CRRC MA,Springfield,180,01/15/2026,03/16/2026,,,,Western,,,
Massachusetts,"Takeda Pharmaceuticals America, Inc. (dba Takeda)",Cambridge,3,01/15/2026,01/14/2026,,,,Boston,,,
Michigan,"Great Lakes Coca-Cola Distribution, LLC",Lansing,161,01/15/2026,04/03/2026,Closure,Permanent,,,Ingham,,
North Carolina,Parkdale Mills,Walnut Cove,72,01/15/2026,01/13/2026,Closure,Permanent,,,Stokes,,
North Dakota,Noridian Healthcare Solutions,Statewide,47,01/15/2026,01/28/2026,Layoff,,,,,,
South Carolina,DLH Solutions,Charleston,194,01/15/2026,02/28/2026,Layoff,Permanent,,,Charleston,,"4136 Carolina Commerce Pkwy, Charleston, SC 29456"
South Carolina,James Hardie Building Products Inc.,Summerville,78,01/15/2026,03/16/2026,Closure,Permanent,,,Dorchester,,"152 Belgium Way, Summerville, SC 29483"
Texas,Francesca's (Houston),Houston,202,01/15/2026,01/08/2026,,,,Gulf Coast WDA,Harris,,
Washington,Food Service Slicing LLC dba Crunch Pak,Selah,101,01/15/2026,03/31/2026,Closure,Permanent,,,,,
California,"Copan Diagnostics, Inc.",2728 Loker Avenue West  Carlsbad CA 92010,79,01/14/2026,03/13/2026,Closure Permanent,,,,San Diego County,42 Wholesale Trade,
California,Informatica LLC,2100 Seaport Blvd.  Redwood City CA 94063,35,01/14/2026,02/28/2026,Layoff Permanent,,,,San Mateo County,51 Information,
California,"Nestle USA, Inc. Mira Loma Distribution Center",3450 Dulles Dr.  Mira Loma CA 91752,88,01/14/2026,03/13/2026,Closure Permanent,,,,Riverside County,31-33 Manufacturing,
California,Wabash National LP,1190 Harley Knox Blvd.  Perris CA 92571,6,01/14/2026,03/06/2026,Layoff Permanent,,,,Riverside County,31-33 Manufacturing,
California,Wabash National LP,22135 Alessandro Blvd  Moreno Valley CA 92553,94,01/14/2026,03/06/2026,Layoff Permanent,,,,Riverside County,31-33 Manufacturing,
Maryland,Home Depot Design Center,Rockville,85,01/14/2026,03/14/2026,Plant Closure,,,Montgomery County,,444110,"12087 Rockville Pike Rockville, MD 20852"
Maryland,Peraton,Woodlawn,35,01/14/2026,02/28/2026,Mass Layoff - No Recall,,,Baltimore County,,518210,"6201 Security Blvd Woodlawn, MD 21207"
Massachusetts,"Curia Global, Inc.",Burlington,81,01/14/2026,03/10/2026-06/01/2026,,,,Boston,,,
Massachusetts,SMBC Manubank (dba JeniusBank),Statewide,161,01/14/2026,03/10/2026,,,,Statewide,,,
South Carolina,"eREV Supply Chain, LLC",Charleston,133,01/14/2026,02/28/2026,Layoff,Permanent,,,Charleston,,"4136 Carolina Commerce Pkwy, Charleston, SC 29456"
Alabama,Salon Centric Inc,McCalla,79,01/13/2026,06/30/2026,Closure,,,,,,
California,Hupp Draft Services,70 Loren Avenue  Chico CA 95928,75,01/13/2026,02/27/2026,Closure Permanent,,,,Butte County,81 Other Services Except Public Administration,
California,Pomona Hospital Medical Center (1601),1601 N. Monte Vista Ave  Claremont CA 91711,1,01/13/2026,03/08/2026,Layoff Permanent,,,,Los Angeles County,62 Healthcare and Social Assistance,
California,Pomona Hospital Medical Center (1798),1798 North Gary Avenue  Pomona CA 91767,108,01/13/2026,03/08/2026,Layoff Permanent,,,,Los Angeles County,62 Healthcare and Social Assistance,
California,Pomona Hospital Medical Center (300),300 S. Park Avenue  Pomona CA 91767,4,01/13/2026,03/08/2026,Layoff Permanent,,,,Los Angeles County,62 Healthcare and Social Assistance,
Connecticut,Macys Cheshire Fulfillment Center,Cheshire,993,01/13/2026,03/14/2026-04/30/2027,Closure,Permanent,,,,,
Indiana,Margaret Mary Community Hospital (dba Margaret Mary Health),Batesville,55,01/13/2026,03/02/2026,Transfer,,,,,622,Hospitals
Louisiana,McGlinchey Stafford PLLC,New Orleans,101,01/13/2026,03/16/2026,,,,,,Legal Services,
Maine,Pride Manufacturing -gathr Outdoors,Burnham,115,01/13/2026,,,,,4,,,"10 North Main Street Burnham, Maine 04922"
Maine,SMBC-Sumitomo Mitsui Banking Corporation,"New York, NY",1,01/13/2026,,,,,3,,,"277 Park Avenue New York, New York 10172"
Michigan,Our Next Energy,Novi,29,01/13/2026,01/06/2026,Layoff,Permanent,,,Oakland,,
Rhode Island,EaglePicher,East Greenwich,38,01/13/2026,03/15/2026,Closure,,,,,,
Tennessee,Linamar Shelbyville,Shelbyville,80,01/13/2026,07/31/2026,Closure,Permanent,,,Bedford,,#202500027
Utah,Sumaria Systems Inc.,Ogden,59,01/13/2026,,,,,,,,
Arizona,JIT Service Inc.,Nogales,10,01/12/2026,,,,,8,,,"220 N Freeport Dr. Nogales, Arizona 85621"
California,Cucina Enoteca Del Mar,2730 Via de la Valle  Del Mar CA 92014,43,01/12/2026,03/11/2026,Layoff Permanent,,,,San Diego County,72 Accommodation and Food Services,
California,Local Initiative Health Authority for Los Angeles County dba L.A. Care Health Plan,1200 West 7th Street  Los Angeles CA 90017,225,01/12/2026,03/13/2026,Layoff Permanent,,,,Los Angeles County,52 Finance and Insurance,
California,Macy's,5500 Grossmont Center Drive  La Mesa CA 91942,77,01/12/2026,03/18/2026,Closure Permanent,,,,San Diego County,44-45 Retail Trade,
Connecticut,Macys Store Delivery Center (SDS) and Customer Returns Center (CRD) Operations,South Windsor,57,01/12/2026,03/14/2026,Closure,Permanent,,,,,
Hawaii,Kauai Coffee Company. LLC,Kalaheo,136,01/12/2026,03/14/2026-03/28/2026,Closure,Permanent,International Longshore and Warehouse Union Local 42,,,,union represents 69 of affected workers
Kentucky,PARSONS CORPORATION,,42,01/12/2026,03/26/2026,Closure,,,Bluegrass,Madison,541330,
North Carolina,Fortrex,Siler City,130,01/12/2026,02/06/2026,Layoff,Permanent,,,Chatham,,
Ohio,"Sumaria Systems, LLC",Dayton,57,01/12/2026,01/26/2026,Layoff,,,,Greene,,
Ohio,"Tessera Therapeutics, Inc",,1,01/12/2026,03/08/2026,Layoff,Permanent,,,,,
Ohio,Turf Care Supply Corp.,Martins Ferry,46,01/12/2026,02/28/2026-05/01/2026,Closure,Permanent,USW Local 1223-06,,Belmont,,
Tennessee,"Smoky Mountain Logistics, LLC",Lebanon,45,01/12/2026,02/28/2026,Closure,Permanent,,,Wilson,,#202500026
Texas,"Congo, LLC (Updated March 2026)",Lewisville,31,01/12/2026,03/13/2026,,,,North Central Texas WDA,Denton,,
Arizona,SMBC Group - JeniusBank,Scottsdale,33,01/08/2026,,,,,7,,,"18700 N Hayden Rd Scottsdale, Arizona 85255"
California,Alameda Health System - Alameda Hospital,2070 Clinton Ave.  Alameda CA 94501,9,01/08/2026,03/09/2026,Layoff Permanent,,,,Alameda County,62 Healthcare and Social Assistance,
California,Alameda Health System - Fairmont Rehabilitation and Wellness,15400 Foothill Blvd.  San Leandro CA 94578,44,01/08/2026,03/09/2026,Layoff Permanent,,,,Alameda County,62 Healthcare and Social Assistance,
California,Alameda Health System - John George Hospital,2060 Fairmont Dr.  San Leandro CA 94578,16,01/08/2026,03/09/2026,Layoff Permanent,,,,Alameda County,62 Healthcare and Social Assistance,
California,Alameda Health System - Park Bridge,2401 Blanding Ave.  Alameda CA 94501,3,01/08/2026,03/09/2026,Layoff Permanent,,,,Alameda County,62 Healthcare and Social Assistance,
California,Alameda Health System - San Leandro Hospital,13855 E. 14th St.  San Leandro CA 94578,22,01/08/2026,03/09/2026,Layoff Permanent,,,,Alameda County,62 Healthcare and Social Assistance,
California,Alameda Health System - System Support Center,7677 Oakport St.  Oakland CA 94621,18,01/08/2026,03/09/2026,Layoff Permanent,,,,Alameda County,62 Healthcare and Social Assistance,
California,Alameda Health System - Wilma Chan Highland Hospital,1411 E. 31st St.  Oakland CA 94602,128,01/08/2026,03/09/2026,Layoff Permanent,,,,Alameda County,62 Healthcare and Social Assistance,
Connecticut,JeniusBank,Remote,161,01/08/2026,03/10/2026,Layoff,Permanent,,,,,
Florida,Chemours,Macclenny,19,01/08/2026,03/10/2026,Layoff,Permanent,,,,Mining,
Florida,Chemours,Starke,12,01/08/2026,03/10/2026,Layoff,Permanent,,,,Mining,
Florida,Chemours,Starke,44,01/08/2026,03/10/2026,Layoff,Permanent,,,,Mining,
Florida,SMBC Manubank,"Ponte Vedra Beach, Jacksonville, Land O Lakes, Fort Myers, Marco Island, Valrico, Indialantic, Bradenton, Miami, Bonita Springs",14,01/08/2026,03/10/2026,Layoff,Permanent,,,,Finance and Insurance,
Hawaii,"DFS Group L.P. (""DFS"")","Honolulu, Kahului",183,01/08/2026,03/08/2026-08/31/2026,Closure,Permanent,,,,,
Massachusetts,"Labcorp Early Development Laboratories, Inc., and Laboratory Corporation of America Holding (dba Labcorp)",Bedford,94,01/08/2026,03/09/2026-01/14/2027,,,,Metro Southwest,,,
Nevada,SMBC Manubank,Remote,3,01/08/2026,03/10/2026,Layoff,,,,Remote,,
North Carolina,SMBC MANUBANK,"New York, NY",9,01/08/2026,03/10/2026,Layoff,Permanent,,,,,
North Carolina,Thermo Fisher Scientific,Asheville,421,01/08/2026,12/31/2027,Closure,Permanent,,,Buncombe,,
Ohio,FTI Buyer LLC BIDFTA online actions,Cincinnati,104,01/08/2026,03/06/2026,Closure,Permanent,,,Hamilton,,
Ohio,JeniusBank SMBC Manubank,,2,01/08/2026,03/10/2026,Closure,Permanent,,,,,
Oregon,JeniusBank,Remote,1,01/08/2026,03/10/2026,Permanent Closure,,,,,,9420
South Carolina,SMBC MANUBANK (JeniusBank),Statewide,3,01/08/2026,03/10/2026,Layoff,Permanent,,,Statewide,,"277 Park Avenue, New York, NY 10172"
South Dakota,JeniusBank (digital unit of SMBC Manubank),,,01/08/2026,03/10/2026,Layoff,Permanent,,,,,173 affected nationwide
Utah,SMBC Manubank,Sandy,1,01/08/2026,,,,,,,,
Virginia,SMBC Manubank,Various,6,01/08/2026,03/10/2026,Closure,,,,,,
Washington,SMBC Manubank,Various,5,01/08/2026,03/10/2026,Layoff,Permanent,,,,,
Arizona,Avelo Airlines,Mesa,97,01/07/2026,,,,,7,,,"6033 S Sossaman Rd Mesa, Arizona 85212"
Arizona,GNC Distribution Center,Phoenix,66,01/07/2026,,,,,5,,,"1002 S 63rd Ave. Phoenix, Arizona 85041"
California,"Bonduelle Americas dba Ready Pac Foods, Inc.",4401 Foxdale Avenue  Baldwin Park CA 91706,62,01/07/2026,02/01/2026,Layoff Permanent,,,,Los Angeles County,31-33 Manufacturing,
Massachusetts,"Tessera Therapeutics, Inc.",Somerville,82,01/07/2026,03/08/2026,,,,Boston,,,
Michigan,"Labcorp Early Development Laboratories, Inc., and Laboratory Corporation of America Holdings (“Labcorp”)",Ann Arbor,76,01/07/2026,03/09/2026,Closure,Permanent,,,Washtenaw,,
North Carolina,"Avelo Airlines, Inc.",Wilmington,82,01/07/2026,03/06/2026,Closure,Permanent,,,New Hanover,,
North Carolina,"Avelo Airlines, Inc.",Morrisville,78,01/07/2026,03/06/2026,Closure,Permanent,,,Wake,,
Ohio,Taikisha USA,Columbus,81,01/07/2026,03/07/2026-06/30/2026,Closure,Permanent,"International Association of Sheet, Metal, Air, Rail and Transportation Workers, Local No. 24",,Franklin,,
Texas,ComericA Frisco Star Tower Facility,Frisco,184,01/07/2026,03/13/2026,,,,North Central Texas WDA,Denton,,
Texas,Tessera Therapeutics,Friendswood,2,01/07/2026,03/08/2026,,,,Gulf Coast WDA,Harris,,
California,"Advanced Uniform Dust Control & Linen, LLC",243 Orange Avenue  Patterson CA 95363,89,01/06/2026,03/06/2026,Closure Permanent,,,,Stanislaus County,81 Other Services Except Public Administration,
California,"FormFactor, Inc.",5188 Commerce Dr.  Baldwin Park CA 91706,113,01/06/2026,01/30/2026,Closure Permanent,,,,Los Angeles County,31-33 Manufacturing,
California,"FormFactor, Inc.",2281 Las Palmas Dr.  Carlsbad CA 92011,107,01/06/2026,12/18/2026,Closure Permanent,,,,San Diego County,31-33 Manufacturing,
Colorado,Alan Ritchey,,729,01/06/2026,02/28/2026,Closure,,,Adams,,"48,8510 Freight Transportation",
Colorado,Tessera Therapeutics,,1,01/06/2026,03/08/2026,,,,Rural Alliance,,"54,1714 R&D in Biotech (except Nano)",90 workers affected nationwide
Connecticut,"Tessera Therapeutics, Inc",Remote,1,01/06/2026,3/8/2026,Layoff,Permanent,,,,,
Mississippi,GXO Logistics,Southaven,220,01/06/2026,01/31/2026,Closure,,,MS Partnership,DeSoto,493110- General Warehousing and Storage,
Ohio,Double Tree Cleveland Crescent Hotels & Resorts,Cleveland,66,01/06/2026,01/28/2026-01/30/2026,Closure,Permanent,"Chicago & Midwest Regional Joint Board, Workers United",,Cuyahoga,,
Washington,Swedish Health Services,"Seattle, Edmonds, Issaquah",44,01/06/2026,03/06/2026,Layoff,Permanent,,,"King, Snohomish",,
Washington,Tessera,Remote,1,01/06/2026,03/08/2026,Layoff,Permanent,,,King,,
California,"Advanced Uniform Dust Control & Linen, LLC","40 Clark Street, Suite E  Salinas CA 93901",4,01/05/2026,03/06/2026,Closure Permanent,,,,Monterey County,81 Other Services Except Public Administration,
Georgia,Chemours,"Patterson, Nahunta, Jesup",54,01/05/2026,03/06/2026,Permanent Layoff / Reduction in Force,,,,"Pierce, Brantley, Wayne",,GA202500062
Illinois,Founders Insurance Company,Des Plaines,43,01/05/2026,03/06/2026,Layoff,Permanent,No,Northeast 4,Cook,Property and Casualty Insurance Carrier,
Indiana,Wabash,Goshen,144,01/05/2026,03/06/2026,Closure,,,,,48-49,Transportation and Warehousing
Kentucky,Battelle Memorial Institute E3,,60,01/05/2026,03/05/2026,Closure,,,Bluegrass,Madison,541715,
Wisconsin,"Lakeside Curative Services, Inc.",Racine,52,01/05/2026,03/06/2026,Workforce Reduction,,,Southeast,Racine,Vocational Rehabilitation Services,
Wisconsin,"United Piston Ring, Inc.",Manitowoc,60,01/05/2026,03/06/2026,Facility Closure,,,Bay Area,Manitowoc,Motor Vehicle Gas Engine & Engine Parts Mfg,
Colorado,TIAA,,101,01/02/2026,03/03/2026-03/17/2026,,,,"Denver, RC",,52: Finance and Insurance,
Maryland,"BAE Systems, Inc.",Annapolis Junction,55,01/02/2026,03/02/2026-04/02/2026,Mass Layoff,,,Anne Arundel County,,541512,"306 Sentinel Drive, Suite 500, Annapolis Junction, MD 20701"
South Carolina,Saddle Creek Logistics Services ,Duncan,130,01/02/2026,03/05/2026,Layoff,Permanent,,,Greenville,,"21 Inland Pkwy, Duncan, SC 29651"
Minnesota,Bar Brava,Minneapolis,1,01/01/2026,01/19/2026,Temporary Layoff,Temporary Layoff/Closure,,,,Dining Establishments,
Minnesota,Bichota Coffee,Minneapolis,1,01/01/2026,01/12/2026,Temporary Layoff,Temporary Layoff/Closure,,,,Dining Establishments,
Minnesota,Brasa Premium Rotisserie,St. Paul,1,01/01/2026,01/12/2026,Temporary Layoff,Temporary Layoff/Closure,,,,Dining Establishments,
Minnesota,Bravi's Craft Mexican Kitchen,Shakopee,1,01/01/2026,01/12/2026,Temporary Layoff,Temporary Layoff/Closure,,,,Dining Establishments,
Minnesota,Cafe Fiesta Bar,Rochester,1,01/01/2026,01/16/2026,Temporary Layoff,Temporary Layoff/Closure,,,,Dining Establishments,
Minnesota,Casa Deli Restaurant,Savage,1,01/01/2026,01/15/2026,Temporary Layoff,Temporary Layoff/Closure,,,,Dining Establishments,
Minnesota,Casa Deli Taqueria,Hopkins,1,01/01/2026,01/15/2026,Temporary Layoff,Temporary Layoff/Closure,,,,Dining Establishments,
Minnesota,Casa Iberica,Inver Grove Heights,1,01/01/2026,01/15/2026,Temporary Layoff,Temporary Layoff/Closure,,,,Dining Establishments,
Minnesota,Catrina's Skyway,St. Paul,1,01/01/2026,01/15/2026,Temporary Layoff,Temporary Layoff/Closure,,,,Dining Establishments,
Minnesota,Chimborazo,St. Paul,1,01/01/2026,01/12/2026,Temporary Layoff,Temporary Layoff/Closure,,,,Dining Establishments,
Minnesota,Christos Greek Restaurant,Minneapolis,1,01/01/2026,01/24/2026,Temporary Layoff,Temporary Layoff/Closure,,,,Dining Establishments,
Minnesota,Corona's Tacos,Rochester,1,01/01/2026,01/12/2026,Temporary Layoff,Temporary Layoff/Closure,,,,Dining Establishments,
Minnesota,Dancing Ganesha,St. Louis Park,1,01/01/2026,01/19/2026,Temporary Layoff,Temporary Layoff/Closure,,,,Dining Establishments,
Minnesota,Dancing Ganesha,Maple Grove,1,01/01/2026,01/19/2026,Temporary Layoff,Temporary Layoff/Closure,,,,Dining Establishments,
Minnesota,Dancing Ganesha,Minneapolis,1,01/01/2026,01/19/2026,Temporary Layoff,Temporary Layoff/Closure,,,,Dining Establishments,
Minnesota,Don Julio,White Bear Lake,1,01/01/2026,01/19/2026,Temporary Layoff,Temporary Layoff/Closure,,,,Dining Establishments,
Minnesota,Don Pablos,Detroit Lakes,1,01/01/2026,01/15/2026,Temporary Layoff,Temporary Layoff/Closure,,,,Dining Establishments,
Minnesota,Don Pablos,Fergus Falls,1,01/01/2026,01/15/2026,Temporary Layoff,Temporary Layoff/Closure,,,,Dining Establishments,
Minnesota,Don Papi Chulo,Inver Grove Heights,1,01/01/2026,01/12/2026,Temporary Layoff,Temporary Layoff/Closure,,,,Dining Establishments,
Minnesota,DoubleTree,St. Paul,1,01/01/2026,01/20/2026,Temporary Layoff,Temporary Layoff/Closure,,,,Accommodation,
Minnesota,Dragon Star Buffet,Burnsville,1,01/01/2026,01/16/2026,Temporary Layoff,Temporary Layoff/Closure,,,,Dining Establishments,
Minnesota,El Rodeo,Maple Grove,1,01/01/2026,01/16/2026,Temporary Layoff,Temporary Layoff/Closure,,,,Dining Establishments,
Minnesota,El Sazon Tacos & More,Eagan,1,01/01/2026,01/15/2026,Temporary Layoff,Temporary Layoff/Closure,,,,Dining Establishments,
Minnesota,Fort Snelling Club,St. Paul,1,01/01/2026,01/10/2026,Temporary Layoff,Temporary Layoff/Closure,,,,Dining Establishments,
Minnesota,GameStop,Brooklyn Park,1,01/01/2026,01/14/2026,Closing,Small Layoff Services,,,,Retail,
Minnesota,GameStop,Owatonna,1,01/01/2026,01/14/2026,Closing,Small Layoff Services,,,,Retail,
Minnesota,GameStop,Rochester,1,01/01/2026,01/14/2026,Closing,Small Layoff Services,,,,Retail,
Minnesota,GameStop,Albert Lea,1,01/01/2026,01/14/2026,Closing,Small Layoff Services,,,,Retail,
Minnesota,Giliberto's Mexican Taco Shop,Rochester,1,01/01/2026,01/15/2026,Workforce Reduction,Small Layoff Services,,,,Dining Establishments,
Minnesota,Glam Dolls Donuts,Minneapolis,1,01/01/2026,01/24/2026,Temporary Layoff,Temporary Layoff/Closure,,,,Dining Establishments,
Minnesota,Grand Sunrise Mexican Restaurant,West St. Paul,1,01/01/2026,01/15/2026,Temporary Layoff,Temporary Layoff/Closure,,,,Dining Establishments,
Minnesota,Great Moon Buffet,Maplewood,1,01/01/2026,01/19/2026,Temporary Layoff,Temporary Layoff/Closure,,,,Dining Establishments,
Minnesota,Hell's Kitchen,Minneapolis,1,01/01/2026,01/12/2026,Temporary Layoff,Temporary Layoff/Closure,,,,Dining Establishments,
Minnesota,Hibbing Taconite,Hibbing,45,01/01/2026,01/14/2026,Workforce Reduction,Existing Project,,,,Mining/Oil/Gas Extraction,
Minnesota,Homi,St. Paul,1,01/01/2026,01/12/2026,Temporary Layoff,Temporary Layoff/Closure,,,,Dining Establishments,
Minnesota,Intercontinental St. Paul Riverfront,St. Paul,1,01/01/2026,01/20/2026,Temporary Layoff,Temporary Layoff/Closure,,,,Accommodation,
Minnesota,Karmel Mall,Minneapolis,1,01/01/2026,01/12/2026,Temporary Layoff,Temporary Layoff/Closure,,,,Retail,
Minnesota,KidsCo Children's Museum,Moorehead,1,01/01/2026,03/28/2026,Closing,Small Layoff Services,,,,Education,
Minnesota,La Casita Mexican Restaurant,Coon Rapids,1,01/01/2026,01/12/2026,Temporary Layoff,Temporary Layoff/Closure,,,,Dining Establishments,
Minnesota,La Loma Tamales,Minneapolis,1,01/01/2026,01/12/2026,Temporary Layoff,Temporary Layoff/Closure,,,,Dining Establishments,
Minnesota,La Michoacana Monarca,St. Paul,0,01/01/2026,01/15/2026,Temporary Layoff,Small Layoff Services,,,,Dining Establishments,
Minnesota,Le Burger,Minneapolis,1,01/01/2026,01/12/2026,Temporary Layoff,Temporary Layoff/Closure,,,,Dining Establishments,
Minnesota,Los Ocampo,St. Paul,1,01/01/2026,01/19/2026,Temporary Layoff,Temporary Layoff/Closure,,,,Dining Establishments,
Minnesota,Love Pizza,Golden Valley,1,01/01/2026,01/09/2026,Workforce Reduction,Small Layoff Services,,,,Dining Establishments,
Minnesota,Machete,Woodbury,1,01/01/2026,01/20/2026,Temporary Layoff,Temporary Layoff/Closure,,,,Dining Establishments,
Minnesota,Marc Heu Patisserie Paris,St. Paul,1,01/01/2026,01/16/2026,Workforce Reduction,Small Layoff Services,,,,Dining Establishments,
Minnesota,Maya Cuisine,Minneapolis,1,01/01/2026,01/20/2026,Temporary Layoff,Temporary Layoff/Closure,,,,Dining Establishments,
Minnesota,Mercado Central,Minneapolis,1,01/01/2026,01/12/2026,Temporary Layoff,Temporary Layoff/Closure,,,,Retail,
Minnesota,Mexico City Cafe,St. Louis Park,1,01/01/2026,01/19/2026,Temporary Layoff,Temporary Layoff/Closure,,,,Dining Establishments,
Minnesota,Mi Mexico Querido,St. Paul,1,01/01/2026,01/15/2026,Temporary Layoff,Temporary Layoff/Closure,,,,Dining Establishments,
Minnesota,Mothership Pizza Paradise,Minneapolis,1,01/01/2026,01/12/2026,Temporary Layoff,Temporary Layoff/Closure,,,,Dining Establishments,
Minnesota,Nachos Mexican Grill,Hopkins,1,01/01/2026,01/19/2026,Temporary Layoff,Temporary Layoff/Closure,,,,Dining Establishments,
Minnesota,New Hong Kong Buffet,Elk River,1,01/01/2026,01/11/2026,Temporary Layoff,Temporary Layoff/Closure,,,,Dining Establishments,
Minnesota,Nico's Taco & Tequila Bar,Minneapolis,1,01/01/2026,01/15/2026,Temporary Layoff,Temporary Layoff/Closure,,,,Dining Establishments,
Minnesota,Pajarito,St. Paul,1,01/01/2026,01/19/2026,Temporary Layoff,Temporary Layoff/Closure,,,,Dining Establishments,
Minnesota,Pizzeria Lola,Minneapolis,1,01/01/2026,01/19/2026,Temporary Layoff,Temporary Layoff/Closure,,,,Dining Establishments,
Minnesota,Plaza Mexico,Minneapolis,1,01/01/2026,01/12/2026,Temporary Layoff,Temporary Layoff/Closure,,,,Dining Establishments,
Minnesota,Purple Goat,Rochester,1,01/01/2026,01/12/2026,Temporary Layoff,Temporary Layoff/Closure,,,,Dining Establishments,
Minnesota,Quality Learning Child Care,Minneapolis,1,01/01/2026,12/24/2025,Closing,Small Layoff Services,,,,Education,
Minnesota,Salsa A La Salsa,Minneapolis,1,01/01/2026,01/12/2026,Temporary Layoff,Temporary Layoff/Closure,,,,Dining Establishments,
Minnesota,Spyhouse Coffee,Minneapolis,1,01/01/2026,01/20/2026,Temporary Layoff,Temporary Layoff/Closure,,,,Dining Establishments,
Minnesota,The Lowbrow,Minneapolis,1,01/01/2026,01/16/2026,Temporary Layoff,Temporary Layoff/Closure,,,,Dining Establishments,
Minnesota,The Woods Gift Shop,Maple Grove,1,01/01/2026,01/09/2026,Closing,Small Layoff Services,,,,Retail,
Minnesota,Tortilleria La Mayzteca,Rochester,1,01/01/2026,01/12/2026,Temporary Layoff,Temporary Layoff/Closure,,,,Dining Establishments,
Minnesota,Treats Cereal Bar & Boba,Blaine,1,01/01/2026,01/16/2026,Temporary Layoff,Temporary Layoff/Closure,,,,Dining Establishments,
Minnesota,Treats Cereal Bar & Boba,Minneapolis,1,01/01/2026,01/16/2026,Temporary Layoff,Temporary Layoff/Closure,,,,Dining Establishments,
Minnesota,Treats Cereal Bar & Boba,St. Paul,1,01/01/2026,01/16/2026,Temporary Layoff,Temporary Layoff/Closure,,,,Dining Establishments,
Minnesota,Uptown VFW,Minneapolis,1,01/01/2026,01/16/2026,Workforce Reduction,Small Layoff Services,,,,Dining Establishments,
Minnesota,Vive Tropico MN,Minneapolis,1,01/01/2026,01/12/2026,Temporary Layoff,Temporary Layoff/Closure,,,,Dining Establishments,
Minnesota,Wrecktangle Pizza,Minneapolis,1,01/01/2026,01/12/2026,Workforce Reduction,Temporary Layoff/Closure,,,,Dining Establishments,
Minnesota,Xelas by El Sazon,Stillwater,1,01/01/2026,01/15/2026,Temporary Layoff,Temporary Layoff/Closure,,,,Dining Establishments,
Minnesota,Zao Bakery & Cafe,West St. Paul,1,01/01/2026,01/15/2026,Temporary Layoff,Temporary Layoff/Closure,,,,Dining Establishments,
New Jersey,Amazon,"Passaic, Bergen, Monmouth, Hudson, Statewide",871,01/01/2026,04/28/2026,,,,,,,
New Jersey,Blue Cross Blue Shield of NJ,Newark,242,01/01/2026,04/26/2026,,,,,,,
New Jersey,ERMC,Newark,205,01/01/2026,04/11/2026,,,,,,,
New Jersey,International Real Estate Partners US Corp,New Providence,61,01/01/2026,03/31/2026,,,,,,,
New Jersey,Lifetime Brands,Robbinsville,140,01/01/2026,04/10/2026-11/26/2026,,,,,,,
New Jersey,Macy's Retail Holdings,"Paramus, Livingston, Ramsey",89,01/01/2026,03/31/2026-04/30/2026,,,,,,,
New Jersey,Saks & Company,Statewide,69,01/01/2026,05/04/2026,,,,,,,
New Jersey,SFC Global Supply Chain,Robbinsville,170,01/01/2026,04/10/2026,,,,,,,
New Jersey,T-Mobile USA,Statewide,78,01/01/2026,04/21/2026-09/02/2026,,,,,,,
New Jersey,The Fresh Market,Montvale,55,01/01/2026,04/12/2026,,,,,,,
Pennsylvania,"ALPEK Polyester USA, LLC",Reading,100,01/01/2026,03/15/2026,Closure,,,,Berks,,
Pennsylvania,Amazon Fresh,"Philadelphia, Bensalem, Warrington, Willow Grove, Broomall, Lanhorne",983,01/01/2026,04/28/2026,Layoff,,,,"Bucks, Delaware, Montgomery, Philadelphia",,
Pennsylvania,"AVI Foodsystems, Inc.",Philadelphia,297,01/01/2026,02/01/2026,Closure,,,,Philadelphia,,
Pennsylvania,BPM Limited,Chesterbrook,148,01/01/2026,03/29/2026-09/30/2026,Layoff,,,,Chester,,
Pennsylvania,French Creek Recovery Center,Meadville,59,01/01/2026,03/15/2026,Closure,,,,Crawford,,
Pennsylvania,"GIANT Company, LLC","Coopersburg, Pottstown, Willow Grove",293,01/01/2026,03/13/2026-04/03/2026,Closure,,,,"Lehigh, Montgomery",,"104 affected in Coopersburg, 84 affected in Pottstown, 105 affected in Willow Grove"
Pennsylvania,Miller's Ale House,Philadelphia,49,01/01/2026,03/30/2026,Closure,,,,Philadelphia,,
Pennsylvania,"PrimeFlight Aviation Services, Inc.",Philadelphia,68,01/01/2026,03/09/2026,Layoff,,,,Philadelphia,,