Company,Location HQ,# Laid Off,Date,%,Industry,Source,Stage,$ Raised (m...,Country,Date Added
Cloudflare,SF Bay Area,1100.0,7.5.2026,20%,Security,https://blog.cloudflare....,Post-I...,$332,United States,7.5.2026
Bill.com,SF Bay Area,709.0,7.5.2026,30%,Finance,https://www.bill.com/bl...,Post-I...,$280,United States,7.5.2026
Ticketmaster,Los Angeles,350.0,7.5.2026,8%,Consumer,https://hoodline.com/2...,Acquir...,,United States,9.5.2026
DeepL,Cologne,250.0,7.5.2026,21%,AI,https://www.linkedin.c...,Unkno...,$400,Germany,7.5.2026
Upwork,SF Bay Area,151.0,7.5.2026,24%,Other,https://www.upwork.co...,Post-I...,$168,United States,8.5.2026
Truecaller,Stockholm,70.0,7.5.2026,,Consumer,https://uk.investing.co...,Post-I...,$101,Sweden,7.5.2026
Arctic Wolf,Minneapolis,250.0,6.5.2026,10%,Security,https://www.theregiste...,Unkno...,$899,United States,7.5.2026
Pocket FM,Bengaluru,100.0,6.5.2026,10%,Media,https://entrackr.com/ex...,Series D,$212,India,6.5.2026
ApnaMart,Bengaluru,35.0,6.5.2026,10%,Food,https://entrackr.com/n...,Series B,$40,India,6.5.2026
PayPal,SF Bay Area,4760.0,5.5.2026,20%,Finance,https://www.wsj.com/b...,Post-I...,$216,United States,6.5.2026
Coinbase,SF Bay Area,700.0,5.5.2026,14%,Crypto,https://techcrunch.com...,Post-I...,$549,United States,5.5.2026
Freshworks,SF Bay Area,500.0,5.5.2026,11%,Support,https://www.reuters.co...,Post-I...,$484,United States,6.5.2026
0G,SF Bay Area,,5.5.2026,25%,Crypto,https://www.businessin...,Unkno...,,United States,7.5.2026
Careem,DubaiNo,,5.5.2026,,Transpor...,https://en.dailypakistan...,Acquir...,$771,United Ara...,7.5.2026
Shopify,OttawaN,30.0,4.5.2026,,Retail,https://thelogic.co/new...,Post-I...,$122,Canada,7.5.2026
Pentera,Boston,40.0,27.4.2026,8%,Security,https://www.calcalistec...,Series D,$249,United States,1.5.2026
SuperOps,Chennai,60.0,24.4.2026,30%,Other,https://inc42.com/buzz...,Series C,$54,India,1.5.2026
Epidemic Sound,Stockholm,150.0,21.4.2026,33%,Media,https://www.marketscr...,Privat...,$509,Sweden,7.5.2026
Acko,Mumbai,60.0,20.4.2026,5%,Finance,https://inc42.com/buzz...,Unkno...,$143,India,21.4.2026
Meta,SF Bay Area,8000.0,17.4.2026,10%,Consumer,https://www.reuters.co...,Post-I...,"$26,000",United States,21.4.2026
Shutterfly,HaifaNo,80.0,16.4.2026,,Manufac...,https://www.calcalistec...,Post-I...,$50,United States,17.4.2026
Quora,SF Bay Area,,16.4.2026,,Consumer,https://quorablog.quor...,Series D,$226,United States,21.4.2026
Snap,Los Angeles,1000.0,15.4.2026,16%,Consumer,https://www.cnbc.com/...,Post-I...,"$4,900",United States,15.4.2026
UKG,Boston,950.0,15.4.2026,,HR,https://www.sun-sentin...,Unkno...,,United States,17.4.2026
Taboola,New York City,100.0,15.4.2026,5%,Marketing,https://www.calcalistec...,Post-I...,$445,United States,5.5.2026
Nayax,Tel AvivN,32.0,15.4.2026,3%,Finance,https://www.calcalistec...,Post-I...,$245,Israel,5.5.2026
Productboard,SF Bay Area,,15.4.2026,30%,Product,https://www.linkedin.c...,Series D,,United States,16.4.2026
GoCardless,London,90.0,14.4.2026,,Finance,https://www.cityam.co...,Series G,$529,United Kin...,1.5.2026
Eventbrite,SF Bay Area,,13.4.2026,,Consumer,https://www.reuters.co...,Acquir...,$290,United States,17.4.2026
StarkWare,Tel AvivN,,13.4.2026,,Crypto,https://www.calcalistec...,Series D,$273,Israel,17.4.2026
Esh Group,Tel AvivN,,12.4.2026,,Finance,https://www.calcalistec...,Acquir...,,Israel,5.5.2026
Life360,SF Bay Area,,10.4.2026,,Consumer,https://www.9news.co...,Post-I...,$158,United States,1.5.2026
Cars.com,Chicago,,9.4.2026,11%,Transpor...,https://www.marketwat...,Acquir...,,United States,17.4.2026
Pepper Pay,Miami,,9.4.2026,100%,Finance,https://www.americanb...,Unkno...,,United States,17.4.2026
IAC,New York City,77.0,8.4.2026,2%,Consumer,https://variety.com/202...,Post-I...,,United States,7.5.2026
GoPro,SF Bay Area,145.0,7.4.2026,23%,Consumer,https://www.wsj.com/b...,Post-I...,$288,United States,8.4.2026
Pendo,Raleigh,90.0,7.4.2026,10%,Product,https://www.axios.com...,Series F,$469,United States,8.4.2026
Bolt,SF Bay Area,,5.4.2026,33%,Finance,https://www.pymnts.co...,Series E,"$1,300",United States,7.4.2026
Welltech,Limassol,225.0,3.4.2026,30%,Fitness,https://dev.ua/en/news...,Unkno...,,Cyprus,7.5.2026
NeuroPixel.AI,Bengaluru,,3.4.2026,100%,Retail,https://entrackr.com/n...,Seed,$1,India,7.4.2026
Vimeo,New York City,,3.4.2026,,Consumer,https://hoodline.com/2...,Post-I...,$450,United States,4.4.2026
Meta,SF Bay Area,200.0,2.4.2026,,Consumer,https://www.sfchronicl...,Post-I...,"$26,000",United States,7.4.2026
Sonos,Santa Barbara,,1.4.2026,,Consumer,https://www.bloomber...,Post-I...,$455,United States,7.4.2026
Oracle,SF Bay Area,30000.0,31.3.2026,,Other,https://www.cnbc.com/...,Post-I...,,United States,31.3.2026
Monzo,London,50.0,31.3.2026,,Finance,https://www.bloomber...,Series F,$324,United Kin...,31.3.2026
Covrzy,Bengaluru,,31.3.2026,100%,Finance,https://inc42.com/buzz...,Seed,,India,4.4.2026
Rec Room,Seattle,,31.3.2026,100%,Consumer,https://techcrunch.com...,Series F,$294,United States,1.4.2026
Yupp,SF Bay Area,,31.3.2026,100%,AI,https://techcrunch.com...,Seed,$33,United States,1.4.2026
Enpal,BerlinNo,100.0,27.3.2026,,Energy,https://www.businessin...,Series E,"$3,500",Germany,31.3.2026
Monte Carlo,SF Bay Area,,26.3.2026,30%,Data,https://www.linkedin.c...,Series D,$236,United States,31.3.2026
Quandoo,BerlinNo,,26.3.2026,100%,Food,https://finance.yahoo.c...,Acquir...,$39,Germany,17.4.2026
Epic Games,Raleigh,1000.0,24.3.2026,,Consumer,https://www.epicgames...,Unkno...,"$6,400",United States,24.3.2026
Zendesk,SF Bay Area,100.0,24.3.2026,,Support,Internal memo,Acquir...,$85,United States,31.3.2026
OpenText,Waterloo,,24.3.2026,,Data,https://betakit.com/op...,Post-I...,"$1,100",Canada,25.3.2026
Spotify,Stockholm,15.0,23.3.2026,,Media,https://variety.com/202...,Post-I...,"$2,100",Sweden,25.3.2026
Gemini,New York City,,20.3.2026,30%,Crypto,https://www.bloomber...,Unkno...,$423,United States,22.3.2026
Crypto.com,Singapore,,19.3.2026,12%,Crypto,https://www.cnbc.com/...,Unkno...,,Singapore,22.3.2026
Snowflake,SF Bay Area,,19.3.2026,,Data,https://www.businessin...,Post-I...,"$2,900",United States,24.3.2026
FranShares,Chicago,,17.3.2026,100%,Finance,https://www.bizjournal...,Seed,$6,United States,22.3.2026
Dell,Austin,11000.0,16.3.2026,10%,Hardware,https://www.reuters.co...,Post-I...,,United States,23.4.2026
Stone,Sao Paulo,400.0,13.3.2026,3%,Finance,https://jovempan.com....,Post-I...,$521,Brazil,18.3.2026
Digg,New York City,,13.3.2026,,Consumer,https://techcrunch.com...,Acquir...,$49,United States,14.3.2026
Atlassian,SydneyN,1600.0,11.3.2026,10%,Other,https://au.finance.yaho...,Post-I...,$210,Australia,11.3.2026
InvestCloud,Los Angeles,150.0,10.3.2026,,Finance,https://citywire.com/ria...,Privat...,$54,United States,18.3.2026
Flipkart,Bengaluru,500.0,6.3.2026,,Retail,https://inc42.com/buzz...,Acquir...,"$12,900",India,7.3.2026
SSense,Montreal,215.0,5.3.2026,,Retail,https://betakit.com/sse...,Series A,,Canada,7.3.2026
Supernal,Los Angeles,296.0,4.3.2026,80%,Transpor...,https://www.latimes.co...,Unkno...,,United States,7.3.2026
Envato,Melbourne,200.0,4.3.2026,30%,Marketing,https://www.startupdail...,Unkno...,,Australia,7.3.2026
Amazon,Seattle,100.0,4.3.2026,,Retail,https://finance.yahoo.c...,Post-I...,"$8,100",United States,18.3.2026
At-Bay,Tel AvivN,25.0,4.3.2026,,Security,https://www.calcalistec...,Unkno...,$296,United States,7.3.2026
MicroVision,Seattle,49.0,3.3.2026,,Other,https://www.bizjournal...,Post-I...,$415,United States,7.3.2026
Verint Systems,New York City,,2.3.2026,,Security,https://www.calcalistec...,Acquir...,$213,United States,7.3.2026
Zap Africa,LagosNo,,28.2.2026,44%,Finance,https://techcabal.com/...,Seed,,Nigeria,4.3.2026
Block,SF Bay Area,4000.0,26.2.2026,40%,Finance,https://www.cnbc.com/...,Post-I...,$150,United States,26.2.2026
Ocado,London,1000.0,26.2.2026,5%,Food,https://www.theguardi...,Post-I...,"$2,000",United Kin...,4.3.2026
eBay,SF Bay Area,800.0,26.2.2026,6%,Retail,https://www.cnbc.com/...,Post-I...,"$1,200",Israel,26.2.2026
C3.ai,SF Bay Area,280.0,25.2.2026,26%,AI,https://www.morningst...,Series F,$228,United States,26.2.2026
Deliveroo,London,187.0,25.2.2026,,Food,https://in.investing.co...,Post-I...,"$1,700",United Kin...,18.3.2026
WiseTech,SydneyN,2000.0,24.2.2026,30%,Logistics,https://www.bloomber...,Post-I...,"$3,000",Australia,25.2.2026
TrueCar,Los Angeles,100.0,24.2.2026,30%,Transpor...,https://aimgroup.com/...,Post-I...,$340,United States,25.2.2026
DraftKings,Boston,,24.2.2026,,Consumer,https://next.io/news/pe...,Post-I...,$719,United States,25.2.2026
Livspace,Bengaluru,1000.0,20.2.2026,12%,Consumer,https://inc42.com/buzz...,Series F,$482,India,22.2.2026
Lucid Motors,SF Bay Area,,20.2.2026,12%,Transpor...,https://techcrunch.com...,Post-I...,"$8,300",United States,22.2.2026
Codecademy,New York City,,19.2.2026,,Education,https://www.edtechinn...,Acquir...,$87,United States,18.3.2026
Cyberark,Boston,500.0,17.2.2026,12%,Security,https://www.calcalistec...,Acquir...,"$1,700",United States,18.2.2026
Huawei,Tel AvivN,50.0,15.2.2026,,Hardware,https://www.calcalistec...,Unkno...,,Israel,18.2.2026
Axonius,New York City,40.0,15.2.2026,4%,Security,https://www.calcalistec...,Series E,$865,United States,18.2.2026
Firebolt,Tel AvivN,,15.2.2026,,Data,https://www.calcalistec...,Series C,$264,Israel,7.3.2026
Clari,SF Bay Area,76.0,12.2.2026,,Sales,https://www.bizjournal...,Acquir...,$496,United States,18.2.2026
Glossier,New York City,50.0,11.2.2026,33%,Retail,https://www.businessof...,Series E,$266,United States,13.2.2026
Dayforce,Toronto,,11.2.2026,5%,HR,Internal memo,Post-I...,$40,Canada,18.2.2026
Fi.Money,Bengaluru,,10.2.2026,40%,Finance,https://www.moneycon...,Series C,,India,18.3.2026
Salesforce,SF Bay Area,,9.2.2026,,Sales,https://www.businessin...,Post-I...,$65,United States,12.2.2026
Workday,SF Bay Area,400.0,4.2.2026,2%,HR,https://www.bloomber...,Post-I...,$230,United States,5.2.2026
Rewire,Tel AvivN,110.0,4.2.2026,,Finance,https://www.calcalistec...,Acquir...,$57,Israel,18.2.2026
Smartsheet,Seattle,,4.2.2026,,Other,https://www.geekwire.c...,Post-I...,$152,United States,7.2.2026
Zillow,Seattle,200.0,2.2.2026,,Real Estate,https://www.seattletim...,Post-I...,$97,United States,5.2.2026
Zipcar,Boston,126.0,2.2.2026,,Transpor...,https://www.boston.co...,Acquir...,$107,United States,10.2.2026
Expedia,Seattle,100.0,1.2.2026,,Travel,https://finance.yahoo.c...,Post-I...,"$3,300",United States,7.2.2026
Zupee,New Delhi,200.0,30.1.2026,,Consumer,https://yourstory.com/...,Series B,$121,India,3.2.2026
Peloton,New York City,,30.1.2026,11%,Fitness,https://www.reuters.co...,Post-I...,"$1,900",United States,3.2.2026
Kiwi.com,BrnoNon,250.0,29.1.2026,36%,Travel,https://forbes.cz/kiwi-p...,Unkno...,$107,Czech Repu...,3.2.2026
Gloo,Boulder,,29.1.2026,,Consumer,https://www.bizjournal...,Post-I...,$152,United States,18.2.2026
Amazon,Seattle,16000.0,28.1.2026,,Retail,https://www.aboutama...,Post-I...,"$8,100",United States,28.1.2026
ASML,Veldhoven,1700.0,28.1.2026,,Hardware,https://www.asml.com/...,Post-I...,,Netherlands,3.2.2026
Pinterest,SF Bay Area,700.0,27.1.2026,15%,Consumer,https://www.theverge.c...,Post-I...,"$1,500",United States,27.1.2026
Moon Active,Tel AvivN,110.0,27.1.2026,5%,Consumer,https://www.calcalistec...,Unkno...,$425,Israel,7.3.2026
Expedia,Seattle,,26.1.2026,,Travel,https://www.bizjournal...,Post-I...,"$3,300",United States,28.1.2026
Entropy,New York City,,25.1.2026,100%,Crypto,https://www.theblock.c...,Seed,$27,United States,26.1.2026
Autodesk,SF Bay Area,1000.0,22.1.2026,7%,Other,https://www.reuters.co...,Post-I...,,United States,23.1.2026
Shopify,OttawaN,,22.1.2026,,Retail,https://betakit.com/sh...,Post-I...,$122,Canada,26.1.2026
Vimeo,New York City,,21.1.2026,,Consumer,https://www.businessin...,Post-I...,$450,United States,23.1.2026
Vimeo,Tel AvivN,,20.1.2026,,Consumer,https://www.calcalistec...,Post-I...,$450,United States,7.3.2026
Polygon,Cayman Islan,60.0,16.1.2026,,Crypto,https://www.coindesk.c...,Unkno...,$451,Cayman Isl...,17.1.2026
Ericsson,Stockholm,1600.0,15.1.2026,,Other,https://www.reuters.co...,Post-I...,$663,Sweden,16.1.2026
Tipalti,SF Bay Area,100.0,15.1.2026,,Finance,https://en.globes.co.il/...,Series F,$565,United States,19.1.2026
Playtika,Tel AvivN,500.0,14.1.2026,15%,Consumer,https://www.calcalistec...,Post-I...,,Israel,15.1.2026
Aleph Alpha,Frankfurt,50.0,14.1.2026,16%,AI,https://www.startbase.c...,Series B,$534,Germany,19.1.2026
Meta,SF Bay Area,1500.0,13.1.2026,2%,Consumer,https://www.nytimes.co...,Post-I...,"$26,000",United States,14.1.2026
eToro,Tel AvivN,105.0,13.1.2026,7%,Finance,https://www.calcalistec...,Unkno...,$322,Israel,14.1.2026
StoreDot,Tel AvivN,,13.1.2026,,Other,https://www.calcalistec...,Series D,$184,Israel,14.1.2026
MercadoLibre,Buenos Aires,116.0,12.1.2026,,Retail,https://eleconomista.c...,Post-I...,"$5,100",Brazil,14.1.2026
FormFactor,SF Bay Area,220.0,9.1.2026,11%,Manufac...,https://www.latimes.co...,Post-I...,$15,United States,13.1.2026
Kaseya,Miami,250.0,8.1.2026,5%,Security,https://www.crn.com/n...,Privat...,$547,United States,13.1.2026
Hailo,Tel AvivN,30.0,8.1.2026,10%,Manufac...,https://www.calcalistec...,Series C,$344,Israel,13.1.2026
Foretellix,Tel AvivN,29.0,8.1.2026,18%,Transpor...,https://www.calcalistec...,Series C,$132,Israel,13.1.2026
Tailwind Labs,Oklahoma Cit,3.0,8.1.2026,,Product,https://www.businessin...,Unkno...,,United States,13.1.2026
Angi,Indianapolis,350.0,7.1.2026,,Consumer,https://ir.angi.com/nod...,Post-I...,$180,United States,13.1.2026
Multiverse,London,55.0,5.1.2026,,Education,https://sifted.eu/article...,Series D,$414,United Kin...,13.1.2026
Sapiens,Tel AvivN,700.0,28.12.2025,15%,Finance,https://www.calcalistec...,Acquir...,$88,Israel,1.1.2026
Yellow.ai,SF Bay Area,100.0,23.12.2025,30%,Support,https://inc42.com/buzz...,Series C,$102,United States,26.12.2025
The Trade Desk,Los Angeles,,17.12.2025,,Marketing,https://www.adexchan...,Post-I...,$257,United States,19.12.2025
Amazon,Seattle,84.0,15.12.2025,,Retail,https://www.bizjournal...,Post-I...,"$8,100",United States,19.12.2025
PowerSchool,Sacramento,,12.12.2025,,Education,https://www.bizjournal...,Acquir...,$31,United States,15.12.2025
Zebra Technologies,Chicago,,12.12.2025,,Manufac...,https://www.therobotr...,Post-I...,"$2,000",United States,19.12.2025
Believer Meats,Jerusalem,,11.12.2025,,Food,https://www.calcalistec...,Series B,$389,Israel,12.12.2025
EyeEm,BerlinNo,,11.12.2025,100%,Other,https://petapixel.com/2...,Acquir...,$24,Germany,12.12.2025
Lusha,Boston,24.0,10.12.2025,8%,Sales,https://www.calcalistec...,Series B,$245,United States,12.12.2025
Tenstorrent,Toronto,80.0,9.12.2025,7%,Hardware,https://www.eetimes.co...,Series D,"$1,000",Canada,12.12.2025
Whatfix,Bengaluru,60.0,9.12.2025,6%,AI,https://inc42.com/buzz...,Series E,$265,India,7.2.2026
VSCO,SF Bay Area,24.0,9.12.2025,,Consumer,https://techcrunch.com...,Series B,$90,United States,10.12.2025
GenWise,New Delhi,,9.12.2025,100%,Other,https://inc42.com/buzz...,Seed,$3,India,10.12.2025
Mobileye,Jerusalem,200.0,8.12.2025,4%,Transpor...,https://www.calcalistec...,Post-I...,"$2,100",Israel,9.12.2025
Payoneer,New York City,60.0,8.12.2025,6%,Finance,https://www.calcalistec...,Post-I...,,United States,9.12.2025
Teads,New York City,180.0,4.12.2025,10%,Marketing,https://www.calcalistec...,Unkno...,$123,United States,10.12.2025
Cellebrite,Tel AvivN,20.0,3.12.2025,1%,Other,https://www.calcalistec...,Post-I...,$410,Israel,9.12.2025
Modern Hydrogen,Seattle,,3.12.2025,,Energy,https://fuelcellsworks.c...,Series B,$99,United States,4.12.2025
Aqua Security,Tel AvivN,20.0,1.12.2025,,Security,https://www.calcalistec...,Series E,$325,United States,2.12.2025
Inbound Health,Minneapolis,,1.12.2025,100%,Healthcare,https://www.axios.com...,Series B,$50,United States,2.12.2025
Junglee Games,New Delhi,350.0,26.11.2025,,Consumer,https://inc42.com/buzz...,Seed,$3,India,9.12.2025
Shopify,OttawaN,,26.11.2025,,Retail,https://www.thecanadi...,Post-I...,$122,Canada,4.12.2025
HP,SF Bay Area,4000.0,25.11.2025,,Hardware,https://www.wsj.com/t...,Post-I...,,United States,1.3.2025
ezCater,Boston,40.0,21.11.2025,4%,Food,https://www.bizjournal...,Series D,$319,United States,23.11.2025
Monarch Tractor,SF Bay Area,102.0,19.11.2025,,Other,https://techcrunch.com...,Unkno...,$214,United States,23.11.2025
Pleo,Copenhagen,100.0,19.11.2025,12%,Finance,https://tech.eu/2025/1...,Series C,$428,Denmark,23.11.2025
UKG,Montevideo,300.0,18.11.2025,,HR,https://www.elobserva...,Unkno...,,Uruguay,23.11.2025
Culture Amp,Melbourne,60.0,18.11.2025,6%,HR,https://www.capitalbrie...,Series F,$257,Australia,23.11.2025
Veson Nautical,Boston,,18.11.2025,20%,Other,https://www.tradewind...,Privat...,,United States,23.11.2025
Playtika,Tel AvivN,700.0,17.11.2025,20%,Consumer,https://www.calcalistec...,Post-I...,,Israel,23.11.2025
Pipe,SF Bay Area,200.0,16.11.2025,50%,Finance,https://fintechbusiness...,Series D,$453,United States,17.11.2025
Flipkart,Bengaluru,40.0,16.11.2025,,Retail,https://www.calcalistec...,Acquir...,"$12,900",India,17.11.2025
BharatAgri,Mumbai,37.0,13.11.2025,100%,Food,https://inc42.com/buzz...,Series A,$21,India,9.12.2025
AI Fleet,Austin,,13.11.2025,,Transpor...,https://www.bizjournal...,Series B,$56,United States,14.11.2025
Synopsys,SF Bay Area,2000.0,12.11.2025,10%,Other,https://www.reuters.co...,Post-I...,,United States,14.11.2025
Deepwatch,Tampa Bay,80.0,12.11.2025,32%,Security,https://techcrunch.com...,Series C,$256,United States,14.11.2025
GamesKraft,Bengaluru,280.0,10.11.2025,,Consumer,https://inc42.com/buzz...,Unkno...,,India,11.11.2025
Sonder,SF Bay Area,,10.11.2025,100%,Travel,https://skift.com/2025/...,Post-I...,$839,United States,10.11.2025
Axonius,New York City,100.0,6.11.2025,11%,Security,https://www.calcalistec...,Series E,$865,United States,7.11.2025
MyBambu,Memphis,141.0,5.11.2025,100%,Finance,https://cbs12.com/new...,Unkno...,$15,United States,7.11.2025
Hewlett Packard E...,SF Bay Area,52.0,5.11.2025,,Hardware,https://www.sfchronicl...,Post-I...,"$1,400",United States,7.11.2025
Indeed,Austin,,5.11.2025,,HR,https://www.businessin...,Acquir...,$5,United States,8.11.2025
TripAdvisor,Boston,,5.11.2025,20%,Travel,https://skift.com/2025/...,Post-I...,$3,United States,7.11.2025
Porter,Bengaluru,350.0,4.11.2025,18%,Logistics,https://inc42.com/buzz...,Series F,$357,India,7.11.2025
Personio,MunichN,165.0,29.10.2025,10%,HR,Internal memo,Series E,$724,Germany,31.10.2025
Amazon,Seattle,14000.0,27.10.2025,1%,Retail,https://www.cnbc.com/...,Post-I...,"$8,100",United States,28.10.2025
Chegg,SF Bay Area,388.0,27.10.2025,45%,Education,https://www.reuters.co...,Post-I...,$227,United States,28.10.2025
Lightricks,Jerusalem,85.0,27.10.2025,15%,Consumer,https://www.calcalistec...,Series D,$335,Israel,7.11.2025
Medtronic,Jerusalem,60.0,27.10.2025,,Healthcare,https://www.calcalistec...,Post-I...,"$5,900",United States,9.12.2025
Hootsuite,Vancouver,,27.10.2025,20%,Marketing,https://www.biv.com/n...,Series C,$300,Canada,28.10.2025
Robin AI,London,,24.10.2025,33%,Legal,https://sifted.eu/article...,Series B,$68,United Kin...,28.10.2025
Applied Material,SF Bay Area,1400.0,23.10.2025,4%,Manufac...,https://www.bloomber...,Post-I...,"$2,100",United States,25.10.2025
Rivian,Los Angeles,600.0,23.10.2025,4%,Transpor...,https://www.reuters.co...,Post-I...,"$10,700",United States,25.10.2025
Kaseya,Miami,200.0,23.10.2025,,Security,https://www.crn.com/n...,Privat...,$547,United States,13.1.2026
Altruist,SF Bay Area,50.0,23.10.2025,15%,Finance,https://www.investmen...,Series E,$449,United States,25.10.2025
Meta,SF Bay Area,600.0,22.10.2025,,Consumer,https://www.cnbc.com/...,Post-I...,"$26,000",United States,22.10.2025
Ludeo,Los Angeles,25.0,20.10.2025,50%,Consumer,https://www.calcalistec...,Series A,$42,United States,25.10.2025
Zepto,Mumbai,300.0,18.10.2025,5%,Retail,https://www.moneycon...,Series H,"$2,600",India,2.12.2025
Broadcom,SF Bay Area,247.0,17.10.2025,,Hardware,https://www.businessin...,Post-I...,,United States,11.11.2025
Tia,New York City,,17.10.2025,23%,Healthcare,https://www.businessin...,Series B,$133,United States,25.10.2025
Bill.com,SF Bay Area,,15.10.2025,6%,Finance,https://www.bill.com/bl...,Post-I...,$280,United States,15.10.2025
OfferUp,Seattle,,15.10.2025,,Retail,https://www.geekwire.c...,Unkno...,$381,United States,22.10.2025
Handshake,SF Bay Area,100.0,14.10.2025,15%,Recruiting,https://www.upstartsm...,Series F,$434,United States,15.10.2025
Smartsheet,Seattle,120.0,2.10.2025,,Other,https://www.geekwire.c...,Post-I...,$152,United States,6.10.2025
Google,SF Bay Area,50.0,2.10.2025,,Consumer,https://www.sfchronicl...,Post-I...,$26,United States,6.10.2025
Paycom,Oklahoma Cit,500.0,1.10.2025,,HR,https://www.oklahoma...,Post-I...,,United States,2.10.2025
Google,SF Bay Area,100.0,1.10.2025,,Consumer,https://www.cnbc.com/...,Post-I...,$26,United States,6.10.2025
Simpl,Bengaluru,80.0,1.10.2025,,Finance,https://inc42.com/buzz...,Series B,$72,India,2.10.2025
Just Eat,Amsterdam,450.0,25.9.2025,5%,Food,https://www.reuters.co...,Acquir...,$129,Netherlands,30.9.2025
GamesKraft,Bengaluru,120.0,18.9.2025,,Consumer,https://inc42.com/buzz...,Unkno...,,India,25.9.2025
ZipRecruiter,Tel AvivN,80.0,16.9.2025,,Recruiting,https://www.calcalistec...,Post-I...,$769,United States,17.9.2025
Fiverr,Tel AvivN,250.0,15.9.2025,30%,Other,https://www.wsj.com/b...,Post-I...,$111,Israel,17.9.2025
Sorbet,Tel AvivN,,14.9.2025,,Finance,https://www.calcalistec...,Series A,$58,Israel,9.12.2025
Hike,New Delhi,,13.9.2025,100%,Consumer,https://techcrunch.com...,Unkno...,$261,India,15.9.2025
xAI,SF Bay Area,500.0,12.9.2025,,AI,https://www.businessin...,Unkno...,"$22,700",United States,15.9.2025
Zupee,New Delhi,170.0,11.9.2025,30%,Consumer,https://yourstory.com/...,Series B,$121,India,15.9.2025
Atlassian,SydneyN,200.0,10.9.2025,,Other,https://www.ziptone.nl/...,Post-I...,$210,Australia,19.9.2025
Verbit,New York City,22.0,10.9.2025,,Data,https://www.calcalistec...,Series E,$569,United States,9.12.2025
Microsoft,Seattle,42.0,8.9.2025,,Other,https://www.bizjournal...,Post-I...,$1,United States,9.9.2025
Rivian,Los Angeles,200.0,5.9.2025,1%,Transpor...,https://www.latimes.co...,Post-I...,"$10,700",United States,8.9.2025
Scope3,New York City,,5.9.2025,,Energy,https://www.adweek.co...,Series B,$45,United States,8.9.2025
Head Digital Works,Hyderabad,500.0,4.9.2025,,Consumer,https://entrackr.com/n...,Privat...,$74,India,9.9.2025
Salesforce,SF Bay Area,262.0,4.9.2025,,Sales,https://www.kron4.com...,Post-I...,$65,United States,9.9.2025
Oracle,SF Bay Area,254.0,4.9.2025,,Other,https://www.kron4.com...,Post-I...,,United States,9.9.2025
GupShup,SF Bay Area,100.0,4.9.2025,,Other,https://inc42.com/buzz...,Series F,$484,India,8.9.2025
Bobble AI,New Delhi,50.0,4.9.2025,,Consumer,https://entrackr.com/ex...,Unkno...,$59,India,9.9.2025
Oracle,Seattle,101.0,3.9.2025,,Other,https://www.seattletim...,Post-I...,,United States,9.9.2025
Salesforce,Seattle,93.0,3.9.2025,,Sales,https://www.seattletim...,Post-I...,$65,United States,9.9.2025
Salesforce,DublinN,30.0,3.9.2025,,Sales,https://www.thejournal....,Post-I...,$65,United States,9.9.2025
The Gist,Tel AvivN,,3.9.2025,100%,Other,https://www.calcalistec...,Seed,$7,Israel,8.9.2025
theGist,Tel AvivN,,3.9.2025,100%,Other,https://www.calcalistec...,Seed,$7,Israel,9.12.2025
Vimeo,New York City,,3.9.2025,10%,Consumer,https://www.linkedin.c...,Post-I...,$450,United States,8.9.2025
Oracle,Kansas City,,2.9.2025,,Other,https://www.kmbc.com...,Post-I...,,United States,9.9.2025
Games 24x7,Mumbai,400.0,1.9.2025,,Consumer,https://www.peoplema...,Unkno...,$75,India,2.9.2025
Mobile Premier L...,Bengaluru,300.0,1.9.2025,,Consumer,https://timesofindia.ind...,Series E,$375,India,2.9.2025
Krutrim,Bengaluru,50.0,1.9.2025,,AI,https://www.techinasia....,Unkno...,$304,India,2.9.2025
Salesforce,SF Bay Area,4000.0,31.8.2025,,Sales,https://www.businessin...,Post-I...,$65,United States,3.9.2025
Flip,SF Bay Area,,29.8.2025,100%,Consumer,https://www.sfgate.co...,Series C,$294,United States,31.8.2025
Rec Room,Seattle,141.0,27.8.2025,,Consumer,https://www.geekwire.c...,Series F,$294,United States,31.8.2025
Verily,SF Bay Area,,26.8.2025,,Healthcare,https://www.businessin...,Subsi...,"$3,500",United States,31.8.2025
Klaviyo,Boston,,25.8.2025,,Marketing,https://www.theinform...,Unkno...,$778,United States,25.8.2025
BeepKart,Bengaluru,150.0,23.8.2025,100%,Retail,https://inc42.com/buzz...,Series A,$19,India,24.8.2025
TikTok,London,,22.8.2025,,Consumer,https://www.wsj.com/t...,Acquir...,,United Kin...,24.8.2025
Cisco,SF Bay Area,221.0,19.8.2025,,Infrastru...,https://www.sfchronicl...,Post-I...,$2,United States,24.8.2025
Oracle,SF Bay Area,101.0,19.8.2025,,Other,https://www.sfchronicl...,Post-I...,,United States,24.8.2025
Kyte,SF Bay Area,,15.8.2025,100%,Transpor...,https://techcrunch.com...,Unkno...,$548,United States,18.8.2025
Restaurant365,Los Angeles,100.0,14.8.2025,9%,Food,https://www.restaurant...,Series C,$127,United States,18.8.2025
Oracle,SF Bay Area,289.0,13.8.2025,,Other,https://www.pleasanto...,Post-I...,,United States,9.9.2025
Oracle,SF Bay Area,188.0,13.8.2025,,Other,https://www.sfchronicl...,Post-I...,,United States,18.8.2025
Oracle,Seattle,161.0,13.8.2025,,Other,https://www.geekwire.c...,Post-I...,,United States,18.8.2025
F5,Seattle,106.0,13.8.2025,2%,Security,https://www.geekwire.c...,Post-I...,,United States,18.8.2025
Micron,Boise,300.0,12.8.2025,,Hardware,https://www.scmp.com...,Post-I...,$50,United States,11.11.2025
BenchSci,Toronto,83.0,12.8.2025,23%,Healthcare,https://www.theglobea...,Series D,$164,Canada,24.8.2025
Amdocs,St. Louis,,12.8.2025,,Support,https://www.calcalistec...,Post-I...,,United States,18.8.2025
Crunchyroll,TokyoNo,,12.8.2025,,Media,https://www.thewrap.c...,Acquir...,$26,Japan,18.8.2025
Kaltura,New York City,70.0,7.8.2025,10%,Media,https://www.calcalistec...,Post-I...,$166,United States,10.8.2025
Nextdoor,SF Bay Area,67.0,7.8.2025,12%,Consumer,https://www.bloomber...,Post-I...,$736,United States,18.8.2025
Peloton,New York City,,7.8.2025,6%,Fitness,https://www.reuters.co...,Post-I...,"$1,900",United States,10.8.2025
Yotpo,New York City,200.0,5.8.2025,34%,Marketing,https://www.calcalistec...,Unkno...,$436,United States,5.8.2025
Windsurf,SF Bay Area,30.0,5.8.2025,,AI,https://techcrunch.com...,Acquir...,$243,United States,10.8.2025
Wondery,Los Angeles,100.0,4.8.2025,,Media,https://variety.com/202...,Acquir...,$15,United States,5.8.2025
Clear,Bengaluru,145.0,1.8.2025,16%,Finance,https://entrackr.com/n...,Series C,$140,India,5.8.2025
Atlassian,SydneyN,150.0,30.7.2025,,Other,https://au.finance.yaho...,Post-I...,$210,Australia,30.7.2025
Astra,Bengaluru,106.0,28.7.2025,100%,Sales,https://inc42.com/buzz...,Unkno...,,India,5.8.2025
Krutrim,Bengaluru,100.0,28.7.2025,,AI,https://inc42.com/buzz...,Unkno...,$304,India,30.7.2025
Eyeo,Cologne,,28.7.2025,40%,,https://www.adexchan...,Unkno...,,Germany,30.7.2025
Ohm Mobility,Bengaluru,,24.7.2025,100%,Transpor...,https://entrackr.com/sn...,Seed,,India,26.7.2025
Tipalti,SF Bay Area,,24.7.2025,,Finance,https://www.calcalistec...,Series F,$565,United States,26.7.2025
PlaxidityX,Tel AvivN,65.0,23.7.2025,36%,Security,https://www.calcalistec...,Acquir...,$25,Israel,9.12.2025
WiseTech,SydneyN,,23.7.2025,,Logistics,https://www.reuters.co...,Post-I...,"$3,000",Australia,24.7.2025
ConsenSys,New York City,47.0,22.7.2025,7%,Crypto,https://www.bloomber...,Series D,$726,United States,23.7.2025
Zeen,SF Bay Area,,21.7.2025,100%,Consumer,https://www.businessin...,Unkno...,$9,United States,23.7.2025
Rocket Companies,Detroit,,18.7.2025,2%,Real Estate,https://www.housingwi...,Post-I...,"$5,200",United States,23.7.2025
TytoCare,New York City,35.0,17.7.2025,22%,Healthcare,https://www.calcalistec...,Series E,$206,United States,6.10.2025
Amazon,Seattle,,17.7.2025,,Retail,https://www.reuters.co...,Post-I...,"$8,100",United States,19.7.2025
Amicole,New York City,,17.7.2025,100%,Retail,https://techcrunch.com...,Seed,$5,United States,19.7.2025
CodeParrot,Bengaluru,,17.7.2025,100%,Product,https://inc42.com/buzz...,Seed,,India,19.7.2025
Scale AI,SF Bay Area,200.0,16.7.2025,14%,Data,https://www.bloomber...,Series E,$602,United States,17.7.2025
Lenovo,Raleigh,100.0,16.7.2025,3%,Hardware,https://www.newsobser...,Post-I...,$850,United States,19.7.2025
Jamf,Minneapolis,166.0,15.7.2025,6%,Other,https://www.bizjournal...,Post-I...,$332,United States,15.7.2025
King.com,Stockholm,200.0,14.7.2025,,Consumer,https://mobilegamer.bi...,Acquir...,$84,Sweden,17.7.2025
Blip,Bengaluru,,12.7.2025,100%,Retail,https://inc42.com/buzz...,Unkno...,,India,15.7.2025
Intel,Sacramento,5000.0,11.7.2025,,Hardware,https://www.manufactu...,Post-I...,$12,United States,17.7.2025
TripleLift,New York City,,11.7.2025,,Marketing,https://www.adexchan...,Acquir...,$16,United States,19.7.2025
Indeed + Glassdo...,Austin,1300.0,10.7.2025,,HR,https://www.bloomber...,Acquir...,$5,United States,10.7.2025
Augury,New York City,60.0,10.7.2025,18%,Manufac...,https://www.calcalistec...,Series E,$274,United States,9.12.2025
Eigen Labs,Seattle,29.0,8.7.2025,25%,Crypto,https://blockworks.co/...,Unkno...,$234,United States,11.7.2025
Nayax,Tel AvivN,70.0,7.7.2025,6%,Finance,https://www.calcalistec...,Post-I...,$245,Israel,9.12.2025
Subtl AI,Hyderabad,,3.7.2025,100%,AI,https://inc42.com/buzz...,Seed,,India,8.7.2025
Microsoft,Seattle,9000.0,2.7.2025,4%,Other,https://www.cnbc.com/...,Post-I...,$1,United States,2.7.2025
Retrain.ai,New York City,20.0,2.7.2025,100%,HR,https://www.calcalistec...,Unkno...,$34,Israel,9.12.2025
Okra,LagosNo,,2.7.2025,100%,Finance,https://techpoint.africa...,Series A,$12,Nigeria,8.7.2025
TikTok,DublinN,,2.7.2025,,Consumer,https://www.bloomber...,Acquir...,,Ireland,2.7.2025
TomTom,Amsterdam,300.0,30.6.2025,10%,Other,https://www.tomtom.c...,Post-I...,$430,Netherlands,8.7.2025
Rivian,Los Angeles,140.0,26.6.2025,1%,Transpor...,https://techcrunch.com...,Post-I...,"$10,700",United States,27.6.2025
Bumble,Austin,240.0,25.6.2025,30%,Consumer,https://www.cnbc.com/...,Post-I...,$313,United States,25.6.2025
Klue,Vancouver,85.0,25.6.2025,40%,Sales,https://betakit.com/klu...,Series B,$83,Canada,25.6.2025
Google,SF Bay Area,75.0,24.6.2025,,Consumer,https://www.theinform...,Post-I...,$26,United States,25.6.2025
Intel,Sacramento,,24.6.2025,,Hardware,https://www.oregonlive...,Post-I...,$12,United States,25.6.2025
Microsoft,Seattle,,24.6.2025,,Other,https://www.bloomber...,Post-I...,$1,United States,25.6.2025
Pluralsight,Salt Lake City,,24.6.2025,17%,Education,https://www.sltrib.com/...,Acquir...,$192,United States,27.6.2025
Khoros,Austin,116.0,20.6.2025,,Sales,https://www.bizjournal...,Privat...,$138,United States,20.6.2025
Sabi,LagosNo,50.0,19.6.2025,20%,Retail,https://techcrunch.com...,Series B,$66,Nigeria,21.6.2025
Intel,Tel AvivN,,17.6.2025,,Hardware,https://www.calcalistec...,Post-I...,$12,Israel,17.7.2025
Salto,Tel AvivN,30.0,10.6.2025,50%,Other,https://www.calcalistec...,Series B,$69,Israel,12.6.2025
ZoomInfo,Vancouver,150.0,9.6.2025,4%,Sales,https://www.oregonlive...,Post-I...,$7,Canada,10.6.2025
Playtika,Tel AvivN,90.0,5.6.2025,,Consumer,https://www.calcalistec...,Post-I...,,Israel,10.6.2025
Airtime,New York City,25.0,4.6.2025,43%,Consumer,https://techcrunch.com...,Series B,$33,United States,5.6.2025
Microsoft,Seattle,305.0,2.6.2025,3%,Other,https://www.geekwire.c...,Post-I...,$1,United States,5.6.2025
Hims & Hers,SF Bay Area,68.0,30.5.2025,4%,Healthcare,https://www.reuters.co...,Post-I...,"$1,200",United States,5.6.2025
Business Insider,New York City,,29.5.2025,20%,Media,https://www.adweek.co...,Acquir...,$56,United States,1.6.2025
eBay,Tel AvivN,200.0,28.5.2025,,Retail,https://www.calcalistec...,Post-I...,"$1,200",Israel,1.6.2025
Cars24,Gurugram,120.0,27.5.2025,,Transpor...,https://inc42.com/buzz...,Series G,"$1,300",India,28.5.2025
nCino,Wilmington,,27.5.2025,7%,Finance,https://www.housingwi...,Post-I...,"$1,100",United States,28.5.2025
Otipy,New Delhi,300.0,23.5.2025,100%,Food,https://economictimes....,Series B,$44,India,27.5.2025
LeddarTech,Quebec,138.0,22.5.2025,95%,Transpor...,https://betakit.com/led...,Post-I...,$402,Canada,23.5.2025
Climeworks,ZurichN,106.0,21.5.2025,22%,Energy,https://www.bloomber...,Privat...,$734,Switzerland,22.5.2025
Builder.ai,London,,20.5.2025,100%,AI,https://techcrunch.com...,Series D,$445,United Kin...,23.5.2025
Luminar,Orlando,,20.5.2025,,Transpor...,https://techcrunch.com...,Post-I...,$780,United States,27.5.2025
Blink Charging,Baltimore,,19.5.2025,20%,Other,https://blinkcharging.c...,Post-I...,$110,United States,22.5.2025
VerSe Innovation ...,Bengaluru,350.0,18.5.2025,,Media,https://inc42.com/buzz...,Series J,"$1,700",India,22.5.2025
GroundGame He...,Tampa Bay,97.0,15.5.2025,,Healthcare,https://www.bizjournal...,Series A,$17,United States,16.5.2025
Noogata,Tel AvivN,10.0,15.5.2025,100%,AI,https://www.calcalistec...,Series A,$28,Israel,16.5.2025
Amazon,Seattle,100.0,14.5.2025,,Retail,https://www.cnbc.com/...,Post-I...,"$8,100",United States,16.5.2025
Microsoft,Seattle,6000.0,13.5.2025,3%,Other,https://www.cnbc.com/...,Post-I...,$1,United States,13.5.2025
Chegg,SF Bay Area,248.0,12.5.2025,22%,Education,https://www.reuters.co...,Post-I...,$227,United States,13.5.2025
Match Group,New York City,325.0,8.5.2025,13%,Consumer,https://www.bloomber...,Post-I...,,United States,9.5.2025
CrowdStrike,SF Bay Area,500.0,7.5.2025,5%,Security,https://www.wsj.com/b...,Post-I...,"$1,200",United States,7.5.2025
Games 24x7,Mumbai,180.0,7.5.2025,,Consumer,https://www.storyboar...,Unkno...,$75,India,2.9.2025
OpenText,Waterloo,1600.0,6.5.2025,,Data,https://betakit.com/op...,Post-I...,"$1,100",Canada,16.5.2025
GenWise,New Delhi,15.0,5.5.2025,20%,Other,https://entrackr.com/ex...,Seed,$3,India,6.5.2025
General Fusion,Vancouver,,5.5.2025,25%,Energy,https://techcrunch.com...,Unkno...,$370,Canada,6.5.2025
Deep Instinct,Tel AvivN,20.0,4.5.2025,10%,Security,https://www.calcalistec...,Unkno...,$322,Israel,6.5.2025
Log 9 Materials,Bengaluru,,2.5.2025,100%,Manufac...,https://inc42.com/feat...,Series B,$32,India,3.5.2025
Beam,BristolN,200.0,1.5.2025,100%,Other,https://sifted.eu/article...,Unkno...,,United Kin...,3.5.2025
Bench,SF Bay Area,,1.5.2025,,Finance,https://techcrunch.com...,Acquir...,$109,United States,3.5.2025
NetApp,SF Bay Area,700.0,30.4.2025,6%,Data,https://blocksandfiles.c...,Post-I...,,United States,3.5.2025
Electronic Arts,SF Bay Area,300.0,29.4.2025,,Consumer,https://www.bloomber...,Post-I...,$2,United States,3.5.2025
Stem,SF Bay Area,,29.4.2025,27%,Energy,https://seekingalpha.co...,Post-I...,$583,United States,3.5.2025
Expedia,Seattle,,28.4.2025,3%,Travel,https://skift.com/2025/...,Post-I...,"$3,300",United States,3.5.2025
Spotter,Los Angeles,,28.4.2025,,Other,https://www.businessin...,Unkno...,$238,United States,3.5.2025
Tomorrow,Seattle,,28.4.2025,100%,Hardware,https://thespoon.tech/...,Unkno...,,United States,3.5.2025
Cars24,Gurugram,200.0,26.4.2025,,Transpor...,https://entrackr.com/ex...,Series G,"$1,300",India,29.4.2025
Cars24,Gurugram,200.0,26.4.2025,,Transpor...,https://inc42.com/buzz...,Series G,"$1,300",India,9.12.2025
SambaNova,SF Bay Area,77.0,25.4.2025,15%,AI,https://www.eetimes.co...,Series D,"$1,100",United States,3.5.2025
Meta,SF Bay Area,100.0,24.4.2025,,Consumer,https://www.bloomber...,Post-I...,"$26,000",United States,29.4.2025
Intel,Sacramento,22000.0,23.4.2025,20%,Hardware,https://www.bloomber...,Post-I...,$12,United States,23.4.2025
Zopper,NoidaNo,100.0,17.4.2025,,Finance,https://inc42.com/buzz...,Series D,$125,India,18.4.2025
Turo,SF Bay Area,150.0,16.4.2025,17%,Transpor...,https://www.bloomber...,Series E,$467,United States,17.4.2025
AppLovin,SF Bay Area,97.0,16.4.2025,,Marketing,https://www.pocketga...,Post-I...,"$1,600",United States,19.4.2025
Smashing,SF Bay Area,7.0,16.4.2025,100%,Consumer,https://techcrunch.com...,Seed,$3,United States,18.4.2025
GupShup,SF Bay Area,200.0,15.4.2025,,Other,https://inc42.com/buzz...,Series F,$484,India,17.4.2025
Sonder,SF Bay Area,,14.4.2025,,Travel,https://skift.com/2025/...,Post-I...,$839,United States,17.4.2025
Forto,BerlinNo,200.0,12.4.2025,,Logistics,https://www.businessin...,Series D,$593,Germany,17.4.2025
Google,SF Bay Area,,11.4.2025,,Consumer,https://www.reuters.co...,Post-I...,$26,United States,17.4.2025
Marin Software,SF Bay Area,,10.4.2025,100%,Marketing,https://searchenginela...,Post-I...,$99,United States,17.4.2025
Wing Cloud,Tel AvivN,,9.4.2025,100%,Infrastru...,https://www.calcalistec...,Seed,,Israel,17.4.2025
Coho AI,Tel AvivN,,6.4.2025,100%,Sales,https://www.calcalistec...,Seed,$8,Israel,17.4.2025
Five9,SF Bay Area,123.0,3.4.2025,4%,Support,https://www.marketwat...,Post-I...,$862,United States,17.4.2025
Tract,London,,3.4.2025,,Real Estate,https://sifted.eu/article...,Unkno...,,United Kin...,6.4.2025
Automattic,SF Bay Area,281.0,2.4.2025,16%,Other,https://techcrunch.com...,Series E,$986,United States,2.4.2025
Canva,SydneyN,10.0,2.4.2025,,Consumer,https://www.afr.com/te...,Unkno...,"$2,500",Australia,2.4.2025
WhyHive,Melbourne,,2.4.2025,100%,Data,https://www.startupdail...,Seed,,Australia,6.4.2025
Zomato,Gurugram,600.0,1.4.2025,,Food,https://inc42.com/buzz...,Series J,$914,India,9.12.2025
Northvolt,Stockholm,2800.0,31.3.2025,62%,Energy,https://sifted.eu/article...,Unkno...,"$13,800",Sweden,1.4.2025
2U,Washington D,,31.3.2025,,Education,https://www.classcentr...,Post-I...,$426,United States,1.4.2025
Palantir,Denver,120.0,27.3.2025,,Data,https://finance.yahoo.c...,Post-I...,"$3,000",United States,1.4.2025
Block,SF Bay Area,931.0,25.3.2025,8%,Finance,https://techcrunch.com...,Post-I...,$150,United States,26.3.2025
Niantic,SF Bay Area,68.0,25.3.2025,,Other,https://www.sfgate.co...,Series D,$770,United States,27.3.2025
Prefect,Washington D,20.0,25.3.2025,,Data,https://www.bizjournal...,Series B,$47,United States,27.3.2025
Brightcove,Boston,198.0,19.3.2025,33%,Marketing,https://www.boston.co...,Acquir...,$145,United States,21.3.2025
Acxiom,Little Rock,130.0,19.3.2025,3%,Marketing,https://adage.com/arti...,Post-I...,,United States,21.3.2025
HelloFresh,SF Bay Area,273.0,17.3.2025,,Food,https://www.grocerydiv...,Post-I...,$367,United States,18.3.2025
Otorio,Tel AvivN,45.0,17.3.2025,56%,Security,https://www.calcalistec...,Acquir...,,Israel,18.3.2025
ActiveFence,New York City,22.0,13.3.2025,7%,Security,https://www.calcalistec...,Series B,$100,United States,15.3.2025
D-ID,Tel AvivN,22.0,10.3.2025,25%,AI,https://www.calcalistec...,Series B,$48,Israel,12.3.2025
Arrival,London,,10.3.2025,100%,Transpor...,https://sifted.eu/article...,Post-I...,$629,United Kin...,12.3.2025
Zonar Systems,Seattle,,9.3.2025,,Logistics,https://www.bizjournal...,Acquir...,$50,United States,12.3.2025
Wayfair,Boston,340.0,7.3.2025,,Retail,https://finance.yahoo.c...,Post-I...,"$1,700",Germany,7.3.2025
Welltech,Limassol,80.0,7.3.2025,10%,Fitness,https://dev.ua/news/w...,Unkno...,,Cyprus,7.5.2026
Hewlett Packard E...,SF Bay Area,2500.0,6.3.2025,5%,Hardware,https://www.cnbc.com/...,Post-I...,"$1,400",United States,7.3.2025
TikTok,DublinN,300.0,6.3.2025,,Consumer,https://www.rte.ie/new...,Acquir...,,Ireland,7.3.2025
LiveRamp,SF Bay Area,65.0,5.3.2025,5%,Marketing,https://www.benzinga.c...,Post-I...,$16,United States,7.3.2025
Ola Electric,Bengaluru,1000.0,3.3.2025,,Transpor...,https://inc42.com/buzz...,Post-I...,"$1,700",India,5.3.2025
Rec Room,Seattle,,3.3.2025,16%,Consumer,https://blog.recroom.c...,Series F,$294,United States,5.3.2025
ANS Commerce,Gurugram,,2.3.2025,100%,Retail,https://www.etnownew...,Acquir...,$2,India,3.3.2025
HP,SF Bay Area,4000.0,28.2.2025,10%,Hardware,https://www.sfchronicl...,Post-I...,,United States,27.11.2025
Grubhub,SF Bay Area,500.0,28.2.2025,23%,Food,https://www.reuters.co...,Acquir...,$284,United States,1.3.2025
Autodesk,SF Bay Area,1350.0,27.2.2025,9%,Other,https://www.cnbc.com/...,Post-I...,,United States,28.2.2025
Digimarc,Portland,90.0,27.2.2025,40%,Other,https://www.oregonlive...,Post-I...,$105,United States,5.3.2025
Google,SF Bay Area,,27.2.2025,,Consumer,https://www.cnbc.com/...,Post-I...,$26,United States,28.2.2025
Flywire,Boston,125.0,26.2.2025,,Finance,https://www.bostonglo...,Series E,$263,United States,1.3.2025
eBay,Tel AvivN,20.0,26.2.2025,,Retail,https://www.calcalistec...,Post-I...,"$1,200",Israel,28.2.2025
Commercetools,MunichN,,26.2.2025,10%,Retail,https://techcrunch.com...,Series C,$119,Germany,28.2.2025
Dayforce,Toronto,,26.2.2025,5%,HR,https://www.marketwat...,Post-I...,$40,Canada,28.2.2025
Expedia,Seattle,,26.2.2025,,Travel,https://www.geekwire.c...,Post-I...,"$3,300",United States,28.2.2025
Skybox Security,SF Bay Area,300.0,24.2.2025,100%,Security,https://www.calcalistec...,Privat...,$335,United States,26.2.2025
HerMD,Cincinnati,,24.2.2025,100%,Healthcare,https://www.bizjournal...,Series A,$28,United States,26.2.2025
Ibotta,Denver,70.0,22.2.2025,8%,Retail,https://coloradosun.co...,Post-I...,$93,United States,24.2.2025
NetEase,TokyoNo,,22.2.2025,,Consumer,https://www.techinasia....,Post-I...,,Japan,23.2.2025
Zendesk,SF Bay Area,51.0,21.2.2025,,Support,https://www.kron4.com...,Acquir...,$85,United States,22.2.2025
Electriq Global,Tel AvivN,,21.2.2025,100%,Energy,https://www.calcalistec...,Unkno...,$8,Israel,26.2.2025
SeatGeek,New York City,150.0,20.2.2025,15%,Consumer,https://www.theticketin...,Series E,$400,United States,22.2.2025
Vendease,LagosNo,120.0,19.2.2025,44%,Food,https://techcabal.com/...,Series A,$43,Nigeria,22.2.2025
Riskified,New York City,,19.2.2025,,Retail,https://www.calcalistec...,Post-I...,$229,United States,22.2.2025
Logically,Manchester,40.0,17.2.2025,20%,AI,https://sifted.eu/article...,Series A,$37,United Kin...,18.2.2025
Eviation Aircraft,Tel AvivN,,14.2.2025,,Aerospace,https://www.aerotime.a...,Acquir...,$140,Israel,18.2.2025
Blue Origin,Seattle,1000.0,13.2.2025,10%,Aerospace,https://www.cnn.com/2...,Unkno...,$167,United States,15.2.2025
Metro Africa Xpre...,LagosNo,150.0,13.2.2025,,Logistics,https://techcabal.com/...,Unkno...,$64,Nigeria,28.3.2025
Sophos,OxfordN,,13.2.2025,6%,Security,https://techcrunch.com...,Acquir...,$125,United Kin...,13.2.2025
Redfin,Seattle,450.0,12.2.2025,,Real Estate,https://www.realestate...,Post-I...,$320,United States,18.2.2025
Zepz,London,200.0,12.2.2025,20%,Finance,https://www.cnbc.com/...,Series E,$700,United Kin...,12.2.2025
Getaround,SF Bay Area,,12.2.2025,,Transpor...,https://www.sfchronicl...,Series D,$403,United States,13.2.2025
Unity,SF Bay Area,,11.2.2025,,Other,https://www.theverge.c...,Post-I...,"$1,300",United States,12.2.2025
Meta,SF Bay Area,3600.0,10.2.2025,5%,Consumer,https://finance.yahoo.c...,Post-I...,"$26,000",United States,16.1.2025
Wise,Tampa Bay,300.0,10.2.2025,,Finance,https://www.tampabay....,Post-I...,$300,United States,26.2.2025
Justworks,New York City,200.0,10.2.2025,,HR,https://www.justworks....,Unkno...,$160,United States,11.2.2025
MessageBird,Amsterdam,120.0,10.2.2025,33%,Other,https://techcrunch.com...,Series C,"$1,100",Netherlands,11.2.2025
Sprinklr,New York City,500.0,6.2.2025,15%,Support,https://techcrunch.com...,Post-I...,$429,United States,8.2.2025
NanoLock,Tel AvivN,,6.2.2025,100%,Security,https://www.calcalistec...,Series B,$18,Israel,26.2.2025
Workday,SF Bay Area,1750.0,5.2.2025,8%,HR,https://www.cnbc.com/...,Post-I...,$230,United States,5.2.2025
Gemini,New York City,200.0,5.2.2025,,Crypto,https://www.reuters.co...,Unkno...,$423,United States,7.2.2026
Outbrain,New York City,200.0,5.2.2025,,Marketing,https://www.calcalistec...,Post-I...,$394,United States,5.2.2025
Sonos,Santa Barbara,200.0,5.2.2025,12%,Consumer,https://www.theverge.c...,Post-I...,$455,United States,5.2.2025
SRTX,Montreal,140.0,5.2.2025,,Manufac...,https://substack.com/i...,Unkno...,$151,Canada,5.2.2025
Tabnine,Tel AvivN,15.0,5.2.2025,18%,AI,https://www.calcalistec...,Series B,$57,Israel,6.2.2025
Hugging Face,New York City,10.0,5.2.2025,4%,AI,https://www.theinform...,Series D,$395,United States,6.2.2025
Cruise,SF Bay Area,1000.0,4.2.2025,50%,Transpor...,https://techcrunch.com...,Acquir...,"$15,000",United States,4.2.2025
Okta,SF Bay Area,180.0,4.2.2025,3%,Security,https://techcrunch.com...,Post-I...,"$1,200",United States,4.2.2025
AppsFlyer,SF Bay Area,100.0,4.2.2025,7%,Data,https://www.calcalistec...,Unkno...,$293,United States,5.2.2025
Asana,SF Bay Area,100.0,4.2.2025,,Other,Internal memo,Post-I...,$453,United States,5.2.2025
TripAdvisor,Boston,75.0,4.2.2025,,Travel,https://skift.com/2025/...,Post-I...,$3,United States,5.2.2025
Intel,Sacramento,58.0,4.2.2025,,Hardware,https://folsomtimes.co...,Post-I...,$12,United States,22.2.2025
Innoviz,Tel AvivN,40.0,4.2.2025,9%,Transpor...,https://www.calcalistec...,Post-I...,$547,Israel,9.12.2025
Salesforce,SF Bay Area,1000.0,3.2.2025,1%,Sales,https://finance.yahoo.c...,Post-I...,$65,United States,4.2.2025
Sure,New York City,70.0,3.2.2025,,Finance,https://www.theinsurer....,Series C,$123,United States,5.2.2025
Cushion,SF Bay Area,,30.1.2025,100%,Finance,https://techcrunch.com...,Series A,$20,United States,2.2.2025
Placer.ai,SF Bay Area,150.0,29.1.2025,18%,Data,https://www.calcalistec...,Unkno...,$267,United States,30.1.2025
Amazon,Seattle,,29.1.2025,,Retail,https://www.bloomber...,Post-I...,"$8,100",United States,2.2.2025
Digital River,Minneapolis,122.0,28.1.2025,,Retail,https://www.startribun...,Privat...,$50,United States,2.2.2025
Aurora Labs,Tel AvivN,45.0,27.1.2025,60%,Transpor...,https://www.calcalistec...,Series C,$97,Israel,9.12.2025
Moon Active,Tel AvivN,,27.1.2025,,Consumer,https://www.calcalistec...,Unkno...,$425,Israel,29.1.2025
Stripe,SF Bay Area,300.0,21.1.2025,3%,Finance,https://www.businessin...,Series I,"$8,700",United States,21.1.2025
Turso,London,,21.1.2025,,Product,https://turso.tech/blog...,Seed,$7,Canada,29.1.2025
Unbabel,LisbonN,66.0,20.1.2025,25%,Support,https://observador.pt/2...,Series C,$91,Portugal,29.1.2025
Chrono24,Karlsruhe,110.0,16.1.2025,24%,Retail,https://usa.watchpro.co...,Series C,$205,Germany,17.1.2025
Pocket FM,Bengaluru,75.0,16.1.2025,,Media,https://yourstory.com/...,Series D,$212,India,21.1.2025
Aurora Solar,SF Bay Area,58.0,16.1.2025,,Energy,https://www.sfexamine...,Series D,$523,United States,17.1.2025
HeyJobs,BerlinNo,90.0,15.1.2025,,Recruiting,https://aimgroup.com/...,Series B,$62,Germany,2.2.2025
AppLovin,SF Bay Area,89.0,15.1.2025,,Marketing,https://www.pocketga...,Post-I...,"$1,600",United States,19.4.2025
ShareChat,Bengaluru,27.0,15.1.2025,5%,Marketing,https://entrackr.com/n...,Series D,$222,India,16.1.2025
Textio,Seattle,15.0,15.1.2025,,Recruiting,https://www.geekwire.c...,Unkno...,$42,United States,17.1.2025
Advisor Credit Ex...,Philadelphia,,14.1.2025,100%,Finance,https://citywire.com/ria...,Unkno...,$31,United States,15.1.2025
Microsoft,Seattle,,14.1.2025,,Other,https://www.businessin...,Post-I...,$1,United States,15.1.2025
TechCrunch,SF Bay Area,,14.1.2025,,Media,https://www.businessin...,Acquir...,,United States,17.1.2025
Alza,New York City,,13.1.2025,100%,Finance,https://fortune.com/20...,Seed,$7,United States,15.1.2025
Boozt,MalmoN,,13.1.2025,10%,Retail,https://www.breakit.se/...,Post-I...,$56,Sweden,2.2.2025
Wayfair,BerlinNo,730.0,10.1.2025,3%,Retail,https://www.cnbc.com/...,Post-I...,"$1,700",Germany,12.1.2025
Pandion,Seattle,63.0,10.1.2025,100%,Logistics,https://www.geekwire.c...,Series B,$76,United States,12.1.2025
Zillow,Seattle,,10.1.2025,,Real Estate,https://www.geekwire.c...,Post-I...,$97,United States,15.1.2025
Icon,Austin,114.0,9.1.2025,,Construc...,https://www.statesman....,Series B,$451,United States,12.1.2025
Redfin,Seattle,46.0,9.1.2025,,Real Estate,https://www.geekwire.c...,Post-I...,$320,United States,15.1.2025
Altruist,SF Bay Area,37.0,7.1.2025,10%,Finance,https://riabiz.com/a/20...,Series E,$449,United States,8.1.2025
Aqua Security,Boston,,7.1.2025,,Security,https://www.calcalistec...,Series E,$325,United States,8.1.2025
Cloud Software G...,SF Bay Area,,7.1.2025,,Other,https://www.crn.com/n...,Unkno...,,United States,12.1.2025
Microsoft,Seattle,,7.1.2025,,Other,https://www.businessin...,Post-I...,$1,United States,11.1.2025
SolarEdge,Tel AvivN,400.0,6.1.2025,,Energy,https://www.reuters.co...,Post-I...,$155,Israel,8.1.2025
Level,New York City,,2.1.2025,100%,Finance,https://www.pymnts.co...,Series B,$27,United States,4.1.2025
GupShup,SF Bay Area,300.0,31.12.2024,,Other,https://inc42.com/buzz...,Series F,$484,India,17.4.2025
Brave Care,Portland,,31.12.2024,100%,Healthcare,https://www.oregonlive...,Series B,$43,United States,4.1.2025
Epicery,ParisNon,,31.12.2024,100%,Food,https://techcrunch.com...,Acquir...,$7,France,4.1.2025
Bench,Vancouver,450.0,27.12.2024,100%,Finance,https://techcrunch.com...,Series C,$109,Canada,28.12.2024
Lilium,MunichN,1000.0,23.12.2024,100%,Aerospace,https://techcrunch.com...,Post-I...,"$1,400",Germany,28.12.2024
BionicHIVE,SderotN,,22.12.2024,100%,Hardware,https://www.calcalistec...,Unkno...,,Israel,28.12.2024
RealSelf,Seattle,,19.12.2024,,Healthcare,https://www.geekwire.c...,Series B,$42,United States,15.1.2025
Refinery29,New York City,,17.12.2024,,Media,https://www.axios.com...,Acquir...,$134,United States,18.12.2024
Thrive,Mumbai,,14.12.2024,100%,Food,https://yourstory.com/...,Series A,,India,18.12.2024
Cint,Stockholm,,12.12.2024,12%,Data,https://investors.cint.co...,Post-I...,$17,Sweden,8.2.2025
Yahoo,SF Bay Area,,12.12.2024,,Consumer,https://techcrunch.com...,Acquir...,$6,United States,13.12.2024
Foundry,Rochester,74.0,11.12.2024,27%,Crypto,https://coingeek.com/f...,Subsi...,,United States,13.12.2024
Calendly,Atlanta,70.0,11.12.2024,13%,Other,https://finance.yahoo.c...,Series B,$351,United States,13.12.2024
Canoo,Los Angeles,20.0,11.12.2024,,Transpor...,https://eletric-vehicles....,Post-I...,$300,United States,13.12.2024
OfferUp,Seattle,,11.12.2024,22%,Retail,https://www.geekwire.c...,Unkno...,$381,United States,13.12.2024
Spotter,Los Angeles,,11.12.2024,,Other,https://www.theinform...,Unkno...,$238,United States,13.12.2024
Bluevine,Tel AvivN,100.0,10.12.2024,18%,Finance,https://www.calcalistec...,Unkno...,$769,Israel,11.12.2024
Spectrm,BerlinNo,,10.12.2024,,Marketing,https://tech.eu/2024/1...,Series B,$11,Germany,18.12.2024
EasyKnock,New York City,,9.12.2024,100%,Real Estate,https://www.housingwi...,Series D,$440,United States,11.12.2024
Carousell,Singapore,76.0,6.12.2024,7%,Retail,https://www.channelne...,Unkno...,$375,Singapore,7.12.2024
Mixtroz,Birmingham,,6.12.2024,100%,Other,https://bhamnow.com/...,Seed,$2,United States,11.12.2024
Circle,Boston,50.0,5.12.2024,6%,Crypto,https://www.coindesk.c...,Privat...,"$1,100",United States,7.12.2024
Vox Media,Washington D,,5.12.2024,,Media,https://www.adweek.co...,Series F,$307,United States,7.12.2024
Stash,New York City,88.0,4.12.2024,40%,Finance,https://fortune.com/20...,Unkno...,$480,United States,7.12.2024
Booking Holdings,Norwalk,60.0,4.12.2024,,Travel,https://skift.com/2024/...,Post-I...,"$2,800",United States,7.12.2024
2U,Washington D,,4.12.2024,,Education,https://www.classcentr...,Post-I...,$426,United States,7.12.2024
Skai,Tel AvivN,80.0,3.12.2024,14%,Marketing,https://www.calcalistec...,Series E,$60,Israel,11.12.2024
Lightspeed Com...,Montreal,200.0,2.12.2024,,Retail,https://www.marketwat...,Post-I...,"$1,200",Canada,3.12.2024
Kobo360,LagosNo,30.0,30.11.2024,,Logistics,https://techcabal.com/...,Series B,$85,Nigeria,21.1.2025
Klub,Bengaluru,60.0,29.11.2024,,Finance,https://www.livemint.c...,Unkno...,$35,India,1.12.2024
SolarEdge,Tel AvivN,500.0,27.11.2024,12%,Energy,https://www.reuters.co...,Post-I...,$155,Israel,8.1.2025
AlphaSense,New York City,150.0,27.11.2024,8%,Other,https://news.bloomber...,Series F,"$1,400",United States,28.11.2024
Sprout Social,Chicago,,25.11.2024,,Marketing,https://docs.google.co...,Post-I...,$111,United States,13.12.2024
Apple,SF Bay Area,,24.11.2024,,Hardware,https://www.bloomber...,Post-I...,"$1,200",United States,27.11.2025
Ola Electric,Bengaluru,500.0,22.11.2024,,Transpor...,https://www.techinasia....,Post-I...,"$1,700",India,24.11.2024
Adjust,BerlinNo,304.0,22.11.2024,,Marketing,https://www.pocketga...,Acquir...,$256,Germany,24.11.2024
Hopper,Montreal,,22.11.2024,,Travel,https://skift.com/2024/...,Unkno...,$730,Canada,24.11.2024
LinkedIn,SF Bay Area,202.0,21.11.2024,1%,Recruiting,https://www.theinform...,Acquir...,$154,United States,24.11.2024
Headspace,Los Angeles,,20.11.2024,13%,Healthcare,https://bhbusiness.com...,Unkno...,$216,United States,28.11.2024
Own,New York City,,19.11.2024,,Data,https://www.bloomber...,Acquir...,$507,United States,21.11.2024
TrueLayer,London,71.0,15.11.2024,25%,Finance,https://www.cityam.co...,Series E,$321,United Kin...,21.11.2024
Better Collective,Copenhagen,300.0,14.11.2024,,Other,https://www.igbaffiliate...,Unkno...,,Denmark,18.2.2025
Kuku FM,Mumbai,80.0,14.11.2024,,Media,https://inc42.com/buzz...,Series C,$71,India,15.11.2024
AMD,SF Bay Area,1000.0,13.11.2024,4%,Hardware,https://www.techopedi...,Post-I...,,United States,13.11.2024
AppLovin,SF Bay Area,120.0,13.11.2024,,Marketing,https://www.sfgate.co...,Post-I...,"$1,600",United States,16.11.2024
Chegg,SF Bay Area,319.0,12.11.2024,21%,Education,https://www.wsj.com/li...,Post-I...,$227,United States,13.11.2024
Forward,SF Bay Area,200.0,12.11.2024,100%,Healthcare,https://www.theinform...,Series E,$325,United States,13.11.2024
Lyra Health,SF Bay Area,77.0,12.11.2024,2%,Healthcare,https://www.fiercehealt...,Series F,$910,United States,21.11.2024
New Relic,SF Bay Area,,12.11.2024,,Infrastru...,https://www.bizjournal...,Acquir...,$214,United States,13.11.2024
Stoa,Bengaluru,,12.11.2024,100%,Education,https://inc42.com/buzz...,Seed,,India,14.11.2024
Enphase Energy,SF Bay Area,500.0,11.11.2024,17%,Energy,https://www.sfgate.co...,Post-I...,$116,United States,12.11.2024
23andMe,SF Bay Area,200.0,11.11.2024,40%,Healthcare,https://www.wsj.com/t...,Post-I...,"$1,100",United States,12.11.2024
Sword Health,New York City,13.0,11.11.2024,,Healthcare,https://www.businessin...,Unkno...,$450,United States,12.11.2024
Monarch Tractor,SF Bay Area,35.0,8.11.2024,10%,Other,https://techcrunch.com...,Unkno...,$214,United States,9.11.2024
BigCommerce,Austin,,8.11.2024,,Retail,https://www.bizjournal...,Post-I...,$224,United States,9.11.2024
Booking.com,Grand Rapids,,8.11.2024,,Travel,https://skift.com/2024/...,Acquir...,,United States,10.11.2024
Exosonic,Los Angeles,,8.11.2024,100%,Aerospace,https://techcrunch.com...,Seed,$4,United States,9.11.2024
Freshworks,SF Bay Area,660.0,7.11.2024,13%,Support,https://entrackr.com/n...,Post-I...,$484,United States,7.11.2024
Just Eat,Amsterdam,300.0,7.11.2024,2%,Food,https://www.dailymail.c...,Acquir...,$129,Netherlands,8.11.2024
Opendoor,SF Bay Area,300.0,7.11.2024,17%,Real Estate,https://investor.opend...,Post-I...,"$1,900",United States,8.11.2024
Akamai,Boston,250.0,7.11.2024,2%,Security,https://www.bizjournal...,Post-I...,$35,United States,8.11.2024
ShareFile,Raleigh,199.0,7.11.2024,,Other,https://www.newsobser...,Acquir...,,United States,8.11.2024
Personio,MunichN,115.0,7.11.2024,6%,HR,https://www.businessin...,Series E,$724,Germany,7.11.2024
iRobot,Boston,105.0,6.11.2024,16%,Consumer,https://techcrunch.com...,Post-I...,$30,United States,7.11.2024
Outreach,Seattle,67.0,6.11.2024,9%,Sales,https://www.geekwire.c...,Series G,$489,United States,7.11.2024
Avaya,Durham,,6.11.2024,,Other,https://www.uctoday.c...,Post-I...,$700,United States,8.11.2024
Mozilla Foundation,SF Bay Area,,5.11.2024,30%,Consumer,https://techcrunch.com...,Subsi...,$2,United States,6.11.2024
Incredibuild,Tel AvivN,18.0,4.11.2024,11%,Product,https://www.calcalistec...,Acquir...,$35,Israel,6.11.2024
Atera,Tel AvivN,20.0,3.11.2024,6%,Other,https://www.calcalistec...,Series B,$102,Israel,4.11.2024
Maven Clinic,New York City,60.0,1.11.2024,10%,Healthcare,https://endpts.com/ma...,Series F,$417,United States,2.11.2024
Bowery Farming,New York City,,1.11.2024,100%,Food,https://pitchbook.com/...,Unkno...,$626,United States,2.11.2024
Tidal,New York City,,31.10.2024,,Consumer,https://www.engadget....,Acquir...,,United States,1.11.2024
Dropbox,SF Bay Area,527.0,30.10.2024,20%,Other,https://techcrunch.com...,Post-I...,"$1,700",United States,30.10.2024
Kraken,SF Bay Area,400.0,30.10.2024,15%,Crypto,https://www.nytimes.co...,Unkno...,$134,United States,31.10.2024
Miro,SF Bay Area,275.0,30.10.2024,18%,Other,https://www.theinform...,Series C,$476,United States,30.10.2024
ConsenSys,New York City,163.0,29.10.2024,20%,Crypto,https://decrypt.co/288...,Series D,$726,United States,30.10.2024
F5,Seattle,100.0,29.10.2024,2%,Security,https://www.geekwire.c...,Post-I...,,United States,30.10.2024
Docker,SF Bay Area,,29.10.2024,10%,Infrastru...,Internal memo,Series C,$436,United States,30.10.2024
dYdX,SF Bay Area,,29.10.2024,35%,Crypto,https://cointelegraph.c...,Series C,$87,United States,30.10.2024
Coursera,SF Bay Area,150.0,25.10.2024,10%,Education,https://www.classcentr...,Post-I...,$458,United States,31.10.2024
Kyte,SF Bay Area,,25.10.2024,40%,Transpor...,https://techcrunch.com...,Unkno...,$548,United States,27.10.2024
Twelve,SF Bay Area,,25.10.2024,,Energy,https://www.linkedin.c...,Unkno...,$844,United States,1.11.2024
Airthings,OsloNon,,24.10.2024,,Hardware,https://www.airthings.c...,Unkno...,,Norway,27.10.2024
Catena Media,SliemaN,29.0,23.10.2024,,Marketing,https://whoswho.mt/en...,Unkno...,,Malta,4.11.2024
Upwork,SF Bay Area,,23.10.2024,21%,Other,https://investors.upwor...,Post-I...,$168,United States,24.10.2024
Venminder,Louisville,100.0,21.10.2024,,Security,https://www.bizjournal...,Acquir...,$49,United States,23.10.2024
Jellysmack,New York City,22.0,21.10.2024,,Media,https://www.businessin...,Series C,$22,France,23.10.2024
Chief,New York City,,20.10.2024,,HR,https://africa.businessi...,Series B,$140,United States,23.10.2024
CapWay,Atlanta,,17.10.2024,100%,Finance,https://techcrunch.com...,Unkno...,,United States,18.10.2024
Meta,SF Bay Area,,16.10.2024,,Consumer,https://www.theverge.c...,Post-I...,"$26,000",United States,17.10.2024
Gigamon,SF Bay Area,69.0,15.10.2024,,Data,https://www.sfgate.co...,Acquir...,$23,United States,16.10.2024
AppLovin,SF Bay Area,58.0,15.10.2024,,Marketing,https://www.pocketga...,Post-I...,"$1,600",United States,19.4.2025
Fable,New York City,,15.10.2024,100%,Product,https://www.fable.app/...,Series A,$19,United States,18.10.2024
Bytedance,JakartaN,500.0,11.10.2024,,Consumer,https://www.reuters.co...,Unkno...,"$9,400",Indonesia,11.10.2024
Nikola,Phoenix,130.0,11.10.2024,15%,Transpor...,https://finance.yahoo.c...,Post-I...,"$3,300",United States,17.10.2024
Toplyne,Bengaluru,,11.10.2024,100%,Sales,https://www.linkedin.c...,Series A,$17,India,11.10.2024
CareerBuilder + ...,Chicago,200.0,10.10.2024,15%,Recruiting,https://aimgroup.com/...,Acquir...,,United States,11.10.2024
GoWild,Louisville,,10.10.2024,100%,Retail,https://www.bizjournal...,Seed,$8,United States,11.10.2024
Toptal,SF Bay Area,,10.10.2024,,Recruiting,https://www.theinform...,Unkno...,,United States,11.10.2024
Grabango,SF Bay Area,,9.10.2024,100%,Food,https://www.cnbc.com/...,Unkno...,$94,United States,11.10.2024
BeepKart,Bengaluru,130.0,8.10.2024,40%,Retail,https://inc42.com/buzz...,Series A,$19,India,9.10.2024
Zapp,London,,8.10.2024,90%,Food,https://www.uktech.ne...,Series B,$300,United Kin...,9.10.2024
Eaze,SF Bay Area,500.0,7.10.2024,100%,Consumer,https://www.sfgate.co...,Series D,$202,United States,8.10.2024
PubMatic,SF Bay Area,12.0,7.10.2024,1%,Marketing,https://www.businessin...,Post-I...,$63,United States,8.10.2024
Zapata Computing,Boston,,7.10.2024,100%,Other,https://ir.zapata.ai/nod...,Post-I...,$82,United States,15.10.2024
AppLovin,SF Bay Area,65.0,3.10.2024,,Marketing,https://www.pocketga...,Post-I...,"$1,600",United States,19.4.2025
Tome,SF Bay Area,12.0,2.10.2024,31%,Sales,https://www.theinform...,Series B,$75,United States,3.10.2024
Alma,New York City,,2.10.2024,9%,Healthcare,https://bhbusiness.com...,Series D,$220,United States,3.10.2024
Flexport,SF Bay Area,,2.10.2024,2%,Logistics,https://www.freightwav...,Series E,"$2,400",United States,4.10.2024
ABBYY,Nicosia,200.0,1.10.2024,,Data,https://www.bignewsn...,Unkno...,$6,Cyprus,3.10.2024
FreshBooks,Toronto,140.0,1.10.2024,,Finance,https://www.freshbook...,Unkno...,$331,Canada,3.10.2024
Vendease,LagosNo,68.0,30.9.2024,20%,Food,https://techcabal.com/...,Series A,$43,Nigeria,22.2.2025
Marin Software,SF Bay Area,27.0,30.9.2024,26%,Marketing,https://www.businessw...,Post-I...,$99,United States,17.4.2025
Shein,Singapore,17.0,30.9.2024,,Retail,https://marketech-apac...,Privat...,"$4,100",Singapore,1.10.2024
DoubleCloud,DubaiNo,,30.9.2024,100%,Infrastru...,https://double.cloud/bl...,Unkno...,,UAE,3.10.2024
Greenikk,Trivandrum,,30.9.2024,100%,Food,https://inc42.com/buzz...,Seed,$1,India,1.10.2024
Drata,San Diego,40.0,26.9.2024,9%,Security,https://techcrunch.com...,Series C,$328,United States,27.9.2024
Moov,Cedar Falls,50.0,25.9.2024,,Finance,https://www.linkedin.c...,Series B,$77,United States,26.9.2024
FreightWaves,Chattanooga,16.0,24.9.2024,,Logistics,https://www.timesfreep...,Privat...,$92,United States,26.9.2024
F5,Seattle,,24.9.2024,,Security,https://www.geekwire.c...,Post-I...,,United States,26.9.2024
Northvolt,Stockholm,1600.0,23.9.2024,20%,Energy,https://www.cnbc.com/...,Unkno...,"$13,800",Sweden,26.9.2024
Olo,New York City,,23.9.2024,9%,Food,https://www.fsrmagazi...,Post-I...,$184,United States,24.9.2024
Healthy.io,Tel AvivN,40.0,22.9.2024,30%,Healthcare,https://www.calcalistec...,Series D,$185,Israel,24.9.2024
Reverb,Chicago,40.0,20.9.2024,,Retail,https://www.valueadde...,Acquir...,$47,United States,26.9.2024
Luminar,Orlando,,20.9.2024,15%,Transpor...,https://www.luminartec...,Post-I...,$780,United States,24.9.2024
Notable Labs,SF Bay Area,,20.9.2024,65%,Healthcare,https://www.bizjournal...,Series B,,United States,21.9.2024
CarTrawler,DublinN,40.0,19.9.2024,10%,Transpor...,https://www.businessp...,Acquir...,,Ireland,21.9.2024
ApplyBoard,Waterloo,,19.9.2024,4%,Education,https://kitchener.cityne...,Series D,$483,Canada,21.9.2024
Spendesk,ParisNon,151.0,18.9.2024,,Finance,https://www.lesechos.fr...,Series C,,France,1.10.2024
Aakash,New Delhi,80.0,18.9.2024,,Education,https://entrackr.com/2...,Acquir...,,India,21.9.2024
IBM,New York City,,18.9.2024,,Hardware,https://www.theregiste...,Post-I...,,United States,21.9.2024
Runtastic,LinzNon-,170.0,16.9.2024,,Fitness,https://www.derstanda...,Acquir...,,Austria,18.9.2024
Microsoft,Seattle,650.0,12.9.2024,,Other,https://www.ign.com/a...,Post-I...,$1,United States,12.9.2024
Amperity,Seattle,,12.9.2024,13%,Marketing,https://www.geekwire.c...,Series D,$187,United States,13.9.2024
Udemy,SF Bay Area,280.0,11.9.2024,,Education,https://investors.udem...,Post-I...,$311,United States,18.9.2024
Mobileye,Jerusalem,100.0,9.9.2024,,Transpor...,https://www.calcalistec...,Post-I...,"$2,100",Israel,24.9.2024
InsurStaq.ai,New Delhi,,9.9.2024,100%,AI,https://inc42.com/buzz...,Seed,,India,10.9.2024
Nori,Seattle,,9.9.2024,100%,Energy,https://www.bizjournal...,Unkno...,$19,United States,10.9.2024
WeTransfer,Amsterdam,260.0,8.9.2024,75%,Other,https://techcrunch.com...,Acquir...,$64,Netherlands,9.9.2024
Center,Seattle,8.0,7.9.2024,4%,Finance,https://www.geekwire.c...,Series C,$102,United States,1.10.2024
Goop,Los Angeles,39.0,6.9.2024,18%,Retail,https://www.businessin...,Unkno...,$75,United States,7.9.2024
Motif Foodworks,Boston,,6.9.2024,100%,Food,https://agfundernews.c...,Unkno...,$343,United States,9.9.2024
ChargePoint,SF Bay Area,250.0,4.9.2024,15%,Manufac...,https://www.marketwat...,Unkno...,"$1,400",United States,7.9.2024
Fly.io,Chicago,40.0,4.9.2024,,Infrastru...,https://news.ycombinat...,Series C,$110,United States,11.9.2024
Lyft,SF Bay Area,30.0,4.9.2024,1%,Transpor...,https://www.cnbc.com/...,Post-I...,"$4,900",United States,4.9.2024
ABL,Los Angeles,,3.9.2024,,Aerospace,https://payloadspace.c...,Unkno...,$479,United States,4.9.2024
Matter Labs,BerlinNo,,3.9.2024,16%,Crypto,https://cointelegraph.c...,Unkno...,$380,Germany,7.9.2024
Dozee,Bengaluru,40.0,2.9.2024,,Healthcare,https://inc42.com/buzz...,Series A,$26,India,4.9.2024
Dunzo,Bengaluru,150.0,31.8.2024,75%,Food,https://inc42.com/buzz...,Unkno...,$458,India,1.9.2024
Character.ai,SF Bay Area,6.0,29.8.2024,5%,AI,https://www.theinform...,Series A,$150,United States,1.9.2024
Brave,SF Bay Area,27.0,28.8.2024,14%,Consumer,https://techcrunch.com...,Series B,$42,United States,28.8.2024
Apple,SF Bay Area,100.0,27.8.2024,,Hardware,https://www.bloomber...,Post-I...,"$1,200",United States,28.8.2024
IBM,BeijingN,1000.0,26.8.2024,,Hardware,https://www.reuters.co...,Post-I...,,China,28.8.2024
Tome Biosciences,Boston,131.0,26.8.2024,100%,Healthcare,https://www.biopharm...,Series A,$213,United States,28.8.2024
Velo3D,SF Bay Area,42.0,26.8.2024,,Manufac...,https://www.siliconvall...,Post-I...,$305,United States,3.9.2024
Kenko Health,Mumbai,,23.8.2024,100%,Healthcare,https://inc42.com/buzz...,Series A,$14,India,28.8.2024
Received,New York City,,23.8.2024,100%,Finance,https://www.fintechfut...,Unkno...,,United States,28.8.2024
Sandvine,Waterloo,,23.8.2024,,Infrastru...,https://www.bnnbloom...,Acquir...,$63,Canada,28.8.2024
Redfin,Seattle,82.0,22.8.2024,2%,Real Estate,https://www.seattletim...,Post-I...,$320,United States,28.8.2024
Kaiyo,New York City,,21.8.2024,100%,Retail,https://businessofhom...,Series B,$43,United States,23.8.2024
Skip the Dishes,Winnipeg,800.0,20.8.2024,,Food,https://www.cbc.ca/ne...,Acquir...,$8,Canada,21.8.2024
Five9,SF Bay Area,190.0,20.8.2024,7%,Support,https://www.crn.com/n...,Post-I...,$862,United States,21.8.2024
ReshaMandi,Bengaluru,,20.8.2024,100%,Food,https://entrackr.com/2...,Unkno...,$54,India,23.8.2024
GoPro,SF Bay Area,139.0,19.8.2024,15%,Consumer,https://www.reuters.co...,Post-I...,$288,United States,21.8.2024
Localize,New York City,,19.8.2024,,Real Estate,https://www.calcalistec...,Series A,$40,United States,20.8.2024
Paper,Montreal,81.0,16.8.2024,45%,Education,https://betakit.com/phi...,Series D,$389,Canada,28.8.2024
Retention.com,Austin,15.0,16.8.2024,,Marketing,https://www.linkedin.c...,Unkno...,,United States,20.8.2024
Loop,Columbus,,16.8.2024,,Retail,https://www.linkedin.c...,Series B,$125,United States,17.8.2024
Regrow Ag,Durham,,16.8.2024,19%,Food,https://www.linkedin.c...,Series B,$64,United States,20.8.2024
AppLovin,SF Bay Area,61.0,15.8.2024,,Marketing,https://www.siliconvall...,Post-I...,"$1,600",United States,3.9.2024
Inuitive,Ra'anana,16.0,15.8.2024,20%,Manufac...,https://www.calcalistec...,Unkno...,$23,Israel,16.8.2024
Formlabs,Boston,,15.8.2024,,Hardware,https://techcrunch.com...,Series E,$254,United States,16.8.2024
Mister Spex,BerlinNo,,15.8.2024,10%,Retail,https://www.businessin...,Post-I...,$158,Germany,15.8.2024
PacketFabric,Los Angeles,,15.8.2024,,Infrastru...,https://packetfabric.co...,Unkno...,$110,United States,16.8.2024
Sampler,Toronto,,15.8.2024,100%,Retail,https://betakit.com/sa...,Series B,$10,Canada,28.8.2024
Sonos,Santa Barbara,100.0,14.8.2024,6%,Consumer,https://www.theverge.c...,Post-I...,$455,United States,14.8.2024
Grail,SF Bay Area,350.0,13.8.2024,,Healthcare,https://www.sfgate.co...,Post-I...,,United States,20.8.2024
DayTwo,SF Bay Area,,13.8.2024,100%,Healthcare,https://www.calcalistec...,Series B,$90,United States,14.8.2024
Quizac,LagosNo,,13.8.2024,100%,Education,https://techpoint.africa...,Acquir...,,Nigeria,4.9.2024
Tally,SF Bay Area,,12.8.2024,100%,Finance,https://techcrunch.com...,Series C,$172,United States,13.8.2024
Cisco,SF Bay Area,5600.0,9.8.2024,7%,Infrastru...,https://techcrunch.com...,Post-I...,$2,United States,10.8.2024
Branch.io,SF Bay Area,100.0,9.8.2024,,Marketing,https://9to5google.co...,Series F,$667,United States,10.8.2024
iCIMS,Holmdel,69.0,9.8.2024,,Recruiting,https://twitter.com/Asb...,Acquir...,$93,United States,14.8.2024
Ready Robotics,Columbus,,9.8.2024,,Manufac...,https://www.therobotr...,Unkno...,$41,United States,10.8.2024
Submittable,Missoula,40.0,8.8.2024,,Other,https://www.geekwire.c...,Unkno...,$115,United States,17.10.2024
Fastly,SF Bay Area,,8.8.2024,11%,Infrastru...,https://seekingalpha.co...,Post-I...,$219,United States,9.8.2024
Eventbrite,SF Bay Area,100.0,7.8.2024,11%,Consumer,https://www.marketwat...,Post-I...,$557,United States,8.8.2024
LegalZoom,Los Angeles,,7.8.2024,15%,Legal,https://finance.yahoo.c...,Post-I...,$952,United States,8.8.2024
Axios Media,Washington D,50.0,6.8.2024,10%,Media,https://www.nytimes.co...,Acquir...,$57,United States,7.8.2024
Mobius Motors,NairobiN,,6.8.2024,100%,Transpor...,https://techpoint.africa...,Unkno...,$6,Kenya,7.8.2024
Teradata,San Diego,,6.8.2024,13%,Data,https://www.marketwat...,Post-I...,,United States,7.8.2024
Infineon,MunichN,1400.0,5.8.2024,,Manufac...,https://finance.yahoo.c...,Post-I...,"$1,500",Germany,5.8.2024
Jam City,Los Angeles,85.0,5.8.2024,10%,Consumer,https://www.pocketga...,Unkno...,$652,United States,5.8.2024
Dell,Austin,,5.8.2024,,Hardware,https://siliconangle.co...,Post-I...,,United States,5.8.2024
ShareChat,Bengaluru,30.0,3.8.2024,5%,Marketing,https://yourstory.com/...,Series D,$222,India,5.8.2024
Intel,SF Bay Area,15000.0,1.8.2024,15%,Hardware,https://www.intel.com/...,Post-I...,$12,United States,2.8.2024
Avaya,Durham,180.0,1.8.2024,3%,Other,https://www.uctoday.c...,Post-I...,$700,United States,8.11.2024
Rad Power Bikes,Seattle,,1.8.2024,,Transpor...,https://techcrunch.com...,Series D,$329,United States,1.8.2024
Bungie,Seattle,220.0,31.7.2024,17%,Consumer,https://www.bungie.net...,Acquir...,$100,United States,1.8.2024
Delivery Hero,BerlinNo,200.0,31.7.2024,,Food,https://www.bloomber...,Post-I...,"$9,900",Germany,6.8.2024
Match Group,New York City,,31.7.2024,6%,Consumer,https://techcrunch.com...,Post-I...,,United States,1.8.2024
NerdWallet,SF Bay Area,,30.7.2024,15%,Finance,https://www.marketwat...,Post-I...,$105,United States,31.7.2024
Moxion Power,SF Bay Area,248.0,29.7.2024,100%,Energy,https://www.sfgate.co...,Unkno...,$124,United States,30.7.2024
OrCam,Jerusalem,,28.7.2024,,Healthcare,https://www.calcalistec...,Unkno...,$86,Israel,29.7.2024
Pocket FM,Bengaluru,200.0,27.7.2024,,Media,https://inc42.com/buzz...,Series D,$212,India,29.7.2024
WayCool,Chennai,200.0,26.7.2024,,Food,https://www.moneycon...,Unkno...,$363,India,26.7.2024
Webflow,SF Bay Area,,25.7.2024,8%,Marketing,https://webflow.com/bl...,Series C,$335,United States,25.7.2024
Humble Games,SF Bay Area,36.0,23.7.2024,100%,Media,https://venturebeat.co...,Acquir...,$4,United States,29.7.2024
Cohere,Toronto,20.0,23.7.2024,5%,AI,https://fortune.com/20...,Series D,$935,Canada,24.7.2024
Bluelearn,Bengaluru,,22.7.2024,100%,Education,https://www.moneycon...,Seed,$4,India,22.7.2024
Magic Leap,Miami,75.0,19.7.2024,,Consumer,https://www.bloomber...,Series E,"$4,100",United States,19.7.2024
Mercari U.S.,SF Bay Area,,19.7.2024,50%,Retail,https://asia.nikkei.com/...,Subsi...,,United States,20.7.2024
Aqua Security,Boston,50.0,17.7.2024,10%,Security,https://www.calcalistec...,Series E,$325,United States,18.7.2024
EverC,Tel AvivN,16.0,17.7.2024,10%,Security,https://www.calcalistec...,Unkno...,$61,Israel,18.7.2024
Lex,New York City,,17.7.2024,,Consumer,https://www.businessin...,Seed,$7,United States,18.7.2024
ON,SF Bay Area,60.0,16.7.2024,100%,Retail,https://venturebeat.co...,Unkno...,$81,United States,17.7.2024
Kaspersky,Boston,,16.7.2024,,Security,https://techcrunch.com...,Privat...,,United States,17.7.2024
Unbounce,Vancouver,,16.7.2024,,Marketing,https://docs.google.co...,Acquir...,$39,Canada,25.7.2024
SolarEdge,Tel AvivN,400.0,15.7.2024,,Energy,https://www.reuters.co...,Post-I...,$155,Israel,16.7.2024
Salesforce,SF Bay Area,300.0,15.7.2024,,Sales,https://www.bloomber...,Post-I...,$65,United States,15.7.2024
Spotify,Stockholm,40.0,15.7.2024,,Media,https://adage.com/arti...,Post-I...,"$2,100",Sweden,16.7.2024
SadaPay,Islamabad,,12.7.2024,30%,Finance,https://www.crowdfun...,Acquir...,$20,Pakistan,16.7.2024
MoxiWorks,Seattle,,11.7.2024,,Real Estate,https://www.inman.co...,Privat...,,United States,16.7.2024
Intuit,SF Bay Area,1800.0,10.7.2024,10%,Finance,https://www.bloomber...,Post-I...,$18,United States,10.7.2024
Redbox,Chicago,1000.0,10.7.2024,100%,Media,https://www.wsj.com/a...,Acquir...,$51,United States,22.7.2024
CyberProof,Los Angeles,,10.7.2024,7%,Security,https://www.calcalistec...,Subsi...,,United States,11.7.2024
UIPath,New York City,420.0,9.7.2024,10%,Other,https://www.cnbc.com/...,Post-I...,"$2,000",United States,10.7.2024
UKG,Boston,2200.0,3.7.2024,14%,HR,https://www.bizjournal...,Unkno...,,United States,3.7.2024
OpenText,Waterloo,1200.0,3.7.2024,2%,Data,https://www.marketwat...,Post-I...,"$1,100",Canada,3.7.2024
Microsoft,Seattle,,3.7.2024,,Other,https://www.geekwire.c...,Post-I...,$1,United States,8.7.2024
Unacademy,Bengaluru,250.0,2.7.2024,,Education,https://techcrunch.com...,Series H,$838,India,3.7.2024
Koo,Bengaluru,,2.7.2024,100%,Consumer,https://techcrunch.com...,Unkno...,$51,India,4.7.2024
Lightricks,Jerusalem,70.0,1.7.2024,12%,Consumer,https://www.calcalistec...,Series D,$335,Israel,3.7.2024
Upside Foods,SF Bay Area,26.0,1.7.2024,,Food,https://www.wired.com...,Unkno...,$598,United States,3.7.2024
Sightful,Tel AvivN,20.0,1.7.2024,33%,Hardware,https://www.calcalistec...,Unkno...,$61,Israel,3.7.2024
Cint,Stockholm,,1.7.2024,,Data,https://investors.cint.co...,Post-I...,$17,Sweden,3.7.2024
Ninja Van,Singapore,,1.7.2024,5%,Transpor...,https://www.theedgesi...,Series E,$974,Singapore,3.7.2024
Priceline,Norwalk,103.0,28.6.2024,7%,Travel,https://www.travelweek...,Acquir...,$77,United States,3.7.2024
RealPage,Dallas,260.0,27.6.2024,4%,Real Estate,https://www.bisnow.co...,Acquir...,$105,United States,3.7.2024
Planet,SF Bay Area,180.0,26.6.2024,17%,Aerospace,https://spacenews.com...,Post-I...,$574,United States,29.6.2024
Moxion Power,SF Bay Area,101.0,26.6.2024,,Energy,https://www.sfgate.co...,Unkno...,$124,United States,29.6.2024
eBay,Tel AvivN,,26.6.2024,,Retail,https://www.calcalistec...,Post-I...,"$1,200",Israel,29.6.2024
Perion,Tel AvivN,35.0,25.6.2024,5%,Marketing,https://en.globes.co.il/...,Post-I...,$76,Israel,26.6.2024
BeReal,ParisNon,,25.6.2024,,Consumer,https://www.businessin...,Acquir...,,France,26.6.2024
Flutterwave,LagosNo,30.0,24.6.2024,3%,Finance,https://techcabal.com/...,Unkno...,$509,Nigeria,26.6.2024
Ginkgo Bioworks,Boston,,24.6.2024,,Healthcare,https://www.biospace.c...,Post-I...,"$1,600",United States,19.6.2024
Trade Republic,BerlinNo,,23.6.2024,,Finance,https://www.wiwo.de/fi...,Unkno...,"$1,300",Germany,23.6.2024
Ginkgo Bioworks,Boston,400.0,20.6.2024,35%,Healthcare,https://www.bostonglo...,Post-I...,"$1,600",United States,23.6.2024
Bluevine,Tel AvivN,,20.6.2024,,Finance,https://www.calcalistec...,Unkno...,$769,Israel,23.6.2024
ReshaMandi,Bengaluru,,20.6.2024,80%,Food,https://economictimes....,Unkno...,$54,India,23.6.2024
Emma Sleep,Frankfurt,200.0,19.6.2024,18%,Retail,https://www.wiwo.de/u...,Acquir...,,Germany,23.6.2024
Moovit,Tel AvivN,20.0,19.6.2024,10%,Transpor...,https://www.calcalistec...,Acquir...,$131,Israel,23.6.2024
Wex,Portland,375.0,18.6.2024,5%,Finance,https://www.pressheral...,Post-I...,$400,United States,23.6.2024
PayPal,SF Bay Area,85.0,18.6.2024,,Finance,https://www.irishexami...,Post-I...,$216,United States,23.6.2024
Rapyd,Tel AvivN,30.0,18.6.2024,,Finance,https://www.calcalistec...,Unkno...,$770,Israel,19.6.2024
C2FO,Kansas City,16.0,18.6.2024,,Finance,https://www.bizjournal...,Series H,$537,United States,19.6.2024
Fisker,Los Angeles,,18.6.2024,100%,Transpor...,https://www.wsj.com/b...,Post-I...,"$1,700",United States,19.6.2024
Chegg,SF Bay Area,441.0,17.6.2024,23%,Education,https://www.businessw...,Post-I...,$227,United States,19.6.2024
Stackpath,Dallas,,17.6.2024,100%,Infrastru...,https://www.datacenter...,Series B,$396,United States,23.6.2024
Unit,New York City,,17.6.2024,15%,Finance,https://www.unit.co/a-...,Series C,$170,United States,19.6.2024
LOOP,Austin,23.0,16.6.2024,77%,Finance,https://www.coverager....,Series A,$34,United States,19.6.2024
Care/of,New York City,143.0,15.6.2024,100%,Healthcare,https://techcrunch.com...,Acquir...,$83,United States,19.6.2024
Running Tide,Portland,,15.6.2024,100%,Energy,https://www.pressheral...,Series B,$54,United States,19.6.2024
Satellogic,Montevideo,70.0,14.6.2024,30%,Aerospace,https://spacenews.com...,Post-I...,$424,Uruguay,19.6.2024
Cypress.io,Atlanta,11.0,14.6.2024,,Product,https://www.cypress.io/...,Series B,$54,United States,19.6.2024
Medtronic,SF Bay Area,,13.6.2024,,Healthcare,https://www.massdevic...,Post-I...,"$5,900",United States,14.6.2024
Bytedance,JakartaN,450.0,12.6.2024,,Consumer,https://www.bloomber...,Unkno...,"$9,400",Indonesia,12.6.2024
Paxos,New York City,65.0,12.6.2024,20%,Crypto,https://www.bloomber...,Unkno...,$543,United States,15.6.2024
SCiFi Foods,SF Bay Area,,12.6.2024,100%,Food,https://www.sfgate.co...,Series A,$39,United States,14.6.2024
VRChat,SF Bay Area,,12.6.2024,30%,Consumer,https://ask.vrchat.com/...,Series D,$95,United States,13.6.2024
Ladenzeile,BerlinNo,,11.6.2024,100%,Retail,https://t3n.de/news/la...,Subsi...,,Germany,11.6.2024
Paytm,NoidaNo,3500.0,10.6.2024,,Finance,https://www.livemint.c...,Subsi...,,India,11.6.2024
Kissflow,Chennai,45.0,10.6.2024,11%,Other,https://economictimes....,Unkno...,$1,India,11.6.2024
Copia,NairobiN,1060.0,6.6.2024,,Retail,https://techcabal.com/...,Series C,$103,Kenya,11.6.2024
Revel,New York City,1000.0,6.6.2024,,Transpor...,https://techcrunch.com...,Unkno...,$214,United States,11.6.2024
Simpl,Bengaluru,30.0,6.6.2024,,Finance,https://economictimes....,Series B,$72,India,11.6.2024
Oda,OsloNon,150.0,5.6.2024,,Food,https://techcrunch.com...,Unkno...,$691,Norway,5.6.2024
Pagaya,Tel AvivN,100.0,5.6.2024,20%,Finance,https://www.calcalistec...,Post-I...,"$2,000",Israel,6.6.2024
Aleph Farms,Tel AvivN,30.0,5.6.2024,30%,Food,https://www.calcalistec...,Unkno...,$119,Israel,6.6.2024
MoonPay,Dover,30.0,5.6.2024,10%,Crypto,https://www.theblock.c...,Unkno...,$651,United States,6.6.2024
Yext,New York City,,5.6.2024,12%,Marketing,https://www.investing.c...,Post-I...,$117,United States,5.6.2024
Microsoft,Seattle,1000.0,3.6.2024,,Other,https://www.theverge.c...,Post-I...,$1,United States,3.6.2024
OrCam,Jerusalem,100.0,3.6.2024,50%,Healthcare,https://www.calcalistec...,Unkno...,$86,Israel,4.6.2024
Google,SF Bay Area,100.0,31.5.2024,,Consumer,https://www.businessin...,Post-I...,$26,United States,1.6.2024
Tropic,New York City,40.0,31.5.2024,,Finance,https://www.linkedin.c...,Series B,$67,United States,1.6.2024
Gro Intelligence,New York City,,31.5.2024,10%,Food,https://agfundernews.c...,Series B,$118,United States,3.6.2024
Jasper Health,Boise,,31.5.2024,,Healthcare,https://techcrunch.com...,Series A,$32,United States,1.6.2024
FlightStats,Portland,73.0,30.5.2024,,Travel,https://www.oregonlive...,Acquir...,$3,United States,31.5.2024
ICANN,Los Angeles,33.0,30.5.2024,7%,Infrastru...,https://www.icann.org/...,Unkno...,,United States,5.6.2024
Walnut,New York City,15.0,29.5.2024,20%,Sales,https://www.calcalistec...,Series B,$56,United States,31.5.2024
Fisker,Los Angeles,,29.5.2024,,Transpor...,https://techcrunch.com...,Post-I...,"$1,700",United States,31.5.2024
Funding Circle,London,,29.5.2024,,Finance,https://markets.ft.com/...,Post-I...,$746,United Kin...,3.6.2024
Glovo,MadridN,22.0,25.5.2024,,Food,https://www.eleconomi...,Acquir...,"$1,200",Spain,25.7.2024
Lucid Motors,SF Bay Area,400.0,24.5.2024,6%,Transpor...,https://electrek.co/202...,Post-I...,"$8,300",United States,24.5.2024
Satellogic,Montevideo,34.0,24.5.2024,13%,Aerospace,https://spacenews.com...,Post-I...,$424,Uruguay,19.6.2024
Foursquare,New York City,105.0,23.5.2024,25%,Marketing,https://techcrunch.com...,Series G,$390,United States,24.5.2024
Guild,Denver,300.0,22.5.2024,25%,Education,https://www.denverpos...,Series F,$643,United States,23.5.2024
Cue Health,San Diego,180.0,22.5.2024,100%,Healthcare,https://www.fiercebiote...,Post-I...,$899,United States,23.5.2024
Silo,SF Bay Area,,22.5.2024,30%,Food,https://techcrunch.com...,Series C,$272,United States,23.5.2024
TikTok,Los Angeles,1000.0,21.5.2024,,Consumer,https://www.theinform...,Acquir...,,United States,14.6.2024
Joonko,New York City,,19.5.2024,100%,HR,https://www.calcalistec...,Series B,$38,United States,23.5.2024
Toshiba,TokyoNo,4000.0,16.5.2024,,Manufac...,https://www.reuters.co...,Unkno...,,Japan,24.5.2024
Wefox,BerlinNo,60.0,16.5.2024,,Finance,https://news.sky.com/s...,Series D,"$1,300",Germany,17.5.2024
Replit,SF Bay Area,30.0,16.5.2024,20%,Product,https://www.theinform...,Unkno...,$222,United States,16.5.2024
Gopuff,Philadelphia,,16.5.2024,6%,Food,https://www.theinform...,Series H,"$3,400",United States,16.5.2024
Karhoo,London,,16.5.2024,100%,Transpor...,https://www.prodriver...,Acquir...,$39,United Kin...,3.6.2024
SeekOut,Seattle,,16.5.2024,30%,Recruiting,https://techcrunch.com...,Series C,,United States,20.5.2024
Atmosphere,Austin,100.0,15.5.2024,,Other,https://www.bizjournal...,Series D,$214,United States,17.5.2024
Singularity 6,Los Angeles,36.0,15.5.2024,,Other,https://twitter.com/swe...,Series B,$49,United States,17.5.2024
Mainvest,Boston,,14.5.2024,100%,Finance,https://mainvest.notion...,Unkno...,$3,United States,17.5.2024
Indeed,Austin,1000.0,13.5.2024,8%,HR,https://www.indeed.co...,Acquir...,$5,United States,13.5.2024
Motional,Pittsburgh,550.0,10.5.2024,40%,Transpor...,https://techcrunch.com...,Unkno...,,United States,8.5.2024
Rivian,Los Angeles,120.0,10.5.2024,,Transpor...,https://www.sfchronicl...,Post-I...,"$10,700",United States,11.5.2024
Google,SF Bay Area,57.0,10.5.2024,,Consumer,https://www.sfchronicl...,Post-I...,$26,United States,11.5.2024
Symend,CalgaryN,,10.5.2024,,Other,https://www.linkedin.c...,Series C,$148,Canada,10.8.2024
Vacasa,Portland,800.0,9.5.2024,13%,Travel,https://skift.com/2024/...,Post-I...,$834,United States,10.5.2024
Sight Diagnostics,Tel AvivN,40.0,9.5.2024,30%,Healthcare,https://www.calcalistec...,Series D,$124,Israel,6.6.2024
PrepLadder,New Delhi,145.0,8.5.2024,25%,Education,https://inc42.com/buzz...,Acquir...,,India,9.5.2024
Simpl,Bengaluru,100.0,8.5.2024,15%,Finance,https://www.moneycon...,Series B,$72,India,8.5.2024
Arkane Studios,Austin,96.0,8.5.2024,100%,Consumer,https://www.bizjournal...,Unkno...,,United States,10.5.2024
Brilliant,SF Bay Area,,8.5.2024,100%,Hardware,https://www.theverge.c...,Series B,$64,United States,9.5.2024
Kinaxis,OttawaN,,8.5.2024,6%,Other,https://investors.kinaxis...,Post-I...,$79,Canada,23.5.2024
Hopin,London,,7.5.2024,,Other,https://hopin-talent-lis...,Series D,"$1,000",United Kin...,9.5.2024
Enovix,SF Bay Area,170.0,6.5.2024,33%,Energy,https://www.theinform...,Post-I...,$516,United States,7.5.2024
Cue Health,San Diego,230.0,3.5.2024,49%,Healthcare,https://www.beckersho...,Post-I...,$899,United States,4.5.2024
Rivian,Los Angeles,150.0,3.5.2024,1%,Transpor...,https://abc7.com/rivian...,Post-I...,"$10,700",United States,11.5.2024
Luminar,Orlando,140.0,3.5.2024,20%,Transpor...,https://techcrunch.com...,Post-I...,$780,United States,4.5.2024
Sprinklr,New York City,116.0,3.5.2024,3%,Support,https://techcrunch.com...,Post-I...,$429,United States,3.5.2024
Bakkt,Atlanta,28.0,3.5.2024,,Crypto,https://seekingalpha.co...,Post-I...,$932,United States,4.5.2024
Peloton,New York City,400.0,2.5.2024,15%,Fitness,https://www.cnbc.com/...,Post-I...,"$1,900",United States,2.5.2024
Cabify,MadridN,29.0,2.5.2024,,Transpor...,https://www.epe.es/es/...,Unkno...,$601,Spain,9.5.2024
Google,SF Bay Area,200.0,1.5.2024,,Consumer,https://www.cnbc.com/...,Post-I...,$26,United States,2.5.2024
Assurance,Seattle,112.0,1.5.2024,100%,Finance,https://www.geekwire.c...,Acquir...,,United States,2.5.2024
Sproutt,Hartford,,1.5.2024,100%,Finance,https://www.calcalistec...,Series B,$38,United States,2.5.2024
Tesla,Austin,500.0,30.4.2024,,Transpor...,https://www.theverge.c...,Post-I...,"$20,200",United States,2.5.2024
RiseUp,Tel AvivN,50.0,30.4.2024,50%,Finance,https://www.calcalistec...,Series B,$30,Israel,6.6.2024
Akili Interactive,Boston,,30.4.2024,46%,Healthcare,https://investors.akiliint...,Post-I...,$271,United States,2.5.2024
Google,SF Bay Area,,30.4.2024,,Consumer,https://techcrunch.com...,Post-I...,$26,United States,30.4.2024
Getir,London,3300.0,29.4.2024,,Food,https://techcrunch.com...,Series E,"$1,800",United Kin...,29.4.2024
Ola,Bengaluru,180.0,29.4.2024,10%,Transpor...,https://techcrunch.com...,Series J,"$5,000",India,30.4.2024
Ninja Van,Singapore,21.0,29.4.2024,10%,Transpor...,https://www.theedgesi...,Series E,$974,Singapore,3.7.2024
ComplYant,Los Angeles,,29.4.2024,100%,Finance,https://www.businessin...,Seed,$6,United States,30.4.2024
Fisker,Los Angeles,,29.4.2024,,Transpor...,https://techcrunch.com...,Post-I...,"$1,700",United States,30.4.2024
HealthifyMe,Bengaluru,150.0,27.4.2024,27%,Healthcare,https://inc42.com/buzz...,Series D,$130,India,29.4.2024
True Anomaly,Denver,30.0,25.4.2024,25%,Aerospace,https://techcrunch.com...,Series B,$158,United States,26.4.2024
Grin,Sacramento,,25.4.2024,,Marketing,https://www.businessin...,Series B,$145,United States,27.4.2024
Expedia,Austin,,24.4.2024,,Travel,https://www.bizjournal...,Post-I...,"$3,300",United States,25.4.2024
Freenome,SF Bay Area,100.0,23.4.2024,20%,Healthcare,https://www.sfchronicl...,Series E,"$1,400",United States,24.4.2024
Heureka Group,PragueN,100.0,23.4.2024,16%,Retail,https://cc.cz/heureka-h...,Acquir...,,Czech Repu...,24.4.2024
98point6,Seattle,,23.4.2024,,Healthcare,https://www.geekwire.c...,Acquir...,$299,United States,25.4.2024
OutSystems,Boston,150.0,19.4.2024,8%,Product,https://observador.pt/2...,Series G,$802,United States,3.5.2024
Homie,Salt Lake City,,19.4.2024,,Real Estate,https://www.sltrib.com/...,Series B,$35,United States,20.4.2024
The Good Glamm...,New Delhi,150.0,18.4.2024,15%,Retail,https://economictimes....,Unkno...,$180,India,19.4.2024
Showpad,GhentNo,50.0,18.4.2024,10%,Marketing,https://www.tijd.be/on...,Series D,$159,Belgium,24.4.2024
Stability AI,London,20.0,18.4.2024,,AI,https://www.cnbc.com/...,Unkno...,$174,United Kin...,19.4.2024
Pax8,Denver,,18.4.2024,5%,Infrastru...,https://www.crn.com/n...,Unkno...,$400,United States,20.4.2024
ConnectWise,Tampa Bay,,17.4.2024,,Other,https://www.crn.com/n...,Acquir...,$1,United States,18.4.2024
Google,SF Bay Area,,17.4.2024,,Consumer,https://www.reuters.co...,Post-I...,$26,United States,18.4.2024
Rivian,Detroit,,17.4.2024,1%,Transpor...,https://www.reuters.co...,Post-I...,"$10,700",United States,18.4.2024
Take-Two,New York City,579.0,16.4.2024,5%,Consumer,https://www.ign.com/a...,Post-I...,"$4,100",United States,17.4.2024
Tome,SF Bay Area,12.0,16.4.2024,25%,AI,https://www.semafor.c...,Series B,$75,United States,17.4.2024
Tesla,Austin,14000.0,15.4.2024,10%,Transpor...,https://www.nytimes.co...,Post-I...,"$20,200",United States,15.4.2024
Criteo,ParisNon,140.0,12.4.2024,4%,Marketing,https://www.businessin...,Post-I...,$61,France,12.4.2024
Glovo,Barcelona,25.0,12.4.2024,,Food,https://beteve.cat/econ...,Acquir...,"$1,200",Spain,12.4.2024
TikTok,DublinN,250.0,11.4.2024,,Consumer,https://www.thejournal....,Acquir...,,Ireland,12.4.2024
Fabric,New York City,30.0,11.4.2024,15%,Logistics,https://www.calcalistec...,Series C,$336,United States,12.4.2024
Hinge Health,SF Bay Area,,11.4.2024,10%,Healthcare,https://techcrunch.com...,Series E,$826,United States,12.4.2024
Zoe,London,,11.4.2024,20%,Healthcare,https://sifted.eu/article...,Series B,$89,United Kin...,12.4.2024
Cornershop,Santiago,200.0,10.4.2024,,Food,https://dfmas.df.cl/df-...,Acquir...,$32,Chile,12.4.2024
Scaler,Bengaluru,150.0,10.4.2024,,Education,https://entrackr.com/2...,Series B,$55,India,10.4.2024
Checkr,SF Bay Area,382.0,9.4.2024,32%,HR,Internal memo,Series D,$679,United States,10.4.2024
Intel,SF Bay Area,62.0,9.4.2024,,Hardware,https://www.crn.com/n...,Post-I...,$12,United States,12.4.2024
Trendsales,Copenhagen,79.0,8.4.2024,100%,Retail,https://aimgroup.com/...,Acquir...,,Denmark,10.4.2024
Singularity 6,Los Angeles,49.0,8.4.2024,35%,Other,https://www.gamesind...,Series B,$49,United States,10.4.2024
Fission,Vancouver,,7.4.2024,100%,Other,https://fission.codes/bl...,Unkno...,,Canada,9.4.2024
Bolt.Earth,Bengaluru,70.0,6.4.2024,40%,Energy,https://inc42.com/buzz...,Series B,$24,India,9.4.2024
Apple,SF Bay Area,614.0,4.4.2024,,Hardware,https://www.bloomber...,Post-I...,"$1,200",United States,5.4.2024
Agility Robotics,Portland,,4.4.2024,,Other,https://techcrunch.com...,Series B,$179,United States,5.4.2024
Lightspeed Com...,Montreal,280.0,3.4.2024,,Retail,https://www.bnnbloom...,Post-I...,"$1,200",Canada,3.4.2024
Ghost Autonomy,SF Bay Area,100.0,3.4.2024,100%,Transpor...,https://www.sfgate.co...,Series E,$247,United States,4.4.2024
Vivian Health,SF Bay Area,13.0,3.4.2024,,Healthcare,Internal memo,Acquir...,$60,United States,10.4.2024
Amazon,Seattle,,3.4.2024,,Retail,https://www.geekwire.c...,Post-I...,$108,United States,3.4.2024
CoRover,Bengaluru,,3.4.2024,,AI,https://inc42.com/buzz...,Unkno...,,India,4.4.2024
Kaseya,Miami,,3.4.2024,,Security,https://www.bizjournal...,Unkno...,$547,United States,5.4.2024
New Relic,SF Bay Area,,3.4.2024,,Infrastru...,https://www.bizjournal...,Acquir...,$214,United States,4.4.2024
Yummly,SF Bay Area,,3.4.2024,100%,Food,https://thespoon.tech/...,Acquir...,$24,United States,3.4.2024
Byju's,Bengaluru,500.0,2.4.2024,3%,Education,https://www.business-s...,Privat...,"$5,500",India,2.4.2024
Lentra,PuneNo,,2.4.2024,,Finance,https://inc42.com/buzz...,Series B,$104,India,3.4.2024
Thepeer,LagosNo,,2.4.2024,100%,Finance,https://techpoint.africa...,Seed,$2,Nigeria,2.4.2024
Osso VR,SF Bay Area,67.0,1.4.2024,,Healthcare,https://www.medtechdi...,Series C,$109,United States,2.4.2024
Identiq,Tel AvivN,20.0,1.4.2024,44%,Security,https://www.calcalistec...,Series A,$52,Israel,2.4.2024
Ranger Insurance,New York City,,1.4.2024,100%,Finance,https://www.linkedin.c...,Seed,$5,United States,2.4.2024
Rezi,New York City,,1.4.2024,100%,Real Estate,https://therealdeal.com...,Series B,$230,United States,2.4.2024
ChowNow,Los Angeles,60.0,28.3.2024,20%,Food,https://techcrunch.com...,Series C,$64,United States,28.3.2024
Synctera,SF Bay Area,17.0,26.3.2024,15%,Finance,https://techcrunch.com...,Series A,$79,United States,26.3.2024
GoPro,SF Bay Area,,26.3.2024,4%,Consumer,https://www.wsj.com/b...,Post-I...,$288,United States,9.4.2024
Dell,Austin,6000.0,25.3.2024,5%,Hardware,https://siliconangle.co...,Post-I...,,United States,27.3.2024
Verily,SF Bay Area,,22.3.2024,,Healthcare,https://www.businessin...,Subsi...,"$3,500",United States,24.3.2024
Cybereason,Boston,,20.3.2024,,Security,https://www.calcalistec...,Series F,$750,United States,20.3.2024
ShopBack,Singapore,195.0,19.3.2024,24%,Retail,https://www.bloomber...,Series F,$355,Singapore,20.3.2024
Orbotech,YavneNo,100.0,19.3.2024,,Manufac...,https://www.calcalistec...,Acquir...,,Israel,20.3.2024
Airmeet,Bengaluru,,19.3.2024,20%,Marketing,https://inc42.com/buzz...,Series B,$50,India,20.3.2024
Singular Genomics,San Diego,,19.3.2024,20%,Healthcare,https://www.genomew...,Post-I...,$176,United States,12.4.2024
Longi,Xi'anNon,,18.3.2024,5%,Energy,https://www.nasdaq.co...,Unkno...,,China,20.3.2024
Flock Freight,San Diego,54.0,16.3.2024,,Logistics,https://www.freightwav...,Series D,$399,United States,17.3.2024
Chipper Cash,SF Bay Area,20.0,15.3.2024,,Finance,https://www.theinform...,Series C,$302,United States,17.3.2024
Blueboard,SF Bay Area,,15.3.2024,100%,HR,https://www.kqed.org/...,Series A,$16,United States,17.3.2024
Ancestry,Lehi,81.0,14.3.2024,6%,Consumer,https://endpts.com/anc...,Post-I...,$33,United States,18.4.2024
Textio,Seattle,14.0,14.3.2024,16%,Recruiting,https://www.geekwire.c...,Unkno...,$42,United States,16.3.2024
Stash,New York City,80.0,13.3.2024,25%,Finance,https://www.axios.com...,Unkno...,$480,United States,13.3.2024
Phantom Auto,SF Bay Area,100.0,12.3.2024,100%,Transpor...,https://techcrunch.com...,Unkno...,$86,United States,13.3.2024
IBM,New York City,,12.3.2024,,Hardware,https://www.cnbc.com/...,Post-I...,,United States,17.3.2024
Deadspin,New York City,11.0,11.3.2024,100%,Media,https://variety.com/202...,Acquir...,,United States,12.3.2024
Niche,Pittsburgh,24.0,8.3.2024,7%,Education,https://technical.ly/prof...,Series C,$44,United States,12.3.2024
Inscribe,SF Bay Area,,8.3.2024,40%,Finance,https://techcrunch.com...,Series B,$39,United States,9.3.2024
Turnitin,SF Bay Area,15.0,7.3.2024,2%,Education,https://techcrunch.com...,Acquir...,,United States,7.3.2024
Totango,SF Bay Area,,7.3.2024,,Support,https://www.calcalistec...,Acquir...,$147,United States,8.3.2024
Sorare,New York City,22.0,6.3.2024,13%,Crypto,https://techcrunch.com...,Series B,$739,United States,6.3.2024
Meta,SF Bay Area,,6.3.2024,,Consumer,https://www.businessin...,Post-I...,"$26,000",United States,8.3.2024
PlanetScale,SF Bay Area,,6.3.2024,,Data,https://planetscale.com...,Series C,$105,United States,6.3.2024
MessageBird,Amsterdam,90.0,5.3.2024,20%,Other,https://www.amsterda...,Series C,"$1,100",Netherlands,8.3.2024
Form Energy,Boston,,5.3.2024,,Energy,https://www.bizjournal...,Unkno...,$966,United States,6.3.2024
Verbit,New York City,,5.3.2024,,Data,https://www.calcalistec...,Series E,$569,United States,5.3.2024
Edgio,Phoenix,80.0,4.3.2024,10%,Infrastru...,https://investors.edg.io...,Post-I...,$462,United States,7.3.2024
Melio,New York City,40.0,4.3.2024,7%,Finance,https://www.calcalistec...,Series D,$504,United States,5.3.2024
Our Next Energy,Detroit,40.0,4.3.2024,13%,Transpor...,https://www.bloomber...,Series B,$390,United States,5.3.2024
Project Ronin,SF Bay Area,150.0,1.3.2024,100%,Healthcare,https://www.bloomber...,Unkno...,,United States,5.3.2024
Pristyn Care,Gurugram,120.0,1.3.2024,7%,Healthcare,https://entrackr.com/2...,Series E,$177,India,1.3.2024
Gro Intelligence,New York City,90.0,1.3.2024,60%,Food,https://www.wsj.com/b...,Series B,$118,United States,3.3.2024
Tonik,Singapore,,1.3.2024,,Finance,https://www.techinasia....,Series B,$175,Singapore,3.3.2024
Fisker,Los Angeles,,29.2.2024,15%,Transpor...,https://techcrunch.com...,Post-I...,"$1,700",United States,1.3.2024
Kevin,VilniusN,,29.2.2024,14%,Finance,https://sifted.eu/article...,Series A,$79,Lithuania,5.3.2024
Electronic Arts,SF Bay Area,670.0,28.2.2024,5%,Consumer,https://www.cnbc.com/...,Post-I...,$2,United States,29.2.2024
Vacasa,Portland,320.0,28.2.2024,5%,Travel,https://www.oregonlive...,Post-I...,$834,United States,29.2.2024
OrCam,Jerusalem,50.0,28.2.2024,19%,Healthcare,https://www.calcalistec...,Unkno...,$86,Israel,4.6.2024
Treasury Prime,SF Bay Area,40.0,28.2.2024,40%,Finance,https://www.bankingdi...,Series C,$71,United States,29.2.2024
Motional,Boston,,28.2.2024,5%,Transpor...,https://techcrunch.com...,Unkno...,,United States,28.2.2024
Sony Interactive,SF Bay Area,900.0,27.2.2024,8%,Consumer,https://www.theverge.c...,Subsi...,,United States,27.2.2024
Bumble,Austin,350.0,27.2.2024,30%,Consumer,https://www.cnbc.com/...,Post-I...,$313,United States,28.2.2024
PropertyGuru,Singapore,79.0,27.2.2024,,Real Estate,https://www.theedgesi...,Post-I...,$676,Singapore,27.2.2024
Apple,SF Bay Area,,27.2.2024,,Transpor...,https://techcrunch.com...,Post-I...,"$1,200",United States,27.2.2024
Expedia,Seattle,1500.0,26.2.2024,8%,Travel,https://www.geekwire.c...,Post-I...,"$3,300",United States,27.2.2024
WayCool,Chennai,70.0,26.2.2024,,Food,https://inc42.com/buzz...,Unkno...,$363,India,27.2.2024
Daraz,Singapore,,26.2.2024,,Retail,https://www.reuters.co...,Unkno...,,Singapore,1.3.2024
Redesign Health,New York City,77.0,23.2.2024,,Healthcare,https://www.crainsnew...,Series C,$315,United States,24.2.2024
Carbon Health,SF Bay Area,56.0,23.2.2024,,Healthcare,https://www.sfchronicl...,Series D,$522,United States,24.2.2024
Vice Media,New York City,,22.2.2024,,Media,https://www.nytimes.co...,Unkno...,"$1,600",United States,24.2.2024
Affirm,Pittsburgh,60.0,21.2.2024,,Finance,https://bnnbreaking.co...,Post-I...,"$1,500",United States,22.2.2024
Finder,SydneyN,60.0,21.2.2024,17%,Retail,https://www.startupdail...,Unkno...,$30,Australia,22.2.2024
BuzzFeed,New York City,,21.2.2024,16%,Media,https://variety.com/202...,Post-I...,$696,United States,23.2.2024
Rivian,Detroit,,21.2.2024,10%,Transpor...,https://techcrunch.com...,Post-I...,"$10,700",United States,22.2.2024
Aptiv,KrakowN,250.0,20.2.2024,,Transpor...,https://wyborcza.biz/bi...,Post-I...,$8,Poland,21.2.2024
Tails.com,London,55.0,20.2.2024,25%,Retail,https://www.businessin...,Series A,$5,United Kin...,21.2.2024
Auctane,Austin,,20.2.2024,,Retail,https://www.ecommerc...,Unkno...,,United States,13.3.2024
KnownOrigin,Manchester,,20.2.2024,30%,Crypto,https://crypto.news/eb...,Acquir...,$3,United Kin...,21.2.2024
Meati,Boulder,,20.2.2024,30%,Food,https://techcrunch.com...,Series C,$274,United States,21.2.2024
Farfetch,London,2000.0,16.2.2024,25%,Retail,https://www.draperson...,Acquir...,"$1,700",United Kin...,16.2.2024
Voi,Stockholm,120.0,16.2.2024,12%,Transpor...,https://sifted.eu/article...,Series D,$515,Sweden,20.2.2024
Toast,Boston,550.0,15.2.2024,10%,Food,https://www.bloomber...,Post-I...,$962,United States,15.2.2024
Sonder,SF Bay Area,106.0,15.2.2024,17%,Travel,https://www.sec.gov/ix...,Post-I...,$839,United States,21.2.2024
LinkSquares,Boston,90.0,15.2.2024,,Legal,Internal memo,Series C,$161,United States,5.1.2025
Storytel,Stockholm,80.0,15.2.2024,13%,Consumer,https://investors.storyt...,Post-I...,$312,Sweden,16.2.2024
Gro Intelligence,New York City,20.0,15.2.2024,10%,Food,https://agfundernews.c...,Series B,$118,United States,16.2.2024
CodeSee,SF Bay Area,,15.2.2024,100%,Data,https://www.linkedin.c...,Seed,$10,United States,15.2.2024
May Mobility,Ann Arbor,,15.2.2024,13%,Transpor...,https://www.detroitne...,Series D,$303,United States,16.2.2024
Cisco,SF Bay Area,4250.0,14.2.2024,5%,Infrastru...,https://www.cnbc.com/...,Post-I...,$2,United States,14.2.2024
Wint Wealth,NashikN,19.0,14.2.2024,20%,Finance,https://inc42.com/buzz...,Series A,$16,India,15.2.2024
Away,New York City,,14.2.2024,25%,Retail,https://www.inc.com/re...,Series D,$181,United States,14.2.2024
Instacart,SF Bay Area,250.0,13.2.2024,7%,Food,https://www.cnbc.com/...,Post-I...,"$2,900",United States,13.2.2024
Redesign Health,New York City,77.0,13.2.2024,,Healthcare,https://www.fiercehealt...,Unkno...,$315,United States,14.2.2024
Mozilla,SF Bay Area,60.0,13.2.2024,5%,Consumer,https://www.bloomber...,Unkno...,$2,United States,13.2.2024
Impinj,Seattle,50.0,13.2.2024,10%,Other,https://www.bizjournal...,Post-I...,$137,United States,14.3.2024
Riskified,New York City,40.0,13.2.2024,6%,Retail,https://en.globes.co.il/...,Post-I...,$229,United States,14.2.2024
Everybuddy,Tel AvivN,,13.2.2024,100%,Consumer,https://www.calcalistec...,Series A,$15,Israel,15.2.2024
Popcore,BerlinNo,,13.2.2024,,Consumer,https://www.pocketga...,Acquir...,,Germany,28.2.2024
Wisense,Tel AvivN,,13.2.2024,100%,Transpor...,https://www.calcalistec...,Unkno...,$37,Israel,14.2.2024
SiriusXM,New York City,160.0,12.2.2024,3%,Media,https://variety.com/202...,Post-I...,$525,United States,17.3.2024
Licious,Bengaluru,80.0,9.2.2024,3%,Food,https://www.livemint.c...,Series F,$490,India,9.2.2024
BlissClub,Bengaluru,21.0,9.2.2024,18%,Retail,https://inc42.com/buzz...,Series A,$20,India,10.2.2024
Kandji,San Diego,,9.2.2024,,Other,Internal memo,Series C,$188,United States,12.2.2024
Pure Storage,SF Bay Area,275.0,8.2.2024,,Data,https://blocksandfiles.c...,Post-I...,$529,United States,8.2.2024
Otovo,OsloNon,65.0,8.2.2024,15%,Energy,https://www.mynewsde...,Post-I...,$247,Norway,20.2.2024
Getaround,SF Bay Area,,8.2.2024,30%,Transpor...,https://techcrunch.com...,Post-I...,$948,United States,8.2.2024
Journera,Chicago,,8.2.2024,100%,Travel,https://www.phocuswir...,Series B,$31,United States,10.2.2024
Grammarly,SF Bay Area,230.0,7.2.2024,,Consumer,https://elbuz.com/en/g...,Unkno...,$400,United States,7.2.2024
Fireblocks,New York City,20.0,7.2.2024,3%,Crypto,https://www.calcalistec...,Series E,"$1,000",United States,8.2.2024
Tenable,Baltimore,,7.2.2024,5%,Security,https://bnnbreaking.co...,Post-I...,$565,United States,8.2.2024
Workfellow,EspooNo,,7.2.2024,100%,HR,https://tech.eu/2024/0...,Seed,$3,Finland,7.2.2024
DocuSign,SF Bay Area,440.0,6.2.2024,6%,Sales,https://www.cnbc.com/...,Post-I...,$536,United States,6.2.2024
Amazon,Seattle,400.0,6.2.2024,,Retail,https://www.businessin...,Post-I...,$108,United States,7.2.2024
Glowforge,Seattle,,6.2.2024,,Manufac...,https://www.geekwire.c...,Series E,$133,United States,28.2.2024
Snap,Los Angeles,500.0,5.2.2024,10%,Consumer,https://www.cnbc.com/...,Post-I...,"$4,900",United States,5.2.2024
Drizly,Boston,168.0,5.2.2024,100%,Retail,https://www.boston.co...,Acquir...,$119,United States,6.2.2024
BillGO,Fort Collins,80.0,5.2.2024,,Finance,https://www.coloradoa...,Series B,$119,United States,6.2.2024
Impact.com,Los Angeles,40.0,5.2.2024,3%,Sales,https://www.adnews.co...,Privat...,$361,United States,6.2.2024
Astrate Medical,Philadelphia,,5.2.2024,100%,Healthcare,https://www.businessin...,Series A,$13,United States,6.2.2024
Meetup,New York City,,5.2.2024,,Consumer,https://www.meetup.co...,Acquir...,$18,United States,6.2.2024
Muvin,Bengaluru,,5.2.2024,100%,Finance,https://entrackr.com/2...,Seed,$4,India,6.2.2024
Nomad Health,New York City,,5.2.2024,,Healthcare,https://www.businessin...,Unkno...,$218,United States,6.2.2024
Zwift,Los Angeles,,5.2.2024,,Fitness,https://forums.zwift.co...,Series C,$619,United States,6.2.2024
Cue Health,San Diego,245.0,2.2.2024,30%,Healthcare,https://www.sandiegou...,Post-I...,$899,United States,5.2.2024
Top Hat,Toronto,35.0,2.2.2024,7%,Education,https://betakit.com/tor...,Series E,$234,Canada,2.2.2024
Cake Bikes,Stockholm,,2.2.2024,100%,Transpor...,https://techcrunch.com...,Unkno...,$74,Sweden,3.2.2024
Small Robot Com...,Salisbury,,2.2.2024,100%,Food,https://www.therobotr...,Unkno...,$10,United Kin...,3.2.2024
Twig,London,,2.2.2024,100%,Finance,https://www.fintechfut...,Unkno...,$41,United Kin...,3.2.2024
Okta,SF Bay Area,400.0,1.2.2024,7%,Security,https://www.cnbc.com/...,Post-I...,"$1,200",United States,1.2.2024
Zoom,SF Bay Area,150.0,1.2.2024,2%,Other,https://www.cnbc.com/...,Post-I...,$276,United States,1.2.2024
Illumina,San Diego,111.0,1.2.2024,,Healthcare,https://www.sandiegou...,Post-I...,$28,United States,3.2.2024
Polygon,Cayman Islan,60.0,1.2.2024,19%,Crypto,https://forum.polygon.t...,Unkno...,$451,Cayman Isl...,1.2.2024
Indigo,Boston,,1.2.2024,,Other,https://www.bizjournal...,Series F,"$1,200",United States,2.2.2024
Proofpoint,SF Bay Area,280.0,31.1.2024,6%,Security,https://www.calcalistec...,Acquir...,$885,United States,31.1.2024
Trove Recommerce,SF Bay Area,130.0,31.1.2024,,Retail,https://www.bizjournal...,Series E,$152,United States,2.2.2024
CircleCI,SF Bay Area,100.0,31.1.2024,,Product,Internal memo,Series F,$315,United States,1.2.2024
Thinx,New York City,95.0,31.1.2024,,Retail,https://www.modernret...,Acquir...,$26,United States,31.1.2024
Innoviz,Tel AvivN,60.0,31.1.2024,13%,Transpor...,https://www.calcalistec...,Post-I...,$547,Israel,1.2.2024
The Messenger,Miami,,31.1.2024,100%,Media,https://www.nbcnews.c...,Unkno...,,United States,1.2.2024
Zuora,SF Bay Area,,31.1.2024,8%,Finance,https://www.sec.gov/ix...,Post-I...,$647,United States,2.2.2024
PayPal,SF Bay Area,2500.0,30.1.2024,9%,Finance,https://www.bloomber...,Post-I...,$216,United States,30.1.2024
Block,SF Bay Area,1000.0,30.1.2024,10%,Finance,https://www.businessin...,Post-I...,$150,United States,30.1.2024
Kiwi.com,BrnoNon,216.0,30.1.2024,18%,Travel,https://cc.cz/vyhledava...,Unkno...,$107,Czech Repu...,30.1.2024
Aurora Solar,SF Bay Area,111.0,30.1.2024,20%,Energy,https://techcrunch.com...,Series D,$523,United States,30.1.2024
Wattpad,Toronto,20.0,30.1.2024,10%,Media,https://techcrunch.com...,Acquir...,$117,Canada,31.1.2024
TechCrunch,SF Bay Area,7.0,30.1.2024,,Media,https://www.adweek.co...,Acquir...,,United States,31.1.2024
Noom,New York City,,30.1.2024,,Fitness,https://endpts.com/wei...,Series F,$657,United States,31.1.2024
Procore,Santa Barbara,,30.1.2024,4%,Construc...,Internal memo,Post-I...,$654,United States,29.2.2024
Vipps,VilniusN,,30.1.2024,,Finance,https://www.lrytas.lt/ve...,Unkno...,,Lithuania,1.2.2024
iRobot,Boston,350.0,29.1.2024,31%,Consumer,https://www.cnbc.com/...,Post-I...,$30,United States,29.1.2024
DispatchHealth,Denver,88.0,29.1.2024,,Healthcare,https://homehealthcar...,Series E,$733,United States,30.1.2024
Loopio,Toronto,,29.1.2024,6%,Sales,https://www.linkedin.c...,Privat...,$263,Canada,30.1.2024
Salesforce,SF Bay Area,700.0,26.1.2024,1%,Sales,https://www.wsj.com/e...,Post-I...,$65,United States,26.1.2024
Flexport,SF Bay Area,,26.1.2024,20%,Logistics,https://www.theinform...,Series E,"$2,400",United States,26.1.2024
Productboard,SF Bay Area,,26.1.2024,,Product,https://www.businessin...,Series D,,United States,27.1.2024
Microsoft,Seattle,1900.0,25.1.2024,,Other,https://www.theverge.c...,Post-I...,$1,United States,25.1.2024
Swiggy,Bengaluru,400.0,25.1.2024,7%,Food,https://techcrunch.com...,Unkno...,"$3,600",India,25.1.2024
Veho,Boulder,65.0,25.1.2024,19%,Logistics,https://techcrunch.com...,Series B,$299,United States,26.1.2024
Amperity,Seattle,20.0,25.1.2024,,Marketing,https://www.bizjournal...,Series D,$187,United States,27.1.2024
MVPindex,Austin,12.0,25.1.2024,30%,Marketing,https://www.sportsbusi...,Series B,$27,United States,16.2.2024
Business Insider,New York City,,25.1.2024,8%,Media,https://thehill.com/ho...,Acquir...,$56,United States,26.1.2024
Cova,LagosNo,,25.1.2024,100%,Finance,https://techpoint.africa...,Unkno...,,Nigeria,26.1.2024
Jamf,Minneapolis,,25.1.2024,6%,Other,https://www.streetinsid...,Post-I...,$332,United States,25.1.2024
Cult.fit,Bengaluru,100.0,24.1.2024,,Fitness,https://economictimes....,Series F,$635,India,12.4.2024
Personio,MunichN,100.0,24.1.2024,,HR,Internal memo,Series E,$724,Germany,25.1.2024
Storytel,Stockholm,80.0,24.1.2024,13%,Media,https://investors.storyt...,Post-I...,$275,Sweden,24.1.2024
Aurora,Pittsburgh,,24.1.2024,3%,Transpor...,https://techcrunch.com...,Post-I...,"$3,700",United States,25.1.2024
Desktop Metal,Boston,,24.1.2024,20%,Other,https://ir.desktopmetal....,Post-I...,$811,United States,25.1.2024
HubSpot,Boston,,24.1.2024,,Marketing,https://www.linkedin.c...,Post-I...,$100,United States,25.1.2024
SAP,Walldorf,8000.0,23.1.2024,7%,Other,https://www.cnbc.com/...,Post-I...,"$1,300",Germany,24.1.2024
eBay,SF Bay Area,1000.0,23.1.2024,9%,Retail,https://www.cnbc.com/...,Post-I...,"$1,200",United States,24.1.2024
Vroom,New York City,800.0,23.1.2024,90%,Transpor...,https://www.calcalistec...,Post-I...,"$1,300",United States,23.1.2024
Brex,SF Bay Area,282.0,23.1.2024,20%,Finance,https://techcrunch.com...,Series D,"$1,500",United States,23.1.2024
Cure.fit,Bengaluru,120.0,23.1.2024,,Fitness,https://www.moneycon...,Series F,$625,India,23.1.2024
GoStudent,ViennaN,100.0,23.1.2024,,Education,https://www.businessin...,Series D,$686,Austria,24.1.2024
Jellysmack,ParisNon,30.0,23.1.2024,,Media,https://www.businessin...,Series C,$22,France,23.10.2024
GoTo,Boston,29.0,23.1.2024,,Other,https://www.bizjournal...,Acquir...,$2,United States,26.1.2024
Seedr,London,15.0,23.1.2024,,Finance,https://sifted.eu/article...,Acquir...,$28,United Kin...,24.1.2024
Riot Games,Los Angeles,530.0,22.1.2024,11%,Consumer,https://www.bloomber...,Acquir...,$21,United States,23.1.2024
Xendit,JakartaN,200.0,22.1.2024,,Finance,https://www.techinasia....,Series D,$534,Indonesia,2.2.2024
TikTok,Los Angeles,60.0,22.1.2024,,Consumer,https://www.npr.org/20...,Acquir...,,United States,23.1.2024
2U,Washington D,,22.1.2024,,Education,https://www.classcentr...,Post-I...,$426,United States,23.1.2024
Google,SF Bay Area,,22.1.2024,,Consumer,https://www.bloomber...,Post-I...,$26,United States,23.1.2024
Xendit,JakartaN,,22.1.2024,,Finance,https://www.dealstreet...,Series D,$534,Indonesia,25.1.2024
SolarEdge,Tel AvivN,900.0,21.1.2024,16%,Energy,https://www.calcalistec...,Post-I...,$155,Israel,22.1.2024
Wayfair,Boston,1650.0,19.1.2024,13%,Retail,https://www.cnbc.com/...,Post-I...,"$1,700",United States,19.1.2024
Amazon,Seattle,30.0,18.1.2024,,Retail,https://www.cnbc.com/...,Post-I...,$108,United States,19.1.2024
Fashinza,New York City,,18.1.2024,,Retail,https://www.moneycon...,Unkno...,$153,United States,23.1.2024
Stitch Fix,Dallas,,18.1.2024,,Retail,https://www.retaildive.c...,Post-I...,$79,United States,25.1.2024
YouTube,SF Bay Area,100.0,17.1.2024,,Media,https://techcrunch.com...,Acquir...,$11,United States,17.1.2024
Sirplus,BerlinNo,60.0,17.1.2024,,Food,https://tech.eu/2024/0...,Seed,,Germany,18.1.2024
SonderMind,Denver,49.0,16.1.2024,17%,Healthcare,https://endpts.com/me...,Series C,$183,United States,18.1.2024
First Mode,Seattle,48.0,16.1.2024,20%,Transpor...,https://www.geekwire.c...,Acquir...,$9,United States,18.1.2024
ALI Technologies,TokyoNo,,16.1.2024,100%,Transpor...,https://www.bbc.com/n...,Unkno...,,Japan,20.1.2024
Google,SF Bay Area,,16.1.2024,,Consumer,https://www.businessin...,Post-I...,$26,United States,30.1.2024
Thursday,London,,16.1.2024,70%,Consumer,https://www.linkedin.c...,Seed,$3,United Kin...,16.1.2024
Veeam,Columbus,300.0,12.1.2024,,Data,https://blocksandfiles.c...,Acquir...,$500,United States,13.1.2024
GrabCAD,TallinnN,13.0,12.1.2024,,Other,https://digipro.geenius....,Acquir...,$28,Estonia,12.1.2024
Artifact,SF Bay Area,,12.1.2024,100%,Media,https://techcrunch.com...,Unkno...,,United States,14.1.2024
Dastgyr,KarachiN,,12.1.2024,80%,Retail,https://wetalkstartups.c...,Series A,$41,Pakistan,18.1.2024
Hologram,Chicago,,12.1.2024,,Infrastru...,https://www.linkedin.c...,Unkno...,$82,United States,18.1.2024
Vendr,Boston,,12.1.2024,,Other,https://www.vendr.com...,Series B,$216,United States,13.1.2024
New Work SE,Hamburg,400.0,11.1.2024,,Consumer,https://www.new-work....,Post-I...,,Germany,12.1.2024
Playtika,Tel AvivN,300.0,11.1.2024,10%,Consumer,https://www.calcalistec...,Post-I...,,Israel,12.1.2024
Discord,SF Bay Area,170.0,11.1.2024,17%,Consumer,https://www.theverge.c...,Series H,$995,United States,11.1.2024
Inmobi,Bengaluru,125.0,11.1.2024,5%,Marketing,https://economictimes....,Unkno...,$320,India,12.1.2024
Audible,New York City,100.0,11.1.2024,5%,Media,https://variety.com/202...,Acquir...,$14,United States,12.1.2024
7Shifts,Saskatoon,68.0,11.1.2024,19%,Food,https://betakit.com/7sh...,Series C,$131,Canada,18.1.2024
Sisense,New York City,60.0,11.1.2024,13%,Data,https://www.calcalistec...,Series F,$274,United States,12.1.2024
Cloudflare,SF Bay Area,40.0,11.1.2024,,Security,https://twitter.com/eas...,Post-I...,$332,United States,2.2.2024
888,Tel AvivN,,11.1.2024,,Consumer,https://www.calcalistec...,Post-I...,,Israel,13.1.2024
Certinia,SF Bay Area,,11.1.2024,,Other,https://www.kron4.com...,Unkno...,$194,United States,13.1.2024
Chief,New York City,,11.1.2024,,HR,https://updates.chief.c...,Series B,$140,United States,16.1.2024
Dextrous Robotics,Memphis,,11.1.2024,100%,Logistics,https://www.therobotr...,Unkno...,,United States,12.1.2024
Citrix,Miami,1000.0,10.1.2024,12%,Infrastru...,https://www.crn.com/n...,Acquir...,$20,United States,11.1.2024
Google,SF Bay Area,1000.0,10.1.2024,,Consumer,https://www.theverge.c...,Post-I...,$26,United States,11.1.2024
IAC,New York City,330.0,10.1.2024,,Consumer,https://www.bloomber...,Post-I...,,United States,13.1.2024
FreshDirect,New York City,100.0,10.1.2024,3%,Food,https://www.grocerydiv...,Acquir...,$280,United States,30.1.2024
Beam Benefits,Columbus,74.0,10.1.2024,,Healthcare,https://coverager.com/...,Series E,$168,United States,10.1.2024
Instagram,SF Bay Area,60.0,10.1.2024,,Consumer,https://www.businessin...,Acquir...,$57,United States,12.1.2024
Amazon,Seattle,,10.1.2024,,Retail,https://www.reuters.co...,Post-I...,$108,United States,10.1.2024
ChargePoint,SF Bay Area,,10.1.2024,12%,Manufac...,https://www.businessw...,Unkno...,"$1,400",United States,12.1.2024
SoFi,SF Bay Area,,10.1.2024,4%,Finance,https://twitter.com/SoF...,Post-I...,"$3,000",United States,12.1.2024
Twitch,SF Bay Area,500.0,9.1.2024,35%,Consumer,https://www.bloomber...,Acquir...,$35,United States,10.1.2024
Branch,Columbus,85.0,9.1.2024,,Finance,https://coverager.com/...,Series C,$229,United States,10.1.2024
Nevro,SF Bay Area,63.0,9.1.2024,5%,Healthcare,https://www.marketwat...,Post-I...,$556,United States,10.1.2024
FullStory,Atlanta,50.0,9.1.2024,10%,Marketing,https://docs.google.co...,Unkno...,$197,United States,24.1.2024
Uber Freight,SF Bay Area,40.0,9.1.2024,,Logistics,https://www.freightwav...,Subsi...,"$2,700",United States,11.1.2024
Rent the Runway,New York City,37.0,9.1.2024,10%,Retail,https://www.wsj.com/b...,Post-I...,$526,United States,9.1.2024
Treasure Financial,SF Bay Area,14.0,9.1.2024,60%,Finance,https://techcrunch.com...,Series A,$14,United States,30.1.2024
Humane,SF Bay Area,10.0,9.1.2024,4%,Hardware,https://www.theverge.c...,Series C,$230,United States,10.1.2024
EVBox,Amsterdam,,9.1.2024,,Energy,https://news.evbox.co...,Post-I...,,Netherlands,23.1.2024
Morning Consult,Washington D,,9.1.2024,,Data,https://www.bizjournal...,Series B,$91,United States,16.1.2024
Trend Micro,TokyoNo,,9.1.2024,2%,Security,https://www.cnbc.com/...,Unkno...,,Japan,10.1.2024
Unity,SF Bay Area,1800.0,8.1.2024,25%,Other,https://www.reuters.co...,Post-I...,"$1,300",United States,9.1.2024
Flipkart,Bengaluru,1100.0,8.1.2024,5%,Retail,https://www.republicw...,Acquir...,"$12,900",India,13.1.2024
NuScale Power,Corvallis,154.0,8.1.2024,28%,Energy,https://www.oregonlive...,Post-I...,$470,United States,7.1.2024
Flexe,Seattle,99.0,8.1.2024,38%,Logistics,https://www.geekwire.c...,Series D,$263,United States,9.1.2024
Pitch,BerlinNo,80.0,8.1.2024,67%,Other,https://techcrunch.com...,Series B,$138,Germany,8.1.2024
BenchSci,Toronto,70.0,8.1.2024,17%,Healthcare,https://betakit.com/be...,Series D,$164,Canada,9.1.2024
Here,Miami,,8.1.2024,100%,Real Estate,https://techcrunch.com...,Seed,$5,United States,9.1.2024
Ledger Investing,New York City,,8.1.2024,25%,Finance,https://www.theinsurer....,Series B,$91,United States,15.1.2024
Lendio,Lehi,,8.1.2024,,Finance,https://www.linkedin.c...,Series E,$108,United States,15.1.2024
MeridianLink,Los Angeles,,8.1.2024,9%,Finance,https://d18rn0p25nwr6...,Post-I...,$485,United States,13.1.2024
LiveVox,SF Bay Area,,7.1.2024,,Support,https://www.channelfut...,Acquir...,$12,United States,20.1.2024
NanoString Techn...,Seattle,50.0,6.1.2024,9%,Healthcare,https://www.geekwire.c...,Post-I...,$826,United States,10.1.2024
Cue Health,San Diego,94.0,5.1.2024,13%,Healthcare,https://www.360dx.co...,Post-I...,$899,United States,7.1.2024
Lever,SF Bay Area,,5.1.2024,,Recruiting,https://sfstandard.com...,Acquir...,$123,United States,7.1.2024
Trigo,Tel AvivN,30.0,4.1.2024,15%,Retail,https://www.calcalistec...,Series C,$199,Israel,5.1.2024
InVision,New York City,,4.1.2024,100%,Product,https://www.theinform...,Series F,$356,United States,5.1.2024
VideoAmp,Los Angeles,,4.1.2024,20%,Marketing,https://adage.com/arti...,Series F,$456,United States,5.1.2024
Xerox,Norwalk,3000.0,3.1.2024,15%,Hardware,https://www.cnbc.com/...,Post-I...,"$27,200",United States,1.3.2024
Lazada Group,Singapore,100.0,3.1.2024,30%,Retail,https://www.channelne...,Acquir...,"$7,200",Singapore,5.1.2024
Orca Security,Tel AvivN,60.0,3.1.2024,15%,Security,https://www.calcalistec...,Series C,$632,Israel,4.1.2024
Frontdesk,Milwaukee,200.0,2.1.2024,100%,Travel,https://techcrunch.com...,Unkno...,$26,United States,3.1.2024
The Messenger,New York City,24.0,2.1.2024,,Media,https://www.nytimes.co...,Unkno...,,United States,3.1.2024
Ocado,London,1000.0,31.12.2023,,Food,https://www.thetimes.c...,Post-I...,"$2,000",United Kin...,26.7.2024
Bolt.Earth,Bengaluru,,29.12.2023,20%,Energy,https://inc42.com/buzz...,Series B,$24,India,2.1.2024
Strake,Boulder,,28.12.2023,100%,Infrastru...,https://www.linkedin.c...,Unkno...,,United States,2.1.2024
Paytm,NoidaNo,1000.0,25.12.2023,,Finance,https://timesofindia.ind...,Unkno...,,India,26.12.2023
Intel,Sacramento,311.0,21.12.2023,,Hardware,https://www.theregiste...,Post-I...,$12,United States,19.12.2023
Hyperloop One,Los Angeles,,21.12.2023,100%,Transpor...,https://www.bloomber...,Unkno...,$368,United States,22.12.2023
Palmetto Clean Te...,Charleston,,21.12.2023,,Energy,https://www.bizjournal...,Privat...,$628,United States,22.12.2023
ShareChat,Bengaluru,200.0,20.12.2023,15%,Consumer,https://entrackr.com/2...,Series H,"$1,700",India,20.12.2023
InSightec,HaifaNo,100.0,19.12.2023,20%,Healthcare,https://www.calcalistec...,Unkno...,$733,Israel,20.12.2023
Kaspien,Seattle,,19.12.2023,100%,Retail,https://www.geekwire.c...,Post-I...,$52,United States,22.12.2023
Enphase Energy,SF Bay Area,350.0,18.12.2023,10%,Energy,https://enphase.com/bl...,Post-I...,$116,United States,19.12.2023
Udaan,Bengaluru,100.0,18.12.2023,10%,Retail,https://startupstoryme...,Unkno...,"$1,500",India,19.12.2023
Checkout.com,London,80.0,18.12.2023,,Finance,https://enphase.com/bl...,Series D,"$1,800",United Kin...,19.12.2023
Arm Holdings,Shanghai,70.0,18.12.2023,,Hardware,https://www.bloomber...,Post-I...,,China,19.12.2023
Delivery Hero,BerlinNo,,18.12.2023,,Food,https://www.bloomber...,Post-I...,"$9,900",Germany,18.12.2023
eBay,Tel AvivN,20.0,17.12.2023,,Retail,https://www.calcalistec...,Post-I...,"$1,200",Israel,18.12.2023
Glowforge,Seattle,30.0,15.12.2023,,Manufac...,https://www.geekwire.c...,Series E,$133,United States,28.2.2024
Jellysmack,ParisNon,,15.12.2023,,Media,https://www.businessin...,Series C,$22,France,20.1.2024
Superpedestrian,Boston,,15.12.2023,,Transpor...,https://techcrunch.com...,Series C,$262,United States,18.12.2023
Cruise,SF Bay Area,900.0,14.12.2023,24%,Transpor...,https://techcrunch.com...,Acquir...,"$15,000",United States,14.12.2023
Solarisbank,BerlinNo,20.0,14.12.2023,,Finance,https://finanz-szene.de...,Unkno...,$385,Germany,19.12.2023
Bolt,SF Bay Area,,14.12.2023,29%,Finance,https://www.theinform...,Series E,"$1,300",United States,14.12.2023
Curalie,BerlinNo,,14.12.2023,100%,Healthcare,https://www.msn.com/...,Unkno...,,Germany,2.1.2024
Curbio,Washington D,,14.12.2023,,Real Estate,https://www.linkedin.c...,Series B,$76,United States,15.12.2023
Flyhomes,Seattle,,14.12.2023,,Real Estate,https://www.geekwire.c...,Series C,$310,United States,18.12.2023
Stellar Pizza,Los Angeles,,14.12.2023,50%,Food,https://www.bloomber...,Series A,$25,United States,14.12.2023
Invitae,SF Bay Area,235.0,13.12.2023,15%,Healthcare,https://sfstandard.com...,Post-I...,"$2,500",United States,15.12.2023
Etsy,New York City,225.0,13.12.2023,11%,Retail,https://www.cnbc.com/...,Post-I...,$97,United States,13.12.2023
Analog Devices,SF Bay Area,111.0,13.12.2023,,Manufac...,https://www.bizjournal...,Post-I...,,United States,22.12.2023
ForgeRock,SF Bay Area,109.0,13.12.2023,,Other,https://www.sfchronicl...,Acquir...,$234,United States,22.12.2023
Flex,SF Bay Area,31.0,13.12.2023,,Manufac...,https://www.siliconvall...,Unkno...,,United States,22.12.2023
FourKites,Chicago,,13.12.2023,15%,Logistics,https://www.freightwav...,Unkno...,$241,United States,9.1.2024
Sojern,SF Bay Area,,13.12.2023,20%,Marketing,https://skift.com/2023/...,Unkno...,$172,United States,14.12.2023
TomTom,LodzNon,45.0,12.12.2023,,Transpor...,https://businessinsider....,Post-I...,,Poland,19.12.2023
Chipper Cash,SF Bay Area,15.0,11.12.2023,33%,Finance,https://techcabal.com/...,Series C,$302,United States,11.12.2023
Jungle Scout,Austin,,9.12.2023,,Retail,https://www.linkedin.c...,Privat...,$110,United States,12.12.2023
SmileDirectClub,Nashville,,9.12.2023,100%,Healthcare,https://www.cnn.com/2...,Post-I...,$694,United States,10.12.2023
Sunfolding,SF Bay Area,,9.12.2023,100%,Energy,https://www.openthen...,Series B,$32,United States,10.12.2023
Zulily,Seattle,839.0,8.12.2023,100%,Retail,https://www.geekwire.c...,Acquir...,$194,United States,8.12.2023
D2iQ,SF Bay Area,,8.12.2023,100%,Infrastru...,https://www.theinform...,Series D,$247,United States,10.12.2023
Simplilearn,Bengaluru,200.0,7.12.2023,,Education,https://startupstoryme...,Acquir...,$76,India,8.12.2023
Rivian,Detroit,20.0,7.12.2023,,Transpor...,https://www.theinform...,Post-I...,"$10,700",United States,22.12.2023
Atmosphere,Austin,,7.12.2023,,Other,https://www.bizjournal...,Series D,$214,United States,7.12.2023
Navan,SF Bay Area,145.0,6.12.2023,,Travel,https://skift.com/2023/...,Unkno...,"$2,200",United States,4.1.2024
Tidal,New York City,40.0,6.12.2023,10%,Consumer,https://www.bloomber...,Acquir...,,United States,7.12.2023
ZestMoney,Bengaluru,150.0,5.12.2023,100%,Finance,https://techcrunch.com...,Series C,$120,India,6.12.2023
Navan,SF Bay Area,145.0,5.12.2023,5%,Finance,https://www.theinform...,Unkno...,"$2,200",United States,6.12.2023
Incredibuild,Tel AvivN,40.0,5.12.2023,20%,Product,https://www.calcalistec...,Series B,$35,Israel,7.12.2023
Bill.com,SF Bay Area,,5.12.2023,15%,Finance,https://www.investing.c...,Post-I...,$280,United States,5.12.2023
Contentful,BerlinNo,,5.12.2023,,Marketing,https://www.businessin...,Series F,$350,Germany,7.12.2023
Course Hero,SF Bay Area,,5.12.2023,25%,Education,https://www.linkedin.c...,Series C,$477,United States,8.12.2023
Pivo,AbujaNo,,5.12.2023,100%,Finance,https://techpoint.africa...,Seed,$3,Nigeria,7.12.2023
Yahoo,SF Bay Area,,5.12.2023,,Consumer,https://www.thedailybe...,Acquir...,$6,United States,30.1.2024
Spotify,Stockholm,1500.0,4.12.2023,17%,Media,https://www.cnbc.com/...,Post-I...,"$2,100",Sweden,4.12.2023
TuSimple,San Diego,150.0,4.12.2023,,Transpor...,https://www.morningst...,Post-I...,$648,United States,5.12.2023
Meow Wolf,Santa Fe,8.0,4.12.2023,,Media,https://finance.yahoo.c...,Unkno...,$185,United States,7.12.2023
DwellWell,Los Angeles,,4.12.2023,100%,Real Estate,https://www.linkedin.c...,Seed,$6,United States,5.12.2023
Twilio,SF Bay Area,,4.12.2023,5%,Other,https://www.bloomber...,Post-I...,$614,United States,4.12.2023
Filmic,Seattle,,1.12.2023,100%,Other,https://petapixel.com/2...,Acquir...,,United States,3.12.2023
Loco,Mumbai,40.0,30.11.2023,36%,Consumer,https://inc42.com/buzz...,Acquir...,$52,India,2.12.2023
Zepz,London,30.0,30.11.2023,2%,Finance,https://www.cnbc.com/...,Series E,$700,United Kin...,2.12.2023
Domo,Salt Lake City,,30.11.2023,7%,Data,https://finance.yahoo.c...,Post-I...,$689,United States,2.12.2023
Mojo,New York City,,30.11.2023,,Consumer,https://www.businessin...,Unkno...,$100,United States,3.12.2023
Pipedrive,TallinnN,,30.11.2023,,Sales,https://digipro.geenius....,Privat...,$90,Estonia,2.12.2023
Vox Media,Washington D,,30.11.2023,4%,Media,https://www.theinform...,Series F,$307,United States,30.11.2023
Unity,SF Bay Area,265.0,28.11.2023,4%,Other,https://www.reuters.co...,Post-I...,"$1,300",United States,29.11.2023
Dataminr,New York City,150.0,28.11.2023,20%,AI,https://techcrunch.com...,Series F,"$1,100",United States,28.11.2023
Multiverse,London,,28.11.2023,5%,Education,https://sifted.eu/article...,Series D,$414,United Kin...,29.11.2023
Tier Mobility,BerlinNo,,28.11.2023,22%,Transpor...,https://techcrunch.com...,Series D,$646,Germany,29.11.2023
VMware,SF Bay Area,2837.0,27.11.2023,,Infrastru...,https://arstechnica.com...,Acquir...,$393,United States,29.11.2023
Bytedance,Shanghai,1000.0,27.11.2023,,Consumer,https://asia.nikkei.com/...,Unkno...,"$9,400",China,27.11.2023
Our Next Energy,Detroit,128.0,27.11.2023,25%,Transpor...,https://www.reuters.co...,Series B,$390,United States,28.11.2023
Veev,SF Bay Area,,26.11.2023,100%,Construc...,https://www.theinform...,Series D,$597,United States,27.11.2023
Anar,Mumbai,,25.11.2023,100%,Marketing,https://inc42.com/buzz...,Seed,$6,India,27.11.2023
Alerzo,IbadanN,100.0,21.11.2023,,Retail,https://techpoint.africa...,Series B,$16,Nigeria,22.11.2023
McMakler,BerlinNo,60.0,21.11.2023,,Real Estate,https://www.businessin...,Unkno...,$214,Germany,21.11.2023
Tulip Retail,Toronto,25.0,21.11.2023,,Retail,https://www.linkedin.c...,Series C,$79,Canada,23.11.2023
Jodo,Bengaluru,100.0,20.11.2023,,Finance,https://inc42.com/buzz...,Series A,$19,India,20.11.2023
C3.ai,SF Bay Area,,20.11.2023,,AI,https://www.nasdaq.co...,Series F,$228,United States,21.11.2023
Presto,SF Bay Area,,20.11.2023,17%,Food,https://investor.presto....,Post-I...,$167,United States,14.1.2024
Physics Wallah,NoidaNo,120.0,19.11.2023,1%,Education,https://entrackr.com/2...,Series A,$100,India,20.11.2023
NextGen Healthc...,St. Louis,84.0,17.11.2023,,Healthcare,https://www.bizjournal...,Acquir...,,United States,18.11.2023
Amazon,Seattle,,17.11.2023,,Retail,https://www.geekwire.c...,Post-I...,$108,United States,17.11.2023
Buildertrend,Omaha,,17.11.2023,16%,Construc...,https://siliconprairiene...,Unkno...,,United States,18.11.2023
Jane,Lehi,,17.11.2023,100%,Retail,https://www.sltrib.com/...,Series A,$40,United States,22.11.2023
Zazuu,London,,17.11.2023,,Finance,https://www.benjamind...,Unkno...,,United Kin...,18.11.2023
Sierra Space,Boulder,115.0,16.11.2023,,Aerospace,https://www.cnbc.com/...,Series B,"$1,700",United States,17.11.2023
Paystack,LagosNo,33.0,16.11.2023,,Finance,https://techcrunch.com...,Acquir...,$10,Nigeria,17.11.2023
Beamery,London,,16.11.2023,25%,HR,https://tech.eu/2023/1...,Series D,$223,United Kin...,17.11.2023
Sonos,New York City,,16.11.2023,,Consumer,https://www.bloomber...,Post-I...,$455,United States,14.12.2023
FintechOS,Bucharest,,15.11.2023,,Finance,https://www.startupcaf...,Series B,$91,Romania,15.11.2023
FreshBooks,Toronto,,15.11.2023,6%,Finance,https://betakit.com/fre...,Unkno...,$331,Canada,16.11.2023
Landing,Birmingham,,15.11.2023,,Real Estate,https://www.bizjournal...,Series C,$347,United States,18.11.2023
Singular Genomics,San Diego,,15.11.2023,10%,Healthcare,https://www.genomew...,Post-I...,$176,United States,22.11.2023
Uleet,Columbus,,15.11.2023,100%,Healthcare,https://www.bizjournal...,Unkno...,,United States,16.11.2023
Chewy,Miami,200.0,14.11.2023,,Retail,https://techcrunch.com...,Post-I...,$451,United States,15.11.2023
Sarcos,Pittsburgh,150.0,14.11.2023,,Aerospace,https://www.bizjournal...,Post-I...,$316,United States,2.1.2024
Cake Group,Singapore,50.0,14.11.2023,30%,Crypto,https://www.linkedin.c...,Unkno...,,Singapore,15.11.2023
Halodoc,JakartaN,,14.11.2023,,Healthcare,https://www.techinasia....,Series D,$245,India,15.11.2023
Markforged,Boston,,14.11.2023,,Manufac...,https://www.bizjournal...,Post-I...,$347,United States,15.11.2023
Ping Identity,Denver,,14.11.2023,,Security,https://www.bizjournal...,Acquir...,$128,United States,15.11.2023
Amazon,Seattle,180.0,13.11.2023,,Retail,https://www.cnbc.com/...,Post-I...,$108,United States,13.11.2023
TripAdvisor,Boston,125.0,12.11.2023,4%,Travel,https://skift.com/2023/...,Post-I...,$3,United States,23.12.2023
Bowery Farming,New York City,,10.11.2023,,Food,https://pitchbook.com/...,Unkno...,$626,United States,2.1.2024
Carta,SF Bay Area,,9.11.2023,,HR,https://fortune.com/20...,Series G,"$1,100",United States,10.11.2023
Commure,SF Bay Area,,9.11.2023,,Healthcare,https://www.businessin...,Unkno...,"$1,900",United States,20.12.2023
OSlash,Bengaluru,,9.11.2023,100%,Other,https://inc42.com/buzz...,Seed,$7,India,10.11.2023
Snap,Los Angeles,20.0,8.11.2023,,Consumer,https://www.theinform...,Post-I...,"$4,900",United States,9.11.2023
Amazon,Seattle,,8.11.2023,,Retail,https://www.reuters.co...,Post-I...,$108,United States,9.11.2023
BigCommerce,Austin,,8.11.2023,7%,Retail,https://www.pymnts.co...,Post-I...,$224,United States,10.11.2023
CloudKitchens,Los Angeles,,8.11.2023,,Real Estate,https://www.businessin...,Unkno...,"$1,300",United States,9.11.2023
Google,SF Bay Area,,8.11.2023,,Consumer,https://www.theinform...,Post-I...,$26,United States,9.11.2023
Oportun,SF Bay Area,185.0,7.11.2023,7%,Finance,https://finance.yahoo.c...,Post-I...,$766,United States,9.3.2024
Zillow,Seattle,23.0,7.11.2023,,Real Estate,https://www.realestate...,Post-I...,$97,United States,8.11.2023
Nextdoor,SF Bay Area,,7.11.2023,25%,Consumer,https://investors.nextd...,Post-I...,$736,United States,7.11.2023
Zeus Living,SF Bay Area,,7.11.2023,100%,Real Estate,https://www.theinform...,Series C,$151,United States,8.11.2023
Ava Labs,New York City,,6.11.2023,12%,Crypto,https://decrypt.co/204...,Unkno...,$640,United States,8.11.2023
Homie,Salt Lake City,,6.11.2023,,Real Estate,https://www.sltrib.com/...,Series B,$35,United States,7.11.2023
Moore Threads,BeijingN,,6.11.2023,,Hardware,https://www.bloomber...,Series B,,China,9.11.2023
Pico Interactive,SF Bay Area,,6.11.2023,,Other,https://www.uploadvr.c...,Acquir...,$62,United States,7.11.2023
F5,Seattle,120.0,3.11.2023,2%,Security,https://www.geekwire.c...,Post-I...,,United States,6.11.2023
NIO,Shanghai,,3.11.2023,10%,Transpor...,https://www.bloomber...,Post-I...,"$7,200",China,6.11.2023
OpenSea,New York City,,3.11.2023,50%,Crypto,https://decrypt.co/204...,Series C,$427,United States,4.11.2023
Viasat,San Diego,800.0,2.11.2023,10%,Other,https://news.bloomber...,Post-I...,$366,United States,2.11.2023
Beyond Meat,Los Angeles,65.0,2.11.2023,8%,Food,https://investors.beyon...,Post-I...,$122,United States,7.11.2023
OpenSpace,SF Bay Area,,2.11.2023,,Construc...,https://www.linkedin.c...,Series D,$200,United States,2.11.2023
Orchard,New York City,,2.11.2023,,Real Estate,https://www.linkedin.c...,Series D,$472,United States,3.11.2023
Sportradar,St. Gallen,,2.11.2023,10%,Data,https://www.sportspro...,Post-I...,$84,Switzerland,24.1.2024
Informatica,SF Bay Area,545.0,1.11.2023,10%,Data,https://www.barrons.co...,Post-I...,,United States,2.11.2023
Splunk,SF Bay Area,500.0,1.11.2023,7%,Data,https://www.cnbc.com/...,Post-I...,"$2,400",United States,1.11.2023
Faire,SF Bay Area,250.0,1.11.2023,20%,Retail,https://www.businessin...,Series G,"$1,700",United States,2.11.2023
Sana Benefits,Austin,73.0,1.11.2023,50%,HR,https://www.sanabenef...,Series B,$106,United States,2.11.2023
Olive,Columbus,,31.10.2023,100%,Healthcare,https://www.axios.com...,Series H,$856,United States,2.11.2023
StepStone,BerlinNo,215.0,30.10.2023,5%,Recruiting,https://aimgroup.com/...,Acquir...,,Germany,1.11.2023
Hubilo,SF Bay Area,50.0,30.10.2023,,Other,https://meetings.skift.c...,Series B,$153,United States,2.11.2023
Karat Financial,Los Angeles,,27.10.2023,,Finance,https://www.businessin...,Series B,$116,United States,28.10.2023
Hippo Insurance,SF Bay Area,120.0,26.10.2023,20%,Finance,https://www.theinsurer....,Post-I...,"$1,300",United States,27.10.2023
Graphy,Bengaluru,50.0,26.10.2023,20%,Education,https://inc42.com/buzz...,Subsi...,,India,26.10.2023
Salsify,Boston,110.0,25.10.2023,,Retail,https://www.bizjournal...,Unkno...,$453,United States,26.10.2023
F-Secure,Helsinki,70.0,25.10.2023,,Security,https://yle.fi/a/74-2005...,Post-I...,,Finland,26.10.2023
Virgio,Bengaluru,20.0,25.10.2023,33%,Retail,https://inc42.com/buzz...,Series A,,India,9.10.2023
Exabeam,SF Bay Area,,25.10.2023,20%,Security,https://www.exabeam.c...,Series F,$391,United States,26.10.2023
Multiverse,London,,25.10.2023,,Education,https://www.cityam.co...,Series D,$414,United Kin...,29.11.2023
Slync,Dallas,,25.10.2023,100%,Logistics,https://www.forbes.co...,Series B,$76,United States,26.10.2023
SiFive,SF Bay Area,130.0,24.10.2023,20%,Hardware,https://www.theinform...,Series F,$365,United States,25.10.2023
Pebble,SF Bay Area,,24.10.2023,100%,Consumer,https://techcrunch.com...,Seed,$1,United States,25.10.2023
Shipt,Birmingham,,24.10.2023,3%,Retail,https://www.al.com/bu...,Acquir...,$65,United States,25.10.2023
Parity Technologies,London,100.0,23.10.2023,30%,Crypto,https://www.bloomber...,Unkno...,,United Kin...,12.10.2023
Roblox China,Shenzen,15.0,23.10.2023,,Consumer,https://techcrunch.com...,Subsi...,,China,25.10.2023
Nomad Health,New York City,119.0,20.10.2023,17%,Healthcare,https://www.forbes.co...,Unkno...,$218,United States,10.2.2023
Tropic,New York City,26.0,20.10.2023,,Finance,https://www.linkedin.c...,Series B,$67,United States,21.10.2023
Nomad Health,New York City,,20.10.2023,25%,Healthcare,https://www.businessin...,Unkno...,$218,United States,21.10.2023
Convoy,Seattle,500.0,19.10.2023,100%,Logistics,https://www.geekwire.c...,Series E,"$1,100",United States,19.10.2023
Bullhorn,Boston,140.0,19.10.2023,9%,Sales,https://www.bizjournal...,Acquir...,$32,United States,20.10.2023
LegalZoom,Austin,100.0,19.10.2023,,Legal,https://www.bizjournal...,Post-I...,$951,United States,20.10.2023
StellarAlgo,CalgaryN,21.0,19.10.2023,28%,Data,https://betakit.com/co...,Series A,$16,Canada,20.10.2023
ManoMano,ParisNon,230.0,18.10.2023,25%,Retail,https://www.lesechos.fr...,Series F,$705,France,18.10.2023
Google,SF Bay Area,40.0,18.10.2023,,Consumer,https://www.cnbc.com/...,Post-I...,$26,United States,19.10.2023
WeTransfer,Amsterdam,35.0,18.10.2023,10%,Other,https://fd.nl/tech-en-in...,Series A,$64,Netherlands,26.10.2023
Plume,Denver,24.0,18.10.2023,,Healthcare,https://techcrunch.com...,Series B,$38,United States,19.10.2023
Belora Paris,Gurugram,,18.10.2023,100%,Retail,https://entrackr.com/2...,Seed,,India,4.12.2023
Made Renovation,SF Bay Area,,18.10.2023,100%,Construc...,https://techcrunch.com...,Seed,$9,United States,19.10.2023
Volta Trucks,Stockholm,,18.10.2023,100%,Transpor...,https://voltatrucks.com...,Series C,$391,Sweden,23.10.2023
Expedia,Seattle,100.0,17.10.2023,,Travel,https://skift.com/2023/...,Post-I...,"$3,300",United States,18.10.2023
Waymo,SF Bay Area,,17.10.2023,,Transpor...,https://sfstandard.com...,Subsi...,"$5,500",United States,18.10.2023
LinkedIn,SF Bay Area,660.0,16.10.2023,3%,Recruiting,https://techcrunch.com...,Acquir...,$154,United States,16.10.2023
CityMall,Gurugram,90.0,16.10.2023,,Retail,https://inc42.com/buzz...,Series C,$112,India,17.10.2023
C2FO,Kansas City,80.0,16.10.2023,3%,Finance,https://www.bizjournal...,Series H,$537,United States,21.10.2023
Kayak / OpenTable,Stamford,80.0,16.10.2023,,Travel,https://skift.com/blog/...,Acquir...,$229,United States,18.10.2023
Bandcamp,SF Bay Area,58.0,16.10.2023,50%,Other,https://www.sfgate.co...,Acquir...,,United States,17.10.2023
Stack Overflow,New York City,,16.10.2023,28%,Recruiting,https://www.theverge.c...,Acquir...,$153,United States,16.10.2023
PokerStars,LeedsNo,,15.10.2023,,Consumer,https://sigma.world/ne...,Acquir...,,United Kin...,17.10.2023
Adda247,Gurugram,300.0,14.10.2023,,Education,https://entrackr.com/2...,Series B,$61,India,15.10.2023
Flexport,SF Bay Area,,13.10.2023,20%,Logistics,https://www.cnbc.com/...,Series E,"$2,400",United States,13.10.2023
Uno Health,New York City,,13.10.2023,,Healthcare,https://docs.google.co...,Unkno...,,United States,17.10.2023
Qualcomm,San Diego,1258.0,12.10.2023,2%,Hardware,https://www.cnbc.com/...,Post-I...,,United States,13.10.2023
Lending Club,SF Bay Area,172.0,12.10.2023,14%,Finance,https://www.bloomber...,Post-I...,$392,United States,13.10.2023
MariaDB,SF Bay Area,84.0,12.10.2023,28%,Data,https://www.sec.gov/ix...,Post-I...,$272,United States,12.10.2023
Deepgram,SF Bay Area,20.0,11.10.2023,20%,AI,https://www.theinform...,Series B,$86,United States,12.10.2023
Acronis,ZurichN,,11.10.2023,,Security,https://www.acronis.co...,Privat...,$658,Switzerland,12.10.2023
Neon,Sao Paulo,180.0,10.10.2023,,Finance,https://valorinveste.glo...,Series D,$727,Brazil,16.2.2024
Stitch Fix,Dallas,558.0,9.10.2023,,Retail,https://www.retaildive.c...,Post-I...,$79,United States,15.10.2023
Carbon Health,SF Bay Area,114.0,9.10.2023,5%,Healthcare,https://www.beckersho...,Series D,$522,United States,25.10.2023
Blue Origin,Seattle,40.0,9.10.2023,,Aerospace,https://www.theinform...,Unkno...,$167,United States,9.10.2023
Braid,SF Bay Area,,9.10.2023,100%,Finance,https://techcrunch.com...,Unkno...,,United States,10.10.2023
Product Hunt,,,9.10.2023,60%,Consumer,https://techcrunch.com...,Acquir...,,United States,15.10.2023
VTrips,Jacksonville,75.0,7.10.2023,9%,Travel,https://skift.com/2023/...,Privat...,,United States,23.12.2023
Juniper Networks,SF Bay Area,440.0,6.10.2023,4%,Hardware,https://www.lightreadi...,Post-I...,$39,United States,10.1.2024
InvestCloud,Los Angeles,80.0,6.10.2023,5%,Finance,https://citywire.com/ria...,Privat...,$54,United States,7.10.2023
Brave,SF Bay Area,,6.10.2023,9%,Consumer,https://techcrunch.com...,Series B,$42,United States,7.10.2023
Dash,New York City,,6.10.2023,100%,Finance,https://weetracker.com...,Unkno...,$86,United States,8.10.2023
Shift,SF Bay Area,,6.10.2023,100%,Transpor...,https://www.marketwat...,Post-I...,$504,United States,8.10.2023
Yuga Labs,Miami,,6.10.2023,,Crypto,https://decrypt.co/200...,Unkno...,$450,United States,7.10.2023
Enovix,SF Bay Area,185.0,5.10.2023,,Energy,https://www.theinform...,Post-I...,$516,United States,6.10.2023
Bizongo,Mumbai,50.0,5.10.2023,,Retail,https://inc42.com/buzz...,Series E,$315,India,6.10.2023
SchoolMint,SF Bay Area,29.0,5.10.2023,14%,Education,https://www.businessin...,Acquir...,$8,United States,6.10.2023
SeekOut,Seattle,16.0,5.10.2023,7%,Recruiting,https://www.claytonco...,Series C,,United States,6.10.2023
Arrival,London,,5.10.2023,25%,Transpor...,https://techcrunch.com...,Post-I...,$629,United Kin...,11.10.2023
Ledger,ParisNon,,5.10.2023,12%,Crypto,https://www.bloomber...,Series C,$577,France,6.10.2023
Qualtrics,Salt Lake City,780.0,4.10.2023,14%,Other,https://www.geekwire.c...,Acquir...,$400,United States,4.10.2023
Hopper,Montreal,250.0,4.10.2023,30%,Travel,https://skift.com/2023/...,Unkno...,$730,Canada,4.10.2023
Bird,Los Angeles,,4.10.2023,,Transpor...,https://techcrunch.com...,Post-I...,$916,United States,5.10.2023
Block,SF Bay Area,,4.10.2023,,Finance,https://www.afr.com/te...,Post-I...,$150,United States,5.10.2023
Meta,SF Bay Area,,4.10.2023,,Consumer,https://www.reuters.co...,Post-I...,"$26,000",United States,4.10.2023
Dare,London,,3.10.2023,,Energy,https://www.linkedin.c...,Unkno...,,United Kin...,8.10.2023
Sendoso,SF Bay Area,,3.10.2023,,Marketing,https://www.businessin...,Series C,$152,United States,4.10.2023
Twitch,SF Bay Area,,3.10.2023,,Consumer,https://www.gamesind...,Acquir...,$35,United States,4.10.2023
Chainalysis,New York City,150.0,2.10.2023,15%,Crypto,https://www.forbes.co...,Series F,$536,United States,4.10.2023
Synapse,SF Bay Area,86.0,2.10.2023,40%,Finance,https://techcrunch.com...,Series B,$50,United States,7.10.2023
Chia Network,SF Bay Area,26.0,2.10.2023,37%,Crypto,https://www.coindesk.c...,Series D,$70,United States,4.10.2023
IronNet,Washington D,,2.10.2023,100%,Security,https://techcrunch.com...,Post-I...,$428,United States,4.10.2023
Sono Motors,MunichN,,2.10.2023,,Transpor...,https://www.linkedin.c...,Post-I...,$127,Germany,2.10.2023
Cowbell,SF Bay Area,28.0,29.9.2023,12%,Finance,https://cowbell.insure/...,Series B,$123,United States,2.10.2023
N26,BerlinNo,14.0,29.9.2023,,Finance,https://financefwd.com...,Series E,"$1,700",Germany,29.9.2023
Andgo,Saskatoon,9.0,29.9.2023,,HR,https://betakit.com/sas...,Series A,$5,Canada,29.9.2023
Vendasta,Saskatoon,,29.9.2023,,Marketing,https://betakit.com/sas...,Series D,$178,Canada,29.9.2023
Epic Games,Raleigh,870.0,28.9.2023,16%,Consumer,https://techcrunch.com...,Unkno...,"$6,400",United States,28.9.2023
Lululemon Studio,New York City,120.0,28.9.2023,,Fitness,https://www.businessin...,Acquir...,$75,United States,29.9.2023
2U,Washington D,,28.9.2023,,Education,https://2u.com/latest/o...,Post-I...,$426,United States,30.9.2023
Fit Analytics,BerlinNo,,28.9.2023,100%,Retail,https://www.businessin...,Acquir...,,,29.9.2023
Snap,Los Angeles,170.0,27.9.2023,,Consumer,https://newsroom.snap...,Post-I...,"$4,900",United States,28.9.2023
Fi.Money,Bengaluru,30.0,27.9.2023,10%,Finance,https://entrackr.com/2...,Series C,$137,India,28.9.2023
Dunzo,Bengaluru,150.0,26.9.2023,30%,Food,https://www.entrepren...,Unkno...,$458,India,27.9.2023
Flexe,Seattle,131.0,26.9.2023,33%,Logistics,https://www.geekwire.c...,Series D,$263,United States,27.9.2023
Talkdesk,SF Bay Area,,26.9.2023,,Support,https://techcrunch.com...,Series D,$497,United States,27.9.2023
Lucid Software,Salt Lake City,75.0,25.9.2023,7%,Other,https://lucid.co/blog/a-...,Series E,$170,United States,26.9.2023
Eat Just,SF Bay Area,40.0,22.9.2023,,Food,https://news.bloomber...,Unkno...,$465,United States,2.10.2023
Appsmith,SF Bay Area,35.0,22.9.2023,25%,,https://inc42.com/buzz...,Series B,$51,United States,24.9.2023
Roblox,New York City,30.0,22.9.2023,,Consumer,https://techcrunch.com...,Post-I...,$857,United States,22.9.2023
Foodpanda,Singapore,,22.9.2023,,Food,https://www.cnbc.com/...,Acquir...,$749,Singapore,24.9.2023
Recast,Edinburgh,,22.9.2023,100%,Media,https://www.linkedin.c...,Series A,$14,United Kin...,24.9.2023
DealShare,Bengaluru,130.0,21.9.2023,,Retail,https://yourstory.com/...,Series E,$390,India,24.9.2023
Merative,DublinN,100.0,21.9.2023,,Healthcare,https://www.irishexami...,Acquir...,,Ireland,24.9.2023
Robinhood,SF Bay Area,,21.9.2023,,Finance,https://www.businessin...,Post-I...,"$5,600",United States,24.9.2023
Akudo,Bengaluru,,20.9.2023,100%,Finance,https://entrackr.com/2...,Seed,$4,India,4.12.2023
Outreach,Seattle,,20.9.2023,12%,Sales,https://www.geekwire.c...,Series G,$489,United States,22.9.2023
Truss Works,SF Bay Area,,20.9.2023,,Real Estate,Internal memo,Unkno...,,United States,26.9.2023
Nowadays,SF Bay Area,,18.9.2023,100%,Food,https://www.linkedin.c...,Seed,$10,United States,2.10.2023
Cisco,SF Bay Area,350.0,17.9.2023,,Infrastru...,https://www.marketwat...,Post-I...,$2,United States,20.9.2023
Hooray Foods,SF Bay Area,,17.9.2023,100%,Food,https://www.bizjournal...,Seed,$7,United States,21.9.2023
Sage Therapeutic...,Boston,290.0,15.9.2023,,Healthcare,https://www.bizjournal...,Post-I...,$438,United States,21.9.2023
7shifts,Saskatoon,30.0,15.9.2023,7%,Food,https://www.linkedin.c...,Series C,$131,Canada,21.9.2023
Velocity,Bengaluru,,15.9.2023,14%,Finance,https://inc42.com/buzz...,Series A,$30,India,20.9.2023
Airtable,SF Bay Area,237.0,14.9.2023,27%,Product,https://www.forbes.co...,Series F,"$1,400",United States,14.9.2023
Project44,Chicago,116.0,14.9.2023,,Logistics,https://www.freightwav...,Unkno...,$817,United States,20.9.2023
VideoAmp,Los Angeles,40.0,14.9.2023,10%,Marketing,https://www.axios.com...,Series F,$456,United States,20.9.2023
R3,New York City,,14.9.2023,20%,Crypto,https://www.bloomber...,Series A,$112,United States,15.9.2023
Google,SF Bay Area,75.0,13.9.2023,,Consumer,https://www.eastbayti...,Post-I...,$26,United States,13.9.2023
Akili Labs,Boston,,13.9.2023,40%,Healthcare,https://www.bizjournal...,Post-I...,$301,United States,14.9.2023
Evolve,Denver,175.0,12.9.2023,20%,Travel,https://skift.com/2023/...,Series F,$224,United States,14.9.2023
Binance.US,SF Bay Area,100.0,12.9.2023,33%,Crypto,https://www.bloomber...,Subsi...,,United States,13.9.2023
Paper,Montreal,87.0,12.9.2023,3%,Education,https://paper.co/inside...,Series D,$389,Canada,14.9.2023
Homeday,BerlinNo,40.0,12.9.2023,20%,Real Estate,https://www.businessin...,Unkno...,$71,Germany,13.9.2023
At-Bay,SF Bay Area,27.0,12.9.2023,9%,Security,https://www.calcalistec...,Unkno...,$296,United States,6.9.2023
Eurora,TallinnN,111.0,11.9.2023,,Other,https://www.aripaev.ee...,Series A,$42,Estonia,11.9.2023
Chargebee,SF Bay Area,100.0,11.9.2023,10%,Finance,https://inc42.com/buzz...,Series H,$468,United States,11.9.2023
Divvy Homes,SF Bay Area,94.0,11.9.2023,,Real Estate,https://techcrunch.com...,Series B,$180,United States,9.9.2023
Grabango,SF Bay Area,34.0,11.9.2023,40%,Food,https://docs.google.co...,Unkno...,$94,United States,13.9.2023
Bonterra,Austin,,11.9.2023,,Other,https://campaignsande...,Unkno...,,United States,21.9.2023
Mollie,Amsterdam,,11.9.2023,,Finance,https://nltimes.nl/2023...,Series C,$928,Netherlands,11.9.2023
Oyster,Charlotte,,11.9.2023,,HR,https://oysterhr.notion....,Series C,$224,United States,13.9.2023
ChargePoint,SF Bay Area,,8.9.2023,10%,Manufac...,https://investorplace.co...,Unkno...,"$1,400",United States,8.9.2023
Sensor Tower,SF Bay Area,,8.9.2023,,Marketing,https://techcrunch.com...,Privat...,$46,United States,9.9.2023
Drift,Boston,100.0,7.9.2023,25%,Marketing,https://www.bizjournal...,Acquir...,$107,United States,9.9.2023
Hijra,JakartaN,,7.9.2023,,Finance,https://www.techinasia....,Unkno...,$67,Indonesia,8.9.2023
Roku,SF Bay Area,360.0,6.9.2023,10%,Media,https://www.cnbc.com/...,Post-I...,$208,United States,7.9.2023
ForeScout,Tel AvivN,40.0,6.9.2023,,Security,https://www.calcalistec...,Acquir...,$125,Israel,9.9.2023
Better.com,New York City,,6.9.2023,,Real Estate,https://www.businessin...,Unkno...,$905,United States,24.9.2023
Blue Origin,Seattle,,6.9.2023,,Aerospace,https://www.geekwire.c...,Unkno...,$167,United States,8.9.2023
iSpecimen,Boston,,6.9.2023,20%,Healthcare,https://seekingalpha.co...,Post-I...,$31,United States,9.9.2023
MaxMilhas,Belo Horizont,82.0,5.9.2023,18%,Travel,https://g1.globo.com/...,Unkno...,,Brazil,6.9.2023
Absci,Portland,30.0,5.9.2023,15%,Healthcare,https://www.geekwire.c...,Post-I...,$238,United States,7.9.2023
Hodinkee,New York City,24.0,5.9.2023,20%,Retail,https://ww.fashionnetw...,Seed,$40,United States,6.9.2023
Talent.com,Montreal,,5.9.2023,,Recruiting,https://aimgroup.com/...,Series B,$150,Canada,7.9.2023
mPharma,AccraNo,150.0,4.9.2023,,Healthcare,https://techcabal.com/...,Series D,$90,Ghana,7.9.2023
Xolo,TallinnN,24.0,4.9.2023,,Finance,https://arileht.delfi.ee/a...,Series A,$11,Estonia,5.9.2023
Nexar,New York City,17.0,4.9.2023,14%,Transpor...,https://www.calcalistec...,Series D,$149,United States,5.9.2023
Khatabook,Bengaluru,42.0,1.9.2023,,Finance,https://entrackr.com/2...,Series C,$187,India,5.9.2023
Clearcover,Chicago,,1.9.2023,28%,Finance,https://coverager.com/...,Series D,$304,United States,2.9.2023
Gated,SF Bay Area,,1.9.2023,100%,Other,https://www.linkedin.c...,Seed,$3,United States,5.9.2023
Lunchtime,BrnoNon,,1.9.2023,100%,Food,https://inc42.com/buzz...,Acquir...,,Czech Repu...,5.9.2023
Pegasystems,Boston,240.0,31.8.2023,4%,HR,https://www.bizjournal...,Post-I...,,United States,1.9.2023
Biofourmis,Boston,120.0,31.8.2023,,Healthcare,https://www.peoplema...,Series D,$464,United States,1.9.2023
Malwarebytes,SF Bay Area,100.0,31.8.2023,,Security,https://techcrunch.com...,Series B,$80,United States,31.8.2023
Expedia,Seattle,,31.8.2023,,Travel,https://www.geekwire.c...,Post-I...,"$3,300",United States,5.9.2023
Productboard,SF Bay Area,,31.8.2023,10%,Product,https://www.businessin...,Series D,,United States,27.1.2024
SkyKick,Seattle,140.0,30.8.2023,,Other,https://www.geekwire.c...,Unkno...,$198,United States,31.8.2023
Omuni,Bengaluru,60.0,30.8.2023,35%,Retail,https://inc42.com/buzz...,Acquir...,$10,India,30.8.2023
Kenko Health,Mumbai,50.0,30.8.2023,20%,Healthcare,https://www.businessin...,Series A,$14,India,1.9.2023
Huma,London,45.0,30.8.2023,10%,Healthcare,https://sifted.eu/article...,Unkno...,$217,United Kin...,31.8.2023
Zeplin,SF Bay Area,37.0,30.8.2023,35%,Product,https://sfstandard.com...,Seed,$1,United States,31.8.2023
Kenko Health,Mumbai,50.0,29.8.2023,20%,Healthcare,https://entrackr.com/2...,Unkno...,$14,India,29.8.2023
123Milhas,Belo Horizont,,29.8.2023,,Travel,https://economia.uol.c...,Unkno...,,Brazil,6.10.2023
Zebra Technologies,Chicago,700.0,28.8.2023,7%,Manufac...,https://www.chicagobu...,Post-I...,"$2,000",United States,28.8.2023
CoinSwitch,Bengaluru,44.0,28.8.2023,,Crypto,https://entrackr.com/2...,Series C,$301,India,28.8.2023
Clockwork,Dallas,,28.8.2023,100%,Crypto,8/28/solana-based-aut...,Seed,$4,United States,29.8.2023
SenseTime,Hong Kong,,28.8.2023,,AI,https://technode.com/...,Post-I...,"$2,600",Hong Kong,28.8.2023
HackerRank,SF Bay Area,53.0,27.8.2023,,Recruiting,https://telecom.econo...,Series D,$103,United States,28.8.2023
Cuemath,Bengaluru,100.0,26.8.2023,,Education,https://inc42.com/buzz...,Unkno...,$121,India,27.8.2023
Fortinet,SF Bay Area,,25.8.2023,,Security,https://www.crn.com/n...,Post-I...,$89,United States,27.8.2023
Captiv8,SF Bay Area,8.0,24.8.2023,3%,Marketing,https://www.prweek.co...,Unkno...,$4,United States,25.8.2023
Chingari,Bengaluru,,24.8.2023,50%,Media,https://inc42.com/buzz...,Unkno...,$88,India,25.8.2023
Atlas,Chicago,150.0,23.8.2023,30%,HR,https://www.forbes.co...,Series B,$220,United States,25.8.2023
Veriff,TallinnN,101.0,23.8.2023,21%,Security,https://digipro.geenius....,Series C,$192,Estonia,24.8.2023
BlackLine,Los Angeles,95.0,23.8.2023,5%,Finance,https://beststocks.com...,Post-I...,$220,United States,25.8.2023
Rivos,SF Bay Area,24.0,23.8.2023,6%,Hardware,https://www.theinform...,Unkno...,,United States,10.11.2023
Cellulant,NairobiN,,23.8.2023,20%,Finance,https://techeconomy.n...,Series C,$54,Kenya,25.8.2023
JOIN,BerlinNo,,23.8.2023,,Recruiting,https://docs.google.co...,Unkno...,,Germany,25.8.2023
Getir,London,2500.0,22.8.2023,11%,Food,https://www.reuters.co...,Series E,"$1,800",United Kin...,22.8.2023
CoinDCX,Mumbai,,22.8.2023,12%,Crypto,https://www.moneycon...,Series D,$247,India,23.8.2023
Datagen,Tel AvivN,,22.8.2023,,AI,https://www.calcalistec...,Series B,$72,Israel,24.8.2023
Hypefast,JakartaN,,22.8.2023,30%,Retail,https://www.techinasia....,Series A,$33,Indonesia,25.8.2023
Tempo Automation,SF Bay Area,,22.8.2023,,Other,https://www.bizjournal...,Post-I...,$154,United States,24.8.2023
Recur,Miami,,21.8.2023,,Crypto,https://www.theblock.c...,Series A,$55,United States,23.8.2023
Unite Us,New York City,,21.8.2023,,Healthcare,https://www.fiercehealt...,Series C,$196,United States,9.9.2023
Twiga,NairobiN,283.0,20.8.2023,33%,Food,https://techcabal.com/...,Series C,$157,Kenya,23.8.2023
Spartan Poker,KolkataN,125.0,19.8.2023,40%,Consumer,https://inc42.com/buzz...,Unkno...,,India,19.8.2023
Times Internet,Gurugram,100.0,18.8.2023,5%,Media,Times Internet,Subsi...,,India,19.8.2023
Detectify,Stockholm,30.0,18.8.2023,,Security,https://www.breakit.se/...,Unkno...,$42,Sweden,23.10.2023
Embrace,SF Bay Area,,18.8.2023,,Product,https://www.linkedin.c...,Unkno...,$77,United States,2.9.2023
Zylo,Indianapolis,,18.8.2023,10%,Other,https://www.insideindi...,Series C,$72,United States,19.8.2023
Illumina,San Diego,151.0,17.8.2023,,Healthcare,https://www.sandiegou...,Post-I...,$28,United States,19.8.2023
AppFolio,Santa Barbara,149.0,17.8.2023,9%,Real Estate,https://www.pacbiztim...,Post-I...,$30,United States,18.8.2023
Intel,SF Bay Area,140.0,17.8.2023,,Hardware,https://www.tomshard...,Post-I...,$12,United States,19.8.2023
StreamElements,Tel AvivN,60.0,17.8.2023,35%,Media,https://www.calcalistec...,Series B,$111,Israel,18.8.2023
CircleCI,SF Bay Area,,17.8.2023,,Product,Internal memo,Series F,$315,United States,18.8.2023
FlexCar,Boston,20.0,16.8.2023,,Transpor...,https://www.bizjournal...,Unkno...,$297,United States,18.8.2023
Xendit,JakartaN,,16.8.2023,,Finance,https://www.techinasia....,Series D,$534,Indonesia,2.2.2024
Noice,Helsinki,,15.8.2023,,Consumer,https://www.techinasia....,Seed,$5,Finland,15.8.2023
SecureWorks,Atlanta,300.0,14.8.2023,15%,Security,https://techcrunch.com...,Post-I...,$83,United States,14.8.2023
Easee,Sandnes,200.0,14.8.2023,57%,Energy,https://www.dn.no/tek...,Unkno...,,Norway,19.8.2023
CoinDesk,New York City,,14.8.2023,,Crypto,https://www.theblock.c...,Acquir...,,United States,15.8.2023
iQiyi Smart,BeijingN,,14.8.2023,,Other,https://www.caixinglob...,Series C,,China,15.8.2023
LingoAce,Singapore,,11.8.2023,,Education,https://www.techinasia....,Series C,$180,Singapore,15.8.2023
Shutterfly,Minneapolis,246.0,10.8.2023,,Manufac...,https://www.cbsnews.c...,Post-I...,$50,United States,11.8.2023
SHINE Technologi...,Milwaukee,59.0,10.8.2023,,Other,https://www.nbc15.co...,Series C,$672,United States,11.8.2023
Hike,New Delhi,55.0,10.8.2023,,Consumer,https://economictimes....,Unkno...,$261,India,11.8.2023
NCC Group,Manchester,,10.8.2023,,Security,https://techcrunch.com...,Post-I...,,United Kin...,17.8.2023
Blend,SF Bay Area,150.0,9.8.2023,19%,Finance,http://archive.fast-edg...,Post-I...,$665,United States,11.8.2023
Niantic,Los Angeles,100.0,9.8.2023,,Other,https://www.bizjournal...,Series D,$770,United States,11.8.2023
Babylon Health,London,94.0,9.8.2023,,Healthcare,https://www.fiercehealt...,Post-I...,"$1,200",United Kin...,11.8.2023
Dealtale,Tel AvivN,70.0,9.8.2023,100%,Sales,https://www.calcalistec...,Acquir...,$2,Israel,11.8.2023
Bukalapak,JakartaN,,9.8.2023,,Retail,https://www.techinasia....,Post-I...,$925,Indonesia,9.8.2023
Podium,Lehi,,9.8.2023,,Support,Internal memo,Series D,$419,United States,11.8.2023
Quizy,Gurugram,,9.8.2023,100%,Consumer,https://www.timesnow...,Seed,,India,9.8.2023
StyleSeat,SF Bay Area,,9.8.2023,17%,Consumer,https://docs.google.co...,Series C,$40,United States,2.10.2023
Thoughtworks,Chicago,579.0,8.8.2023,5%,Other,https://www.chicagobu...,Post-I...,$748,United States,17.10.2023
Rapid7,Boston,470.0,8.8.2023,18%,Security,https://www.bizjournal...,Post-I...,$89,United States,9.8.2023
MPL,Bengaluru,350.0,8.8.2023,,Consumer,https://www.moneycon...,Unkno...,$375,India,9.8.2023
Doximity,SF Bay Area,100.0,8.8.2023,10%,Healthcare,https://www.fiercehealt...,Post-I...,$82,United States,9.8.2023
23andMe,SF Bay Area,71.0,8.8.2023,11%,Healthcare,https://www.streetinsid...,Post-I...,"$1,100",United States,9.8.2023
Caliva,SF Bay Area,54.0,8.8.2023,,Retail,https://www.bizjournal...,Series B,$75,United States,9.8.2023
Sendy,NairobiN,,8.8.2023,100%,Logistics,https://techcrunch.com...,Series B,$26,Kenya,9.8.2023
Dell,Austin,,7.8.2023,,Hardware,https://www.crn.com/n...,Post-I...,,United States,8.8.2023
Verse,Barcelona,,7.8.2023,100%,Finance,https://www.finextra.co...,Acquir...,$38,Spain,29.8.2023
Qomplx,Washington D,60.0,4.8.2023,,AI,https://www.bizjournal...,Series A,$107,United States,5.8.2023
CodeClan,Edinburgh,57.0,4.8.2023,100%,Education,https://www.edinburgh...,Seed,,United Kin...,8.8.2023
Top Hat,Toronto,42.0,4.8.2023,7%,Education,https://betakit.com/can...,Series E,$234,Canada,5.8.2023
Astra,SF Bay Area,,4.8.2023,25%,Aerospace,https://techcrunch.com...,Post-I...,$300,United States,5.8.2023
Big Cabal Media,LagosNo,,4.8.2023,19%,Media,https://www.benjamind...,Seed,$3,Nigeria,5.8.2023
Discord,SF Bay Area,37.0,3.8.2023,4%,Consumer,https://www.theinform...,Series H,$995,United States,4.8.2023
Bardee,Melbourne,30.0,3.8.2023,,Food,https://www.businessn...,Seed,$5,Australia,3.8.2023
Aware,Columbus,,3.8.2023,,Security,https://www.bizjournal...,Series C,$88,United States,6.8.2023
Ayoconnect,JakartaN,,3.8.2023,10%,Finance,https://www.dealstreet...,Series B,$43,Indonesia,5.8.2023
Finastra,Tel AvivN,,3.8.2023,,Finance,https://www.calcalistec...,Unkno...,,Israel,4.8.2023
Spinny,Gurugram,300.0,2.8.2023,5%,Transpor...,https://www.moneycon...,Series E,$513,India,4.8.2023
Tekion,Bengaluru,300.0,2.8.2023,10%,Other,https://inc42.com/buzz...,Series D,$435,India,3.8.2023
BetterUp,SF Bay Area,100.0,2.8.2023,16%,HR,https://www.thedailybe...,Series E,$567,United States,4.8.2023
Augury,New York City,70.0,2.8.2023,18%,Manufac...,https://www.calcalistec...,Series E,$274,United States,3.8.2023
Gem,SF Bay Area,70.0,2.8.2023,,Recruiting,https://www.linkedin.c...,Series C,$148,United States,3.8.2023
Gupy,Sao Paulo,58.0,2.8.2023,8%,HR,https://startups.com.br...,Series B,$105,Brazil,3.8.2023
Salesforce,DublinN,50.0,2.8.2023,,Sales,https://www.bloomber...,Post-I...,$65,Ireland,4.8.2023
FamPay,Bengaluru,18.0,2.8.2023,,Finance,https://www.moneycon...,Series A,$42,India,3.8.2023
Actyv.ai,Bengaluru,,2.8.2023,60%,Finance,https://entrackr.com/2...,Seed,$12,India,3.8.2023
ConnectedH,Gurugram,,2.8.2023,100%,Healthcare,https://inc42.com/buzz...,Seed,$2,India,3.8.2023
DICE,London,,2.8.2023,,Consumer,https://tech.eu/2023/0...,Series C,$135,United Kin...,4.8.2023
HackerOne,SF Bay Area,,2.8.2023,12%,Security,https://www.hackerone...,Series E,$159,United States,2.8.2023
Silofit,Montreal,,2.8.2023,100%,Fitness,https://betakit.com/can...,Series A,$19,Canada,5.8.2023
TripAdvisor,Boston,,2.8.2023,,Travel,https://ir.tripadvisor.co...,Post-I...,$3,United States,3.8.2023
Vesttoo,Tel AvivN,150.0,1.8.2023,75%,Finance,https://www.calcalistec...,Series C,$110,Israel,3.8.2023
Planet,SF Bay Area,117.0,1.8.2023,10%,Aerospace,https://www.cnbc.com/...,Post-I...,$574,United States,1.8.2023
Paper,Montreal,106.0,1.8.2023,4%,Education,https://paper.co/inside...,Series D,$389,Canada,1.8.2023
Archipelago,SF Bay Area,40.0,1.8.2023,30%,Real Estate,https://www.theinsurer....,Series B,$57,United States,1.8.2023
Increff,Bengaluru,,1.8.2023,20%,Retail,https://inc42.com/buzz...,Series B,$17,India,2.8.2023
Indigo,Boston,,1.8.2023,,Other,https://www.bizjournal...,Series F,"$1,200",United States,1.8.2023
inDrive,SF Bay Area,,1.8.2023,10%,Transpor...,https://www.forbes.ru/...,Unkno...,$387,United States,1.8.2023
Outreach,Seattle,,1.8.2023,5%,Sales,https://www.geekwire.c...,Series G,$489,United States,1.8.2023
Qoala,JakartaN,80.0,31.7.2023,,Finance,https://www.techinasia....,Series B,$89,Indonesia,5.8.2023
Fable,Toronto,13.0,31.7.2023,9%,Other,https://betakit.com/can...,Series A,$12,Canada,5.8.2023
Nexar,New York City,12.0,31.7.2023,,Transpor...,https://www.calcalistec...,Series D,$149,United States,5.9.2023
Cambricon,BeijingN,,31.7.2023,,Hardware,https://www.digitimes....,Series B,$200,China,1.8.2023
Kape Technologies,London,200.0,30.7.2023,30%,Security,https://techreport.com...,Post-I...,$188,United Kin...,31.7.2023
Eroad,Auckland,200.0,28.7.2023,31%,Transpor...,https://businessdesk.co...,Unkno...,$46,New Zealand,1.8.2023
Kape,London,180.0,28.7.2023,,Security,https://www.pcmag.co...,Post-I...,$188,United Kin...,5.8.2023
Homology,Boston,,28.7.2023,,Healthcare,https://www.bizjournal...,Post-I...,$187,United States,29.7.2023
Milkbasket,Gurugram,400.0,27.7.2023,67%,Food,https://entrackr.com/2...,Acquir...,$39,India,29.7.2023
Wish,SF Bay Area,255.0,27.7.2023,34%,Retail,https://ir.wish.com/nod...,Post-I...,"$1,600",United States,1.8.2023
Point,SF Bay Area,61.0,27.7.2023,28%,Real Estate,https://www.bizjournal...,Series C,$149,United States,7.9.2023
Akseleran,JakartaN,60.0,27.7.2023,,Finance,https://www.techinasia....,Series A,$9,Indonesia,29.7.2023
Verbit,New York City,60.0,27.7.2023,6%,Data,https://www.calcalistec...,Series E,$569,United States,28.7.2023
Datree,SF Bay Area,,27.7.2023,100%,Other,https://www.linkedin.c...,Seed,$11,United States,31.7.2023
Degreed,SF Bay Area,,27.7.2023,,Education,https://www.linkedin.c...,Unkno...,$463,United States,28.7.2023
Copia,NairobiN,350.0,26.7.2023,25%,Retail,https://techcabal.com/...,Series C,$103,Kenya,27.7.2023
Figure,SF Bay Area,90.0,26.7.2023,20%,Crypto,https://www.bloomber...,Unkno...,"$1,500",United States,29.7.2023
Calendly,Atlanta,60.0,26.7.2023,10%,Other,https://www.theinform...,Series B,$351,United States,27.7.2023
Myntra,Bengaluru,50.0,26.7.2023,,Retail,https://economictimes....,Acquir...,$516,India,27.7.2023
Kleos Space,Luxembourg,,26.7.2023,100%,Aerospace,https://spacenews.com...,Post-I...,$17,Luxembourg,28.7.2023
Ripl,Seattle,,26.7.2023,,Marketing,https://www.linkedin.c...,Unkno...,$9,United States,10.4.2024
Deep Instict,New York City,46.0,25.7.2023,15%,Security,https://www.calcalistec...,Unkno...,$322,United States,27.7.2023
Pluralsight,Salt Lake City,,25.7.2023,,Education,https://www.sltrib.com/...,Acquir...,$192,United States,26.7.2023
AppHarvest,Lexington,,24.7.2023,100%,Food,https://marketrealist.co...,Post-I...,$692,United States,28.7.2023
Arive,MunichN,,24.7.2023,,Retail,https://www.businessin...,Unkno...,$37,Germany,26.7.2023
Onfido,London,,24.7.2023,,Finance,https://sifted.eu/article...,Series D,$182,United Kin...,27.7.2023
PathAI,Boston,87.0,21.7.2023,,Healthcare,https://www.bizjournal...,Series C,$255,United States,11.7.2023
Bundle Africa,LagosNo,,21.7.2023,100%,Crypto,https://technext24.com...,Seed,$1,Nigeria,22.7.2023
Viaplay,Stockholm,450.0,20.7.2023,25%,Media,https://deadline.com/2...,Unkno...,,Sweden,11.7.2023
Stoa,Phoenix,80.0,20.7.2023,80%,Real Estate,https://www.calcalistec...,Unkno...,,United States,22.7.2023
Dunzo,Bengaluru,,20.7.2023,,Food,https://www.peoplema...,Unkno...,$382,India,20.7.2023
MiQ,London,,20.7.2023,,Marketing,https://www.businessin...,Privat...,,United Kin...,21.7.2023
Phunware,Austin,,20.7.2023,,Other,https://seekingalpha.co...,Post-I...,$87,United States,22.7.2023
Saarthi.ai,Bengaluru,,20.7.2023,,Support,https://economictimes....,Unkno...,,India,22.7.2023
AgentSync,Denver,67.0,19.7.2023,24%,Finance,Internal memo,Series B,$111,United States,26.7.2023
Inspirato,Denver,50.0,19.7.2023,6%,Travel,https://skift.com/2023/...,Post-I...,$179,United States,21.7.2023
Tilia,SF Bay Area,28.0,19.7.2023,32%,Finance,Internal memo,Unkno...,$32,United States,14.8.2023
Blue Apron,New York City,,19.7.2023,20%,Food,https://seekingalpha.co...,Post-I...,$422,United States,9.8.2023
Microsoft,Seattle,1000.0,18.7.2023,,Other,https://www.businessin...,Post-I...,$1,United States,10.7.2023
Cameo,Chicago,80.0,18.7.2023,,Consumer,https://www.theinform...,Unkno...,$165,United States,18.7.2023
Square Roots,New York City,,18.7.2023,,Food,https://www.businessin...,Unkno...,$91,United States,22.7.2023
Sarcos,Salt Lake City,75.0,17.7.2023,25%,Aerospace,https://www.therobotr...,Post-I...,$316,United States,19.7.2023
Code42,Minneapolis,,17.7.2023,,Security,https://blocksandfiles.c...,Unkno...,$137,United States,18.7.2023
Ezoic,San Diego,,17.7.2023,28%,Infrastru...,https://www.ezoic.com...,Series A,$39,United States,19.7.2023
IBM,Tel AvivN,,17.7.2023,,Hardware,https://www.calcalistec...,Post-I...,,Israel,19.7.2023
Lamudi Indonesia,JakartaN,,17.7.2023,,Real Estate,https://www.dealstreet...,Acquir...,$56,Indonesia,23.7.2023
Binance,Cayman Islan,1000.0,14.7.2023,,Crypto,https://www.wsj.com/a...,Unkno...,,Cayman Isl...,14.7.2023
PayScale,Seattle,14.0,14.7.2023,2%,HR,https://www.bizjournal...,Acquir...,$33,United States,15.7.2023
Navi Technologies,Bengaluru,200.0,13.7.2023,,Finance,https://economictimes....,Unkno...,$659,India,13.7.2023
Skill Lync,Chennai,200.0,13.7.2023,,Education,https://entrackr.com/2...,Series A,$17,India,13.7.2023
Amazon,Seattle,80.0,13.7.2023,,Retail,https://news.yahoo.co...,Post-I...,$108,United States,14.7.2023
AudioCodes,Tel AvivN,80.0,13.7.2023,6%,Other,https://www.calcalistec...,Post-I...,$91,Israel,17.7.2023
Tempo Automation,SF Bay Area,62.0,13.7.2023,,Other,https://investors.tempo...,Post-I...,$154,United States,18.7.2023
Uber Freight,SF Bay Area,40.0,13.7.2023,,Logistics,https://www.freightwav...,Subsi...,"$2,700",United States,14.7.2023
Deepwatch,Tampa Bay,30.0,13.7.2023,7%,Security,https://www.deepwatc...,Series C,$256,United States,14.7.2023
Centr,SydneyN,22.0,13.7.2023,,Fitness,https://www.news.com....,Unkno...,,Australia,13.7.2023
Factorial,Barcelona,20.0,13.7.2023,,HR,https://www.businessin...,Series C,$220,Spain,17.7.2023
Peloton,New York City,11.0,13.7.2023,,Fitness,https://dol.ny.gov/syst...,Post-I...,"$1,900",United States,18.7.2023
Bark,New York City,,13.7.2023,8%,Retail,https://seekingalpha.co...,Post-I...,$282,United States,27.7.2023
Khoros,Austin,,13.7.2023,5%,Sales,Internal memo,Privat...,$138,United States,19.7.2023
Netlify,SF Bay Area,,13.7.2023,,Other,https://www.netlify.co...,Series D,$212,United States,14.7.2023
SAS,Raleigh,,13.7.2023,,Data,https://www.newsobser...,Unkno...,,United States,15.7.2023
Stitch Fix,Philadelphia,400.0,12.7.2023,,Retail,https://www.inquirer.co...,Post-I...,$79,United States,14.7.2023
Dapper Labs,Vancouver,51.0,12.7.2023,,Crypto,https://twitter.com/roh...,Unkno...,,Canada,13.7.2023
DeepVerge,DublinN,50.0,12.7.2023,100%,Healthcare,https://www.standard.c...,Post-I...,$20,Ireland,13.7.2023
Freightos,Miami,50.0,12.7.2023,13%,Logistics,https://sourcingjournal....,Post-I...,$118,United States,13.7.2023
Circle,Boston,,12.7.2023,,Crypto,https://www.axios.com...,Privat...,"$1,100",United States,13.7.2023
CyberGRX,Denver,,12.7.2023,,Security,https://www.bizjournal...,Acquir...,$99,United States,13.7.2023
Duck Creek Techn...,Boston,,12.7.2023,9%,Finance,https://iireporter.com/...,Acquir...,$357,United States,11.8.2023
Expedia,Seattle,,12.7.2023,,Travel,https://www.phocuswir...,Post-I...,"$3,300",United States,18.7.2023
WayCool,Chennai,300.0,11.7.2023,12%,Food,https://timesofindia.ind...,Unkno...,$363,India,13.7.2023
Matterport,SF Bay Area,170.0,11.7.2023,30%,Data,https://investors.matter...,Post-I...,$409,United States,11.7.2023
Everquote,Evansville,100.0,11.7.2023,,Finance,https://www.insurancej...,Post-I...,$53,United States,13.7.2023
Sisense,New York City,100.0,11.7.2023,15%,Data,https://www.calcalistec...,Series F,$274,United States,11.7.2023
Built Technologies,Nashville,,11.7.2023,,Construc...,https://www.nashvillep...,Unkno...,$313,United States,13.7.2023
Butterfly Network...,Boston,,11.7.2023,25%,Healthcare,https://www.marketscr...,Post-I...,$530,United States,17.7.2023
Dukaan,Bengaluru,,11.7.2023,,Retail,https://timesofindia.ind...,Series A,$17,India,11.7.2023
Jasper,Montreal,,11.7.2023,,AI,https://www.linkedin.c...,Series A,$131,Canada,14.7.2023
Shift,SF Bay Area,,11.7.2023,34%,Transpor...,https://seekingalpha.co...,Post-I...,$504,United States,13.7.2023
Rad Power Bikes,Seattle,40.0,10.7.2023,,Transpor...,https://www.theverge.c...,Series D,$329,United States,1.8.2024
FrontRow,Bengaluru,,10.7.2023,100%,Education,Read more at:,Series A,$17,India,11.7.2023
IntelyCare,Boston,,10.7.2023,,Healthcare,https://www.bizjournal...,Series C,$171,United States,11.7.2023
Latch,New York City,,10.7.2023,59%,Security,https://www.marketscr...,Post-I...,$342,United States,11.7.2023
Motive,SF Bay Area,,10.7.2023,5%,Transpor...,Internal memo,Series F,$567,United States,13.7.2023
Medsaf,LagosNo,30.0,7.7.2023,100%,Healthcare,https://techcabal.com/...,Unkno...,,Nigeria,15.7.2023
Evernote,SF Bay Area,,7.7.2023,,Consumer,https://www.sfgate.co...,Acquir...,$290,United States,8.7.2023
PaulCamper,BerlinNo,,7.7.2023,,Travel,https://docs.google.co...,Acquir...,$12,Germany,4.8.2023
Trellix,SF Bay Area,,7.7.2023,,Security,,Unkno...,$35,United States,11.7.2023
Amdocs,St. Louis,2000.0,6.7.2023,6%,Support,https://www.calcalistec...,Post-I...,,United States,6.1.2023
FNZ,London,1000.0,6.7.2023,15%,Finance,https://citywire.com/ne...,Privat...,"$1,400",United Kin...,7.7.2023
Perfect Day,SF Bay Area,134.0,6.7.2023,15%,Food,https://www.nosh.com/...,Series D,$711,United States,13.7.2023
Solidigm,Sacramento,98.0,6.7.2023,,Hardware,https://www.bizjournal...,Unkno...,,United States,13.7.2023
TytoCare,New York City,20.0,6.7.2023,10%,Healthcare,https://www.calcalistec...,Series D,$156,United States,7.7.2023
Circles.Life,Singapore,,6.7.2023,,Marketing,https://www.campaign...,Unkno...,$50,Singapore,7.7.2023
ConnectRN,Boston,,6.7.2023,,Healthcare,https://www.bizjournal...,Unkno...,$160,United States,6.7.2023
Crunchbase,SF Bay Area,,6.7.2023,,Sales,https://www.linkedin.c...,Series D,$106,United States,8.7.2023
DayTwo,SF Bay Area,,6.7.2023,,Healthcare,https://www.calcalistec...,Series B,$90,United States,7.7.2023
Athennian,CalgaryN,30.0,5.7.2023,,Legal,https://betakit.com/leg...,Series B,$47,Canada,17.8.2023
Vista Group,Auckland,,5.7.2023,6%,Data,https://www.nzherald.c...,Post-I...,,New Zealand,6.7.2023
Highsnobiety,BerlinNo,24.0,3.7.2023,10%,Media,https://www.businessof...,Acquir...,$8,Germany,5.7.2023
Zip,SydneyN,300.0,2.7.2023,20%,Finance,https://www.theaustrali...,Post-I...,$896,Australia,5.7.2023
Buzzer,New York City,,30.6.2023,100%,Consumer,https://frontofficesport...,Series A,$24,United States,1.7.2023
Lunya,Los Angeles,,30.6.2023,100%,Retail,https://www.modernret...,Unkno...,,United States,1.7.2023
MediaMath,New York City,,30.6.2023,100%,Marketing,https://www.adexchan...,Privat...,$607,United States,1.7.2023
Petal,New York City,,30.6.2023,20%,Finance,https://finance.yahoo.c...,Series D,$704,United States,4.12.2023
Niantic,SF Bay Area,230.0,29.6.2023,,Other,https://www.cnbc.com/...,Series D,$770,United States,29.6.2023
Headspace,Los Angeles,181.0,29.6.2023,15%,Healthcare,https://www.latimes.co...,Unkno...,$216,United States,30.6.2023
Artsy,New York City,35.0,29.6.2023,15%,Retail,https://www.artnews.co...,Series D,$100,United States,30.6.2023
Candy Digital,New York City,30.0,29.6.2023,,Crypto,https://decrypt.co/146...,Series A,$138,United States,30.6.2023
Xiaomi India,Bengaluru,30.0,29.6.2023,,Other,https://economictimes....,Subsi...,,India,30.6.2023
Torii,Ra'anana,28.0,29.6.2023,30%,Other,https://www.calcalistec...,Series B,$65,Israel,1.7.2023
Insider Intelligence,New York City,20.0,29.6.2023,,Media,https://www.theinform...,Subsi...,,United States,30.6.2023
Merama,Mexico City,,29.6.2023,10%,Retail,https://www.reuters.co...,Series B,$445,Mexico,1.7.2023
Qyuki,Bengaluru,,29.6.2023,30%,Other,https://www.exchange...,Seed,$19,India,5.7.2023
Stripe,SF Bay Area,,29.6.2023,,Finance,https://www.theinform...,Series I,"$8,700",United States,30.6.2023
Vowel,New York City,,29.6.2023,100%,Other,https://twitter.com/ber...,Series A,$18,United States,30.6.2023
ClickUp,San Diego,90.0,28.6.2023,10%,Other,https://techcrunch.com...,Series C,$537,United States,5.7.2023
Ludia,Montreal,55.0,28.6.2023,,Consumer,https://mobilegamer.bi...,Acquir...,$1,,30.6.2023
Karat,Seattle,47.0,28.6.2023,,HR,https://www.geekwire.c...,Unkno...,$169,United States,30.6.2023
Plex,SF Bay Area,37.0,28.6.2023,20%,Media,https://www.theverge.c...,Unkno...,$81,United States,29.6.2023
Starburst,Boston,,28.6.2023,15%,Data,Internal memo,Series D,$414,United States,13.7.2023
Zapier,SF Bay Area,,28.6.2023,10%,Other,https://zapier.com/blo...,Seed,$1,United States,28.6.2023
Selina,London,350.0,27.6.2023,,Travel,https://www.calcalistec...,Post-I...,$612,United Kin...,7.7.2023
New Relic,SF Bay Area,255.0,27.6.2023,10%,Infrastru...,https://www.oregonlive...,Post-I...,$214,United States,27.6.2023
Tibber,FørdeNo,50.0,27.6.2023,,Energy,https://www.shifter.no/...,Series C,$181,Norway,27.6.2023
ClearPay,Manchester,,27.6.2023,,Finance,https://www.cityam.co...,Acquir...,$85,United Kin...,6.7.2023
Eyowo,LagosNo,,27.6.2023,100%,Finance,https://technext24.com...,Unkno...,,Nigeria,27.6.2023
Honor,SF Bay Area,,27.6.2023,15%,Healthcare,https://homehealthcar...,Unkno...,$625,United States,31.1.2024
Loopio,Toronto,,27.6.2023,9%,Sales,https://www.linkedin.c...,Privat...,$263,Canada,28.6.2023
Lordstown Motors,Detroit,,27.6.2023,100%,Transpor...,https://www.cnn.com/2...,Post-I...,"$1,100",United States,30.6.2023
Waze,SF Bay Area,,27.6.2023,,Transpor...,https://www.cnbc.com/...,Acquir...,$67,United States,28.6.2023
Payoneer,New York City,200.0,26.6.2023,10%,Finance,https://www.calcalistec...,Post-I...,,United States,27.6.2023
Robinhood,SF Bay Area,150.0,26.6.2023,7%,Finance,https://www.wsj.com/a...,Post-I...,"$5,600",United States,27.6.2023
Convoy,Seattle,30.0,26.6.2023,5%,Logistics,https://www.geekwire.c...,Series E,"$1,100",United States,27.6.2023
Joonko,New York City,,25.6.2023,100%,Recruiting,https://www.calcalistec...,Series B,$38,United States,27.6.2023
IRL,SF Bay Area,,23.6.2023,100%,Consumer,https://www.theinform...,Series C,$197,United States,26.6.2023
Retool,SF Bay Area,,22.6.2023,9%,Other,Internal memo,Series C,$141,United States,22.6.2023
Anaplan,SF Bay Area,300.0,21.6.2023,,Other,https://nypost.com/20...,Acquir...,$300,United States,24.6.2023
Uber,SF Bay Area,200.0,21.6.2023,,Transpor...,https://www.nasdaq.co...,Post-I...,"$25,200",United States,22.6.2023
Tackle.io,Boise,75.0,21.6.2023,,Infrastru...,https://tackle.io/blog/t...,Series C,$148,United States,23.6.2023
Ritual,Toronto,38.0,21.6.2023,40%,Food,https://www.theglobea...,Series C,$134,Canada,24.6.2023
Friday Health Plans,Alamosa,,21.6.2023,,Healthcare,https://www.bizjournal...,Privat...,$306,United States,22.6.2023
Illumina,San Diego,,21.6.2023,,Healthcare,https://www.sec.gov/Ar...,Post-I...,$28,United States,28.6.2023
Mutiny,SF Bay Area,,21.6.2023,30%,Marketing,https://www.theinform...,Series B,$69,United States,14.7.2023
Grab,Singapore,1000.0,20.6.2023,11%,Transpor...,https://www.reuters.co...,Post-I...,"$16,500",Singapore,20.6.2023
OLX Group,Amsterdam,800.0,20.6.2023,,Marketing,https://techcrunch.com...,Acquir...,,Netherlands,20.6.2023
AvantStay,Los Angeles,37.0,20.6.2023,,Travel,https://skift.com/2023/...,Privat...,$686,United States,23.12.2023
Karakuki,London,,20.6.2023,100%,Food,https://www.therobotr...,Unkno...,$13,United Kin...,22.6.2023
Chingari,Bengaluru,48.0,19.6.2023,20%,Media,https://inc42.com/buzz...,Unkno...,$88,India,20.6.2023
Panther,Tampa Bay,,19.6.2023,100%,HR,https://mattredler.subs...,Seed,$2,United States,20.6.2023
Fuzzy,SF Bay Area,,18.6.2023,100%,Healthcare,https://www.coverager....,Series C,$80,United States,19.6.2023
Mojocare,Bengaluru,170.0,17.6.2023,80%,Healthcare,https://entrackr.com/2...,Series A,$24,India,18.6.2023
Nikola,Phoenix,270.0,16.6.2023,,Transpor...,https://www.reuters.co...,Post-I...,"$3,300",United States,18.6.2023
Qualcomm,SF Bay Area,84.0,16.6.2023,,Hardware,https://www.bizjournal...,Post-I...,,United States,19.7.2023
Pilot,SF Bay Area,45.0,16.6.2023,13%,Finance,Internal memo,Unkno...,$116,United States,1.7.2023
Karshare,London,,16.6.2023,100%,Transpor...,https://karshare.com/,Seed,$4,United Kin...,17.6.2023
Zulily,Seattle,,16.6.2023,,Retail,https://www.geekwire.c...,Acquir...,$194,United States,17.6.2023
CareRev,Los Angeles,100.0,15.6.2023,33%,Healthcare,https://www.theinform...,Series A,$51,United States,16.6.2023
TADA,SeoulNo,45.0,15.6.2023,60%,Transpor...,https://techcrunch.com...,Subsi...,,South Korea,17.6.2023
Binance.US,SF Bay Area,,15.6.2023,,Crypto,https://www.reuters.co...,Subsi...,,United States,17.6.2023
Cerner,Kansas City,,15.6.2023,,Healthcare,https://www.businessin...,Acquir...,,United States,19.6.2023
FrontRow,Bengaluru,,15.6.2023,90%,Education,https://inc42.com/buzz...,Series A,$17,India,16.6.2023
Bitwise,SF Bay Area,900.0,14.6.2023,100%,Crypto,https://www.bakersfiel...,Series B,$84,United States,17.6.2023
Sonos,New York City,130.0,14.6.2023,7%,Consumer,https://www.cnbc.com/...,Post-I...,$455,United States,14.6.2023
TrueCar,Los Angeles,102.0,14.6.2023,24%,Transpor...,https://techcrunch.com...,Post-I...,$340,United States,15.6.2023
Olo,New York City,81.0,14.6.2023,11%,Food,https://www.restaurant...,Post-I...,$184,United States,14.6.2023
Mamaearth,Gurugram,80.0,14.6.2023,,Retail,https://inc42.com/buzz...,Unkno...,$111,India,14.6.2023
Synapse,SF Bay Area,,14.6.2023,18%,Finance,https://medium.com/...,Series B,$50,United States,15.6.2023
Western Digital,SF Bay Area,211.0,13.6.2023,,Hardware,https://www.bizjournal...,Post-I...,$900,United States,21.10.2023
JupiterOne,Raleigh,8.0,13.6.2023,,Security,https://www.bizjournal...,Series C,$119,United States,14.6.2023
Zalando,BerlinNo,,13.6.2023,,Retail,https://www.textilwirtsc...,Post-I...,$468,Germany,5.7.2023
Grubhub,SF Bay Area,400.0,12.6.2023,15%,Food,https://www.cnbc.com/...,Acquir...,$284,United States,12.6.2023
GoCardless,London,150.0,12.6.2023,17%,Finance,https://sifted.eu/article...,Series G,$529,United Kin...,12.6.2023
Pendo,Raleigh,100.0,12.6.2023,12%,Product,https://www.bizjournal...,Series F,$469,United States,12.6.2023
Chegg,SF Bay Area,80.0,12.6.2023,4%,Education,https://www.bloomber...,Post-I...,$227,United States,14.6.2023
dot.LA,Los Angeles,,12.6.2023,100%,Media,https://www.lastartups....,Seed,$4,United States,14.6.2023
TaxBit,SF Bay Area,80.0,11.6.2023,40%,Crypto,https://www.theinform...,Unkno...,$253,United States,12.6.2023
Tiki,Singapore,,11.6.2023,100%,Consumer,https://techcrunch.com...,Unkno...,,Singapore,14.6.2023
Trybe,Sao Paulo,128.0,9.6.2023,35%,Education,https://www.estadao.c...,Series B,$40,Brazil,12.6.2023
23andMe,SF Bay Area,75.0,9.6.2023,9%,Healthcare,https://www.genomew...,Post-I...,"$1,100",United States,10.6.2023
Expel,Washington D,60.0,9.6.2023,10%,Security,https://expel.com/blog...,Series E,$288,United States,10.6.2023
Branch,Columbus,186.0,8.6.2023,,Finance,https://coverager.com/...,Series C,$229,United States,9.6.2023
Cityblock Health,New York City,155.0,8.6.2023,12%,Healthcare,https://www.fiercehealt...,Series D,$891,United States,8.6.2023
Highspot,Seattle,140.0,8.6.2023,15%,Sales,https://www.geekwire.c...,Series F,$644,United States,9.6.2023
Cohesity,SF Bay Area,,8.6.2023,,Data,https://blocksandfiles.c...,Series E,$805,United States,10.6.2023
Freshworks,SF Bay Area,,8.6.2023,,Support,https://bwdisrupt.busin...,Post-I...,$484,United States,8.6.2023
Opora,SF Bay Area,,8.6.2023,100%,Security,https://www.calcalistec...,Seed,$7,United States,9.6.2023
Byju's,Bengaluru,1000.0,7.6.2023,,Education,https://themorningcon...,Privat...,"$5,500",India,9.6.2023
Nubank,Sao Paulo,296.0,7.6.2023,,Finance,https://brazilian.report/...,Post-I...,"$4,100",Brazil,8.6.2023
Sumo Logic,SF Bay Area,79.0,7.6.2023,,Data,https://www.sfchronicl...,Acquir...,$340,United States,10.6.2023
Flatiron Health,New York City,39.0,7.6.2023,,Healthcare,https://www.beckersho...,Acquir...,$324,United States,24.6.2023
Better.com,New York City,,7.6.2023,,Real Estate,https://www.inman.co...,Unkno...,$905,United States,9.6.2023
HashiCorp,SF Bay Area,,7.6.2023,8%,Infrastru...,https://ir.hashicorp.co...,Post-I...,$349,United States,8.6.2023
Ursa Major,Denver,,7.6.2023,,Aerospace,https://techcrunch.com...,Series D,$233,United States,9.6.2023
Coherent,SF Bay Area,196.0,6.6.2023,,Manufac...,https://www.mercuryne...,Post-I...,,United States,8.6.2023
Edgio,Phoenix,134.0,6.6.2023,12%,Infrastru...,https://investors.edg.io...,Post-I...,$462,United States,9.6.2023
Reddit,SF Bay Area,90.0,6.6.2023,5%,Consumer,https://www.wsj.com/a...,Series F,"$1,300",United States,6.6.2023
Linktree,Melbourne,60.0,6.6.2023,27%,Consumer,https://www.startupdail...,Unkno...,$165,Australia,6.6.2023
Dragos,Baltimore,50.0,6.6.2023,9%,Security,https://www.dragos.co...,Series D,$364,United States,7.6.2023
Unity,SF Bay Area,50.0,6.6.2023,,Other,https://www.mercuryne...,Post-I...,"$1,300",United States,8.6.2023
Mara,NairobiN,6.0,6.6.2023,,Crypto,https://techcabal.com/...,Seed,$23,Kenya,8.6.2023
Bunnii,New York City,,6.6.2023,100%,Healthcare,https://www.axios.com...,Unkno...,,United States,7.6.2023
Spotify,Stockholm,200.0,5.6.2023,2%,Media,https://www.cnbc.com/...,Post-I...,"$2,100",Sweden,5.6.2023
Azibo,Reno,,5.6.2023,,Finance,https://www.linkedin.c...,Series A,$19,United States,6.6.2023
Flyhomes,Seattle,,5.6.2023,,Real Estate,https://www.geekwire.c...,Series C,$310,United States,5.6.2023
Meati Foods,Denver,,3.6.2023,5%,Food,https://agfundernews.c...,Series C,$274,United States,5.6.2023
ZoomInfo,Vancouver,120.0,2.6.2023,3%,Sales,https://www.bizjournal...,Post-I...,$7,Canada,3.6.2023
Staffbase,Chemnitz,90.0,2.6.2023,,Other,https://www.businessin...,Series E,$307,Germany,4.6.2023
Zume,SF Bay Area,,2.6.2023,100%,Food,https://www.bloomber...,Unkno...,$423,United States,4.6.2023
Haven Technologi...,New York City,280.0,1.6.2023,70%,Finance,https://coverager.com/...,Subsi...,,United States,2.6.2023
Mural,SF Bay Area,170.0,1.6.2023,,Product,Internal memo,Series C,$192,United States,6.6.2023
Glamyo Health,New Delhi,160.0,1.6.2023,,Healthcare,https://inc42.com/buzz...,Series B,$9,India,2.6.2023
Outbrain,New York City,90.0,1.6.2023,10%,Marketing,https://www.calcalistec...,Post-I...,$394,United States,2.6.2023
CloudTrucks,SF Bay Area,,1.6.2023,,Logistics,https://finance.yahoo.c...,Series B,$141,United States,2.6.2023
CoachHub,BerlinNo,,1.6.2023,10%,HR,https://www.businessin...,Series C,$332,Germany,4.6.2023
Fractal Software,New York City,,1.6.2023,,Other,https://www.businessin...,Unkno...,,United States,4.6.2023
SentinelOne,SF Bay Area,,1.6.2023,5%,Security,https://s28.q4cdn.com/...,Post-I...,$696,United States,2.6.2023
SmartAsset,New York City,,1.6.2023,19%,Finance,Internal memo,Series D,$161,United States,2.6.2023
Zendesk,SF Bay Area,320.0,31.5.2023,8%,Support,https://www.zendesk.c...,Acquir...,$85,United States,1.6.2023
ZipRecruiter,Los Angeles,270.0,31.5.2023,20%,Recruiting,https://www.sec.gov/ix...,Post-I...,$769,United States,31.5.2023
Vendr,Boston,100.0,31.5.2023,25%,Other,https://www.theinform...,Series B,$216,United States,1.6.2023
McMakler,BerlinNo,60.0,31.5.2023,,Real Estate,https://www.businessin...,Unkno...,$214,Germany,2.6.2023
Mux,SF Bay Area,40.0,31.5.2023,30%,Infrastru...,Internal memo,Series D,$173,United States,2.6.2023
Away,New York City,22.0,31.5.2023,8%,Retail,https://pitchbook.com/...,Series D,$181,United States,15.8.2023
Taxfix,BerlinNo,120.0,30.5.2023,20%,Finance,https://techcrunch.com...,Series D,$330,Germany,31.5.2023
Mensa Brands,Bengaluru,30.0,30.5.2023,,Retail,https://inc42.com/buzz...,Unkno...,$254,India,31.5.2023
Coupa,SF Bay Area,,30.5.2023,,Finance,https://www.pymnts.co...,Acquir...,$219,United States,1.6.2023
Nansen,Singapore,,30.5.2023,,Crypto,https://twitter.com/ASv...,Series B,$88,Singapore,31.5.2023
PacketFabric,Los Angeles,,30.5.2023,,Infrastru...,https://www.linkedin.c...,Unkno...,$109,United States,31.5.2023
Evolve,Denver,164.0,29.5.2023,14%,Travel,https://skift.com/blog/...,Series F,$224,United States,14.9.2023
Project44,Chicago,130.0,26.5.2023,10%,Logistics,https://www.freightwav...,Unkno...,$817,United States,27.5.2023
DHI Group,New York City,53.0,26.5.2023,10%,Recruiting,https://aimgroup.com/...,Post-I...,,United States,6.6.2023
BenevolentAI,London,180.0,25.5.2023,,Healthcare,https://endpts.com/be...,Privat...,$292,United Kin...,26.5.2023
Airmeet,Bengaluru,75.0,25.5.2023,30%,Marketing,https://inc42.com/buzz...,Series B,$50,India,26.5.2023
Circus Kitchens,Hamburg,35.0,25.5.2023,,Food,https://www.businessin...,Seed,$12,Germany,26.5.2023
Jellysmack,ParisNon,13.0,25.5.2023,,Media,https://www.businessin...,Series C,$22,France,20.1.2024
Kabam,SF Bay Area,,25.5.2023,12%,Consumer,https://www.pocketga...,Acquir...,$244,United States,26.5.2023
Guild,Denver,172.0,24.5.2023,12%,Education,https://www.bizjournal...,Series F,$643,United States,26.5.2023
WillowTree,Charlottesville,120.0,24.5.2023,11%,Marketing,https://www.nbc29.co...,Acquir...,,United States,24.5.2023
Flink,BerlinNo,100.0,24.5.2023,16%,Food,https://www.businessin...,Series B,"$1,000",Germany,24.5.2023
Western Digital,Kfar Saba,60.0,24.5.2023,7%,Hardware,https://www.calcalistec...,Post-I...,$900,Israel,2.6.2023
Alibaba Cloud,Hangzhou,,24.5.2023,7%,Data,https://www.cnbc.com/...,Subsi...,,China,24.5.2023
Brainly,KrakowN,,24.5.2023,30%,Education,https://www.linkedin.c...,Series D,$148,Poland,24.5.2023
Reliance JioMart,Mumbai,1000.0,23.5.2023,,Food,https://economictimes....,Subsi...,,India,23.5.2023
Qualcomm,HaifaNo,30.0,23.5.2023,,Hardware,https://www.calcalistec...,Post-I...,,Israel,2.6.2023
SoundCloud,BerlinNo,,23.5.2023,8%,Consumer,https://www.billboard.c...,Unkno...,$542,Germany,24.5.2023
Tractable,London,,23.5.2023,,Finance,https://www.businessin...,Series D,$119,United Kin...,25.5.2023
AppFolio,Santa Barbara,62.0,22.5.2023,,Real Estate,https://www.pacbiztim...,Post-I...,$30,United States,24.5.2023
Daylight,Los Angeles,,22.5.2023,100%,Finance,https://techcrunch.com...,Series A,$20,United States,26.10.2023
FemTech Health,Houston,,22.5.2023,100%,Healthcare,https://www.axios.com...,Unkno...,,United States,23.5.2023
Paperless Parts,Boston,,22.5.2023,,Manufac...,https://www.bizjournal...,Series B,$30,United States,24.5.2023
Nuance Commun...,Boston,,20.5.2023,,Healthcare,https://www.bostonglo...,Acquir...,,United States,23.5.2023
Moss,BerlinNo,30.0,19.5.2023,,Finance,https://financefwd.com...,Series B,$150,Germany,24.5.2023
Pie Insurance,Washington D,63.0,18.5.2023,14%,Finance,https://media.pieinsura...,Series D,$621,United States,18.5.2023
Clearbit,SF Bay Area,,18.5.2023,,Sales,https://clearbit.com/bl...,Series A,$17,United States,18.5.2023
dbt Labs,Philadelphia,,18.5.2023,15%,Data,https://www.getdbt.co...,Series D,$414,United States,18.5.2023
L1ght,Tel AvivN,,18.5.2023,100%,Other,https://www.calcalistec...,Seed,$15,Israel,20.5.2023
Nextbite,Denver,,18.5.2023,,Food,https://www.restaurant...,Series C,$150,United States,21.5.2023
TuSimple,San Diego,,18.5.2023,30%,Transpor...,https://techcrunch.com...,Post-I...,$648,United States,18.5.2023
Stash,New York City,40.0,17.5.2023,10%,Finance,https://www.axios.com...,Unkno...,$480,United States,20.5.2023
Formstack,Indianapolis,,17.5.2023,40%,Other,https://www.linkedin.c...,Privat...,$425,United States,17.5.2023
Cerner,Kansas City,3000.0,16.5.2023,11%,Healthcare,https://www.businessin...,Acquir...,,United States,17.5.2023
Zepz,London,420.0,16.5.2023,26%,Finance,https://www.cnbc.com/...,Series E,$700,United Kin...,17.5.2023
Lemonade,New York City,45.0,16.5.2023,3%,Finance,https://www.calcalistec...,Post-I...,$481,United States,16.5.2023
DroneUp,Norfolk,,16.5.2023,,Logistics,https://www.cnbc.com/...,Unkno...,$7,United States,17.5.2023
Quanto,Sao Paulo,,16.5.2023,85%,Finance,https://www.linkedin.c...,Series A,$20,Brazil,18.5.2023
Cana,SF Bay Area,,13.5.2023,100%,Food,https://thespoon.tech/...,Unkno...,$30,United States,14.5.2023
Nuro,SF Bay Area,340.0,12.5.2023,30%,Transpor...,https://techcrunch.com...,Series D,"$2,100",United States,11.5.2023
Telenav,Cluj-Napoca,172.0,12.5.2023,,Transpor...,https://www.romania-i...,Post-I...,$30,Romania,12.5.2023
Happay,Bengaluru,160.0,12.5.2023,35%,Finance,https://inc42.com/buzz...,Acquir...,$21,India,15.5.2023
Slickdeals,Las Vegas,79.0,12.5.2023,33%,Retail,Company exec,Unkno...,,United States,15.5.2023
Toothsi,Mumbai,20.0,12.5.2023,,Healthcare,https://www.moneycon...,Series C,$87,India,14.5.2023
Everlaw,SF Bay Area,,12.5.2023,10%,Legal,https://www.law360.co...,Series D,$298,United States,13.5.2023
Tessera,New York City,,12.5.2023,100%,Crypto,https://www.coindesk.c...,Series A,$43,United States,15.5.2023
Cornershop,Santiago,250.0,11.5.2023,11%,Food,https://www.bloomber...,Acquir...,$31,Chile,12.5.2023
Varo,SF Bay Area,97.0,11.5.2023,,Finance,https://www.varomone...,Series E,$992,United States,17.5.2023
CS Disco,Austin,,11.5.2023,8%,Legal,https://www.law360.co...,Post-I...,$233,United States,12.5.2023
Microsoft,Seattle,158.0,10.5.2023,,Other,https://www.geekwire.c...,Post-I...,$1,United States,11.5.2023
Redbubble,Melbourne,70.0,10.5.2023,23%,Retail,https://www.afr.com/te...,Post-I...,$55,Australia,10.5.2023
Similarweb,New York City,60.0,10.5.2023,6%,Other,https://www.calcalistec...,Post-I...,$235,United States,11.5.2023
Stack Overflow,New York City,58.0,10.5.2023,10%,Recruiting,https://stackoverflow.bl...,Acquir...,$153,United States,11.5.2023
Akamai,Boston,290.0,9.5.2023,3%,Security,https://www.bizjournal...,Post-I...,$35,United States,10.5.2023
Sonatype,Baltimore,100.0,9.5.2023,14%,Security,https://www.theregiste...,Acquir...,$154,United States,11.5.2023
AudioCodes,Tel AvivN,80.0,9.5.2023,6%,Other,https://www.calcalistec...,Post-I...,$91,Israel,9.5.2023
Buzzer,New York City,,9.5.2023,,Media,https://sports.yahoo.co...,Unkno...,$32,United States,10.5.2023
Marqeta,SF Bay Area,,9.5.2023,15%,Finance,https://www.fool.com/...,Post-I...,$530,United States,10.5.2023
LinkedIn,SF Bay Area,716.0,8.5.2023,4%,Recruiting,https://www.reuters.co...,Acquir...,$154,United States,9.5.2023
Cuemath,Bengaluru,100.0,8.5.2023,,Education,https://entrackr.com/2...,Unkno...,$121,India,8.5.2023
Momentis Surgical,Tel AvivN,70.0,8.5.2023,60%,Healthcare,https://www.calcalistec...,Series D,,Israel,13.5.2023
Glean AI,New York City,5.0,8.5.2023,,Finance,Company exec,Seed,$11,United States,17.5.2023
Everledger,Brisbane,,8.5.2023,100%,Crypto,https://www.afr.com/te...,Unkno...,$27,Australia,15.5.2023
Twist Bioscience,SF Bay Area,270.0,5.5.2023,25%,Healthcare,https://www.biospace.c...,Post-I...,$503,United States,5.5.2023
Meesho,Bengaluru,251.0,5.5.2023,15%,Retail,https://www.moneycon...,Series F,"$1,100",India,5.5.2023
Teachmint,Bengaluru,70.0,5.5.2023,,Education,https://inc42.com/buzz...,Series B,$118,India,5.5.2023
Eventus,Austin,,5.5.2023,33%,Finance,https://www.thetraden...,Series B,$45,United States,8.5.2023
Shopify,OttawaN,2300.0,4.5.2023,20%,Retail,https://www.cbc.ca/ne...,Post-I...,$122,Canada,4.5.2023
Sabre,Dallas,1100.0,4.5.2023,15%,Travel,https://skift.com/2023/...,Post-I...,"$1,700",United States,5.5.2023
Scribe Media,Austin,90.0,4.5.2023,100%,Marketing,https://www.bizjournal...,Unkno...,,United States,31.5.2023
Autograph,Los Angeles,30.0,4.5.2023,33%,Crypto,https://www.businessin...,Series B,$205,United States,5.5.2023
Earnix,Tel AvivN,30.0,4.5.2023,10%,Finance,https://www.calcalistec...,Unkno...,$100,Israel,4.5.2023
Karma,Tel AvivN,20.0,4.5.2023,28%,Retail,https://www.calcalistec...,Series A,$34,Israel,6.5.2023
Glassbox,London,,4.5.2023,14%,Data,https://www.calcalistec...,Series C,$70,United Kin...,6.5.2023
Unity,SF Bay Area,600.0,3.5.2023,8%,Other,https://www.wsj.com/a...,Post-I...,"$1,300",United States,3.5.2023
Upwork,SF Bay Area,137.0,3.5.2023,15%,Other,https://www.upwork.co...,Post-I...,$168,United States,4.5.2023
Cars24,JakartaN,100.0,3.5.2023,,Transpor...,https://inc42.com/buzz...,Series G,"$1,300",Indonesia,7.5.2023
Brightcove,Boston,70.0,3.5.2023,10%,Marketing,https://www.bizjournal...,Post-I...,$145,United States,4.5.2023
Healthy.io,Tel AvivN,70.0,3.5.2023,33%,Healthcare,https://www.calcalistec...,Series D,$185,Israel,4.5.2023
Zymergen,SF Bay Area,27.0,3.5.2023,,Other,https://www.biospace.c...,Acquir...,$974,United States,5.5.2023
TheSkimm,New York City,22.0,3.5.2023,13%,Media,https://www.businessin...,Series C,$28,United States,8.5.2023
Brightline,SF Bay Area,,3.5.2023,20%,Healthcare,https://www.beckersho...,Series C,$212,United States,4.5.2023
Bishop Fox,Phoenix,50.0,2.5.2023,13%,Security,https://techcrunch.com...,Series B,$146,United States,4.5.2023
Zoomo,SydneyN,27.0,2.5.2023,8%,Transpor...,https://www.businessn...,Series B,$105,Australia,2.5.2023
Vallai,ParisNon,,2.5.2023,100%,Data,https://www.linkedin.c...,Seed,,France,4.5.2023
SAS,Raleigh,250.0,1.5.2023,,Data,https://wraltechwire.co...,Unkno...,,United States,5.7.2023
Lev,New York City,34.0,1.5.2023,,Real Estate,https://therealdeal.com...,Series B,$114,United States,2.5.2023
PharmEasy,Mumbai,,1.5.2023,,Healthcare,https://www.dealstreet...,Unkno...,"$1,600",India,2.5.2023
Vah Vah!,Bengaluru,150.0,30.4.2023,,Education,https://inc42.com/feat...,Seed,$2,India,19.7.2023
Cogito,New Delhi,177.0,29.4.2023,,Data,https://inc42.com/buzz...,Unkno...,,India,1.5.2023
Cue Health,San Diego,326.0,28.4.2023,30%,Healthcare,https://www.sec.gov/Ar...,Post-I...,$899,United States,2.5.2023
N26,BerlinNo,71.0,28.4.2023,4%,Finance,https://www.businessin...,Series E,"$1,700",Germany,28.4.2023
Embark Vet,Boston,28.0,28.4.2023,,Healthcare,https://docs.google.co...,Series B,$94,United States,10.5.2023
Poparazzi,Los Angeles,,28.4.2023,100%,Consumer,https://techcrunch.com...,Series A,$15,United States,3.5.2023
Providoor,Melbourne,,28.4.2023,100%,Food,https://www.afr.com/te...,Unkno...,,Australia,29.4.2023
Dropbox,SF Bay Area,500.0,27.4.2023,16%,Other,https://blog.dropbox.c...,Post-I...,"$1,700",United States,27.4.2023
Alteryx,Los Angeles,320.0,27.4.2023,11%,Data,https://siliconangle.co...,Post-I...,$613,United States,28.4.2023
Vroom,New York City,120.0,27.4.2023,11%,Transpor...,https://www.hrkatha.co...,Post-I...,"$1,300",United States,28.4.2023
Greenhouse,New York City,100.0,27.4.2023,12%,Recruiting,https://www.greenhous...,Privat...,$110,United States,27.4.2023
Rebellion Defense,Washington D,90.0,27.4.2023,,Data,https://blog.rebelliond...,Series B,$150,United States,29.4.2023
Poppulo,Denver,85.0,27.4.2023,,HR,https://www.rte.ie/new...,Acquir...,$30,United States,29.4.2023
Megaport,Brisbane,50.0,27.4.2023,16%,Infrastru...,https://cdn-api.markitd...,Post-I...,$98,Australia,29.4.2023
Airtasker,SydneyN,45.0,27.4.2023,20%,Retail,https://www.businessn...,Series C,$26,Australia,28.4.2023
Chief,New York City,43.0,27.4.2023,14%,Other,https://techcrunch.com...,Series B,$140,United States,27.4.2023
Tickertape,Bengaluru,29.0,27.4.2023,29%,Finance,https://entrackr.com/2...,Seed,$5,India,28.4.2023
Clubhouse,SF Bay Area,,27.4.2023,50%,Consumer,https://blog.clubhouse....,Series C,$110,United States,27.4.2023
Oddle,Singapore,,27.4.2023,25%,Food,https://www.techinasia....,Series B,$9,Singapore,29.4.2023
Rad Power Bikes,Seattle,,27.4.2023,,Transpor...,https://www.bicyclereta...,Series D,$329,United States,1.8.2024
Extramarks,NoidaNo,300.0,26.4.2023,,Education,https://inc42.com/buzz...,Unkno...,,India,27.4.2023
Teampay,New York City,30.0,26.4.2023,33%,Finance,https://www.axios.com...,Series B,$79,United States,28.4.2023
RenoRun,Montreal,,26.4.2023,100%,Construc...,https://betakit.com/ren...,Series B,$163,Canada,2.5.2023
Skill Lync,Chennai,400.0,25.4.2023,,Education,https://inc42.com/buzz...,Series A,$17,India,25.4.2023
Rapid,SF Bay Area,115.0,25.4.2023,50%,Finance,https://techcrunch.com...,Series D,$272,United States,25.4.2023
Rapid,SF Bay Area,70.0,25.4.2023,30%,Finance,https://techcrunch.com...,Series D,$272,United States,5.5.2023
Flink,BerlinNo,8000.0,24.4.2023,40%,Food,https://www.manager-...,Series B,"$1,000",Germany,25.4.2023
Red Hat,Raleigh,760.0,24.4.2023,4%,Other,https://abc11.com/jobs...,Acquir...,,United States,24.4.2023
BigPanda,SF Bay Area,40.0,24.4.2023,13%,Infrastru...,https://www.calcalistec...,Series E,$337,United States,25.4.2023
Lyft,SF Bay Area,1072.0,21.4.2023,26%,Transpor...,https://www.cnbc.com/...,Post-I...,"$4,900",United States,21.4.2023
Benchling,SF Bay Area,74.0,21.4.2023,9%,Other,https://www.reuters.co...,Series F,$411,United States,22.4.2023
Pluralsight,Salt Lake City,,21.4.2023,,Education,https://www.sltrib.com/...,Acquir...,$192,United States,24.4.2023
BuzzFeed,New York City,180.0,20.4.2023,15%,Media,https://variety.com/202...,Post-I...,$696,United States,20.4.2023
Koo,Bengaluru,78.0,20.4.2023,30%,Consumer,https://economictimes....,Series B,$50,India,20.4.2023
Open,Bengaluru,47.0,20.4.2023,,Finance,https://entrackr.com/2...,Series D,$190,India,20.4.2023
Gloat,New York City,35.0,20.4.2023,12%,HR,https://www.calcalistec...,Series D,$192,United States,21.4.2023
Insider,New York City,,20.4.2023,10%,Media,https://www.thedailybe...,Unkno...,,United States,20.4.2023
Iress,Melbourne,,20.4.2023,10%,Finance,https://www.moneyma...,Unkno...,,Australia,24.9.2023
Lenovo,Raleigh,,20.4.2023,,Hardware,https://www.channelwe...,Post-I...,$850,United States,20.4.2023
F5,Seattle,623.0,19.4.2023,9%,Security,https://www.reuters.co...,Post-I...,,United States,20.4.2023
WalkMe,SF Bay Area,112.0,19.4.2023,10%,Other,https://www.calcalistec...,Post-I...,$307,United States,19.4.2023
Opendoor,SF Bay Area,560.0,18.4.2023,22%,Real Estate,https://www.inman.co...,Post-I...,"$1,900",United States,18.4.2023
Noon,RiyadhN,340.0,18.4.2023,10%,Retail,https://www.bloomber...,Unkno...,,Saudi Arabia,19.4.2023
Culture Amp,Melbourne,90.0,18.4.2023,9%,HR,https://www.startupdail...,Series F,$257,Australia,19.4.2023
TRM Labs,SF Bay Area,16.0,18.4.2023,9%,Crypto,https://blockworks.co/...,Series B,$149,United States,5.5.2023
CoLab,SydneyN,,18.4.2023,100%,Food,https://7news.com.au/li...,Seed,$3,Australia,20.4.2023
Ten Square Games,Wrocław,120.0,17.4.2023,25%,Consumer,https://economictimes....,Seed,,Poland,18.4.2023
Clearcover,Chicago,81.0,17.4.2023,15%,Finance,https://coverager.com/...,Series D,$304,United States,26.4.2023
Paper,Montreal,81.0,17.4.2023,3%,Education,https://paper.co/inside...,Series D,$389,Canada,17.5.2023
Ynsect,ParisNon,17.0,17.4.2023,25%,Food,https://pitchbook.com/...,Series D,$579,France,18.4.2023
FamPay,Bengaluru,,17.4.2023,,Finance,https://entrackr.com/2...,Series A,$42,India,17.4.2023
Kumu,ManilaN,,17.4.2023,,Media,https://www.techinasia....,Series C,$94,Philippines,18.4.2023
Utopia Music,ZugNon-,,17.4.2023,15%,Other,https://www.billboard.c...,Series B,,Switzerland,23.7.2023
Quadream,Tel AvivN,,16.4.2023,100%,Security,https://www.calcalistec...,Unkno...,,Israel,17.4.2023
Drip Capital,SF Bay Area,75.0,14.4.2023,20%,Finance,https://inc42.com/buzz...,Series C,$85,United States,15.4.2023
Community Gami...,New York City,17.0,14.4.2023,17%,Crypto,https://decrypt.co/136...,Series A,$18,United States,17.4.2023
Calibrate,New York City,,14.4.2023,18%,Healthcare,https://news.bloomber...,Series B,$127,United States,15.4.2023
OpenClassrooms,ParisNon,,14.4.2023,25%,Education,https://www.usine-digi...,Series C,$150,France,8.2.2024
Sayurbox,JakartaN,,14.4.2023,,Food,https://www.cnbcindon...,Series C,$139,Indonesia,26.5.2023
Snyk,Boston,128.0,13.4.2023,,Security,https://snyk.io/blog/sn...,Series F,$849,United States,14.4.2023
Astronomer,Cincinnati,100.0,13.4.2023,40%,Data,Internal memo,Series C,$282,United States,15.4.2023
Bluepad,Bengaluru,,13.4.2023,100%,Media,https://inc42.com/buzz...,Seed,,India,14.4.2023
Heygo,London,,13.4.2023,100%,Travel,https://skift.com/2023/...,Series A,$20,United Kin...,14.4.2023
Lazerpay,LagosNo,,13.4.2023,100%,Crypto,https://techpoint.africa...,Unkno...,,Nigeria,14.4.2023
Mediafly,Chicago,,13.4.2023,,Sales,https://www.linkedin.c...,Privat...,$59,United States,14.4.2023
Viasat,San Diego,300.0,12.4.2023,4%,Other,https://www.sandiegou...,Post-I...,$366,United States,25.4.2023
Science 37,Los Angeles,140.0,12.4.2023,,Healthcare,https://www.bizjournal...,Post-I...,$347,United States,5.5.2023
Medtronic,SF Bay Area,59.0,12.4.2023,,Healthcare,https://www.massdevic...,Post-I...,"$5,900",United States,14.4.2023
Milkrun,SydneyN,400.0,11.4.2023,100%,Food,https://www.forbes.co...,Series A,$86,Australia,11.4.2023
Redfin,Seattle,201.0,11.4.2023,4%,Real Estate,https://www.geekwire.c...,Post-I...,$320,United States,14.4.2023
Permutive,London,80.0,11.4.2023,40%,Marketing,https://www.businessin...,Series C,$105,United Kin...,14.4.2023
Examedi,Santiago,45.0,11.4.2023,25%,Healthcare,https://contxto.com/en...,Unkno...,$19,Chile,17.4.2023
Acxiom,Little Rock,,11.4.2023,,Marketing,https://www.thecabin.n...,Post-I...,,United States,13.4.2023
Euler Motors,New Delhi,,11.4.2023,10%,Transpor...,https://entrackr.com/2...,Series C,$92,India,11.4.2023
Reforge,SF Bay Area,,11.4.2023,,Education,https://www.linkedin.c...,Series B,$81,United States,13.4.2023
Flock Freight,San Diego,45.0,10.4.2023,8%,Logistics,https://www.freightwav...,Series D,$399,United States,18.5.2023
Nori,Seattle,10.0,10.4.2023,37%,Energy,https://www.geekwire.c...,Unkno...,$13,United States,1.6.2023
Simpl,Bengaluru,150.0,9.4.2023,25%,Finance,https://entrackr.com/2...,Series B,$71,India,19.4.2023
Practo,Bengaluru,41.0,8.4.2023,,Healthcare,https://inc42.com/buzz...,Series D,$222,India,9.4.2023
Pear Therapeutics,Boston,170.0,7.4.2023,92%,Healthcare,https://www.statnews.c...,Post-I...,$409,United States,8.4.2023
Workit Health,Ann Arbor,100.0,7.4.2023,,Healthcare,https://bhbusiness.com...,Series C,$138,United States,9.4.2023
ZestMoney,Bengaluru,100.0,7.4.2023,20%,Finance,https://www.moneycon...,Series C,$120,India,1.4.2023
Absolute Software,Vancouver,40.0,6.4.2023,5%,Security,https://www.absolute.c...,Post-I...,,Canada,7.4.2023
Avocargo,BerlinNo,16.0,6.4.2023,100%,Transpor...,https://www.businessin...,Seed,,Germany,8.4.2023
Dunzo,Bengaluru,300.0,5.4.2023,30%,Food,https://economictimes....,Unkno...,$382,India,6.4.2023
Amplitude,SF Bay Area,99.0,5.4.2023,13%,Data,https://amplitude.com/...,Post-I...,$311,United States,5.4.2023
Talent.com,Montreal,86.0,5.4.2023,18%,Recruiting,https://aimgroup.com/...,Series B,$150,Canada,7.9.2023
1K Kirana,Gurugram,600.0,4.4.2023,40%,Retail,https://www.moneycon...,Series B,,India,4.4.2023
Foundation Medi...,Boston,135.0,4.4.2023,,Healthcare,https://www.foundatio...,Acquir...,$96,United States,9.4.2023
Finder,SydneyN,40.0,4.4.2023,,Retail,https://www.smh.com.a...,Unkno...,$30,Australia,11.4.2023
Boost,New York City,15.0,4.4.2023,20%,Finance,https://boostinsurance....,Series B,$37,United States,5.4.2023
Cin7,Auckland,,4.4.2023,,Retail,https://www.nzherald.c...,Privat...,,New Zealand,5.4.2023
Hyland Software,Cleveland,1000.0,3.4.2023,20%,Other,https://www.cleveland....,Acquir...,,United States,4.4.2023
View,SF Bay Area,170.0,3.4.2023,23%,Other,https://therealdeal.com...,Post-I...,"$2,300",United States,5.4.2023
Guideline,SF Bay Area,48.0,3.4.2023,11%,Finance,https://layoffstracker.c...,Series E,$339,United States,14.4.2023
Textio,Seattle,15.0,3.4.2023,12%,Recruiting,https://www.geekwire.c...,Unkno...,$42,United States,4.4.2023
Apple,SF Bay Area,,3.4.2023,,Retail,https://www.bloomber...,Post-I...,"$6,200",United States,5.4.2023
Checkout.com,London,,3.4.2023,,Finance,https://sifted.eu/article...,Series D,"$1,800",United Kin...,24.5.2023
Domestika,MadridN,89.0,31.3.2023,45%,Education,https://www.lavanguar...,Series D,$130,Spain,1.4.2023
Airbyte,SF Bay Area,,31.3.2023,,Data,Internal memo,Series B,$181,United States,13.4.2023
Hulu,BeijingN,200.0,30.3.2023,,Media,https://en.pingwest.co...,Acquir...,$683,China,31.3.2023
Roku,SF Bay Area,200.0,30.3.2023,6%,Media,https://www.reuters.co...,Post-I...,$208,United States,31.3.2023
LendingTree,Charlotte,150.0,30.3.2023,13%,Finance,https://www.wsoctv.co...,Post-I...,,United States,1.4.2023
FanClash,Gurugram,100.0,30.3.2023,75%,Consumer,https://inc42.com/buzz...,Series B,$50,India,31.3.2023
Loop,Austin,19.0,30.3.2023,25%,Finance,https://coverager.com/...,Series A,$24,United States,3.4.2023
Crossbeam,Philadelphia,17.0,30.3.2023,15%,Sales,https://technical.ly/star...,Series C,$116,United States,1.6.2023
Spotify,Stockholm,15.0,30.3.2023,,Media,https://www.bloomber...,Post-I...,"$2,100",Sweden,1.4.2023
AnswerLab,SF Bay Area,,30.3.2023,17%,Marketing,https://www.linkedin.c...,Unkno...,,United States,31.3.2023
Endowus,Singapore,,30.3.2023,,Finance,https://www.techinasia....,Unkno...,$44,Singapore,7.8.2023
GoodWorker,Singapore,,30.3.2023,90%,Recruiting,https://www.dealstreet...,Acquir...,,Singapore,2.5.2023
Kyndryl,New York City,,30.3.2023,,Infrastru...,https://www.channelfut...,Post-I...,,United States,1.4.2023
Nowports,Monterrey,,30.3.2023,15%,Logistics,https://www.montevide...,Series C,,Mexico,10.5.2023
Unacademy,Bengaluru,,30.3.2023,12%,Education,https://inc42.com/buzz...,Series H,$838,India,30.3.2023
CoverMyMeds,Columbus,800.0,29.3.2023,,Healthcare,https://www.dispatch.c...,Acquir...,$5,United States,30.3.2023
Electronic Arts,SF Bay Area,780.0,29.3.2023,6%,Consumer,https://www.wsj.com/a...,Post-I...,$2,United States,29.3.2023
Seagate,SF Bay Area,480.0,29.3.2023,,Hardware,https://in.investing.co...,Post-I...,,United States,1.4.2023
Drizly,Boston,100.0,29.3.2023,,Retail,https://www.brewboun...,Acquir...,$119,United States,31.3.2023
iCAD,Nashua,23.0,29.3.2023,28%,Healthcare,https://www.medtechdi...,Post-I...,$59,United States,8.4.2023
Anyline,ViennaN,,29.3.2023,25%,Other,https://brutkasten.com...,Series B,$37,Austria,31.3.2023
OnePipe,LagosNo,,29.3.2023,,Finance,https://disrupt-africa.c...,Seed,$9,Nigeria,31.3.2023
Shift,SF Bay Area,,29.3.2023,30%,Transpor...,https://techcrunch.com...,Post-I...,$504,United States,30.3.2023
Lucid Motors,SF Bay Area,1300.0,28.3.2023,18%,Transpor...,https://techcrunch.com...,Post-I...,"$8,300",United States,29.3.2023
Blue Nile,Seattle,119.0,28.3.2023,,Retail,https://www.retaildive.c...,Acquir...,$62,United States,29.3.2023
AEye,SF Bay Area,46.0,28.3.2023,33%,Transpor...,https://investors.aeye.a...,Post-I...,$314,United States,30.3.2023
Rackspace,San Antonio,275.0,27.3.2023,,Data,https://www.bizjournal...,Acquir...,$17,United States,28.3.2023
Better Therapeutics,SF Bay Area,,27.3.2023,35%,Healthcare,https://www.mobihealt...,Post-I...,$143,United States,1.4.2023
Aspiration,Los Angeles,170.0,24.3.2023,,Finance,https://ccwd.hecc.oreg...,Unkno...,$250,United States,29.3.2023
The Meet Group,New Hope,,24.3.2023,,Consumer,https://technical.ly/star...,Acquir...,,United States,30.3.2023
Cimpress,ParisNon,500.0,23.3.2023,,Retail,https://www.marketwat...,Post-I...,$300,France,11.4.2023
Veeam,Columbus,200.0,23.3.2023,,Data,https://blocksandfiles.c...,Acquir...,$500,United States,24.3.2023
Glovo,Barcelona,140.0,23.3.2023,,Food,https://www.eldiario.es...,Acquir...,"$1,200",Spain,5.2.2024
TakeOff,KyivNon-,50.0,23.3.2023,,Retail,https://dou.ua/lenta/ne...,Unkno...,$146,Ukraine,26.3.2023
Slite,ParisNon,10.0,23.3.2023,25%,Other,https://www.linkedin.c...,Series A,$15,France,24.3.2023
Indeed,Austin,2200.0,22.3.2023,15%,HR,https://www.indeed.co...,Acquir...,$5,United States,22.3.2023
Logitech,GenevaN,300.0,22.3.2023,,Hardware,https://www.bloomber...,Post-I...,,Switzerland,23.3.2023
Glassdoor,SF Bay Area,140.0,22.3.2023,15%,HR,https://www.glassdoor....,Acquir...,$204,United States,22.3.2023
Wejo,Chester,40.0,22.3.2023,16%,Transpor...,https://wejo.gcs-web.c...,Post-I...,$376,United Kin...,24.3.2023
Copper,London,,22.3.2023,15%,Crypto,https://www.coindesk.c...,Series C,$281,United Kin...,5.7.2023
Rewind,OttawaN,,22.3.2023,,Data,https://rewind.com/blo...,Series B,$80,Canada,23.3.2023
Roofstock,SF Bay Area,,22.3.2023,27%,Real Estate,https://techcrunch.com...,Series E,$365,United States,23.3.2023
Just Eat,London,1700.0,21.3.2023,,Food,https://www.yahoo.co...,Acquir...,,United Kin...,22.3.2023
Marvell,SF Bay Area,320.0,21.3.2023,4%,Hardware,https://www.bloomber...,Post-I...,,United States,22.3.2023
Workhuman,DublinN,130.0,21.3.2023,10%,HR,https://www.independe...,Unkno...,$131,Ireland,22.3.2023
FreshBooks,Toronto,80.0,21.3.2023,10%,Finance,https://betakit.com/fre...,Unkno...,$331,Canada,22.3.2023
Xing,Hamburg,68.0,21.3.2023,,HR,https://www.mopo.de/...,Series A,,Germany,22.3.2023
Mr Yum,Melbourne,40.0,21.3.2023,,Food,https://www.linkedin.c...,Series A,$101,Australia,22.3.2023
Smallcase,Bengaluru,15.0,21.3.2023,4%,Finance,https://www.businessto...,Series C,$62,India,21.3.2023
Expedia,Seattle,,21.3.2023,,Travel,https://www.geekwire.c...,Post-I...,"$3,300",United States,23.3.2023
GAMURS Group,SydneyN,,21.3.2023,,Consumer,https://esportsinsider.c...,Series A,$17,Australia,23.3.2023
Grin,Sacramento,,21.3.2023,,Marketing,https://www.businessin...,Series B,$145,United States,24.3.2023
Laybuy,Auckland,,21.3.2023,10%,Finance,https://www.nbr.co.nz/i...,Post-I...,$130,New Zealand,22.3.2023
Amazon,Seattle,9000.0,20.3.2023,,Retail,https://www.cnbc.com/...,Post-I...,$108,United States,20.3.2023
Huuuge Games,Warsaw,,20.3.2023,10%,Consumer,https://biznes.pap.pl/es...,Series C,$57,Poland,21.3.2023
Livspace,Bengaluru,100.0,17.3.2023,2%,Retail,https://inc42.com/buzz...,Series F,$431,India,20.3.2023
Symend,CalgaryN,50.0,17.3.2023,25%,Other,https://betakit.com/sy...,Series C,$148,Canada,23.3.2023
Candor Technology,Atlanta,,17.3.2023,,Real Estate,https://www.housingwi...,Unkno...,$23,United States,18.3.2023
Freshworks,SF Bay Area,114.0,16.3.2023,2%,Support,https://www.moneycon...,Post-I...,$484,United States,16.3.2023
Coherent,SF Bay Area,108.0,16.3.2023,,Manufac...,https://www.siliconvall...,Post-I...,,United States,17.3.2023
Runtastic,LinzNon-,70.0,16.3.2023,28%,Fitness,https://www.nachrichte...,Acquir...,,Austria,16.3.2023
Course Hero,SF Bay Area,42.0,16.3.2023,15%,Education,https://techcrunch.com...,Series C,$477,United States,16.3.2023
Leafly,Seattle,40.0,16.3.2023,21%,Retail,https://www.geekwire.c...,Post-I...,$71,United States,17.3.2023
Bonusly,Boulder,,16.3.2023,,HR,https://www.bizjournal...,Series B,$31,United States,18.3.2023
Klaviyo,Boston,140.0,15.3.2023,,Marketing,https://techcrunch.com...,Unkno...,$778,United States,16.3.2023
Dukaan,Bengaluru,56.0,15.3.2023,30%,Retail,https://inc42.com/buzz...,Series A,$17,India,16.3.2023
Boxed,New York City,32.0,15.3.2023,25%,Retail,https://www.crainsnew...,Post-I...,$365,United States,17.3.2023
Nubank,Sao Paulo,30.0,15.3.2023,,Finance,https://brazilian.report/...,Post-I...,"$4,100",Brazil,8.6.2023
TradeWindow,Auckland,25.0,15.3.2023,30%,Finance,https://www.nbr.co.nz/i...,Series B,$24,New Zealand,15.3.2023
Hometap,Boston,,15.3.2023,,Real Estate,https://www.bizjournal...,Unkno...,$172,United States,18.3.2023
Meta,SF Bay Area,10000.0,14.3.2023,,Consumer,https://about.fb.com/n...,Post-I...,"$26,000",United States,14.3.2023
Fetch,Madison,100.0,14.3.2023,10%,Retail,https://www.theinform...,Series E,$581,United States,14.3.2023
Anchorage Digital,SF Bay Area,75.0,14.3.2023,20%,Crypto,https://www.theinform...,Series D,$487,United States,15.3.2023
Avidbots,Kitchener,50.0,14.3.2023,14%,Hardware,https://www.therecord....,Series C,$106,Canada,17.3.2023
Samsung,SF Bay Area,30.0,14.3.2023,,Hardware,https://www.zeebiz.co...,Post-I...,,United States,15.3.2023
Kaleidoscope,Minneapolis,15.0,14.3.2023,30%,Finance,https://www.bizjournal...,Series A,$16,United States,17.3.2023
GoTo Group,JakartaN,600.0,10.3.2023,,Transpor...,https://www.reuters.co...,Post-I...,"$1,300",Indonesia,10.3.2023
Cookpad,TokyoNo,80.0,10.3.2023,,Consumer,https://www.nikkei.com...,Unkno...,,Japan,15.3.2023
Xero,Wellington,800.0,9.3.2023,15%,Finance,https://www.stuff.co.nz...,Post-I...,$681,New Zealand,9.3.2023
Shopee,JakartaN,200.0,9.3.2023,,Food,https://www.techinasia....,Unkno...,,Indonesia,10.3.2023
Gopuff,Philadelphia,100.0,9.3.2023,2%,Food,https://www.bloomber...,Series H,"$3,400",United States,10.3.2023
Wave Financial,Toronto,50.0,9.3.2023,,Finance,https://thelogic.co/brie...,Acquir...,$79,Canada,10.3.2023
Morning Brew,New York City,40.0,9.3.2023,,Media,https://www.axios.com...,Acquir...,,United States,9.3.2023
Bonusly,Boulder,,9.3.2023,,HR,https://www.linkedin.c...,Series B,$31,United States,10.3.2023
Neoleukin Therap...,Seattle,,9.3.2023,70%,Healthcare,https://www.geekwire.c...,Post-I...,$157,United States,13.3.2023
Toucan,Los Angeles,,9.3.2023,100%,Education,https://www.linkedin.c...,Series A,,United States,10.3.2023
Wattpad,Toronto,42.0,8.3.2023,15%,Media,https://betakit.com/wa...,Acquir...,$117,Canada,9.3.2023
Appcues,Boston,,8.3.2023,15%,Data,https://www.bizjournal...,Series B,$52,United States,11.3.2023
Pristyn Care,Gurugram,300.0,7.3.2023,15%,Healthcare,https://yourstory.com/...,Series E,$177,India,7.3.2023
Zwift,Los Angeles,80.0,7.3.2023,15%,Fitness,https://www.dcrainmak...,Series C,$619,United States,8.3.2023
Catch,New York City,,7.3.2023,100%,Finance,https://catch.co/thank-...,Series A,$18,United States,7.3.2023
RDX Works,London,,7.3.2023,25%,Crypto,https://telegra.ph/RDX-...,Unkno...,$6,United Kin...,23.3.2023
Take-Two Interact...,New York City,,7.3.2023,,Consumer,https://www.gamespot....,Post-I...,"$2,700",United States,8.3.2023
Zulily,Seattle,,7.3.2023,,Retail,https://www.geekwire.c...,Acquir...,$194,United States,10.3.2023
Atlassian,SydneyN,500.0,6.3.2023,5%,Other,https://www.cnbc.com/...,Post-I...,$210,Australia,7.3.2023
SiriusXM,New York City,475.0,6.3.2023,8%,Media,https://variety.com/202...,Post-I...,$525,United States,7.3.2023
Alerzo,IbadanN,400.0,6.3.2023,,Retail,https://techcabal.com/...,Series B,$16,Nigeria,7.3.2023
UKG,Miami,265.0,6.3.2023,,HR,https://www.bizjournal...,Unkno...,,United States,8.3.2023
UpGrad,Mumbai,120.0,6.3.2023,,Education,https://www.financialex...,Unkno...,$631,India,7.3.2023
HomeLane,Bengaluru,30.0,6.3.2023,,Retail,https://www.thehindub...,Series E,$116,India,8.4.2023
Ankorstore,ParisNon,,6.3.2023,,Retail,https://www.businessin...,Series C,$365,France,8.3.2023
No Fluff Jobs,GydniaN,13.0,4.3.2023,,HR,https://www.wirtualne...,Acquir...,,Poland,3.4.2023
Loft,Sao Paulo,340.0,3.3.2023,15%,Real Estate,https://startups.com.br...,Unkno...,$788,Brazil,4.3.2023
Embark Trucks,SF Bay Area,230.0,3.3.2023,70%,Transpor...,https://techcrunch.com...,Post-I...,$317,United States,3.3.2023
Lendi,SydneyN,100.0,3.3.2023,,Real Estate,https://www.theaustrali...,Unkno...,$59,Australia,4.3.2023
UserTesting,SF Bay Area,63.0,3.3.2023,,Marketing,https://www.bizjournal...,Acquir...,$152,United States,4.3.2023
Airbnb,SF Bay Area,30.0,3.3.2023,,Travel,https://www.bloomber...,Post-I...,"$6,400",United States,4.3.2023
Accolade,Seattle,,3.3.2023,,Healthcare,https://www.bizjournal...,Post-I...,$458,United States,7.3.2023
Indigo,Boston,,3.3.2023,,Other,https://www.bizjournal...,Series F,"$1,200",United States,4.3.2023
Zscaler,SF Bay Area,177.0,2.3.2023,3%,Security,https://www.crn.com/n...,Post-I...,$148,United States,3.3.2023
MasterClass,SF Bay Area,79.0,2.3.2023,,Education,https://www.bizjournal...,Series E,$461,United States,4.3.2023
Ambev Tech,Blumenau,50.0,2.3.2023,,Food,https://omunicipioblu...,Acquir...,,Brazil,4.3.2023
Fittr,PuneNo,30.0,2.3.2023,11%,Fitness,https://inc42.com/buzz...,Series A,$13,India,4.3.2023
CNET,SF Bay Area,12.0,2.3.2023,10%,Media,https://www.theverge.c...,Acquir...,$20,United States,4.3.2023
Comparis,ZurichN,,2.3.2023,10%,Finance,https://www.nzz.ch/fin...,Unkno...,,Switzerland,8.3.2023
Flipkart,Bengaluru,,2.3.2023,,Retail,https://economictimes....,Acquir...,"$12,900",India,7.3.2023
Kandela,Los Angeles,,2.3.2023,100%,Consumer,https://therealdeal.com...,Acquir...,,United States,5.3.2023
Orchard,New York City,,2.3.2023,,Real Estate,https://www.linkedin.c...,Series D,$472,United States,19.3.2023
Truckstop.com,Boise,,2.3.2023,,Logistics,https://www.freightwav...,Acquir...,,United States,4.3.2023
Thoughtworks,Chicago,500.0,1.3.2023,4%,Other,https://techcrunch.com...,Post-I...,$748,United States,2.3.2023
iFood,Sao Paulo,355.0,1.3.2023,6%,Food,https://economia.uol.c...,Subsi...,"$2,100",Brazil,2.3.2023
Color Health,SF Bay Area,300.0,1.3.2023,,Healthcare,https://www.beckersho...,Series E,$482,United States,3.3.2023
Waymo,SF Bay Area,209.0,1.3.2023,8%,Transpor...,https://www.theinform...,Subsi...,"$5,500",United States,2.3.2023
PayFit,ParisNon,200.0,1.3.2023,20%,HR,https://www.lesechos.fr...,Series E,$495,France,2.3.2023
Yellow.ai,SF Bay Area,200.0,1.3.2023,,Support,https://inc42.com/buzz...,Series C,$102,United States,2.3.2023
Sonder,SF Bay Area,100.0,1.3.2023,14%,Travel,https://www.sec.gov/ix...,Post-I...,$839,United States,2.3.2023
Protego Trust Bank,Seattle,,1.3.2023,50%,Crypto,https://www.coindesk.c...,Series A,$70,United States,4.3.2023
Electronic Arts,Baton Rouge,200.0,28.2.2023,,Consumer,https://kotaku.com/ea-...,Post-I...,$2,United States,2.3.2023
Eventbrite,SF Bay Area,80.0,28.2.2023,8%,Consumer,https://www.reuters.co...,Post-I...,$557,United States,1.3.2023
Ezoic,San Diego,10.0,28.2.2023,,Infrastru...,https://www.businessin...,Series A,$39,United States,21.7.2023
DUX Education,Bengaluru,,28.2.2023,100%,Education,https://inc42.com/buzz...,Unkno...,,India,4.3.2023
MeridianLink,Los Angeles,,28.2.2023,9%,Finance,https://www.marketscr...,Post-I...,$485,United States,1.3.2023
Sono Motors,MunichN,300.0,27.2.2023,,Transpor...,https://twitter.com/son...,Post-I...,$126,Germany,28.2.2023
Cerebral,SF Bay Area,285.0,27.2.2023,15%,Healthcare,https://www.businessin...,Series C,$462,United States,28.2.2023
Amount,Chicago,130.0,27.2.2023,25%,Finance,https://www.chicagobu...,Unkno...,$283,United States,4.3.2023
Palantir,Denver,75.0,27.2.2023,2%,Data,https://www.cnbc.com/...,Post-I...,"$3,000",United States,28.2.2023
Outreach,Seattle,70.0,27.2.2023,7%,Sales,https://www.geekwire.c...,Series G,$489,United States,28.2.2023
Stytch,SF Bay Area,19.0,27.2.2023,25%,Security,https://www.bizjournal...,Series B,$126,United States,1.3.2023
BitSight,Tel AvivN,40.0,26.2.2023,,Security,https://www.calcalistec...,Unkno...,$401,Israel,27.2.2023
Twitter,SF Bay Area,200.0,25.2.2023,10%,Consumer,https://www.nytimes.co...,Post-I...,"$12,900",United States,26.2.2023
Ericsson,Stockholm,8500.0,24.2.2023,8%,Other,https://www.reuters.co...,Post-I...,$663,Sweden,24.2.2023
SAP Labs,Bengaluru,300.0,24.2.2023,,Other,https://economictimes....,Subsi...,"$1,300",India,25.2.2023
Velodyne Lidar,SF Bay Area,220.0,24.2.2023,,Transpor...,https://www.mercuryne...,Acquir...,$575,United States,24.2.2023
Medallia,SF Bay Area,59.0,24.2.2023,,Support,https://www.mercuryne...,Acquir...,$325,United States,24.2.2023
Eat Just,SF Bay Area,40.0,24.2.2023,,Food,https://www.bloomber...,Unkno...,$465,United States,27.2.2023
Lucira Health,SF Bay Area,26.0,24.2.2023,,Healthcare,https://www.mercuryne...,Post-I...,$132,United States,24.2.2023
Stax,Orlando,24.0,24.2.2023,,Finance,https://www.bizjournal...,Series D,$263,United States,26.2.2023
EQRx,Boston,,24.2.2023,18%,Healthcare,https://www.biopharm...,Post-I...,"$1,900",United States,5.5.2023
Poshmark,SF Bay Area,,24.2.2023,2%,Retail,https://techcrunch.com...,Acquir...,$153,United States,24.2.2023
Merative,Ann Arbor,200.0,23.2.2023,10%,Healthcare,https://www.theregiste...,Acquir...,,United States,26.2.2023
OneFootball,BerlinNo,150.0,23.2.2023,32%,Marketing,https://www.businessin...,Series D,$442,Germany,24.2.2023
The Iconic,SydneyN,69.0,23.2.2023,6%,Retail,https://insideretail.com...,Unkno...,,Australia,24.2.2023
EVgo,Los Angeles,40.0,23.2.2023,,Transpor...,https://www.businessw...,Post-I...,$400,United States,24.2.2023
StrongDM,SF Bay Area,40.0,23.2.2023,,Infrastru...,https://www.strongdm....,Series B,$76,United States,23.2.2023
Dapper Labs,Vancouver,,23.2.2023,20%,Crypto,https://www.theblock.c...,Series D,$607,Canada,23.2.2023
Messari,New York City,,23.2.2023,15%,Crypto,https://www.coindesk.c...,Series B,$61,United States,23.2.2023
Vibrent Health,Washington D,,23.2.2023,13%,Healthcare,https://www.bizjournal...,Unkno...,,United States,26.2.2023
Synamedia,London,200.0,22.2.2023,12%,Media,https://www.calcalistec...,Unkno...,,United Kin...,27.2.2023
TaskUs,San Antonio,186.0,22.2.2023,,Support,https://www.expressne...,Post-I...,$279,United States,23.2.2023
Arch Oncology,St. Louis,,22.2.2023,,Healthcare,https://www.bizjournal...,Series C,$155,United States,24.2.2023
Immutable,SydneyN,,22.2.2023,11%,Crypto,https://www.smh.com.a...,Series C,$279,Australia,22.2.2023
Jounce Therapeut...,Boston,,22.2.2023,57%,Healthcare,https://www.globenew...,Acquir...,$194,United States,26.2.2023
Locomation,Pittsburgh,,22.2.2023,100%,Transpor...,https://www.bizjournal...,Seed,$57,United States,23.2.2023
Green Labs,SeoulNo,350.0,21.2.2023,70%,Food,https://techcrunch.com...,Series C,$214,South Korea,21.2.2023
Polygon,Bengaluru,100.0,21.2.2023,20%,Crypto,https://inc42.com/buzz...,Unkno...,$451,India,21.2.2023
Crunchyroll,TokyoNo,85.0,21.2.2023,,Media,https://www.animenew...,Unkno...,$26,Japan,22.2.2023
Ethos Life,SF Bay Area,50.0,21.2.2023,,Finance,https://www.coverager....,Series D,$406,United States,24.2.2023
Basis Technologies,Chicago,40.0,21.2.2023,4%,Marketing,https://www.mediapost...,Series B,$52,United States,21.6.2023
Bolt,LagosNo,17.0,21.2.2023,,Transpor...,https://techpoint.africa...,Series F,,Nigeria,22.2.2023
Criteo,ParisNon,,21.2.2023,,Marketing,https://digiday.com/m...,Post-I...,$61,France,21.2.2023
PeerStreet,Los Angeles,,21.2.2023,,Real Estate,https://www.bizjournal...,Series C,$121,United States,22.2.2023
Zalando,BerlinNo,,21.2.2023,,Retail,https://www.reuters.co...,Post-I...,$467,Germany,21.2.2023
MyGate,Bengaluru,200.0,20.2.2023,30%,Other,https://inc42.com/buzz...,Series B,$79,India,20.2.2023
Fireblocks,New York City,30.0,20.2.2023,5%,Crypto,https://www.calcalistec...,Series E,"$1,000",United States,22.2.2023
Kinde,SydneyN,8.0,20.2.2023,28%,Other,https://www.news.com....,Seed,$10,Australia,20.2.2023
Fipola,Chennai,,20.2.2023,100%,Food,https://www.medianew...,Series A,$9,India,21.2.2023
HP,Tel AvivN,100.0,19.2.2023,,Hardware,https://www.themarker...,Post-I...,"$4,200",Israel,20.2.2023
Micron,Boise,2400.0,17.2.2023,5%,Hardware,https://www.ktvb.com/...,Post-I...,$50,United States,1.4.2023
Tencent,Shenzen,300.0,17.2.2023,,Consumer,https://brandequity.ec...,Post-I...,"$12,600",China,17.2.2023
Evernote,SF Bay Area,129.0,17.2.2023,,Consumer,https://techcrunch.com...,Acquir...,$290,United States,27.2.2023
Chipper Cash,SF Bay Area,100.0,17.2.2023,33%,Finance,https://techweez.com/...,Series C,$302,United States,20.2.2023
Digimarc,Portland,,17.2.2023,,Other,https://www.oregonlive...,Post-I...,$105,United States,24.2.2023
Reserve,SF Bay Area,,17.2.2023,,Crypto,https://www.linkedin.c...,Unkno...,,United States,4.3.2023
DocuSign,SF Bay Area,680.0,16.2.2023,10%,Sales,https://www.cnbc.com/...,Post-I...,$536,United States,16.2.2023
Pico Interactive,SF Bay Area,400.0,16.2.2023,20%,Other,https://pandaily.com/pi...,Acquir...,$62,United States,16.2.2023
The RealReal,SF Bay Area,230.0,16.2.2023,7%,Retail,https://www.theinform...,Post-I...,$356,United States,16.2.2023
Smartsheet,Seattle,85.0,16.2.2023,3%,Other,https://www.bizjournal...,Post-I...,$152,United States,17.2.2023
Convoy,Atlanta,,16.2.2023,,Logistics,https://techcrunch.com...,Series E,"$1,100",United States,16.2.2023
Wix,Tel AvivN,370.0,15.2.2023,6%,Marketing,https://www.calcalistec...,Post-I...,$58,Israel,15.2.2023
ServiceTitan,Los Angeles,221.0,15.2.2023,8%,Sales,https://www.theinform...,Series G,"$1,100",United States,16.2.2023
Neon,Sao Paulo,210.0,15.2.2023,9%,Finance,https://www.seudinheir...,Series D,$720,Brazil,15.2.2023
Jellysmack,ParisNon,208.0,15.2.2023,,Media,https://www.theinform...,Series C,$22,France,16.2.2023
DigitalOcean,New York City,200.0,15.2.2023,11%,Infrastru...,https://www.theregiste...,Post-I...,$491,United States,15.2.2023
Sprinklr,New York City,100.0,15.2.2023,4%,Support,https://techcrunch.com...,Post-I...,$429,United States,15.2.2023
Betterment,New York City,28.0,15.2.2023,,Finance,https://www.businessin...,Series F,$435,United States,16.2.2023
Divvy Homes,SF Bay Area,,15.2.2023,,Real Estate,https://www.inman.co...,Series B,$180,United States,16.2.2023
Milkrun,SydneyN,,15.2.2023,20%,Food,https://www.smh.com.a...,Series A,$86,Australia,15.2.2023
Observe.AI,SF Bay Area,,15.2.2023,,Support,https://www.channelfut...,Series C,$214,United States,16.2.2023
Religion of Sports,Los Angeles,,15.2.2023,,Media,https://www.nytimes.co...,Series B,$63,United States,26.2.2023
SurveyMonkey,SF Bay Area,,15.2.2023,14%,Marketing,https://d18rn0p25nwr6...,Post-I...,"$1,100",United States,17.2.2023
Tackle,Boise,,15.2.2023,15%,Other,https://tackle.io/resour...,Series C,$148,United States,15.2.2023
Vicarious Surgical,Boston,,15.2.2023,14%,Healthcare,https://www.medtechdi...,Post-I...,$185,United States,16.2.2023
Blackbaud,Charleston,500.0,14.2.2023,14%,Other,https://www.postandco...,Post-I...,,United States,15.2.2023
CommerceHub,Albany,371.0,14.2.2023,31%,Retail,https://www.bizjournal...,Acquir...,,United States,15.2.2023
Dropp,BerlinNo,60.0,14.2.2023,100%,Retail,https://www.businessin...,Unkno...,$2,Germany,9.4.2023
HackerEarth,SF Bay Area,,14.2.2023,8%,HR,https://inc42.com/buzz...,Series B,$11,United States,14.2.2023
PhableCare,Bengaluru,,14.2.2023,70%,Healthcare,https://inc42.com/buzz...,Series B,$40,India,15.2.2023
Udemy,SF Bay Area,,14.2.2023,10%,Education,https://about.udemy.co...,Post-I...,$311,United States,15.2.2023
Twilio,SF Bay Area,1500.0,13.2.2023,17%,Other,https://www.cnbc.com/...,Post-I...,$614,United States,13.2.2023
Electric,New York City,141.0,13.2.2023,25%,Other,https://www.electric.ai/...,Series D,$212,United States,14.2.2023
EMX Digital,New York City,100.0,13.2.2023,100%,Marketing,https://www.businessin...,Unkno...,,United States,24.2.2023
PetLove,Sao Paulo,94.0,13.2.2023,,Retail,https://oglobo.globo.c...,Series C,$225,Brazil,15.2.2023
iRobot,Boston,85.0,13.2.2023,7%,Consumer,https://www.cnbc.com/...,Acquir...,$30,United States,14.2.2023
Collective Health,SF Bay Area,54.0,13.2.2023,,Healthcare,https://www.linkedin.c...,Series F,$719,United States,15.2.2023
Magic Eden,SF Bay Area,22.0,13.2.2023,,Crypto,https://decrypt.co/121...,Series B,$170,United States,14.2.2023
Casavo,MilanNo,,13.2.2023,30%,Real Estate,https://casavo.com/blo...,Unkno...,$708,Italy,13.2.2023
Foodpanda,Singapore,,13.2.2023,,Food,https://www.techinasia....,Acquir...,$749,Singapore,14.2.2023
Getir,London,,13.2.2023,,Food,https://sifted.eu/article...,Series E,"$1,800",United Kin...,14.2.2023
LinkedIn,SF Bay Area,,13.2.2023,,Recruiting,https://www.theinform...,Acquir...,$154,United States,13.2.2023
Moladin,JakartaN,360.0,12.2.2023,11%,Transpor...,https://aimgroup.com/...,Series B,$138,Indonesia,13.2.2023
TripleLift,New York City,100.0,10.2.2023,20%,Marketing,https://www.adexchan...,Acquir...,$16,United States,13.2.2023
Titan Medical,Toronto,48.0,10.2.2023,72%,Healthcare,https://www.fiercebiote...,Post-I...,$278,Canada,10.3.2023
TikTok India,Mumbai,40.0,10.2.2023,,Consumer,https://www.livemint.c...,Acquir...,"$9,400",India,10.2.2023
Syft Technologies,Auckland,30.0,10.2.2023,20%,Manufac...,https://www.stuff.co.nz...,Privat...,,New Zealand,22.4.2023
Open Co,Sao Paulo,,10.2.2023,,Finance,https://docs.google.co...,Series D,$140,Brazil,15.2.2023
Rigetti Computing,SF Bay Area,,10.2.2023,28%,Hardware,https://www.marketwat...,Post-I...,$298,United States,10.2.2023
Wonderschool,SF Bay Area,,10.2.2023,,Education,https://docs.google.co...,Series A,$24,United States,10.3.2023
Yahoo,SF Bay Area,1600.0,9.2.2023,20%,Consumer,https://www.axios.com...,Acquir...,$6,United States,9.2.2023
Misfits Market,Philadelphia,649.0,9.2.2023,33%,Food,https://www.bizjournal...,Series C,$526,United States,16.2.2023
Deliveroo,London,350.0,9.2.2023,9%,Food,https://news.sky.com/s...,Post-I...,"$1,700",United Kin...,9.2.2023
Olive AI,Columbus,215.0,9.2.2023,35%,Healthcare,https://www.axios.com...,Series H,$856,United States,10.2.2023
Oportun,SF Bay Area,155.0,9.2.2023,10%,Finance,https://seekingalpha.co...,Post-I...,$566,United States,2.3.2023
GitLab,SF Bay Area,130.0,9.2.2023,7%,Product,https://www.cnbc.com/...,Post-I...,$413,United States,9.2.2023
Bark,New York City,126.0,9.2.2023,12%,Retail,https://investors.bark.c...,Post-I...,,United States,10.2.2023
REE Automotive,Tel AvivN,100.0,9.2.2023,50%,Transpor...,https://www.calcalistec...,Post-I...,$317,Israel,9.12.2025
Veriff,TallinnN,66.0,9.2.2023,12%,Security,https://digipro.geenius....,Series C,$192,Estonia,9.2.2023
REE Automotive,Tel AvivN,31.0,9.2.2023,11%,Transpor...,https://www.calcalistec...,Post-I...,$317,Israel,11.2.2023
GitHub,SF Bay Area,,9.2.2023,10%,Product,https://fortune.com/20...,Acquir...,$350,United States,9.2.2023
Quillt,St. Louis,,9.2.2023,,Media,https://www.bizjournal...,Unkno...,,United States,10.2.2023
WeTrade,Bengaluru,,9.2.2023,100%,Crypto,https://inc42.com/buzz...,Unkno...,,India,9.2.2023
GoDaddy,Phoenix,530.0,8.2.2023,8%,Marketing,https://techstartups.co...,Post-I...,$800,United States,8.2.2023
Affirm,SF Bay Area,500.0,8.2.2023,19%,Finance,https://www.wsj.com/a...,Post-I...,"$1,500",United States,8.2.2023
Gusto,SF Bay Area,126.0,8.2.2023,5%,HR,https://gusto.com/com...,Series E,$746,United States,8.2.2023
Gong,SF Bay Area,80.0,8.2.2023,7%,Sales,https://www.calcalistec...,Series E,$583,United States,8.2.2023
Beam Benefits,Columbus,31.0,8.2.2023,8%,Healthcare,https://www.bizjournal...,Series E,$168,United States,17.2.2023
Equitybee,SF Bay Area,24.0,8.2.2023,25%,Finance,https://www.calcalistec...,Series B,$85,United States,9.2.2023
Baraja,SydneyN,,8.2.2023,75%,Transpor...,https://www.news.com....,Unkno...,$63,Australia,8.2.2023
Koho,Toronto,,8.2.2023,14%,Finance,https://betakit.com/ko...,Series D,$278,Canada,8.2.2023
Medly,New York City,,8.2.2023,100%,Healthcare,https://www.businessin...,Series C,$100,United States,11.2.2023
Nearmap,SydneyN,,8.2.2023,20%,Construc...,https://www.afr.com/te...,Acquir...,$15,Australia,8.2.2023
Zoom,SF Bay Area,1300.0,7.2.2023,15%,Other,https://www.cnbc.com/...,Post-I...,$276,United States,7.2.2023
eBay,SF Bay Area,500.0,7.2.2023,4%,Retail,https://www.reuters.co...,Post-I...,"$1,200",United States,7.2.2023
SecureWorks,Atlanta,212.0,7.2.2023,9%,Security,https://www.marketwat...,Post-I...,$83,United States,7.2.2023
Salesloft,Atlanta,100.0,7.2.2023,10%,Sales,https://www.bizjournal...,Acquir...,$245,United States,8.2.2023
Openpay,Melbourne,83.0,7.2.2023,100%,Finance,https://www.9news.co...,Post-I...,$299,Australia,7.2.2023
LearnUpon,DublinN,27.0,7.2.2023,9%,Education,https://www.independe...,Privat...,$56,Ireland,8.2.2023
Sana Benefits,Austin,,7.2.2023,19%,HR,https://www.sanabenef...,Series B,$106,United States,8.2.2023
Dell,Austin,6650.0,6.2.2023,5%,Hardware,https://www.bloomber...,Post-I...,,United States,6.2.2023
Loggi,Sao Paulo,300.0,6.2.2023,7%,Logistics,https://www.infomone...,Series F,$507,Brazil,7.2.2023
Catch.com.au,Melbourne,100.0,6.2.2023,,Retail,https://www.channelne...,Acquir...,$80,Australia,14.2.2023
VinFast US,Los Angeles,80.0,6.2.2023,,Transpor...,https://www.bloomber...,Subsi...,,United States,8.2.2023
Drift,Boston,59.0,6.2.2023,,Marketing,https://www.bizjournal...,Acquir...,$107,United States,7.2.2023
Pocket Aces,Mumbai,50.0,6.2.2023,25%,Media,https://economictimes....,Unkno...,$19,India,6.2.2023
Clari,SF Bay Area,20.0,6.2.2023,,Sales,https://www.businessin...,Series F,$496,United States,7.2.2023
C6 Bank,Sao Paulo,,6.2.2023,,Finance,https://www1.folha.uol....,Unkno...,"$2,300",Brazil,8.2.2023
Daraz,Singapore,,6.2.2023,11%,Retail,https://propakistani.pk...,Unkno...,,Singapore,6.2.2023
TenureX,Tel AvivN,,6.2.2023,,Finance,https://www.calcalistec...,Seed,$6,Israel,7.2.2023
Kyruus,Boston,70.0,5.2.2023,,Healthcare,https://www.fiercehealt...,Unkno...,$183,United States,7.2.2023
Lightico,Tel AvivN,20.0,5.2.2023,25%,Finance,https://www.calcalistec...,Series B,$42,Israel,7.2.2023
Eightfold AI,SF Bay Area,90.0,3.2.2023,15%,HR,https://www.nytimes.co...,Series E,$396,United States,24.3.2023
FarEye,New Delhi,90.0,3.2.2023,,Logistics,https://inc42.com/buzz...,Series E,$150,India,3.2.2023
Protocol Labs,SF Bay Area,89.0,3.2.2023,20%,Crypto,https://www.forbes.co...,Unkno...,$10,United States,4.2.2023
Built Technologie...,Nashville,,3.2.2023,8%,Construc...,https://www.nashvillep...,Unkno...,$313,United States,13.7.2023
Finder,SydneyN,,3.2.2023,15%,Retail,https://www.news.com....,Unkno...,$30,Australia,6.2.2023
Byju's,Bengaluru,1500.0,2.2.2023,,Education,https://www.livemint.c...,Privat...,"$5,500",India,2.2.2023
Okta,SF Bay Area,300.0,2.2.2023,5%,Security,https://www.bloomber...,Post-I...,"$1,200",United States,2.2.2023
Autodesk,SF Bay Area,250.0,2.2.2023,2%,Other,https://www.bloomber...,Post-I...,,United States,3.2.2023
Mindstrong,SF Bay Area,127.0,2.2.2023,,Healthcare,https://www.bizjournal...,Series C,$160,United States,3.2.2023
NCC Group,Manchester,125.0,2.2.2023,7%,Security,https://www.businessti...,Post-I...,,United Kin...,3.2.2023
Miro,SF Bay Area,119.0,2.2.2023,7%,Other,https://miro.com/blog/...,Series C,$476,United States,2.2.2023
Getir,New York City,100.0,2.2.2023,,Food,https://www.businessin...,Series E,"$1,800",United States,5.2.2023
Highspot,Seattle,100.0,2.2.2023,10%,Sales,https://www.geekwire.c...,Series F,$644,United States,3.2.2023
Bittrex,Seattle,80.0,2.2.2023,,Crypto,https://www.coindesk.c...,Unkno...,,United States,3.2.2023
Snowplow,London,40.0,2.2.2023,,Data,https://www.linkedin.c...,Series B,$55,United Kin...,3.2.2023
Articulate,New York City,38.0,2.2.2023,,Education,https://www.linkedin.c...,Series A,"$1,500",United States,3.2.2023
Desktop Metal,Boston,,2.2.2023,,Other,https://www.bizjournal...,Post-I...,$811,United States,3.2.2023
Getaround,SF Bay Area,,2.2.2023,10%,Transpor...,https://techcrunch.com...,Post-I...,$948,United States,3.2.2023
NCSoft,SeoulNo,,2.2.2023,20%,Consumer,https://venturebeat.co...,Post-I...,$240,South Korea,3.2.2023
Sharesies,Wellington,,2.2.2023,,Finance,https://www.stuff.co.nz...,Series C,$60,New Zealand,11.3.2023
Talkdesk,SF Bay Area,,2.2.2023,,Support,https://www.uctoday.c...,Series D,$497,United States,6.2.2023
Splunk,SF Bay Area,325.0,1.2.2023,4%,Data,https://www.marketwat...,Post-I...,"$2,400",United States,1.2.2023
Pinterest,SF Bay Area,150.0,1.2.2023,,Consumer,https://www.bloomber...,Post-I...,"$1,500",United States,2.2.2023
DraftKings,Boston,140.0,1.2.2023,4%,Consumer,https://www.cnbc.com/...,Post-I...,$719,United States,1.2.2023
Cyren,Washington D,121.0,1.2.2023,,Security,https://ir.cyren.com/we...,Post-I...,$161,United States,2.2.2023
Workato,SF Bay Area,90.0,1.2.2023,10%,Other,https://www.businessin...,Series E,$415,United States,7.2.2023
VerticalScope,Toronto,60.0,1.2.2023,22%,Media,https://www.theglobea...,Post-I...,,Canada,2.2.2023
Wheel,Austin,56.0,1.2.2023,28%,Healthcare,https://www.beckersho...,Series C,$215,United States,2.2.2023
Chainalysis,New York City,44.0,1.2.2023,5%,Crypto,https://www.forbes.co...,Series F,$536,United States,2.2.2023
Appgate,Miami,34.0,1.2.2023,8%,Security,https://seekingalpha.co...,Post-I...,,United States,26.2.2023
Exterro,Portland,24.0,1.2.2023,3%,Legal,https://www.oregonlive...,Privat...,$100,United States,2.2.2023
TheSkimm,New York City,17.0,1.2.2023,10%,Media,https://www.businessin...,Series C,$28,United States,3.2.2023
Ada,Toronto,,1.2.2023,,Support,https://betakit.com/ad...,Series C,$190,Canada,3.2.2023
Bustle Digital Gro...,New York City,,1.2.2023,8%,Media,https://variety.com/202...,Series E,$80,United States,3.2.2023
Frequency Therap...,Boston,,1.2.2023,50%,Healthcare,https://www.bizjournal...,Post-I...,$76,United States,14.2.2023
MariaDB,Helsinki,,1.2.2023,8%,Data,https://d18rn0p25nwr6...,Post-I...,$245,Finland,7.2.2023
Match Group,New York City,,1.2.2023,8%,Consumer,https://www.bloomber...,Post-I...,,United States,2.2.2023
Omnipresent,London,,1.2.2023,,HR,https://www.linkedin.c...,Series B,$137,United Kin...,3.2.2023
Picnic,Seattle,,1.2.2023,,Food,https://www.geekwire.c...,Unkno...,$52,United States,22.2.2023
Rivian,Detroit,,1.2.2023,6%,Transpor...,https://www.reuters.co...,Post-I...,"$10,700",United States,1.2.2023
PayPal,SF Bay Area,2000.0,31.1.2023,7%,Finance,https://www.cnbc.com/...,Post-I...,$216,United States,31.1.2023
NetApp,SF Bay Area,960.0,31.1.2023,8%,Data,https://www.theregiste...,Post-I...,,United States,31.1.2023
Workday,SF Bay Area,525.0,31.1.2023,3%,HR,https://www.cnbc.com/...,Post-I...,$230,United States,31.1.2023
HubSpot,Boston,500.0,31.1.2023,7%,Marketing,https://www.marketwat...,Post-I...,$100,United States,31.1.2023
Upstart,SF Bay Area,365.0,31.1.2023,20%,Finance,https://www.marketwat...,Post-I...,$144,United States,31.1.2023
Software AG,Frankfurt,200.0,31.1.2023,4%,Data,https://investors.softwa...,Post-I...,$344,Germany,5.2.2023
Wish,SF Bay Area,150.0,31.1.2023,17%,Retail,https://ir.wish.com/nod...,Post-I...,"$1,600",United States,1.2.2023
Wefox,BerlinNo,100.0,31.1.2023,,Finance,https://versicherungsm...,Series D,"$1,300",Germany,1.2.2023
Tilting Point,New York City,60.0,31.1.2023,14%,Consumer,https://mobilegamer.bi...,Unkno...,$235,United States,1.2.2023
Gokada,LagosNo,54.0,31.1.2023,,Transpor...,https://techcabal.com/...,Unkno...,$12,Nigeria,2.2.2023
Nubank,Sao Paulo,40.0,31.1.2023,,Finance,https://valorinveste.glo...,Post-I...,"$4,100",Brazil,8.6.2023
AU10TIX,Tel AvivN,19.0,31.1.2023,9%,Security,https://www.calcalistec...,Unkno...,$80,Israel,7.2.2023
National Instrum...,Austin,,31.1.2023,4%,Hardware,https://www.cmlviz.co...,Post-I...,,United States,5.2.2023
OpenText,Waterloo,,31.1.2023,8%,Data,https://www.crn.com/n...,Post-I...,"$1,100",Canada,1.2.2023
Philips,Amsterdam,6000.0,30.1.2023,13%,Healthcare,https://www.reuters.co...,Post-I...,,Netherlands,30.1.2023
OLX Group,Amsterdam,1500.0,30.1.2023,15%,Marketing,https://www.financialex...,Acquir...,,Netherlands,30.1.2023
Arrival,London,800.0,30.1.2023,50%,Transpor...,https://techcrunch.com...,Post-I...,$629,United Kin...,31.1.2023
Groupon,Chicago,500.0,30.1.2023,,Retail,https://www.chicagobu...,Post-I...,"$1,400",United States,31.1.2023
Intel,SF Bay Area,343.0,30.1.2023,,Hardware,https://www.sfgate.co...,Post-I...,$12,United States,31.1.2023
Glovo,Barcelona,250.0,30.1.2023,6%,Food,https://sifted.eu/article...,Acquir...,"$1,200",Spain,30.1.2023
Delivery Hero,BerlinNo,156.0,30.1.2023,4%,Food,https://newsingermany...,Post-I...,"$9,900",Germany,31.1.2023
Impossible Foods...,SF Bay Area,140.0,30.1.2023,20%,Food,https://www.bloomber...,Series H,"$1,900",United States,31.1.2023
Chrono24,Karlsruhe,65.0,30.1.2023,13%,Retail,https://www.bloomber...,Series C,$205,Germany,31.1.2023
BM Technologies,Philadelphia,,30.1.2023,25%,Finance,https://ir.bmtxinc.com/...,Post-I...,,United States,1.2.2023
Olist,Curitiba,,30.1.2023,,Retail,https://www.estadao.c...,Series E,$322,Brazil,31.1.2023
Oyster,Charlotte,,30.1.2023,,HR,https://www.linkedin.c...,Series C,$224,United States,1.2.2023
Prime Trust,Las Vegas,,30.1.2023,33%,Crypto,https://www.coindesk.c...,Series B,$176,United States,1.2.2023
Quantum SI,New Haven,,30.1.2023,12%,Healthcare,https://www.genomew...,Post-I...,$425,United States,3.2.2023
SoFi,SF Bay Area,,30.1.2023,,Finance,https://www.americanb...,Post-I...,"$3,000",United States,31.1.2023
Hoxhunt,Helsinki,,29.1.2023,,Security,https://www.hs.fi/visio/...,Series B,$43,Finland,1.2.2023
Me Poupe,Sao Paulo,60.0,28.1.2023,50%,Finance,https://portaldobitcoin....,Unkno...,,Brazil,29.1.2023
CoinTracker,SF Bay Area,19.0,28.1.2023,,Crypto,https://www.cointracke...,Series A,$101,United States,28.1.2023
SSense,Montreal,138.0,27.1.2023,7%,Retail,https://betakit.com/as-...,Series A,,Canada,28.1.2023
DealShare,Bengaluru,100.0,27.1.2023,6%,Retail,https://www.moneycon...,Series E,$390,India,27.1.2023
Ruggable,Los Angeles,100.0,27.1.2023,,Retail,https://www.modernret...,Seed,,United States,1.2.2023
Synopsys,SF Bay Area,100.0,27.1.2023,,Other,https://www.eastbayti...,Post-I...,,United States,28.1.2023
Heycar,BerlinNo,73.0,27.1.2023,,Transpor...,https://www.autohaus....,Unkno...,,Germany,1.2.2023
Matrixport,Singapore,29.0,27.1.2023,10%,Crypto,https://www.coindesk.c...,Series C,$100,Singapore,27.1.2023
Shakepay,Montreal,21.0,27.1.2023,25%,Crypto,https://betakit.com/as-...,Series A,$45,Canada,28.1.2023
#Paid,Toronto,19.0,27.1.2023,17%,Marketing,https://betakit.com/as-...,Series B,$21,Canada,28.1.2023
Decent,SF Bay Area,,27.1.2023,,Healthcare,https://www.decent.co...,Series A,$18,United States,28.1.2023
Feedzai,Coimbra,,27.1.2023,,Finance,https://www.finextra.co...,Unkno...,$273,Portugal,28.1.2023
Nate,New York City,,27.1.2023,,Retail,https://www.theinform...,Series A,$47,United States,29.1.2023
Soundwide,BerlinNo,,27.1.2023,8%,Other,https://cdm.link/2023/...,,,Germany,2.5.2023
SAP,Walldorf,3000.0,26.1.2023,3%,Other,https://www.cnbc.com/...,Post-I...,"$1,300",Germany,26.1.2023
Confluent,SF Bay Area,221.0,26.1.2023,8%,Data,https://investors.conflu...,Post-I...,$455,United States,26.1.2023
Glisser,London,25.0,26.1.2023,100%,Travel,https://www.linkedin.c...,Unkno...,$1,United Kin...,23.12.2023
DriveWealth,Jersey City,,26.1.2023,20%,Finance,https://techcrunch.com...,Series D,$550,United States,2.2.2023
Mode Global,London,,26.1.2023,100%,Finance,https://ir.q4europe.co...,Post-I...,,United Kin...,30.1.2023
Plus One Robotics,San Antonio,,26.1.2023,10%,Other,https://www.linkedin.c...,Series B,$43,United States,27.1.2023
Quora,SF Bay Area,,26.1.2023,,Consumer,https://quorablog.quor...,Series D,$226,United States,27.1.2023
IBM,New York City,3900.0,25.1.2023,2%,Hardware,https://www.bloomber...,Post-I...,,United States,26.1.2023
Lam Research,SF Bay Area,1300.0,25.1.2023,7%,Hardware,https://www.bloomber...,Post-I...,,United States,1.2.2023
Shutterfly,SF Bay Area,360.0,25.1.2023,,Retail,https://thedeadpixelss...,Acquir...,$50,United States,26.1.2023
Luno,London,330.0,25.1.2023,35%,Crypto,https://www.cnbc.com/...,Acquir...,$13,United Kin...,25.1.2023
Clear Capital,Reno,250.0,25.1.2023,25%,Real Estate,https://www.rgj.com/st...,Unkno...,,United States,26.1.2023
Guardant Health,SF Bay Area,130.0,25.1.2023,7%,Healthcare,https://www.genomew...,Post-I...,$550,United States,26.1.2023
SirionLabs,Seattle,130.0,25.1.2023,15%,Legal,https://inc42.com/buzz...,Series D,$171,United States,26.1.2023
Tier Mobility,BerlinNo,80.0,25.1.2023,7%,Transpor...,https://techcrunch.com...,Series D,$646,Germany,26.1.2023
CareRev,Los Angeles,,25.1.2023,,Healthcare,https://www.carerev.co...,Series A,$51,United States,1.2.2023
Finastra,Tel AvivN,,25.1.2023,,Finance,https://www.calcalistec...,Unkno...,,Israel,7.2.2023
Noom,New York City,,25.1.2023,,Fitness,https://www.mobihealt...,Series F,$657,United States,26.1.2023
PagSeguro,Sao Paulo,,25.1.2023,7%,Finance,https://news.fintechnex...,Post-I...,,Brazil,7.2.2023
Prosus,Amsterdam,,25.1.2023,30%,Other,https://www.bloomber...,Unkno...,,Netherlands,25.1.2023
Vacasa,Portland,1300.0,24.1.2023,17%,Travel,https://www.oregonlive...,Post-I...,$834,United States,25.1.2023
Innovaccer,SF Bay Area,245.0,24.1.2023,15%,Healthcare,https://digitalhealth.m...,Series E,$379,United States,24.1.2023
Bolt,SF Bay Area,50.0,24.1.2023,10%,Finance,https://www.theinform...,Series E,"$1,300",United States,25.1.2023
PartnerStack,Toronto,40.0,24.1.2023,20%,Sales,https://betakit.com/as-...,Series B,$36,Canada,25.1.2023
Gitpod,KielNon-,21.0,24.1.2023,28%,Product,https://www.gitpod.io/...,Series A,$41,Germany,25.1.2023
OFFOR Health,Columbus,16.0,24.1.2023,,Healthcare,https://www.linkedin.c...,Series A,$14,United States,28.1.2023
Venngage,Toronto,11.0,24.1.2023,20%,Marketing,https://betakit.com/as-...,Unkno...,,Canada,25.1.2023
CoachHub,BerlinNo,,24.1.2023,10%,HR,https://www.linkedin.c...,Series C,$332,Germany,24.1.2023
Corvus Insurance,Boston,,24.1.2023,14%,Finance,https://www.bizjournal...,Series C,$160,United States,25.1.2023
Icon,Austin,,24.1.2023,,Construc...,https://www.bizjournal...,Series B,$451,United States,25.1.2023
PagerDuty,SF Bay Area,,24.1.2023,7%,Product,https://www.marketwat...,Post-I...,$173,United States,24.1.2023
Scoro,London,,24.1.2023,9%,HR,https://digipro.geenius....,Series B,$23,United Kin...,25.1.2023
Spotify,Stockholm,600.0,23.1.2023,6%,Media,https://www.reuters.co...,Post-I...,"$2,100",Sweden,23.1.2023
Uber Freight,SF Bay Area,150.0,23.1.2023,3%,Logistics,https://www.freightwav...,Subsi...,"$2,700",United States,24.1.2023
Inmobi,Bengaluru,50.0,23.1.2023,,Marketing,https://www.business-s...,Unkno...,$320,India,23.1.2023
Innovid,New York City,40.0,23.1.2023,10%,Marketing,https://www.marketwat...,Post-I...,$295,United States,24.1.2023
Booktopia,SydneyN,30.0,23.1.2023,,Retail,https://cdn-api.markitd...,Series A,$23,Australia,23.1.2023
Ermetic,SF Bay Area,30.0,23.1.2023,17%,Security,https://www.calcalistec...,Series B,$97,United States,25.1.2023
Namogoo,Tel AvivN,20.0,23.1.2023,15%,Marketing,https://www.calcalistec...,Series C,$69,Israel,24.1.2023
Camp K12,Gurugram,,23.1.2023,70%,Education,https://themorningcon...,Series A,$16,India,23.1.2023
Gemini,New York City,,23.1.2023,10%,Crypto,https://www.theinform...,Unkno...,$423,United States,23.1.2023
Yext,New York City,,23.1.2023,8%,Marketing,https://www.marketwat...,Post-I...,$117,United States,24.1.2023
BUX,Amsterdam,,22.1.2023,,Finance,https://nltimes.nl/2023...,Series C,$115,Netherlands,23.1.2023
Google,SF Bay Area,12000.0,20.1.2023,6%,Consumer,https://www.nytimes.co...,Post-I...,$26,United States,20.1.2023
Wayfair,Boston,1750.0,20.1.2023,10%,Retail,https://www.wsj.com/a...,Post-I...,"$1,700",United States,20.1.2023
Swiggy,Bengaluru,380.0,20.1.2023,6%,Food,https://economictimes....,Unkno...,"$3,600",India,20.1.2023
MediBuddy,Bengaluru,200.0,20.1.2023,8%,Healthcare,https://inc42.com/buzz...,Acquir...,$192,India,21.1.2023
Vox Media,Washington D,130.0,20.1.2023,7%,Media,https://variety.com/202...,Series F,$307,United States,21.1.2023
BitTorrent,SF Bay Area,92.0,20.1.2023,,Infrastru...,https://www.bizjournal...,Acquir...,,United States,7.2.2023
Karat,Seattle,47.0,20.1.2023,,HR,https://www.geekwire.c...,Unkno...,$169,United States,21.1.2023
Enjoei,Sao Paulo,31.0,20.1.2023,10%,Retail,https://www.terra.com....,Unkno...,$14,Brazil,24.1.2023
Edifecs,Seattle,30.0,20.1.2023,,Healthcare,https://www.geekwire.c...,Unkno...,$1,United States,21.1.2023
Citrine Informatics,SF Bay Area,22.0,20.1.2023,27%,Data,https://www.linkedin.c...,Series C,$64,United States,21.1.2023
Avalara,Seattle,,20.1.2023,,Finance,https://www.geekwire.c...,Acquir...,$341,United States,21.1.2023
Cyteir Therapeutics,Boston,,20.1.2023,70%,Healthcare,https://www.fiercebiote...,Series C,$156,United States,21.1.2023
Morning Consult,Washington D,,20.1.2023,,Data,https://www.bizjournal...,Series B,$91,United States,24.1.2023
TikTok,Los Angeles,,20.1.2023,,Consumer,https://www.businessin...,Acquir...,,United States,24.1.2023
Zappos,Las Vegas,,20.1.2023,,Retail,https://www.reviewjour...,Acquir...,$62,United States,21.1.2023
Capital One,Washington D,1100.0,19.1.2023,,Finance,https://www.reuters.co...,Post-I...,,United States,20.1.2023
Proterra,SF Bay Area,300.0,19.1.2023,,Transpor...,https://news.yahoo.co...,Post-I...,"$1,200",United States,7.3.2023
WeWork,New York City,300.0,19.1.2023,,Real Estate,https://investors.wewor...,Post-I...,"$22,200",United States,19.1.2023
Hubilo,SF Bay Area,115.0,19.1.2023,35%,Other,https://inc42.com/buzz...,Series B,$153,United States,20.1.2023
Saks.com,New York City,100.0,19.1.2023,5%,Retail,https://wwd.com/busin...,Unkno...,$965,United States,21.1.2023
CS Disco,Austin,62.0,19.1.2023,9%,Legal,https://d18rn0p25nwr6...,Post-I...,$233,United States,21.1.2023
Riot Games,Los Angeles,46.0,19.1.2023,,Consumer,https://www.eurogame...,Acquir...,$21,United States,20.1.2023
Hydrow,Boston,30.0,19.1.2023,,Fitness,https://www.bostonglo...,Series D,$269,United States,21.1.2023
Earth Rides,Nashville,,19.1.2023,100%,Transpor...,https://fox17.com/new...,Unkno...,$2,United States,29.1.2023
Fandom,SF Bay Area,,19.1.2023,,Media,https://variety.com/202...,Series E,$145,United States,20.1.2023
IAM Robotics,Pittsburgh,,19.1.2023,,Hardware,https://www.linkedin.c...,Unkno...,$21,United States,21.1.2023
Icertis,Seattle,,19.1.2023,,Legal,https://www.bizjournal...,Unkno...,$521,United States,20.1.2023
Magnite,Los Angeles,,19.1.2023,6%,Marketing,https://seekingalpha.co...,Post-I...,$400,United States,20.1.2023
Mudafy,Mexico City,,19.1.2023,70%,Real Estate,https://www.cronista.c...,Series A,$13,Mexico,20.1.2023
Personalis,SF Bay Area,,19.1.2023,30%,Healthcare,https://www.genomew...,Post-I...,$225,United States,20.1.2023
Prisma,SF Bay Area,,19.1.2023,28%,Data,https://www.prisma.io/...,Series B,$56,United States,21.1.2023
Spaceship,SydneyN,,19.1.2023,,Finance,https://www.financialst...,Series A,$41,Australia,24.1.2023
Wallbox,Barcelona,,19.1.2023,15%,Energy,https://investorplace.co...,Post-I...,$167,Spain,20.1.2023
Microsoft,Seattle,10000.0,18.1.2023,5%,Other,https://www.usatoday.c...,Post-I...,$1,United States,18.1.2023
Sophos,OxfordN,450.0,18.1.2023,10%,Security,https://techcrunch.com...,Acquir...,$125,United Kin...,18.1.2023
Teladoc Health,New York City,300.0,18.1.2023,6%,Healthcare,https://digitalhealth.m...,Post-I...,$172,United States,18.1.2023
Vroom,New York City,275.0,18.1.2023,20%,Transpor...,https://seekingalpha.co...,Post-I...,"$1,300",United States,20.1.2023
8x8,SF Bay Area,155.0,18.1.2023,7%,Support,https://www.channelfut...,Post-I...,$253,United States,19.1.2023
Pagaya,Tel AvivN,140.0,18.1.2023,20%,Finance,https://www.calcalistec...,Post-I...,$571,Israel,18.1.2023
Benevity,CalgaryN,137.0,18.1.2023,14%,Other,https://benevity.com/...,Unkno...,$69,Canada,18.1.2023
Inspirato,Denver,109.0,18.1.2023,12%,Travel,https://sports.yahoo.co...,Post-I...,$179,United States,20.1.2023
Jumpcloud,Boulder,100.0,18.1.2023,12%,Security,https://jumpcloud.com...,Series F,$416,United States,18.1.2023
nCino,Wilmington,100.0,18.1.2023,7%,Finance,https://portcitydaily.co...,Post-I...,"$1,100",United States,19.1.2023
Starry,Boston,100.0,18.1.2023,24%,Other,https://seekingalpha.co...,Post-I...,$260,United States,19.1.2023
Hootsuite,Vancouver,70.0,18.1.2023,7%,Marketing,https://www.theglobea...,Series C,$300,Canada,18.1.2023
Clue,BerlinNo,31.0,18.1.2023,31%,Healthcare,https://www.businessin...,Unkno...,$47,Germany,18.1.2023
Addepar,SF Bay Area,20.0,18.1.2023,3%,Finance,https://fortune.com/20...,Series F,$491,United States,18.1.2023
80 Acres Farms,Cincinnati,,18.1.2023,10%,Food,https://www.bizjournal...,Unkno...,$275,United States,19.1.2023
Aiven,Helsinki,,18.1.2023,20%,Infrastru...,https://aiven.io/blog/a-...,Series D,$420,Finland,18.1.2023
Bally's Interactive,Providence,,18.1.2023,15%,Consumer,https://www.legalsport...,Post-I...,$946,United States,21.1.2023
Betterfly,Santiago,,18.1.2023,30%,Healthcare,https://www.eleconomi...,Series C,$204,Chile,20.1.2023
Cazoo,London,,18.1.2023,,Transpor...,https://sifted.eu/article...,Post-I...,"$2,000",United Kin...,19.1.2023
Coda,SF Bay Area,,18.1.2023,,Other,Internal memo,Series D,$240,United States,16.2.2023
Cypress.io,Atlanta,,18.1.2023,,Product,https://www.linkedin.c...,Series B,$54,United States,20.1.2023
Lucid Diagnostics,New York City,,18.1.2023,20%,Healthcare,https://www.genomew...,Post-I...,,United States,26.1.2023
Mavenir,Dallas,,18.1.2023,,Infrastru...,https://www.fiercewirel...,Acquir...,$854,United States,21.1.2023
Redbubble,Melbourne,,18.1.2023,14%,Retail,https://www.afr.com/c...,Post-I...,$55,Australia,18.1.2023
Lightspeed Com...,Montreal,300.0,17.1.2023,10%,Retail,https://www.prnewswir...,Post-I...,"$1,200",Canada,17.1.2023
Unity,SF Bay Area,284.0,17.1.2023,3%,Other,https://www.wsj.com/a...,Post-I...,"$1,300",United States,17.1.2023
Britishvolt,London,206.0,17.1.2023,100%,Transpor...,https://www.nytimes.co...,Unkno...,"$2,400",United Kin...,18.1.2023
Clutch,Toronto,150.0,17.1.2023,,Transpor...,https://www.theglobea...,Unkno...,$253,Canada,18.1.2023
Exotel,Bengaluru,142.0,17.1.2023,15%,Support,https://inc42.com/buzz...,Series D,$87,India,18.1.2023
Unico,Sao Paulo,110.0,17.1.2023,10%,Other,https://startups.com.br...,Series D,$336,Brazil,18.1.2023
Tul,BogotaN,100.0,17.1.2023,,Construc...,https://www.valoraanal...,Series B,$218,Colombia,19.1.2023
American Robotics,Boston,50.0,17.1.2023,65%,Other,https://www.bostonglo...,Acquir...,$92,United States,20.1.2023
Luxury Presence,Los Angeles,44.0,17.1.2023,,Real Estate,https://www.inman.co...,Series B,$31,United States,19.1.2023
RingCentral,SF Bay Area,30.0,17.1.2023,,Other,https://www.channelfut...,Post-I...,$44,United States,18.1.2023
Avaya,Durham,,17.1.2023,,Other,https://www.bizjournal...,Post-I...,$700,United States,1.8.2023
Fishbrain,Stockholm,,17.1.2023,,Consumer,https://www.breakit.se/...,Unkno...,$59,Sweden,21.1.2023
GoMechanic,Gurugram,,17.1.2023,70%,Transpor...,https://inc42.com/buzz...,Series C,$54,India,18.1.2023
LiveVox,SF Bay Area,,17.1.2023,16%,Support,https://www.marketscr...,Post-I...,$12,United States,21.1.2023
Oracle,SF Bay Area,,17.1.2023,,Other,https://www.businessin...,Post-I...,,United States,27.1.2023
Rappi,Buenos Aires,,17.1.2023,,Food,https://www.bloomber...,Unkno...,"$2,300",Argentina,20.1.2023
RateGenius,Austin,,17.1.2023,,Finance,https://www.bizjournal...,Acquir...,$2,United States,19.1.2023
XP,Sao Paulo,,17.1.2023,,Finance,https://braziljournal.co...,Post-I...,,Brazil,27.1.2023
PagBank,Sao Paulo,500.0,16.1.2023,7%,Finance,https://www.terra.com....,Post-I...,,Brazil,17.1.2023
ShareChat,Bengaluru,500.0,16.1.2023,20%,Consumer,https://inc42.com/buzz...,Series H,"$1,700",India,16.1.2023
Gramophone,IndoreN,75.0,16.1.2023,,Food,https://economictimes....,Series B,$17,India,16.1.2023
ClearCo,Toronto,50.0,16.1.2023,30%,Finance,https://betakit.com/mi...,Series C,$698,Canada,16.1.2023
Dunzo,Bengaluru,,16.1.2023,3%,Food,https://yourstory.com/...,Unkno...,$382,India,16.1.2023
Ignition,SydneyN,,16.1.2023,10%,Finance,https://www.linkedin.c...,Series C,$74,Australia,17.1.2023
Rebel Foods,Mumbai,,16.1.2023,2%,Food,https://yourstory.com/...,Unkno...,$548,India,16.1.2023
Captain Fresh,Bengaluru,120.0,15.1.2023,,Food,https://economictimes....,Series C,$126,India,16.1.2023
Snappy,New York City,100.0,15.1.2023,30%,Marketing,https://www.calcalistec...,Series C,$104,United States,19.1.2023
BharatAgri,Mumbai,40.0,15.1.2023,43%,Food,https://economictimes....,Series A,$21,India,16.1.2023
DeHaat,PatnaNo,,15.1.2023,5%,Food,https://economictimes....,Series E,$254,India,16.1.2023
Black Shark,Shenzen,900.0,13.1.2023,,Hardware,https://www.scmp.com...,Unkno...,,China,23.1.2023
Ola,Bengaluru,200.0,13.1.2023,,Transpor...,https://www.businessto...,Series J,"$5,000",India,13.1.2023
Bonterra,Austin,140.0,13.1.2023,10%,Other,https://www.thenonpro...,Unkno...,,United States,17.1.2023
Vial,SF Bay Area,40.0,13.1.2023,,Healthcare,https://www.businessin...,Series B,$101,United States,14.1.2023
Arch Oncology,Brisbane,,13.1.2023,100%,Healthcare,https://endpts.com/sco...,Series C,$155,United States,14.1.2023
Carvana,Phoenix,,13.1.2023,,Transpor...,https://www.wsj.com/a...,Post-I...,"$1,600",United States,14.1.2023
CoSchedule,Bismarck,,13.1.2023,,Marketing,https://www.inforum.c...,Unkno...,$2,United States,14.1.2023
GoCanvas,Washington D,,13.1.2023,,Other,https://www.linkedin.c...,Acquir...,$21,United States,18.1.2023
Jellyfish,Boston,,13.1.2023,9%,Product,https://www.bizjournal...,Series C,$114,United States,14.1.2023
Lending Club,SF Bay Area,225.0,12.1.2023,14%,Finance,https://www.bloomber...,Post-I...,$392,United States,12.1.2023
SmartNews,TokyoNo,120.0,12.1.2023,40%,Media,https://techcrunch.com...,Series F,$410,Japan,13.1.2023
Skit.ai,Bengaluru,115.0,12.1.2023,,Support,https://inc42.com/buzz...,Series B,$28,India,14.1.2023
Pier,Sao Paulo,111.0,12.1.2023,39%,Finance,https://startups.com.br...,Series B,$42,Brazil,12.1.2023
Blockchain.com,London,110.0,12.1.2023,28%,Crypto,https://www.coindesk.c...,Series D,$490,United Kin...,12.1.2023
Lattice,SF Bay Area,105.0,12.1.2023,15%,HR,https://lattice.com/blo...,Series F,$328,United States,12.1.2023
Greenlight,Atlanta,104.0,12.1.2023,21%,Finance,https://techcrunch.com...,Series D,$556,United States,12.1.2023
Cashfree Payments,Bengaluru,100.0,12.1.2023,,Finance,https://economictimes....,Series B,$41,India,12.1.2023
Mapbox,Washington D,64.0,12.1.2023,,Data,https://twitter.com/Ma...,Unkno...,$334,United States,20.1.2023
Definitive Healthc...,Boston,55.0,12.1.2023,6%,Healthcare,https://www.cmlviz.co...,Post-I...,,United States,13.1.2023
Akili Labs,Boston,46.0,12.1.2023,30%,Healthcare,https://bhbusiness.com...,Post-I...,$301,United States,14.1.2023
Career Karma,SF Bay Area,22.0,12.1.2023,,Education,https://techcrunch.com...,Series B,$51,United States,12.1.2023
Crypto.com,Singapore,,12.1.2023,20%,Crypto,https://www.coindesk.c...,Unkno...,,Singapore,13.1.2023
Life360,SF Bay Area,,12.1.2023,14%,Consumer,https://investors.life360...,Post-I...,$158,United States,13.1.2023
Rock Content,Miami,,12.1.2023,15%,Marketing,https://www.terra.com....,Series B,$34,United States,12.1.2023
Flexport,SF Bay Area,640.0,11.1.2023,20%,Logistics,https://www.cnbc.com/...,Series E,"$2,400",United States,11.1.2023
Qualtrics,Salt Lake City,270.0,11.1.2023,5%,Other,https://www.marketwat...,Post-I...,$400,United States,12.1.2023
Verily,SF Bay Area,250.0,11.1.2023,15%,Healthcare,https://www.theinform...,Subsi...,"$3,500",United States,11.1.2023
Tipalti,SF Bay Area,123.0,11.1.2023,11%,Finance,https://www.calcalistec...,Series F,$565,United States,12.1.2023
Jumio,SF Bay Area,100.0,11.1.2023,6%,Security,https://www.biometric...,Privat...,$205,United States,12.1.2023
CoinDCX,Mumbai,80.0,11.1.2023,,Crypto,https://www.moneycon...,Series D,$244,India,12.1.2023
HashiCorp,SF Bay Area,69.0,11.1.2023,,Security,https://www.linkedin.c...,Post-I...,$349,United States,12.1.2023
Embark Vet,Boston,41.0,11.1.2023,,Healthcare,https://www.linkedin.c...,Series B,$94,United States,12.1.2023
Intrinsic,SF Bay Area,40.0,11.1.2023,20%,Other,https://www.theinform...,Acquir...,,United States,12.1.2023
Citizen,New York City,33.0,11.1.2023,,Consumer,https://techcrunch.com...,Series C,$133,United States,12.1.2023
Carta,SF Bay Area,,11.1.2023,10%,HR,https://techcrunch.com...,Series G,"$1,100",United States,11.1.2023
Limeade,Seattle,,11.1.2023,15%,HR,https://www.geekwire.c...,Series C,$33,United States,12.1.2023
Oyster,Charlotte,,11.1.2023,,HR,https://oysterhr.notion....,Series C,$224,United States,11.1.2023
Paddle,London,,11.1.2023,8%,Finance,https://www.linkedin.c...,Series D,$293,United Kin...,12.1.2023
Coinbase,SF Bay Area,950.0,10.1.2023,20%,Crypto,https://www.cnbc.com/...,Post-I...,$549,United States,10.1.2023
Informatica,SF Bay Area,450.0,10.1.2023,7%,Data,https://www.channelfut...,Post-I...,,United States,11.1.2023
Blend,SF Bay Area,340.0,10.1.2023,28%,Finance,https://www.inman.co...,Post-I...,$665,United States,11.1.2023
Till Payments,SydneyN,120.0,10.1.2023,,Finance,https://www.afr.com/te...,Series C,$95,Australia,11.1.2023
ConsenSys,New York City,100.0,10.1.2023,11%,Crypto,https://www.coindesk.c...,Series D,$726,United States,11.1.2023
ForeScout,Tel AvivN,100.0,10.1.2023,10%,Security,https://www.calcalistec...,Acquir...,$125,Israel,10.1.2023
Thinkific,Vancouver,76.0,10.1.2023,19%,Education,https://betakit.com/thi...,Post-I...,$22,Canada,11.1.2023
LEAD,Mumbai,60.0,10.1.2023,,Education,https://inc42.com/buzz...,Series E,$190,India,11.1.2023
Parler,Nashville,60.0,10.1.2023,75%,Consumer,https://www.theverge.c...,Series B,$36,United States,11.1.2023
GoBolt,Toronto,55.0,10.1.2023,5%,Logistics,https://betakit.com/go...,Series C,$178,Canada,11.1.2023
Relevel,Bengaluru,40.0,10.1.2023,20%,HR,https://inc42.com/buzz...,Unkno...,,India,12.1.2023
StreamElements,Tel AvivN,40.0,10.1.2023,20%,Media,https://www.calcalistec...,Series B,$111,Israel,11.1.2023
Cart.com,Austin,25.0,10.1.2023,4%,Retail,https://www.theinform...,Unkno...,$383,United States,16.11.2023
100 Thieves,Los Angeles,,10.1.2023,,Retail,https://www.dexerto.co...,Series C,$120,United States,12.1.2023
Beamery,London,,10.1.2023,12%,HR,https://tech.eu/2023/0...,Series D,$223,United Kin...,11.1.2023
Cart.com,Austin,,10.1.2023,,Retail,https://www.bizjournal...,Unkno...,$383,United States,11.1.2023
Citrix,Miami,,10.1.2023,15%,Infrastru...,https://techcrunch.com...,Acquir...,$20,United States,11.1.2023
Esper,Seattle,,10.1.2023,21%,Other,https://www.geekwire.c...,Series A,$10,United States,12.1.2023
WHOOP,Boston,,10.1.2023,4%,Fitness,https://www.businessin...,Series F,$404,United States,12.1.2023
Fate Therapeutics,San Diego,315.0,9.1.2023,57%,Healthcare,https://www.sandiegou...,Post-I...,"$1,200",United States,13.1.2023
Century Therapeu...,Philadelphia,,9.1.2023,,Healthcare,https://www.bizjournal...,Post-I...,$560,United States,20.1.2023
Editas Medicine,Boston,,9.1.2023,20%,Healthcare,https://endpts.com/edi...,Post-I...,$656,United States,20.1.2023
Scale AI,SF Bay Area,,9.1.2023,20%,Data,https://scale.com/blog/...,Series E,$602,United States,10.1.2023
Minute Media,London,50.0,8.1.2023,10%,Media,https://www.calcalistec...,Series I,$160,United Kin...,9.1.2023
WalkMe,SF Bay Area,43.0,8.1.2023,3%,Other,https://www.calcalistec...,Post-I...,$307,United States,9.1.2023
Integrate,Phoenix,,7.1.2023,,Marketing,https://www.linkedin.c...,Acquir...,$80,United States,22.3.2023
Huobi,BeijingN,275.0,6.1.2023,20%,Crypto,https://www.reuters.co...,Unkno...,$2,China,7.1.2023
Carbon Health,SF Bay Area,200.0,6.1.2023,,Healthcare,https://twitter.com/ere...,Series D,$522,United States,7.1.2023
Bounce,Bengaluru,40.0,6.1.2023,5%,Transpor...,https://www.moneycon...,Series D,$214,India,9.1.2023
Aware,Columbus,,6.1.2023,,Security,https://www.bizjournal...,Series C,$88,United States,7.1.2023
CareerArc,Los Angeles,,6.1.2023,,HR,https://www.linkedin.c...,Privat...,$30,United States,9.1.2023
CreateMe,SF Bay Area,,6.1.2023,,Manufac...,https://www.bizjournal...,Unkno...,,United States,9.1.2023
Lantern,Grand Rapids,,6.1.2023,100%,Retail,https://www.linkedin.c...,Seed,$40,United States,12.1.2023
Mojo Vision,SF Bay Area,,6.1.2023,75%,Hardware,https://techcrunch.com...,Series B,$204,United States,7.1.2023
SuperRare,Wilmington,,6.1.2023,30%,Crypto,https://techcrunch.com...,Series A,$9,United States,7.1.2023
Cue,San Diego,388.0,5.1.2023,,Healthcare,https://www.360dx.co...,Post-I...,$999,United States,7.1.2023
SoundHound,SF Bay Area,200.0,5.1.2023,50%,Other,https://gizmodo.com/s...,Post-I...,$326,United States,5.1.2023
Socure,Reno,104.0,5.1.2023,19%,Finance,https://www.biometric...,Series E,$646,United States,6.1.2023
Genesis,New York City,60.0,5.1.2023,30%,Crypto,https://www.cnbc.com/...,Series A,,United States,5.1.2023
Moglix,Singapore,40.0,5.1.2023,2%,Retail,https://inc42.com/buzz...,Series F,$472,Singapore,6.1.2023
Twitter,SF Bay Area,40.0,5.1.2023,,Consumer,https://www.theinform...,Post-I...,"$12,900",United States,7.1.2023
Everlane,SF Bay Area,30.0,5.1.2023,17%,Retail,https://www.theinform...,Unkno...,$176,United States,6.1.2023
Pecan AI,Tel AvivN,30.0,5.1.2023,25%,Data,https://www.calcalistec...,Series C,$116,Israel,9.1.2023
Personetics,New York City,30.0,5.1.2023,8%,Support,https://www.calcalistec...,Privat...,$178,United States,6.1.2023
Twine Solutions,Tel AvivN,30.0,5.1.2023,33%,Hardware,https://www.calcalistec...,Unkno...,$50,Israel,9.1.2023
UpScalio,Gurugram,25.0,5.1.2023,15%,Retail,https://www.techinasia....,Series B,$62,India,6.1.2023
Attentive,New York City,,5.1.2023,15%,Marketing,https://www.modernret...,Series E,$863,United States,7.1.2023
Compass,New York City,,5.1.2023,,Real Estate,https://www.bloomber...,Post-I...,"$1,600",United States,5.1.2023
Megaport,Brisbane,,5.1.2023,,Infrastru...,https://www.afr.com/te...,Post-I...,$98,Australia,6.1.2023
Stitch Fix,SF Bay Area,,5.1.2023,20%,Retail,https://www.cnbc.com/...,Post-I...,$79,United States,5.1.2023
TCR2,Boston,,5.1.2023,40%,Healthcare,https://www.cmlviz.co...,Post-I...,$173,United States,6.1.2023
Amazon,Seattle,8000.0,4.1.2023,2%,Retail,https://www.wsj.com/a...,Post-I...,$108,United States,5.1.2023
Salesforce,SF Bay Area,8000.0,4.1.2023,10%,Sales,https://www.nytimes.co...,Post-I...,$65,United States,4.1.2023
Astronomer,Cincinnati,76.0,4.1.2023,20%,Data,https://www.astronom...,Series C,$282,United States,7.1.2023
Kaltura,New York City,75.0,4.1.2023,11%,Media,https://en.globes.co.il/...,Post-I...,$166,United States,6.1.2023
Augury,New York City,20.0,4.1.2023,5%,Manufac...,https://www.calcalistec...,Series E,$274,United States,9.1.2023
Butterfly Network,Boston,,4.1.2023,25%,Healthcare,https://www.marketscr...,Post-I...,$530,United States,18.1.2023
Vimeo,New York City,,4.1.2023,11%,Consumer,https://vimeo.com/blo...,Post-I...,$450,United States,4.1.2023
Wyre,SF Bay Area,,4.1.2023,100%,Crypto,https://blockworks.co/...,Unkno...,$29,United States,6.1.2023
Pegasystems,Boston,245.0,3.1.2023,4%,HR,https://www.bizjournal...,Post-I...,,United States,4.1.2023
Uniphore,SF Bay Area,76.0,3.1.2023,10%,Support,https://startup.outlooki...,Series E,$620,United States,6.1.2023
Harappa,New Delhi,60.0,3.1.2023,30%,Education,https://www.businessto...,Acquir...,,India,4.1.2023
Bytedance,Shanghai,,3.1.2023,10%,Consumer,https://pandaily.com/b...,Unkno...,"$9,400",China,4.1.2023
Amdocs,St. Louis,700.0,2.1.2023,3%,Support,https://www.calcalistec...,Post-I...,,United States,7.7.2023
Micron,Boise,4800.0,1.1.2023,10%,Hardware,https://www.forbes.co...,Post-I...,$50,United States,1.4.2023
Graphcore,BeijingN,,1.1.2023,,Hardware,https://www.bloomber...,Series E,$682,China,23.11.2023
Ezoic,San Diego,35.0,31.12.2022,,Infrastru...,https://www.businessin...,Series A,$39,United States,21.7.2023
Gousto,London,,31.12.2022,14%,Food,https://news.sky.com/s...,Unkno...,$675,United Kin...,14.3.2023
Mara,NairobiN,,31.12.2022,,Crypto,https://techcabal.com/...,Seed,$23,Kenya,8.6.2023
Bilibili,Shanghai,,27.12.2022,30%,Media,https://technode.com/...,Post-I...,"$3,700",China,30.12.2022
Octopus Network,Beau Vallon,,27.12.2022,40%,Crypto,https://heraldsheets.co...,Series A,$8,Seychelles,30.12.2022
PayU,Amsterdam,150.0,26.12.2022,6%,Finance,https://www.livemint.c...,Acquir...,,Netherlands,27.12.2022
Element,London,,25.12.2022,15%,Other,https://news.ycombinat...,Series B,$96,United Kin...,1.3.2023
Willow,SydneyN,99.0,23.12.2022,22%,Real Estate,https://www.afr.com/te...,Unkno...,,Australia,9.1.2023
Back Market,ParisNon,93.0,23.12.2022,13%,Retail,https://sifted.eu/article...,Series E,"$1,000",France,27.12.2022
Zoopla,London,50.0,23.12.2022,,Real Estate,https://www.linkedin.c...,Series C,$25,United Kin...,31.12.2022
Qualcomm,San Diego,153.0,22.12.2022,,Hardware,https://www.sandiegou...,Post-I...,,United States,4.1.2023
TuSimple,San Diego,350.0,21.12.2022,25%,Transpor...,https://techcrunch.com...,Post-I...,$648,United States,18.12.2022
Lendis,BerlinNo,,21.12.2022,50%,Other,https://www.linkedin.c...,Series A,$90,Germany,21.12.2022
Chope,Singapore,65.0,20.12.2022,24%,Food,https://www.techinasia....,Series E,$50,Singapore,28.12.2022
Briza,Toronto,26.0,20.12.2022,40%,Finance,https://betakit.com/ce...,Series A,$10,Canada,20.12.2022
StreetBees,London,,20.12.2022,,Data,https://www.linkedin.c...,Unkno...,$63,United Kin...,21.1.2023
Zhihu,BeijingN,,20.12.2022,10%,Consumer,https://pandaily.com/c...,Series F,$892,China,21.12.2022
Homebot,Denver,18.0,19.12.2022,13%,Real Estate,https://homebot.ai/blo...,Acquir...,$4,United States,20.1.2023
Health IQ,SF Bay Area,,19.12.2022,,Healthcare,https://www.coverager....,Series D,$136,United States,24.12.2022
Xiaomi,BeijingN,,19.12.2022,,Consumer,https://technode.com/...,Post-I...,"$7,400",China,19.12.2022
YourGrocer,Melbourne,,19.12.2022,100%,Food,https://www.startupdail...,Unkno...,$2,Australia,27.12.2022
Tomorrow,Hamburg,30.0,16.12.2022,25%,Finance,https://www.businessin...,Unkno...,$29,Germany,18.12.2022
Revelate,Montreal,24.0,16.12.2022,30%,Data,https://betakit.com/lay...,Series A,$26,Canada,19.12.2022
E Inc.,Toronto,,16.12.2022,,Transpor...,https://betakit.com/lay...,Post-I...,,Canada,19.12.2022
Autograph,Los Angeles,,16.12.2022,,Crypto,https://www.businessin...,Series B,$205,United States,19.12.2022
FreshBooks,Toronto,,16.12.2022,,Finance,https://betakit.com/lay...,Unkno...,$331,Canada,22.3.2023
Improbable,London,,16.12.2022,10%,Other,https://news.sky.com/s...,Unkno...,$704,United Kin...,18.12.2022
Modern Treasury,SF Bay Area,,16.12.2022,18%,Finance,Internal memo,Series C,$183,United States,21.12.2022
Reach,CalgaryN,,16.12.2022,12%,Retail,https://betakit.com/lay...,Series A,$30,Canada,19.12.2022
SonderMind,Denver,,16.12.2022,15%,Healthcare,https://www.bizjournal...,Series C,$183,United States,18.12.2022
BigCommerce,Austin,180.0,15.12.2022,13%,Retail,https://www.marketwat...,Post-I...,$224,United States,15.12.2022
Freshworks,SF Bay Area,90.0,15.12.2022,2%,Support,https://inc42.com/buzz...,Post-I...,$484,United States,15.12.2022
LeafLink,New York City,80.0,15.12.2022,31%,Other,https://mjbizdaily.com/...,Series C,$379,United States,1.2.2023
Workmotion,BerlinNo,60.0,15.12.2022,20%,HR,https://www.startbase.c...,Series B,$76,Germany,4.1.2023
Apollo,SF Bay Area,,15.12.2022,15%,Product,https://www.apollogra...,Series D,$183,United States,15.12.2022
JD.ID,JakartaN,200.0,14.12.2022,30%,Retail,https://jakartaglobe.id/...,Post-I...,"$5,100",Indonesia,15.12.2022
GoStudent,ViennaN,100.0,14.12.2022,,Education,https://www.businessin...,Series D,$686,Austria,15.12.2022
Quanergy Systems,SF Bay Area,72.0,14.12.2022,,Transpor...,https://www.bizjournal...,Post-I...,$175,United States,15.12.2022
Headspace,Los Angeles,50.0,14.12.2022,4%,Healthcare,https://www.bloomber...,Unkno...,$215,United States,15.12.2022
ChowNow,Los Angeles,40.0,14.12.2022,10%,Food,https://www.restaurant...,Series C,$64,United States,15.12.2022
Landing,Birmingham,,14.12.2022,,Real Estate,https://www.al.com/bu...,Series C,$347,United States,15.12.2022
Thumbtack,SF Bay Area,160.0,13.12.2022,14%,Consumer,Internal memo,Series I,$698,United States,13.12.2022
Edgio,Phoenix,95.0,13.12.2022,10%,Infrastru...,https://www.marketscr...,Post-I...,$462,United States,15.12.2022
Komodo Health,SF Bay Area,78.0,13.12.2022,9%,Healthcare,https://techcrunch.com...,Series E,$514,United States,13.12.2022
Viant,Los Angeles,46.0,13.12.2022,13%,Marketing,https://www.businessin...,Post-I...,,United States,21.12.2022
TaxBit,Salt Lake City,,13.12.2022,,Crypto,https://www.axios.com...,Series B,$235,United States,18.12.2022
Pluralsight,Salt Lake City,400.0,12.12.2022,20%,Education,https://www.pluralsight...,Acquir...,$192,United States,12.12.2022
Freshly,Phoenix,329.0,12.12.2022,,Food,https://mouthbysouth...,Acquir...,$107,United States,14.12.2022
Balto,St. Louis,35.0,12.12.2022,,Sales,https://www.bizjournal...,Series B,$51,United States,13.12.2022
Caribou,Washington D,,12.12.2022,,Finance,https://coverager.com/...,Series C,$189,United States,12.1.2023
Outschool,SF Bay Area,43.0,10.12.2022,25%,Education,https://techcrunch.com...,Series D,$240,United States,13.12.2022
Xentral,MunichN,20.0,10.12.2022,10%,Product,https://www.businessin...,Series B,$94,Germany,13.12.2022
Autobooks,Detroit,,10.12.2022,,Finance,https://www.crainsdetr...,Series C,$97,United States,11.12.2022
Convene,New York City,,10.12.2022,,Real Estate,https://www.linkedin.c...,Unkno...,$281,United States,13.12.2022
PharmEasy,Mumbai,,10.12.2022,,Healthcare,https://inc42.com/buzz...,Unkno...,"$1,600",India,11.12.2022
Playtika,Tel AvivN,600.0,9.12.2022,15%,Consumer,https://en.globes.co.il/...,Post-I...,,Israel,11.12.2022
Bol.com,UtrechtN,300.0,9.12.2022,10%,Retail,https://ecommercenew...,Acquir...,,Netherlands,5.2.2024
Share Now,BerlinNo,150.0,9.12.2022,36%,Transpor...,https://www.businessin...,Acquir...,,Germany,13.12.2022
Alice,Sao Paulo,113.0,9.12.2022,16%,Healthcare,https://startups.com.br...,Series C,$174,Brazil,11.12.2022
Primer,London,85.0,9.12.2022,33%,Finance,https://techcrunch.com...,Series B,$73,United Kin...,9.12.2022
OneFootball,BerlinNo,62.0,9.12.2022,12%,Marketing,https://company.onefo...,Series D,$442,Germany,21.12.2022
C2FO,Kansas City,20.0,9.12.2022,2%,Finance,https://www.bizjournal...,Series H,$537,United States,11.12.2022
Brodmann17,Tel AvivN,,9.12.2022,100%,Other,https://techcrunch.com...,Series A,$25,Israel,11.12.2022
Digital Surge,Brisbane,,9.12.2022,100%,Crypto,https://www.9news.co...,Unkno...,,Australia,11.12.2022
N-able Technolog...,Raleigh,,9.12.2022,,Other,,Post-I...,$225,United States,9.12.2022
ZenLedger,Seattle,,9.12.2022,10%,Crypto,https://blockworks.co/...,Series B,$25,United States,11.12.2022
Airtable,SF Bay Area,254.0,8.12.2022,20%,Product,https://techcrunch.com...,Series F,"$1,400",United States,8.12.2022
Swiggy,Bengaluru,250.0,8.12.2022,3%,Food,https://inc42.com/buzz...,Unkno...,"$3,600",India,9.12.2022
Glints,Singapore,198.0,8.12.2022,18%,HR,https://www.techinasia....,Series D,$82,Singapore,9.12.2022
Buser,Sao Paulo,160.0,8.12.2022,30%,Transpor...,https://startups.com.br...,Series C,$138,Brazil,11.12.2022
BlackLine,Los Angeles,95.0,8.12.2022,5%,Finance,https://seekingalpha.co...,Privat...,$220,United States,11.12.2022
Chrono24,Karlsruhe,80.0,8.12.2022,,Retail,https://www.tag24.de/c...,Series C,$205,Germany,15.1.2023
Otonomo,Tel AvivN,80.0,8.12.2022,50%,Transpor...,https://www.calcalistec...,Post-I...,$231,Israel,11.12.2022
TechTarget,Boston,60.0,8.12.2022,5%,Marketing,https://www.marketwat...,Post-I...,$115,United States,11.12.2022
Inscripta,Boulder,43.0,8.12.2022,,Healthcare,https://www.genomew...,Series E,$459,United States,9.12.2022
CyCognito,SF Bay Area,30.0,8.12.2022,15%,Security,https://www.calcalistec...,Series C,$153,United States,9.12.2022
Armis,SF Bay Area,25.0,8.12.2022,4%,Security,https://www.calcalistec...,Privat...,$537,United States,11.12.2022
Bakkt,Atlanta,,8.12.2022,15%,Crypto,https://bakkt.com/new...,Post-I...,$932,United States,11.12.2022
Blue Apron,New York City,,8.12.2022,10%,Food,https://investors.bluea...,Post-I...,$352,United States,8.12.2022
FireHydrant,New York City,,8.12.2022,,Infrastru...,https://www.linkedin.c...,Series B,$32,United States,11.12.2022
Lenovo,Raleigh,,8.12.2022,,Hardware,https://wraltechwire.co...,Post-I...,$850,United States,30.12.2022
Nerdy,St. Louis,,8.12.2022,17%,Education,https://www.bizjournal...,Post-I...,$150,United States,11.12.2022
Vanta,SF Bay Area,,8.12.2022,14%,Security,LinkedIn,Series B,$203,United States,11.12.2022
Vedantu,Bengaluru,385.0,7.12.2022,,Education,https://economictimes....,Series E,$292,India,7.12.2022
Loft,Sao Paulo,312.0,7.12.2022,12%,Real Estate,https://www.bloomber...,Unkno...,$788,Brazil,8.12.2022
Plaid,SF Bay Area,260.0,7.12.2022,20%,Finance,https://techcrunch.com...,Series D,$734,United States,7.12.2022
Motive,SF Bay Area,237.0,7.12.2022,6%,Transpor...,https://gomotive.com/...,Series F,$567,United States,8.12.2022
Recur Forever,Miami,235.0,7.12.2022,,Crypto,https://www.classactio...,Series A,$55,United States,20.1.2023
Relativity,Chicago,150.0,7.12.2022,10%,Legal,https://www.chicagobu...,Privat...,$125,United States,8.12.2022
Voi,Stockholm,130.0,7.12.2022,13%,Transpor...,https://www.breakit.se/...,Series D,$515,Sweden,8.12.2022
Integral Ad Science,New York City,120.0,7.12.2022,13%,Marketing,https://investors.integr...,Acquir...,$116,United States,8.12.2022
Houzz,SF Bay Area,95.0,7.12.2022,8%,Consumer,https://en.globes.co.il/...,Series E,$613,United States,21.12.2022
Grover,BerlinNo,40.0,7.12.2022,10%,Retail,https://www.businessin...,Unkno...,"$2,300",Germany,7.12.2022
Lev,New York City,30.0,7.12.2022,30%,Real Estate,https://therealdeal.com...,Series B,$114,United States,11.12.2022
Lithic,New York City,27.0,7.12.2022,18%,Finance,https://www.axios.com...,Series C,$115,United States,9.12.2022
CircleCI,SF Bay Area,,7.12.2022,17%,Product,https://circleci.com/blo...,Series F,$315,United States,7.12.2022
Detectify,Stockholm,,7.12.2022,,Security,https://www.breakit.se/...,Unkno...,$42,Sweden,23.10.2023
Sayurbox,JakartaN,,7.12.2022,5%,Food,https://www.techinasia....,Series C,$139,Indonesia,9.12.2022
Zywave,Milwaukee,,7.12.2022,,Finance,https://www.bizjournal...,Acquir...,,United States,9.12.2022
Doma,SF Bay Area,515.0,6.12.2022,40%,Finance,https://investor.doma.c...,Post-I...,$679,United States,7.12.2022
Intel,SF Bay Area,201.0,6.12.2022,,Hardware,https://www.crn.com/n...,Post-I...,$12,United States,30.12.2022
BuzzFeed,New York City,180.0,6.12.2022,12%,Media,https://variety.com/202...,Post-I...,$696,United States,6.12.2022
Weedmaps,Los Angeles,175.0,6.12.2022,25%,Other,https://www.businessin...,Acquir...,,United States,7.12.2022
Adobe,SF Bay Area,100.0,6.12.2022,,Marketing,https://www.bloomber...,Post-I...,$2,United States,7.12.2022
Chipper Cash,SF Bay Area,50.0,6.12.2022,13%,Finance,https://techcrunch.com...,Series C,$302,United States,7.12.2022
Stash,New York City,32.0,6.12.2022,8%,Finance,https://lp.stash.com/ne...,Unkno...,$480,United States,7.12.2022
Perimeter 81,Tel AvivN,20.0,6.12.2022,8%,Security,https://www.calcalistec...,Series C,$165,Israel,7.12.2022
Koinly,London,16.0,6.12.2022,14%,Crypto,https://blockworks.co/...,Unkno...,,United Kin...,7.12.2022
Bridgit,Waterloo,13.0,6.12.2022,13%,Construc...,https://www.therecord....,Series B,$36,Canada,19.12.2022
Filevine,Salt Lake City,,6.12.2022,,Legal,https://www.axios.com...,Series D,$226,United States,18.12.2022
Moove,LagosNo,,6.12.2022,,Transpor...,https://techpoint.africa...,Unkno...,$630,Nigeria,21.12.2022
Nextiva,Phoenix,,6.12.2022,17%,Other,https://www.channelfut...,Privat...,$200,United States,7.12.2022
OneStudyTeam,Boston,,6.12.2022,25%,Healthcare,https://www.mobihealt...,Series D,$479,United States,7.12.2022
Zuora,SF Bay Area,,6.12.2022,11%,Finance,https://www.morningst...,Post-I...,$647,United States,7.12.2022
Swyftx,Brisbane,90.0,5.12.2022,40%,Crypto,https://www.smh.com.a...,Unkno...,,Australia,5.12.2022
Aqua Security,Boston,65.0,5.12.2022,10%,Security,https://www.calcalistec...,Series E,$265,United States,6.12.2022
DataRails,Tel AvivN,30.0,5.12.2022,18%,Finance,https://www.calcalistec...,Series B,$103,Israel,6.12.2022
Elemy,SF Bay Area,,5.12.2022,,Healthcare,https://bhbusiness.com...,Series B,$323,United States,6.12.2022
Route,Lehi,,5.12.2022,,Retail,https://www.sltrib.com/...,Unkno...,$481,United States,7.12.2022
Thinkific,Vancouver,,5.12.2022,,Education,https://techcouver.com...,Post-I...,$22,Canada,19.12.2022
OYO,Gurugram,600.0,3.12.2022,,Travel,https://www.livemint.c...,Series F,"$4,000",India,4.12.2022
HealthifyMe,Bengaluru,150.0,3.12.2022,,Fitness,https://inc42.com/buzz...,Series C,$100,India,5.12.2022
Bybit,Singapore,,3.12.2022,30%,Crypto,https://cointelegraph.c...,Unkno...,,Singapore,5.12.2022
Cognyte,Tel AvivN,100.0,2.12.2022,5%,Security,https://www.globes.co.i...,Unkno...,,Israel,5.12.2022
ShareChat,Bengaluru,100.0,2.12.2022,,Consumer,https://www.india.com/...,Unkno...,"$1,700",India,3.12.2022
Polly,Burlington,47.0,2.12.2022,15%,Finance,https://vtdigger.org/20...,Series C,$184,United States,5.12.2022
Homebound,SF Bay Area,,2.12.2022,,Real Estate,Internal memo,Unkno...,$128,United States,3.12.2022
Lora DiCarlo,Bend,,2.12.2022,100%,Consumer,https://techcrunch.com...,Unkno...,$9,United States,5.12.2022
Carousell,Singapore,110.0,1.12.2022,10%,Retail,https://www.straitstime...,Privat...,$372,Singapore,3.12.2022
Bizzabo,New York City,100.0,1.12.2022,37%,Marketing,https://www.calcalistec...,Series E,$194,United States,3.12.2022
BloomTech,SF Bay Area,88.0,1.12.2022,50%,Education,https://techcrunch.com...,Unkno...,,United States,1.12.2022
Netlify,SF Bay Area,48.0,1.12.2022,16%,Product,Internal memo,Series D,$212,United States,8.12.2022
Springbig,Miami,37.0,1.12.2022,23%,Sales,https://mjbizdaily.com/...,Post-I...,$32,United States,19.12.2022
Podium,Lehi,,1.12.2022,12%,Support,https://www.businessin...,Series D,$419,United States,1.12.2022
SQZ Biotech,Boston,,1.12.2022,60%,Healthcare,https://www.fiercebiote...,Post-I...,$229,United States,11.12.2022
Strava,SF Bay Area,,1.12.2022,14%,Fitness,https://www.bicyclereta...,Series F,$151,United States,4.12.2022
Synlogic,Boston,,1.12.2022,25%,Healthcare,https://www.fiercebiote...,Post-I...,$321,United States,11.12.2022
Yapily,London,,1.12.2022,,Finance,https://www.linkedin.c...,Series A,$69,United Kin...,3.12.2022
DoorDash,SF Bay Area,1250.0,30.11.2022,6%,Food,https://www.reuters.co...,Post-I...,"$2,500",United States,30.11.2022
Kraken,SF Bay Area,1100.0,30.11.2022,30%,Crypto,https://blog.kraken.co...,Unkno...,$134,United States,30.11.2022
Happy Money,Los Angeles,158.0,30.11.2022,34%,Finance,Internal memo,Series D,$191,United States,1.12.2022
Ula,JakartaN,134.0,30.11.2022,23%,Retail,https://dailysocial.id/p...,Series B,$140,Indonesia,1.12.2022
Wonder,New York City,130.0,30.11.2022,7%,Food,https://www.theinform...,Series B,$850,United States,1.12.2022
StudySmarter,BerlinNo,70.0,30.11.2022,,Education,https://www.startbase....,Series A,$64,Germany,12.1.2023
Grin,Sacramento,60.0,30.11.2022,13%,Marketing,https://www.theinform...,Series B,$145,United States,3.12.2022
Ualá,Buenos Aires,53.0,30.11.2022,3%,Finance,https://www.perfil.com...,Series D,$544,Argentina,1.12.2022
Teachmint,Bengaluru,45.0,30.11.2022,5%,Education,https://inc42.com/buzz...,Series B,$118,India,1.12.2022
Etermax,Buenos Aires,40.0,30.11.2022,,Other,https://www.clarin.com...,Unkno...,,Argentina,1.12.2022
Thread,London,30.0,30.11.2022,50%,Retail,https://www.draperson...,Acquir...,$40,United Kin...,11.12.2022
Nexar,New York City,25.0,30.11.2022,,Transpor...,https://www.calcalistec...,Series D,$149,United States,5.9.2023
Elastic,SF Bay Area,,30.11.2022,13%,Data,https://www.elastic.co/...,Post-I...,$162,United States,1.12.2022
Motional,Boston,,30.11.2022,,Transpor...,https://techcrunch.com...,Unkno...,,United States,3.12.2022
Pinterest,SF Bay Area,,30.11.2022,,Consumer,https://www.theinform...,Post-I...,"$1,500",United States,1.12.2022
Sana,Seattle,,30.11.2022,15%,Healthcare,https://www.fiercebiote...,Series A,$700,United States,6.1.2023
Venafi,Salt Lake City,,30.11.2022,,Security,https://www.axios.com...,Acquir...,$167,United States,18.12.2022
Bitso,Mexico City,100.0,29.11.2022,,Crypto,https://portaldobitcoin....,Series C,$378,Mexico,30.11.2022
Lyst,London,50.0,29.11.2022,25%,Retail,https://techcrunch.com...,Unkno...,$144,United Kin...,30.11.2022
CoinJar,Melbourne,10.0,29.11.2022,20%,Crypto,https://www.theaustrali...,Unkno...,$1,Australia,30.11.2022
Bitfront,SF Bay Area,,29.11.2022,100%,Crypto,https://www.reuters.co...,Unkno...,,United States,30.11.2022
Codexis,SF Bay Area,,29.11.2022,18%,Healthcare,https://www.codexis.co...,Post-I...,$162,United States,30.11.2022
Firework,SF Bay Area,,29.11.2022,10%,Retail,https://www.theinform...,Series B,$269,United States,1.12.2022
Lazerpay,LagosNo,,29.11.2022,,Crypto,https://techpoint.africa...,Unkno...,,Nigeria,30.11.2022
MessageBird,Amsterdam,,29.11.2022,31%,Other,https://tech.eu/2022/1...,Series C,"$1,100",Netherlands,30.11.2022
Plerk,Guadalajara,,29.11.2022,40%,Finance,https://www.linkedin.c...,Series A,$13,Mexico,30.11.2022
Proton.ai,Boston,,29.11.2022,,Sales,https://docs.google.co...,Series A,$20,United States,3.12.2022
Infarm,BerlinNo,500.0,28.11.2022,50%,Other,https://www.infarm.co...,Series D,$604,Germany,29.11.2022
Wildlife Studios,Sao Paulo,300.0,28.11.2022,20%,Consumer,https://mobilegamer.bi...,Unkno...,$260,Brazil,29.11.2022
Hirect,Bengaluru,200.0,28.11.2022,40%,Recruiting,https://www.livemint.c...,Series A,,India,29.11.2022
ApplyBoard,Waterloo,90.0,28.11.2022,6%,Education,https://www.therecord....,Series D,$483,Canada,30.11.2022
Ajaib,JakartaN,67.0,28.11.2022,8%,Finance,https://www.techinasia....,Unkno...,$245,Indonesia,30.11.2022
Candy Digital,New York City,33.0,28.11.2022,33%,Crypto,https://decrypt.co/115...,Series A,$100,United States,29.11.2022
ResearchGate,BerlinNo,25.0,28.11.2022,10%,Other,https://www.linkedin.c...,Series D,$87,Germany,28.11.2022
BlockFi,New York City,,28.11.2022,100%,Crypto,https://decrypt.co/115...,Series E,"$1,000",United States,30.11.2022
FutureLearn,London,,28.11.2022,,Education,https://www.classcentr...,Unkno...,$50,United Kin...,30.11.2022
Inspectify,Seattle,,28.11.2022,,Real Estate,https://www.bizjournal...,Series A,$11,United States,30.11.2022
Ledn,Toronto,,28.11.2022,,Crypto,https://www.theblock.c...,Series B,$103,Canada,19.12.2022
NCX,SF Bay Area,,28.11.2022,40%,Energy,https://ncx.com/learnin...,Series B,$78,United States,1.12.2022
Spora Health,SF Bay Area,,28.11.2022,100%,Healthcare,https://www.businessin...,Seed,$4,United States,1.11.2023
Change Invest,Amsterdam,,27.11.2022,24%,Finance,https://arileht.delfi.ee/a...,Unkno...,$22,Netherlands,23.1.2023
Zilch,London,,26.11.2022,,Finance,https://www.standard.c...,Unkno...,$389,United Kin...,29.11.2022
VerSe Innovation,Bengaluru,150.0,25.11.2022,5%,Media,https://techcrunch.com...,Series J,"$1,700",India,28.11.2022
Carwow,London,70.0,25.11.2022,20%,Transpor...,https://www.ft.com/co...,Unkno...,$157,United Kin...,29.11.2022
Vendease,LagosNo,27.0,25.11.2022,9%,Food,https://techcabal.com/...,Series A,$43,Nigeria,30.11.2022
Lemon,Buenos Aires,100.0,24.11.2022,38%,Crypto,https://www.forbesarg...,Series A,$17,Argentina,25.11.2022
Quidax,LagosNo,20.0,24.11.2022,20%,Crypto,https://techcabal.com/...,Unkno...,$3,Nigeria,26.11.2022
Menulog,SydneyN,,24.11.2022,,Food,https://www.smh.com.a...,Acquir...,,Australia,28.11.2022
Utopia Music,ZugNon-,,24.11.2022,,Media,https://www.musicbusi...,Series B,,Switzerland,25.11.2022
Assure,Salt Lake City,,23.11.2022,100%,Finance,https://www.axios.com...,Seed,$2,United States,25.11.2022
GoodGood,Toronto,,23.11.2022,100%,Retail,https://betakit.com/on...,Seed,$6,Canada,25.11.2022
Muni Tienda,BogotaN,,23.11.2022,100%,Other,https://www.bloomber...,Series A,$20,Colombia,10.3.2023
SWVL,CairoNo,,23.11.2022,50%,Transpor...,https://techcrunch.com...,Post-I...,$264,Egypt,25.11.2022
Western Digital,SF Bay Area,251.0,22.11.2022,,Hardware,https://www.bizjournal...,Post-I...,$900,United States,13.2.2023
SIRCLO,JakartaN,160.0,22.11.2022,8%,Retail,https://dailysocial.id/p...,Series B,$92,Indonesia,22.11.2022
Movidesk,Blumenau,118.0,22.11.2022,,Support,https://startups.com.br...,Acquir...,$11,Brazil,24.5.2023
Trax,Singapore,80.0,22.11.2022,8%,Retail,https://www.themarker...,Series E,"$1,000",Singapore,22.11.2022
Flash Coffee,Singapore,,22.11.2022,,Food,https://www.businessti...,Series B,$57,Singapore,25.11.2022
Natera,SF Bay Area,,22.11.2022,,Healthcare,https://www.bizjournal...,Post-I...,$809,United States,29.11.2022
Rapyd,Tel AvivN,,22.11.2022,,Finance,https://en.globes.co.il/...,Unkno...,$770,Israel,30.11.2022
Reynen Court,Amsterdam,,22.11.2022,,Legal,https://www.lawnext.co...,Unkno...,$23,Netherlands,26.7.2023
Jumia,LagosNo,900.0,21.11.2022,20%,Retail,https://techcrunch.com...,Post-I...,"$1,200",Nigeria,21.12.2022
Kitopi,DubaiNo,93.0,21.11.2022,10%,Food,https://www.arabianbu...,Series C,$804,UAE,23.11.2022
Devo,Boston,,21.11.2022,15%,Security,https://tekdeeps.com/t...,Series F,$481,United States,13.12.2022
GloriFi,Dallas,,21.11.2022,100%,Finance,https://www.wsj.com/a...,Unkno...,,United States,25.11.2022
Zomato,Gurugram,100.0,19.11.2022,4%,Food,https://www.businessto...,Series J,$914,India,20.11.2022
Carvana,Phoenix,1500.0,18.11.2022,8%,Transpor...,https://www.wsj.com/a...,Post-I...,"$1,600",United States,18.11.2022
Nuro,SF Bay Area,300.0,18.11.2022,20%,Transpor...,https://techcrunch.com...,Series D,"$2,100",United States,18.11.2022
Synthego,SF Bay Area,105.0,18.11.2022,20%,Healthcare,https://www.fiercebiote...,Series E,$459,United States,29.11.2022
Splyt,London,57.0,18.11.2022,,Transpor...,https://www.linkedin.c...,Series B,$34,United Kin...,19.1.2023
Capitolis,New York City,,18.11.2022,25%,Finance,https://www.risk.net/de...,Series D,$281,United States,15.12.2022
Kavak,Sao Paulo,,18.11.2022,,Transpor...,https://businessinsider....,Series E,"$1,600",Brazil,20.11.2022
Metaplex,Chicago,,18.11.2022,,Crypto,https://ambcrypto.com...,Unkno...,,United States,20.11.2022
Ruangguru,JakartaN,,18.11.2022,,Education,https://www.techinasia....,Unkno...,$205,Indonesia,21.11.2022
StoryBlocks,Washington D,,18.11.2022,25%,Media,https://www.linkedin.c...,Acquir...,$18,United States,20.11.2022
Unchained Capital,Austin,,18.11.2022,15%,Crypto,https://unchained.com/...,Series A,$33,United States,24.1.2023
Roku,SF Bay Area,200.0,17.11.2022,7%,Media,https://variety.com/202...,Post-I...,$208,United States,17.11.2022
Orchard,New York City,180.0,17.11.2022,,Real Estate,https://www.inman.co...,Series D,$472,United States,18.11.2022
Homepoint,Phoenix,113.0,17.11.2022,,Real Estate,https://www.bizjournal...,Post-I...,,United States,20.11.2022
Juni,Gothenburg,72.0,17.11.2022,33%,Finance,https://www.finextra.co...,Unkno...,$281,Sweden,20.11.2022
Chili Piper,New York City,58.0,17.11.2022,,Sales,https://www.linkedin.c...,Series B,$54,United States,17.11.2022
Capitolis,New York City,37.0,17.11.2022,25%,Finance,https://www.themarker...,Series D,$281,United States,18.11.2022
TealBook,Toronto,34.0,17.11.2022,19%,Other,https://www-theglobea...,Series B,$73,Canada,17.11.2022
Koho,Toronto,15.0,17.11.2022,4%,Finance,https://betakit.com/can...,Series D,$278,Canada,20.11.2022
&Open,DublinN,9.0,17.11.2022,9%,Marketing,https://www.irishtimes....,Series A,$35,Ireland,1.12.2022
Kandji,San Diego,,17.11.2022,17%,Other,Internal memo,Series C,$188,United States,20.11.2022
Morning Brew,New York City,,17.11.2022,14%,Media,https://twitter.com/ma...,Acquir...,,United States,20.11.2022
Symend,CalgaryN,,17.11.2022,13%,Other,https://www-theglobea...,Series C,$148,Canada,17.11.2022
Amazon,Seattle,10000.0,16.11.2022,3%,Retail,https://www.nytimes.co...,Post-I...,$108,United States,16.11.2022
Cisco,SF Bay Area,4100.0,16.11.2022,5%,Infrastru...,https://www.bizjournal...,Post-I...,$2,United States,17.11.2022
Twiga,NairobiN,211.0,16.11.2022,21%,Food,https://techcrunch.com...,Series C,$157,Kenya,30.11.2022
Wayflyer,DublinN,200.0,16.11.2022,40%,Marketing,https://sifted.eu/article...,Unkno...,$889,Ireland,17.11.2022
Similarweb,New York City,120.0,16.11.2022,10%,Other,https://en.globes.co.il/...,Post-I...,$235,United States,17.11.2022
Salsify,Boston,90.0,16.11.2022,11%,Retail,https://www.bizjournal...,Series F,$452,United States,17.11.2022
Lokalise,Dover,76.0,16.11.2022,23%,Other,https://lokalise.com/bl...,Series B,$56,United States,17.11.2022
Yotpo,New York City,70.0,16.11.2022,9%,Marketing,https://www.calcalistec...,Unkno...,$436,United States,17.11.2022
Pear Therapeutics,Boston,59.0,16.11.2022,22%,Healthcare,https://www.fiercebiote...,Post-I...,$409,United States,11.12.2022
D2L,Waterloo,,16.11.2022,5%,Education,https://www.d2l.com/n...,Post-I...,$168,Canada,17.11.2022
Dance,BerlinNo,,16.11.2022,16%,Transpor...,https://www.linkedin.c...,Unkno...,$63,Germany,17.11.2022
Homeward,Austin,,16.11.2022,25%,Real Estate,https://www.linkedin.c...,Unkno...,$501,United States,20.11.2022
Hopin,London,,16.11.2022,17%,Other,https://www.exhibition...,Series D,"$1,000",United Kin...,17.11.2022
Infogrid,London,,16.11.2022,,Other,https://www.infogrid.io...,Series A,$15,United Kin...,3.12.2022
Kite,SF Bay Area,,16.11.2022,100%,Product,https://www.kite.com/b...,Series A,$21,United States,25.11.2022
UiPath,New York City,241.0,15.11.2022,6%,Data,https://www.marketwat...,Post-I...,"$2,000",United States,17.11.2022
Asana,SF Bay Area,180.0,15.11.2022,9%,Other,https://www.linkedin.c...,Post-I...,$453,United States,15.11.2022
OwnBackup,New York City,170.0,15.11.2022,17%,Security,https://www.calcalistec...,Series E,$507,United States,17.11.2022
Deliveroo Australia,Melbourne,120.0,15.11.2022,100%,Food,https://www.abc.net.au...,Post-I...,"$1,700",Australia,17.11.2022
Productboard,SF Bay Area,100.0,15.11.2022,20%,Product,https://cc.cz/cesky-star...,Series D,,United States,17.11.2022
Properly,Toronto,71.0,15.11.2022,,Real Estate,https://inside.properly....,Series B,$154,Canada,17.11.2022
Protocol,SF Bay Area,60.0,15.11.2022,100%,Media,https://www.cnn.com/2...,Acquir...,,United States,15.11.2022
Jimdo,Hamburg,50.0,15.11.2022,16%,Other,https://www.businessin...,Unkno...,$28,Germany,17.11.2022
The Zebra,Austin,50.0,15.11.2022,,Finance,https://coverager.com/...,Series D,$256,United States,17.11.2022
Viber,Luxembourg,45.0,15.11.2022,8%,Consumer,https://www.calcalistec...,Acquir...,,Luxembourg,17.11.2022
CaptivateIQ,SF Bay Area,31.0,15.11.2022,10%,Sales,Internal memo,Series C,$164,United States,17.11.2022
Apollo Insurance,Vancouver,,15.11.2022,25%,Finance,https://www.insurance...,Series B,$11,Canada,20.11.2022
Nirvana Money,Miami,,15.11.2022,100%,Finance,https://twitter.com/_Lis...,Unkno...,,United States,16.11.2022
Oatly,MalmöN,,15.11.2022,,Food,https://www.cnn.com/2...,Post-I...,$441,Sweden,17.11.2022
OfferUp,Seattle,,15.11.2022,19%,Retail,https://www.geekwire.c...,Unkno...,$381,United States,17.11.2022
Outside,Boulder,,15.11.2022,12%,Media,https://www.crunchbas...,Series B,$174,United States,17.11.2022
Rubicon Technolo...,Lexington,,15.11.2022,11%,Other,https://www.sec.gov/Ar...,Post-I...,$382,United States,20.11.2022
Tencent,Shenzen,,15.11.2022,,Consumer,https://www.reuters.co...,Post-I...,"$12,600",China,17.11.2022
Typeform,Barcelona,,15.11.2022,,Marketing,Internal memo,Series C,$187,Spain,17.11.2022
Whispir,Melbourne,,15.11.2022,30%,Other,https://www.afr.com/te...,Post-I...,$68,Australia,17.11.2022
Illumina,San Diego,500.0,14.11.2022,5%,Healthcare,https://www.genomew...,Post-I...,$28,United States,17.11.2022
Sema4,Stamford,500.0,14.11.2022,,Healthcare,https://www.marketwat...,Post-I...,$791,United States,14.11.2022
iFit,Logan,300.0,14.11.2022,20%,Fitness,https://www.sltrib.com/...,Privat...,$200,United States,17.11.2022
Ribbon,New York City,170.0,14.11.2022,85%,Real Estate,https://www.businessin...,Series C,$405,United States,22.11.2022
Pipedrive,TallinnN,143.0,14.11.2022,15%,Sales,https://digipro.geenius....,Privat...,$90,Estonia,15.11.2022
Intercom,SF Bay Area,124.0,14.11.2022,13%,Support,https://www.siliconrep...,Series D,$240,United States,14.11.2022
Science 37,Los Angeles,90.0,14.11.2022,,Healthcare,https://www.bizjournal...,Post-I...,$347,United States,14.11.2022
Pear Therapeutics,Boston,59.0,14.11.2022,22%,Healthcare,https://peartherapeutic...,Post-I...,$409,United States,17.11.2022
Cardlytics,Atlanta,51.0,14.11.2022,,Marketing,https://www.marketscr...,Post-I...,$212,United States,15.11.2022
Cloudinary,SF Bay Area,40.0,14.11.2022,8%,Media,https://www.calcalistec...,Unkno...,$100,United States,17.11.2022
Nestcoin,LagosNo,30.0,14.11.2022,,Crypto,https://techcrunch.com...,Seed,$6,Nigeria,20.11.2022
Gokada,LagosNo,20.0,14.11.2022,,Transpor...,https://techcabal.com/...,Unkno...,$12,Nigeria,2.2.2023
Shopee,JakartaN,,14.11.2022,,Food,https://www.straitstime...,Unkno...,,Indonesia,15.11.2022
Tricida,SF Bay Area,,14.11.2022,57%,Healthcare,https://seekingalpha.co...,Post-I...,$624,United States,19.1.2023
Veev,SF Bay Area,100.0,11.11.2022,30%,Real Estate,https://www.calcalistec...,Series D,$597,United States,12.11.2022
Forto,BerlinNo,60.0,11.11.2022,8%,Logistics,https://www.deutsche-...,Series D,$593,Germany,4.1.2023
Chipax,Santiago,,11.11.2022,,Finance,https://www.linkedin.c...,Seed,$2,Chile,14.12.2022
Juniper,Atlanta,,11.11.2022,,Marketing,https://www.linkedin.c...,Acquir...,,United States,17.11.2022
Offerpad,Phoenix,,11.11.2022,7%,Real Estate,https://www.bizjournal...,Post-I...,$355,United States,17.11.2022
GoTo Group,JakartaN,1300.0,10.11.2022,12%,Transpor...,https://www.reuters.co...,Post-I...,"$1,300",Indonesia,11.11.2022
Juul,SF Bay Area,400.0,10.11.2022,30%,Consumer,https://www.cnbc.com/...,Unkno...,"$1,500",United States,10.11.2022
Blend,SF Bay Area,100.0,10.11.2022,6%,Finance,https://www.housingwi...,Post-I...,$665,United States,9.12.2022
InfluxData,SF Bay Area,65.0,10.11.2022,27%,Data,Internal memo,Series D,$119,United States,12.11.2022
Coinbase,SF Bay Area,60.0,10.11.2022,,Crypto,https://www.theinform...,Post-I...,$549,United States,10.11.2022
SoundHound,SF Bay Area,45.0,10.11.2022,10%,Other,https://techcrunch.com...,Post-I...,$326,United States,10.11.2022
Wistia,Boston,40.0,10.11.2022,,Marketing,https://www.linkedin.c...,Unkno...,$18,United States,11.11.2022
Ocavu,Lehi,20.0,10.11.2022,48%,Crypto,https://www.sltrib.com/...,Series A,$11,United States,12.11.2022
Avast,Phoenix,,10.11.2022,25%,Security,https://cijeurope.com/...,Unkno...,,United States,17.11.2022
Reforge,SF Bay Area,,10.11.2022,,Education,https://www.linkedin.c...,Series B,$81,United States,12.11.2022
SendCloud,Eindhoven,,10.11.2022,10%,Logistics,https://www.linkedin.c...,Series C,$200,Netherlands,11.11.2022
Voly,SydneyN,,10.11.2022,,Food,https://www.news.com....,Seed,$13,Australia,17.11.2022
Wavely,SF Bay Area,,10.11.2022,100%,HR,https://www.wavely.co...,Unkno...,,United States,11.11.2022
ZenBusiness,Austin,,10.11.2022,,Other,https://www.bizjournal...,Series C,$277,United States,11.11.2022
Meta,SF Bay Area,11000.0,9.11.2022,13%,Consumer,https://www.cnbc.com/...,Post-I...,"$26,000",United States,9.11.2022
Redfin,Seattle,862.0,9.11.2022,13%,Real Estate,https://www.businessin...,Post-I...,$320,United States,9.11.2022
Flyhomes,Seattle,300.0,9.11.2022,40%,Real Estate,https://www.geekwire.c...,Series C,$310,United States,10.11.2022
AvantStay,Los Angeles,144.0,9.11.2022,22%,Travel,https://shorttermrental...,Privat...,$686,United States,11.11.2022
Root Insurance,Columbus,137.0,9.11.2022,20%,Finance,https://www.dispatch.c...,Post-I...,$527,United States,10.11.2022
Liftoff,SF Bay Area,130.0,9.11.2022,15%,Marketing,Internal memo,Acquir...,$6,United States,17.11.2022
Cameo,Chicago,80.0,9.11.2022,,Consumer,https://www.theinform...,Unkno...,$165,United States,9.11.2022
Plum,Bengaluru,36.0,9.11.2022,10%,Healthcare,https://www.moneycon...,Series A,$20,India,11.11.2022
Kabam,SF Bay Area,35.0,9.11.2022,7%,Consumer,https://techcrunch.com...,Acquir...,$244,United States,9.11.2022
HighRadius,Bengaluru,25.0,9.11.2022,,Finance,https://www.newindian...,Series C,$475,India,7.12.2022
Namogoo,Tel AvivN,25.0,9.11.2022,15%,Marketing,https://www.calcalistec...,Series C,$69,Israel,24.1.2023
Amobee,SF Bay Area,,9.11.2022,,Marketing,https://www.linkedin.c...,Acquir...,$72,United States,13.11.2022
CloudFactory,NairobiN,,9.11.2022,12%,Data,https://time.com/6234...,Privat...,$78,Kenya,20.11.2022
Coursera,SF Bay Area,,9.11.2022,,Education,https://blog.coursera.o...,Post-I...,$458,United States,10.11.2022
Faze Medicines,Boston,,9.11.2022,100%,Healthcare,https://www.bizjournal...,Series B,$81,United States,12.11.2022
RingCentral,SF Bay Area,,9.11.2022,10%,Other,https://www.barrons.co...,Post-I...,$44,United States,10.11.2022
Spotify,Stockholm,,9.11.2022,,Media,https://www.digitalmus...,Post-I...,"$2,100",Sweden,11.11.2022
EverBridge,Boston,200.0,8.11.2022,,Other,https://www.bizjournal...,Post-I...,$476,United States,19.1.2023
Repertoire Immu...,Boston,65.0,8.11.2022,50%,Healthcare,https://www.bizjournal...,Series B,$257,United States,9.11.2022
Astra,SF Bay Area,,8.11.2022,16%,Aerospace,https://www.linkedin.c...,Post-I...,$300,United States,9.11.2022
Beat,AthensN,,8.11.2022,,Transpor...,https://www.linkedin.c...,Series B,$6,Greece,11.11.2022
NanoString,Seattle,,8.11.2022,10%,Healthcare,https://www.genomew...,Post-I...,$731,United States,17.11.2022
SADA,Los Angeles,,8.11.2022,11%,Other,https://www.linkedin.c...,Acquir...,,United States,9.11.2022
Salesforce,SF Bay Area,1000.0,7.11.2022,1%,Sales,https://www.cnbc.com/...,Post-I...,$65,United States,9.11.2022
Unacademy,Bengaluru,350.0,7.11.2022,10%,Education,https://economictimes....,Series H,$838,India,7.11.2022
Zendesk,SF Bay Area,350.0,7.11.2022,5%,Support,https://twitter.com/Ger...,Acquir...,$85,United States,7.11.2022
Dock,Sao Paulo,190.0,7.11.2022,12%,Finance,https://www.infomone...,Privat...,$280,Brazil,8.11.2022
Code42,Minneapolis,,7.11.2022,15%,Security,https://www.startribun...,Unkno...,$137,United States,8.11.2022
Domino Data Lab,SF Bay Area,,7.11.2022,25%,Data,https://docs.google.co...,Series F,$223,United States,8.11.2022
Varonis,New York City,110.0,6.11.2022,5%,Security,https://www.calcalistec...,Post-I...,$30,United States,6.11.2022
Brainly,KrakowN,25.0,6.11.2022,,Education,https://www.newindian...,Series D,$148,Poland,7.11.2022
Practically,Hyderabad,,6.11.2022,,Education,https://www.moneycon...,Unkno...,$14,India,6.11.2022
Twitter,SF Bay Area,3700.0,4.11.2022,50%,Consumer,https://www.nytimes.co...,Post-I...,"$12,900",United States,4.11.2022
Udaan,Bengaluru,350.0,4.11.2022,,Retail,https://inc42.com/buzz...,Unkno...,"$1,500",India,5.11.2022
Planetly,BerlinNo,200.0,4.11.2022,100%,Other,https://www.axios.com...,Acquir...,$5,Germany,5.11.2022
KoinWorks,JakartaN,70.0,4.11.2022,8%,Finance,https://www.techinasia....,Unkno...,$180,Indonesia,28.11.2022
Exodus,Nebraska City,59.0,4.11.2022,22%,Crypto,https://www.exodus.co...,Unkno...,$60,United States,12.11.2022
Benitago Group,New York City,,4.11.2022,14%,Retail,https://techcrunch.com...,Series A,$380,United States,5.11.2022
Mythical Games,Los Angeles,,4.11.2022,10%,Crypto,https://www.bloomber...,Series C,$260,United States,6.11.2022
Stripe,SF Bay Area,1000.0,3.11.2022,14%,Finance,https://www.bloomber...,Series H,"$2,300",United States,3.11.2022
Lyft,SF Bay Area,700.0,3.11.2022,13%,Transpor...,https://www.wsj.com/a...,Post-I...,"$4,900",United States,3.11.2022
LendingTree,Charlotte,200.0,3.11.2022,,Finance,https://investors.lendin...,Post-I...,,United States,24.1.2023
Pleo,Copenhagen,150.0,3.11.2022,15%,Finance,https://www.finextra.co...,Series C,$428,Denmark,3.11.2022
Delivery Hero,BerlinNo,100.0,3.11.2022,,Food,https://mobile.twitter.c...,Post-I...,"$8,300",Germany,5.11.2022
Shippo,SF Bay Area,60.0,3.11.2022,20%,Logistics,https://www.linkedin.c...,Series E,$154,United States,4.11.2022
Affirm,SF Bay Area,,3.11.2022,1%,Finance,https://www.theinform...,Post-I...,"$1,500",United States,4.11.2022
CloudKitchens,Los Angeles,,3.11.2022,,Real Estate,https://www.businessin...,Unkno...,"$1,300",United States,4.11.2022
LiveRamp,SF Bay Area,,3.11.2022,10%,Marketing,https://www.marketscr...,Post-I...,$16,United States,5.11.2022
Provi,Chicago,,3.11.2022,,Food,https://www.chicagobu...,Series C,$150,United States,5.11.2022
Rubius,Boston,,3.11.2022,82%,Healthcare,https://www.fiercebiote...,Post-I...,$445,United States,17.11.2022
Snapdocs,SF Bay Area,,3.11.2022,15%,Real Estate,Internal memo,Series D,$253,United States,5.11.2022
Studio,SF Bay Area,,3.11.2022,,Education,https://www.linkedin.c...,Series B,$50,United States,5.11.2022
Opendoor,SF Bay Area,550.0,2.11.2022,18%,Real Estate,https://www.bloomber...,Post-I...,"$1,900",United States,2.11.2022
Chime,SF Bay Area,156.0,2.11.2022,12%,Finance,https://www.theinform...,Series G,"$2,300",United States,2.11.2022
Chargebee,SF Bay Area,142.0,2.11.2022,10%,Finance,https://techcrunch.com...,Series H,$468,United States,3.11.2022
Dapper Labs,Vancouver,134.0,2.11.2022,22%,Crypto,https://betakit.com/da...,Series D,$607,Canada,3.11.2022
Checkmarx,Tel AvivN,100.0,2.11.2022,10%,Security,https://www.calcalistec...,Series C,$92,Israel,2.11.2022
Smava,BerlinNo,100.0,2.11.2022,15%,Finance,https://www.businessin...,Unkno...,$188,Germany,3.11.2022
Iron Ox,SF Bay Area,50.0,2.11.2022,50%,Food,https://techcrunch.com...,Series C,$103,United States,3.11.2022
Digital Currency ...,Stamford,10.0,2.11.2022,13%,Crypto,https://www.coindesk.c...,Unkno...,,United States,3.11.2022
BitMEX,Non-U.S.,,2.11.2022,30%,Crypto,https://www.theblock.c...,Seed,$0,Seychelles,3.11.2022
Signicat,Trondheim,,2.11.2022,,Security,https://www.signicat.co...,Acquir...,$8,Norway,7.11.2022
Argo AI,SF Bay Area,259.0,1.11.2022,,Transpor...,https://www.bizjournal...,Unkno...,"$3,600",United States,5.1.2023
Booking.com,Grand Rapids,226.0,1.11.2022,,Travel,https://www.crainsdetr...,Acquir...,,United States,3.11.2022
Oracle,SF Bay Area,200.0,1.11.2022,,Other,https://www.businessin...,Post-I...,,United States,17.11.2022
Upstart,SF Bay Area,140.0,1.11.2022,7%,Finance,https://techcrunch.com...,Post-I...,$144,United States,1.11.2022
Gem,SF Bay Area,100.0,1.11.2022,33%,Recruiting,https://www.theinform...,Series C,$148,United States,1.11.2022
Oda,OsloNon,70.0,1.11.2022,18%,Food,https://www.dn.no/han...,Unkno...,$377,Sweden,1.11.2022
Oda,OsloNon,70.0,1.11.2022,18%,Food,https://shifter.no/nyhet...,Unkno...,$477,Norway,11.11.2022
Oda,OsloNon,70.0,1.11.2022,6%,Food,https://norway.postsen....,Unkno...,$479,Norway,30.11.2022
Hootsuite,Vancouver,50.0,1.11.2022,5%,Marketing,Internal memo,Series C,$300,Canada,1.11.2022
Drop,Toronto,24.0,1.11.2022,,Marketing,Internal memo,Series B,$56,Canada,3.11.2022
Tapps Games,Sao Paulo,10.0,1.11.2022,,Consumer,https://dropsdejogos.u...,Unkno...,,Brazil,21.1.2023
Brightline,SF Bay Area,,1.11.2022,20%,Healthcare,https://bhbusiness.com...,Series C,$212,United States,1.11.2022
Help Scout,Boston,,1.11.2022,,Support,https://www.linkedin.c...,Series B,$28,United States,12.11.2022
Kry,Stockholm,300.0,31.10.2022,10%,Healthcare,https://www.dn.se/eko...,Series D,$568,Sweden,1.11.2022
Notarize,Boston,60.0,31.10.2022,,Legal,https://www.bizjournal...,Series D,$213,United States,1.11.2022
EquityZen,New York City,30.0,31.10.2022,27%,Finance,https://www.axios.com...,Series B,$11,United States,1.11.2022
Equitybee,SF Bay Area,25.0,31.10.2022,20%,Finance,https://www.calcalistec...,Series B,$85,United States,31.10.2022
Dukaan,Bengaluru,23.0,31.10.2022,,Retail,https://www.vccircle.co...,Series A,$17,India,31.10.2022
Doubtnut,Gurugram,,31.10.2022,30%,Education,https://entrackr.com/2...,Series B,$49,India,14.4.2023
Amazon,Seattle,150.0,28.10.2022,,Retail,https://www.geekwire.c...,Post-I...,$108,United States,11.1.2023
Fifth Season,Pittsburgh,100.0,28.10.2022,100%,Food,https://www.bizjournal...,Series B,$35,United States,30.10.2022
Advata,Seattle,32.0,28.10.2022,21%,Healthcare,https://www.geekwire.c...,,,United States,31.10.2022
Springlane,Düsseldorf,,28.10.2022,35%,Food,https://www.linkedin.c...,Series C,$11,Germany,28.10.2022
RenoRun,Montreal,210.0,27.10.2022,43%,Construc...,https://www.theglobea...,Series B,$163,Canada,28.10.2022
Recharge,Los Angeles,84.0,27.10.2022,17%,Finance,https://rechargepayme...,Series B,$277,United States,28.10.2022
Lattice,SF Bay Area,13.0,27.10.2022,,HR,Internal memo,Series F,$328,United States,3.11.2022
GoNuts,Mumbai,,27.10.2022,100%,Media,https://inc42.com/buzz...,Seed,,India,30.10.2022
Spreetail,Austin,,27.10.2022,,Retail,https://www.wearespre...,,,United States,28.10.2022
Seagate,SF Bay Area,3000.0,26.10.2022,8%,Hardware,https://www.cnbc.com/...,Post-I...,,United States,1.4.2023
MindBody,San Luis Obis,400.0,26.10.2022,15%,Fitness,https://www.sanluisobi...,Post-I...,$114,United States,27.10.2022
Zillow,Seattle,300.0,26.10.2022,5%,Real Estate,https://techcrunch.com...,Post-I...,$97,United States,26.10.2022
Cybereason,Boston,200.0,26.10.2022,17%,Security,https://www.calcalistec...,Series F,$750,United States,26.10.2022
Argo AI,Pittsburgh,173.0,26.10.2022,,Transpor...,https://www.autonews....,Unkno...,"$3,600",United States,27.10.2022
GoFundMe,SF Bay Area,94.0,26.10.2022,12%,Finance,https://www.gofundme...,Series A,,United States,27.10.2022
Carbon,SF Bay Area,,26.10.2022,,Hardware,https://3dprint.com/29...,Series E,$683,United States,4.1.2023
Fundbox,SF Bay Area,150.0,25.10.2022,42%,Finance,https://www.calcalistec...,Series D,$553,United States,25.10.2022
Embroker,SF Bay Area,30.0,25.10.2022,12%,Finance,https://www.theinsurer....,Series C,$142,United States,27.10.2022
Vee,Tel AvivN,17.0,25.10.2022,50%,HR,https://www.calcalistec...,Seed,$15,Israel,25.10.2022
Callisto Media,SF Bay Area,,25.10.2022,35%,Media,https://www.publishers...,Series D,,United States,26.10.2022
Convoy,Seattle,,25.10.2022,,Logistics,https://www.geekwire.c...,Series E,"$1,100",United States,25.10.2022
Philips,Amsterdam,4000.0,24.10.2022,5%,Healthcare,https://www.reuters.co...,Post-I...,,Netherlands,21.1.2023
Cerebral,SF Bay Area,400.0,24.10.2022,20%,Healthcare,https://techcrunch.com...,Series C,$462,United States,25.10.2022
Snyk,Boston,198.0,24.10.2022,14%,Security,https://en.globes.co.il/...,Series F,$849,United States,24.10.2022
McMakler,BerlinNo,100.0,24.10.2022,,Real Estate,https://www.businessin...,Unkno...,$214,Germany,25.10.2022
Unico,Sao Paulo,50.0,24.10.2022,4%,Other,https://startups.com.br...,Series D,$336,Brazil,18.1.2023
OrCam,Jerusalem,62.0,23.10.2022,16%,Healthcare,https://www.calcalistec...,Unkno...,$86,Israel,24.10.2022
Antidote Health,Tel AvivN,23.0,23.10.2022,38%,Healthcare,https://www.calcalistec...,Unkno...,$36,Israel,24.10.2022
Khoros,Austin,120.0,21.10.2022,10%,Sales,https://www.bizjournal...,Privat...,$138,United States,22.10.2022
F5,Seattle,100.0,21.10.2022,1%,Security,https://www.geekwire.c...,Post-I...,,United States,17.11.2022
Elinvar,BerlinNo,43.0,21.10.2022,33%,Finance,https://financefwd.com...,Unkno...,$30,Germany,24.10.2022
Synapsica,New Delhi,30.0,21.10.2022,30%,Healthcare,https://yourstory.com/...,Series A,$4,India,22.10.2022
Volta,SF Bay Area,,21.10.2022,54%,Transpor...,https://investors.voltac...,Post-I...,$575,United States,22.10.2022
Hotmart,Belo Horizont,227.0,20.10.2022,12%,Marketing,https://www.bloomber...,Series C,$127,Brazil,22.10.2022
Zeus Living,SF Bay Area,64.0,20.10.2022,46%,Real Estate,https://www.bizjournal...,Series C,$151,United States,21.10.2022
Loom,SF Bay Area,23.0,20.10.2022,11%,Product,https://www.sfgate.co...,Series C,$203,United States,20.10.2022
Sales Boomerang,Baltimore,20.0,20.10.2022,,Sales,https://www.housingwi...,Privat...,$5,United States,1.11.2022
Arrival,London,,20.10.2022,,Transpor...,https://www.ft.com/co...,Post-I...,$629,United Kin...,22.10.2022
Roofstock,SF Bay Area,,20.10.2022,20%,Real Estate,https://www.sfgate.co...,Series E,$365,United States,22.10.2022
Starry,Boston,,20.10.2022,50%,Other,https://investors.starry....,Post-I...,$260,United States,20.10.2022
Gopuff,Philadelphia,250.0,19.10.2022,,Food,https://www.bloomber...,Series H,"$3,400",United States,21.10.2022
AtoB,SF Bay Area,32.0,19.10.2022,30%,Finance,https://www.sfgate.co...,Series B,$177,United States,19.10.2022
InfoSum,London,20.0,19.10.2022,12%,Security,https://www.businessin...,Series B,$88,United Kin...,11.11.2022
Clever Real Estate,St. Louis,,19.10.2022,,Real Estate,https://www.bizjournal...,Series B,$13,United States,21.10.2022
Collibra,Brussels,,19.10.2022,,Data,Internal memo,Series G,$596,Belgium,3.11.2022
Side,SF Bay Area,,19.10.2022,,Real Estate,https://therealdeal.com...,Unkno...,$313,United States,7.11.2022
Faire,SF Bay Area,84.0,18.10.2022,7%,Retail,https://www.theinform...,Series G,"$1,700",United States,4.11.2022
Leafly,Seattle,56.0,18.10.2022,21%,Retail,https://investor.leafly.c...,Post-I...,$71,United States,19.10.2022
Ada Health,BerlinNo,50.0,17.10.2022,,Healthcare,Internal memo,Series B,$189,Germany,26.10.2022
Tiendanube,Buenos Aires,50.0,17.10.2022,5%,Marketing,https://tekiosmag.com/...,Unkno...,,Argentina,6.11.2022
Microsoft,Seattle,,17.10.2022,,Other,https://www.cnbc.com/...,Post-I...,$1,United States,15.11.2022
Nuri,BerlinNo,,17.10.2022,100%,Crypto,https://www.crunchbas...,Series B,$42,Germany,19.10.2022
Flipboard,SF Bay Area,24.0,16.10.2022,21%,Media,https://www.axios.com...,Unkno...,$235,United States,20.10.2022
Huawei,Shenzen,,16.10.2022,,Hardware,https://www.thehindub...,Unkno...,,China,6.2.2023
Clear Capital,Reno,378.0,14.10.2022,27%,Real Estate,https://techcrunch.com...,Unkno...,,United States,15.10.2022
Beyond Meat,Los Angeles,200.0,14.10.2022,19%,Food,https://www.cnbc.com/...,Post-I...,$122,United States,14.10.2022
Beyond Meat,Los Angeles,200.0,14.10.2022,19%,Food,https://www.fooddive.c...,Post-I...,$122,United States,7.11.2023
Flux Systems,London,,14.10.2022,100%,Finance,https://www.finextra.co...,Unkno...,$9,United Kin...,15.10.2022
Qin1,NoidaNo,,14.10.2022,100%,Education,https://inc42.com/buzz...,Seed,,India,15.10.2022
Salesforce,SF Bay Area,90.0,13.10.2022,,Sales,https://www.protocol.c...,Post-I...,$65,United States,14.10.2022
Playdots,New York City,65.0,13.10.2022,100%,Consumer,https://www.theverge.c...,Acquir...,$10,United States,5.11.2022
ExtraHop,Seattle,,13.10.2022,,Security,https://www.bizjournal...,Series C,$61,United States,15.10.2022
Byju's,Bengaluru,2500.0,12.10.2022,5%,Education,https://techcrunch.com...,Privat...,"$5,500",India,12.10.2022
6sense,SF Bay Area,150.0,12.10.2022,10%,Sales,https://www.moneycon...,Series E,$426,United States,14.10.2022
Sinch,Stockholm,150.0,12.10.2022,,Other,https://uk.finance.yaho...,Post-I...,"$1,500",Sweden,1.2.2023
FrontRow,Bengaluru,130.0,12.10.2022,75%,Education,https://entrackr.com/2...,Series A,$17,India,13.10.2022
Noom,New York City,500.0,11.10.2022,10%,Healthcare,https://techcrunch.com...,Series F,$657,United States,12.10.2022
MX,Lehi,200.0,11.10.2022,,Finance,https://www.sltrib.com/...,Series C,$450,United States,12.10.2022
Brex,SF Bay Area,136.0,11.10.2022,11%,Finance,https://techcrunch.com...,Series D,"$1,500",United States,11.10.2022
Pacaso,SF Bay Area,100.0,11.10.2022,30%,Real Estate,https://therealdeal.com...,Series C,$217,United States,13.10.2022
Sketch,The Hague,80.0,11.10.2022,,Other,https://www.linkedin.c...,Series A,$20,Netherlands,11.10.2022
Udacity,SF Bay Area,55.0,11.10.2022,13%,Education,https://www.udacity.co...,Unkno...,$235,United States,11.10.2022
Linkfire,Copenhagen,35.0,11.10.2022,35%,Marketing,https://view.news.eu.na...,Seed,$2,Denmark,26.10.2022
Emitwise,London,,11.10.2022,,Energy,https://www.businessin...,Series A,$16,United Kin...,13.10.2022
GSR,Hong Kong,,11.10.2022,,Crypto,https://www.coindesk.c...,Unkno...,,Hong Kong,12.10.2022
VanHack,Vancouver,,11.10.2022,,HR,https://www.linkedin.c...,Seed,,Canada,14.10.2022
HelloFresh,SF Bay Area,611.0,10.10.2022,,Food,https://www.businessin...,Post-I...,$367,United States,16.10.2022
SurveyMonkey,SF Bay Area,180.0,10.10.2022,11%,Marketing,https://www.sec.gov/ix...,Post-I...,"$1,100",United States,13.10.2022
Pavilion Data,SF Bay Area,96.0,10.10.2022,96%,Infrastru...,https://blocksandfiles.c...,Series D,$103,United States,25.10.2022
Redesign Health,New York City,67.0,10.10.2022,20%,Healthcare,https://www.fastcompa...,Series C,$315,United States,11.10.2022
Nyriad,Austin,,10.10.2022,33%,Infrastru...,https://blocksandfiles.c...,Unkno...,$58,United States,25.10.2022
Collage.com,Detroit,,9.10.2022,100%,Retail,https://thedeadpixelss...,Acquir...,,United States,3.4.2023
BioMarin,SF Bay Area,120.0,7.10.2022,4%,Healthcare,https://www.fiercebiote...,Post-I...,$585,United States,20.11.2022
Rev.com,Austin,85.0,7.10.2022,,Data,https://www.statesman....,Series D,$30,United States,12.10.2022
Crypto.com,Singapore,2000.0,6.10.2022,30%,Crypto,https://www.techinasia....,Unkno...,$156,Singapore,8.10.2022
Peloton,New York City,500.0,6.10.2022,12%,Fitness,https://www.wsj.com/a...,Post-I...,"$1,900",United States,6.10.2022
Landing,Birmingham,110.0,6.10.2022,,Real Estate,https://www.al.com/ne...,Series C,$347,United States,7.10.2022
Turnitin,SF Bay Area,51.0,6.10.2022,5%,Education,Internal memo,Acquir...,,United States,8.10.2022
Impossible Foods,SF Bay Area,50.0,6.10.2022,6%,Food,https://www.sfgate.co...,Series H,"$1,900",United States,8.10.2022
Atome,Singapore,,6.10.2022,,Finance,https://www.techinasia....,Unkno...,$645,Singapore,28.11.2022
First AML,Auckland,,6.10.2022,,Finance,https://www.stuff.co.nz...,Series B,$29,New Zealand,7.10.2022
Foresight Insurance,SF Bay Area,,6.10.2022,40%,Finance,https://news.ambest.co...,Series B,$58,United States,1.12.2022
Spotify,Stockholm,,6.10.2022,,Media,https://techcrunch.com...,Post-I...,"$2,100",Sweden,7.10.2022
Built In,Chicago,50.0,5.10.2022,25%,Recruiting,https://www.chicagobu...,Series C,$29,United States,5.10.2022
TwinStrand,Seattle,,5.10.2022,50%,Healthcare,https://www.genomew...,Series B,$73,United States,7.10.2022
8x8,SF Bay Area,200.0,4.10.2022,9%,Support,https://www.channelfut...,Post-I...,$253,United States,19.1.2023
Zoomo,SydneyN,65.0,4.10.2022,16%,Transpor...,https://www.ridezoom...,Series B,$105,Australia,5.10.2022
Homie,Salt Lake City,40.0,4.10.2022,13%,Real Estate,https://therealdeal.com...,Series B,$35,United States,6.10.2022
Fivetran,SF Bay Area,,4.10.2022,5%,Data,Internal memo,Series D,,United States,5.10.2022
Xendit,JakartaN,,4.10.2022,5%,Finance,https://www.techinasia....,Series D,$534,Indonesia,5.10.2022
ActiveCampaign,Chicago,,3.10.2022,15%,Marketing,LinkedIn,Series C,$360,United States,7.10.2022
Tempo,SF Bay Area,,3.10.2022,,Fitness,Internal memo,Series C,$298,United States,8.10.2022
WazirX,Mumbai,60.0,2.10.2022,40%,Crypto,https://economictimes....,Acquir...,,India,2.10.2022
Spin,SF Bay Area,78.0,30.9.2022,10%,Transpor...,https://techcrunch.com...,Acquir...,$8,United States,3.10.2022
Carsome,Kuala Lumpur,,30.9.2022,10%,Transpor...,https://www.techinasia....,Series E,$607,Malaysia,1.10.2022
Pastel,SF Bay Area,,30.9.2022,100%,Food,https://purplelist.discov...,Unkno...,,United States,8.10.2022
Truepill,SF Bay Area,,30.9.2022,,Healthcare,https://techcrunch.com...,Series D,$255,United States,30.9.2022
Westwing,MunichN,125.0,29.9.2022,,Retail,Internal memo,Post-I...,$237,Germany,4.10.2022
Mux,SF Bay Area,40.0,29.9.2022,20%,Infrastru...,Internal memo,Series D,$173,United States,2.10.2022
Solarisbank,BerlinNo,,29.9.2022,10%,Finance,https://www.businessin...,Unkno...,$385,Germany,1.10.2022
Zenjob,BerlinNo,,29.9.2022,,HR,https://www.linkedin.c...,Series D,$107,Germany,1.10.2022
DocuSign,SF Bay Area,671.0,28.9.2022,9%,Sales,https://www.sfgate.co...,Post-I...,$536,United States,28.9.2022
Front,SF Bay Area,,28.9.2022,,Support,Internal memo,Series D,$203,United States,12.11.2022
Volta,SF Bay Area,,28.9.2022,10%,Transpor...,https://investors.voltac...,Post-I...,$575,United States,3.10.2022
Divvy Homes,SF Bay Area,40.0,27.9.2022,12%,Real Estate,https://www.theinform...,Series B,$180,United States,28.9.2022
Graphcore,BristolN,,27.9.2022,,Data,https://www.eenewseur...,Unkno...,$692,United Kin...,23.11.2022
Instacart,SF Bay Area,,24.9.2022,,Food,https://www.theinform...,Unkno...,"$2,900",United States,26.9.2022
Konfio,Mexico City,180.0,23.9.2022,,Finance,https://expansion.mx/e...,Series E,$706,Mexico,10.11.2022
Moss,BerlinNo,70.0,23.9.2022,15%,Finance,https://financefwd.com...,Series B,$150,Germany,24.9.2022
Foxtrot,Chicago,26.0,23.9.2022,4%,Food,https://www.chicagobu...,Series C,$166,United States,24.9.2022
Truiloo,Vancouver,24.0,23.9.2022,5%,Security,https://betakit.com/trul...,Series D,$474,Canada,19.9.2022
Pesto,SF Bay Area,,23.9.2022,100%,Other,https://pesto.app/blog...,Seed,$6,United States,24.9.2022
NYDIG,New York City,110.0,22.9.2022,33%,Crypto,https://www.wsj.com/a...,Privat...,"$1,400",United States,14.10.2022
Klarna,Stockholm,100.0,22.9.2022,,Finance,https://sifted.eu/article...,Unkno...,"$3,700",Sweden,22.9.2022
Made.com,London,,22.9.2022,35%,Retail,https://www.investing.c...,Series D,$136,United Kin...,24.9.2022
Kitty Hawk,SF Bay Area,100.0,21.9.2022,100%,Aerospace,https://www.sfgate.co...,Unkno...,$1,United States,22.9.2022
Candidate Labs,SF Bay Area,,21.9.2022,,HR,Internal memo,Seed,$5,United States,4.10.2022
Compass,New York City,271.0,20.9.2022,,Real Estate,https://www.geekwire.c...,Post-I...,"$1,600",United States,21.9.2022
Curative,Los Angeles,109.0,20.9.2022,,Healthcare,https://digitalhealth.m...,Seed,$8,United States,21.9.2022
Ada,Toronto,78.0,20.9.2022,16%,Support,https://www.linkedin.c...,Series C,$190,Canada,21.9.2022
99,Sao Paulo,75.0,20.9.2022,2%,Transpor...,https://www.terra.com....,Acquir...,$244,Brazil,21.9.2022
Ouster,SF Bay Area,,20.9.2022,10%,Transpor...,https://www.businessw...,Post-I...,$282,United States,24.9.2022
Zappos,Las Vegas,,20.9.2022,4%,Retail,https://www.reviewjour...,Acquir...,$62,United States,24.9.2022
Ola,Bengaluru,200.0,19.9.2022,,Transpor...,https://inc42.com/buzz...,Series J,"$5,000",India,20.9.2022
Vesalius Therape...,Boston,29.0,19.9.2022,43%,Healthcare,https://www.bizjournal...,Series B,$75,United States,21.9.2022
VideoAmp,Los Angeles,,19.9.2022,2%,Marketing,https://videoamp.com/...,Series F,$456,United States,21.9.2022
Shopee,JakartaN,,18.9.2022,,Food,https://www.techinasia....,Unkno...,,Indonesia,19.9.2022
Clear,Bengaluru,190.0,16.9.2022,20%,Finance,https://inc42.com/buzz...,Series C,$140,India,17.9.2022
TrueLayer,London,40.0,16.9.2022,10%,Finance,https://www.altfi.com/a...,Series E,$271,United Kin...,16.9.2022
LivePerson,New York City,193.0,15.9.2022,11%,Support,Internal memo,Post-I...,$42,United States,16.9.2022
Acast,Stockholm,70.0,15.9.2022,15%,Media,https://www.bloomber...,Post-I...,$126,Sweden,15.9.2022
WorkRamp,SF Bay Area,35.0,15.9.2022,20%,HR,Internal memo,Series C,$67,United States,21.9.2022
DayTwo,SF Bay Area,,15.9.2022,,Healthcare,https://www.calcalistec...,Series B,$90,United States,16.9.2022
NextRoll,SF Bay Area,,15.9.2022,7%,Marketing,Internal memo,Unkno...,$108,United States,21.9.2022
Twilio,SF Bay Area,800.0,14.9.2022,11%,Other,https://techcrunch.com...,Post-I...,$614,United States,14.9.2022
Pitch,BerlinNo,59.0,14.9.2022,30%,Marketing,https://www.linkedin.c...,Series B,$137,Germany,14.9.2022
Infarm,BerlinNo,50.0,14.9.2022,5%,Other,https://www.businessin...,Series D,$604,Germany,15.9.2022
Netflix,SF Bay Area,30.0,14.9.2022,,Media,https://deadline.com/2...,Post-I...,"$121,900",United States,16.9.2022
Bitrise,Budapest,,14.9.2022,14%,Infrastru...,https://www.linkedin.c...,Series C,$83,Hungary,15.9.2022
Rubius,Boston,160.0,13.9.2022,75%,Healthcare,https://www.fiercebiote...,Post-I...,$445,United States,17.11.2022
Checkout.com,London,100.0,13.9.2022,5%,Finance,https://www.bloomber...,Series D,"$1,800",United Kin...,14.9.2022
Taboola,New York City,100.0,13.9.2022,6%,Marketing,https://www.calcalistec...,Post-I...,$445,United States,14.9.2022
Patreon,SF Bay Area,80.0,13.9.2022,17%,Media,https://www.theinform...,Series F,$413,United States,13.9.2022
FullStory,Atlanta,,13.9.2022,12%,Marketing,https://www.bizjournal...,Unkno...,$197,United States,9.9.2022
Propzy,Ho Chi Minh,,13.9.2022,100%,Real Estate,https://www.dealstreet...,Series A,$33,Vietnam,15.9.2022
Quicko,Sao Paulo,60.0,12.9.2022,,Transpor...,https://startups.com.br...,Acquir...,$28,Brazil,14.9.2022
Mode Analytics,SF Bay Area,25.0,12.9.2022,,Data,https://coda.io/@myko...,Series D,$81,United States,22.9.2022
Compete,Tel Aviv,11.0,12.9.2022,28%,HR,https://www.calcalistec...,Series A,$17,Israel,14.9.2022
Karbon,SF Bay Area,,12.9.2022,23%,Other,https://www.linkedin.c...,Series B,$91,United States,15.9.2022
Rent the Runway,New York City,,12.9.2022,24%,Retail,https://www.wsj.com/a...,Post-I...,$526,United States,13.9.2022
Sama,SF Bay Area,,12.9.2022,,Data,https://www.sama.com...,Series B,$84,United States,8.11.2022
SkipTheDishes,Winnipeg,350.0,9.9.2022,,Food,https://winnipeg.ctvne...,Acquir...,$6,Canada,11.9.2022
Brighte,SydneyN,58.0,9.9.2022,,Energy,https://brighte.com.au/...,Series C,$145,Australia,7.10.2022
Patreon,SF Bay Area,5.0,9.9.2022,,Media,https://techcrunch.com...,Series F,$413,United States,9.9.2022
Amber Group,Hong Kong,,9.9.2022,10%,Crypto,https://www.yahoo.co...,Series B,$328,Hong Kong,11.9.2022
Capiter,CairoNo,,9.9.2022,,Finance,https://techcrunch.com...,Series A,$33,Egypt,13.9.2022
CommonBond,New York City,,9.9.2022,100%,Finance,https://www.linkedin.c...,Series D,$125,United States,11.9.2022
DreamBox Learni...,Seattle,,9.9.2022,,Education,https://www.geekwire.c...,Acquir...,$175,United States,10.9.2022
Flowhub,Denver,,9.9.2022,15%,Retail,https://www.businessin...,Unkno...,$45,United States,11.9.2022
Lido Learning,Mumbai,,9.9.2022,100%,Education,https://www.livemint.c...,Series C,$20,India,10.9.2022
GoStudent,ViennaN,200.0,8.9.2022,,Education,https://brutkasten.com...,Series D,$686,Austria,10.9.2022
Pomelo Fashion,Bangkok,55.0,8.9.2022,8%,Retail,https://www.bloomber...,Unkno...,$120,Thailand,10.9.2022
Genome Medical,SF Bay Area,23.0,8.9.2022,,Healthcare,https://www.bizjournal...,Series C,$120,United States,9.9.2022
BigBear.ai,Baltimore,,8.9.2022,7%,Data,https://www.bizjournal...,Post-I...,$200,United States,9.9.2022
Realtor.com,SF Bay Area,,8.9.2022,,Real Estate,https://www.inman.co...,Acquir...,,United States,11.9.2022
Simple Feast,Copenhagen,150.0,7.9.2022,100%,Food,https://nyheder.tv2.dk/...,Unkno...,$173,Denmark,14.9.2022
Foodpanda,Singapore,60.0,7.9.2022,,Food,https://www.straitstime...,Acquir...,$749,Singapore,5.9.2022
Uber,VilniusN,60.0,7.9.2022,,Transpor...,https://www.linkedin.c...,Post-I...,"$24,700",Lithuania,9.9.2022
Rupeek,Bengaluru,50.0,7.9.2022,,Finance,https://inc42.com/buzz...,Unkno...,$172,India,8.9.2022
Intercom,SF Bay Area,49.0,7.9.2022,5%,Support,https://www.businessp...,Series D,$240,United States,8.9.2022
Pendo,Raleigh,45.0,7.9.2022,5%,Product,https://www.axios.com...,Series F,$469,United States,10.9.2022
Demandbase,SF Bay Area,27.0,7.9.2022,3%,Sales,Internal memo,Series H,$143,United States,9.9.2022
Firebolt,Tel AvivN,,7.9.2022,,Data,https://www.calcalistec...,Series C,$264,Israel,8.9.2022
Medly,New York City,,7.9.2022,50%,Healthcare,https://www.crainsnew...,Series C,$100,United States,8.9.2022
Xsight Labs,Tel AvivN,,7.9.2022,,Other,https://www.calcalistec...,Series D,$100,Israel,8.9.2022
Brave Care,Portland,40.0,6.9.2022,33%,Healthcare,https://www.oregonlive...,Series B,$42,United States,8.9.2022
Lawgeex,Tel AvivN,30.0,6.9.2022,33%,Legal,https://www.tech12.co.i...,Series C,$41,Israel,6.9.2022
Juniper Square,SF Bay Area,,6.9.2022,14%,Real Estate,https://therealdeal.com...,Series C,$108,United States,6.9.2022
Medium,SF Bay Area,,6.9.2022,25%,Media,https://www.linkedin.c...,Unkno...,$163,United States,8.9.2022
Kuda,LagosNo,23.0,2.9.2022,5%,Finance,https://techcrunch.com...,Series B,$91,Nigeria,5.9.2022
Alerzo,IbadanN,,2.9.2022,,Retail,https://www.notadeep...,Series B,$16,Nigeria,7.3.2023
Sea,Singapore,,2.9.2022,,Consumer,https://www.peoplema...,Post-I...,"$8,600",Singapore,3.9.2022
2TM,Sao Paulo,100.0,1.9.2022,15%,Crypto,https://finance.yahoo.c...,Unkno...,$250,Brazil,3.9.2022
Innovaccer,SF Bay Area,90.0,1.9.2022,8%,Healthcare,https://inc42.com/buzz...,Series E,$379,United States,2.9.2022
Shopify,OttawaN,70.0,1.9.2022,,Retail,https://www.theinform...,Post-I...,$122,Canada,1.9.2022
Urban Sports Club,BerlinNo,55.0,1.9.2022,15%,Fitness,https://www.businessin...,Unkno...,$95,Germany,1.9.2022
Hedvig,Stockholm,12.0,1.9.2022,,Finance,https://www.mynewsde...,Series B,$67,Sweden,1.9.2022
Snap,Los Angeles,1280.0,31.8.2022,20%,Consumer,https://www.theverge.c...,Post-I...,"$4,900",United States,30.8.2022
GoodRx,Los Angeles,140.0,31.8.2022,16%,Healthcare,https://seekingalpha.co...,Post-I...,$910,United States,1.9.2022
Smava,BerlinNo,100.0,31.8.2022,10%,Finance,https://finanz-szene.de...,Unkno...,$188,Germany,1.9.2022
Hippo Insurance,SF Bay Area,70.0,31.8.2022,10%,Finance,https://www.globes.co.i...,Post-I...,"$1,300",United States,31.8.2022
Clari,SF Bay Area,45.0,31.8.2022,,Sales,Internal memo,Series F,$496,United States,3.9.2022
Koo,Bengaluru,40.0,31.8.2022,,Consumer,https://inc42.com/buzz...,Series B,$44,India,1.9.2022
TCR2,Boston,30.0,31.8.2022,20%,Healthcare,https://www.fiercebiote...,Post-I...,$173,United States,20.1.2023
Apartment List,SF Bay Area,29.0,31.8.2022,10%,Real Estate,https://www.linkedin.c...,Series D,$169,United States,1.9.2022
Artnight,BerlinNo,26.0,31.8.2022,36%,Retail,https://www.businessin...,Unkno...,,Germany,1.9.2022
Snagajob,Richmond,,31.8.2022,,HR,https://richmondbizsen...,Unkno...,$221,United States,15.9.2022
The Wing,New York City,,31.8.2022,100%,Real Estate,https://www.theinform...,Series C,$117,United States,31.8.2022
Viamo,AccraNo,,31.8.2022,,Other,https://techcabal.com/...,Unkno...,,Ghana,21.12.2022
Electric,New York City,81.0,30.8.2022,,Other,https://www.electric.ai/...,Series D,$212,United States,1.10.2022
Immersive Labs,BristolN,38.0,30.8.2022,10%,Security,https://www.uktech.ne...,Series C,$123,United Kin...,1.9.2022
Nate,New York City,30.0,30.8.2022,,Retail,https://www.theinform...,Series A,$47,United States,31.8.2022
Meesho,Bengaluru,300.0,29.8.2022,,Retail,https://www.indiatimes...,Series F,"$1,100",India,29.8.2022
54gene,Washington D,95.0,29.8.2022,30%,Healthcare,https://techcrunch.com...,Series B,$44,United States,31.8.2022
Fungible,SF Bay Area,,29.8.2022,,Crypto,https://blocksandfiles.c...,Series C,$310,United States,30.8.2022
Skillz,SF Bay Area,,29.8.2022,,Consumer,https://seekingalpha.co...,Post-I...,$287,United States,29.8.2022
Otonomo,Tel AvivN,,28.8.2022,,Transpor...,https://www.calcalistec...,Post-I...,$231,Israel,26.10.2022
Zymergen,SF Bay Area,80.0,26.8.2022,,Other,https://www.biospace.c...,Acquir...,$974,United States,26.8.2022
Okta,SF Bay Area,24.0,26.8.2022,,Security,https://www.unleash.ai...,Post-I...,"$1,200",United States,26.8.2022
Argyle,New York City,20.0,26.8.2022,7%,Finance,https://techcrunch.com...,Series B,$78,United States,26.8.2022
Better.com,New York City,,26.8.2022,,Real Estate,https://techcrunch.com...,Unkno...,$905,United States,31.8.2022
FreshDirect,Philadelphia,40.0,25.8.2022,,Food,https://www.bizjournal...,Acquir...,$280,United States,26.8.2022
Loja Integrada,Sao Paulo,25.0,25.8.2022,10%,Retail,https://startups.com.br...,Acquir...,,Brazil,26.8.2022
Impact.com,Los Angeles,,25.8.2022,10%,Marketing,https://impact.com/ne...,Privat...,$361,United States,25.8.2022
ShipBob,Chicago,,25.8.2022,7%,Logistics,https://www.businessin...,Series E,$330,United States,26.8.2022
Reali,SF Bay Area,140.0,24.8.2022,100%,Real Estate,https://www.calcalistec...,Series B,$117,United States,25.8.2022
Loop,Washington D,15.0,24.8.2022,20%,Finance,https://www.coverager....,Series A,$24,United States,25.8.2022
Pix,SF Bay Area,,24.8.2022,,Food,https://www.sfchronicl...,Unkno...,,United States,25.8.2022
Tier Mobility,BerlinNo,180.0,23.8.2022,16%,Transpor...,https://techcrunch.com...,Series D,$646,Germany,23.8.2022
Packable,New York City,138.0,23.8.2022,20%,Retail,https://www.cnbc.com/...,Unkno...,$472,United States,25.8.2022
Q4,Toronto,50.0,23.8.2022,8%,Other,https://www.theglobea...,Series C,$91,Canada,24.8.2022
Skedulo,SF Bay Area,31.0,23.8.2022,8%,HR,Internal memo,Series C,$114,United States,29.8.2022
Plato,SF Bay Area,29.0,23.8.2022,50%,HR,Company exec,Seed,$3,United States,26.8.2022
DataRobot,Boston,,23.8.2022,26%,Data,https://www.theinform...,Series G,"$1,000",United States,23.8.2022
Kogan,Melbourne,,23.8.2022,,Retail,https://www.smartcom...,Post-I...,,Australia,25.8.2022
Skillshare,New York City,,23.8.2022,,Education,Internal memo,Unkno...,$136,United States,31.8.2022
Mr. Yum,Melbourne,,22.8.2022,17%,Food,https://www.linkedin.c...,Series A,$73,Australia,23.8.2022
ShopX,Bengaluru,,22.8.2022,100%,Retail,https://entrackr.com/2...,Unkno...,$56,India,24.8.2022
NSO,Tel AvivN,100.0,21.8.2022,14%,Security,https://www.calcalistec...,Seed,$1,Israel,22.8.2022
Tufin,Boston,55.0,21.8.2022,10%,Security,https://en.globes.co.il/...,Acquir...,$21,United States,22.8.2022
Amperity,Seattle,13.0,20.8.2022,3%,Marketing,https://www.geekwire.c...,Series D,$187,United States,22.8.2022
Wayfair,Boston,870.0,19.8.2022,5%,Retail,https://www.bostonglo...,Post-I...,"$1,700",United States,19.8.2022
Stripe,SF Bay Area,50.0,19.8.2022,,Finance,https://techcrunch.com...,Series H,"$2,300",United States,19.8.2022
Hodlnaut,Singapore,40.0,19.8.2022,80%,Crypto,https://www.coindesk.c...,Unkno...,,Singapore,20.8.2022
New Relic,SF Bay Area,110.0,18.8.2022,5%,Infrastru...,https://www.marketwat...,Post-I...,$214,United States,18.8.2022
Wheel,Austin,35.0,18.8.2022,17%,Healthcare,https://www.businessin...,Series C,$215,United States,1.9.2022
Petal,New York City,,18.8.2022,10%,Finance,https://techcrunch.com...,Series D,$704,United States,22.8.2022
Thirty Madison,New York City,,18.8.2022,10%,Healthcare,Internal memo,Series C,$209,United States,18.8.2022
Vendasta,Saskatoon,,18.8.2022,5%,Marketing,https://saskatoon.ctvne...,Series D,$178,Canada,20.8.2022
Malwarebytes,SF Bay Area,125.0,17.8.2022,14%,Security,https://techcrunch.com...,Series B,$80,United States,17.8.2022
Fluke,Sao Paulo,83.0,17.8.2022,82%,Other,https://startups.com.br...,Seed,,Brazil,26.8.2022
Swyftx,Brisbane,74.0,17.8.2022,21%,Crypto,https://swyftx.com/au/...,Unkno...,,Australia,18.8.2022
Tempo Automation,SF Bay Area,54.0,17.8.2022,,Other,https://www.bizjournal...,Series C,$74,United States,17.8.2022
Genesis,New York City,52.0,17.8.2022,20%,Crypto,https://www.reuters.co...,Series A,,United States,17.8.2022
Warren,Porto Alegre,50.0,17.8.2022,,Finance,https://www.terra.com....,Series C,$104,Brazil,18.8.2022
AlayaCare,Montreal,80.0,16.8.2022,14%,Healthcare,https://betakit.com/ala...,Series D,$293,Canada,17.8.2022
Pliops,Tel AvivN,12.0,16.8.2022,9%,Data,https://www.calcalistec...,Series D,$205,Israel,18.8.2022
Woven,Indianapolis,5.0,16.8.2022,15%,HR,Internal memo,Series A,$11,United States,17.8.2022
Crypto.com,Singapore,,16.8.2022,,Crypto,https://decrypt.co/107...,Unkno...,$156,Singapore,16.8.2022
Edmodo,SF Bay Area,,16.8.2022,100%,Education,https://www.edsurge.c...,Acquir...,$77,United States,17.8.2022
Snapdocs,SF Bay Area,,16.8.2022,10%,Real Estate,Internal memo,Series D,$253,United States,5.11.2022
Updater,New York City,,16.8.2022,,Other,https://updater.com/u...,Unkno...,$467,United States,17.8.2022
Sema4,Stamford,250.0,15.8.2022,13%,Healthcare,https://ir.sema4.com/n...,Post-I...,$791,United States,16.8.2022
Blend,SF Bay Area,220.0,15.8.2022,12%,Finance,https://www.housingwi...,Post-I...,$665,United States,16.8.2022
ContraFect,New York City,16.0,15.8.2022,37%,Healthcare,https://www.benzinga.c...,Post-I...,$380,United States,16.8.2022
ThredUp,Chicago,,15.8.2022,15%,Retail,https://www.retaildive.c...,Post-I...,$305,United States,16.8.2022
Anywell,Tel AvivN,11.0,14.8.2022,,Real Estate,https://www.calcalistec...,Series A,$15,Israel,15.8.2022
Almanac,SF Bay Area,,13.8.2022,,Other,https://www.linkedin.c...,Series A,$45,United States,17.8.2022
Peloton,New York City,784.0,12.8.2022,13%,Fitness,https://www.cnbc.com/...,Post-I...,"$1,900",United States,12.8.2022
Core Scientific,Austin,,12.8.2022,10%,Crypto,https://blockworks.co/c...,Post-I...,$169,United States,12.8.2022
Orbit,SF Bay Area,,12.8.2022,,Other,https://www.linkedin.c...,Series A,$20,United States,17.8.2022
Truepill,SF Bay Area,175.0,11.8.2022,33%,Healthcare,https://techcrunch.com...,Series D,$255,United States,12.8.2022
Calm,SF Bay Area,90.0,11.8.2022,20%,Healthcare,https://www.wsj.com/a...,Series C,$218,United States,12.8.2022
FourKites,Chicago,60.0,11.8.2022,8%,Logistics,https://techcrunch.com...,Series D,$201,United States,26.8.2022
Marketforce,NairobiN,54.0,11.8.2022,9%,Retail,https://techcrunch.com...,Series A,$42,Kenya,11.8.2022
Betterfly,Santiago,30.0,11.8.2022,,Healthcare,https://startups.com.br...,Series C,$204,Chile,12.8.2022
Expert360,SydneyN,7.0,11.8.2022,,Recruiting,https://www.watoday.c...,Series C,$26,Australia,15.8.2022
Guidewire,SF Bay Area,,11.8.2022,2%,Finance,Internal memo,Post-I...,$24,United States,12.8.2022
Trybe,Sao Paulo,47.0,10.8.2022,10%,Education,https://startups.com.br...,Series B,$40,Brazil,25.8.2022
Permutive,London,30.0,10.8.2022,12%,Marketing,https://www.businessin...,Series C,$105,United Kin...,10.8.2022
Homeward,Austin,,10.8.2022,20%,Real Estate,https://www.realtrends....,Series B,$160,United States,10.8.2022
Pollen,London,,10.8.2022,100%,Marketing,https://sifted.eu/article...,Series C,$238,United Kin...,10.8.2022
Vedanta Bioscien...,Boston,,10.8.2022,20%,Healthcare,https://www.fiercebiote...,Series D,$301,United States,17.8.2022
GoHealth,Chicago,800.0,9.8.2022,20%,Healthcare,https://www.chicagobu...,Post-I...,$75,United States,11.8.2022
Hootsuite,Vancouver,400.0,9.8.2022,30%,Marketing,https://betakit.com/ho...,Series C,$300,Canada,9.8.2022
Nutanix,SF Bay Area,270.0,9.8.2022,4%,Infrastru...,https://www.marketscr...,Post-I...,"$1,100",United States,9.8.2022
Quanterix,Boston,130.0,9.8.2022,25%,Healthcare,https://www.genomew...,Post-I...,$533,United States,17.11.2022
Wix,Tel AvivN,100.0,9.8.2022,,Marketing,https://www.calcalistec...,Post-I...,$58,Israel,9.8.2022
MadeiraMadeira,Curitiba,60.0,9.8.2022,3%,Retail,https://www.estadao.c...,Series E,$338,Brazil,9.8.2022
Melio,New York City,60.0,9.8.2022,,Finance,https://www.calcalistec...,Series D,$504,United States,9.8.2022
Linktree,Melbourne,50.0,9.8.2022,17%,Consumer,https://www.smartcom...,Unkno...,$165,Australia,9.8.2022
Shogun,SF Bay Area,48.0,9.8.2022,30%,Retail,Internal memo,Series C,$114,United States,10.8.2022
Absci,Vancouver,40.0,9.8.2022,,Healthcare,https://www.absci.com...,Post-I...,$237,Canada,10.8.2022
Dooly,Vancouver,12.0,9.8.2022,,Sales,https://www.linkedin.c...,Series B,$102,Canada,10.8.2022
Berkeley Lights,SF Bay Area,,9.8.2022,12%,Healthcare,https://investors.berkel...,Post-I...,$272,United States,9.8.2022
DailyPay,New York City,,9.8.2022,15%,Finance,Internal memo,Unkno...,$814,United States,11.8.2022
Haus,SF Bay Area,,9.8.2022,100%,Food,https://techcrunch.com...,Seed,$7,United States,10.8.2022
Kaltura,New York City,,9.8.2022,10%,Media,https://en.globes.co.il/...,Post-I...,$166,United States,9.8.2022
Shift,SF Bay Area,,9.8.2022,,Transpor...,https://www.globenew...,Post-I...,$504,United States,9.8.2022
Sweetgreen,Los Angeles,,9.8.2022,,Food,https://www.cnbc.com/...,Post-I...,$478,United States,9.8.2022
Groupon,Chicago,500.0,8.8.2022,15%,Retail,https://techcrunch.com...,Post-I...,"$1,400",United States,8.8.2022
Loggi,Sao Paulo,500.0,8.8.2022,15%,Logistics,https://startups.com.br...,Series F,$507,Brazil,9.8.2022
Vroom,New York City,337.0,8.8.2022,,Transpor...,https://www.autonews....,Post-I...,"$1,300",United States,9.8.2022
Warby Parker,New York City,63.0,8.8.2022,,Consumer,https://www.businessin...,Post-I...,$535,United States,9.8.2022
Labelbox,SF Bay Area,36.0,8.8.2022,,Data,Internal memo,Series D,$188,United States,11.8.2022
Perion,Tel AvivN,20.0,8.8.2022,5%,Marketing,https://en.globes.co.il/...,Post-I...,$76,Israel,8.8.2022
Daily Harvest,New York City,,8.8.2022,15%,Food,https://fortune.com/20...,Series D,$120,United States,11.8.2022
DataRobot,Boston,,8.8.2022,,Data,https://www.bostonglo...,Series G,"$1,000",United States,11.8.2022
iRobot,Boston,140.0,5.8.2022,10%,Consumer,https://www.geekwire.c...,Acquir...,$30,United States,5.8.2022
Mejuri,Toronto,50.0,5.8.2022,10%,Retail,https://betakit.com/d2...,Series B,$28,Canada,8.8.2022
Uberflip,Toronto,31.0,5.8.2022,17%,Marketing,https://betakit.com/ub...,Series A,$42,Canada,5.8.2022
Slync,Dallas,,5.8.2022,,Logistics,https://www.businessin...,Series B,$76,United States,23.8.2022
Talkdesk,SF Bay Area,,5.8.2022,,Support,https://eco.sapo.pt/202...,Series D,$497,United States,5.8.2022
Doma,SF Bay Area,250.0,4.8.2022,13%,Finance,https://www.inman.co...,Post-I...,$679,United States,5.8.2022
Article,Vancouver,216.0,4.8.2022,17%,Retail,https://dailyhive.com/v...,Series B,,Canada,5.8.2022
Jam City,Los Angeles,200.0,4.8.2022,17%,Consumer,https://venturebeat.co...,Unkno...,$652,United States,5.8.2022
10X Genomics,SF Bay Area,100.0,4.8.2022,8%,Healthcare,https://www.genomew...,Post-I...,$242,United States,5.8.2022
LEAD,Mumbai,80.0,4.8.2022,4%,Education,https://www.moneycon...,Series E,$166,India,4.8.2022
Zendesk,SF Bay Area,80.0,4.8.2022,,Support,Internal memo,Acquir...,$85,United States,5.8.2022
On Deck,SF Bay Area,73.0,4.8.2022,33%,Education,https://techcrunch.com...,Series A,$20,United States,4.8.2022
RenoRun,Montreal,70.0,4.8.2022,12%,Construc...,https://betakit.com/ren...,Series B,$163,Canada,17.8.2022
RingCentral,SF Bay Area,50.0,4.8.2022,,Support,https://www.bizjournal...,Post-I...,$44,United States,5.8.2022
Medly,New York City,,4.8.2022,16%,Healthcare,https://www.linkedin.c...,Series C,$100,United States,9.8.2022
Nomad,Sao Paulo,,4.8.2022,20%,Finance,https://finsiders.com.br...,Series B,$290,Brazil,10.8.2022
StubHub,SF Bay Area,,4.8.2022,,Consumer,https://www.sfgate.co...,Acquir...,$59,United States,5.8.2022
Weedmaps,Los Angeles,,4.8.2022,10%,Other,https://www.businessin...,Acquir...,,United States,16.8.2022
Zenius,JakartaN,,4.8.2022,30%,Education,https://www.linkedin.c...,Series B,$20,Indonesia,4.8.2022
Healthcare.com,Miami,149.0,3.8.2022,,Healthcare,https://www.bizjournal...,Series C,$244,United States,5.8.2022
Unbounce,Vancouver,47.0,3.8.2022,20%,Marketing,https://betakit.com/un...,Series A,$39,Canada,4.8.2022
Beyond Meat,Los Angeles,40.0,3.8.2022,4%,Food,https://www.bloomber...,Post-I...,$122,United States,4.8.2022
The Org,New Delhi,13.0,3.8.2022,,HR,https://www.linkedin.c...,Series B,$39,United States,4.8.2022
CarDekho,Gurugram,,3.8.2022,,Transpor...,https://www.thehindub...,Series E,$497,India,4.8.2022
Puppet,Portland,,3.8.2022,15%,Infrastru...,Internal memo,Acquir...,$189,United States,8.8.2022
SoundCloud,BerlinNo,,3.8.2022,20%,Consumer,https://www.billboard.c...,Unkno...,$542,Germany,4.8.2022
Talkwalker,Luxembourg,,3.8.2022,15%,Marketing,https://www.siliconluxe...,Privat...,$9,Luxembourg,4.8.2022
Robinhood,SF Bay Area,713.0,2.8.2022,23%,Finance,https://techcrunch.com...,Post-I...,"$5,600",United States,2.8.2022
Latch,New York City,115.0,2.8.2022,37%,Security,https://www.globenew...,Post-I...,$342,United States,4.8.2022
Vedantu,Bengaluru,100.0,2.8.2022,,Education,https://inc42.com/buzz...,Series E,$292,India,3.8.2022
Seegrid,Pittsburgh,90.0,2.8.2022,,Logistics,https://www.therobotr...,Unkno...,$107,United States,4.8.2022
Nylas,SF Bay Area,80.0,2.8.2022,25%,Product,https://www.nylas.com...,Series C,$175,United States,2.8.2022
Outreach,Seattle,60.0,2.8.2022,5%,Sales,https://www.linkedin.c...,Series G,$489,United States,2.8.2022
Sendy,NairobiN,54.0,2.8.2022,20%,Logistics,https://techcrunch.com...,Series B,$26,Kenya,5.10.2022
The Predictive Ind...,Boston,40.0,2.8.2022,,HR,https://www.linkedin.c...,Acquir...,$71,United States,8.8.2022
Sendy,NairobiN,30.0,2.8.2022,10%,Logistics,https://techcabal.com/...,Series B,$26,Kenya,2.8.2022
Stedi,Boulder,23.0,2.8.2022,30%,Product,https://twitter.com/Ger...,Series B,$75,United States,4.8.2022
Glossier,New York City,19.0,2.8.2022,8%,Retail,https://www.modernret...,Series E,$266,United States,3.8.2022
Butterfly Network,New Haven,,2.8.2022,10%,Healthcare,Internal memo,Post-I...,$530,United States,4.8.2022
FuboTV,New York City,,2.8.2022,,Media,https://www.businessin...,Post-I...,$151,United States,4.8.2022
Hash,Sao Paulo,58.0,1.8.2022,50%,Finance,https://oglobo.globo.c...,Series C,$58,Brazil,3.8.2022
Classkick,Chicago,,1.8.2022,,Education,https://docs.google.co...,Seed,$1,United States,10.8.2022
DeHaat,Gurugram,,1.8.2022,,Food,https://www.moneycon...,Series D,$194,India,2.8.2022
OnlyFans,London,,1.8.2022,,Media,https://www.businessin...,Unkno...,,United Kin...,4.8.2022
Oracle,SF Bay Area,,1.8.2022,,Other,https://www.bloomber...,Post-I...,,United States,17.11.2022
Perceptive Autom...,Boston,,1.8.2022,100%,Transpor...,https://www.therobotr...,Series A,$20,United States,4.8.2022
Whereby,OsloNon,,1.8.2022,,Other,https://www.linkedin.c...,Series A,$10,Norway,2.8.2022
Metigy,SydneyN,75.0,31.7.2022,100%,Marketing,https://www.linkedin.c...,Series B,$18,Australia,2.8.2022
Vee,Tel AvivN,16.0,31.7.2022,32%,HR,https://www.calcalistec...,Seed,$15,Israel,2.8.2022
Gatherly,Atlanta,,31.7.2022,50%,Marketing,Company exec,,,United States,2.8.2022
Ola,Bengaluru,1000.0,29.7.2022,,Transpor...,https://economictimes....,Series J,"$5,000",India,29.7.2022
Clearco,Toronto,125.0,29.7.2022,25%,Finance,https://betakit.com/cle...,Series C,$681,Canada,29.7.2022
Imperfect Foods,SF Bay Area,50.0,29.7.2022,,Food,https://www.bizjournal...,Series D,$229,United States,31.7.2022
Shelf Engine,Seattle,43.0,29.7.2022,,Food,https://www.geekwire.c...,Series B,$58,United States,31.7.2022
Quantcast,SF Bay Area,40.0,29.7.2022,6%,Marketing,https://digiday.com/m...,Series C,$65,United States,2.8.2022
Sherpa,Toronto,22.0,29.7.2022,,Travel,https://www.linkedin.c...,Unkno...,$11,Canada,31.7.2022
CoinFLEX,Victoria,,29.7.2022,,Crypto,https://coinflex.com/bl...,Unkno...,$11,Seychelles,29.7.2022
MissFresh,BeijingN,,29.7.2022,,Food,https://technode.com/...,Post-I...,"$1,700",China,29.7.2022
Yabonza,SydneyN,,29.7.2022,100%,Real Estate,https://www.smartcom...,Unkno...,$6,Australia,25.8.2022
Ribbon,New York City,136.0,28.7.2022,,Real Estate,https://www.inman.co...,Series C,$405,United States,29.7.2022
Career Karma,SF Bay Area,60.0,28.7.2022,33%,Education,https://techcrunch.com...,Series B,$51,United States,29.7.2022
Metromile,SF Bay Area,60.0,28.7.2022,20%,Finance,https://techcrunch.com...,Acquir...,$510,United States,29.7.2022
Laybuy,Auckland,45.0,28.7.2022,,Finance,https://www.stuff.co.nz...,Post-I...,$130,New Zealand,29.7.2022
Allbirds,SF Bay Area,23.0,28.7.2022,,Retail,Internal memo,Post-I...,$202,United States,31.7.2022
TextNow,Waterloo,22.0,28.7.2022,,Consumer,Internal memo,Seed,$1,Canada,4.8.2022
2U,Washington D,,28.7.2022,20%,Education,https://www.insidehigh...,Post-I...,$426,United States,31.7.2022
Bikayi,Bengaluru,,28.7.2022,,Retail,https://inc42.com/feat...,Series A,$12,India,29.7.2022
Brainbase,Los Angeles,,28.7.2022,,Sales,https://medium.com/br...,Series A,$12,United States,17.11.2022
Change.org,SF Bay Area,,28.7.2022,19%,Other,https://change-org.me...,Series D,$72,United States,29.7.2022
Tapas Media,SF Bay Area,,28.7.2022,,Media,,Acquir...,$17,United States,2.8.2022
Turntide,SF Bay Area,,28.7.2022,20%,Energy,https://www.bizjournal...,Unkno...,$491,United States,29.7.2022
Rivian,Detroit,840.0,27.7.2022,6%,Transpor...,https://www.cnn.com/2...,Post-I...,"$10,700",United States,28.7.2022
Vox Media,Washington D,39.0,27.7.2022,2%,Media,https://www.axios.com...,Series F,$307,United States,29.7.2022
Coinsquare,Toronto,30.0,27.7.2022,24%,Crypto,https://betakit.com/coi...,Unkno...,$98,Canada,30.7.2022
Skai,Tel AvivN,30.0,27.7.2022,4%,Marketing,https://www.calcalistec...,Series E,$60,Israel,28.7.2022
Shopify,OttawaN,1000.0,26.7.2022,10%,Retail,https://www.wsj.com/a...,Post-I...,$122,Canada,26.7.2022
McMakler,BerlinNo,90.0,26.7.2022,,Real Estate,https://www.businessin...,Unkno...,$214,Germany,26.7.2022
Fiverr,Tel AvivN,60.0,26.7.2022,8%,Other,https://en.globes.co.il/...,Post-I...,$111,Israel,26.7.2022
InDebted,SydneyN,40.0,26.7.2022,17%,Finance,https://www.news.com....,Series B,$41,Australia,26.7.2022
Outbrain,New York City,38.0,26.7.2022,3%,Marketing,https://en.globes.co.il/...,Post-I...,$394,United States,26.7.2022
Dover,SF Bay Area,23.0,26.7.2022,30%,Recruiting,https://blog.dover.io/c...,Series A,$22,United States,26.7.2022
Immutable,SydneyN,20.0,26.7.2022,6%,Crypto,https://www.cnet.com/...,Series C,$279,Australia,28.7.2022
Zymergen,SF Bay Area,80.0,25.7.2022,,Other,https://www.bizjournal...,Acquir...,$974,United States,26.8.2022
Pear Therapeutics,Boston,25.0,25.7.2022,9%,Healthcare,https://www.massdevic...,Post-I...,$409,United States,26.7.2022
Included Health,SF Bay Area,,25.7.2022,6%,Healthcare,https://www.fiercehealt...,Series E,$272,United States,26.7.2022
Soluto,Tel AvivN,120.0,24.7.2022,100%,Support,https://www.calcalistec...,Acquir...,$18,Israel,25.7.2022
Eucalyptus,SydneyN,50.0,22.7.2022,20%,Healthcare,https://www.news.com....,Series C,$69,Australia,28.7.2022
Workstream,SF Bay Area,45.0,22.7.2022,,HR,LinkedIn,Series B,$58,United States,3.8.2022
Quanto,Sao Paulo,28.0,22.7.2022,22%,Finance,https://www.seudinheir...,Series A,$15,Brazil,25.7.2022
Clarify Health,SF Bay Area,15.0,22.7.2022,5%,Healthcare,https://twitter.com/erin...,Series D,$328,United States,22.7.2022
Arete,Miami,,22.7.2022,,Security,https://www.crn.com/n...,Unkno...,,United States,23.7.2022
Boosted Commer...,Los Angeles,,22.7.2022,5%,Retail,https://www.businessin...,Series B,$137,United States,26.7.2022
Owlet,Lehi,,22.7.2022,,Healthcare,https://www.linkedin.c...,Post-I...,$178,United States,3.8.2022
People.ai,SF Bay Area,,22.7.2022,,Sales,LinkedIn,Series D,$200,United States,26.7.2022
Wizeline,SF Bay Area,,22.7.2022,,Product,Internal memo,Acquir...,$62,United States,23.7.2022
Blockchain.com,London,150.0,21.7.2022,25%,Crypto,https://www.coindesk.c...,Series D,$490,United Kin...,21.7.2022
Callisto Media,SF Bay Area,140.0,21.7.2022,35%,Media,https://www.publishers...,Series D,,United States,22.7.2022
AppGate,Miami,130.0,21.7.2022,22%,Security,https://m.marketscreen...,Post-I...,,United States,28.7.2022
WHOOP,Boston,95.0,21.7.2022,15%,Fitness,https://frontofficesport...,Series F,$404,United States,22.7.2022
Rad Power Bikes,Seattle,63.0,21.7.2022,10%,Transpor...,https://www.geekwire.c...,Series D,$329,United States,21.7.2022
Lunchbox,New York City,60.0,21.7.2022,33%,Food,https://www.businessin...,Series B,$72,United States,22.7.2022
RealSelf,Seattle,11.0,21.7.2022,5%,Healthcare,https://www.geekwire.c...,Series B,$42,United States,21.7.2022
98point6,Seattle,,21.7.2022,10%,Healthcare,https://www.geekwire.c...,Series E,$247,United States,23.7.2022
Catalyst,New York City,,21.7.2022,,Support,Internal memo,Series B,$45,United States,4.8.2022
InVision,New York City,,21.7.2022,50%,Product,https://www.linkedin.c...,Series F,$356,United States,21.7.2022
Mural,SF Bay Area,,21.7.2022,,Product,Internal memo,Series C,$192,United States,22.7.2022
Smarsh,Portland,,21.7.2022,,Other,https://www.oregonlive...,Privat...,,United States,31.7.2022
Just Eat Takeaway,Amsterdam,390.0,20.7.2022,,Food,https://www.reuters.co...,Post-I...,"$2,800",Netherlands,20.7.2022
Flyhomes,Seattle,200.0,20.7.2022,20%,Real Estate,https://www.geekwire.c...,Series C,$310,United States,20.7.2022
Varo,SF Bay Area,75.0,20.7.2022,,Finance,https://www.axios.com...,Series E,$992,United States,20.7.2022
BlueStacks,SF Bay Area,60.0,20.7.2022,,Other,https://inc42.com/buzz...,Series C,$48,United States,20.7.2022
Lyft,SF Bay Area,60.0,20.7.2022,2%,Transpor...,https://www.wsj.com/a...,Post-I...,"$4,900",United States,20.7.2022
Introhive,Ferdericton,57.0,20.7.2022,16%,Sales,https://entrevestor.co...,Series C,$125,Canada,22.7.2022
Zencity,Tel AvivN,30.0,20.7.2022,20%,Other,https://www.calcalistec...,Unkno...,$51,Israel,20.7.2022
Splice,New York City,23.0,20.7.2022,,Media,https://www.washingto...,Series D,$159,United States,5.8.2022
Forma.ai,Toronto,15.0,20.7.2022,9%,Sales,Internal memo,Series B,$58,Canada,26.7.2022
Arc,SF Bay Area,13.0,20.7.2022,,HR,https://www.linkedin.c...,Seed,$1,United States,21.7.2022
Invitae,SF Bay Area,1000.0,19.7.2022,,Healthcare,https://www.genomew...,Post-I...,"$2,000",United States,19.7.2022
Olive,Columbus,450.0,19.7.2022,31%,Healthcare,https://oliveai.com/imp...,Series H,$856,United States,19.7.2022
M1,Chicago,38.0,19.7.2022,,Finance,Internal memo,Series E,$323,United States,31.7.2022
SellerX,BerlinNo,28.0,19.7.2022,,Retail,https://sifted.eu/article...,Unkno...,$766,Germany,21.7.2022
Stint,London,28.0,19.7.2022,20%,HR,https://sifted.eu/article...,Unkno...,,United Kin...,25.7.2022
Capsule,New York City,,19.7.2022,13%,Healthcare,Internal memo,Series D,$570,United States,20.7.2022
PACT Pharma,SF Bay Area,94.0,18.7.2022,,Healthcare,https://www.fiercebiote...,Series C,$200,United States,20.7.2022
Gemini,New York City,68.0,18.7.2022,7%,Crypto,https://techcrunch.com...,Unkno...,$423,United States,18.7.2022
Lusha,New York City,30.0,18.7.2022,10%,Marketing,https://www.calcalistec...,Series B,$245,United States,18.7.2022
Elemy,SF Bay Area,,18.7.2022,,Healthcare,https://bhbusiness.com...,Series B,$323,United States,20.7.2022
Freshly,New York City,,18.7.2022,25%,Food,https://www.crainsnew...,Acquir...,$107,United States,28.7.2022
Hydrow,Boston,,18.7.2022,35%,Fitness,https://www.bostonglo...,Series D,$269,United States,20.7.2022
TikTok,Los Angeles,,18.7.2022,,Consumer,https://www.wired.com...,Acquir...,,United States,19.7.2022
Vimeo,New York City,,18.7.2022,6%,Consumer,https://www.businessin...,Post-I...,$450,United States,18.7.2022
Bright Money,Bengaluru,100.0,15.7.2022,50%,Finance,https://www.outlookin...,Series A,$31,India,23.7.2022
Project44,Chicago,63.0,15.7.2022,5%,Logistics,https://www.freightwav...,Unkno...,$817,United States,15.7.2022
Heroes,London,24.0,15.7.2022,20%,Retail,https://www.businessin...,Unkno...,$265,United Kin...,15.7.2022
Aspire,SF Bay Area,23.0,15.7.2022,,Marketing,https://www.businessin...,Series A,$27,United States,15.7.2022
StyleSeat,SF Bay Area,,15.7.2022,17%,Consumer,https://docs.google.co...,Series C,$40,United States,9.8.2022
Zego,London,85.0,14.7.2022,17%,Finance,https://coverager.com/...,Series C,$202,United Kin...,14.7.2022
The Mom Project,Chicago,54.0,14.7.2022,15%,HR,https://www.linkedin.c...,Series C,$115,United States,15.7.2022
Unstoppable Do...,SF Bay Area,42.0,14.7.2022,25%,Crypto,https://twitter.com/mat...,Series B,$7,United States,26.7.2022
Kiavi,SF Bay Area,39.0,14.7.2022,7%,Real Estate,https://www.housingwi...,Series E,$240,United States,23.7.2022
Alto Pharmacy,SF Bay Area,,14.7.2022,,Healthcare,https://www.linkedin.c...,Series E,$560,United States,18.7.2022
Cosuno,BerlinNo,,14.7.2022,,Construc...,Company exec,Series B,$45,Germany,16.7.2022
OpenSea,New York City,,14.7.2022,20%,Crypto,https://twitter.com/dfin...,Series C,$427,United States,14.7.2022
Wave,DakarNo,300.0,13.7.2022,15%,Finance,https://techcrunch.com...,Series A,$292,Senegal,13.7.2022
Tonal,SF Bay Area,262.0,13.7.2022,35%,Fitness,https://www.cnbc.com/...,Series E,$450,United States,13.7.2022
Fabric,New York City,120.0,13.7.2022,40%,Logistics,https://techcrunch.com...,Series C,$336,United States,13.7.2022
Bryter,BerlinNo,100.0,13.7.2022,30%,Product,https://twitter.com/pier...,Series B,$89,Germany,14.7.2022
ChowNow,Los Angeles,100.0,13.7.2022,20%,Food,https://techcrunch.com...,Series C,$64,United States,13.7.2022
Involves,Florianópolis,70.0,13.7.2022,18%,Retail,https://www.baguete.c...,Unkno...,$23,Brazil,20.7.2022
100 Thieves,Los Angeles,12.0,13.7.2022,,Consumer,https://www.dexerto.co...,Series C,$120,United States,18.7.2022
Nuro,SF Bay Area,7.0,13.7.2022,,Transpor...,https://www.therobotr...,Series D,"$2,100",United States,16.7.2022
Arrival,London,,13.7.2022,30%,Transpor...,https://techcrunch.com...,Post-I...,$629,United Kin...,14.7.2022
CircleUp,SF Bay Area,,13.7.2022,,Finance,https://docs.google.co...,Series C,$53,United States,26.7.2022
Papa,Miami,,13.7.2022,15%,Other,https://www.linkedin.c...,Series D,$241,United States,14.7.2022
Gopuff,Philadelphia,1500.0,12.7.2022,10%,Food,https://www.bloomber...,Series H,"$3,400",United States,12.7.2022
Fraazo,Mumbai,150.0,12.7.2022,,Food,https://inc42.com/buzz...,Series B,$63,India,13.7.2022
Babylon,London,100.0,12.7.2022,,Healthcare,https://www.bloomber...,Post-I...,"$1,100",United Kin...,25.7.2022
Hubilo,SF Bay Area,45.0,12.7.2022,12%,Marketing,https://inc42.com/buzz...,Series B,$153,United States,13.7.2022
Airlift,LahoreN,,12.7.2022,100%,Logistics,https://techcrunch.com...,Series B,$109,Pakistan,13.7.2022
Microsoft,Seattle,,12.7.2022,,Other,https://www.cnbc.com/...,Post-I...,$1,United States,15.11.2022
Spring,SF Bay Area,,12.7.2022,,Retail,https://www.businessin...,Unkno...,$61,United States,14.7.2022
Hopin,London,242.0,11.7.2022,29%,Other,https://www.businessin...,Series D,"$1,000",United Kin...,11.7.2022
Alice,Sao Paulo,63.0,11.7.2022,,Healthcare,https://forbes.com.br/c...,Series C,$174,Brazil,13.7.2022
SundaySky,New York City,24.0,11.7.2022,13%,Marketing,https://en.globes.co.il/...,Series D,$74,United States,12.7.2022
Apeel Sciences,Santa Barbara,,11.7.2022,,Food,https://www.pacbiztim...,Series E,$640,United States,14.7.2022
Forward,SF Bay Area,,11.7.2022,5%,Healthcare,https://www.fiercehealt...,Series D,$225,United States,12.7.2022
Ignite,SF Bay Area,,11.7.2022,50%,Crypto,https://www.coindesk.c...,Series A,$9,United States,13.7.2022
Nextbite,Denver,,9.7.2022,,Food,https://www.businessin...,Series C,$150,United States,11.7.2022
PuduTech,Shenzen,1500.0,8.7.2022,,Other,https://www.therobotr...,Series C,$184,China,4.8.2022
Butler Hospitality,New York City,1000.0,8.7.2022,100%,Food,https://techcrunch.com...,Series B,$50,United States,8.7.2022
Calibrate,New York City,156.0,8.7.2022,24%,Healthcare,https://news.bloomber...,Series B,$127,United States,18.7.2022
NextRoll,SF Bay Area,,8.7.2022,3%,Marketing,https://www.businessin...,Unkno...,$108,United States,8.7.2022
Argo AI,Pittsburgh,150.0,7.7.2022,5%,Transpor...,https://techcrunch.com...,Unkno...,"$3,600",United States,8.7.2022
Next Insurance,SF Bay Area,150.0,7.7.2022,17%,Finance,https://www.calcalistec...,Series E,$881,United States,7.7.2022
Adwerx,Durham,40.0,7.7.2022,,Marketing,https://www.inman.co...,Unkno...,$20,United States,8.7.2022
Emotive,Los Angeles,30.0,7.7.2022,18%,Marketing,https://dot.la/emotive-l...,Series B,$78,United States,8.7.2022
Cedar,New York City,,7.7.2022,24%,Healthcare,https://www.businessin...,Series D,$351,United States,8.7.2022
Twitter,SF Bay Area,,7.7.2022,,Consumer,https://www.wsj.com/a...,Post-I...,"$5,700",United States,7.7.2022
Remote,SF Bay Area,100.0,6.7.2022,9%,HR,https://www.publico.pt...,Series C,$496,United States,6.7.2022
Shopify,OttawaN,50.0,6.7.2022,,Retail,https://www.theglobea...,Post-I...,$122,Canada,6.7.2022
Anodot,Tel AvivN,35.0,6.7.2022,27%,Data,https://www.calcalistec...,Series C,$64,Israel,6.7.2022
SQream,New York City,30.0,6.7.2022,18%,Data,https://www.calcalistec...,Series B,$77,United States,6.7.2022
Anodot,Tel AvivN,15.0,6.7.2022,20%,Data,https://www.calcalistec...,Series C,$64,Israel,8.5.2023
Motif Foodworks,Boston,,6.7.2022,,Food,https://www.foodnavig...,Series B,$344,United States,15.7.2022
Loft,Sao Paulo,384.0,5.7.2022,12%,Real Estate,https://startups.com.br...,Unkno...,$788,Brazil,5.7.2022
Bizzabo,New York City,120.0,5.7.2022,30%,Marketing,https://www.calcalistec...,Series E,$194,United States,6.7.2022
eToro,Tel AvivN,100.0,5.7.2022,6%,Finance,https://www.calcalistec...,Unkno...,$322,Israel,5.7.2022
Verbit,New York City,80.0,5.7.2022,10%,Data,https://www.calcalistec...,Series E,$569,United States,5.7.2022
Outschool,SF Bay Area,31.0,5.7.2022,18%,Education,https://techcrunch.com...,Series D,$240,United States,5.7.2022
Bullish,Hong Kong,30.0,5.7.2022,8%,Crypto,https://www.theblock.c...,Unkno...,$300,Hong Kong,15.7.2022
Transmit Security,Boston,27.0,5.7.2022,7%,Security,https://www.themarker...,Series A,$583,United States,6.7.2022
Thimble,New York City,20.0,5.7.2022,33%,Finance,https://coverager.com/...,Series A,$28,United States,6.7.2022
Syte,Tel AvivN,13.0,5.7.2022,8%,Retail,https://www.themarker...,Series C,$71,Israel,5.7.2022
Lightricks,Jerusalem,80.0,4.7.2022,12%,Consumer,https://en.globes.co.il/...,Series D,$335,Israel,4.7.2022
Chessable,London,29.0,4.7.2022,,Consumer,https://dotesports.com...,Acquir...,$0,United Kin...,13.7.2022
Sendle,SydneyN,27.0,4.7.2022,12%,Logistics,https://www.afr.com/te...,Series C,$69,Australia,4.7.2022
Lendis,BerlinNo,18.0,4.7.2022,15%,Other,https://www.businessin...,Series A,$90,Germany,7.7.2022
Airtasker,SydneyN,,4.7.2022,,Consumer,https://www.afr.com/te...,Series C,$26,Australia,4.7.2022
Gorillas,BerlinNo,540.0,3.7.2022,,Food,https://www.retailfood....,Series C,"$1,300",Germany,6.7.2022
Celsius,New York City,150.0,3.7.2022,25%,Crypto,https://www.calcalistec...,Series B,$864,United States,4.7.2022
LetsGetChecked,New York City,,2.7.2022,,Healthcare,https://www.businessp...,Series D,$263,United States,4.7.2022
Perx Health,SydneyN,,2.7.2022,,Healthcare,https://www.smh.com.a...,Seed,$2,Australia,4.7.2022
Zepto,Brisbane,,2.7.2022,10%,Finance,https://www.smh.com.a...,Series A,$25,Australia,4.7.2022
WanderJaunt,SF Bay Area,85.0,1.7.2022,100%,Travel,https://shorttermrental...,Series B,$26,United States,2.7.2022
Canoo,Los Angeles,58.0,1.7.2022,6%,Transpor...,https://www.businessin...,Post-I...,$300,United States,2.7.2022
Bamboo Health,Louisville,52.0,1.7.2022,,Healthcare,Internal memo,Unkno...,,United States,21.7.2022
Teleport,SF Bay Area,15.0,1.7.2022,6%,Infrastru...,https://goteleport.com...,Series C,$169,United States,2.7.2022
Remesh,New York City,,1.7.2022,,Support,Internal memo,Series A,$38,United States,6.7.2022
Enjoy,SF Bay Area,400.0,30.6.2022,18%,Retail,https://news.crunchbas...,Post-I...,$310,United States,30.6.2022
Crejo.Fun,Bengaluru,170.0,30.6.2022,100%,Education,https://inc42.com/buzz...,Seed,$3,India,1.7.2022
Stash Financial,New York City,40.0,30.6.2022,8%,Finance,https://www.forbes.co...,Unkno...,$480,United States,26.10.2022
Nate,New York City,30.0,30.6.2022,20%,Retail,https://www.theinform...,Series A,$47,United States,30.6.2022
Snyk,Boston,30.0,30.6.2022,,Security,https://snyk.io/blog/an...,Series F,$849,United States,1.7.2022
Stream,Boulder,20.0,30.6.2022,12%,Product,https://twitter.com/ger...,Series B,$58,United States,1.7.2022
Finleap Connect,Hamburg,14.0,30.6.2022,10%,Finance,https://paymentandba...,Series A,$22,Germany,1.7.2022
Abra,SF Bay Area,12.0,30.6.2022,5%,Crypto,https://www.theblock.c...,Series C,$106,United States,1.7.2022
Gavelytics,Los Angeles,,30.6.2022,100%,Legal,https://www.lawnext.co...,Seed,$5,United States,6.7.2022
Secfi,SF Bay Area,,30.6.2022,,Finance,Internal memo,Series A,$7,United States,4.8.2022
Sundae,SF Bay Area,,30.6.2022,15%,Real Estate,https://www.realtrends....,Series C,$135,United States,30.6.2022
Toppr,Mumbai,350.0,29.6.2022,,Education,https://inc42.com/buzz...,Acquir...,$112,India,30.6.2022
Unity,SF Bay Area,200.0,29.6.2022,4%,Other,https://kotaku.com/sou...,Post-I...,"$1,300",United States,30.6.2022
Niantic,SF Bay Area,85.0,29.6.2022,8%,Consumer,https://www.bloomber...,Series D,$770,United States,29.6.2022
AvantStay,Los Angeles,80.0,29.6.2022,,Travel,https://skift.com/blog/...,Unkno...,$811,United States,30.6.2022
Qumulo,Seattle,80.0,29.6.2022,19%,Data,https://www.geekwire.c...,Series E,$347,United States,30.6.2022
Clutch,Toronto,76.0,29.6.2022,22%,Transpor...,https://betakit.com/clu...,Series B,$153,Canada,30.6.2022
Parallel Wireless,Nashua,60.0,29.6.2022,,Infrastru...,https://www.calcalist.co...,Unkno...,$8,United States,30.6.2022
Oye Rickshaw,New Delhi,40.0,29.6.2022,20%,Transpor...,https://inc42.com/buzz...,Unkno...,$13,India,1.7.2022
Rows,BerlinNo,18.0,29.6.2022,30%,Other,https://eco.sapo.pt/202...,Series B,$25,Germany,5.8.2022
Baton,SF Bay Area,16.0,29.6.2022,25%,Transpor...,https://www.freightwav...,Series A,$13,United States,30.6.2022
Substack,SF Bay Area,13.0,29.6.2022,14%,Media,https://www.nytimes.co...,Series B,$82,United States,29.6.2022
CommentSold,Huntsville,,29.6.2022,,Retail,Internal memo,Unkno...,,United States,6.7.2022
Degreed,SF Bay Area,,29.6.2022,15%,Education,https://www.linkedin.c...,Series D,$411,United States,29.6.2022
HomeLight,SF Bay Area,,29.6.2022,19%,Real Estate,https://www.linkedin.c...,Series D,$743,United States,30.6.2022
Modsy,SF Bay Area,,29.6.2022,,Retail,https://techcrunch.com...,Series C,$72,United States,1.7.2022
Volt Bank,SydneyN,,29.6.2022,100%,Finance,https://www.smh.com.a...,Series E,$90,Australia,30.6.2022
Huobi,BeijingN,300.0,28.6.2022,30%,Crypto,https://www.coindesk.c...,Unkno...,$2,China,29.6.2022
WhiteHat Jr,Mumbai,300.0,28.6.2022,,Education,https://techcrunch.com...,Acquir...,$11,India,29.6.2022
StockX,Detroit,120.0,28.6.2022,8%,Retail,https://www.theinform...,Series E,$690,United States,29.6.2022
Sidecar Health,Los Angeles,110.0,28.6.2022,40%,Healthcare,Internal memo,Series C,$163,United States,18.7.2022
StockX,Detroit,80.0,28.6.2022,,Retail,https://www.complex.c...,Series E,$690,United States,3.11.2022
Vezeeta,DubaiNo,50.0,28.6.2022,10%,Healthcare,https://techcrunch.com...,Series D,$71,United Ara...,29.6.2022
Bright Machines,SF Bay Area,30.0,28.6.2022,8%,Data,https://www.calcalist.co...,Unkno...,$250,Israel,29.6.2022
HealthMatch,SydneyN,18.0,28.6.2022,50%,Healthcare,https://www.smh.com.a...,Series B,$20,Australia,29.6.2022
Booktopia,SydneyN,,28.6.2022,,Retail,https://www.smh.com.a...,Series A,$23,Australia,29.6.2022
Nova Benefits,Bengaluru,,28.6.2022,30%,Healthcare,https://entrackr.com/2...,Series B,$41,India,30.6.2022
Una Brands,Singapore,,28.6.2022,10%,Retail,https://www.smh.com.a...,Series A,$55,Singapore,29.6.2022
AppLovin,SF Bay Area,300.0,27.6.2022,12%,Marketing,https://www.bizjournal...,Post-I...,"$1,600",United States,28.6.2022
UiPath,New York City,210.0,27.6.2022,5%,Data,https://www.cnbc.com/...,Post-I...,"$2,000",United States,28.6.2022
Udaan,Bengaluru,180.0,27.6.2022,4%,Retail,https://inc42.com/buzz...,Unkno...,"$1,500",India,28.6.2022
Cue,San Diego,170.0,27.6.2022,,Healthcare,https://www.genomew...,Post-I...,$999,United States,28.6.2022
Banxa,Melbourne,70.0,27.6.2022,30%,Crypto,https://decrypt.co/103...,Post-I...,$13,Australia,28.6.2022
SafeGraph,SF Bay Area,27.0,27.6.2022,25%,Data,https://www.safegraph....,Series B,$61,United States,28.6.2022
Amount,Chicago,,27.6.2022,18%,Finance,https://techcrunch.com...,Unkno...,$283,United States,28.6.2022
Postscript,SF Bay Area,43.0,26.6.2022,,Marketing,https://twitter.com/rin...,Series C,$106,United States,25.6.2022
Bitpanda,ViennaN,270.0,24.6.2022,27%,Crypto,https://brutkasten.com...,Series C,$546,Austria,24.6.2022
Sunday,Atlanta,90.0,24.6.2022,23%,Finance,https://www.lesechos.fr...,Series A,$124,United States,28.6.2022
Bestow,Dallas,41.0,24.6.2022,14%,Finance,https://coverager.com/...,Series C,$137,United States,28.6.2022
Ethos Life,SF Bay Area,40.0,24.6.2022,12%,Finance,https://www.coverager....,Series D,$406,United States,26.6.2022
Feather,New York City,,24.6.2022,,Retail,Internal memo,Unkno...,$76,United States,25.6.2022
Give Legacy,Boston,,24.6.2022,,Healthcare,https://www.bizjournal...,Series B,$45,United States,20.7.2022
Netflix,SF Bay Area,300.0,23.6.2022,3%,Media,https://www.cnbc.com/...,Post-I...,"$121,900",United States,23.6.2022
Aura,Boston,70.0,23.6.2022,9%,Security,https://www.bankinfos...,Series F,$500,United States,26.6.2022
Pipl,Spokane,22.0,23.6.2022,13%,Security,https://en.globes.co.il/...,Unkno...,$19,United States,23.6.2022
Vouch,SF Bay Area,15.0,23.6.2022,7%,Finance,Internal memo,Series C,$159,United States,24.6.2022
Voyage SMS,Los Angeles,8.0,23.6.2022,13%,Marketing,https://dot.la/voyage-fi...,Unkno...,$10,United States,30.6.2022
Esper,Seattle,,23.6.2022,12%,Other,https://www.geekwire.c...,Series A,$10,United States,23.6.2022
Kune,NairobiN,,23.6.2022,100%,Food,https://www.linkedin.c...,Seed,$1,Kenya,23.6.2022
Mark43,New York City,,23.6.2022,,Other,https://www.linkedin.c...,Series E,$229,United States,23.6.2022
Orchard,New York City,,23.6.2022,10%,Real Estate,https://www.linkedin.c...,Series D,$472,United States,24.6.2022
Ro,New York City,,23.6.2022,18%,Healthcare,https://techcrunch.com...,Unkno...,"$1,000",United States,23.6.2022
StreamElements,Tel AvivN,,23.6.2022,20%,Media,https://esportsinsider.c...,Series B,$111,Israel,24.6.2022
MasterClass,SF Bay Area,120.0,22.6.2022,20%,Education,https://techcrunch.com...,Series E,$461,United States,23.6.2022
IronNet,Washington D,90.0,22.6.2022,35%,Security,https://www.crn.com/n...,Post-I...,$410,United States,17.9.2022
Bungalow,SF Bay Area,70.0,22.6.2022,,Real Estate,Internal memo,Series C,$171,United States,23.6.2022
IronNet,Washington D,55.0,22.6.2022,17%,Security,https://ir.ironnet.com/fi...,Post-I...,$410,United States,25.6.2022
Sprinklr,New York City,50.0,22.6.2022,,Support,https://www.businessin...,Post-I...,$429,United States,26.6.2022
Superpedestrian,Boston,35.0,22.6.2022,7%,Transpor...,https://techcrunch.com...,Series C,$261,United States,23.6.2022
Voi,Stockholm,35.0,22.6.2022,10%,Transpor...,https://www.voiscooter...,Series D,$515,Sweden,23.6.2022
Balto,St. Louis,30.0,22.6.2022,,Sales,https://www.bizjournal...,Series B,$51,United States,23.6.2022
Ritual,Toronto,23.0,22.6.2022,16%,Food,https://www.linkedin.c...,Series C,$134,Canada,23.6.2022
Mindgeek,Luxembourg,,22.6.2022,,Media,https://variety.com/202...,Unkno...,,Luxembourg,27.6.2022
Voly,SydneyN,,22.6.2022,50%,Food,https://www.smh.com.a...,Seed,$13,Australia,23.6.2022
Ebanx,Curitiba,340.0,21.6.2022,20%,Finance,https://www.reuters.co...,Series B,$460,Brazil,22.6.2022
TaskUs,Los Angeles,52.0,21.6.2022,0%,Support,Internal memo,Post-I...,$279,United States,22.6.2022
Community,Los Angeles,40.0,21.6.2022,30%,Marketing,https://www.businessin...,Unkno...,$40,United States,22.6.2022
Sourcegraph,SF Bay Area,24.0,21.6.2022,8%,Product,https://newsletter.prag...,Series D,$248,United States,23.6.2022
Frubana,BogotaN,,21.6.2022,3%,Food,https://www.bloomber...,Series C,$202,Colombia,22.6.2022
SuperLearn,Bengaluru,,21.6.2022,100%,Education,https://inc42.com/buzz...,Seed,$0,India,22.6.2022
Tray.io,SF Bay Area,,21.6.2022,10%,Data,Internal memo,Series C,$109,United States,22.6.2022
Bybit,Singapore,600.0,20.6.2022,30%,Crypto,https://techcrunch.com...,Unkno...,,Singapore,22.6.2022
SummerBio,SF Bay Area,101.0,20.6.2022,100%,Healthcare,https://www.bizjournal...,Unkno...,$7,United States,22.6.2022
Trax,Singapore,100.0,20.6.2022,12%,Retail,https://en.globes.co.il/...,Series E,"$1,000",Singapore,21.6.2022
Aqgromalin,Chennai,80.0,20.6.2022,30%,Food,https://inc42.com/buzz...,Unkno...,$12,India,21.6.2022
Bonsai,Toronto,30.0,20.6.2022,55%,Retail,https://betakit.com/tor...,Series A,$27,Canada,21.6.2022
Brighte,SydneyN,30.0,20.6.2022,15%,Energy,https://www.startupdail...,Series C,$145,Australia,21.6.2022
Buzzer,New York City,,20.6.2022,20%,Media,https://www.sportico.c...,Unkno...,$32,United States,22.6.2022
Bybit,Singapore,,20.6.2022,,Crypto,https://twitter.com/Wu...,Unkno...,,Singapore,5.12.2022
CityMall,Gurugram,191.0,19.6.2022,30%,Retail,https://techcrunch.com...,Series C,$112,India,19.6.2022
BitOasis,DubaiNo,9.0,19.6.2022,5%,Crypto,https://www.reuters.co...,Series B,$30,United Ara...,21.6.2022
Unacademy,Bengaluru,150.0,18.6.2022,3%,Education,https://www.moneycon...,Series H,$838,India,19.6.2022
Bytedance,Shanghai,150.0,17.6.2022,,Consumer,https://www.bloomber...,Unkno...,"$9,400",China,17.6.2022
Socure,Reno,69.0,17.6.2022,13%,Finance,https://www.forbes.co...,Series E,$646,United States,18.6.2022
Finite State,Columbus,16.0,17.6.2022,20%,Security,https://www.bizjournal...,Series B,$49,United States,18.6.2022
JOKR,New York City,50.0,16.6.2022,5%,Food,https://techcrunch.com...,Series B,$430,United States,19.6.2022
Zumper,SF Bay Area,45.0,16.6.2022,15%,Real Estate,https://therealdeal.com...,Series D,$178,United States,16.6.2022
PharmEasy,Mumbai,40.0,16.6.2022,,Healthcare,https://inc42.com/buzz...,Unkno...,"$1,600",India,17.6.2022
Circulo Health,Columbus,,16.6.2022,50%,Healthcare,https://www.axios.com...,Series A,$50,United States,17.6.2022
Swappie,Helsinki,250.0,15.6.2022,17%,Retail,https://swappie.com/fi/...,Series C,$169,Finland,16.6.2022
Wealthsimple,Toronto,159.0,15.6.2022,13%,Finance,https://www.piquenew...,Unkno...,$900,Canada,15.6.2022
Weee!,SF Bay Area,150.0,15.6.2022,10%,Food,https://www.businessin...,Series E,$863,United States,19.6.2022
Notarize,Boston,110.0,15.6.2022,25%,Legal,https://www.bizjournal...,Series D,$213,United States,16.6.2022
Elementor,Tel AvivN,60.0,15.6.2022,15%,Media,https://en.globes.co.il/...,Unkno...,$65,Israel,16.6.2022
Tonkean,SF Bay Area,23.0,15.6.2022,23%,Other,https://www.themarker...,Series B,$83,United States,16.6.2022
Airtame,Copenhagen,15.0,15.6.2022,,Consumer,Internal memo,Unkno...,$7,Denmark,16.6.2022
OpenWeb,Tel AvivN,14.0,15.6.2022,5%,Media,https://en.globes.co.il/...,Series E,$223,Israel,16.6.2022
Swyft,Toronto,10.0,15.6.2022,30%,Logistics,https://www.theglobea...,Series A,$20,Canada,15.6.2022
Crehana,LimaNon,,15.6.2022,,Education,https://www.bloomber...,Series B,$93,Peru,22.6.2022
JetClosing,Seattle,,15.6.2022,100%,Real Estate,https://www.geekwire.c...,Series B,$44,United States,2.8.2022
Coinbase,SF Bay Area,1100.0,14.6.2022,18%,Crypto,https://www.cnbc.com/...,Post-I...,$549,United States,14.6.2022
Redfin,Seattle,470.0,14.6.2022,8%,Real Estate,https://www.streetinsid...,Post-I...,$319,United States,14.6.2022
Compass,New York City,450.0,14.6.2022,10%,Real Estate,https://www.bloomber...,Post-I...,"$1,600",United States,14.6.2022
Sami,Sao Paulo,75.0,14.6.2022,15%,Healthcare,https://braziljournal.co...,Unkno...,$36,Brazil,14.6.2022
Breathe,New Delhi,50.0,14.6.2022,33%,Healthcare,https://inc42.com/buzz...,Series A,$6,India,16.6.2022
Hunty,BogotaN,30.0,14.6.2022,,HR,https://www.bloomber...,Seed,$6,Colombia,15.6.2022
TIFIN,Boulder,24.0,14.6.2022,10%,Crypto,https://www.axios.com...,Series D,$204,United States,15.6.2022
Addi,BogotaN,,14.6.2022,,Finance,https://www.bloomber...,Series C,$376,Colombia,15.6.2022
Shopee,Singapore,,14.6.2022,,Food,https://asia.nikkei.com/...,Unkno...,,Singapore,14.6.2022
BlockFi,New York City,250.0,13.6.2022,20%,Crypto,https://blockfi.com/a-...,Series E,"$1,000",United States,13.6.2022
Wave Sports and ...,Los Angeles,56.0,13.6.2022,33%,Media,https://dot.la/wave-spo...,Series B,$65,United States,16.6.2022
Studio,SF Bay Area,33.0,13.6.2022,40%,Education,Internal memo,Series B,$50,United States,14.6.2022
Automox,Boulder,,13.6.2022,,Infrastru...,https://www.linkedin.c...,Series C,$152,United States,14.6.2022
Desktop Metal,Boston,,13.6.2022,12%,Other,https://www.marketwat...,Post-I...,$811,United States,13.6.2022
Crypto.com,Singapore,260.0,10.6.2022,5%,Crypto,https://blockworks.co/c...,Unkno...,$156,Singapore,11.6.2022
FarEye,New Delhi,250.0,10.6.2022,30%,Logistics,https://inc42.com/buzz...,Series E,$150,India,10.6.2022
Berlin Brands Gro...,BerlinNo,100.0,10.6.2022,10%,Retail,https://www.startbase.c...,Unkno...,"$1,000",Germany,21.6.2022
Sanar,Sao Paulo,60.0,10.6.2022,20%,Healthcare,https://www.terra.com....,Unkno...,$11,Brazil,11.6.2022
Freetrade,London,45.0,10.6.2022,15%,Finance,https://www.altfi.com/a...,Unkno...,$133,United Kin...,10.6.2022
Albert,Los Angeles,20.0,10.6.2022,8%,Finance,https://dot.la/albert-fin...,Series C,$175,United States,11.6.2022
Keepe,Seattle,,10.6.2022,,Real Estate,https://www.geekwire.c...,Unkno...,$6,United States,11.6.2022
Liongard,Houston,,10.6.2022,,Infrastru...,https://www.crn.com/n...,Series B,$22,United States,11.6.2022
Ziroom,BeijingN,,10.6.2022,20%,Real Estate,https://pandaily.com/zi...,Unkno...,"$2,100",China,11.6.2022
OneTrust,Atlanta,950.0,9.6.2022,25%,Security,https://www.onetrust.c...,Series C,$926,United States,10.6.2022
Stitch Fix,SF Bay Area,330.0,9.6.2022,15%,Retail,https://www.cnbc.com/...,Post-I...,$79,United States,9.6.2022
Daniel Wellington,Stockholm,200.0,9.6.2022,15%,Retail,https://www.breakit.se/...,Unkno...,,Sweden,25.7.2022
Convoy,Seattle,90.0,9.6.2022,7%,Logistics,https://www.geekwire.c...,Series E,"$1,100",United States,10.6.2022
Hologram,Chicago,80.0,9.6.2022,40%,Infrastru...,LinkedIn,Series B,$82,United States,9.6.2022
Boozt,MalmoN,70.0,9.6.2022,5%,Retail,https://www.breakit.se/...,Post-I...,$56,Sweden,25.7.2022
The Grommet,Boston,40.0,9.6.2022,100%,Retail,https://www.bizjournal...,Acquir...,$5,United States,10.6.2022
Stashaway,Singapore,31.0,9.6.2022,14%,Finance,https://www.techinasia....,Series D,$61,Singapore,9.6.2022
Preply,Boston,26.0,9.6.2022,5%,Education,Internal memo,Series C,$100,United States,10.6.2022
Jellysmack,New York City,,9.6.2022,8%,Media,https://www.businessin...,Series C,$22,United States,10.6.2022
Starship,SF Bay Area,,9.6.2022,11%,Transpor...,https://www.starship.xy...,Series B,$197,United States,14.6.2022
Trade Republic,BerlinNo,,9.6.2022,,Finance,https://financefwd.com...,Series C,"$1,200",Germany,9.6.2022
Sonder,SF Bay Area,250.0,8.6.2022,21%,Travel,Internal memo,Post-I...,$839,United States,9.6.2022
Kavak,Sao Paulo,150.0,8.6.2022,,Transpor...,https://www.terra.com....,Series E,"$1,600",Brazil,9.6.2022
Truepill,SF Bay Area,150.0,8.6.2022,15%,Healthcare,https://medium.com/tr...,Series D,$255,United States,10.6.2022
iPrice Group,Kuala Lumpur,50.0,8.6.2022,20%,Retail,https://www.techinasia....,Unkno...,$26,Malaysia,30.6.2022
Memmo,Stockholm,,8.6.2022,40%,Consumer,https://www.breakit.se/...,Unkno...,$24,Sweden,11.6.2022
Cazoo,London,750.0,7.6.2022,15%,Transpor...,https://news.sky.com/s...,Post-I...,"$2,000",United Kin...,7.6.2022
Cazoo,London,750.0,7.6.2022,15%,Transpor...,https://sifted.eu/article...,Post-I...,"$2,000",United Kin...,9.9.2022
Rupeek,Bengaluru,180.0,7.6.2022,15%,Finance,https://www.moneycon...,Unkno...,$172,India,7.6.2022
Lummo,JakartaN,150.0,7.6.2022,,Marketing,https://www.moneycon...,Series C,$149,Indonesia,10.6.2022
Bird,Los Angeles,138.0,7.6.2022,23%,Transpor...,Internal memo,Post-I...,$783,United States,7.6.2022
ID.me,Washington D,130.0,7.6.2022,,Security,https://www.businessin...,Unkno...,$275,United States,8.6.2022
KiwiCo,SF Bay Area,40.0,7.6.2022,,Retail,Internal memo,Unkno...,$11,United States,17.6.2022
Bond,SF Bay Area,,7.6.2022,,Finance,Internal memo,Series A,$42,United States,10.6.2022
CyberCube,SF Bay Area,,7.6.2022,,Finance,Internal memo,Series B,$35,United States,19.6.2022
Propzy,Ho Chi Minh,,7.6.2022,50%,Real Estate,https://www.techinasia....,Series A,$33,Vietnam,15.9.2022
Clearco,Toronto,60.0,6.6.2022,,Finance,https://techcrunch.com...,Series C,$681,Canada,31.8.2022
Dutchie,Bend,50.0,6.6.2022,7%,Other,https://www.geekwire.c...,Series D,$603,United States,7.6.2022
Clearco,DublinN,,6.6.2022,,Finance,https://betakit.com/cle...,Series C,$681,Ireland,5.8.2022
Deep Instinct,New York City,,6.6.2022,10%,Security,https://news.crunchbas...,Series D,$259,United States,9.6.2022
Sendoso,SF Bay Area,,6.6.2022,14%,Marketing,https://www.businessin...,Series C,$152,United States,6.6.2022
Eruditus,Mumbai,40.0,4.6.2022,,Education,https://inc42.com/buzz...,Series E,"$1,200",India,6.6.2022
Afterverse,BrasiliaN,60.0,3.6.2022,20%,Consumer,https://neofeed.com.br...,Unkno...,,Brazil,21.1.2023
Superhuman,SF Bay Area,23.0,3.6.2022,22%,Consumer,https://www.businessin...,Series C,$108,United States,3.6.2022
Food52,New York City,21.0,3.6.2022,15%,Food,https://www.adweek.co...,Acquir...,$176,United States,7.6.2022
5B Solar,SydneyN,,3.6.2022,25%,Energy,https://www.news.com....,Series A,$12,Australia,3.6.2022
Clubhouse,SF Bay Area,,3.6.2022,,Consumer,https://www.bloomber...,Series C,$110,United States,4.6.2022
Tesla,Austin,,3.6.2022,10%,Transpor...,https://www.cnbc.com/...,Post-I...,"$20,200",United States,10.11.2022
Carbon Health,SF Bay Area,250.0,2.6.2022,8%,Healthcare,https://www.forbes.co...,Series D,$522,United States,2.6.2022
Favo,Sao Paulo,170.0,2.6.2022,,Food,https://exame.com/neg...,Series A,$31,Brazil,3.6.2022
PolicyGenius,New York City,170.0,2.6.2022,25%,Finance,https://techcrunch.com...,Series E,$286,United States,2.6.2022
Yojak,Gurugram,140.0,2.6.2022,50%,Construc...,https://inc42.com/buzz...,Seed,$3,India,5.6.2022
Envato,Melbourne,100.0,2.6.2022,,Marketing,https://www.smartcom...,Unkno...,,Australia,2.6.2022
Gemini,New York City,100.0,2.6.2022,10%,Crypto,https://www.bloomber...,Unkno...,$423,United States,2.6.2022
Stord,Atlanta,59.0,2.6.2022,8%,Logistics,https://www.businessin...,Series D,$325,United States,3.6.2022
Gather,SF Bay Area,30.0,2.6.2022,33%,Consumer,https://www.forbes.co...,Series B,$76,United States,16.6.2022
Shef,SF Bay Area,29.0,2.6.2022,,Food,Internal memo,Series A,$28,United States,4.6.2022
IRL,SF Bay Area,25.0,2.6.2022,25%,Consumer,https://techcrunch.com...,Series C,$197,United States,2.6.2022
Esme Learning,Boston,,2.6.2022,,Education,https://esmelearning.c...,Unkno...,$37,United States,3.6.2022
Kaodim,Selangor,,2.6.2022,100%,Consumer,https://www.thestar.co...,Series B,$17,Malaysia,11.6.2022
Rain,Manama,,2.6.2022,,Finance,https://www.bloomber...,Series B,$202,Bahrain,5.6.2022
TomTom,Amsterdam,500.0,1.6.2022,10%,Transpor...,https://www.businessin...,Post-I...,,Netherlands,25.1.2023
Cybereason,Boston,100.0,1.6.2022,6%,Security,https://www.calcalistec...,Series F,$750,United States,1.6.2022
Udayy,Gurugram,100.0,1.6.2022,100%,Education,https://www.moneycon...,Seed,$2,India,1.6.2022
2TM,Sao Paulo,90.0,1.6.2022,12%,Crypto,https://www.terra.com....,Unkno...,$250,Brazil,2.6.2022
Curve,London,65.0,1.6.2022,10%,Finance,https://www.altfi.com/a...,Series C,$182,United Kin...,2.6.2022
Loom,SF Bay Area,34.0,1.6.2022,14%,Product,https://techcrunch.com...,Series C,$203,United States,2.6.2022
Skillshare,New York City,31.0,1.6.2022,,Education,Internal memo,Unkno...,$136,United States,9.6.2022
Impala,London,30.0,1.6.2022,35%,Travel,https://newsletter.prag...,Series B,$32,United Kin...,10.6.2022
Eaze,SF Bay Area,25.0,1.6.2022,,Consumer,https://www.businessin...,Series D,$202,United States,2.6.2022
Side,SF Bay Area,,1.6.2022,10%,Real Estate,https://www.inman.co...,Unkno...,$313,United States,2.6.2022
Truck It In,KarachiN,,1.6.2022,30%,Logistics,https://techx.pk/truck-i...,Seed,$17,Pakistan,1.6.2022
Playtika,Tel AvivN,250.0,31.5.2022,6%,Consumer,https://en.globes.co.il/...,Post-I...,,Israel,31.5.2022
Replicated,Los Angeles,50.0,31.5.2022,,Infrastru...,https://www.replicated....,Series C,$85,United States,1.6.2022
Tomo,Stamford,44.0,31.5.2022,33%,Finance,https://www.businessin...,Series A,$110,United States,1.6.2022
Getta,Tel AvivN,30.0,31.5.2022,,Transpor...,https://www.themarker...,Series A,$49,Israel,1.6.2022
BookClub,Salt Lake City,12.0,31.5.2022,25%,Education,Internal memo,Series A,$26,United States,6.6.2022
Cerebral,SF Bay Area,,31.5.2022,,Healthcare,https://www.bloomber...,Series C,$462,United States,3.6.2022
SWVL,DubaiNo,400.0,30.5.2022,32%,Transpor...,https://techcrunch.com...,Post-I...,$132,United Ara...,31.5.2022
Mobile Premier L...,Bengaluru,100.0,30.5.2022,10%,Consumer,https://www.moneycon...,Series E,$375,India,31.5.2022
SumUp,Sao Paulo,100.0,30.5.2022,3%,Finance,https://financefwd.com...,Unkno...,$50,Brazil,31.5.2022
Tempus Ex,SF Bay Area,,30.5.2022,,Data,Internal memo,Unkno...,$36,United States,16.6.2022
FrontRow,Bengaluru,145.0,27.5.2022,30%,Education,https://inc42.com/buzz...,Series A,$17,India,31.5.2022
Daloopa,New Delhi,40.0,27.5.2022,,Data,https://www.moneycon...,Series A,$23,India,2.6.2022
Uncapped,London,29.0,27.5.2022,26%,Finance,https://sifted.eu/article...,Unkno...,$118,United Kin...,28.5.2022
Akerna,Denver,,27.5.2022,,Logistics,https://news.yahoo.co...,Unkno...,$46,United States,11.6.2022
Terminus,Atlanta,,27.5.2022,,Marketing,https://www.bizjournal...,Series C,$120,United States,28.5.2022
Terminus,Atlanta,,27.5.2022,,Marketing,https://www.bizjournal...,Unkno...,$192,United States,19.2.2023
VTEX,Sao Paulo,200.0,26.5.2022,13%,Retail,https://www.bloomber...,Post-I...,$365,Brazil,27.5.2022
Bitso,Mexico City,80.0,26.5.2022,11%,Crypto,https://www.coindesk.c...,Series C,$378,Mexico,27.5.2022
Foodpanda,Bucharest,80.0,26.5.2022,,Food,https://sifted.eu/article...,Acquir...,$749,Romania,28.5.2022
Dazn,London,50.0,26.5.2022,2%,Consumer,https://deadline.com/2...,Unkno...,,United Kin...,11.6.2022
Lacework,SF Bay Area,300.0,25.5.2022,20%,Security,https://twitter.com/Ger...,Series D,"$1,900",United States,26.5.2022
Bolt,SF Bay Area,240.0,25.5.2022,27%,Finance,https://www.forbes.co...,Series E,"$1,300",United States,25.5.2022
PeerStreet,Los Angeles,75.0,25.5.2022,,Finance,Internal memo,Series C,$121,United States,28.5.2022
Kontist,BerlinNo,50.0,25.5.2022,25%,Finance,https://financefwd.com...,Series B,$53,Germany,25.5.2022
Nuri,BerlinNo,45.0,25.5.2022,20%,Finance,https://www.handelsbl...,Series B,$42,Germany,25.5.2022
Coterie Insurance,Cincinnati,30.0,25.5.2022,20%,Finance,https://www.bizjournal...,Series B,$70,United States,27.5.2022
Airlift,LahoreN,,25.5.2022,31%,Logistics,https://profit.pakistant...,Series B,$109,Pakistan,25.5.2022
Getir,Istanbul,,25.5.2022,14%,Food,https://techcrunch.com...,Series E,"$1,800",Turkey,25.5.2022
Zapp,London,,25.5.2022,10%,Food,https://sifted.eu/article...,,$300,United Kin...,27.5.2022
Gorillas,BerlinNo,300.0,24.5.2022,50%,Food,https://www.theverge.c...,Series C,"$1,300",Germany,24.5.2022
Zenius,JakartaN,200.0,24.5.2022,,Education,https://www.cnnindone...,Series B,$20,Indonesia,25.5.2022
The Zebra,Austin,40.0,24.5.2022,,Finance,https://coverager.com/...,Series D,$256,United States,25.5.2022
Klarna,Stockholm,700.0,23.5.2022,10%,Finance,https://www.di.se/digit...,Unkno...,"$3,700",Sweden,23.5.2022
PayPal,SF Bay Area,83.0,23.5.2022,,Finance,https://www.bizjournal...,Post-I...,$216,United States,26.5.2022
Buenbit,Buenos Aires,80.0,23.5.2022,45%,Crypto,https://www.coindesk.c...,Series A,$11,Argentina,25.5.2022
BeyondMinds,Tel AvivN,65.0,23.5.2022,100%,Data,https://en.globes.co.il/...,Series A,$16,Israel,23.5.2022
ClickUp,San Diego,60.0,23.5.2022,7%,Other,https://www.protocol.c...,Series C,$537,United States,25.5.2022
Airtime,New York City,30.0,23.5.2022,20%,Consumer,Internal memo,Series B,$33,United States,17.8.2022
Olist,Curitiba,,23.5.2022,,Retail,https://www.terra.com....,Series E,$322,Brazil,25.5.2022
MFine,Bengaluru,600.0,21.5.2022,75%,Healthcare,https://inc42.com/buzz...,Series C,$97,India,22.5.2022
Latch,New York City,130.0,20.5.2022,28%,Security,https://www.globenew...,Post-I...,$342,United States,21.5.2022
Outside,Boulder,87.0,20.5.2022,15%,Media,https://www.adweek.co...,Series B,$174,United States,22.5.2022
Skillz,SF Bay Area,70.0,20.5.2022,10%,Consumer,https://techcrunch.com...,Post-I...,$287,United States,21.5.2022
Cars24,Gurugram,600.0,19.5.2022,6%,Transpor...,https://entrackr.com/2...,Series G,"$1,300",India,19.5.2022
Vedantu,Bengaluru,424.0,18.5.2022,7%,Education,https://economictimes....,Series E,$292,India,18.5.2022
Netflix,SF Bay Area,150.0,17.5.2022,1%,Media,https://www.cnbc.com/...,Post-I...,"$121,900",United States,17.5.2022
Kry,Stockholm,100.0,17.5.2022,10%,Healthcare,https://www.di.se/digit...,Series D,$568,Sweden,17.5.2022
Picsart,Miami,90.0,17.5.2022,8%,Consumer,https://www.theinform...,Series C,$195,United States,18.5.2022
Zak,Sao Paulo,100.0,16.5.2022,40%,Food,https://www.baguete.c...,Series A,$29,Brazil,17.5.2022
Zulily,Seattle,,16.5.2022,,Retail,https://www.geekwire.c...,Acquir...,$194,United States,17.5.2022
AliExpress Russia,Moscow,400.0,14.5.2022,40%,Retail,https://asia.nikkei.com/...,Acquir...,$60,Russia,14.5.2022
Thirty Madison,New York City,24.0,14.5.2022,,Healthcare,https://usanewsweb.co...,Acquir...,$209,United States,16.5.2022
CommonBond,New York City,22.0,13.5.2022,,Finance,https://www.linkedin.c...,Series D,$130,United States,25.5.2022
Subspace,Los Angeles,,13.5.2022,100%,Infrastru...,https://www.linkedin.c...,Series B,,United States,17.5.2022
Zwift,Los Angeles,150.0,12.5.2022,,Fitness,https://www.dcrainmak...,Series C,$619,United States,12.5.2022
Section4,New York City,32.0,12.5.2022,,Education,https://techcrunch.com...,Series A,$37,United States,13.5.2022
Tripwire,Portland,,12.5.2022,,Security,https://www.oregonlive...,Acquir...,$29,United States,12.5.2022
DataRobot,Boston,70.0,11.5.2022,7%,Data,https://www.theinform...,Series G,"$1,000",United States,11.5.2022
Carvana,Phoenix,2500.0,10.5.2022,12%,Transpor...,https://techcrunch.com...,Post-I...,"$1,600",United States,10.5.2022
Doma,SF Bay Area,310.0,10.5.2022,15%,Finance,https://www.housingwi...,Post-I...,$679,United States,12.5.2022
Pollen,London,200.0,10.5.2022,33%,Travel,https://newsletter.prag...,Series C,$238,United Kin...,20.5.2022
Latch,New York City,30.0,10.5.2022,6%,Security,https://techcrunch.com...,Post-I...,$342,United States,12.5.2022
Meero,ParisNon,350.0,9.5.2022,50%,Other,https://www.challenges...,Series C,$293,France,4.3.2023
Vroom,New York City,270.0,9.5.2022,14%,Transpor...,https://www.marketwat...,Post-I...,"$1,300",United States,10.5.2022
Reef,Miami,750.0,6.5.2022,5%,Transpor...,https://www.restaurant...,Unkno...,"$1,500",United States,6.5.2022
divvyDOSE,Davenport,62.0,6.5.2022,,Healthcare,https://qctimes.com/b...,Acquir...,$0,United States,14.5.2022
Vedantu,Bengaluru,200.0,5.5.2022,3%,Education,https://economictimes....,Series E,$292,India,7.5.2022
Progrexion,Salt Lake City,100.0,5.5.2022,,Finance,https://news.crunchbas...,Acquir...,$202,United States,19.4.2023
Mural,SF Bay Area,90.0,5.5.2022,10%,Product,LinkedIn,Series C,$192,United States,6.5.2022
On Deck,SF Bay Area,72.0,5.5.2022,25%,Education,https://techcrunch.com...,Series A,$20,United States,5.5.2022
SEND,SydneyN,300.0,4.5.2022,100%,Food,https://www.smartcom...,Seed,$3,Australia,9.5.2022
Colossus,Boston,97.0,4.5.2022,,Energy,Company exec,Series A,$41,United States,12.5.2022
Cameo,Chicago,87.0,4.5.2022,25%,Consumer,https://www.theinform...,Unkno...,$165,United States,5.5.2022
Mainstreet,SF Bay Area,45.0,4.5.2022,30%,Finance,https://www.businessin...,Series A,$64,United States,5.5.2022
Ideoclick,Seattle,40.0,4.5.2022,,Retail,https://www.bizjournal...,Series A,$7,United States,9.5.2022
Vise,New York City,25.0,4.5.2022,,Finance,https://citywireusa.com...,Series C,$128,United States,5.5.2022
Bizpay,SydneyN,,4.5.2022,30%,Finance,https://www.news.com....,Unkno...,$45,Australia,12.5.2022
Thrasio,Boston,,2.5.2022,,Retail,https://techcrunch.com...,Unkno...,"$3,400",United States,3.5.2022
Avo,Tel AvivN,500.0,1.5.2022,67%,Food,https://en.globes.co.il/...,Series B,$45,Israel,3.5.2022
Noom,New York City,495.0,29.4.2022,,Healthcare,https://www.engadget....,Series F,$657,United States,3.5.2022
Domestika,SF Bay Area,150.0,28.4.2022,19%,Education,https://www.epe.es/es/...,Series D,$130,United States,25.7.2022
Netflix,SF Bay Area,25.0,28.4.2022,,Media,https://www.thewrap.c...,Post-I...,"$121,900",United States,12.5.2022
Wahoo Fitness,Atlanta,50.0,27.4.2022,,Fitness,https://road.cc/content...,Unkno...,,United States,19.6.2022
Robinhood,SF Bay Area,340.0,26.4.2022,9%,Finance,https://www.cnbc.com/...,Post-I...,"$5,600",United States,26.4.2022
Bonsai,Toronto,29.0,26.4.2022,34%,Retail,https://betakit.com/bo...,Series A,$27,Canada,21.6.2022
Sigfox,Toulouse,64.0,25.4.2022,,Other,https://www.lightreadi...,Acquir...,$277,France,23.2.2023
Clyde,New York City,22.0,25.4.2022,,Marketing,https://docs.google.co...,Series B,$58,United States,11.5.2022
Xiaohongshu,Shanghai,180.0,21.4.2022,9%,Consumer,https://www.reuters.co...,Series E,$917,China,23.4.2022
Facily,Sao Paulo,260.0,20.4.2022,30%,Retail,https://startups.com.br...,Series D,$502,Brazil,28.4.2022
Lemonade,New York City,52.0,20.4.2022,,Finance,https://coverager.com/...,Post-I...,$481,United States,28.5.2022
Blend,SF Bay Area,200.0,19.4.2022,10%,Finance,https://www.housingwi...,Post-I...,$665,United States,20.4.2022
QuintoAndar,Sao Paulo,160.0,19.4.2022,4%,Real Estate,https://aimgroup.com/...,Series E,$755,Brazil,24.4.2022
Loft,Sao Paulo,159.0,19.4.2022,,Real Estate,https://thegoaspotlight...,Unkno...,$788,Brazil,24.4.2022
Better.com,New York City,,19.4.2022,,Real Estate,https://techcrunch.com...,Unkno...,$905,United States,19.4.2022
Automox,Boulder,,18.4.2022,11%,Infrastru...,https://www.linkedin.c...,Series C,$152,United States,9.5.2022
Humble,SF Bay Area,10.0,15.4.2022,,Media,https://www.gamedeve...,Acquir...,$4,United States,14.6.2022
Halcyon Health,New York City,,15.4.2022,100%,Healthcare,https://www.axios.com...,Unkno...,$2,United States,16.4.2022
Ahead,SF Bay Area,44.0,14.4.2022,100%,Healthcare,https://www.bloomber...,Unkno...,$9,United States,16.4.2022
Truepill,SF Bay Area,,14.4.2022,,Healthcare,https://docs.google.co...,Series D,$255,United States,11.5.2022
Rad Power Bikes,Seattle,100.0,12.4.2022,14%,Transpor...,https://www.geekwire.c...,Series D,$329,United States,6.5.2022
Meesho,Bengaluru,150.0,11.4.2022,,Retail,https://inc42.com/buzz...,Series F,"$1,100",India,16.4.2022
Food52,New York City,20.0,8.4.2022,10%,Food,https://www.businessin...,Acquir...,$176,United States,8.5.2022
Unacademy,Bengaluru,1000.0,7.4.2022,17%,Education,https://economictimes....,Series H,$838,India,7.4.2022
Goodfood,CalgaryN,70.0,7.4.2022,,Food,https://thelogic.co/new...,Post-I...,$16,Canada,11.8.2022
Workrise,Austin,450.0,5.4.2022,,Energy,https://techcrunch.com...,Series E,$752,United States,25.3.2022
Fast,SF Bay Area,,5.4.2022,100%,Finance,https://www.theinform...,Series B,$124,United States,5.4.2022
BitMEX,Non-U.S.,75.0,4.4.2022,25%,Crypto,https://www.theblockcr...,Seed,$0,Seychelles,5.4.2022
Legible,Vancouver,23.0,4.4.2022,38%,Media,https://betakit.com/in-...,Post-I...,$3,Canada,16.4.2022
Lightico,Tel AvivN,20.0,31.3.2022,,Finance,https://www.calcalistec...,Series B,$42,Israel,7.2.2023
Sea,Bengaluru,350.0,30.3.2022,,Retail,https://www.techinasia....,Post-I...,"$8,600",India,31.3.2022
Rasa,BerlinNo,59.0,30.3.2022,40%,Data,https://www.businessin...,Series B,$40,Germany,31.3.2022
Gopuff,Philadelphia,450.0,29.3.2022,3%,Food,https://www.theinform...,Series H,"$3,400",United States,30.3.2022
Thinkific,Vancouver,100.0,29.3.2022,20%,Education,https://betakit.com/foll...,Post-I...,$22,Canada,30.3.2022
Furlenco,Bengaluru,180.0,26.3.2022,,Retail,https://inc42.com/buzz...,Series D,$228,India,28.3.2022
Grove Collaborati...,SF Bay Area,,19.3.2022,17%,Retail,https://www.retaildive.c...,Series E,$474,United States,30.3.2022
Storytel,Stockholm,100.0,17.3.2022,10%,Media,https://www.svt.se/kult...,Post-I...,$275,Sweden,17.5.2022
Curology,SF Bay Area,150.0,16.3.2022,,Healthcare,https://www.bizjournal...,Series D,$19,United States,18.3.2022
Trell,Bengaluru,300.0,15.3.2022,50%,Retail,https://www.businessto...,Series B,$62,India,7.5.2022
Knock,New York City,115.0,15.3.2022,46%,Real Estate,https://www.bloomber...,Unkno...,$654,United States,17.3.2022
Talis Biomedical,SF Bay Area,,15.3.2022,25%,Healthcare,https://www.fool.com/...,Post-I...,$8,United States,17.6.2022
Sezzle,Minneapolis,,10.3.2022,20%,Finance,https://www.protocol.c...,Post-I...,$301,United States,11.3.2022
Better.com,New York City,3000.0,8.3.2022,33%,Real Estate,https://www.nytimes.co...,Unkno...,$905,United States,9.3.2022
Adaptive Biotech...,Seattle,100.0,8.3.2022,12%,Healthcare,https://www.geekwire.c...,Post-I...,$406,United States,29.5.2022
Hyperscience,New York City,100.0,3.3.2022,25%,Data,https://www.theinform...,Series E,$289,United States,4.3.2022
WeDoctor,Non-U.S.,500.0,2.3.2022,,Healthcare,https://www.bloomber...,Series F,"$1,400",China,5.3.2022
Wish,SF Bay Area,190.0,1.3.2022,15%,Retail,https://www.marketwat...,Post-I...,"$1,600",United States,14.5.2022
iFit,Logan,,25.2.2022,,Fitness,https://www.sltrib.com/...,Privat...,$200,United States,22.11.2022
OKCredit,New Delhi,30.0,24.2.2022,,Finance,https://inc42.com/buzz...,Series B,$85,India,26.2.2022
Lido,Mumbai,150.0,21.2.2022,,Education,https://inc42.com/buzz...,Series A,$24,India,22.2.2022
Virgin Hyperloop,Los Angeles,111.0,21.2.2022,50%,Transpor...,https://www.ft.com/co...,Unkno...,$368,United States,22.2.2022
Trustly,Stockholm,120.0,17.2.2022,,Finance,https://igamingbusines...,Acquir...,$28,Sweden,17.5.2022
Liv Up,Sao Paulo,100.0,16.2.2022,15%,Food,https://startups.com.br...,Series D,$118,Brazil,28.4.2022
Homie,Salt Lake City,119.0,14.2.2022,29%,Real Estate,https://www.deseret.co...,Series B,$35,United States,11.2.2022
Hopin,London,138.0,10.2.2022,12%,Other,https://techcrunch.com...,Series D,"$1,000",United Kin...,11.2.2022
Daily Harvest,New York City,60.0,10.2.2022,20%,Food,https://www.bloomber...,Series D,$120,United States,11.2.2023
Peloton,New York City,2800.0,8.2.2022,20%,Fitness,https://techcrunch.com...,Post-I...,"$1,900",United States,8.2.2022
Defined.ai,Seattle,,7.2.2022,,Data,https://www.bizjournal...,Series B,$78,United States,7.7.2022
Rhino,New York City,57.0,3.2.2022,20%,Real Estate,https://therealdeal.com...,Unkno...,$133,United States,5.2.2022
Gopuff,Philadelphia,100.0,26.1.2022,,Food,https://www.businessin...,Series H,"$3,400",United States,4.2.2022
Glossier,New York City,80.0,26.1.2022,33%,Consumer,https://techcrunch.com...,Series E,$266,United States,26.1.2022
Root Insurance,Columbus,330.0,20.1.2022,,Finance,https://coverager.com/...,Post-I...,$527,United States,23.1.2022
Protonn,Bengaluru,,20.1.2022,100%,Other,https://economictimes....,Seed,$9,India,4.12.2023
Spin,SF Bay Area,,8.1.2022,25%,Transpor...,https://www.engadget....,Acquir...,$8,United States,9.1.2022
Delivery Hero,BerlinNo,300.0,22.12.2021,,Food,https://www.businessin...,Post-I...,"$8,300",Germany,30.12.2021
iFit,Logan,,8.12.2021,,Fitness,https://www.hjnews.co...,Privat...,$200,United States,22.11.2022
Better.com,New York City,900.0,1.12.2021,9%,Real Estate,https://techcrunch.com...,Unkno...,$905,United States,2.12.2021
BitTitan,Seattle,70.0,18.11.2021,27%,Data,https://www.seattletim...,Acquir...,$46,United States,20.11.2021
Zillow,Seattle,2000.0,2.11.2021,25%,Real Estate,https://www.geekwire.c...,Post-I...,$97,United States,2.11.2021
InVision,New York City,22.0,5.10.2021,,Product,Internal memo,Unkno...,$356,United States,7.5.2022
Ozy Media,SF Bay Area,,1.10.2021,100%,Media,https://www.nytimes.co...,Series C,$70,United States,2.10.2021
Zymergen,SF Bay Area,120.0,23.9.2021,,Other,https://www.bizjournal...,Post-I...,$974,United States,25.9.2021
Imperfect Foods,SF Bay Area,,22.9.2021,,Food,https://www.businessin...,Series D,$229,United States,14.6.2022
Genius,New York City,,15.9.2021,,Consumer,https://www.bloomber...,Acquir...,$78,United States,16.9.2021
Treehouse,Portland,41.0,14.9.2021,90%,Education,https://www.oregonlive...,Series B,$12,United States,27.10.2021
Casper,New York City,,14.9.2021,,Retail,https://techcrunch.com...,Post-I...,$339,United States,15.9.2021
Tanium,Seattle,30.0,30.8.2021,,Security,https://www.businessin...,Unkno...,"$1,000",United States,7.6.2022
Flockjay,SF Bay Area,37.0,24.8.2021,50%,Education,https://techcrunch.com...,Series A,$14,United States,24.8.2021
Bytedance,Shanghai,1800.0,5.8.2021,,Consumer,https://www.reuters.co...,Unkno...,"$9,400",China,5.8.2021
Pagarbook,Bengaluru,80.0,26.7.2021,,HR,https://inc42.com/buzz...,Series A,$17,India,30.7.2021
Katerra,SF Bay Area,2434.0,1.6.2021,100%,Construc...,https://therealdeal.com...,Unkno...,"$1,600",United States,1.6.2021
SumUp,London,,5.5.2021,,Finance,https://financefwd.com...,Unkno...,$53,United Kin...,6.5.2021
Lambda School,SF Bay Area,65.0,29.4.2021,,Education,https://techcrunch.com...,Series C,$122,United States,30.4.2021
Madefire,SF Bay Area,,29.4.2021,100%,Media,https://techcrunch.com...,Series B,$16,United States,30.4.2021
Patreon,SF Bay Area,36.0,26.4.2021,,Media,https://www.youtube.c...,Series D,$165,United States,29.4.2021
New Relic,SF Bay Area,160.0,6.4.2021,7%,Infrastru...,https://siliconangle.co...,Post-I...,$215,United States,7.4.2021
Medium,SF Bay Area,,24.3.2021,,Media,https://ev.medium.com...,Series C,$132,United States,27.3.2021
HuffPo,New York City,47.0,9.3.2021,,Media,https://www.huffpost.c...,Acquir...,$37,United States,9.3.2021
Subspace,Los Angeles,,3.3.2021,,Infrastru...,LinkedIn,Series B,,United States,4.3.2021
Clumio,SF Bay Area,,1.3.2021,,Data,https://blocksandfiles.c...,Series C,$186,United States,4.3.2021
DJI,SF Bay Area,,24.2.2021,,Consumer,https://dronelife.com/2...,Unkno...,$105,United States,25.2.2021
Ninjacart,Bengaluru,200.0,23.2.2021,,Food,https://inc42.com/buzz...,Unkno...,$194,India,24.2.2021
Bounce,Bengaluru,200.0,22.2.2021,40%,Transpor...,https://economictimes....,Series D,$214,India,23.2.2021
ThredUp,Chicago,243.0,9.2.2021,,Retail,https://www.chicagotri...,Series F,$305,United States,10.2.2021
Indigo,Boston,80.0,9.2.2021,,Other,https://www.bizjournal...,Series F,"$1,200",United States,11.2.2021
Limelight,New York City,13.0,4.2.2021,100%,Recruiting,Company exec,Unkno...,,United States,5.2.2021
Quandoo,BerlinNo,87.0,3.2.2021,20%,Food,https://www.berliner-z...,Acquir...,$39,Germany,18.2.2021
Hubba,Toronto,45.0,1.2.2021,100%,Retail,https://betakit.com/hu...,Series B,$61,Canada,3.2.2021
Bytedance,Mumbai,1800.0,27.1.2021,,Consumer,https://entrackr.com/2...,Unkno...,"$7,400",India,28.1.2021
Privitar,London,20.0,27.1.2021,,Data,https://www.bizjournal...,Series C,$150,United Kin...,28.1.2021
Shutterfly,SF Bay Area,800.0,25.1.2021,,Retail,https://thedeadpixelss...,Acquir...,$50,United States,26.1.2023
Postmates,SF Bay Area,180.0,23.1.2021,15%,Food,https://www.nytimes.co...,Acquir...,$763,United States,25.1.2021
Instacart,SF Bay Area,1877.0,21.1.2021,,Food,https://www.bloomber...,Unkno...,"$2,400",United States,21.1.2021
Pocketmath,Singapore,21.0,20.1.2021,100%,Marketing,https://www.businessin...,Unkno...,$20,Singapore,21.1.2021
Dropbox,SF Bay Area,315.0,13.1.2021,15%,Other,https://www.cnbc.com/...,Post-I...,"$1,700",United States,13.1.2021
Aura Financial,SF Bay Area,,11.1.2021,100%,Finance,https://www.linkedin.c...,Unkno...,$584,United States,28.1.2021
Simple,Portland,,7.1.2021,100%,Finance,https://www.oregonlive...,Acquir...,$15,United States,8.1.2021
WhiteHat Jr,Mumbai,1800.0,6.1.2021,,Education,https://inc42.com/buzz...,Acquir...,$11,India,11.1.2021
Pulse Secure,SF Bay Area,78.0,23.12.2020,,Security,https://www.bizjournal...,Acquir...,,United States,28.12.2020
Breather,Montreal,120.0,16.12.2020,80%,Real Estate,https://www.theglobea...,Series D,$131,Canada,17.12.2020
Actifio,Boston,54.0,16.12.2020,,Data,https://www.bizjournal...,Acquir...,$352,United States,18.12.2020
OYO,Gurugram,600.0,8.12.2020,,Travel,https://www.forbesindi...,Series F,"$3,200",India,9.12.2020
Zinier,SF Bay Area,,25.11.2020,,HR,LinkedIn,Series C,$120,United States,1.12.2020
Aya,Toronto,5.0,19.11.2020,25%,Finance,https://betakit.com/fint...,Seed,$3,Canada,20.11.2020
Domio,New York City,,18.11.2020,50%,Real Estate,https://therealdeal.com...,Series B,$116,United States,20.11.2020
Bridge Connector,Nashville,154.0,17.11.2020,100%,Healthcare,https://www.nashvillep...,Series B,$45,United States,20.11.2020
Tidepool,SF Bay Area,18.0,17.11.2020,40%,Healthcare,https://www.linkedin.c...,Unkno...,,United States,9.1.2021
Igenous,Seattle,,17.11.2020,,Data,https://blocksandfiles.c...,Series C,$67,United States,20.11.2020
Scoop,SF Bay Area,,17.11.2020,,Transpor...,https://layoffs.fyi/2020/...,Series C,$95,United States,2.12.2020
Worksmith,Austin,30.0,9.11.2020,50%,Retail,https://www.bizjournal...,Unkno...,$4,United States,12.11.2020
Rubica,Seattle,,5.11.2020,100%,Security,https://www.geekwire.c...,Series A,$14,United States,23.12.2020
Bossa Nova,SF Bay Area,,2.11.2020,50%,Retail,https://www.cnbc.com/...,Unkno...,$102,United States,5.11.2020
LivePerson,New York City,30.0,1.11.2020,,Support,https://en.globes.co.il/...,Post-I...,$42,United States,21.1.2023
Remedy,Austin,82.0,29.10.2020,,Healthcare,https://www.bizjournal...,Series A,$13,United States,3.11.2020
Knotel,New York City,20.0,29.10.2020,8%,Real Estate,https://www.businessin...,Series C,$560,United States,3.11.2020
Cheetah,SF Bay Area,,25.10.2020,,Food,https://layoffs.fyi/2020/...,Series B,$67,United States,4.11.2020
CodeCombat,SF Bay Area,8.0,23.10.2020,,Education,https://layoffs.fyi/2020/...,Series A,$8,United States,23.10.2020
Quibi,Los Angeles,,21.10.2020,100%,Media,https://layoffs.fyi/2020/...,Privat...,"$1,800",United States,22.10.2020
Zomato,JakartaN,,20.10.2020,,Food,https://dailysocial.id/p...,Series J,$914,Indonesia,22.10.2020
GetYourGuide,BerlinNo,90.0,14.10.2020,17%,Travel,https://www.reuters.co...,Series E,$656,Germany,16.10.2020
OLX India,New Delhi,250.0,10.10.2020,,Marketing,https://inc42.com/buzz...,Acquir...,$28,India,12.10.2020
Chef,Seattle,,8.10.2020,,Infrastru...,https://www.geekwire.c...,Acquir...,$105,United States,16.10.2020
Alto Pharmacy,SF Bay Area,47.0,29.9.2020,6%,Healthcare,https://layoffs.fyi/2020/...,Series D,$356,United States,7.10.2020
TheWrap,Los Angeles,,29.9.2020,,Media,https://nypost.com/20...,Series B,$4,United States,30.9.2020
HumanForest,London,,25.9.2020,,Transpor...,https://techcrunch.com...,Privat...,$2,United Kin...,28.9.2020
WeWork,Shenzen,,23.9.2020,,Real Estate,https://techcrunch.com...,Series H,"$19,500",China,28.9.2020
Air,New York City,,16.9.2020,16%,Marketing,https://air.inc/blog/seri...,Series A,$18,United States,21.9.2020
NS8,Las Vegas,240.0,11.9.2020,95%,Data,https://twitter.com/Vita...,Series A,$158,United States,11.9.2020
Bleacher Report,London,20.0,11.9.2020,,Media,https://awfulannouncin...,Acquir...,$41,United Kin...,12.9.2020
HubHaus,SF Bay Area,,11.9.2020,100%,Real Estate,https://www.theinform...,Series A,$13,United States,12.9.2020
Waze,SF Bay Area,30.0,9.9.2020,5%,Transpor...,https://www.theverge.c...,Acquir...,$67,United States,10.9.2020
Ouster,SF Bay Area,,8.9.2020,10%,Transpor...,https://techcrunch.com...,Series B,$132,United States,9.9.2020
Swing Education,SF Bay Area,,5.9.2020,,Education,https://www.sfchronicl...,Series B,$23,United States,8.9.2020
Akerna,Denver,,2.9.2020,,Logistics,https://mjbizdaily.com/...,Post-I...,,United States,4.9.2020
Awok,DubaiNo,,2.9.2020,100%,Retail,https://www.menabyte...,Series A,$30,United Ara...,2.9.2020
Big Fish Games,Seattle,250.0,1.9.2020,,Media,https://venturebeat.co...,Acquir...,$95,United States,2.9.2020
GoBear,Singapore,22.0,1.9.2020,11%,Finance,https://layoffs.fyi/2020/...,Unkno...,$97,Singapore,2.9.2020
MakeMyTrip,New Delhi,350.0,31.8.2020,10%,Travel,https://yourstory.com/...,Post-I...,$548,India,2.9.2020
Salesforce,SF Bay Area,1000.0,26.8.2020,2%,Sales,https://www.bloomber...,Post-I...,$65,United States,26.8.2020
kununu,Boston,,26.8.2020,,Recruiting,https://www.linkedin.c...,Acquir...,,United States,2.9.2020
Superloop,Brisbane,30.0,24.8.2020,,Infrastru...,https://www.arnnet.co...,Post-I...,$36,Australia,27.6.2022
Spaces,Los Angeles,,24.8.2020,,Media,https://www.protocol.c...,Acquir...,$10,United States,26.8.2020
StreamSets,SF Bay Area,,20.8.2020,,Data,https://www.fastcompa...,Series C,$76,United States,24.8.2020
Docly,London,8.0,19.8.2020,80%,Healthcare,https://sifted.eu/article...,Seed,$16,United Kin...,20.8.2020
Mapify,BerlinNo,,19.8.2020,,Travel,https://www.linkedin.c...,Seed,$1,Germany,25.8.2020
Lumina Networks,SF Bay Area,,18.8.2020,100%,Infrastru...,https://www.luminanet...,Series A,$10,United States,20.8.2020
DJI,Shenzen,,17.8.2020,,Consumer,https://www.reuters.co...,Unkno...,$105,China,18.8.2020
Shopify,OttawaN,30.0,14.8.2020,,Retail,https://betakit.com/sh...,Post-I...,$122,Canada,14.8.2020
InVision,New York City,,14.8.2020,,Product,LinkedIn,Series F,$350,United States,19.8.2020
HopSkipDrive,Los Angeles,,12.8.2020,,Transpor...,https://dot.la/hopskipd...,Unkno...,$45,United States,13.8.2020
Mozilla,SF Bay Area,250.0,11.8.2020,25%,Consumer,https://layoffs.fyi/2020/...,Unkno...,$2,United States,11.8.2020
Eatsy,Singapore,20.0,8.8.2020,100%,Food,https://www.businessti...,Seed,$1,Singapore,10.8.2020
Glossier,New York City,150.0,7.8.2020,38%,Retail,https://www.glossier.co...,Series D,$186,United States,19.8.2020
The Appraisal Lane,Montevideo,,7.8.2020,,Transpor...,https://layoffs.fyi/2020/...,Seed,$2,Uruguay,11.8.2020
Thriver,Toronto,75.0,6.8.2020,50%,Food,https://betakit.com/pla...,Series B,$53,Canada,7.8.2020
Vesta,Atlanta,56.0,5.8.2020,,Sales,https://www.americani...,Unkno...,$20,United States,6.8.2020
Booking.com,Amsterdam,4375.0,30.7.2020,25%,Travel,https://skift.com/2020/...,Acquir...,,Netherlands,4.8.2020
Buy.com / Rakuten,SF Bay Area,87.0,30.7.2020,100%,Retail,https://techcrunch.com...,Acquir...,$42,United States,31.7.2020
tZero,New York City,,30.7.2020,,Finance,https://www.businessw...,Acquir...,$472,United States,30.7.2020
Pared,SF Bay Area,,29.7.2020,,Food,https://layoffs.fyi/list/p...,Unkno...,$13,United States,31.7.2020
Procore,Los Angeles,180.0,28.7.2020,9%,Construc...,https://www.bloomber...,Unkno...,$649,United States,29.7.2020
Swiggy,Bengaluru,350.0,27.7.2020,5%,Food,https://www.livemint.c...,Series I,"$1,600",India,28.7.2020
Zeitgold,BerlinNo,75.0,27.7.2020,72%,Finance,https://layoffs.fyi/2020/...,Series B,$60,Germany,3.8.2020
Perkbox,London,,27.7.2020,,HR,https://layoffs.fyi/2020/...,Unkno...,$30,United Kin...,27.7.2020
Checkr,SF Bay Area,64.0,23.7.2020,12%,HR,https://layoffs.fyi/2020/...,Series D,$309,United States,24.7.2020
Sorabel,JakartaN,,23.7.2020,100%,Retail,https://e27.co/indonesi...,Series B,$27,Indonesia,24.7.2020
LinkedIn,SF Bay Area,960.0,21.7.2020,6%,Recruiting,https://layoffs.fyi/2020/...,Acquir...,$154,United States,21.7.2020
Lighter Capital,Seattle,22.0,20.7.2020,49%,Finance,https://www.geekwire.c...,Series B,$15,United States,20.7.2020
Curefit,Bengaluru,120.0,17.7.2020,,Fitness,https://tech.economicti...,Series D,$405,India,18.7.2020
Snaptravel,Toronto,,16.7.2020,,Travel,https://www.fastcompa...,Series A,$22,Canada,17.7.2020
Optimizely,SF Bay Area,60.0,15.7.2020,15%,Marketing,https://techcrunch.com...,Series D,$251,United States,16.7.2020
Skyscanner,Edinburgh,300.0,14.7.2020,20%,Travel,https://layoffs.fyi/2020/...,Acquir...,$197,United Kin...,15.7.2020
Vox Media,Washington D,,14.7.2020,,Media,https://www.cnbc.com/...,Series F,$308,United States,15.7.2020
Yelp,SF Bay Area,63.0,13.7.2020,,Consumer,https://www.cnbc.com/...,Post-I...,$56,United States,13.7.2020
Bizongo,Mumbai,140.0,10.7.2020,,Logistics,https://www.startupne...,Series C,$70,India,13.7.2020
Zilingo,Singapore,100.0,9.7.2020,12%,Retail,https://zilingotrade.co...,Series D,$307,Singapore,9.7.2020
PaySense,Mumbai,40.0,9.7.2020,,Finance,https://tech.economicti...,Acquir...,$26,India,10.7.2020
Funding Circle,SF Bay Area,85.0,8.7.2020,,Finance,https://www.altfi.com/a...,Post-I...,$746,United States,9.7.2020
OnDeck,New York City,,8.7.2020,,Finance,https://debanked.com/...,Post-I...,"$1,200",United States,13.7.2020
The Wing,New York City,56.0,1.7.2020,,Real Estate,https://commercialobs...,Series C,$117,United States,9.7.2020
Sharethrough,SF Bay Area,18.0,1.7.2020,,Marketing,https://blog.sharethrou...,Series D,$38,United States,2.7.2020
Kongregate,SF Bay Area,12.0,1.7.2020,,Media,https://www.forbes.co...,Series C,$19,United States,3.7.2020
Havenly,Denver,5.0,1.7.2020,,Consumer,https://businessden.co...,Series C,$58,United States,2.7.2020
G2,Chicago,17.0,30.6.2020,5%,Marketing,https://www.americani...,Series C,$101,United States,1.7.2020
Hired,SF Bay Area,,30.6.2020,,Recruiting,https://www.bizjournal...,Series D,$132,United States,9.7.2020
Katerra,SF Bay Area,400.0,29.6.2020,7%,Construc...,https://www.theinform...,Series E,"$1,300",United States,30.6.2020
Bounce,Bengaluru,130.0,29.6.2020,22%,Transpor...,https://inc42.com/buzz...,Series D,$214,India,30.6.2020
Argo AI,MunichN,100.0,29.6.2020,,Transpor...,https://www.theinform...,Unkno...,"$3,600",Germany,29.6.2020
Bossa Nova,SF Bay Area,61.0,29.6.2020,,Retail,https://www.post-gaze...,Unkno...,$102,United States,30.6.2020
New Relic,Portland,20.0,29.6.2020,,Infrastru...,https://www.bizjournal...,Post-I...,$215,United States,30.6.2020
Engine eCommerce,Fayetteville,,28.6.2020,100%,Retail,https://talkbusiness.net...,Unkno...,$4,United States,9.7.2020
Byton,SF Bay Area,,27.6.2020,,Transpor...,https://www.chinatech...,Series C,"$1,200",United States,29.6.2020
Sprinklr,New York City,,25.6.2020,,Support,https://layoffs.fyi/2020/...,Series F,$228,United States,26.6.2020
GoDaddy,Austin,451.0,24.6.2020,6%,Marketing,https://domainnamewi...,Post-I...,,United States,25.6.2020
Sonos,New York City,174.0,24.6.2020,12%,Consumer,https://www.cnbc.com/...,Post-I...,$455,United States,25.6.2020
OYO,Dallas,,24.6.2020,,Travel,https://skift.com/2020/...,Series F,"$3,200",United States,9.7.2020
Gojek,JakartaN,430.0,23.6.2020,9%,Transpor...,https://layoffs.fyi/2020/...,Series F,"$4,800",Indonesia,24.6.2020
ScaleFactor,Austin,90.0,23.6.2020,90%,Finance,https://www.forbes.co...,Series C,$103,United States,24.6.2020
Dark,SF Bay Area,6.0,23.6.2020,100%,Product,https://layoffs.fyi/2020/...,Seed,$3,United States,29.6.2020
Intuit,SF Bay Area,715.0,22.6.2020,7%,Finance,https://intuitblog.com/...,Post-I...,$18,United States,23.6.2020
WeWork,London,200.0,19.6.2020,,Real Estate,https://www.wired.co.u...,Series H,"$19,500",United Kin...,27.6.2020
Atlas Obscura,New York City,15.0,18.6.2020,,Media,https://www.poynter.or...,Series B,$32,United States,23.6.2020
Navi,Bengaluru,40.0,17.6.2020,25%,Finance,https://inc42.com/buzz...,Privat...,$582,India,21.6.2020
PaisaBazaar,Gurugram,1500.0,16.6.2020,50%,Finance,https://thetechportal.c...,Series G,$496,India,17.6.2020
Grab,Singapore,360.0,16.6.2020,5%,Transpor...,https://layoffs.fyi/2020/...,Series I,"$9,900",Singapore,16.6.2020
Splunk,SF Bay Area,70.0,16.6.2020,1%,Data,https://www.bloomber...,Post-I...,$40,United States,19.6.2020
Redox,Madison,44.0,16.6.2020,25%,Healthcare,https://theredoxpodcas...,Series C,$50,United States,23.6.2020
Conga,Denver,,15.6.2020,11%,Data,https://layoffs.fyi/2020/...,Acquir...,$117,United States,23.6.2020
Stockwell AI,SF Bay Area,,15.6.2020,100%,Retail,https://layoffs.fyi/2020/...,Series B,$10,United States,16.6.2020
Uber,Amsterdam,225.0,12.6.2020,25%,Transpor...,https://www.dutchnew...,Post-I...,"$24,700",Netherlands,27.6.2020
SynapseFI,SF Bay Area,63.0,12.6.2020,48%,Finance,https://www.forbes.co...,Series B,$50,United States,13.6.2020
ScaleFocus,SofiaNo,120.0,11.6.2020,10%,Infrastru...,https://seenews.com/n...,Unkno...,,Bulgaria,12.6.2020
Branch,New York City,3.0,11.6.2020,27%,Retail,https://techcrunch.com...,Seed,$2,United States,12.6.2020
Her Campus Media,Boston,10.0,10.6.2020,18%,Media,https://www.weny.com...,Unkno...,,United States,11.6.2020
Integrate.ai,Toronto,26.0,9.6.2020,,Support,https://integrate.ai/blo...,Unkno...,$40,Canada,30.6.2020
The Athletic,SF Bay Area,46.0,5.6.2020,8%,Media,https://www.axios.com...,Series D,$139,United States,5.6.2020
Ethos Life,SF Bay Area,18.0,5.6.2020,14%,Finance,https://coverager.com/...,Series C,$106,United States,6.6.2020
Lastline,SF Bay Area,50.0,4.6.2020,40%,Security,https://techcrunch.com...,Series C,$52,United States,5.6.2020
Builder,Los Angeles,39.0,4.6.2020,14%,Product,https://www.businessin...,Series A,$29,United States,5.6.2020
Outdoorsy,SF Bay Area,,4.6.2020,,Transpor...,https://techcrunch.com...,Series C,$75,United States,5.6.2020
Monzo,London,120.0,3.6.2020,8%,Finance,https://layoffs.fyi/2020/...,Series F,$324,United Kin...,3.6.2020
Kitty Hawk,SF Bay Area,70.0,3.6.2020,,Aerospace,https://techcrunch.com...,Unkno...,$1,United States,4.6.2020
SpotHero,Chicago,40.0,3.6.2020,21%,Transpor...,https://www.americani...,Series D,$117,United States,4.6.2020
Credit Sesame,SF Bay Area,22.0,3.6.2020,14%,Finance,https://www.businessin...,Series F,$120,United States,4.6.2020
Circ,BerlinNo,100.0,2.6.2020,,Transpor...,https://techcrunch.com...,Acquir...,$55,Germany,4.6.2020
Rivian,Detroit,40.0,2.6.2020,2%,Transpor...,https://www.theverge.c...,Privat...,"$3,100",United States,3.6.2020
Fundbox,SF Bay Area,14.0,2.6.2020,15%,Finance,https://www.geektime....,Series C,$453,United States,3.6.2020
Descartes Labs,Santa Fe,12.0,2.6.2020,16%,Data,https://www.santafene...,Series B,$58,United States,4.6.2020
MakerBot,New York City,12.0,2.6.2020,,Consumer,Internal memo,Acquir...,$10,United States,2.6.2020
Stitch Fix,SF Bay Area,1400.0,1.6.2020,18%,Retail,https://www.cnbc.com/...,Post-I...,$79,United States,2.6.2020
MakeMyTrip,Gurugram,350.0,1.6.2020,10%,Travel,https://www.livemint.c...,Post-I...,$548,India,3.6.2020
CrowdStreet,Portland,24.0,1.6.2020,22%,Real Estate,https://www.oregonlive...,Series C,$24,United States,2.6.2020
Brex,SF Bay Area,62.0,29.5.2020,15%,Finance,https://layoffs.fyi/2020/...,Series C,$732,United States,29.5.2020
Loftium,Seattle,32.0,29.5.2020,60%,Real Estate,https://www.seattletim...,Series A,$17,United States,30.5.2020
BookMyShow,Mumbai,270.0,28.5.2020,18%,Consumer,https://www.cnbctv18.c...,Unkno...,$224,India,28.5.2020
TrueCar,Los Angeles,219.0,28.5.2020,30%,Transpor...,https://labusinessjourn...,Post-I...,$340,United States,29.5.2020
StubHub,SF Bay Area,200.0,28.5.2020,,Consumer,https://layoffs.fyi/2020/...,Acquir...,$19,United States,18.6.2020
Culture Amp,Melbourne,36.0,28.5.2020,8%,HR,https://www.smh.com.a...,Series E,$157,Australia,29.5.2020
The Sill,New York City,20.0,28.5.2020,25%,Retail,https://www.inc.com/e...,Series A,$7,United States,29.5.2020
Instructure,Salt Lake City,150.0,27.5.2020,12%,Education,https://philonedtech.co...,Acquir...,$89,United States,27.5.2020
Ebanx,Curitiba,62.0,27.5.2020,8%,Finance,https://exame.com/pm...,Unkno...,$30,Brazil,1.6.2020
Uber,Bengaluru,600.0,26.5.2020,23%,Transpor...,https://www.reuters.co...,Post-I...,"$24,700",India,26.5.2020
Bluprint,Denver,137.0,26.5.2020,100%,Education,https://businessden.co...,Acquir...,$108,United States,27.5.2020
Acorns,Portland,50.0,26.5.2020,,Finance,https://techcrunch.com...,Unkno...,$207,United States,30.5.2020
CarDekho,Gurugram,200.0,25.5.2020,,Transpor...,https://entrackr.com/2...,Series D,$247,India,27.5.2020
Teamwork,CorkNon,21.0,22.5.2020,,Other,https://www.thecurrenc...,Unkno...,,Ireland,24.5.2020
Cvent,Washington D,400.0,21.5.2020,10%,Marketing,https://www.eventman...,Acquir...,$146,United States,22.5.2020
PickYourTrail,Chennai,70.0,21.5.2020,35%,Travel,https://www.cnbctv18.c...,Series A,$3,India,14.9.2020
Glitch,New York City,18.0,21.5.2020,36%,Product,https://www.theverge.c...,Series A,$30,United States,23.5.2020
Kapten / Free Now,ParisNon,,21.5.2020,,Transpor...,https://layoffs.fyi/2020/...,Acquir...,$100,France,28.5.2020
Ola,Bengaluru,1400.0,20.5.2020,35%,Transpor...,https://techcrunch.com...,Series J,"$3,800",India,20.5.2020
Samsara,SF Bay Area,300.0,20.5.2020,18%,Logistics,https://layoffs.fyi/2020/...,Series F,$530,United States,20.5.2020
Stay Alfred,Spokane,221.0,20.5.2020,100%,Travel,https://www.spokanejo...,Series B,$62,United States,22.5.2020
SoFi,SF Bay Area,112.0,20.5.2020,7%,Finance,https://www.businessin...,Privat...,"$2,500",United States,20.5.2020
ShareChat,Bengaluru,101.0,20.5.2020,25%,Marketing,https://economictimes....,Series D,$222,India,20.5.2020
Intercom,SF Bay Area,39.0,20.5.2020,6%,Support,https://layoffs.fyi/2020/...,Series D,$240,United States,21.5.2020
Livspace,Bengaluru,450.0,19.5.2020,15%,Retail,https://tech.economicti...,Series D,$157,India,19.5.2020
Pollen,London,69.0,19.5.2020,31%,Travel,https://techcrunch.com...,Series B,$88,United Kin...,20.5.2020
Dotscience,London,10.0,19.5.2020,100%,Product,https://layoffs.fyi/2020/...,Unkno...,,United Kin...,20.5.2020
Divvy,Salt Lake City,,19.5.2020,,Finance,LinkedIn,Series C,$252,United States,19.5.2020
Uber,SF Bay Area,3000.0,18.5.2020,13%,Transpor...,https://layoffs.fyi/2020/...,Post-I...,"$24,700",United States,18.5.2020
Agoda,Singapore,1500.0,18.5.2020,25%,Travel,https://layoffs.fyi/2020/...,Acquir...,,Singapore,19.5.2020
Swiggy,Bengaluru,1100.0,18.5.2020,14%,Food,https://www.nytimes.co...,Series I,"$1,600",India,18.5.2020
WeWork,New Delhi,100.0,18.5.2020,20%,Real Estate,https://www.newindian...,Series H,"$19,500",India,19.5.2020
Rubrik,SF Bay Area,57.0,18.5.2020,,Infrastru...,https://www.bizjournal...,Series E,$553,United States,25.6.2020
Intapp,SF Bay Area,45.0,18.5.2020,5%,Legal,https://news.bloomber...,Privat...,,United States,19.5.2020
Checkmarx,Tel AvivN,,18.5.2020,,Security,https://www.calcalistec...,Acquir...,$92,Israel,23.5.2020
Datera,SF Bay Area,,18.5.2020,10%,Infrastru...,https://blocksandfiles.c...,Series C,$63,United States,19.5.2020
Magicbricks,NoidaNo,250.0,17.5.2020,,Real Estate,https://www.livemint.c...,Unkno...,$300,India,19.5.2020
Zomato,Gurugram,520.0,15.5.2020,13%,Food,https://layoffs.fyi/2020/...,Series J,$914,India,15.5.2020
Lendingkart,Ahmedabad,500.0,15.5.2020,50%,Finance,https://officechai.com/...,Unkno...,$200,India,15.5.2020
Lattice,SF Bay Area,16.0,15.5.2020,10%,HR,LinkedIn,Series C,$49,United States,30.5.2020
Masse,New York City,,15.5.2020,100%,Retail,https://shopmasse.com...,Seed,$3,United States,21.5.2020
Cruise,SF Bay Area,150.0,14.5.2020,8%,Transpor...,https://www.theverge.c...,Acquir...,"$5,300",United States,14.5.2020
Quartz,New York City,80.0,14.5.2020,40%,Media,https://www.nytimes.co...,Acquir...,,United States,14.5.2020
Integral Ad Science,New York City,70.0,14.5.2020,10%,Marketing,https://www.wsj.com/a...,Acquir...,$116,United States,15.5.2020
Ridecell,SF Bay Area,35.0,14.5.2020,15%,Transpor...,https://layoffs.fyi/2020/...,Series B,$73,United States,19.5.2020
Veem,SF Bay Area,30.0,14.5.2020,,Finance,https://www.economist...,Unkno...,$69,United States,15.5.2020
Sift,SF Bay Area,,14.5.2020,,Security,LinkedIn,Series D,$106,United States,30.5.2020
TicketSwap,Amsterdam,,14.5.2020,30%,Consumer,https://www.iq-mag.ne...,Unkno...,$8,Netherlands,13.7.2023
Workfront,Salt Lake City,,14.5.2020,,Marketing,LinkedIn,Series C,$375,United States,14.5.2020
Deliv,SF Bay Area,669.0,13.5.2020,100%,Retail,https://www.mercuryne...,Series C,$80,United States,8.5.2020
Mercos,Joinville,51.0,13.5.2020,40%,Sales,https://www.linkedin.c...,Unkno...,$2,Brazil,13.5.2020
Kickstarter,New York City,25.0,13.5.2020,18%,Finance,https://www.theverge.c...,Unkno...,$10,United States,13.5.2020
Intersect,Toronto,19.0,13.5.2020,11%,Product,https://betakit.com/int...,Acquir...,,Canada,13.5.2020
Mode Analytics,SF Bay Area,17.0,13.5.2020,,Data,https://www.linkedin.c...,Series C,$46,United States,13.5.2020
BetterCloud,New York City,,13.5.2020,,Security,LinkedIn,Series E,$111,United States,14.5.2020
WeFit,HanoiNo,,13.5.2020,100%,Fitness,https://beamstart.com/...,Seed,$1,Vietnam,14.5.2020
Zymergen,SF Bay Area,,13.5.2020,10%,Other,LinkedIn,Series C,$574,United States,30.5.2020
Stone,Sao Paulo,1300.0,12.5.2020,20%,Finance,https://www.reuters.co...,Post-I...,,Brazil,13.5.2020
Zeus Living,SF Bay Area,73.0,12.5.2020,50%,Real Estate,https://www.businessin...,Series B,$79,United States,13.5.2020
Mixpanel,SF Bay Area,65.0,12.5.2020,19%,Data,https://www.bizjournal...,Series B,$77,United States,13.5.2020
Hireology,Chicago,36.0,12.5.2020,17%,Recruiting,https://www.americani...,Series D,$52,United States,13.5.2020
Top Hat,Toronto,16.0,12.5.2020,3%,Education,https://betakit.com/top...,Series D,$104,Canada,13.5.2020
Datto,Norwalk,,12.5.2020,,Infrastru...,https://www.channele2...,Acquir...,$100,United States,13.5.2020
Petal,New York City,,12.5.2020,,Finance,https://layoffs.fyi/2020/...,Series B,$47,United States,15.5.2020
Revolut,London,60.0,11.5.2020,3%,Finance,https://www.fnlondon.c...,Series D,$837,United Kin...,20.5.2020
Cadre,New York City,28.0,11.5.2020,25%,Real Estate,https://layoffs.fyi/2020/...,Series C,$133,United States,12.5.2020
N26,New York City,9.0,8.5.2020,1%,Finance,https://financefwd.com...,Series D,$782,United States,12.5.2020
Jump,New York City,500.0,7.5.2020,100%,Transpor...,https://www.nytimes.co...,Acquir...,$11,United States,8.5.2020
Glassdoor,SF Bay Area,300.0,7.5.2020,30%,Recruiting,https://www.businessin...,Acquir...,$204,United States,7.5.2020
Numbrs,ZurichN,62.0,7.5.2020,50%,Finance,https://financefwd.com...,Series B,$78,Switzerland,8.5.2020
Flywire,Boston,60.0,7.5.2020,12%,Finance,https://www.americani...,Series E,$263,United States,8.5.2020
SalesLoft,Atlanta,55.0,7.5.2020,,Sales,https://www.protocol.c...,Series D,$145,United States,8.5.2020
Tally,SF Bay Area,28.0,7.5.2020,23%,Finance,https://layoffs.fyi/2020/...,Series C,$92,United States,11.5.2020
Airy Rooms,JakartaN,,7.5.2020,100%,Travel,https://www.thejakarta...,Unkno...,,Indonesia,5.6.2020
Uber,SF Bay Area,3700.0,6.5.2020,14%,Transpor...,https://layoffs.fyi/2020/...,Post-I...,"$24,700",United States,6.5.2020
Validity,Boston,130.0,6.5.2020,33%,Data,https://www.americani...,Privat...,,United States,7.5.2020
Flatiron School,New York City,100.0,6.5.2020,,Education,https://www.businessin...,Acquir...,$15,United States,7.5.2020
Rubicon Project,Los Angeles,50.0,6.5.2020,8%,Marketing,https://www.adexchan...,Post-I...,$60,United States,7.5.2020
Segment,SF Bay Area,50.0,6.5.2020,10%,Data,https://www.businessin...,Series D,$283,United States,8.5.2020
OPay,LagosNo,,6.5.2020,70%,Finance,https://weetracker.com...,Series B,$170,Nigeria,15.5.2020
ThoughtSpot,SF Bay Area,,6.5.2020,,Data,https://www.businessin...,Series E,$743,United States,9.5.2020
Airbnb,SF Bay Area,1900.0,5.5.2020,25%,Travel,https://layoffs.fyi/2020/...,Privat...,"$5,400",United States,5.5.2020
Juul,SF Bay Area,900.0,5.5.2020,30%,Consumer,https://layoffs.fyi/2020/...,Unkno...,"$1,500",United States,6.5.2020
Andela,New York City,135.0,5.5.2020,10%,Recruiting,https://layoffs.fyi/2020/...,Series D,$181,United States,6.5.2020
Stack Overflow,New York City,40.0,5.5.2020,15%,Recruiting,https://www.businessin...,Series D,$68,United States,7.5.2020
Pipedrive,TallinnN,31.0,5.5.2020,,Sales,https://news.err.ee/108...,Series C,$90,Estonia,8.5.2020
Workable,Boston,25.0,5.5.2020,10%,Recruiting,https://www.insider.gr/...,Series C,$84,United States,6.5.2020
Cloudera,SF Bay Area,,5.5.2020,,Infrastru...,https://www.bizjournal...,Post-I...,"$1,000",United States,7.5.2020
Handshake,SF Bay Area,,5.5.2020,,Recruiting,LinkedIn,Series C,$74,United States,10.5.2020
League,Toronto,,5.5.2020,,Healthcare,https://www.linkedin.c...,Unkno...,$76,Canada,7.5.2020
Curefit,Bengaluru,800.0,4.5.2020,16%,Fitness,https://www.reuters.co...,Series D,$404,India,4.5.2020
Careem,DubaiNo,536.0,4.5.2020,31%,Transpor...,https://www.thenation...,Acquir...,$771,United Ara...,4.5.2020
Oriente,Hong Kong,400.0,4.5.2020,20%,Finance,https://www.dealstreet...,Series B,$175,Hong Kong,6.5.2020
Veriff,TallinnN,63.0,4.5.2020,21%,Security,https://news.err.ee/108...,Series A,$7,Estonia,5.5.2020
Element AI,Montreal,62.0,4.5.2020,15%,Other,https://www.theglobea...,Series B,$257,Canada,7.5.2020
Deputy,SydneyN,60.0,4.5.2020,30%,HR,https://www.afr.com/y...,Series B,$106,Australia,18.5.2020
Loopio,Toronto,11.0,4.5.2020,8%,Sales,https://betakit.com/loo...,Series A,$11,Canada,7.5.2020
Castlight Health,SF Bay Area,,4.5.2020,13%,Healthcare,LinkedIn,Post-I...,$184,United States,10.5.2020
Trivago,Dusseldorf,,4.5.2020,,Travel,https://skift.com/2020/...,Acquir...,$55,Germany,7.5.2020
Trax,Tel AvivN,120.0,3.5.2020,10%,Retail,https://www.calcalistec...,Series D,$386,Israel,17.5.2020
LiveTiles,New York City,50.0,3.5.2020,,Other,https://medium.com/...,Post-I...,$46,United States,9.5.2020
OYO,London,150.0,1.5.2020,,Travel,https://www.yahoo.co...,Series F,"$2,400",United Kin...,5.5.2020
Namely,New York City,110.0,1.5.2020,40%,HR,https://layoffs.fyi/2020/...,Series E,$217,United States,2.5.2020
Culture Trip,London,95.0,1.5.2020,32%,Media,https://www.businessin...,Series B,$102,United Kin...,1.5.2020
Sandbox VR,SF Bay Area,80.0,1.5.2020,80%,Consumer,https://layoffs.fyi/2020/...,Series A,$82,United States,2.5.2020
Virtudent,Boston,70.0,1.5.2020,,Healthcare,https://www.americani...,Series A,$10,United States,2.5.2020
Monese,LisbonN,35.0,1.5.2020,,Finance,https://www.altfi.com/a...,Unkno...,$80,Portugal,1.6.2020
TheSkimm,New York City,26.0,1.5.2020,20%,Media,https://www.wsj.com/a...,Series C,$28,United States,2.5.2020
Automatic,SF Bay Area,,1.5.2020,100%,Transpor...,https://techcrunch.com...,Acquir...,$24,United States,1.5.2020
Flynote,Bengaluru,,1.5.2020,,Travel,https://www.livemint.c...,Seed,$1,India,8.5.2020
Bullhorn,Boston,100.0,30.4.2020,,Sales,https://layoffs.fyi/2020/...,Acquir...,$32,United States,2.5.2020
Care.com,Boston,81.0,30.4.2020,,Consumer,https://www.bloomber...,Acquir...,$156,United States,1.5.2020
AirMap,Los Angeles,,30.4.2020,,Aerospace,https://layoffs.fyi/2020/...,Unkno...,$75,United States,2.5.2020
Cohesity,SF Bay Area,,30.4.2020,,Data,https://www.bizjournal...,Series E,$660,United States,1.5.2020
Fandom,SF Bay Area,,30.4.2020,14%,Media,https://community.fan...,Series E,$145,United States,1.5.2020
PicoBrew,Seattle,,30.4.2020,100%,Food,https://thespoon.tech/r...,Series A,$15,United States,2.5.2020
Lyft,SF Bay Area,982.0,29.4.2020,17%,Transpor...,https://layoffs.fyi/2020/...,Post-I...,"$4,900",United States,29.4.2020
WeWork,SF Bay Area,300.0,29.4.2020,,Real Estate,https://news.crunchbas...,Series H,"$2,250",United States,28.4.2020
Kayak / OpenTable,Stamford,160.0,29.4.2020,8%,Travel,https://skift.com/2020/...,Acquir...,$229,United States,30.4.2020
Kitopi,New York City,124.0,29.4.2020,,Food,https://commercialobs...,Series B,$89,United States,30.4.2020
Lime,SF Bay Area,80.0,29.4.2020,13%,Transpor...,https://layoffs.fyi/2020/...,Series D,$765,United States,30.4.2020
Transfix,New York City,24.0,29.4.2020,10%,Logistics,https://www.freightwav...,Series D,$128,United States,30.4.2020
Yoco,Cape Town,,29.4.2020,,Finance,https://disrupt-africa.c...,Series B,$23,South Africa,15.5.2020
TripAdvisor,Boston,900.0,28.4.2020,25%,Travel,https://layoffs.fyi/2020/...,Post-I...,$3,United States,28.4.2020
Renmoney,LagosNo,391.0,28.4.2020,50%,Finance,https://techcabal.com/...,Unkno...,,Nigeria,15.5.2020
Deliveroo,London,367.0,28.4.2020,15%,Food,https://layoffs.fyi/2020/...,Series G,"$1,500",United Kin...,28.4.2020
App Annie,SF Bay Area,80.0,28.4.2020,18%,Data,https://www.gamesind...,Unkno...,$156,United States,28.4.2020
OpenX,Los Angeles,35.0,28.4.2020,15%,Marketing,https://www.adexchan...,Unkno...,$70,United States,29.4.2020
PayJoy,SF Bay Area,27.0,28.4.2020,25%,Finance,https://layoffs.fyi/2020/...,Series B,$71,United States,28.5.2020
Shipsi,Los Angeles,20.0,28.4.2020,50%,Retail,https://dot.la/shipsi-los...,Seed,$2,United States,29.4.2020
Desktop Metal,Boston,,28.4.2020,,Other,https://www.americani...,Series E,$436,United States,29.4.2020
Migo,SF Bay Area,,28.4.2020,25%,Finance,https://www.migo.mon...,Series B,$37,United States,29.5.2020
Automation Any...,SF Bay Area,260.0,27.4.2020,10%,Other,https://siliconangle.co...,Series B,$840,United States,27.4.2020
JetClosing,Seattle,20.0,27.4.2020,20%,Real Estate,https://www.nytimes.co...,Series A,$24,United States,28.4.2020
Qwick,Phoenix,,27.4.2020,70%,Recruiting,https://www.nytimes.co...,Seed,$4,United States,28.4.2020
OYO,Sao Paulo,500.0,25.4.2020,,Travel,https://headtopics.com...,Series F,"$2,400",Brazil,11.5.2020
Stoqo,JakartaN,250.0,25.4.2020,100%,Food,https://www.bloomber...,Series A,,Indonesia,26.4.2020
Submittable,Missoula,30.0,25.4.2020,20%,Other,https://layoffs.fyi/2020/...,Series B,$17,United States,15.5.2020
Divergent 3D,Los Angeles,57.0,24.4.2020,36%,Transpor...,https://techcrunch.com...,Series B,$88,United States,24.4.2020
Ada Support,Toronto,36.0,24.4.2020,23%,Support,https://betakit.com/ad...,Series B,$60,Canada,24.4.2020
UPshow,Chicago,19.0,24.4.2020,30%,Marketing,https://www.chicagobu...,Series A,$7,United States,25.4.2020
Lighter Capital,Seattle,18.0,24.4.2020,22%,Finance,https://www.geekwire.c...,Series B,$15,United States,27.4.2020
Horizn Studios,BerlinNo,15.0,24.4.2020,25%,Travel,https://www.deutsche-...,Series B,$30,Germany,27.4.2020
Welkin Health,SF Bay Area,10.0,24.4.2020,33%,Healthcare,https://nypost.com/20...,Series B,$29,United States,16.9.2020
Jiobit,Chicago,6.0,24.4.2020,21%,Consumer,https://www.chicagobu...,Unkno...,$12,United States,25.4.2020
TutorMundi,Sao Paulo,4.0,24.4.2020,100%,Education,Company executive,Series A,$2,Brazil,3.5.2020
Cheddar,New York City,,24.4.2020,,Media,https://www.thewrap.c...,Acquir...,$54,United States,30.4.2020
GoCardless,London,,24.4.2020,,Finance,https://medium.com/...,Series E,$122,United Kin...,28.4.2020
StockX,Detroit,100.0,23.4.2020,12%,Retail,https://www.inputmag....,Series C,$160,United States,24.4.2020
Zenefits,SF Bay Area,87.0,23.4.2020,15%,HR,https://www.businessin...,Series C,$583,United States,24.4.2020
Sisense,New York City,80.0,23.4.2020,9%,Data,https://www.calcalistec...,Series F,$274,United States,24.4.2020
Oscar Health,New York City,70.0,23.4.2020,5%,Healthcare,https://www.bloomber...,Unkno...,"$1,300",United States,24.4.2020
Simon Data,New York City,6.0,23.4.2020,,Marketing,Internal memo,Series C,$68,United States,16.5.2020
Convoy,Seattle,,23.4.2020,1%,Logistics,https://www.geekwire.c...,Series D,$665,United States,30.4.2020
PowerReviews,Chicago,,23.4.2020,,Retail,LinkedIn,Acquir...,$78,United States,27.4.2020
Singular,SF Bay Area,,23.4.2020,,Marketing,https://www.calcalistec...,Series B,$50,United States,24.4.2020
Magic Leap,Miami,1000.0,22.4.2020,50%,Consumer,https://layoffs.fyi/2020/...,Series E,"$2,600",United States,22.4.2020
When I Work,Minneapolis,55.0,22.4.2020,35%,HR,https://www.americani...,Series B,$24,United States,23.4.2020
Ike,SF Bay Area,10.0,22.4.2020,14%,Transpor...,https://www.theinform...,Series A,$52,United States,23.4.2020
Airy Rooms,JakartaN,,22.4.2020,70%,Travel,https://www.techinasia....,Unkno...,,Indonesia,10.5.2020
Clearbit,SF Bay Area,,22.4.2020,,Data,https://layoffs.fyi/2020/...,Series A,$17,United States,25.4.2020
ExtraHop,Seattle,,22.4.2020,,Security,https://www.geekwire.c...,Series C,$61,United States,24.4.2020
Nearmap,SydneyN,,22.4.2020,10%,Construc...,https://www.fnarena.co...,Post-I...,$15,Australia,10.5.2020
Swiggy,Bengaluru,800.0,21.4.2020,,Food,https://entrackr.com/2...,Series I,"$1,600",India,22.4.2020
Paytm,New Delhi,500.0,21.4.2020,,Finance,https://hrnxt.com/news...,Unkno...,"$2,200",India,22.4.2020
Lending Club,SF Bay Area,460.0,21.4.2020,30%,Finance,https://www.cnbc.com/...,Post-I...,$392,United States,21.4.2020
Houzz,SF Bay Area,155.0,21.4.2020,10%,Consumer,https://techcrunch.com...,Series E,$613,United States,21.4.2020
Casper,New York City,78.0,21.4.2020,21%,Retail,https://www.fastcompa...,Post-I...,$339,United States,21.4.2020
RealSelf,Seattle,40.0,21.4.2020,13%,Healthcare,https://www.geekwire.c...,Series B,$42,United States,22.4.2020
Freshbooks,Toronto,38.0,21.4.2020,9%,Finance,https://betakit.com/fre...,Series B,$75,Canada,22.4.2020
Patreon,SF Bay Area,30.0,21.4.2020,13%,Media,https://techcrunch.com...,Series D,$165,United States,21.4.2020
Lambda School,SF Bay Area,19.0,21.4.2020,,Education,https://techcrunch.com...,Series B,$48,United States,22.4.2020
Politico / Protocol,Washington D,13.0,21.4.2020,,Media,https://www.niemanlab...,Unkno...,,United States,22.4.2020
Bringg,Tel AvivN,10.0,21.4.2020,10%,Logistics,https://www.calcalistec...,Series D,$84,Israel,24.4.2020
Klook,Hong Kong,300.0,20.4.2020,15%,Travel,https://layoffs.fyi/2020/...,Series D,$521,Hong Kong,6.5.2020
ConsenSys,New York City,91.0,20.4.2020,14%,Crypto,https://www.coindesk.c...,Unkno...,$10,United States,21.4.2020
GumGum,Los Angeles,90.0,20.4.2020,25%,Marketing,https://www.businessin...,Series D,$58,United States,24.4.2020
Kueski,Guadalajara,90.0,20.4.2020,30%,Finance,https://elceo.com/tecn...,Series B,$38,Mexico,21.4.2020
Movidesk,Blumenau,33.0,20.4.2020,25%,Support,https://scinova.com.br/...,Seed,$1,Brazil,28.4.2020
Zum,SF Bay Area,28.0,20.4.2020,,Transpor...,https://layoffs.fyi/2020/...,Series C,$71,United States,23.4.2020
Komodo Health,SF Bay Area,23.0,20.4.2020,9%,Healthcare,https://www.businessin...,Series C,$50,United States,21.4.2020
Forward,SF Bay Area,10.0,20.4.2020,3%,Healthcare,https://www.businessin...,Series C,$100,United States,21.4.2020
Hipcamp,SF Bay Area,,20.4.2020,60%,Travel,https://techcrunch.com...,Series B,$41,United States,27.8.2020
Motif Investing,SF Bay Area,,18.4.2020,100%,Finance,https://www.thinkadvis...,Series E,$126,United States,3.5.2020
BlackBuck,Bengaluru,200.0,17.4.2020,,Logistics,https://www.cnbctv18.c...,Series D,$293,India,19.4.2020
ContaAzul,Joinville,140.0,17.4.2020,35%,Education,https://www.contxto.co...,Series D,$37,Brazil,27.4.2020
Greenhouse,New York City,120.0,17.4.2020,28%,Recruiting,https://layoffs.fyi/2020/...,Series D,$110,United States,17.4.2020
QuintoAndar,Sao Paulo,88.0,17.4.2020,8%,Real Estate,https://labs.ebanx.com...,Series D,$335,Brazil,18.4.2020
Loft,Sao Paulo,47.0,17.4.2020,10%,Real Estate,https://link.estadao.co...,Series C,$263,Brazil,18.4.2020
Zilingo,Singapore,44.0,17.4.2020,5%,Retail,https://www.bloomber...,Series D,$307,Singapore,19.4.2020
Labster,Copenhagen,40.0,17.4.2020,,Education,LinkedIn,Series B,$34,Denmark,27.4.2020
Sweetgreen,Los Angeles,35.0,17.4.2020,10%,Food,https://dot.la/sweetgre...,Series I,$478,United States,18.4.2020
People.ai,SF Bay Area,30.0,17.4.2020,18%,Marketing,https://techcrunch.com...,Series C,$100,United States,17.4.2020
Tor,Boston,13.0,17.4.2020,37%,Security,https://blog.torproject....,Unkno...,$1,United States,18.4.2020
BitGo,SF Bay Area,,17.4.2020,12%,Crypto,https://www.theblockcr...,Series B,$69,United States,30.4.2020
Dispatch,Boston,,17.4.2020,38%,Other,https://www.americani...,Series A,$18,United States,19.4.2020
Food52,New York City,,17.4.2020,,Food,LinkedIn,Acquir...,$96,United States,27.4.2020
Influitive,Toronto,,17.4.2020,,Marketing,LinkedIn,Unkno...,$59,Canada,27.4.2020
CarGurus,Boston,130.0,16.4.2020,13%,Transpor...,https://layoffs.fyi/2020/...,Post-I...,$1,United States,17.4.2020
Funding Societies,Singapore,65.0,16.4.2020,18%,Finance,https://www.techinasia....,Series B,$42,Singapore,19.4.2020
CleverTap,Mumbai,60.0,16.4.2020,20%,Marketing,https://inc42.com/buzz...,Series C,$76,India,21.4.2020
CrowdRiff,Toronto,,16.4.2020,,Marketing,LinkedIn,Series A,$11,Canada,27.4.2020
FullStory,Atlanta,,16.4.2020,,Marketing,LinkedIn,Series C,$59,United States,27.4.2020
Grailed,New York City,,16.4.2020,,Retail,https://layoffs.fyi/2020/...,Series A,$16,United States,23.4.2020
LumenAd,Missoula,,16.4.2020,,Marketing,https://layoffs.fyi/list/lu...,Unkno...,,United States,3.5.2020
Purse,SF Bay Area,,16.4.2020,100%,Crypto,https://www.coindesk.c...,Seed,$1,United States,17.4.2020
SquadVoice,Columbus,,16.4.2020,,Real Estate,https://layoffs.fyi/list/s...,Series A,$2,United States,3.5.2020
Opendoor,SF Bay Area,600.0,15.4.2020,35%,Real Estate,https://layoffs.fyi/2020/...,Series E,"$1,500",United States,15.4.2020
GoPro,SF Bay Area,200.0,15.4.2020,20%,Consumer,https://techcrunch.com...,Post-I...,$288,United States,16.4.2020
Shop101,Mumbai,200.0,15.4.2020,40%,Retail,https://inc42.com/buzz...,Series C,$19,India,21.4.2020
Zume,SF Bay Area,200.0,15.4.2020,67%,Food,https://www.businessin...,Unkno...,$423,United States,15.4.2020
Carta,SF Bay Area,161.0,15.4.2020,16%,Finance,https://layoffs.fyi/2020/...,Series E,$447,United States,15.4.2020
Akulaku,JakartaN,100.0,15.4.2020,,Finance,https://www.techinasia....,Series D,$160,Indonesia,20.4.2020
Parsable,SF Bay Area,40.0,15.4.2020,25%,HR,Company executive,Series C,$72,United States,28.4.2020
Kodiak Robotics,SF Bay Area,15.0,15.4.2020,20%,Transpor...,https://www.freightwav...,Series A,$40,United States,17.4.2020
Tulip Retail,Toronto,14.0,15.4.2020,,Retail,https://www.linkedin.c...,Series B,$51,Canada,16.4.2020
Trove Recommerce,SF Bay Area,13.0,15.4.2020,,Retail,https://layoffs.fyi/2020/...,Series C,$34,United States,22.4.2020
Dude Solutions,Raleigh,,15.4.2020,20%,Other,https://www.linkedin.c...,Acquir...,$100,United States,16.4.2020
SweetEscape,JakartaN,,15.4.2020,30%,Consumer,https://dealstreetasia.c...,Series A,$7,Indonesia,20.4.2020
View,SF Bay Area,,15.4.2020,,Energy,https://techcrunch.com...,Series H,"$1,800",United States,16.4.2020
The RealReal,SF Bay Area,235.0,14.4.2020,10%,Retail,https://techcrunch.com...,Post-I...,$358,United States,15.4.2020
TouchBistro,Toronto,131.0,14.4.2020,23%,Food,https://betakit.com/tou...,Series E,$224,Canada,14.4.2020
Envoy,SF Bay Area,58.0,14.4.2020,30%,HR,https://www.forbes.co...,Series B,$59,United States,16.4.2020
VSCO,SF Bay Area,45.0,14.4.2020,35%,Consumer,https://layoffs.fyi/2020/...,Series B,$90,United States,15.4.2020
Skillz,SF Bay Area,21.0,14.4.2020,,Consumer,https://fortune.com/20...,Series D,$132,United States,24.4.2020
DataStax,SF Bay Area,15.0,14.4.2020,,Data,https://www.businessin...,Series E,$190,United States,16.4.2020
Xerpa,Sao Paulo,10.0,14.4.2020,,HR,https://www.linkedin.c...,Unkno...,$5,Brazil,15.4.2020
Aura Financial,SF Bay Area,,14.4.2020,,Finance,LinkedIn,Unkno...,$584,United States,10.5.2020
RedDoorz,Singapore,,14.4.2020,,Travel,https://www.thejakarta...,Series C,$134,Singapore,28.4.2020
Groupon,Chicago,2800.0,13.4.2020,44%,Retail,https://layoffs.fyi/2020/...,Post-I...,"$1,400",United States,13.4.2020
Zoox,SF Bay Area,100.0,13.4.2020,10%,Transpor...,https://www.theinform...,Series B,$955,United States,14.4.2020
Neon,Sao Paulo,70.0,13.4.2020,10%,Finance,https://link.estadao.co...,Series B,$120,Brazil,14.4.2020
EasyPost,SF Bay Area,50.0,13.4.2020,25%,Logistics,LinkedIn,Series A,$12,United States,14.4.2020
Clearbanc,Toronto,17.0,13.4.2020,8%,Finance,https://techcrunch.com...,Series B,$119,Canada,13.4.2020
Meow Wolf,Santa Fe,201.0,10.4.2020,,Media,https://www.sfreporter....,Unkno...,$185,United States,12.4.2020
Frontdesk,Milwaukee,35.0,10.4.2020,16%,Travel,https://www.linkedin.c...,Unkno...,$3,United States,11.4.2020
BeeTech,Sao Paulo,30.0,10.4.2020,,Finance,https://valorinveste.glo...,Series B,$14,Brazil,29.4.2020
Built In,Chicago,28.0,10.4.2020,,Recruiting,https://www.americani...,Series C,$29,United States,15.5.2020
NuoDB,Boston,20.0,10.4.2020,29%,Data,https://www.americani...,Unkno...,$85,United States,11.4.2020
Rhumbix,SF Bay Area,16.0,10.4.2020,27%,Construc...,Company executive,Series B,$35,United States,13.4.2020
Atsu,Seattle,6.0,10.4.2020,100%,Infrastru...,Company executive,Unkno...,$1,United States,17.4.2020
Geekwire,Seattle,5.0,10.4.2020,31%,Media,https://www.geekwire.c...,Unkno...,,United States,12.4.2020
FloQast,Los Angeles,,10.4.2020,,Finance,LinkedIn,Series C,$119,United States,27.4.2020
Yelp,SF Bay Area,1000.0,9.4.2020,17%,Consumer,https://layoffs.fyi/2020/...,Post-I...,$56,United States,9.4.2020
Monzo,Las Vegas,165.0,9.4.2020,,Finance,https://techcrunch.com...,Series F,$324,United States,9.4.2020
OneTrust,Atlanta,150.0,9.4.2020,10%,Legal,https://www.americani...,Series B,$410,United States,10.4.2020
Omie,Sao Paulo,136.0,9.4.2020,31%,Finance,https://link.estadao.co...,Series B,$26,Brazil,9.4.2020
Domo,Salt Lake City,90.0,9.4.2020,10%,Data,https://www.ksl.com/ar...,Post-I...,$689,United States,11.4.2020
Matterport,SF Bay Area,90.0,9.4.2020,34%,Data,https://layoffs.fyi/2020/...,Series D,$114,United States,15.4.2020
Clinc,Ann Arbor,40.0,9.4.2020,32%,Support,https://www.mlive.com...,Series B,$59,United States,2.4.2020
Mejuri,Toronto,36.0,9.4.2020,15%,Retail,https://betakit.com/me...,Series B,$28,Canada,10.4.2020
Code42,Minneapolis,25.0,9.4.2020,5%,Data,https://www.bizjournal...,Series B,$138,United States,8.9.2020
Lighthouse Labs,Toronto,14.0,9.4.2020,7%,Education,https://betakit.com/as-...,Unkno...,,Canada,10.4.2020
LoopMe,London,8.0,9.4.2020,4%,Marketing,https://www.adweek.co...,Unkno...,$32,United Kin...,10.4.2020
CipherTrace,SF Bay Area,,9.4.2020,,Crypto,https://www.theblockcr...,Unkno...,$18,United States,30.4.2020
Elliptic,London,,9.4.2020,30%,Crypto,https://www.theblockcr...,Series B,$40,United Kin...,30.4.2020
Zest AI,Los Angeles,,9.4.2020,,Finance,LinkedIn,Unkno...,$217,United States,13.4.2020
Eventbrite,SF Bay Area,500.0,8.4.2020,45%,Consumer,https://layoffs.fyi/2020/...,Post-I...,$332,United States,8.4.2020
Meesho,Bengaluru,200.0,8.4.2020,28%,Retail,https://entrackr.com/2...,Series D,$215,India,10.4.2020
Scoop,SF Bay Area,92.0,8.4.2020,33%,Transpor...,https://layoffs.fyi/2020/...,Series C,$95,United States,9.4.2020
Unison,SF Bay Area,89.0,8.4.2020,45%,Finance,https://www.bizjournal...,Series B,$40,United States,4.4.2020
Lever,SF Bay Area,86.0,8.4.2020,40%,Recruiting,https://layoffs.fyi/2020/...,Series C,$72,United States,9.4.2020
Unbabel,LisbonN,80.0,8.4.2020,35%,Support,https://www.time24.ne...,Series C,$91,Portugal,9.4.2020
Button,New York City,48.0,8.4.2020,35%,Marketing,LinkedIn,Series C,$64,United States,10.4.2020
Eden / Managed ...,New York City,40.0,8.4.2020,40%,Real Estate,https://layoffs.fyi/2020/...,Series B,$40,United States,8.4.2020
Quantcast,SF Bay Area,30.0,8.4.2020,5%,Marketing,https://www.adexchan...,Series C,$65,United States,8.4.2020
BVAccel,San Diego,25.0,8.4.2020,25%,Marketing,https://www.businessin...,Unkno...,,United States,12.4.2020
VideoAmp,Los Angeles,21.0,8.4.2020,10%,Marketing,https://www.businessin...,Series C,$106,United States,10.4.2020
Kenoby,Sao Paulo,18.0,8.4.2020,16%,Recruiting,https://link.estadao.co...,Unkno...,$23,Brazil,12.4.2020
Connected,Toronto,17.0,8.4.2020,10%,Product,https://layoffs.fyi/2020/...,Unkno...,,Canada,11.4.2020
GetNinjas,Sao Paulo,11.0,8.4.2020,10%,Consumer,https://link.estadao.co...,Series B,$16,Brazil,12.4.2020
Spyce,Boston,4.0,8.4.2020,12%,Food,https://www.americani...,Series A,$26,United States,9.4.2020
Creditas,Sao Paulo,,8.4.2020,6%,Finance,https://link.estadao.co...,Series D,$314,Brazil,12.4.2020
Lytics,Portland,,8.4.2020,,Marketing,Internal memo,Series C,$58,United States,2.6.2020
RedDoorz,Singapore,,8.4.2020,10%,Travel,https://www.techinasia....,Series C,$134,Singapore,10.5.2020
Slice Labs,New York City,,8.4.2020,,Finance,LinkedIn,Series A,$35,United States,12.4.2020
TechAdvance,LagosNo,,8.4.2020,,Finance,https://twitter.com/pyj...,Unkno...,$1,Nigeria,15.5.2020
Zola,New York City,,8.4.2020,20%,Retail,https://www.fastcompa...,Series D,$140,United States,9.4.2020
Toast,Boston,1300.0,7.4.2020,50%,Food,https://layoffs.fyi/2020/...,Series F,$902,United States,7.4.2020
ezCater,Boston,400.0,7.4.2020,44%,Food,https://www.axios.com...,Series D,$319,United States,8.4.2020
Sage Therapeutics,Boston,340.0,7.4.2020,53%,Healthcare,https://www.biopharm...,Post-I...,$438,United States,9.4.2020
Redfin,Seattle,236.0,7.4.2020,7%,Real Estate,https://www.geekwire.c...,Post-I...,$319,United States,7.4.2020
Branch Metrics,SF Bay Area,100.0,7.4.2020,20%,Marketing,https://news.crunchbas...,Series E,$367,United States,9.4.2020
Newfront Insuran...,SF Bay Area,94.0,7.4.2020,,Finance,https://layoffs.fyi/2020/...,Unkno...,,United States,8.4.2020
Ibotta,Denver,87.0,7.4.2020,15%,Retail,https://businessden.co...,Series D,$85,United States,12.4.2020
Virta Health,SF Bay Area,65.0,7.4.2020,,Healthcare,https://www.statnews.c...,Series C,$175,United States,8.4.2020
Away,New York City,60.0,7.4.2020,10%,Retail,https://techcrunch.com...,Series D,$181,United States,7.4.2020
MediaMath,New York City,53.0,7.4.2020,8%,Marketing,https://www.adexchan...,Privat...,$607,United States,8.4.2020
Group Nine Media,New York City,50.0,7.4.2020,7%,Media,https://www.axios.com...,Unkno...,$190,United States,8.4.2020
Payfactors,Boston,46.0,7.4.2020,,HR,LinkedIn,Unkno...,,United States,9.4.2020
Nav,Salt Lake City,30.0,7.4.2020,,Finance,https://layoffs.fyi/2020/...,Series C,$99,United States,19.4.2020
AskNicely,Portland,,7.4.2020,,Support,LinkedIn,Series A,$15,United States,9.4.2020
RainFocus,Salt Lake City,,7.4.2020,,Marketing,LinkedIn,Privat...,$41,United States,9.4.2020
Metromile,SF Bay Area,100.0,6.4.2020,33%,Finance,https://layoffs.fyi/2020/...,Series E,$293,United States,7.4.2020
Rock Content,Belo Horizont,100.0,6.4.2020,20%,Marketing,https://link.estadao.co...,Series A,$1,Brazil,6.4.2020
BounceX,New York City,77.0,6.4.2020,20%,Marketing,https://www.adweek.co...,Series B,$75,United States,7.4.2020
C6 Bank,Sao Paulo,60.0,6.4.2020,6%,Finance,https://link.estadao.co...,Unkno...,,Brazil,6.4.2020
Wordstream,Boston,26.0,6.4.2020,10%,Marketing,https://www.linkedin.c...,Acquir...,$28,United States,9.4.2020
Cogito,Boston,24.0,6.4.2020,14%,Support,https://www.americani...,Series C,$92,United States,7.4.2020
BusBud,Montreal,23.0,6.4.2020,32%,Transpor...,https://www.journalde...,Series B,$21,Canada,28.4.2020
Borrowell,Toronto,15.0,6.4.2020,20%,Finance,https://betakit.com/bor...,Series B,$72,Canada,7.4.2020
PerkSpot,Chicago,10.0,6.4.2020,10%,HR,https://www.americani...,Privat...,$50,United States,10.4.2020
Bitfarms,Quebec,,6.4.2020,,Crypto,https://coingeek.com/j...,Post-I...,$25,Canada,9.4.2020
Hopper,Boston,,6.4.2020,,Travel,https://www.americani...,Series D,$183,United States,7.4.2020
Mapbox,Washington D,,6.4.2020,,Data,LinkedIn,Series C,$227,United States,10.5.2020
Astra,SF Bay Area,40.0,5.4.2020,25%,Aerospace,https://www.cnbc.com/...,Unkno...,$100,United States,5.4.2020
Iflix,Kuala Lumpur,50.0,4.4.2020,12%,Consumer,https://technode.globa...,Unkno...,$348,Malaysia,12.6.2020
Gympass,Sao Paulo,467.0,3.4.2020,33%,Fitness,https://forbes.com.br/n...,Series D,$300,Brazil,5.4.2020
Sojern,SF Bay Area,300.0,3.4.2020,50%,Marketing,https://www.adweek.co...,Series D,$162,United States,4.4.2020
MaxMilhas,Belo Horizont,167.0,3.4.2020,42%,Travel,https://revistapegn.glo...,Unkno...,,Brazil,6.4.2020
Minted,SF Bay Area,147.0,3.4.2020,37%,Retail,https://www.theinform...,Series E,$297,United States,5.4.2020
Velodyne Lidar,SF Bay Area,140.0,3.4.2020,,Transpor...,https://www.bloomber...,Unkno...,$225,United States,5.4.2020
Zoox,SF Bay Area,120.0,3.4.2020,,Transpor...,https://www.theverge.c...,Series B,$955,United States,7.4.2020
Traveloka,JakartaN,100.0,3.4.2020,10%,Travel,https://asia.nikkei.com/...,Unkno...,,Indonesia,7.4.2020
Arrive Logistics,Austin,75.0,3.4.2020,7%,Logistics,https://www.freightwav...,Series B,$35,United States,5.4.2020
Salsify,Boston,60.0,3.4.2020,13%,Retail,https://www.americani...,Series D,$97,United States,4.4.2020
Jetty,New York City,35.0,3.4.2020,40%,Finance,https://layoffs.fyi/2020/...,Series B,$40,United States,6.4.2020
D2iQ,SF Bay Area,34.0,3.4.2020,13%,Infrastru...,https://www.businessin...,Series D,$247,United States,23.4.2020
Bustle Digital Gro...,New York City,24.0,3.4.2020,8%,Media,https://digiday.com/m...,Series E,$80,United States,3.4.2020
Bustle Digital Gro...,New York City,19.0,3.4.2020,,Media,https://www.adweek.co...,Series E,$80,United States,21.9.2022
Opencare,Toronto,18.0,3.4.2020,25%,Healthcare,https://betakit.com/op...,Series A,$24,Canada,4.4.2020
Anagram,Los Angeles,17.0,3.4.2020,,Healthcare,https://www.statnews.c...,Series A,$14,United States,5.4.2020
G/O Media Group,New York City,14.0,3.4.2020,5%,Media,https://digiday.com/m...,Unkno...,,United States,8.4.2020
DSCO,Salt Lake City,12.0,3.4.2020,,Retail,https://www.linkedin.c...,Series A,$4,United States,7.4.2020
Tripbam,Dallas,10.0,3.4.2020,25%,Travel,https://www.bizjournal...,Unkno...,,United States,4.4.2020
Avantage Entertai...,Minneapolis,5.0,3.4.2020,20%,Media,https://www.bizjournal...,Unkno...,,United States,4.4.2020
Alegion,Austin,,3.4.2020,,Data,LinkedIn,Series A,$16,United States,9.4.2020
AllyO,SF Bay Area,,3.4.2020,,HR,LinkedIn,Series B,$64,United States,15.4.2020
Mews,PragueN,,3.4.2020,,Travel,LinkedIn,Series B,$41,Czech Repu...,7.4.2020
PeopleGrove,SF Bay Area,,3.4.2020,,HR,LinkedIn,Series A,$7,United States,7.4.2020
The Muse,New York City,,3.4.2020,,Recruiting,LinkedIn,Series B,$28,United States,7.4.2020
The Wing,New York City,,3.4.2020,50%,Real Estate,https://www.fastcompa...,Series C,$117,United States,4.4.2020
MindBody,San Luis Obis,700.0,2.4.2020,35%,Fitness,https://www.sanluisobi...,Post-I...,$114,United States,3.4.2020
Katerra,SF Bay Area,240.0,2.4.2020,3%,Construc...,https://www.constructi...,Series D,"$1,200",United States,4.4.2020
Ritual,Toronto,196.0,2.4.2020,54%,Food,https://layoffs.fyi/2020/...,Series C,$112,Canada,2.4.2020
ClassPass,New York City,154.0,2.4.2020,22%,Fitness,https://layoffs.fyi/2020/...,Series E,$549,United States,3.4.2020
eGym,MunichN,100.0,2.4.2020,25%,Fitness,https://www.tz.de/mue...,Series D,$109,Germany,20.4.2020
Voi,Stockholm,100.0,2.4.2020,,Transpor...,https://www.businessin...,Series B,$167,Sweden,3.4.2020
Industrious,New York City,90.0,2.4.2020,20%,Real Estate,https://commercialobs...,Series D,$222,United States,3.4.2020
1stdibs,New York City,70.0,2.4.2020,17%,Retail,https://twitter.com/erin...,Series D,$253,United States,8.4.2020
ThirdLove,SF Bay Area,65.0,2.4.2020,30%,Retail,https://www.businessin...,Series B,$68,United States,3.4.2020
Latch,New York City,60.0,2.4.2020,,Security,LinkedIn,Series B,$152,United States,4.4.2020
The Predictive Ind...,Boston,59.0,2.4.2020,25%,HR,https://layoffs.fyi/2020/...,Acquir...,$65,United States,3.4.2020
Shuttl,New Delhi,40.0,2.4.2020,,Transpor...,https://inc42.com/buzz...,Series C,$122,India,10.4.2020
Jobcase,Boston,39.0,2.4.2020,20%,Recruiting,LinkedIn,Privat...,$118,United States,2.4.2020
Copper,SF Bay Area,35.0,2.4.2020,,Marketing,LinkedIn,Series C,$102,United States,7.4.2020
Dynamic Signal,SF Bay Area,35.0,2.4.2020,19%,HR,LinkedIn,Series E,$114,United States,10.4.2020
FiscalNote,Washington D,30.0,2.4.2020,,Media,https://www.adweek.co...,Series D,$50,United States,15.4.2020
Sauce Labs,SF Bay Area,30.0,2.4.2020,15%,Infrastru...,LinkedIn,Unkno...,$151,United States,14.4.2020
Humu,SF Bay Area,26.0,2.4.2020,,HR,https://www.bloomber...,Series B,$40,United States,3.4.2020
TripleLift,New York City,23.0,2.4.2020,7%,Marketing,https://www.adweek.co...,Series B,$16,United States,10.4.2020
Coding Dojo,Seattle,7.0,2.4.2020,7%,Education,https://www.geekwire.c...,Unkno...,$2,United States,12.4.2020
Instamojo,Bengaluru,6.0,2.4.2020,6%,Finance,https://www.business-s...,Unkno...,$8,India,12.4.2020
Synergysuite,Salt Lake City,5.0,2.4.2020,7%,Food,https://www.linkedin.c...,Series A,$6,United States,3.4.2020
Atlanta Tech Villa...,Atlanta,,2.4.2020,50%,Real Estate,https://www.bizjournal...,Unkno...,,United States,4.4.2020
Capillary,Bengaluru,,2.4.2020,,Retail,https://inc42.com/buzz...,Privat...,$102,India,12.4.2020
Modsy,SF Bay Area,,2.4.2020,,Retail,https://techcrunch.com...,Series C,$70,United States,3.4.2020
The Modist,DubaiNo,,2.4.2020,100%,Retail,https://www.menabyte...,Unkno...,,United Ara...,6.4.2020
Wonder,New York City,,2.4.2020,,Other,https://layoffs.fyi/list/w...,Unkno...,,United States,23.4.2020
Booksy,SF Bay Area,200.0,1.4.2020,,Consumer,LinkedIn,Series B,$48,United States,7.4.2020
Flymya,YangonN,200.0,1.4.2020,33%,Travel,https://www.techinasia....,Unkno...,,Myanmar,6.5.2020
PatientPop,Los Angeles,100.0,1.4.2020,20%,Healthcare,LinkedIn,Series B,$75,United States,1.4.2020
Showpad,Chicago,52.0,1.4.2020,12%,Marketing,https://www.americani...,Series D,$159,United States,1.4.2020
Highsnobiety,BerlinNo,51.0,1.4.2020,25%,Media,https://digiday.com/m...,Series A,$9,Germany,8.4.2020
Earnin,SF Bay Area,50.0,1.4.2020,20%,Finance,LinkedIn,Series C,$190,United States,3.4.2020
Wonolo,SF Bay Area,46.0,1.4.2020,13%,Recruiting,https://www.bizjournal...,Series C,$52,United States,28.3.2020
Acko,Mumbai,45.0,1.4.2020,9%,Finance,https://entrackr.com/2...,Unkno...,$143,India,8.4.2020
Moovel,Portland,28.0,1.4.2020,37%,Transpor...,https://www.oregonlive...,Unkno...,,United States,3.4.2020
Aqua Security,Tel AvivN,24.0,1.4.2020,9%,Security,https://www.bizjournal...,Series C,$100,Israel,4.4.2020
Crayon,Boston,20.0,1.4.2020,20%,Marketing,LinkedIn,Series A,$16,United States,7.4.2020
Pana,Denver,18.0,1.4.2020,,Travel,https://businessden.co...,Series A,$11,United States,2.4.2020
Sensibill,Toronto,17.0,1.4.2020,20%,Finance,https://betakit.com/foll...,Series B,$50,Canada,23.5.2020
Usermind,Seattle,15.0,1.4.2020,25%,Marketing,https://www.geekwire.c...,Series C,$46,United States,2.4.2020
Incredible Health,SF Bay Area,9.0,1.4.2020,40%,Healthcare,https://www.statnews.c...,Series A,$15,United States,7.4.2020
Currency,Los Angeles,,1.4.2020,,Finance,LinkedIn,Unkno...,,United States,6.4.2020
GOAT Group,Los Angeles,,1.4.2020,,Retail,LinkedIn,Series D,$197,United States,7.4.2020
Le Tote,SF Bay Area,,1.4.2020,50%,Retail,https://footwearnews.c...,Series C,$62,United States,6.4.2020
Levelset,New Orleans,,1.4.2020,,Construc...,LinkedIn,Series C,$46,United States,9.4.2020
Pebblepost,New York City,,1.4.2020,60%,Marketing,LinkedIn,Series C,$81,United States,7.4.2020
WhyHotel,Washington D,,1.4.2020,50%,Travel,https://technical.ly/dc/...,Series B,$33,United States,4.4.2020
KeepTruckin,SF Bay Area,349.0,31.3.2020,18%,Logistics,https://layoffs.fyi/2020/...,Series D,$227,United States,1.4.2020
AdRoll,Salt Lake City,210.0,31.3.2020,30%,Marketing,https://www.adexchan...,Series C,$89,United States,1.4.2020
Rover,Seattle,194.0,31.3.2020,41%,Consumer,https://www.geekwire.c...,Series G,$310,United States,31.3.2020
Turo,SF Bay Area,108.0,31.3.2020,30%,Transpor...,https://layoffs.fyi/2020/...,Series E,$467,United States,1.4.2020
uShip,Austin,65.0,31.3.2020,37%,Logistics,https://www.bizjournal...,Series D,$69,United States,1.4.2020
SkySlope,Sacramento,50.0,31.3.2020,25%,Real Estate,https://www.bizjournal...,Acquir...,,United States,14.5.2020
Siteimprove,Minneapolis,40.0,31.3.2020,,Marketing,https://www.bizjournal...,Unkno...,$55,United States,4.4.2020
AngelList,SF Bay Area,20.0,31.3.2020,,Recruiting,https://techcrunch.com...,Series B,$26,United States,6.4.2020
Zenoti,Seattle,17.0,31.3.2020,4%,Fitness,https://www.geekwire.c...,Series C,$91,United States,31.3.2020
DialSource,Sacramento,5.0,31.3.2020,14%,Marketing,Company executive,Series B,$26,United States,7.4.2020
Adara,SF Bay Area,,31.3.2020,,Travel,https://www.linkedin.c...,Series C,$67,United States,7.4.2020
Claravine,Salt Lake City,,31.3.2020,,Marketing,LinkedIn,Seed,$4,United States,7.4.2020
Domio,New York City,,31.3.2020,30%,Travel,LinkedIn,Series B,$116,United States,7.4.2020
Kazoo,Austin,,31.3.2020,35%,HR,https://www.americani...,Series A,$8,United States,1.4.2020
Snap Finance,Salt Lake City,,31.3.2020,,Finance,LinkedIn,Unkno...,,United States,1.4.2020
Zerto,Boston,,31.3.2020,,Infrastru...,https://blocksandfiles.c...,Series E,$130,United States,1.4.2020
Thumbtack,SF Bay Area,250.0,30.3.2020,30%,Consumer,https://layoffs.fyi/2020/...,Series F,$423,United States,30.3.2020
RigUp,Austin,120.0,30.3.2020,25%,Energy,https://www.americani...,Series D,$423,United States,31.3.2020
FabHotels,New Delhi,80.0,30.3.2020,20%,Travel,https://entrackr.com/2...,Series B,$48,India,10.4.2020
Hibob,Tel AvivN,70.0,30.3.2020,30%,HR,https://www.teamblind....,Series A,$45,Israel,31.3.2020
PeerStreet,Los Angeles,51.0,30.3.2020,30%,Finance,https://layoffs.fyi/2020/...,Series C,$110,United States,31.3.2020
Maven,Seattle,31.0,30.3.2020,9%,Media,https://www.businessw...,Post-I...,$77,United States,8.4.2020
Blume Global,SF Bay Area,30.0,30.3.2020,10%,Logistics,LinkedIn,Unkno...,,United States,1.4.2020
Catalant,Boston,30.0,30.3.2020,,Other,https://www.americani...,Series E,$110,United States,31.3.2020
Starship Technolo...,TallinnN,30.0,30.3.2020,,Transpor...,https://digi.geenius.ee/...,Series A,$82,Estonia,8.4.2020
Loftsmart,New York City,25.0,30.3.2020,75%,Real Estate,https://www.linkedin.c...,Series A,$18,United States,6.4.2020
Caliva,SF Bay Area,20.0,30.3.2020,,Retail,https://www.businessin...,Series A,$75,United States,30.5.2020
Iris Nova,New York City,9.0,30.3.2020,50%,Food,https://www.businessin...,Seed,$15,United States,1.4.2020
Cuyana,SF Bay Area,,30.3.2020,,Retail,https://www.instagram....,Series C,$31,United States,11.4.2020
ZipRecruiter,Los Angeles,400.0,29.3.2020,39%,Recruiting,https://www.wsj.com/a...,Series B,$219,United States,30.3.2020
Amplero,Seattle,17.0,29.3.2020,100%,Marketing,https://www.geekwire.c...,Series B,$25,United States,1.4.2020
Polarr,SF Bay Area,10.0,29.3.2020,,Consumer,https://medium.com/...,Series A,$13,United States,8.4.2020
TravelTriangle,Gurugram,250.0,28.3.2020,50%,Travel,https://entrackr.com/2...,Series D,$47,India,1.4.2020
WeWork,New York City,250.0,28.3.2020,,Real Estate,https://www.reuters.co...,Series H,"$2,250",United States,30.3.2020
Rent the Runway,New York City,,28.3.2020,,Retail,https://www.theverge.c...,Series F,$541,United States,30.3.2020
OneWeb,London,451.0,27.3.2020,85%,Aerospace,https://spacenews.com...,Unkno...,"$3,000",United Kin...,28.3.2020
Bird,Los Angeles,406.0,27.3.2020,30%,Transpor...,https://layoffs.fyi/2020/...,Series D,$623,United States,28.3.2020
HOOQ,Singapore,250.0,27.3.2020,100%,Consumer,https://techcrunch.com...,Unkno...,$95,Singapore,18.4.2020
Everlane,SF Bay Area,227.0,27.3.2020,,Retail,https://www.vice.com/...,Unkno...,$18,United States,30.3.2020
DataRobot,Boston,200.0,27.3.2020,,Data,https://www.americani...,Series E,$430,United States,28.3.2020
Restaurant365,Los Angeles,175.0,27.3.2020,,Food,https://news.crunchbas...,Series C,$127,United States,28.3.2020
Blueground,New York City,130.0,27.3.2020,25%,Real Estate,https://layoffs.fyi/2020/...,Series B,$77,United States,30.3.2020
Knotel,New York City,127.0,27.3.2020,30%,Real Estate,https://commercialobs...,Series C,$560,United States,28.3.2020
Getaround,SF Bay Area,100.0,27.3.2020,25%,Transpor...,https://www.bizjournal...,Series D,$403,United States,30.3.2020
Zipcar,Boston,100.0,27.3.2020,20%,Transpor...,https://layoffs.fyi/2020/...,Acquir...,$107,United States,28.3.2020
Mogo,Vancouver,78.0,27.3.2020,30%,Finance,https://betakit.com/mo...,Post-I...,$201,Canada,3.4.2020
DISCO,Austin,75.0,27.3.2020,,Legal,https://www.americani...,Series E,$133,United States,28.3.2020
Raken,San Diego,60.0,27.3.2020,,Construc...,LinkedIn,Series A,$12,United States,5.4.2020
Bench,Vancouver,47.0,27.3.2020,10%,Finance,https://betakit.com/be...,Series B,$49,Canada,23.6.2020
Loft,Sao Paulo,47.0,27.3.2020,,Real Estate,https://br.financas.yaho...,Series C,$263,Brazil,8.4.2020
Oh My Green,SF Bay Area,40.0,27.3.2020,,Food,https://finance.yahoo.c...,Seed,$20,United States,30.3.2020
Bevi,Boston,30.0,27.3.2020,20%,Food,https://www.americani...,Series C,$60,United States,28.3.2020
Textio,Seattle,30.0,27.3.2020,20%,Recruiting,https://www.geekwire.c...,Unkno...,$41,United States,28.3.2020
Opal,Portland,20.0,27.3.2020,,Marketing,https://www.oregonlive...,Series B,$25,United States,28.3.2020
ThirdLove,New York City,10.0,27.3.2020,,Retail,https://www.vox.com/t...,Series B,$68,United States,2.4.2020
Bcredi,Curitiba,,27.3.2020,,Finance,https://layoffs.fyi/list/b...,Series A,,Brazil,25.4.2020
Make School,SF Bay Area,,27.3.2020,,Education,https://www.makescho...,Unkno...,,United States,16.4.2020
Pivot3,Austin,,27.3.2020,,Infrastru...,https://blocksandfiles.c...,Series H,$273,United States,28.3.2020
B8ta,SF Bay Area,250.0,26.3.2020,50%,Retail,https://www.retaildive.c...,Series C,$88,United States,30.3.2020
Fareportal,Gurugram,200.0,26.3.2020,,Travel,https://hrnxt.com/news...,Unkno...,,India,30.3.2020
Puppet,Portland,50.0,26.3.2020,10%,Infrastru...,https://www.oregonlive...,Series F,$149,United States,28.3.2020
Ecobee,Toronto,47.0,26.3.2020,10%,Energy,https://layoffs.fyi/2020/...,Series C,$149,Canada,28.3.2020
Passport,Charlotte,44.0,26.3.2020,,Transpor...,https://layoffs.fyi/2020/...,Series D,$123,United States,28.3.2020
Peerspace,SF Bay Area,41.0,26.3.2020,75%,Real Estate,https://www.peerspace....,Series B,$34,United States,31.3.2020
GoSpotCheck,Denver,23.0,26.3.2020,20%,Retail,https://businessden.co...,Series B,$47,United States,28.3.2020
Consider.co,SF Bay Area,13.0,26.3.2020,100%,Other,https://www.consider.co/,Seed,$5,United States,28.3.2020
Nativo,Los Angeles,,26.3.2020,40%,Marketing,LinkedIn,Series B,$35,United States,3.4.2020
TripActions,SF Bay Area,300.0,25.3.2020,25%,Travel,https://layoffs.fyi/2020/...,Series D,$981,United States,28.3.2020
Lyric,SF Bay Area,100.0,25.3.2020,,Real Estate,https://therealdeal.com...,Series B,$179,United States,4.7.2020
Rangle,Toronto,78.0,25.3.2020,30%,Product,https://betakit.com/ran...,Unkno...,,Canada,28.3.2020
O'Reilly Media,SF Bay Area,75.0,25.3.2020,15%,Media,https://www.businessin...,Unkno...,,United States,30.3.2020
WanderJaunt,SF Bay Area,56.0,25.3.2020,23%,Travel,https://www.nytimes.co...,Series B,$26,United States,1.4.2020
OutboundEngine,Austin,52.0,25.3.2020,28%,Marketing,https://www.bizjournal...,Series C,$48,United States,28.3.2020
Wonderschool,SF Bay Area,50.0,25.3.2020,75%,Education,https://layoffs.fyi/2020/...,Series A,$24,United States,28.3.2020
Overtime,New York City,30.0,25.3.2020,23%,Media,https://frntofficesport.c...,Series B,$35,United States,3.4.2020
Jama,Portland,12.0,25.3.2020,5%,Product,https://www.oregonlive...,Unkno...,$233,United States,28.3.2020
Element Analytics,SF Bay Area,10.0,25.3.2020,,Data,Company executive,Series A,$22,United States,18.4.2020
Clever Real Estate,St. Louis,,25.3.2020,,Real Estate,https://www.bizjournal...,Series A,$5,United States,8.4.2020
Clutter,Los Angeles,,25.3.2020,30%,Consumer,https://www.teamblind....,Series D,$296,United States,30.3.2020
Divvy Homes,SF Bay Area,,25.3.2020,8%,Real Estate,https://www.teamblind....,Series B,$180,United States,30.3.2020
Universal Standard,New York City,,25.3.2020,,Retail,https://www.modernret...,Series A,$8,United States,1.4.2020
Sonder,SF Bay Area,400.0,24.3.2020,33%,Travel,https://layoffs.fyi/2020/...,Series D,$359,United States,28.3.2020
Takl,Nashville,130.0,24.3.2020,,Consumer,https://www.bizjournal...,Unkno...,,United States,2.4.2020
Foodsby,Minneapolis,87.0,24.3.2020,67%,Food,https://www.americani...,Series B,$20,United States,28.3.2020
Zeus Living,SF Bay Area,80.0,24.3.2020,30%,Real Estate,https://layoffs.fyi/2020/...,Series B,$79,United States,28.3.2020
TravelBank,SF Bay Area,20.0,24.3.2020,,Travel,https://www.teamblind....,Series B,$35,United States,1.4.2020
Flowr,Toronto,,24.3.2020,25%,Retail,https://www.benzinga.c...,Unkno...,,Canada,28.3.2020
Peerfit,Tampa Bay,,24.3.2020,40%,HR,https://www.americani...,Unkno...,$47,United States,30.3.2020
SpotHero,Chicago,,24.3.2020,,Transpor...,https://americaninno.c...,Series D,$117,United States,28.3.2020
Compass,New York City,375.0,23.3.2020,15%,Real Estate,https://layoffs.fyi/2020/...,Series G,"$1,600",United States,28.3.2020
Convene,New York City,150.0,23.3.2020,18%,Real Estate,https://layoffs.fyi/2020/...,Series D,$280,United States,28.3.2020
Leafly,Seattle,91.0,23.3.2020,50%,Retail,https://www.geekwire.c...,Acquir...,$2,United States,28.3.2020
The Guild,Austin,38.0,23.3.2020,22%,Travel,https://www.americani...,Series B,$36,United States,28.3.2020
Drip,Salt Lake City,20.0,23.3.2020,,Marketing,LinkedIn,Acquir...,$0,United States,1.4.2020
GrayMeta,Los Angeles,20.0,23.3.2020,40%,Data,LinkedIn,Unkno...,$7,United States,1.4.2020
Triplebyte,SF Bay Area,15.0,23.3.2020,17%,Recruiting,https://layoffs.fyi/2020/...,Series B,$48,United States,28.3.2020
Ladder Life,SF Bay Area,13.0,23.3.2020,25%,Finance,LinkedIn,Series C,$94,United States,7.4.2020
Cabin,SF Bay Area,,23.3.2020,20%,Travel,https://www.theinform...,Seed,$3,United States,28.3.2020
Eight Sleep,New York City,,23.3.2020,20%,Retail,https://www.theinform...,Series C,$70,United States,28.3.2020
Zwift,Los Angeles,,23.3.2020,,Fitness,https://www.dcrainmak...,Series B,$164,United States,3.4.2020
Flywheel Sports,New York City,784.0,20.3.2020,98%,Fitness,https://stayfit305.com/...,Acquir...,$120,United States,9.4.2020
Peek,Salt Lake City,45.0,20.3.2020,,Travel,https://layoffs.fyi/2020/...,Series B,$39,United States,3.4.2020
CTO.ai,Vancouver,30.0,20.3.2020,50%,Infrastru...,LinkedIn,Seed,$7,Canada,2.4.2020
Yonder,Austin,18,20.3.2020,,Media,https://www.americani...,Series A,$16,United States,28.3.2020
Service,Los Angeles,,20.3.2020,100%,Travel,https://techcrunch.com...,Seed,$5,United States,1.4.2020
Vacasa,Portland,,20.3.2020,,Travel,https://www.bizjournal...,Series C,$526,United States,28.3.2020
Bounce,Bengaluru,120,19.3.2020,,Transpor...,https://www.cqai520.co...,Series D,$214,India,28.3.2020
Ejento,SF Bay Area,84,19.3.2020,100%,Recruiting,https://layoffs.fyi/list/ej...,Unkno...,,United States,28.3.2020
Remote Year,Chicago,50,19.3.2020,50%,Travel,https://techcrunch.com...,Series B,$17,United States,28.3.2020
Lola,Boston,34,19.3.2020,,Travel,https://layoffs.fyi/2020/...,Series C,$81,United States,28.3.2020
Anyvision,Tel AvivN,,19.3.2020,,Security,https://ipvm.com/repor...,Series A,$74,Israel,30.3.2020
Popin,New York City,,19.3.2020,100%,Fitness,https://www.businessin...,Unkno...,$13,United States,7.4.2020
Tuft & Needle,Phoenix,,19.3.2020,,Retail,https://www.theverge.c...,Acquir...,$0,United States,6.4.2020
Flytedesk,Boulder,4,18.3.2020,20%,Marketing,https://businessden.co...,Seed,$4,United States,1.4.2020
Inspirato,Denver,130,16.3.2020,22%,Travel,https://businessden.co...,Series C,$79,United States,31.3.2020
Help.com,Austin,16,16.3.2020,100%,Support,LinkedIn,Seed,$6,United States,16.4.2020
Service,Los Angeles,,16.3.2020,100%,Travel,https://techcrunch.com...,Seed,$5,United States,31.8.2020
HopSkipDrive,Los Angeles,8,13.3.2020,10%,Transpor...,https://layoffs.fyi/2020/...,Unkno...,$45,United States,3.4.2020
Panda Squad,SF Bay Area,6,13.3.2020,75%,Consumer,https://twitter.com/dan...,Seed,$1,United States,17.4.2020
Tamara Mellon,Los Angeles,20,12.3.2020,40%,Retail,https://layoffs.fyi/list/ta...,Series C,$90,United States,31.3.2020
EasyPost,Salt Lake City,75,11.3.2020,,Logistics,https://www.bizjournal...,Series A,$12,United States,31.3.2020
Meta,SF Bay Area,700,,1%,Consumer,https://www.nytimes.co...,Post-I...,"$26,000",United States,25.3.2026
